timestamp,market_cycle_z,trading_above_ema_breadth_z,momentum_z,money_flow_z,prop_flow_z,composite_health,volatility,agreement,health_signal_final,market_trend_regime,vnindex_close
2016-01-05,,,,,,0,,0.0,0.0,0,569.94
2016-01-06,,,,,,0,,0.0,0.0,0,574.57
2016-01-07,,,,,,0,,0.0,0.0,0,565.36
2016-01-08,,,,,,0,,0.0,0.0,0,560.05
2016-01-11,,,,,,0,,0.0,0.0,0,557.87
2016-01-12,,,,,,0,,0.0,0.0,0,564.26
2016-01-13,,,,,,0,,0.0,0.0,0,560.37
2016-01-14,,,,,,0,,0.0,0.0,0,553.0301
2016-01-15,,,,,,0,,0.0,0.0,0,543.04
2016-01-18,,,,,,0,,0.0,0.0,0,526.37
2016-01-19,,,,,,0,,0.0,0.0,0,535.77
2016-01-20,,,,,,0,,0.0,0.0,0,529.44
2016-01-21,,,,,,0,,0.0,0.0,0,521.88
2016-01-22,,,,,,0,,0.0,0.0,1,522.24
2016-01-25,,,,,,0,,0.0,0.0,1,542.35
2016-01-26,,,,,,0,,0.0,0.0,1,537.73
2016-01-27,,,,,,0,,0.0,0.0,1,542.69
2016-01-28,,,,,,0,,0.0,0.0,1,539.47
2016-01-29,,,,,,0,,0.0,0.0,1,545.25
2016-02-01,,,,,,0,,0.0,0.0,1,540.56
2016-02-02,,,,,,0,,0.0,0.0,1,536.45
2016-02-03,,,,,,0,,0.0,0.0,1,539.07
2016-02-04,,,,,,0,,0.0,0.0,1,542.15
2016-02-05,,,,,,0,,0.0,0.0,1,544.75
2016-02-15,,,,,,0,,0.0,0.0,1,543.79
2016-02-16,,,,,,0,,0.0,0.0,1,548.05
2016-02-17,,,,,,0,,0.0,0.0,1,547.05
2016-02-18,,,,,,0,,0.0,0.0,1,552.49
2016-02-19,,,,,,0,,0.0,0.0,1,554.0301
2016-02-22,,,,,,0,,0.0,0.0,1,560.71
2016-02-23,,,,,,0,,0.0,0.0,1,561.2801
2016-02-24,,,,,,0,,0.0,0.0,1,568.04
2016-02-25,,,,,,0,,0.0,0.0,1,562.82
2016-02-26,,,,,,0,,0.0,0.0,1,566.11
2016-02-29,,,,,,0,,0.0,0.0,1,559.37
2016-03-01,,,,,,0,,0.0,0.0,1,561.56
2016-03-02,,,,,,0,,0.0,0.0,1,570.18
2016-03-03,,,,,,0,,0.0,0.0,1,570.39
2016-03-04,,,,,,0,,0.0,0.0,1,573.65
2016-03-07,,,,,,0,,0.0,0.0,1,576.2
2016-03-08,,,,,,0,,0.0,0.0,1,574.71
2016-03-09,,,,,,0,,0.0,0.0,1,571.71
2016-03-10,,,,,,0,,0.0,0.0,1,575.91
2016-03-11,,,,,,0,,0.0,0.0,1,577.26
2016-03-14,,,,,,0,,0.0,0.0,1,577.98
2016-03-15,,,,,,0,,0.0,0.0,1,574.04
2016-03-16,,,,,,0,,0.0,0.0,1,577.07
2016-03-17,,,,,,0,,0.0,0.0,1,579.26
2016-03-18,,,,,,0,,0.0,0.0,1,575.82
2016-03-21,,,,,,0,,0.0,0.0,1,572.27
2016-03-22,,,,,,0,,0.0,0.0,1,570.91
2016-03-23,,,,,,0,,0.0,0.0,1,574.71
2016-03-24,,,,,,0,,0.0,0.0,1,570.66
2016-03-25,,,,,,0,,0.0,0.0,1,572.08
2016-03-28,,,,,,0,,0.0,0.0,1,575.72
2016-03-29,,,,,,0,,0.0,0.0,1,568.2801
2016-03-30,,,,,,0,,0.0,0.0,1,569.91
2016-03-31,,,,,,0,,0.0,0.0,1,561.22
2016-04-01,,,,,,0,,0.0,0.0,1,558.43
2016-04-04,,,,,,0,,0.0,0.0,1,555.82
2016-04-05,,,,,,0,,0.0,0.0,1,560.32
2016-04-06,,,,,,0,,0.0,0.0,1,567.79
2016-04-07,,,,,,0,,0.0,0.0,1,571.6
2016-04-08,,,,,,0,,0.0,0.0,1,572.3401
2016-04-11,,,,,,0,,0.0,0.0,1,579.27
2016-04-12,,,,,,0,,0.0,0.0,1,579.8401
2016-04-13,,,,,,0,,0.0,0.0,1,578.02
2016-04-14,,,,,,0,,0.0,0.0,1,579.49
2016-04-15,,,,,,0,,0.0,0.0,1,579.86
2016-04-19,,,,,,0,,0.0,0.0,1,568.2801
2016-04-20,,,,,,0,,0.0,0.0,1,568.0301
2016-04-21,,,,,,0,,0.0,0.0,1,575.73
2016-04-22,,,,,,0,,0.0,0.0,1,592.48
2016-04-25,,,,,,0,,0.0,0.0,1,591.58
2016-04-26,,,,,,0,,0.0,0.0,1,598.48
2016-04-27,,,,,,0,,0.0,0.0,1,593.96
2016-04-28,,,,,,0,,0.0,0.0,1,591.67
2016-04-29,,,,,,0,,0.0,0.0,1,598.37
2016-05-04,,,,,,0,,0.0,0.0,1,599.07
2016-05-05,,,,,,0,,0.0,0.0,1,601.51
2016-05-06,,,,,,0,,0.0,0.0,1,606.52
2016-05-09,,,,,,0,,0.0,0.0,1,603.85
2016-05-10,,,,,,0,,0.0,0.0,1,605.05
2016-05-11,,,,,,0,,0.0,0.0,1,614.06
2016-05-12,,,,,,0,,0.0,0.0,1,612.12
2016-05-13,,,,,,0,,0.0,0.0,1,610.82
2016-05-16,,,,,,0,,0.0,0.0,1,615.7801
2016-05-17,,,,,,0,,0.0,0.0,1,624.75
2016-05-18,,,,,,0,,0.0,0.0,1,622.45
2016-05-19,,,,,,0,,0.0,0.0,1,619.2
2016-05-20,,,,,,0,,0.0,0.0,1,614.81
2016-05-23,,,,,,0,,0.0,0.0,1,611.0301
2016-05-24,,,,,,0,,0.0,0.0,1,611.62
2016-05-25,,,,,,0,,0.0,0.0,1,611.89
2016-05-26,,,,,,0,,0.0,0.0,1,604.3401
2016-05-27,,,,,,0,,0.0,0.0,1,608.11
2016-05-30,,,,,,0,,0.0,0.0,1,614.5
2016-05-31,,,,,,0,,0.0,0.0,1,618.44
2016-06-01,,,,,,0,,0.0,0.0,1,619.86
2016-06-02,,,,,,0,,0.0,0.0,1,623.37
2016-06-03,,,,,,0,,0.0,0.0,1,621.88
2016-06-06,,,,,,0,,0.0,0.0,1,620.05
2016-06-07,,,,,,0,,0.0,0.0,1,624.65
2016-06-08,,,,,,0,,0.0,0.0,1,627.87
2016-06-09,,,,,,0,,0.0,0.0,1,631.26
2016-06-10,,,,,,0,,0.0,0.0,1,629.8401
2016-06-13,,,,,,0,,0.0,0.0,1,623.58
2016-06-14,,,,,,0,,0.0,0.0,1,625.43
2016-06-15,,,,,,0,,0.0,0.0,1,627.02
2016-06-16,,,,,,0,,0.0,0.0,1,625.11
2016-06-17,,,,,,0,,0.0,0.0,1,619.25
2016-06-20,,,,,,0,,0.0,0.0,1,626.46
2016-06-21,,,,,,0,,0.0,0.0,1,628.0
2016-06-22,,,,,,0,,0.0,0.0,1,626.41
2016-06-23,,,,,,0,,0.0,0.0,1,632.27
2016-06-24,,,,,,0,,0.0,0.0,1,620.77
2016-06-27,,,,,,0,,0.0,0.0,1,621.27
2016-06-28,,,,,,0,,0.0,0.0,1,622.2
2016-06-29,,,,,,0,,0.0,0.0,1,630.12
2016-06-30,,,,,,0,,0.0,0.0,1,632.26
2016-07-01,,,,,,0,,0.0,0.0,1,640.3
2016-07-04,,,,,,0,,0.0,0.0,1,647.96
2016-07-05,,,,,,0,,0.0,0.0,1,650.88
2016-07-06,-0.32615196055085816,0.7317406091239901,0.6414739817183651,1.4652085121042553,,0.5024542284791504,,0.4,0.0,1,649.46
2016-07-07,0.056991083818854586,0.7043781461423991,1.15615657704978,1.6029986490102697,,0.7041048912042607,,0.8,1.0,1,661.12
2016-07-08,1.4685627550729363,-0.22311810284837846,1.2090115655516223,1.834920277292234,,0.8578752990136829,,0.4,1.0,1,658.68
2016-07-11,0.31355082018317015,-0.2275321374111032,0.8825067955938145,1.5889762529618627,,0.5115003462655489,,0.4,1.0,1,652.26
2016-07-12,0.13341832127737982,-0.693426749360891,0.8337550116764708,1.7349364575127477,,0.40173660822114154,,0.4,1.0,1,658.9
2016-07-13,0.40518416830518794,1.1538800347749496,1.5494003591404277,1.8564113284423276,,0.9929751781325786,,0.8,1.0,1,675.12
2016-07-14,-0.4100282635395592,1.5439538410112192,1.5839317983230499,1.3450326223301137,,0.8125779996249647,,0.4,1.0,0,666.69
2016-07-15,0.08857758281779496,1.4699503726443721,1.4079387309209492,1.3957975332220027,,0.872452843921024,,0.8,1.0,0,664.56
2016-07-18,-0.41624550997290966,1.4020004148804657,1.44553260581657,2.0379292575167987,,0.8938433536481849,,0.4,1.0,0,673.5
2016-07-19,-0.3051909604792621,0.4813938972927824,0.920221424611703,1.8216372758126824,,0.5836123274475812,,0.4,1.0,0,667.76
2016-07-20,-1.3109918538761722,-1.3056302030952451,-0.1263398148734165,1.2232564818805274,,-0.3039410779928612,,0.4,1.0,0,660.26
2016-07-21,-1.7300080121628227,-0.8456104369930421,-0.9576211847191513,1.052479716853015,,-0.49615198340440025,,0.4,1.0,0,659.57
2016-07-22,-2.4989976936488043,-0.8381303515996847,-1.7906708349235598,1.263069682834615,,-0.7729458394674869,,0.4,1.0,0,649.87
2016-07-25,-1.8404254159550055,-2.123619304835553,-2.316094346275583,1.0026191041525478,,-1.0555039925827188,,0.4,0.0,0,649.3
2016-07-26,-1.7439031499713304,-2.0468594564742513,-2.531247383668169,1.0947838917654458,,-1.0454452196696609,,0.4,0.0,0,648.5901
2016-07-27,-2.6055958547357783,-0.7256502503084081,-2.2880504170158056,1.6285194837721189,,-0.7981554076575746,,0.4,0.0,0,656.11
2016-07-28,-2.6055958547357783,-1.9814097998931888,-2.0134483153089096,2.0135139074749953,,-0.9173880124925764,,0.4,0.0,0,657.14
2016-07-29,-2.4866652421868336,-1.9189519910778765,-1.933063522033012,1.9863607314707488,,-0.8704640047653946,,0.4,0.0,0,652.23
2016-08-01,-2.381136130644817,-1.861844723419167,-1.9691746793266014,1.7508462597296726,,-0.8922618547321826,,0.4,0.0,0,648.38
2016-08-02,-2.288017442446944,-2.566360522409265,-2.4021563545566873,1.2292985561358736,,-1.2054471526554045,,0.4,0.0,0,636.05
2016-08-03,-2.205053107174229,-2.794056138945714,-2.609470372170053,1.4353563804770861,,-1.234644647562582,,0.4,0.0,0,631.61
2016-08-04,-2.130522369545468,-2.642247419169683,-2.559314415609293,1.5006880993896987,,-1.166279220986949,,0.4,0.0,0,631.94
2016-08-05,-2.0630868290835083,-2.5114248107875583,-2.4197651991698423,1.5089195164456237,,-1.0970714645190571,,0.4,0.0,0,627.39
2016-08-08,-2.0016877161135747,-2.0750711381688216,-2.238061034387548,1.4032308770010093,,-0.9823178023337871,,0.4,0.0,1,629.46
2016-08-09,-1.9454750018025482,-2.0061688029153957,-1.9032718919504343,1.715547611932197,,-0.8278736169472362,,0.4,0.0,1,637.3401
2016-08-10,-1.7289774751370215,-1.6201453344016112,-1.2788027727131086,2.021969732965544,,-0.5211911698572396,,0.4,0.0,1,648.33
2016-08-11,-0.7322016913551146,-0.9209320985706645,-0.4591103019672536,2.2741365120241097,,0.03237848402621535,,0.4,0.0,1,660.24
2016-08-12,-0.8086688033365425,-0.9108957605948913,-0.0440559474688629,1.7156562942129856,,-0.009592843437462195,,0.4,0.0,1,655.71
2016-08-15,-0.6381604450977078,-0.9011602786975189,0.2641196802626514,2.061401048197857,,0.15724000093305635,,0.0,0.0,1,659.47
2016-08-16,-0.16709774055154536,-1.2306803423063142,0.4590463022183347,1.688264321509596,,0.14990650817401424,,0.0,0.0,1,658.11
2016-08-17,0.41134869616352415,-1.2122218161298661,0.7337649813708994,1.8840615282890125,,0.36339067793871405,,0.4,0.0,1,660.51
2016-08-18,0.605063252750377,-1.1944930411179124,0.8020469799526018,1.9258119990716926,,0.4276858381313518,,0.4,0.0,1,660.65
2016-08-19,0.6871782176486321,-0.8374999497428453,0.9101241124216685,1.7624269997940951,,0.5044458760243101,,0.4,0.0,1,662.2801
2016-08-22,1.016330999615904,-1.5079446323973629,0.7673668413240436,1.5741045567507495,,0.3699715530586668,,0.4,0.0,1,657.68
2016-08-23,1.2049663652761555,-1.1435084755323517,0.658502144436295,1.666168592354875,,0.4772257253069948,,0.4,0.0,1,659.16
2016-08-24,0.7555789935036769,-1.464479956384445,0.5115157778701342,1.4144089492122232,,0.24340475284031787,,0.4,0.0,1,660.77
2016-08-25,0.6194027422856472,-1.4377911162277932,0.362573275622495,1.658639565072154,,0.24056489335050063,,0.4,0.0,1,658.5
2016-08-26,1.001085083246515,-0.7391600213280616,0.5457784306454097,2.036789076193721,,0.5688985137515168,,0.4,0.0,1,667.75
2016-08-29,0.32291647583786354,-0.733040997107869,0.6023432235809323,1.6975713776527535,,0.37795801599273604,,0.4,0.0,1,669.44
2016-08-30,0.24698216970566123,-0.38157721692037955,0.7599672936198485,1.8075745457323613,,0.4865893584274983,,0.4,0.0,1,672.67
2016-08-31,0.4816628501709333,-0.3800529190378424,0.8248834721127417,1.9647953208936286,,0.5782577448278923,,0.4,0.0,1,674.63
2016-09-01,0.6763397745795541,-1.076908380912296,0.6055092580173655,1.693824318944214,,0.3797529941257676,,0.4,0.0,1,669.19
2016-09-05,0.5940244163906827,-1.0641539175379446,0.22697015660630812,1.3970163040624437,,0.23077139190429796,,0.4,0.0,1,664.55
2016-09-06,0.7141567470551643,-1.3968220516758225,0.011480057453743343,1.0165046868230598,,0.069063887931229,,0.4,0.0,1,663.9
2016-09-07,0.46541371324805275,-1.02980651548975,-0.16971849596442962,1.1187883748841123,,0.07693541533559708,,0.0,0.0,1,661.2801
2016-09-08,0.4230418451510183,-1.01836249594328,-0.11142380276406041,1.3096710161123788,,0.12058531251121135,,0.0,0.0,1,666.07
2016-09-09,0.49280680300996876,0.04997871218401153,-0.05201573913015924,1.2892852982332152,,0.3560110148594073,,0.4,0.0,1,666.88
2016-09-12,-0.05785095894554851,-0.6639329095601891,-0.2682764538958136,1.1639330586858267,,0.03477454725685511,,0.4,0.0,1,659.76
2016-09-13,0.1130816531224684,-0.6592059366006437,-0.3694539166993311,1.1416207853889044,,0.0452085170422796,,0.0,0.0,1,659.72
2016-09-14,-0.5184451360544527,-1.011554197967626,-0.5994607405011815,1.2497058765370659,,-0.17595083959723887,,0.4,0.0,1,656.64
2016-09-15,-0.38006123397764746,-1.3547482700594153,-0.8134981533855532,1.0789558107982515,,-0.29387036932487287,,0.4,0.0,1,656.18
2016-09-16,-0.5315082332344655,-1.3345946456527937,-1.1370689605905504,0.47155882228783097,,-0.5063226034379957,,0.4,0.0,1,651.31
2016-09-19,-0.7006423370589799,-1.315190922499091,-0.9241442327381906,0.3680438908106563,,-0.514386720297121,,0.4,0.0,1,657.89
2016-09-20,-0.24679788942182432,-1.296490128474884,-0.5686233688921973,0.8649160174418521,,-0.24939907386941068,,0.4,0.0,1,663.37
2016-09-21,-0.16669317524934288,-0.2116579998162434,-0.15326101132476957,0.7072100114803265,,0.035119565017994125,,0.4,0.0,1,668.48
2016-09-22,-0.2647280915592563,-0.21139080619431613,0.2491431864798063,0.41074631448454046,,0.03675412064215487,,0.0,0.0,1,671.38
2016-09-23,-0.3625673642860264,-0.5742980083763436,0.5210200611082865,0.8927034286368773,,0.09537162341655879,,0.0,0.0,1,674.0901
2016-09-26,0.18110112194840813,0.1601299643983595,0.6831093016761997,0.9937733333143676,,0.403622744267467,,0.8,0.0,1,677.04
2016-09-27,0.15929847825071808,0.5241586480632057,1.0117337796373578,0.9665946760567917,,0.5323571164016146,,0.8,0.0,1,684.89
2016-09-28,0.4817239095237603,1.2435584662730086,1.2832588675137862,1.067525518420251,,0.8152133523461612,,0.8,1.0,1,686.72
2016-09-29,0.5577926207233845,0.8592817752281265,1.3698294104558568,1.0349366830829663,,0.7643680978980669,,0.8,1.0,1,688.55
2016-09-30,0.733795336710335,1.2065816061286625,1.2833652879939768,1.0041171420297499,,0.8455718745725449,,0.8,1.0,1,685.73
2016-10-03,0.590047503716162,0.8240555212639874,1.018415434294355,0.6948019827476455,,0.62546408840443,,0.8,1.0,1,683.05
2016-10-04,0.15540731066068864,1.1718986906597557,0.8717104126859474,0.7330087630314549,,0.5864050354075694,,0.8,1.0,1,684.2
2016-10-05,0.1539494756945299,0.7907480717319626,0.8647425417271251,0.44081707591050023,,0.4500514330128236,,0.8,1.0,1,687.04
2016-10-06,-0.13156640097971653,1.4938514741543958,0.8465256181954904,0.24823163741236842,,0.49140846575650765,,0.4,1.0,1,687.32
2016-10-07,0.0024381754855131786,0.7491404134575841,0.47155428061352095,-0.1815731897416622,,0.2083119359629912,,0.4,1.0,1,683.95
2016-10-10,-0.13227274194309166,-1.078089340016996,-0.16939593992907306,-0.3410183229087062,,-0.34415526895957343,,0.8,1.0,1,674.19
2016-10-11,-0.05447648507077933,0.3894205730795455,-0.36528377255264327,0.14076887296444224,,0.022085837684113024,,0.0,1.0,1,682.36
2016-10-12,-0.4041597945017664,-0.34928473552353917,-0.5247589933396455,0.4441547189225501,,-0.1668097608884802,,0.4,1.0,1,682.45
2016-10-13,-0.1477179003007839,-0.3482338071432447,-0.41305342603659995,0.6050199123552941,,-0.060797044225066904,,0.4,1.0,1,685.23
2016-10-14,0.20693379142270335,0.024375158500180204,-0.31494155716920014,0.7042862955197762,,0.12413073765469193,,0.4,1.0,1,687.0
2016-10-17,-0.2893927692772552,0.022720146094770292,-0.5248729946618571,0.4183075009939372,,-0.07464762337008098,,0.0,1.0,1,680.95
2016-10-18,-0.08881127249402823,-0.3549448142975322,-0.5364177096343109,0.5151226052657659,,-0.09301023823202109,,0.4,1.0,1,682.02
2016-10-19,-0.22878243292256106,0.40182406300876883,-0.06803835253062022,0.5408595675865018,,0.12917256902841787,,0.0,1.0,1,688.89
2016-10-20,-0.6694350032653018,0.3968193210660067,0.08920238796706524,0.13556150786355722,,-0.009570357273734516,,0.4,1.0,0,686.39
2016-10-21,-0.9237783538722351,0.010919434857571811,0.11697309154203402,-0.3337471958599746,,-0.22592660466652076,,0.0,1.0,0,684.83
2016-10-24,-1.1318617064427428,0.3925478767719031,-0.13484316855495537,-0.1606343419827892,,-0.20695826804171683,,0.4,1.0,0,678.02
2016-10-25,-1.1950527341935435,0.0027691525867952287,-0.4218828801535552,-0.3609617672522263,,-0.395025645802506,,0.4,1.0,0,676.18
2016-10-26,-1.3334478705719222,-0.38649866810897626,-0.8424855864913456,-0.28643747538458064,,-0.569773920111365,,0.8,1.0,0,673.61
2016-10-27,-1.6357655361499868,-0.7741356930397706,-1.0620826086168902,-0.38608325677235866,,-0.7716134189158014,,0.8,0.0,0,676.9
2016-10-28,-1.6914154754646638,-0.3788726165693032,-0.9040852870459253,-0.4066718542443518,,-0.6762090466648488,,0.8,0.0,0,682.25
2016-10-31,-1.259209917139604,-1.1599687877634104,-1.0818974138938697,-0.3726377523586314,,-0.7747427742311032,,0.8,0.0,0,675.8
2016-11-01,-1.313905690085808,-1.1488394703340354,-1.1233739422787163,-0.21580420128081182,,-0.7603846607958743,,0.8,0.0,0,676.6
2016-11-02,-1.857337614236515,-1.9045288415832946,-1.3729578362277166,-0.6554852028133283,,-1.158061898972171,,0.8,0.0,0,671.4
2016-11-03,-1.8041600376337366,-1.8684589280524377,-1.558840007487641,-0.25143777363621256,,-1.0965793493620055,,0.8,0.0,0,667.63
2016-11-04,-2.01184943908101,-1.459508328469271,-1.5483250880708834,-0.44115564964331155,,-1.0921677010528952,,0.8,0.0,0,666.73
2016-11-07,-1.1202856942170176,-1.4408337169525676,-1.1761403496828347,-0.47494022612169207,,-0.8424399973948224,,0.8,0.0,0,674.14
2016-11-08,-0.9097733413336597,-1.044290376557408,-0.7613471715889218,-0.31211479291667393,,-0.6055051364793328,,0.8,0.0,0,676.46
2016-11-09,-1.459434037977592,-1.7886778810188582,-0.7148986489111291,-0.06008937807234452,,-0.8046199891959848,,0.8,0.0,0,670.26
2016-11-10,-0.6446958051128375,-1.0098586208515556,-0.34836648874436305,-0.29740281812989056,,-0.46006474656772933,,0.8,0.0,0,678.17
2016-11-11,-0.8515575489899802,-1.3791124540846078,-0.17956884720238975,-0.283492722059935,,-0.5387463144673825,,0.8,0.0,0,679.2
2016-11-14,-0.9655855514413911,-1.362940032629402,-0.3966212192574799,-0.4147368243492257,,-0.6279767255354998,,0.8,0.0,0,673.05
2016-11-15,-0.8481548626363581,-1.347232391320525,-0.4289252868705037,-0.26968751173225547,,-0.5788000105119285,,0.8,0.0,0,674.26
2016-11-16,-0.2700354500765299,-1.3319669088219677,-0.4319499073022057,-0.3949775050139326,,-0.4857859542429272,,0.8,0.0,0,674.6
2016-11-17,-0.39399047904576184,-1.3171224844631853,-0.4827052691977557,-0.7040383799145812,,-0.5795713225242568,,0.8,0.0,0,674.57
2016-11-18,-0.6249226105149497,-1.3026794090872253,-0.5096551819123815,-0.7398809220337961,,-0.6354276247096705,,0.8,0.0,0,673.25
2016-11-21,-0.5116383240938823,-1.2886192490656951,-0.34055995608617096,-0.4318014599399418,,-0.5145237978371381,,0.8,0.0,0,674.29
2016-11-22,-0.108598079988106,-0.5221093114031526,0.11257060403496602,-0.4706343071751089,,-0.1977542189062803,,0.4,0.0,0,681.91
2016-11-23,0.5676399712359921,-0.13841097903609248,0.5699557655082764,-0.42590754024587735,,0.11465544349245975,,0.0,0.0,0,683.16
2016-11-24,0.38096920618470387,-0.5217427767574601,0.7441803220196035,-0.5538110798705135,,0.009919134315266767,,0.0,0.0,0,678.18
2016-11-25,-0.04486865441227983,-0.9027324617051616,0.6877993943020481,-0.1905812074780854,,-0.09007658585869575,,0.4,0.0,0,675.87
2016-11-28,-0.32220889887394244,-2.025576063000693,0.11265813934958063,-0.30596708025430425,,-0.5082187805558719,,0.4,0.0,0,665.29
2016-11-29,-0.6718756133526411,-2.699135730878564,-0.47566436302810355,-0.6328058725509885,,-0.8958963159620594,,0.8,0.0,0,658.26
2016-11-30,-0.2391385593621317,-2.266412354373636,-0.5348398888787346,-0.43606826347292826,,-0.6952918132174862,,0.8,0.0,0,665.07
2016-12-01,0.08083509454779175,-1.8633202985037893,-0.3852024729986875,-0.5524617531785494,,-0.5440298860266469,,0.4,0.0,0,666.54
2016-12-02,-0.08900827243014581,-1.830345193303948,-0.3242184834629502,-0.6566379894507582,,-0.5800419877295605,,0.8,0.0,0,665.14
2016-12-05,-0.541734012505738,-2.142390493705065,-0.5687777854169178,-0.9638043663010388,,-0.843341331585752,,0.8,0.0,0,660.21
2016-12-06,-1.2290294853077472,-2.754629563917563,-0.9942337971786701,-1.3729413836744475,,-1.2701668460156856,,0.8,0.0,0,651.49
2016-12-07,-1.4477662908733293,-2.341750967409243,-1.134607905542597,-1.5059410305253265,,-1.2860132388700993,,0.8,0.0,1,653.5301
2016-12-08,-1.4566154445153545,-2.280759758928353,-0.7959773441977086,-1.3156803080071697,,-1.1698065711297172,,0.8,0.0,1,658.89
2016-12-09,-1.3754051882627378,-2.2235354124747695,-0.3767713970894316,-1.0673691134291503,,-1.008616222251218,,0.8,0.0,1,663.07
2016-12-12,-1.2799290735594921,-2.169702143932592,-0.26293303434387977,-0.7478534783834524,,-0.8920835460438833,,0.8,0.0,1,659.7
2016-12-13,-1.4709757117267528,-2.1189347446995854,-0.3019040683730447,-0.7989453078240045,,-0.9381519665246775,,0.8,0.0,1,654.66
2016-12-14,-1.3025918532280802,-1.4581246610706151,0.22316029291527523,-0.46805080140174576,,-0.6011214045570332,,0.4,0.0,1,665.14
2016-12-15,-1.1935147758616147,-1.7467892896053943,0.6359407557019637,-0.45351842670383763,,-0.5515763472937767,,0.4,0.0,1,665.92
2016-12-16,-0.8948904070956116,-0.7910265176824568,1.2884490879051487,0.41954088702442216,,0.00441461003030047,,0.0,0.0,1,675.16
2016-12-19,-0.2625373556220908,-1.40804760822589,1.735772959952612,0.5508731048473332,,0.12321222019039288,,0.0,0.0,1,674.33
2016-12-20,0.08108608294546792,-1.390523224188425,1.6369178938039073,-0.2904684364801646,,0.007402463216157118,,0.0,0.0,1,662.66
2016-12-21,0.0447736783191539,-1.373486297506269,1.751562404769332,-0.0259270012785405,,0.07938455686073528,,0.0,0.0,1,666.94
2016-12-22,-0.046067201442675225,-1.0495958157894905,1.6971547899325379,-0.3879821736656761,,0.0427019198069392,,0.4,0.0,1,664.15
2016-12-23,-0.3556487585307509,-1.0403286726699064,1.5645377086884311,-0.13357014688884644,,0.006998026119785505,,0.4,0.0,1,664.37
2016-12-26,0.37949099849445406,-0.7210177252217278,1.5100133894025678,0.14866612555769756,,0.2634305576465984,,0.4,0.0,1,662.45
2016-12-27,0.9629075832917868,0.22413636317862115,1.4279560355128225,-0.03507466501662723,,0.5159850633933206,,0.4,0.0,1,663.86
2016-12-28,0.754179130498377,-0.7218986636742669,1.423100807405217,-0.2796807623529218,,0.23514010237528105,,0.0,0.0,1,663.5
2016-12-29,0.9497817977342494,-0.7173143915657957,1.4085464349033783,-0.28640137133363125,,0.2709224939476401,,0.0,0.0,1,664.72
2016-12-30,1.0143836377203739,-0.07992761153446613,1.3941000703513537,-0.24017445037760812,,0.41767632923193065,,0.0,0.0,1,664.87
2017-01-03,1.0413155232780125,1.1870219958414683,1.7472309621472943,0.22667586905040102,,0.8404488700634354,,0.8,1.0,1,672.01
2017-01-04,1.697385063400849,1.1724871301341615,1.9116720724491683,0.1762148949603406,,0.9915518321889039,,0.8,1.0,1,674.7
2017-01-05,1.062097156568299,1.4723921811760157,1.9545224098782272,0.24437911384219024,,0.9466781722929465,,0.8,1.0,1,675.81
2017-01-06,0.8342056629478057,2.064410376354949,2.1910663186432915,0.054858481224086895,,1.0289081678340266,,0.8,1.0,1,679.8
2017-01-09,1.0621835522034146,2.0155390068051444,2.3355852221546596,-0.157831225055374,,1.051095311221569,,0.4,1.0,1,682.57
2017-01-10,1.224956448060975,2.20357449414349,2.3060237571657902,-0.012360425800935266,,1.144438854713864,,0.4,1.0,1,681.07
2017-01-11,1.4385663932961306,1.9154219851423273,2.3103240278272645,0.28072167856960345,,1.1890068169670653,,0.8,1.0,1,687.16
2017-01-12,1.148308049805863,1.8761168502167307,2.0217767457462217,0.37818977129469944,,1.084878283412703,,0.8,1.0,1,686.96
2017-01-13,1.3048428246622863,1.8415947721755683,1.43325876159292,0.006050242786874835,,0.9171493202435299,,0.8,1.0,1,685.06
2017-01-16,1.1535135723069714,1.2230638662418725,0.7609066896371885,-0.19091289830006067,,0.5893142459771943,,0.4,1.0,1,677.94
2017-01-17,0.6831144627371767,1.504673507642378,0.7985997102843153,-0.06740273981916028,,0.583796988168942,,0.4,1.0,1,684.71
2017-01-18,0.37102616786207293,0.5867955922962698,0.6550731319908838,-0.23501300335194442,,0.2755763777594564,,0.4,1.0,1,683.2801
2017-01-19,0.29187817306348585,0.27282411520423533,0.4731007075682093,-0.7494052050236847,,0.05767955816244916,,0.4,1.0,1,682.31
2017-01-20,0.5985717044184167,0.26506671131087867,0.39246412223711485,-0.7572346677310396,,0.09977357404707413,,0.4,1.0,1,686.26
2017-01-23,0.24708199949286924,-0.05688696713674847,0.3104227470005496,-0.6819418038669868,,-0.03626480490206327,,0.0,1.0,1,687.15
2017-01-24,0.5744359686886991,0.5697149707194131,0.4606620384652111,-0.4614557624939066,,0.22867144307588333,,0.4,1.0,1,691.36
2017-01-25,0.8779883775255224,1.5047905099505179,0.6638540334491573,-0.10804457994144732,,0.58771766819675,,0.4,1.0,1,697.2801
2017-02-02,0.926721612490133,1.7858736186510564,0.8752539881835733,0.16226380357350412,,0.7500226045796533,,0.8,1.0,1,703.18
2017-02-03,0.6684750203481322,2.0525184605075086,0.9286266524482838,-0.1457117059372687,,0.7007816854733312,,0.4,1.0,1,700.35
2017-02-06,0.7397646178808556,2.002424141956164,0.8670202210388861,0.11618297721921148,,0.7450783916190235,,0.8,1.0,1,700.04
2017-02-07,0.6374795603349878,1.957508499447706,0.7341972483226373,0.12377896925612825,,0.6905928554722919,,0.8,1.0,1,701.91
2017-02-08,0.957534876055701,1.9147534518985923,0.5011070811529194,0.08300407773030032,,0.6912798973675026,,0.8,1.0,1,702.04
2017-02-09,1.0799195062341547,1.8739958607184735,0.22388189352019908,-0.06696712051016787,,0.622166027992532,,0.4,1.0,1,700.65
2017-02-10,1.348020890134932,1.9541741228627516,0.056601955134694924,0.007693577215756059,,0.673298109069627,,0.8,1.0,1,703.7801
2017-02-13,1.6576195152369337,1.9323785680936354,-0.06086859684883201,0.19376137571766777,,0.744578172439881,,0.4,1.0,1,705.9
2017-02-14,1.5874505635397254,1.737443003262036,-0.22559818202230197,0.4135971526171255,,0.702578507479317,,0.4,1.0,1,706.26
2017-02-15,1.5385150989937966,1.8945096356089215,-0.21107486064152592,0.5889019683629579,,0.7621703684648302,,0.4,1.0,1,711.57
2017-02-16,1.134203675311905,1.874648399918522,-0.2973057188930127,-0.13125142223755676,,0.5160589868199715,,0.0,1.0,1,709.35
2017-02-17,1.3333217025492967,1.6104660992504511,-0.4684904029813968,0.09717634238183506,,0.5144947482400373,,0.4,1.0,1,707.83
2017-02-20,1.6584585195279455,1.3062919036590195,-0.7493288162078872,-0.09562425596289759,,0.42395947020323604,,0.0,1.0,1,710.5901
2017-02-21,1.298115539735591,1.2834633209800788,-0.8320132510589812,0.12361495782022631,,0.374636113495383,,0.4,1.0,1,716.55
2017-02-22,0.9990687862857904,1.2618699035887049,-1.0126121018223548,0.2234773979964376,,0.29436079720971564,,0.4,1.0,1,717.24
2017-02-23,0.9345132439281919,0.9717890784015216,-1.1386149950865334,0.36806419239804866,,0.2271503039282458,,0.4,1.0,1,716.87
2017-02-24,0.555814128240896,0.9626851087853424,-1.4222923414898994,0.350477489540326,,0.08933687701533301,,0.4,1.0,1,714.47
2017-02-27,0.46293971853174415,1.2218082781197133,-1.4436865855502319,0.37342713621302415,,0.12289770946284993,,0.4,1.0,1,717.44
2017-02-28,0.19399023079241182,0.6747885844674215,-1.605301019550059,0.013401153236365431,,-0.14462421021077207,,0.4,1.0,1,710.79
2017-03-01,-0.09150613915566592,0.3980187215570291,-1.6825520012304789,0.11261633741972002,,-0.25268461628187916,,0.0,1.0,1,709.52
2017-03-02,-0.19794944382164886,0.3930735791985591,-1.7279668113184141,-0.09326977042815655,,-0.3252224892739321,,0.4,1.0,1,707.51
2017-03-03,-0.3216817849585629,0.6638028700585445,-1.3789953230518257,0.12055250858929593,,-0.18326434587250962,,0.0,1.0,1,712.62
2017-03-06,-0.5869748007434727,0.6617191789126318,-1.0454941621477927,-0.5457144192977889,,-0.3032928406552845,,0.4,1.0,1,716.29
2017-03-07,-0.47596145024459713,0.6619246016525728,-0.9372777546008069,-0.4022662357252733,,-0.23071616778362092,,0.4,1.0,1,716.54
2017-03-08,-0.7220344815252587,1.2010035566725348,-0.8180509402812787,0.056436689962013224,,-0.05652903503439787,,0.0,1.0,1,716.6
2017-03-09,-0.6273078819346232,1.1860591856336904,-0.6873937384065936,-0.16160224861366987,,-0.058048936664239235,,0.4,1.0,1,715.8
2017-03-10,-0.6403823708459194,0.9040932211070424,-0.6943453322811858,-0.28950973392120394,,-0.14402884318825337,,0.4,1.0,1,712.21
2017-03-13,-0.5999004912919139,0.6270758053181169,-0.8464092646260334,-0.7009816573641585,,-0.3040431215927978,,0.4,1.0,1,710.17
2017-03-14,-0.4706409483518981,0.8904489030778682,-0.838420568340213,-0.8725686231693446,,-0.2582362473567175,,0.4,1.0,1,714.71
2017-03-15,-0.7337029992124781,0.8806440041851976,-0.9453041364639149,-0.951985253200798,,-0.3500696769383987,,0.4,1.0,1,713.14
2017-03-16,-0.2570813640759921,0.8695553376872514,-0.9260957547042898,-0.9084262514149167,,-0.24440960650158947,,0.4,1.0,1,714.92
2017-03-17,0.00034008472959786096,0.8586287168473665,-0.8402887238864749,-1.0613777153336446,,-0.208539527528631,,0.0,1.0,1,710.54
2017-03-20,0.27645662469974985,1.1126137240559633,-0.2976463015387505,-0.9106452062742273,,0.03615576818854707,,0.0,1.0,1,715.07
2017-03-21,0.43971302592647893,1.0961011377491587,0.23888281439999642,-1.165607345224606,,0.12181792657020565,,0.4,1.0,1,716.18
2017-03-22,0.07140309214118656,1.07992910700111,0.3733884715634261,-1.61274984931572,,-0.017605835721999474,,0.4,1.0,1,712.94
2017-03-23,0.3081740226509986,1.0624669900204824,0.7751846812411597,-1.1150513129364004,,0.20615487619524808,,0.4,1.0,1,719.56
2017-03-24,0.5617343579266711,1.3039349478269697,1.3098993832417916,-0.6512879834643757,,0.5048561411062114,,0.4,1.0,1,722.14
2017-03-27,0.5745749174373064,1.0245807748735345,1.611269170560714,-0.722614876257087,,0.4975619973228935,,0.4,1.0,1,723.52
2017-03-28,0.6227322899797225,0.7502157121926236,1.3439715683753604,-1.0063141631066232,,0.3421210814882167,,0.4,1.0,1,719.26
2017-03-29,0.5790491657894398,0.9976051982817827,1.1576097522066842,-1.0041434485160303,,0.34602413355237527,,0.4,1.0,1,720.47
2017-03-30,0.27899863701902217,0.7244551061348102,1.0701795514868284,-0.7633429022987136,,0.2620580784683894,,0.4,1.0,1,723.86
2017-03-31,0.1455034960379682,0.7133744569371536,0.8320357424914285,-0.8981932589531334,,0.1585440873026834,,0.4,1.0,1,722.31
2017-04-03,-0.15763100636465438,0.7040166846197924,0.775461399724357,-0.43869232848546563,,0.17663094989880584,,0.0,1.0,1,722.38
2017-04-04,-0.2384499713668341,0.43286566314928476,0.7765220342175732,-0.7143256868929807,,0.05132240782140862,,0.0,1.0,1,724.14
2017-04-05,0.0025581380926321317,0.6884758044035731,0.45314482172718307,-0.810757042335271,,0.06668434437762344,,0.4,1.0,1,723.22
2017-04-07,-0.7211982623710098,0.941086934173694,0.4501801001785516,-0.18838696012769196,,0.09633636237070876,,0.0,1.0,1,727.95
2017-04-10,-0.7146256511743403,0.6611149227965929,0.5401994550824443,0.015573288858258717,,0.10045240311259114,,0.4,1.0,1,729.87
2017-04-11,-0.653764592205993,1.1695040240652872,0.6327008919260372,0.09305191651293483,,0.24829844805965326,,0.4,1.0,1,731.33
2017-04-12,-0.6177645090539308,0.10147256979442996,0.401173921657649,0.08703451079288702,,-0.0056167013617929445,,0.4,1.0,1,725.58
2017-04-13,-0.6574209107374566,0.09674280194544121,0.2661084321405243,-0.3380998425074239,,-0.126533903831783,,0.0,1.0,1,724.35
2017-04-14,-1.2876507058117477,-0.17329749794262067,-0.24134149721776868,-0.6439659826742953,,-0.46925113672928653,,0.8,1.0,1,718.45
2017-04-17,-1.2614422440014157,-0.9682806734485451,-1.0955949137724166,-0.5438379116217033,,-0.7738311485688162,,0.8,0.0,1,710.83
2017-04-18,-1.071670568849216,-0.7027878091661997,-1.3248366714481874,-0.14335815154678444,,-0.6485306402020776,,0.8,0.0,1,714.93
2017-04-19,-0.713891461708576,-0.44176524560406233,-1.3776804760070995,-0.2915282692277817,,-0.564973090509504,,0.8,0.0,1,716.77
2017-04-20,-0.8037968024108757,-0.7139779665847424,-1.5782221256618736,-0.6215830323276578,,-0.74351598539703,,0.8,0.0,1,712.66
2017-04-21,-1.0614878725967327,-0.7197375902684932,-1.6708126457254808,-0.5102353612916565,,-0.7924546939764727,,0.8,0.0,1,712.41
2017-04-24,-1.050257634626984,-1.2489837083945032,-1.9707652197114003,-0.6551010507295514,,-0.9850215226924878,,0.8,0.0,1,709.39
2017-04-25,-1.1084400327976331,-0.9756322818445887,-2.117265424232347,-0.7710362504570744,,-0.9944747978663288,,0.8,0.0,1,707.58
2017-04-26,-0.5662387105945336,-0.963633710228506,-1.9794747484752964,-0.5906505530343129,,-0.8199995444665298,,0.8,0.0,1,710.04
2017-04-27,-0.47918837588523444,-0.1587572607161354,-1.5507692257222503,-0.5775131843428275,,-0.5532456093332896,,0.8,0.0,1,716.5301
2017-04-28,-0.1654633017599967,-0.689399460754496,-1.2242847452294379,0.14800428470591198,,-0.38622864460760375,,0.4,0.0,1,717.73
2017-05-03,0.5117922902716234,-0.6852130305428771,-0.7270788151358217,0.22952615510370292,,-0.13419468006067448,,0.0,0.0,1,719.54
2017-05-04,0.15007802686597305,0.11484220174343555,-0.2938603940902418,0.725248920999163,,0.13926175110366598,,0.4,0.0,1,722.02
2017-05-05,0.07590948253965968,-0.14878511979046305,-0.07450102686013334,0.5403872896954852,,0.0786021251169097,,0.0,0.0,1,720.0
2017-05-08,0.45285079704074793,-0.4107562822002391,-0.14162844096286356,0.6753346582111226,,0.11516014641775359,,0.0,0.0,1,718.86
2017-05-09,0.36197161022706675,0.39015307904442265,0.08466592101916805,0.8561596564606784,,0.33859005335026715,,0.8,0.0,1,722.11
2017-05-10,1.29033469531674,0.6554849349585342,0.34004775669922055,0.7357857533980894,,0.6043306280745169,,0.8,1.0,1,724.31
2017-05-11,0.7781185471319222,0.9159035222821487,0.49983905686489555,0.4364264025261943,,0.5260575057610322,,0.8,1.0,1,724.99
2017-05-12,0.7771254148938177,0.6443572557059636,0.48981709975842613,0.611985651060156,,0.5046570842836727,,0.8,1.0,1,725.37
2017-05-15,1.1904240309594136,0.38560777510601785,0.6275891195743629,0.6015611218638867,,0.5610364095007363,,0.8,1.0,1,725.35
2017-05-16,0.8740811126421738,0.389353606490375,0.8103472210831933,0.42930033262803385,,0.5006164545687551,,0.8,1.0,1,725.0301
2017-05-17,1.133817474969156,-0.13910050295372314,1.0888905927989103,0.4096575871963611,,0.4986530304021409,,0.4,1.0,1,727.2
2017-05-18,1.359714825721724,0.4016078622525264,1.1845330271280388,0.22260391153738146,,0.6336919253279341,,0.8,1.0,1,726.99
2017-05-19,0.8193735129036506,0.9450949022636813,1.5307700219270408,1.1634732796077494,,0.8917423433404245,,0.8,1.0,1,733.82
2017-05-22,0.8120637629655723,1.2044110364546476,2.3207828328086357,1.6533338849533021,,1.1981183034364316,,0.8,1.0,1,744.1
2017-05-23,0.8069638947112358,1.1937955799180946,2.3961874772438834,1.0842195643970067,,1.0962333032540441,,0.8,1.0,1,740.93
2017-05-24,0.8281187981286745,0.915214388985936,2.3961874772438834,1.7849764408975048,,1.1848994210511998,,0.8,1.0,1,742.74
2017-05-25,1.0721409577017542,0.6455830604143596,2.366588769859332,1.2246743535173616,,1.0617974282985616,,0.8,1.0,1,741.91
2017-05-26,1.2252193471858563,1.163390657776784,2.03589788866498,1.3621935807255432,,1.1573402948706328,,0.8,1.0,1,743.41
2017-05-29,1.095160525541823,1.1418241713953772,1.821880828032824,1.3573210548415302,,1.083237315962311,,0.8,1.0,1,746.25
2017-05-30,0.955491237289754,0.6133090697207503,1.2139775934870254,0.4435235816518682,,0.6452602964298797,,0.8,1.0,1,738.21
2017-05-31,0.7703897908494499,0.6132462670681889,0.7719267625695283,0.6539760043637269,,0.5619077649701788,,0.8,1.0,1,737.82
2017-06-01,0.9890373050634027,0.8713630600402212,0.5191733059547284,0.5231881082280182,,0.580552355857274,,0.8,1.0,1,741.8
2017-06-02,0.8905573998873897,0.6092197986095477,0.25747870189165833,0.572570886321163,,0.46596535734195177,,0.8,1.0,1,738.81
2017-06-05,0.38225231590473513,1.1228457966860288,0.19892058373107993,1.3244041125071147,,0.6056845617657918,,0.8,1.0,1,743.49
2017-06-06,0.8495212322230314,1.1126948401380776,0.5041599330897555,1.6422986052768869,,0.8217349221455503,,0.8,1.0,1,751.31
2017-06-07,0.5055962300989125,0.8425812122337188,0.816825670855679,1.341287509605537,,0.7012581245587696,,0.8,1.0,1,753.46
2017-06-08,0.5318892470622337,1.0848378803495076,0.8205189564201893,1.4529253143249152,,0.7780342796313693,,0.8,1.0,1,750.13
2017-06-09,0.25699478440534856,0.8235431685670463,0.7228098005224081,1.6210097316675143,,0.6848714970324634,,0.8,1.0,1,749.72
2017-06-12,-0.25951809354942185,0.8160801826690041,0.5004054996695283,0.9582577037137334,,0.4030450585005688,,0.4,1.0,1,751.0901
2017-06-13,0.5335894951395797,1.306981397634879,0.5067988438443867,1.2892140288039073,,0.7273167530845506,,0.8,1.0,1,756.89
2017-06-14,0.4245593097444705,1.5310307860112005,0.6900466441627409,2.035171777635059,,0.9361617035106943,,0.8,1.0,1,760.77
2017-06-15,0.35039213632098937,1.5022741675223437,0.6514608480661906,1.9508569853919482,,0.8909968274602945,,0.8,1.0,1,760.57
2017-06-16,0.3158088555476037,1.2322549607076128,0.5570321792772155,2.0798588364195405,,0.8369909663903945,,0.8,1.0,1,761.24
2017-06-19,0.5718162805718133,1.4462304963687058,0.7853790494442225,2.6558232207672456,,1.0918498094303974,,0.8,1.0,1,766.83
2017-06-20,0.8766045183263609,1.4171224150374606,1.0286835005698547,2.369937357873768,,1.1384695583614888,,0.8,1.0,1,767.99
2017-06-21,0.45734515196941766,1.1541693363568108,0.97887403005454,2.4683446222094747,,1.0117466281180487,,0.8,1.0,1,767.41
2017-06-22,0.25005176002412155,1.1346842337787526,0.6378234727029529,1.976827621906078,,0.7998774176823811,,0.8,1.0,1,766.3
2017-06-23,0.6965588943065296,1.1136342785965003,0.36447169058607515,2.36172971778049,,0.9072789162539191,,0.8,1.0,1,769.01
2017-06-26,1.3386518032974646,1.095021611109868,0.2370655616849017,2.61427665249792,,1.057003125718031,,0.8,1.0,1,772.52
2017-06-27,0.2701347947568798,1.0725168687904414,-0.24289283694363611,2.0257471655759756,,0.6251011984359321,,0.4,1.0,1,767.51
2017-06-28,0.40020328965122737,1.0506791491861958,-0.564413783320847,2.5263997606398565,,0.6825736832312865,,0.4,1.0,1,769.04
2017-06-29,0.1633000627749748,1.0300804139494248,-0.6571612612854912,1.9911170961688687,,0.5054672623215555,,0.4,1.0,1,771.75
2017-06-30,0.5988071970695596,1.0112496070207213,-0.6281319466450082,2.361978716968028,,0.6687807148826602,,0.4,1.0,1,776.47
2017-07-03,0.0902871908867545,0.9928021227747748,-0.4202185780898072,2.5598415757161974,,0.6445424622575839,,0.4,1.0,1,778.88
2017-07-04,0.08909772263032362,0.9747231686534865,-0.570694861250047,2.4582291219291292,,0.5902710303925784,,0.4,1.0,1,775.54
2017-07-05,0.031222127540960196,0.956998725315279,-0.5386314044363699,2.6064573867793035,,0.6112093670398345,,0.4,1.0,1,778.32
2017-07-06,-0.3145245761958485,0.9466085278744895,-0.37056230543497204,2.561586887069101,,0.5646217066625541,,0.0,1.0,1,782.65
2017-07-07,-0.42556013077297755,0.9363298139781614,-0.6676473432230127,2.1503995022810756,,0.39870436845264934,,0.0,1.0,1,775.73
2017-07-10,-0.7056844452663374,0.7080051913521018,-1.2882708579259479,1.5391106227387146,,0.050632102179706207,,0.0,1.0,1,766.56
2017-07-11,-0.5394861218709279,0.9150709537824301,-1.6039496084592824,1.6806458023763071,,0.09045620516570538,,0.0,1.0,1,769.36
2017-07-12,-0.25894713713713957,0.9002048535484518,-1.685925670511053,1.54643212805455,,0.10035283479096185,,0.0,1.0,1,774.17
2017-07-13,-0.44648981046129305,1.0977050391666852,-1.528727947248925,1.5669114966301962,,0.13787975561733268,,0.0,1.0,1,778.3
2017-07-14,-0.26255475352577345,0.8732974568981672,-1.5288071587179173,1.348306034709062,,0.0860483158727077,,0.0,1.0,1,777.6
2017-07-17,-0.6274348824927514,-0.20654964950855575,-2.1501858093569934,0.9960439910954794,,-0.3976252700525643,,0.4,1.0,1,768.91
2017-07-18,-0.926252509061771,-0.4162659883494273,-2.389667917635551,0.9505122503300529,,-0.5563348329433393,,0.4,1.0,1,767.49
2017-07-19,-1.0664866009434957,-0.18949993769635162,-2.318399793841492,0.9214049535676161,,-0.5305962757827447,,0.4,1.0,1,771.3
2017-07-20,-1.0882582919594406,0.03274474862219105,-2.1774426700495617,1.2902977485399885,,-0.38853169296936463,,0.0,1.0,1,768.41
2017-07-21,-1.5084489217827797,-0.6273578105401535,-2.287157704360882,1.1985722289906853,,-0.6448784415386262,,0.4,1.0,1,761.86
2017-07-24,-1.2861635153153648,-0.18866245059489345,-2.2528210109134488,1.3003952757157131,,-0.4854503402215988,,0.4,1.0,1,759.74
2017-07-25,-1.509909551738783,-0.6264324349334364,-1.7304575235704638,1.7360789117464097,,-0.4261441196992547,,0.4,1.0,1,767.27
2017-07-26,-1.1815955892131396,0.46136405247525575,-1.069539030423847,1.7145011469715707,,-0.015053884038031984,,0.0,1.0,1,773.88
2017-07-27,-1.0645609715060234,0.23149187133735066,-0.7165453622563684,1.6205320809171835,,0.014183523698428457,,0.0,1.0,1,771.5
2017-07-28,-0.9497973152185074,0.44385845406685465,-0.16282649556180087,1.2911179036901985,,0.12447050939534898,,0.0,1.0,1,777.0901
2017-07-31,-0.41428896090013356,1.0809618868851951,0.5989540737755961,1.3411576032287342,,0.5213569205978783,,0.4,1.0,1,783.55
2017-08-01,-0.3552955273746701,1.058029818758429,1.0377143598055505,1.6094144197842077,,0.6699726141947034,,0.4,1.0,1,786.81
2017-08-02,-0.4944990550846256,0.8219873312633046,1.169389262952431,1.4881822451307112,,0.5970119568523642,,0.4,1.0,1,786.23
2017-08-03,-0.7606610682324804,1.0196318659567254,1.2063806601464448,1.9282373450744719,,0.6787177605890324,,0.4,1.0,1,788.49
2017-08-04,0.08240399042118887,0.7860668359126469,1.211188527940927,1.8557311881765353,,0.7870781084902596,,0.8,1.0,1,788.68
2017-08-07,0.6181840959100189,0.9874296459707609,1.339012357943827,1.9459270062438192,,0.9781106212136852,,0.8,1.0,1,792.98
2017-08-08,0.4997106025679902,0.5331968946741259,1.1666276863764922,2.0960480525673666,,0.8591166472371949,,0.8,1.0,1,791.57
2017-08-09,-0.18737884907618885,-0.5889576717127035,0.13885295896008243,1.734124284837115,,0.21932814460166106,,0.0,1.0,1,773.66
2017-08-10,-0.7202418443726587,-0.3762164512414711,-0.5315911477933014,1.7797424255008372,,0.030338596418681252,,0.4,1.0,1,773.43
2017-08-11,-0.9121869072399461,-0.38523625032073683,-0.9587769232484205,1.7788028004872132,,-0.09547945606437808,,0.4,1.0,1,772.08
2017-08-14,-0.37198594412303654,-0.3899955361019647,-0.8338962398257757,1.932488613362146,,0.0673221786622738,,0.4,1.0,1,776.17
2017-08-15,-0.5937150432340933,-0.6203785339354915,-0.9900253266592988,1.2502044130437453,,-0.1907828981570277,,0.4,1.0,1,771.06
2017-08-16,-0.4789079478338786,-0.3975104868399237,-0.9685651007771163,1.2934782558938,,-0.1103010559114237,,0.4,1.0,1,773.57
2017-08-17,-1.1398406087520805,-0.857334994778078,-1.2751821825828564,1.9965036350030565,,-0.25517083022199166,,0.4,1.0,1,767.5901
2017-08-18,-1.5645380263839248,-0.634394020274506,-1.3901225199973555,2.075307361575176,,-0.302749441016122,,0.4,1.0,1,768.97
2017-08-21,-1.5356735296806057,-0.6399496888268319,-1.4487590504146692,2.0589959079435416,,-0.31307727219571313,,0.4,1.0,1,768.79
2017-08-22,-1.7801177394489207,-0.8706158221502377,-1.7328550715298745,1.7574198230905511,,-0.5252337620076964,,0.4,1.0,1,761.26
2017-08-23,-1.2248702884093363,-0.8776082804157592,-1.6410776724762455,1.660454543291551,,-0.41662033960195805,,0.4,1.0,1,765.98
2017-08-24,-0.8149003689898694,-0.42261249470967205,-1.1991823178900636,1.7151805489811152,,-0.14430292652169796,,0.4,1.0,1,769.77
2017-08-25,-1.149802030576967,-0.2007124514900661,-0.7747688148044792,1.7114935522965984,,-0.08275794891498278,,0.4,1.0,1,771.63
2017-08-28,-1.4984657872551803,-0.2106058313988166,-0.2838532458993544,1.6643221455080397,,-0.06572054380906234,,0.4,1.0,1,777.26
2017-08-29,-1.1303025191900493,-0.4497488586747301,-0.09780247136308723,1.461098619834695,,-0.043351045878634364,,0.4,1.0,1,774.0301
2017-08-30,-0.6270553377911409,-0.6875341928822097,0.1396021280545587,1.3736406064473687,,0.039730640765715364,,0.0,1.0,1,778.65
2017-08-31,0.080807343699643,-0.22136820239648933,0.5848910890038153,1.5363447846812244,,0.3961350029976387,,0.4,1.0,1,782.76
2017-09-01,0.5304030870672445,0.007845848512182996,1.027246301527044,1.423094402528736,,0.5977179279270415,,0.8,1.0,1,788.73
2017-09-05,0.3258417357355308,0.23254676155178713,1.3766489102325192,1.421880521298817,,0.6713835857637309,,0.8,1.0,1,792.31
2017-09-06,0.75434290221694,0.4557663054461935,1.5152489321383515,1.7097135801421053,,0.8870143439887181,,0.8,1.0,1,793.55
2017-09-07,0.6188435400645366,0.20753095749116665,1.61994904131723,1.4797923299581677,,0.7852231737662203,,0.8,1.0,1,796.72
2017-09-08,1.113417842739956,0.4325673206080781,1.6681414424598329,1.409605452222364,,0.9247464116060462,,0.8,1.0,1,801.2
2017-09-11,0.5703574584549524,0.183521285621123,1.4136480090527066,0.9402706846884382,,0.6215594875634441,,0.8,1.0,1,797.47
2017-09-12,0.31454283678491524,-0.059799477717495025,1.305269706211073,1.0707860308520003,,0.5261598192260988,,0.4,1.0,1,799.94
2017-09-13,1.088002713089131,-0.06746342289247213,1.307031722101965,1.2043768643883812,,0.706389575337401,,0.4,1.0,1,802.7801
2017-09-14,0.9620823544848763,0.3997806612319551,1.3647722011460581,1.0740879510251573,,0.7601446335776093,,0.8,1.0,1,806.32
2017-09-15,0.7392077168892313,0.14948315129741876,1.198997290039839,1.0398545251686695,,0.6255085366790317,,0.8,1.0,1,805.82
2017-09-18,1.2162667486144911,0.6153930274006054,1.192975411974038,1.2381927897525709,,0.852565595548341,,0.8,1.0,1,807.87
2017-09-19,0.6669939581067419,0.3611810606605402,1.0112695638236353,1.2315841162441765,,0.6542057397670188,,0.8,1.0,1,805.93
2017-09-20,1.1869906961957362,0.5888838015314151,0.7646522543002748,1.057793868454631,,0.7196641240964115,,0.8,1.0,1,805.86
2017-09-21,0.8726768388164321,0.5740852113494672,0.5251626733991445,1.021040580490738,,0.5985930608111564,,0.8,1.0,1,803.93
2017-09-22,0.9315460586765888,0.3191788624048384,0.4368015355377865,0.8789798716485159,,0.513301265653546,,0.8,1.0,1,807.13
2017-09-25,0.9425976494690455,0.5499340542093523,0.5529402929601077,1.0006081789826624,,0.6092160351242336,,0.8,1.0,1,805.58
2017-09-26,0.90712491371747,0.2946288995453041,0.5368834894240644,1.1078942934389968,,0.5693063192251671,,0.8,1.0,1,805.35
2017-09-27,0.033331632339468384,0.5267160041664155,0.4101111169989235,0.9925852563317715,,0.39254880196731584,,0.8,1.0,1,803.77
2017-09-28,-0.07878914074695847,0.03529431952470613,0.2857885009535904,0.9162921200717982,,0.23171715996062725,,0.4,1.0,1,804.82
2017-09-29,0.5006767236998433,0.27630918572089974,0.14559245888256,0.8258368967785841,,0.3496830530163775,,0.8,1.0,1,804.42
2017-10-02,0.44496715177406754,-0.2101173304772569,-0.16328865290306374,0.8490416448388534,,0.18412056264652005,,0.0,1.0,1,802.23
2017-10-03,0.026654412606985693,-0.20790186586743364,-0.5872405080284431,0.6060745623052387,,-0.03248267979673046,,0.0,1.0,1,798.0
2017-10-04,-0.21003504524142966,0.03344345877816963,-0.5069267726291478,0.630323170939223,,-0.01063903763063695,,0.0,1.0,1,805.66
2017-10-05,-0.3069115892392913,0.274193921666834,-0.5086163582321758,0.3418499335024186,,-0.03989681846044291,,0.0,1.0,1,805.23
2017-10-06,-0.4231830416535467,0.2693746062335353,-0.33733198467815906,0.4282386178145164,,-0.012580360456730819,,0.0,1.0,1,807.8
2017-10-09,0.18955423558217022,0.2693950851411353,-0.142642954968609,0.3000055765097938,,0.12326238845289808,,0.4,1.0,1,808.96
2017-10-10,0.2099964775597317,0.503942624880961,0.07043202092196886,0.19996324988762226,,0.19686687465005676,,0.8,1.0,1,810.65
2017-10-11,-0.11602592400329038,0.48985012081435925,0.21633750414655467,0.24036619288709116,,0.16610557876894297,,0.4,1.0,1,813.95
2017-10-12,-0.6608258349168693,0.4797756838991571,0.4500876932579394,0.10909763230863491,,0.07562703490977243,,0.4,1.0,1,815.87
2017-10-13,-0.29293484743517506,0.4670554459478035,0.6883468190369635,0.21346031725376652,,0.2151855469606717,,0.4,1.0,1,820.95
2017-10-16,0.17560888575822906,0.6924442377674391,0.779664613630509,0.08780417508236023,,0.3471043824477075,,0.8,1.0,1,819.43
2017-10-17,0.3601080588726438,0.9129371638020155,1.075912223028046,0.23996904980353784,,0.5177852991012486,,0.8,1.0,1,828.29
2017-10-18,0.011787335727145656,0.8925136821363873,1.0775764687762652,0.07768521806145001,,0.41191254094024965,,0.8,1.0,1,827.72
2017-10-19,0.5993397761880945,0.6380219365853456,0.9004281865333204,0.2022797219069837,,0.4680139242427489,,0.8,1.0,1,828.93
2017-10-20,-0.5788179680822183,0.15552412183383899,0.47745845201886195,0.04485156710555317,,0.019803234575207156,,0.4,1.0,1,826.8401
2017-10-23,-0.9602042493170632,0.14954611891710778,-0.3419631883330832,-0.2022962016928402,,-0.2709835040851758,,0.4,1.0,1,820.04
2017-10-24,-0.7381214463751973,0.3767326744499068,-0.7934914079299865,-0.1925019691543529,,-0.26947642980192593,,0.4,1.0,1,825.24
2017-10-25,-0.9840110632495961,0.3678350745620503,-0.8488647634021002,0.022109537634765357,,-0.2885862428909761,,0.0,1.0,1,830.69
2017-10-26,-1.4063612765718534,0.1233957206126437,-1.033949302279867,-0.03465247214484591,,-0.4703134660767845,,0.4,1.0,1,830.11
2017-10-27,-1.4052444979524625,0.348712224390915,-0.8407104575263759,-0.18676292675963585,,-0.4168011315695119,,0.4,1.0,1,840.37
2017-10-30,-1.9646835413853383,-0.13358336859634817,-0.7048514606332077,-0.3596678654270593,,-0.6325572472083907,,0.8,0.0,1,845.2
2017-10-31,-1.8037758135989803,-0.14050879410956613,-0.9457362218877663,-0.426463332302022,,-0.6632968323796669,,0.8,0.0,1,837.2801
2017-11-01,-1.8869728636350167,-0.1508579100969608,-0.9708304998435864,-0.27712093643979846,,-0.6571564420030725,,0.8,0.0,1,842.71
2017-11-02,-2.0824167054924176,-0.8763329728211529,-1.4900833916361864,-0.5472617945518979,,-0.999218972900331,,0.8,0.0,1,833.0901
2017-11-03,-1.7559759753098507,-0.4099744882269074,-1.3581875156843157,-0.4496874509198078,,-0.7947650860281763,,0.8,0.0,1,843.73
2017-11-06,-1.3556299228078257,0.06368959629515054,-0.9969111163734999,-0.35215752342320844,,-0.5282017932618768,,0.4,0.0,1,849.09
2017-11-07,-1.4460449124296533,0.051270839366957026,-0.7224094075180678,-0.5123564101941255,,-0.525907978154978,,0.4,0.0,1,850.33
2017-11-08,-1.0213177515234135,0.03880716606649682,-0.06196122243148319,0.02326272725806863,,-0.20424181612606626,,0.0,0.0,1,859.7
2017-11-09,-1.0230192517161802,0.02734081458331394,0.30752080356795525,-0.03551655419261495,,-0.1447348375515052,,0.0,0.0,1,860.4
2017-11-10,-0.8338340785033433,0.26643621949490637,0.7480221885615214,0.4079400989398299,,0.11771288569858286,,0.4,0.0,1,868.21
2017-11-13,-0.318068114169059,-0.00023553518731960258,1.1360177250173884,0.606011941354404,,0.2847452034030828,,0.0,0.0,1,879.34
2017-11-14,0.13197394693645798,0.24342609592145278,1.4800289666334343,0.536036086297439,,0.4782930191577568,,0.8,0.0,1,880.9
2017-11-15,0.9352833167504758,0.7445957676417798,1.6145876975260867,0.5491135580392879,,0.7687160679915261,,0.8,1.0,1,882.59
2017-11-16,1.9428451748555131,0.7280630280201436,1.8689817368035813,0.8523314583510615,,1.0784442796060598,,0.8,1.0,1,892.8
2017-11-17,1.971189558272254,0.9698155576787193,1.8014637671408147,0.8706047722640265,,1.122614731071163,,0.8,1.0,1,890.69
2017-11-20,1.6294623598895153,0.6907544674756354,2.006380070061882,1.3304115951131885,,1.1314016985080444,,0.8,1.0,1,903.55
2017-11-21,1.971189558272254,1.1949862005636667,2.3961874772438834,1.0450114612740862,,1.3214749394707779,,0.8,1.0,1,918.3
2017-11-22,1.9697516033936655,1.42789344768809,2.3961874772438834,1.2216591429000216,,1.4030983342451324,,0.8,1.0,1,932.66
2017-11-23,1.9398197397552304,1.134146809952842,2.3961874772438834,1.1146215616637052,,1.3169551177231325,,0.8,1.0,1,933.7
2017-11-24,1.9364173743708983,1.1048389660662268,2.3961874772438834,1.1096017708822574,,1.3094091177126534,,0.8,1.0,1,935.57
2017-11-27,1.9654997079584327,1.3313104777325555,2.3961874772438834,1.1718084734764869,,1.3729612272822715,,0.8,1.0,1,938.61
2017-11-28,1.942255307352246,1.0458255179191585,2.3613622365612725,1.215599919502468,,1.313008596267029,,0.8,1.0,1,941.21
2017-11-29,1.8983820998583067,1.2892915294949523,2.32587925705124,1.3707928959567444,,1.3768691564722486,,0.8,1.0,1,952.14
2017-11-30,1.8006794293258206,1.2875606785776874,2.163083024258329,1.280418977191775,,1.3063484218707224,,0.8,1.0,1,949.93
2017-12-01,1.8601995784732395,1.2788787339945709,1.9853825394322446,1.376304277807704,,1.3001530259415517,,0.8,1.0,1,960.33
2017-12-04,1.5959836107325691,1.2638505234491209,1.9919308871560997,1.5151221904938423,,1.2733774423663264,,0.8,1.0,1,970.02
2017-12-05,1.4276108664963456,1.249607206400313,1.1570496951119178,0.9339035290317562,,0.9536342594080667,,0.8,1.0,0,953.3
2017-12-06,1.4329383247075038,1.2437403624204286,0.3976758569749851,1.2346332319915843,,0.8617975552189003,,0.8,1.0,0,947.64
2017-12-07,1.2918048851816926,0.9691551304353844,-0.41131246285654793,1.196382973730811,,0.609206105298268,,0.4,1.0,0,938.65
2017-12-08,1.2235118648940442,0.97486919763466,-0.9664512203858288,1.1772648776877745,,0.48183894396613003,,0.4,1.0,0,940.16
2017-12-11,0.6916118450794599,0.3579211587535435,-2.1234951127723405,0.9529620992641732,,-0.0242000019350328,,0.4,1.0,0,917.45
2017-12-12,0.6796371075515929,0.35609560854014216,-2.664046775075804,1.4260874114998425,,-0.04044532949684526,,0.4,1.0,1,927.25
2017-12-13,0.009973617432568688,-0.3287860245009505,-2.688571046909102,1.1693512670531057,,-0.36760643738487564,,0.0,1.0,1,924.4
2017-12-14,0.2664777048430725,1.0743372876751698,-2.643373828964853,1.4429312130477234,,0.028074475320222447,,0.4,1.0,1,935.85
2017-12-15,0.10696401036150806,1.0736073835435154,-2.5555889616270924,1.2887387768835776,,-0.01725575816769831,,0.4,1.0,1,935.16
2017-12-18,-0.4640622423426766,1.0846677604751154,-1.8585814809171035,1.470877108671824,,0.04658022917743182,,0.0,1.0,1,958.06
2017-12-19,-0.2507914040214917,0.6919257687831923,-1.5055930181052917,1.1611629831853976,,0.019340865968361293,,0.0,1.0,1,951.42
2017-12-20,-0.3685582993506336,1.0833194798457007,-1.1804522190546805,1.1255274099892876,,0.13196727428593483,,0.0,1.0,1,953.51
2017-12-21,-0.38809573504132283,1.089460957563826,-1.1478806819674845,0.7718524653353181,,0.06506740117806739,,0.0,1.0,1,946.06
2017-12-22,-1.1555367749897583,1.0978643881021284,-0.9752109090123415,0.785246638285174,,-0.04952733152295946,,0.0,1.0,1,952.32
2017-12-25,-1.1659638888783566,1.09733502853989,-0.7548179901006243,0.8873621530394926,,0.012783060520080325,,0.0,1.0,1,958.31
2017-12-26,-0.679963511390024,1.098482279668733,-0.45764897981778024,0.780586263396933,,0.1482912103715724,,0.0,1.0,1,965.93
2017-12-27,-0.6561173747800154,1.0908480471235258,-0.20848266073784993,0.9015052578809821,,0.22555065389732853,,0.0,1.0,1,968.46
2017-12-28,-0.6655462239824183,1.0627483565872937,0.1313827998646518,1.1086915455360369,,0.32745529560111286,,0.4,1.0,1,976.72
2017-12-29,-0.6760366925777934,1.0569181362350681,0.34536546271214813,0.9941564893074538,,0.3440806791353754,,0.4,1.0,1,984.24
2018-01-02,-0.4905870981075642,1.0523960389209432,0.9391018698507291,1.5090336252548027,,0.6019888871837822,,0.4,1.0,1,995.77
2018-01-03,0.008487242410101079,1.0317980021375943,1.341778472289434,1.3163598823913787,,0.7396847198457017,,0.8,1.0,1,1005.67
2018-01-04,0.4201558738274019,0.9987800373112692,1.7307154208833835,1.3860582293152888,,0.9071419122674687,,0.8,1.0,1,1019.75
2018-01-05,0.10957538708602364,0.9666478413824283,1.619268550907324,1.3202952907766279,,0.8031574140304808,,0.8,1.0,1,1012.65
2018-01-08,0.37478696602878575,1.3866776634513402,1.8503630955168078,1.3654790793781175,,0.9954613608750105,,0.8,1.0,1,1022.9
2018-01-09,1.4028088763111848,1.3493692010073177,2.1057252413574274,1.4973955776371715,,1.2710597792626204,,0.8,1.0,1,1033.5601
2018-01-10,1.3468481444250986,1.3131242754131771,2.11010786464204,1.4841543272802407,,1.2508469223521113,,0.8,1.0,1,1038.11
2018-01-11,1.5673078944806564,1.2833559929543124,2.098028646383688,1.4708310092372174,,1.283904708611175,,0.8,1.0,1,1048.17
2018-01-12,1.1832059177882333,1.2489094996590784,2.0865814715068045,1.4574289564153646,,1.1952251690738962,,0.8,1.0,1,1050.11
2018-01-15,1.5098980524439876,1.2154158102713344,2.072535378853491,1.44422882172256,,1.2484156126582746,,0.8,1.0,1,1063.47
2018-01-16,1.271938734790401,1.1828680141973584,2.053648796546254,1.4314857386462312,,1.187988256836049,,0.8,1.0,1,1062.96
2018-01-17,0.3024868490676736,0.7161257974217827,1.2960401928645222,1.2112328081456303,,0.7051771294999218,,0.8,1.0,1,1034.6899
2018-01-18,0.02872309331012153,0.6937695639971119,1.0181575008752544,1.4094464804726625,,0.6300193277310301,,0.8,1.0,1,1050.25
2018-01-19,0.577346249318377,0.668896181010333,0.9789821398149119,1.3977229630526675,,0.7245895066392578,,0.8,1.0,1,1062.0699
2018-01-22,0.1290773183314476,0.645992735864814,1.2781221326998322,1.3880602058295497,,0.6882504785451287,,0.8,1.0,1,1087.42
2018-01-23,1.2191148313660145,0.6234817762272589,1.9983926211014944,1.2849116040598987,,1.0251801665509332,,0.8,1.0,1,1086.51
2018-01-24,0.8486320369489229,0.60409564993952,1.975324461604754,1.1763441649327075,,0.9208792626851809,,0.8,1.0,1,1086.51
2018-01-25,-0.6385936920552555,0.5807757223367566,1.9533398189327993,0.9966281467997988,,0.5784299992028199,,0.4,1.0,1,1104.5699
2018-01-26,-0.5873870105644741,0.5606474732518733,1.9326724520094059,0.830039531402727,,0.5471944892199064,,0.4,1.0,1,1115.64
2018-01-29,-0.8074230856336893,0.5440850100974167,1.91342816341174,0.7037039250119491,,0.47075880257748337,,0.4,1.0,0,1109.8
2018-01-30,-0.44244385006660913,0.5320622108329544,1.7961357936786477,1.0224425571467632,,0.5816393423183512,,0.4,1.0,0,1110.5601
2018-01-31,-0.3515247968579461,0.5200541978014006,1.0940300345024048,0.6200356400447768,,0.37651901509812724,,0.4,1.0,0,1110.36
2018-02-01,-0.9303334415470951,0.9379727518517238,0.29064491324998415,0.23796349294243316,,0.10724954329940922,,0.4,1.0,0,1099.67
2018-02-02,-0.8753465247669405,0.4882632784509782,-0.2589079266360264,0.39712165626950807,,-0.04977390333649613,,0.0,1.0,0,1105.04
2018-02-05,-2.0504797739567047,-0.8222988606390214,-1.6835035122476807,-0.23939383053757254,,-0.9591351954761959,,0.8,0.0,0,1048.71
2018-02-06,-2.6055958547357783,-2.9509045150690256,-2.301209049075478,0.01710200560473194,,-1.56812148265511,,0.4,0.0,0,1011.6
2018-02-07,-2.6055958547357783,-0.3546699798404683,-2.268963571124073,0.08371523632688535,,-1.0291028338746868,,0.4,0.0,0,1040.55
2018-02-08,-2.589608313417848,-2.0653310794742095,-2.2383166617727306,-0.21256698961980283,,-1.421164608856918,,0.8,0.0,0,1023.25
2018-02-09,-2.5679088572435376,-2.8692347063580153,-2.2085816798714757,0.1312016240176423,,-1.5029047238910773,,0.4,0.0,0,1003.94
2018-02-12,-2.4737301371386984,-1.1557219660071687,-2.1800588629173268,0.453099513323132,,-1.0712822905480124,,0.4,0.0,1,1041.79
2018-02-13,-2.4044038818486455,-0.725869292048314,-2.1530287268058372,0.4219831559553233,,-0.9722637489494947,,0.4,0.0,1,1059.73
2018-02-21,-2.2078342813897818,0.12063360013616836,-1.4023182130970007,0.7227686815622192,,-0.5533500425576791,,0.0,0.0,1,1087.15
2018-02-22,-1.7487272249730579,-0.7340422618303298,-1.0912920817932148,0.3426421313397735,,-0.6462838874513658,,0.4,0.0,1,1076.03
2018-02-23,-1.6068532522724726,0.5317632835375988,-0.6272117953439539,0.8422553432686845,,-0.17200928416202868,,0.0,0.0,1,1102.85
2018-02-26,-0.29517818762264664,0.5126093288214127,-0.2427449324171363,0.595578612417601,,0.11405296423984618,,0.0,0.0,1,1114.53
2018-02-27,-0.2330963263759327,0.9085640358511099,0.07980917966897572,0.868085157583684,,0.3246724093455674,,0.4,0.0,1,1119.61
2018-02-28,-0.9202650810827873,0.05528106128960115,0.2658576463782054,0.9285200814331767,,0.06587874160363921,,0.4,0.0,1,1121.54
2018-03-01,-0.0704187538041059,0.04188616687288892,0.22729627003656633,0.766500544684063,,0.1930528455578825,,0.4,0.0,1,1115.79
2018-03-02,0.47773607672116297,0.027169776495084678,0.17481278944898473,0.9795397142637556,,0.33185167138579763,,0.8,0.0,1,1121.21
2018-03-05,0.5634494053691949,0.012578024651626106,-0.3006121260585376,0.2931898197674271,,0.1137210247459421,,0.4,0.0,1,1093.48
2018-03-06,1.3131106070640455,-0.00039405262361526293,-0.263932140583405,0.5862318349590027,,0.3270032497632056,,0.0,0.0,1,1120.29
2018-03-07,0.7183489124736656,-0.013209492191894129,-0.5214983055748651,0.5192332868050122,,0.14057488030238374,,0.0,0.0,1,1112.26
2018-03-08,0.8338129309219177,-0.025857562101249686,-0.5414060935063952,0.6544633781311697,,0.1842025306890885,,0.0,0.0,1,1124.15
2018-03-09,0.7311070385743416,-0.03401833338353957,-0.523032090308975,0.7596224234627117,,0.18673580766890774,,0.0,0.0,1,1123.41
2018-03-12,0.7736269940142406,-0.04211180077119045,-0.4747848943860004,0.45828009748733284,,0.14300207926887654,,0.0,0.0,1,1126.29
2018-03-13,0.8690392510865564,-0.05250507749345954,-0.424144758154682,0.704996099732509,,0.2194771030341848,,0.0,0.0,1,1133.3101
2018-03-14,0.6409169958493741,-0.06472621599231311,-0.39583131790683457,0.5076565218944765,,0.13760319676894062,,0.0,0.0,1,1138.09
2018-03-15,0.8637276774720767,-0.07489548781844133,-0.372629505868752,0.5659216883300374,,0.19642487442298417,,0.0,0.0,1,1138.76
2018-03-16,0.5279935823954837,-0.08496930751182874,-0.2123670889998816,0.44151744017866673,,0.134434925212488,,0.0,0.0,1,1150.1899
2018-03-19,0.7533635328498436,0.3188205902646601,-0.05034565300890707,0.5058330447580172,,0.30553430297272277,,0.4,0.0,1,1159.22
2018-03-20,-0.024553204348436684,0.30301511649005386,-0.02571864667180226,0.21191186205593326,,0.09293102550514964,,0.0,0.0,1,1159.39
2018-03-21,0.4616749551551122,-0.5355654261763741,-0.010236942093736092,0.1892014907443042,,0.021014815525861225,,0.0,0.0,1,1169.36
2018-03-22,0.0668894638479966,-0.5382238340384875,-0.017182541408850713,-0.2531452548114787,,-0.14833243328216408,,0.4,0.0,1,1172.36
2018-03-23,-0.7214632356450722,-0.5408750507524354,-0.31793117339256277,0.016553239247172374,,-0.31274324410857957,,0.4,0.0,1,1153.59
2018-03-26,0.19975734412044263,0.2809950530202613,-0.3466298895740012,-0.03698687080322971,,0.019427127352694595,,0.0,0.0,1,1171.22
2018-03-27,-0.42457608177330103,0.27086017390896816,-0.361064607727654,-0.47063441995850863,,-0.19708298711009908,,0.4,0.0,1,1171.73
2018-03-28,-0.8455487230935878,0.2578647039402863,-0.4095868830026655,-0.5409223082521677,,-0.30763864208162695,,0.4,0.0,1,1172.24
2018-03-29,-0.9393852405829141,-0.5778054463419434,-0.45030782988354384,-0.9671082536372875,,-0.5869213540891378,,0.8,0.0,1,1167.03
2018-03-30,-0.21301853300098128,0.6476065460716915,-0.40904464949543184,-0.7697440576585297,,-0.14884013881665026,,0.4,0.0,1,1174.46
2018-04-02,0.014742578070988365,-0.18893766218722194,-0.15409413748791723,-0.795541539852079,,-0.22476615229124597,,0.4,0.0,1,1196.61
2018-04-03,0.835593038930999,-0.1981808978913079,-0.1305716317913934,-0.8101364767660328,,-0.060659193503547065,,0.4,0.0,1,1188.29
2018-04-04,0.3615074150776466,-0.6158591675334146,-0.21339460098393043,-0.5192354072573772,,-0.19739635213941514,,0.4,0.0,1,1191.54
2018-04-05,-0.044787542233216134,-0.6227710069636289,-0.31715896750889916,-1.2458179778156584,,-0.4461070989042806,,0.8,0.0,1,1193.17
2018-04-06,0.725176672366876,0.18939633265550768,-0.3505308805074397,-1.1738817675216666,,-0.12196792860134452,,0.0,0.0,1,1199.96
2018-04-09,0.5058526922374005,0.17724713388847052,-0.27022210273917996,-1.1727045997710563,,-0.1519653752768731,,0.0,0.0,1,1204.33
2018-04-10,0.4325694676691903,0.16310031867113245,-0.25241331799404315,-1.4338549597004686,,-0.21811969827083783,,0.0,0.0,0,1198.12
2018-04-11,-0.4759633939644496,-0.6594482303196286,-0.663379308289125,-2.0595631787489683,,-0.7716708222644344,,0.8,0.0,0,1167.11
2018-04-12,-0.3969629781878459,-0.26072724594905905,-0.8362590709652729,-1.6207429750622517,,-0.622938454032886,,0.8,0.0,0,1173.02
2018-04-13,-0.41546656971534723,-1.9028221803378098,-1.1917771746167907,-2.043425656053384,,-1.1106983161446664,,0.8,0.0,0,1157.14
2018-04-16,-0.9569927754720767,-1.496864342276301,-1.4390716336403166,-1.9660518637065023,,-1.1717961230190395,,0.8,0.0,0,1148.49
2018-04-17,-1.1067780121800443,-1.1098263629593113,-1.4574713382233406,-2.4273339420061437,,-1.220281931073768,,0.8,0.0,0,1153.28
2018-04-18,-1.0584820874910266,-1.5510840739283642,-1.6473939541996105,-2.3132156991608444,,-1.3140351629559692,,0.8,0.0,0,1138.53
2018-04-19,-1.8273376860833301,-2.9509045150690256,-2.104501095369491,-2.9172610403096875,,-1.960000867366307,,0.8,0.0,0,1094.63
2018-04-20,-1.7530578374969519,-2.9509045150690256,-2.0859328494427984,-2.590033427554161,,-1.8759857259125874,,0.8,0.0,0,1119.86
2018-04-23,-1.8099274747146934,-2.9509045150690256,-2.068524671085545,-2.6667118576741204,,-1.8992137037086771,,0.8,0.0,0,1076.78
2018-04-24,-1.8328500268729073,-2.9509045150690256,-2.053955132721983,-2.5135355779499826,,-1.87024905052278,,0.8,0.0,0,1080.74
2018-04-26,-1.7359521589672882,-2.9509045150690256,-2.0410939604281997,-2.7164105285398388,,-1.8888722326008704,,0.8,0.0,0,1044.86
2018-04-27,-1.8696955283553172,-2.9509045150690256,-2.0274583215597892,-2.213468853491949,,-1.8123054436952162,,0.8,0.0,0,1050.26
2018-05-02,-1.9919076999424015,-2.9509045150690256,-2.0108846216883984,-2.5656752462581247,,-1.9038744165915902,,0.8,0.0,0,1029.08
2018-05-03,-2.155195852966315,-2.9509045150690256,-1.9925846912158165,-2.8913483927649866,,-1.9980066904032285,,0.8,0.0,0,1026.46
2018-05-04,-2.0930484674311143,-2.9509045150690256,-1.9721078321078167,-2.9978264949390354,,-2.0027774619093983,,0.8,0.0,0,1026.8
2018-05-07,-1.899365976286087,-2.9509045150690256,-1.4612638719401991,-2.5522291544865503,,-1.7727527035563724,,0.8,0.0,0,1062.26
2018-05-08,-1.596379986333587,-2.9509045150690256,-0.9966784405674458,-2.504618451466335,,-1.6097162786872787,,0.8,0.0,0,1060.45
2018-05-09,-1.6165421046454806,-2.9509045150690256,-0.720295575551998,-3.0,,-1.657548439053301,,0.8,0.0,0,1056.97
2018-05-10,-1.3822695850895337,-2.9509045150690256,-0.7335928354066198,-3.0,,-1.6133533871130359,,0.8,0.0,0,1028.87
2018-05-11,-1.2107129283900577,-2.9509045150690256,-0.5251413292877976,-2.8743166850102333,,-1.512215091551423,,0.8,0.0,0,1044.85
2018-05-14,-0.2155639632094431,-2.9509045150690256,-0.2200977697225831,-2.9703068252730214,,-1.2713746146548146,,0.8,0.0,0,1066.98
2018-05-15,-0.01707905752969259,-2.9509045150690256,0.08582795598279451,-2.8914310222321467,,-1.1547173277696139,,0.4,0.0,0,1073.5
2018-05-16,0.033023444753081,-2.9509045150690256,0.13766711352322064,-3.0,,-1.156042791358545,,0.0,0.0,0,1054.62
2018-05-17,0.301590127470833,-2.9509045150690256,0.05856240418662733,-2.8437097970466634,,-1.0868923560916457,,0.0,0.0,0,1030.64
2018-05-18,0.4338692478117225,-2.9509045150690256,0.08330886164418864,-3.0,,-1.086745281122623,,0.0,0.0,0,1040.54
2018-05-21,0.15095651818271363,-2.9509045150690256,-0.04406660193710162,-3.0,,-1.1688029197646828,,0.4,0.0,0,1014.98
2018-05-22,-0.6397505536265754,-2.9173712694461575,-0.3731361672219492,-3.0,,-1.3860515980589365,,0.8,0.0,0,985.91
2018-05-23,-0.4052400407348688,-2.83224864331322,-0.39155006423447797,-3.0,,-1.3258077496565135,,0.8,0.0,0,988.94
2018-05-24,-0.17172002828542013,-2.742700147856244,-0.41598192949272417,-2.8992427355758363,,-1.245928968242045,,0.8,0.0,0,985.92
2018-05-25,-0.7113524971349505,-2.7500085711913007,-0.5884815841547053,-3.0,,-1.4099685304961915,,0.8,0.0,0,963.9
2018-05-28,-1.9611351278904405,-2.6983221776844264,-1.0577240729802153,-3.0,,-1.7434362757110164,,0.8,0.0,0,931.75
2018-05-29,-1.713262048148674,-2.649291921088265,-0.9283851398228071,-2.8173802229452307,,-1.6216638664009957,,0.8,0.0,1,952.18
2018-05-30,-1.6486289072812257,-2.6024068296797824,-0.7987864043962342,-2.706321019203722,,-1.551228632112193,,0.8,0.0,1,948.5
2018-05-31,-1.213761882798203,-2.321789613400819,-0.3916952406681694,-2.3384461892561164,,-1.2531385852246615,,0.8,0.0,1,971.25
2018-06-01,-0.9905886418675092,-2.125992912617978,0.07831507061071936,-2.0515941833741693,,-1.0179721334497875,,0.4,0.0,1,992.87
2018-06-04,-0.636451476135248,-1.8026114119574246,0.6355734235358206,-1.7323376958266936,,-0.7071654320767091,,0.4,0.0,1,1013.78
2018-06-05,0.3166598918311539,-1.7726707541462756,1.045311012071669,-1.4597992052395148,,-0.3740998110965935,,0.0,0.0,1,1022.74
2018-06-06,0.5102736244064378,-1.60496212699549,1.3398294116360872,-1.4518348671266643,,-0.24133879161592584,,0.0,0.0,1,1034.5
2018-06-07,0.8025385297568848,-1.5802111740129035,1.4837607713246432,-1.654575058299021,,-0.1896973862460793,,0.0,0.0,1,1036.6899
2018-06-08,0.9643857760244289,-1.4212804169984485,1.5607973923774985,-1.317971438355661,,-0.042813737390436424,,0.0,0.0,1,1039.01
2018-06-11,1.4982935589439492,-1.2664896393718836,1.5163491247165282,-1.3917388959154107,,0.07128282967463667,,0.0,0.0,1,1039.02
2018-06-12,1.239347196316006,-1.3864536457629018,1.2777240648776236,-1.2349086359099564,,-0.020858204095845684,,0.0,0.0,0,1020.76
2018-06-13,1.5382020959455271,-1.3684778760212755,1.149287392300323,-1.183853859132903,,0.027031550618334343,,0.0,0.0,0,1030.53
2018-06-14,1.5321927535020778,-1.7452229237436603,0.8842993096188739,-1.591440889175254,,-0.1840343499595925,,0.0,0.0,0,1015.72
2018-06-15,1.4859718128535755,-1.7136260807485992,0.722239419761191,-1.6766126114758615,,-0.23640549192193885,,0.0,0.0,0,1016.51
2018-06-18,1.4787699150933804,-2.0641911787585006,0.35406396901159104,-1.747384316969798,,-0.39574832232466545,,0.0,0.0,0,987.34
2018-06-19,0.4945776809749497,-2.0153950479030858,-0.09387020492046998,-1.5069835978282264,,-0.6243342339353666,,0.4,0.0,0,962.16
2018-06-20,0.26196136730837255,-1.9691753854765337,-0.16963317367758346,-1.358386308522694,,-0.6470467000736877,,0.4,0.0,0,980.95
2018-06-21,-0.006621250520872299,-1.9248972600724805,-0.27085914438894665,-1.644264426085204,,-0.7693284162135008,,0.8,0.0,0,969.4
2018-06-22,0.35101759366528207,-1.7628870114161765,-0.1516514989644687,-1.3145288370868173,,-0.5756099507604362,,0.4,0.0,0,983.17
2018-06-25,0.45581156644313614,-1.3697931772506433,0.028244004276755164,-0.9420135230175033,,-0.3655502259096511,,0.0,0.0,0,990.52
2018-06-26,-0.09132634954418375,-1.4683434768592414,0.11468466757100687,-1.1122169265377375,,-0.5114404170740312,,0.4,0.0,0,983.02
2018-06-27,-0.17346745530430496,-1.9111480716436264,0.07489965698745363,-0.9605068715116292,,-0.5940445482944214,,0.4,0.0,0,968.91
2018-06-28,-1.163108097127546,-1.8671949860280208,-0.09890299973716021,-1.086078507319436,,-0.8430569180424328,,0.8,0.0,0,957.35
2018-06-29,-1.0517126597722328,-1.8250766990323837,-0.18130993453089003,-1.1403517720956171,,-0.8396902130862247,,0.8,0.0,0,960.78
2018-07-02,-1.359112320582947,-1.8948281052160025,-0.36084810555837926,-0.887544352562818,,-0.9004665767840294,,0.8,0.0,0,947.15
2018-07-03,-1.483867584993431,-1.8500266621925923,-0.7547681248476819,-0.6381958229829017,,-0.9453716390033213,,0.8,0.0,0,906.01
2018-07-04,-1.4102721310079003,-1.7001283138053256,-0.8999757172746603,-0.8274673224515819,,-0.9675686969078937,,0.8,0.0,0,914.99
2018-07-05,-1.6773838787889856,-1.6644842428601638,-1.1099558728196621,-0.4055706923588619,,-0.9714789373655348,,0.8,0.0,0,899.4
2018-07-06,-1.608935025788317,-1.7346928558036179,-0.9131475017431777,-0.5011475595520709,,-0.9515845885774368,,0.8,0.0,0,917.51
2018-07-09,-1.50652276574423,-1.6964618746591758,-0.7236712450373394,-0.53375197657714,,-0.8920815724035771,,0.8,0.0,0,915.12
2018-07-10,-0.9645467674399129,-1.6596904447879268,-0.5300240061467311,-0.820327714001313,,-0.7949177864751767,,0.8,0.0,0,911.12
2018-07-11,-1.2415662513532388,-1.6243779278853085,-0.5668787932259437,-0.8868996306277919,,-0.8639445206184567,,0.8,0.0,0,893.16
2018-07-12,-1.0398676370074138,-1.5902410703217946,-0.45895801875000725,-0.9566688695026873,,-0.8091471191163806,,0.8,0.0,1,898.51
2018-07-13,-1.1136433462938786,-1.5572940967460387,-0.20097387521961127,-0.8701515068939947,,-0.7484125650307046,,0.8,0.0,1,909.72
2018-07-16,-0.3730856660538601,-1.5255950805401266,0.0507676236798453,-1.1232515549910775,,-0.5942329355810438,,0.4,0.0,1,911.11
2018-07-17,0.5826667852963573,-1.3983153318447872,0.34190467714409484,-0.8062987848738425,,-0.2560085308556355,,0.0,0.0,1,921.27
2018-07-18,0.9130189931408011,-1.0863184654276574,0.7321697827882189,-0.5334858693691239,,0.005076888226447709,,0.0,0.0,1,942.39
2018-07-19,1.2857983515291538,-1.2669280963234026,0.9898809259425104,-0.3298117040299569,,0.13578789542366093,,0.0,0.0,1,943.97
2018-07-20,1.1255898616105922,-1.1533898695056326,1.1171210100538984,-0.46950418977899616,,0.12396336247597237,,0.0,0.0,1,933.39
2018-07-23,1.198085115505518,-1.231817351450052,1.1483158014282784,-0.7557835715331155,,0.07175999879012585,,0.0,0.0,1,936.74
2018-07-24,1.0405114516622684,-1.3103719345784015,1.0660175897129167,-0.7328222522773868,,0.012666970903879388,,0.0,0.0,1,934.08
2018-07-25,1.43099778380607,-1.3821180308747358,0.9235721919621984,-0.7033905222266825,,0.05381228453337003,,0.0,0.0,1,927.58
2018-07-26,1.5080112710110583,-1.3614254003410897,0.8130155929764997,-0.35773700544370957,,0.12037289164055176,,0.0,0.0,1,930.16
2018-07-27,1.4186797400874562,-1.1548579758661697,0.7909536019015619,-0.45180477531383684,,0.12059411816180232,,0.0,0.0,1,935.52
2018-07-30,1.2448585106554413,-0.7729519594846666,0.8561533896102715,-0.11363002568709554,,0.2428859830187901,,0.0,0.0,1,949.73
2018-07-31,1.5332646670217607,-0.6717214143654652,0.9038897732244228,0.1350477380518822,,0.3800961527865201,,0.4,0.0,1,956.39
2018-08-01,1.3095884822501573,-0.7532503055209924,0.8543829596810996,-0.10156605952140231,,0.2618310153777724,,0.0,0.0,1,952.77
2018-08-02,1.3615350285276309,-0.7421437601000105,0.7607352872123221,-0.0210556808131567,,0.27181417496535715,,0.0,0.0,1,953.55
2018-08-03,1.506171351363533,-0.4571305461086199,0.7205640212335187,0.07399647763030358,,0.36872026082374715,,0.4,0.0,1,959.6
2018-08-06,1.2275056822591517,-0.632694979490829,0.6458921334197113,0.15822233165496052,,0.27978503356859896,,0.4,0.0,1,960.23
2018-08-07,1.1872999251622507,-0.44024515807463904,0.5750390709721926,-0.14146790458030342,,0.23612518669590013,,0.0,0.0,1,956.79
2018-08-08,1.1998546153927925,-0.15630510943806541,0.6064854209159543,-0.0793656127734998,,0.3141338628194363,,0.0,0.0,1,966.27
2018-08-09,1.3045352412473632,-0.24445607321327603,0.6033196468236046,-0.602644046168686,,0.21215095373780113,,0.0,0.0,1,963.5
2018-08-10,1.0627554789980973,-0.05984001744209244,0.6080037894535243,-0.6669487131034847,,0.18879410758120893,,0.0,0.0,1,968.47
2018-08-13,0.930300531610981,0.30862166841858923,0.6842663815954523,-0.6555845804503797,,0.2535208002349286,,0.4,0.0,1,978.04
2018-08-14,0.7063936526250305,0.3969539861037146,0.6670379450664087,-0.7746582777841233,,0.19914546120220608,,0.4,0.0,1,978.27
2018-08-15,0.6867139698682845,0.02446423523588527,0.4970785020451832,-1.2464877177833915,,-0.007646202126807722,,0.4,0.0,1,961.37
2018-08-16,0.6897386944468201,-0.16189906181543243,0.3831525412773376,-0.9664096330237681,,-0.011083491823008551,,0.0,0.0,1,964.28
2018-08-17,0.5298006667791596,-0.1615777910978314,0.29870387082575856,-1.2122435476362057,,-0.10906336022582377,,0.0,0.0,1,968.88
2018-08-20,0.2165373282904462,-0.34754457123171006,0.21055597171347845,-1.2058320497914543,,-0.22525666420384793,,0.0,0.0,1,969.62
2018-08-21,0.32613918763529637,0.11414067783175086,0.205093810630589,-1.1035784973940308,,-0.09164096425927892,,0.4,0.0,1,979.21
2018-08-22,0.6828451058152437,0.20344961761843938,0.2062393717536644,-1.3083630088365679,,-0.04316578272984409,,0.4,0.0,1,982.15
2018-08-23,0.8479299978303393,0.38304694485345275,0.2126290123677887,-1.0757626197174066,,0.07356866706683485,,0.4,0.0,1,987.36
2018-08-24,0.9050992033658279,0.19282709232756287,0.18017767022797215,-1.049566308834786,,0.0457075314173154,,0.4,0.0,1,987.05
2018-08-27,0.598088643951111,0.5574908967547231,0.19878946165356995,-0.7934094691103031,,0.11219190664982018,,0.4,0.0,1,991.92
2018-08-28,0.7879604066713826,0.5514477128730851,0.20038404846707736,-0.9481050914388973,,0.1183374153145296,,0.4,0.0,1,995.19
2018-08-29,0.6928358700399363,0.3629081543376426,0.1597328000879377,-1.2018840239918567,,0.0027185600947320088,,0.4,0.0,1,988.17
2018-08-30,0.775731656826527,0.5407860556959445,0.19040420018398294,-0.9381742170617149,,0.11374953912894792,,0.4,0.0,1,998.07
2018-08-31,0.9166096913182783,0.35111732561224485,0.11870768331777314,-1.243462519742818,,0.02859443610109566,,0.4,0.0,1,989.54
2018-09-04,0.14267591885317196,0.07387288433140765,-0.06957028431422406,-1.3601739604527932,,-0.24263908831648753,,0.0,0.0,1,975.94
2018-09-05,-0.26896409156116935,0.07393729965154476,-0.2538363326607784,-1.4678212108119597,,-0.3833368670764726,,0.4,0.0,1,968.44
2018-09-06,-0.39511148426392395,-0.016415832829185194,-0.4433481798603411,-1.4541459752671508,,-0.46180429444412024,,0.8,0.0,1,958.19
2018-09-07,-0.6001724152721086,-0.013696042045313276,-0.4431396911241682,-1.184847369149341,,-0.4483711035181862,,0.8,0.0,1,968.9
2018-09-10,-0.4629269015855664,0.07952826720906911,-0.42607262389260825,-1.1967989717948515,,-0.4012540460127914,,0.4,0.0,1,970.34
2018-09-11,-0.277914641327541,0.1730539726594359,-0.30146604976520697,-1.0053588174679933,,-0.28233710718026106,,0.4,0.0,1,985.06
2018-09-12,-0.5319985852449454,0.08175118200981334,-0.22944605809109345,-0.8642468002775104,,-0.30878805232074724,,0.4,0.0,1,987.01
2018-09-13,-0.7364810699883108,0.17323263507673917,-0.1671385436349965,-1.0401393681736397,,-0.3541052693440416,,0.4,0.0,1,987.95
2018-09-14,-0.6079785357426424,0.26382981802927297,-0.09738969010990817,-0.987819750961611,,-0.2858716317569777,,0.4,0.0,1,991.34
2018-09-17,-0.6216589656197563,0.26427180134763967,-0.10679043403934886,-1.2961465048713823,,-0.3520648206365696,,0.4,0.0,1,987.61
2018-09-18,-0.014012672040987878,0.263606950799346,-0.08287718402409372,-0.966462244009193,,-0.1599490298549857,,0.4,0.0,1,993.49
2018-09-19,0.13382943221673926,0.3565150984594839,-0.012497096042277429,-0.9241324121246581,,-0.08925699549814249,,0.0,0.0,1,995.54
2018-09-20,0.7832162610117333,0.538203942776915,0.11356037250526106,-0.69578440482639,,0.14783923429350387,,0.4,0.0,1,1004.74
2018-09-21,0.6661295246520901,0.6274751911147447,0.2307871623853042,-0.7224452992899559,,0.16038931577243662,,0.4,0.0,1,1002.97
2018-09-24,0.8872908815016189,0.805134417424287,0.3405147729445649,-0.7927288289747776,,0.24804224857913862,,0.4,0.0,1,1011.29
2018-09-25,1.0576034699295258,0.7078695387941869,0.3728669057738351,-0.8094368777394477,,0.26578060735162,,0.4,0.0,1,1010.74
2018-09-26,1.1081676304226418,0.7035933703428262,0.35968838880536275,-1.1240422429110155,,0.20948142933196306,,0.4,0.0,1,1009.61
2018-09-27,1.2368335792507028,0.8762246116553961,0.35501781869031873,-1.3506720269015369,,0.22348079653897623,,0.4,0.0,1,1015.37
2018-09-28,0.9450673025349716,0.9566317040881387,0.3634663820071613,-1.3161385976106232,,0.18980535820392969,,0.4,0.0,1,1017.13
2018-10-01,1.1033915626120465,0.9438807408766765,0.34609838071819515,-1.5271940973468543,,0.17323531737201275,,0.4,0.0,1,1012.88
2018-10-02,0.899175802529887,0.7578533914535288,0.30498930400635055,-1.3915804304268766,,0.11408761351257796,,0.4,0.0,1,1018.79
2018-10-03,0.9924435032610368,0.8358016175298123,0.2998560611220692,-1.299833416278232,,0.16565355312693725,,0.4,0.0,1,1020.4
2018-10-04,1.1026527577463943,0.9112600580985166,0.3074866844558764,-1.0659939097269775,,0.25108111811476197,,0.4,0.0,1,1023.62
2018-10-05,0.6733635959463853,0.8133831654313564,0.13461232927733083,-1.4414021618376018,,0.035991385763494144,,0.4,0.0,0,1008.39
2018-10-08,0.7208062395257933,0.4602215796785725,-0.08738240431722336,-1.5369699501041654,,-0.08866490704340463,,0.0,0.0,0,996.12
2018-10-09,0.3754148307547941,0.3713352490929921,-0.25234044530499344,-1.7140172351118907,,-0.24392152011381962,,0.0,0.0,0,996.19
2018-10-10,-0.35698260805214405,0.2834313602455024,-0.3724979477204549,-1.7501881696215504,,-0.4392474730297294,,0.4,0.0,0,993.96
2018-10-11,-1.076646688139657,-0.7559741436418076,-0.853586170584753,-1.8910345673561795,,-0.9154483139444795,,0.8,0.0,0,945.89
2018-10-12,-0.9087081936767669,-0.4006804414926718,-0.9376177590452258,-1.7179374356019113,,-0.7929887659633152,,0.8,0.0,0,970.08
2018-10-15,-0.9896916574943287,-0.6535320071767289,-1.0939041272413583,-1.7537071975373502,,-0.8981669978899532,,0.8,0.0,0,951.64
2018-10-16,-1.01130279370484,-0.5584750524825635,-1.075312562614778,-1.6240002547391865,,-0.8538181327082737,,0.8,0.0,0,963.37
2018-10-17,-1.1268208641341164,-0.5500504853702942,-0.9505040403986547,-1.6218496756925043,,-0.849845013119114,,0.8,0.0,0,971.6
2018-10-18,-1.2797214535692014,-0.4548868316292936,-0.8919109080823494,-1.7223565744735767,,-0.8697751535508843,,0.8,0.0,0,963.47
2018-10-19,-1.1949208692724391,-0.4468736879048371,-0.8504168690268596,-1.4603460325460411,,-0.7905114917500355,,0.8,0.0,0,958.36
2018-10-22,-1.3416278979497682,-0.4395043156223293,-0.804163801051762,-1.693665648290689,,-0.8557923325829099,,0.8,0.0,0,953.51
2018-10-23,-1.383296353365708,-0.863824227798782,-0.8425706758864547,-1.8748587348610906,,-0.9929099983824071,,0.8,0.0,0,939.68
2018-10-24,-1.4768114063107514,-0.9364907058657629,-0.9377955130483622,-1.8780412472991466,,-1.0458277745048048,,0.8,0.0,0,922.73
2018-10-25,-1.3004490611617585,-1.006333862789439,-1.0005233034896732,-1.5312292920606334,,-0.9677071039003009,,0.8,0.0,0,910.17
2018-10-26,-1.4149207123915237,-0.9058608383023778,-1.028823740902384,-1.7949825919686535,,-1.028917576712988,,0.8,0.0,0,900.82
2018-10-29,-1.468495504062803,-0.8922202946384663,-1.0429365915321713,-1.6689505135230875,,-1.0145205807513058,,0.8,0.0,0,888.82
2018-10-30,-1.4895824549170522,-0.8782894577004411,-0.9673473641737879,-1.579917994410925,,-0.9830274542404414,,0.8,0.0,0,888.69
2018-10-31,-1.380281378691428,-0.6990610544229908,-0.6459956088312031,-1.5671509491763733,,-0.8584977982243991,,0.8,0.0,1,914.76
2018-11-01,-1.0956647093753409,-0.7731388011980121,-0.4829619802430176,-1.5652473158478142,,-0.783402561332837,,0.8,0.0,1,907.96
2018-11-02,-0.9565444949200399,-0.7626059376085556,-0.25213878245433574,-1.4787633180663629,,-0.6900105066098589,,0.8,0.0,1,924.86
2018-11-05,-0.7119109189682643,-0.5895307809204773,-0.06958662361576483,-1.397677968082789,,-0.5537412583174591,,0.8,0.0,1,925.53
2018-11-06,-0.555543149341083,-0.8300831617655071,0.025284749676159395,-1.4580846081021228,,-0.5636852339065108,,0.4,0.0,1,922.05
2018-11-07,-0.6989854768639407,-0.735676459464346,0.11239164268908751,-1.4494335218784096,,-0.5543407631035218,,0.4,0.0,1,922.16
2018-11-08,0.01736648964401487,-0.5610403297221055,0.21976511697321996,-1.4258470201222067,,-0.3499511486454155,,0.0,0.0,1,926.28
2018-11-09,-0.23102287362274365,-0.7982477262463161,0.17355549242197169,-1.6241598003561035,,-0.49597498156063835,,0.4,0.0,1,914.29
2018-11-12,0.009923171019264262,-0.6234830940688246,0.1814577759475927,-1.4576845078943648,,-0.37795733099926654,,0.0,0.0,1,918.12
2018-11-13,-0.0243757821244979,-0.7763034886803271,0.10324310858316983,-1.3288073930067026,,-0.40524871104567156,,0.4,0.0,1,905.38
2018-11-14,-0.11708498446897798,-0.6026303674463478,0.0010681844197354797,-1.3088966096369103,,-0.4055087554265001,,0.4,0.0,1,900.93
2018-11-15,-0.05414914445055381,-0.7548633165274299,-0.06769031795510115,-1.2372572008623448,,-0.4227919959590859,,0.8,0.0,1,897.15
2018-11-16,0.12433651480647638,-0.5806367322729414,0.007514065481285934,-1.3093572603878296,,-0.3516286824746018,,0.0,0.0,1,898.19
2018-11-19,0.22629869958841953,-0.40823503220849783,0.19845392413574395,-1.2121785563830298,,-0.23913219297347285,,0.0,0.0,1,916.06
2018-11-20,0.3096591501419002,-0.4806812622202404,0.3214022237629669,-1.249359839983031,,-0.21979594565968086,,0.0,0.0,1,919.02
2018-11-21,0.5979337851840376,-0.39006019112430357,0.4226536252191722,-1.0211400732499307,,-0.0781225707942049,,0.0,0.0,1,922.56
2018-11-22,0.5878873984516582,-0.13483322825141913,0.5177522079693567,-0.9602361527542782,,0.0021140450830635094,,0.0,0.0,1,924.42
2018-11-23,0.640305566079976,-0.37342245167789456,0.5076263737883326,-0.9756949540701927,,-0.040237093175955724,,0.0,0.0,1,917.97
2018-11-26,0.7669707334310031,-0.2814070031495788,0.4992811903509372,-0.8803229084291758,,0.020904402440637154,,0.0,0.0,1,921.03
2018-11-27,0.8194682870231043,-0.27260171016982304,0.46527548076739034,-1.032817193371079,,-0.004135027150081488,,0.0,0.0,1,923.12
2018-11-28,0.9368783526307239,-0.2632647016254823,0.48447295651453964,-0.935696303075969,,0.04447806088876244,,0.0,0.0,1,930.2
2018-11-29,0.7538181135052618,-0.25447241097392514,0.4745583397593331,-1.1075523395387947,,-0.02672965944962502,,0.0,0.0,1,926.79
2018-11-30,0.8194878542423787,-0.3295405642731826,0.4612488948692396,-1.0585940667445426,,-0.021479576381221388,,0.0,0.0,1,926.54
2018-12-03,0.7969459075398593,0.8683114781129208,0.6842999074215502,-0.8950125724757556,,0.29090894411971496,,0.4,0.0,1,951.59
2018-12-04,0.9517331099876758,1.040995716734112,0.833097629034746,-0.850932491107868,,0.39497879292973315,,0.4,0.0,1,958.84
2018-12-05,1.1459238028342296,1.0427308095248966,0.9095123349165605,-0.6867279301654491,,0.4822878034220475,,0.4,0.0,1,957.14
2018-12-06,1.016192900861367,0.9603665776841178,0.8837472650091306,-0.6706701170577427,,0.4379273252993745,,0.4,0.0,1,954.82
2018-12-07,1.3834759072007807,1.0477962542013681,0.856837522573848,-0.7039640747696658,,0.5168291218412663,,0.4,0.0,1,958.59
2018-12-10,1.3895496317945237,0.962992904933797,0.747578642955639,-0.6009609947823595,,0.4998320369803201,,0.4,0.0,1,955.89
2018-12-11,1.1985333259398105,0.8795873459614589,0.622165720676124,-0.5632086032872683,,0.42741555785802504,,0.4,0.0,1,954.58
2018-12-12,1.2557966940679766,0.793426710288576,0.575094761895796,-0.49054779981208024,,0.42675407328805365,,0.4,0.0,1,961.28
2018-12-13,1.213789396898948,0.8777213663416694,0.5053054749476358,-0.6111177422314324,,0.39713969919136416,,0.4,0.0,0,960.25
2018-12-14,1.3063926882824983,0.44952780080561405,0.3460208559399347,-0.4955701665185935,,0.32127423570189073,,0.4,0.0,0,952.04
2018-12-17,0.37476739459558295,-0.05689926865043984,0.06147814186970613,-0.5423712425429452,,-0.032604994945619206,,0.0,0.0,0,933.65
2018-12-18,0.10255386382172214,-0.3062082595894473,-0.18680097634631254,-0.38796458742814227,,-0.15568399190843601,,0.4,0.0,0,927.25
2018-12-19,0.1016649932716461,-0.38284263039354993,-0.3927034936281497,-0.3734521424950241,,-0.20946665464901554,,0.4,0.0,0,919.24
2018-12-20,0.08016789150180513,-0.5456380122352521,-0.5096138114177742,-0.1670300810439638,,-0.22842280263903703,,0.4,0.0,0,918.24
2018-12-21,0.014653412099780617,-0.3613437103963227,-0.569823001899644,-0.3281175471371857,,-0.24892616946667434,,0.4,0.0,0,912.26
2018-12-24,-0.387764002023904,-0.43824074386286493,-0.6301529607685808,-0.2625137245156385,,-0.34373428623419766,,0.8,0.0,0,908.56
2018-12-25,-0.7028147971251804,-0.60170345440271,-0.7296894605770325,-0.26366155623831455,,-0.4595738536686475,,0.8,0.0,0,897.94
2018-12-26,-0.7322235553390788,-0.5022383634186438,-0.7715342908609966,-0.24967834080164356,,-0.4511349100840726,,0.8,0.0,0,891.75
2018-12-27,-0.8542196602665733,-0.4031711994032303,-0.6466173322243028,-0.23568522426103902,,-0.4279386832310291,,0.8,0.0,0,900.81
2018-12-28,-0.9835176006438443,-0.39255691673873194,-0.5163626090951535,-0.2814355868755398,,-0.43477454267065396,,0.8,0.0,0,892.54
2019-01-02,-1.0032546773697921,-0.38195216071972776,-0.4582548535971611,-0.21723406263271994,,-0.4121391508638802,,0.8,0.0,0,891.75
2019-01-03,-1.137666433655063,-0.4603747594102318,-0.5333808473976139,-0.28309744005086046,,-0.48290389610275386,,0.8,0.0,0,878.22
2019-01-04,-1.037218075144733,-0.4491219887936498,-0.514464869878704,-0.11118758275507769,,-0.4223985033144329,,0.8,0.0,1,880.9
2019-01-07,-1.1032612023747554,-0.43788638029649096,-0.4040514234341293,-0.24124148887376554,,-0.43728809899582827,,0.8,0.0,1,889.64
2019-01-08,-1.1658700091824372,-0.42667462448597243,-0.3204699141033441,-0.14072739881999397,,-0.4107483893183495,,0.8,0.0,1,887.44
2019-01-09,-0.8068900033586572,-0.05185226582318472,-0.13545383117989512,-0.08764775473224819,,-0.2163687710187971,,0.8,0.0,1,896.99
2019-01-10,-0.1526191880198826,-0.40801523165709996,0.011373724821683159,-0.07442279334413288,,-0.12473669763988646,,0.4,0.0,1,898.3
2019-01-11,0.014059617918244954,-0.21214250226171225,0.14347428358067357,-0.1927153498144872,,-0.04946479011545618,,0.0,0.0,1,902.71
2019-01-14,-0.22917944731372436,-0.201296705195319,0.1916092776975376,-0.09047869314463304,,-0.06586911359122775,,0.4,0.0,1,901.8
2019-01-15,-0.048782674145942326,0.09154501694317954,0.2820884863357313,-0.10212224689463247,,0.04454571644766721,,0.0,0.0,1,909.68
2019-01-16,0.2911245421291057,-0.18210516022703924,0.3448611446857146,-0.17365919783139372,,0.05604426575127748,,0.0,0.0,1,908.7
2019-01-17,0.6668080649244289,-0.17115313825235876,0.3390628117066859,-0.12317297906101671,,0.14230895186354786,,0.0,0.0,1,901.89
2019-01-18,0.5665634932582436,-0.16016194948984752,0.3359519652384252,-0.14170004023864044,,0.12013069375363618,,0.0,0.0,1,902.3
2019-01-21,0.4048952998855323,0.044167077876983436,0.44937092331292344,-0.0010413886390697785,,0.17947838248727388,,0.4,0.0,1,911.05
2019-01-22,0.6098729662522417,0.05406145104645889,0.4674806364101222,0.0381822216602593,,0.23391945507381642,,0.8,0.0,1,906.55
2019-01-23,0.6763600163240858,0.06399645705076257,0.49957985756468654,0.023845439923504113,,0.25275635417260783,,0.8,0.0,1,908.18
2019-01-24,0.7171822171499618,-0.0251664086931931,0.5355970132663492,0.13279431625946064,,0.2720814275965157,,0.4,0.0,1,908.79
2019-01-25,0.6590359115357135,-0.014981734537695955,0.5600113212197492,0.19676464388445083,,0.2801660284204435,,0.4,0.0,1,908.88
2019-01-28,0.6411555841482641,0.1964208342834196,0.5965588217274103,0.268769172066338,,0.3405808824450864,,0.8,0.0,1,912.18
2019-01-29,0.580807074380664,0.5104601355433652,0.6539264435985495,0.34418452938555333,,0.4178756365816264,,0.8,0.0,1,915.93
2019-01-30,0.30452893501156003,0.41817085199776244,0.6918362400168067,0.23079615603779344,,0.32906643661278456,,0.8,0.0,1,915.84
2019-01-31,0.6366840331551069,0.6334833752643514,0.681280994871605,0.08879056282517471,,0.40804779322324763,,0.8,0.0,1,910.65
2019-02-01,0.37175657613982205,0.7461672767414738,0.670153226859357,-0.03561201239243519,,0.35049301346964357,,0.4,0.0,1,908.67
2019-02-11,0.6183328407705609,1.1684425275737358,0.8290809716425765,0.051111463998171215,,0.533393560797009,,0.8,0.0,1,926.1
2019-02-12,0.8475511666296823,1.3829810776372644,0.9741202079726454,0.18834602627067212,,0.6785996957020529,,0.8,1.0,1,937.54
2019-02-13,1.0825348234807464,1.8919429653206958,1.095614064664159,0.2707991206398412,,0.8681781948210886,,0.8,1.0,1,945.25
2019-02-14,1.1413605692364812,1.765454291645881,1.11942363729232,0.36228117783691594,,0.8777039352023197,,0.8,1.0,1,952.34
2019-02-15,1.3099988450579976,1.8319412368774852,1.0593880480422837,0.23055715378897287,,0.886377056753348,,0.8,1.0,1,950.89
2019-02-18,1.3261572903935952,1.9069548192844652,1.0619156711392341,0.44644432986780536,,0.9482944221370201,,0.8,1.0,1,961.3
2019-02-19,1.266809730118084,1.7747076401134785,0.9982745552028324,0.3029889599575766,,0.8685561770783943,,0.8,1.0,1,964.35
2019-02-20,1.4036895894397299,1.7414243411913672,0.9603435796193749,0.1346582169186183,,0.8480231454338181,,0.8,1.0,1,970.58
2019-02-21,1.2226507416399732,1.7159988136566267,0.9758359636048337,0.3294051181769656,,0.8487781274156799,,0.8,1.0,1,987.57
2019-02-22,1.251974399330436,1.6939317075625693,1.001596882481788,0.30601702622373567,,0.8507040031197058,,0.8,1.0,1,988.91
2019-02-25,1.290714282644638,1.9091170024370618,1.0138878770001978,0.2401056453717734,,0.8907649614907343,,0.8,1.0,1,994.43
2019-02-26,1.1268281998058904,1.739644359268626,0.8791619133410182,0.2589110636955623,,0.8009091072222194,,0.8,1.0,1,987.06
2019-02-27,0.9091195547063159,1.8150689239258662,0.726667082470184,0.2265307170549205,,0.7354772556314573,,0.8,1.0,1,990.27
2019-02-28,0.8189861655892849,0.7990316364898359,0.35327216114039506,-0.0959126422294619,,0.37507546419801074,,0.4,1.0,1,965.47
2019-03-01,0.8086068111508771,1.6320289322579533,0.22887792610244714,-0.09718562071557853,,0.5144656097591398,,0.4,1.0,1,979.63
2019-03-04,0.8846285311268678,1.7960877181741892,0.274446640812938,0.17206056742924505,,0.6254446915086481,,0.8,1.0,1,993.99
2019-03-05,1.0059016699118726,1.6866553400324789,0.26553577589931426,0.22596091845123747,,0.6368107408589807,,0.8,1.0,1,992.45
2019-03-06,0.9084751229215123,1.669629336095284,0.24330965769414956,0.5594919625613299,,0.6761812158544552,,0.8,1.0,1,994.49
2019-03-07,0.7369723867122694,1.6529456267339682,0.2000593063997664,0.3258563631749558,,0.5831667366041919,,0.8,1.0,1,994.03
2019-03-08,0.3204375362032582,1.463279833592396,0.060321115169384376,0.27898548527474193,,0.42460479404795615,,0.8,1.0,1,985.25
2019-03-11,0.16707542503163705,1.4533736239718291,-0.06953819941312445,0.3583844943992749,,0.3818590687979233,,0.4,1.0,1,984.6
2019-03-12,0.44887271986481136,1.5295648912234932,0.022277808454338775,0.5353016273442857,,0.5072034093773858,,0.8,1.0,1,1001.32
2019-03-13,0.33894820340375725,1.6869446140732458,0.10804514292230331,0.6014167382207319,,0.5470709397240077,,0.8,1.0,1,1005.41
2019-03-14,0.508217898075363,1.5840505045020303,0.1417976374706225,0.4847585511360876,,0.5437649182368207,,0.8,1.0,1,1008.44
2019-03-15,0.23179330939584616,1.3166181366813134,0.15858676337040983,0.5310042995827504,,0.44760050180606403,,0.8,1.0,1,1004.12
2019-03-18,0.22316729638646507,1.4778087847425592,0.2027370597991065,0.7699619303151227,,0.5347350142486507,,0.8,1.0,1,1011.86
2019-03-19,0.08200444461408579,1.2151457088478261,0.09242800776002,0.6519999104178739,,0.4083156143279612,,0.8,1.0,0,1006.59
2019-03-20,0.11862608121364433,1.2942822663851126,-0.006985792872973828,0.8961468512515541,,0.46041388119546744,,0.4,1.0,0,1002.3
2019-03-21,-0.13516775371902404,0.9547435477377538,-0.2635145962911798,0.6942315194397296,,0.2500585434334559,,0.0,1.0,0,981.78
2019-03-22,-0.02159706524832526,1.041474323997084,-0.3657702444165937,0.6185729326662166,,0.25453598939967637,,0.0,1.0,0,988.71
2019-03-25,-0.5005231984493013,0.18994651133036874,-0.6728593226745614,0.6599196137541921,,-0.0647032792078604,,0.0,1.0,0,970.07
2019-03-26,-0.6737609921776945,0.28044492520253866,-0.8242248186148785,0.5728629068896884,,-0.1289355957400692,,0.0,1.0,0,969.79
2019-03-27,-0.7941046617912088,0.6269224138444403,-0.7786934823378098,0.5043513210573414,,-0.08830488184544741,,0.0,1.0,0,975.91
2019-03-28,-0.9387628322225511,0.7181245503921855,-0.6917430624860549,0.5895107693266274,,-0.06457411499795859,,0.0,1.0,0,982.98
2019-03-29,-0.8417989224837794,0.7231059695441227,-0.6197379378836602,0.3588679343344725,,-0.0759125912977689,,0.0,1.0,0,980.76
2019-04-01,-0.882392650012506,0.9854452835972058,-0.46729623700776324,0.4182214518727924,,0.010795569689945814,,0.0,1.0,0,988.53
2019-04-02,-0.9451281980502575,0.8119202548037054,-0.39207350108531913,0.10692325181607273,,-0.08367163850315969,,0.0,1.0,0,985.81
2019-04-03,-0.9891163727210346,0.7319818886323874,-0.35812737588793164,0.21068878654618303,,-0.08091461468607916,,0.0,1.0,0,984.46
2019-04-04,-0.9110482807781243,0.7348871887041639,-0.26180077440016875,0.3378060357151321,,-0.02003116615179941,,0.0,1.0,0,986.91
2019-04-05,-0.7227370248719371,0.7377591782392033,-0.18670049174637976,0.36281211281795456,,0.0382267548877682,,0.0,1.0,0,989.26
2019-04-08,-0.3090867546696912,0.9117962322289137,-0.08294808232023296,0.34862674478871253,,0.1736776280055404,,0.0,1.0,0,997.56
2019-04-09,-0.6117039289944595,0.6510249511682471,-0.096782665632964,0.2735225142696888,,0.04321217416210249,,0.0,1.0,0,988.48
2019-04-10,-0.9381112274658339,0.482122457620384,-0.18334962398500382,0.1599616226992367,,-0.09587535422624338,,0.0,1.0,0,981.91
2019-04-11,-0.7184733910254308,0.7509387512486492,-0.22472024424196366,0.06377872060868331,,-0.025695232682012376,,0.0,1.0,0,985.95
2019-04-12,-0.7187798008269546,0.4044821501997995,-0.2709296881219235,0.06865785268873147,,-0.10331389721206942,,0.0,1.0,0,982.9
2019-04-16,-0.4105500007532686,0.32016061607165214,-0.3325123931723997,0.1990990993212585,,-0.044760535706551544,,0.0,1.0,0,977.17
2019-04-17,-0.4842059171488012,0.2373912278978612,-0.392356976017891,-0.10844202698038066,,-0.14952273844984235,,0.4,1.0,0,972.1
2019-04-18,-0.6971728767971,-0.026875385439052664,-0.5109288707349676,-0.13441990968112766,,-0.2738794085304496,,0.8,1.0,0,962.3
2019-04-19,-0.6958948942458941,0.1547061614076007,-0.528883799544829,-0.028086319987903265,,-0.21963177047420512,,0.4,1.0,0,966.21
2019-04-22,-0.8142490183669784,0.07019101741208864,-0.5422799048925756,-0.024563339649933628,,-0.26218024909947985,,0.4,1.0,0,965.86
2019-04-23,-0.8336489346317932,0.07386915603877314,-0.4998398908453244,-0.1924172144051615,,-0.29040737676870115,,0.4,1.0,0,968.0
2019-04-24,-0.4517839988438503,0.15669919009828467,-0.3593382973650421,-0.2109127811105985,,-0.17306717744424124,,0.4,1.0,0,976.92
2019-04-25,-0.5592010109171018,0.24341801078366662,-0.28206220735356347,-0.42843851783610776,,-0.2052567450646213,,0.4,1.0,0,974.13
2019-04-26,-0.7332422195321942,0.5944669759397077,-0.14750754178551254,-0.29046418994983064,,-0.11534939506556594,,0.4,1.0,0,979.64
2019-05-02,-0.6986295678651877,0.4043673624147545,-0.07736849140341767,-0.12766337417296797,,-0.09985881420536377,,0.4,1.0,0,978.5
2019-05-03,-0.7294419764590422,0.3039016348574101,-0.08154222645258169,-0.2543525609645346,,-0.15228702580374967,,0.4,1.0,0,974.14
2019-05-06,-0.8959814800077079,-0.0724397582790881,-0.35609809760160765,-0.085748721559593,,-0.2820536114895994,,0.8,1.0,0,957.97
2019-05-07,-0.5489335370508158,-0.08228777908292309,-0.5348110884899477,-0.24806994106563984,,-0.2828204691378653,,0.8,1.0,0,957.56
2019-05-08,-0.782267869477815,-0.27836374762254695,-0.7437587913720097,-0.6306535615375833,,-0.48700879400199104,,0.8,1.0,0,951.22
2019-05-09,-0.6149049240050204,-0.1006304854730298,-0.94619469671156,-0.8587564510392528,,-0.5040973114457726,,0.8,1.0,0,947.01
2019-05-10,-0.6414430008715587,0.07950488407870455,-0.8940067577016344,-0.6602727194284815,,-0.42324351878459404,,0.4,1.0,0,952.55
2019-05-13,-0.49952428052919345,0.07107638888679953,-0.6709096321610858,-0.47348164122133923,,-0.3145678330049638,,0.4,1.0,0,958.54
2019-05-14,0.1308357409349046,0.3494712435338922,-0.37657655280531044,-0.11535382598947326,,-0.0023246788651973826,,0.0,1.0,0,965.34
2019-05-15,0.2043546451809356,0.436389935320249,0.029756891471516514,0.5918482145275276,,0.25246993730004574,,0.8,1.0,0,975.64
2019-05-16,0.5077592881773643,0.42635651707624306,0.21542990877317741,0.29043972489243747,,0.2879970877838445,,0.8,1.0,0,975.69
2019-05-17,0.4771480824315452,0.3190206231221681,0.3891634030512404,-0.07860751617220578,,0.2213449184865496,,0.4,1.0,0,976.48
2019-05-20,0.7357443448811856,0.606733143612876,0.5997896757423585,0.24332497388267607,,0.43711842762381925,,0.8,1.0,0,987.13
2019-05-21,1.0010938684170407,0.4972989183826965,0.7539832032307554,-0.03059531492293924,,0.4443561350215107,,0.4,1.0,0,986.29
2019-05-22,1.0255972991996591,0.587735740553263,0.7811366984415319,0.05396927522702535,,0.4896878026842959,,0.8,1.0,0,983.78
2019-05-23,1.1324635442837037,0.5774993257719907,0.7330779279125983,0.23187732052882856,,0.5349836236994243,,0.8,1.0,0,982.71
2019-05-24,0.8836305854953824,0.1587529730789568,0.4601974073200638,-0.023541557241978896,,0.29580788173048483,,0.4,1.0,0,970.03
2019-05-27,0.9863892009507257,0.35421113646122854,0.3078466062808902,-0.3547876454718687,,0.25873185964419515,,0.4,1.0,0,975.14
2019-05-28,0.8080884136618014,0.0313727453208635,0.18626125807320976,-0.4534479807143239,,0.11445488726831018,,0.4,1.0,0,972.0
2019-05-29,0.5987855361490784,0.2309818571422485,0.038618955273987336,-0.493124765562766,,0.07505231660050965,,0.4,1.0,0,971.54
2019-05-30,0.4594762436963486,0.113544190407687,-0.04811764993365001,-0.5812647434589225,,-0.011272391857707398,,0.0,1.0,0,969.34
2019-05-31,-0.11282061451673145,0.10102926794659572,-0.30192338059451984,-1.0120788152377913,,-0.2651587084804894,,0.4,1.0,0,959.88
2019-06-03,-0.5623867721736387,-0.2386664924081037,-0.6935650595822914,-0.9482726010702502,,-0.48857818504685685,,0.8,1.0,0,946.47
2019-06-04,-0.6883154367560372,-0.03242283043368749,-0.8543607993725504,-1.1367180871514615,,-0.5423634307427474,,0.8,1.0,0,951.16
2019-06-05,-0.7472192861468991,-0.043315347308137526,-0.9046248704494557,-0.6970208595836361,,-0.4784360726976258,,0.8,1.0,0,951.41
2019-06-06,-0.9378142624766749,-0.16519674667914871,-0.9291382286276326,-0.70576136379748,,-0.5475821203161874,,0.8,1.0,0,948.21
2019-06-07,-0.5563187564064427,-0.17201430137337775,-0.6660055676549298,-0.519802242763145,,-0.3828281736395791,,0.8,1.0,0,958.28
2019-06-10,-0.883023322063444,0.04754239313263102,-0.42246133004218417,-0.408215033437249,,-0.33323145848204927,,0.4,1.0,0,962.9
2019-06-11,-0.6765372597620065,0.04098105285229912,-0.1794888313871072,-0.41797690031443974,,-0.2466043877222509,,0.4,1.0,0,962.07
2019-06-12,-0.9116574660684995,0.03442985874590444,-0.07474718694851391,-0.5544052920474345,,-0.30127601726370873,,0.4,1.0,0,954.17
2019-06-13,-1.0321843559332144,0.028980135383513236,-0.058576121662448376,-0.2774745028752366,,-0.26785096901747724,,0.4,1.0,0,950.08
2019-06-14,-0.2201369707358318,0.02464001670069104,-0.039123094828502215,-0.3379646563956732,,-0.11451694105186323,,0.4,1.0,0,953.61
2019-06-17,-0.43413820402300723,-0.21019660104746601,-0.13643468796472472,-0.19643827678782802,,-0.19544155396460522,,0.8,1.0,0,946.95
2019-06-18,-0.5227095689634705,-0.3290687048176056,-0.30982154801996803,-0.25752092549021116,,-0.2838241494582511,,0.8,1.0,0,944.01
2019-06-19,-0.1990073311056009,-0.22138337029089966,-0.28624146540745277,-0.21901073480007596,,-0.18512858032080587,,0.8,1.0,0,949.69
2019-06-20,0.07603043684038775,0.5832813263779227,0.030975771119907687,-0.019909582636772158,,0.1340755903402892,,0.4,1.0,0,959.18
2019-06-21,-0.15502056791771945,0.2206678511733676,0.22119318241318553,-0.3898101316413554,,-0.02059393319450436,,0.0,1.0,0,959.2
2019-06-24,0.1406638240600475,0.2089908379626826,0.2717350877894314,-0.12802564290661148,,0.09867282138111,,0.4,1.0,0,962.85
2019-06-25,-0.06311810119321433,-0.042463609296111406,0.2194533714505079,-0.10511246997260194,,0.00175183819771604,,0.4,1.0,0,960.13
2019-06-26,0.03736873974457049,-0.054964954920514,0.12608097692733408,-0.12561839929903515,,-0.003426727509528913,,0.0,1.0,0,959.13
2019-06-27,-0.20308684222459755,-0.5543971071821393,-0.24056195600917446,-0.34461916325994624,,-0.2685330137351715,,0.8,1.0,0,943.11
2019-06-28,-0.28836435340768485,-0.4372919219051436,-0.3220717179400652,-0.32272744347819465,,-0.2740910873462177,,0.8,1.0,1,949.94
2019-07-01,0.48606358800390387,0.047500202988375394,-0.06893503624368805,0.11270624107198071,,0.11546699916411439,,0.4,1.0,1,965.61
2019-07-02,0.12383940750261214,0.03406234627340132,0.01898345569363518,0.20895377267435622,,0.07716779642880098,,0.8,1.0,1,961.98
2019-07-03,0.21526360897557517,-0.10589735687136902,0.0426613037682532,0.31404843990340786,,0.09321519915517346,,0.4,1.0,1,960.39
2019-07-04,0.4363053687382833,0.6467576540082685,0.28007912265004764,0.51017558344828,,0.37466354576897587,,0.8,1.0,1,973.04
2019-07-05,0.3594090501962875,0.506028849933128,0.4338674066714974,0.555383422199764,,0.3709377458001354,,0.8,1.0,1,975.34
2019-07-08,-0.061599947550759405,0.23131079400422336,0.28072880302301456,0.2702770804237596,,0.14414334598004763,,0.4,1.0,1,966.35
2019-07-09,-0.06256630990196718,0.6171863601701343,0.21321109721193168,0.4445485321199095,,0.24247593592000166,,0.4,1.0,1,969.05
2019-07-10,0.3824008608480161,0.47091834090028145,0.23127688594014856,0.1794564638206164,,0.2528105103018125,,0.8,1.0,1,973.65
2019-07-11,0.507479986847402,0.5948500312120476,0.3540995964852748,0.21273314106532037,,0.333832551122009,,0.8,1.0,1,978.63
2019-07-12,0.2989869079848977,0.7208999657960884,0.3440986553023832,-0.05613561962159916,,0.261569981892354,,0.4,1.0,1,975.4
2019-07-15,0.18812901343283375,0.4292362055514942,0.3289370515592457,0.016719861041668515,,0.19260442631704844,,0.8,1.0,1,972.53
2019-07-16,0.14600350701082918,0.8423924296940479,0.47970938707224503,0.2919435906522315,,0.3520097828858708,,0.8,1.0,1,982.11
2019-07-17,0.350866325351061,0.97383768180367,0.6030734946833843,0.2787804793705468,,0.44131159624173244,,0.8,1.0,1,982.57
2019-07-18,0.10364648953977858,0.8169894066890688,0.5024476536925653,0.2817464138165923,,0.34096599274760103,,0.8,1.0,1,976.05
2019-07-19,0.11037730534936542,1.0986011534262274,0.5257965397151063,0.3259880765325128,,0.4121526150046424,,0.8,1.0,1,982.34
2019-07-22,-0.1541620192688478,0.4908414441617281,0.4719491137666204,0.17645283408862714,,0.1970162745496256,,0.4,1.0,1,982.04
2019-07-23,-0.06005663296265103,0.4786099747097521,0.5134237156050377,0.2255764537102002,,0.2315107022124678,,0.4,1.0,1,989.46
2019-07-24,-0.1698580214177842,0.4659144487471234,0.48684961523440184,-0.020712114555554457,,0.15243878560163732,,0.0,1.0,1,988.41
2019-07-25,-0.29574913521195945,0.45332637406598203,0.5032654686113063,0.1434234639255579,,0.16085323427817738,,0.4,1.0,1,994.95
2019-07-26,-0.3760666442006762,0.4404823984103497,0.4002801298273454,0.2262426614086179,,0.13818770908912736,,0.4,1.0,1,993.35
2019-07-29,-0.48703124717362467,0.26982576150246046,0.20213600051685554,0.11935828440127812,,0.020857759849393892,,0.4,1.0,1,997.94
2019-07-30,-0.7760105294392918,0.25537912693528714,-0.330568534698577,-0.17403588970331904,,-0.20504716538118015,,0.4,1.0,1,986.02
2019-07-31,-0.7633277967102136,0.07729272035147385,-0.5087678877259919,0.17725561381560664,,-0.20350947005382503,,0.0,1.0,1,991.66
2019-08-01,-0.40025255295100487,0.0626408812203854,-0.6202028027845731,0.26454865551253337,,-0.13865316380053183,,0.0,1.0,1,997.39
2019-08-02,-0.9249972363947361,0.051911692685794354,-0.70261068810726,0.679410661120442,,-0.17925711413915202,,0.0,1.0,1,991.1
2019-08-05,-1.0190719737458016,-0.6270173935115868,-1.0062795511961788,0.34795700130682916,,-0.46088238342934756,,0.4,1.0,1,973.15
2019-08-06,-1.2190979202935,-0.9706504152522224,-1.3825065600956774,0.5784489134935898,,-0.598761196429562,,0.4,1.0,1,964.61
2019-08-07,-1.2327240087228066,-0.9769545707620074,-1.5780246152606294,0.7206717837782586,,-0.613406282193437,,0.4,1.0,1,965.93
2019-08-08,-0.9375617332627487,-0.4719433063596162,-1.4176245664230198,1.1180566592196919,,-0.3418145893651387,,0.4,1.0,1,975.24
2019-08-09,-0.5621494567167824,-0.6487106561932919,-1.188428244087373,1.4010777288120972,,-0.19964212563707,,0.4,1.0,1,974.34
2019-08-12,-0.48666203115406054,-0.6515097109691342,-0.9465636281310834,1.843866807274713,,-0.04817371259591302,,0.4,1.0,1,975.31
2019-08-13,-0.6183028095925668,-0.31070280185558524,-0.9948371951403956,1.750456486428992,,-0.034677264031911126,,0.4,1.0,1,966.83
2019-08-14,-0.2995367692331827,-0.4825171507277542,-0.9325658952482878,1.5784090535856201,,-0.027242152324720936,,0.4,1.0,1,968.91
2019-08-15,-0.028418850280080656,-0.14157045834131154,-0.6307948776957036,2.050360917773547,,0.24991534629129025,,0.4,1.0,1,979.38
2019-08-16,0.14444914969670536,-0.3069383852924243,-0.32736703603646905,1.7247088121943728,,0.24697050811243698,,0.0,1.0,1,980.0
2019-08-19,0.08527672613384024,0.20955994083778123,-0.12620115682607394,1.8283198135893148,,0.3993910647469725,,0.4,1.0,1,981.03
2019-08-20,0.6004093801496366,0.207060088747071,0.1605387398681937,1.8801823948298266,,0.5696381207189456,,0.8,1.0,1,984.67
2019-08-21,0.4724836278061072,0.3716693214872076,0.5322147120132522,2.279151780333714,,0.7311038883280563,,0.8,1.0,1,994.38
2019-08-22,0.45813995905031735,0.3650832991560848,0.7020390563301158,2.195917525121491,,0.7442359679316017,,0.8,1.0,1,997.26
2019-08-23,0.8168379350881898,0.01680341061917403,0.7684180062452388,2.2279921968077194,,0.7660103097520645,,0.8,1.0,1,992.45
2019-08-26,0.04174279529621096,-0.32276210204376327,0.5230437894120535,2.4910065976430014,,0.5466062160615005,,0.4,1.0,1,982.88
2019-08-27,0.34545524630318575,-0.14846664879431892,0.2328452405834003,2.151492900206895,,0.5162653476598325,,0.4,1.0,1,976.79
2019-08-28,0.23779298021220885,-0.31311998447552275,-0.04593138887988033,1.9689942853432993,,0.36954717844002105,,0.0,1.0,1,977.26
2019-08-29,-0.15224898182958566,-0.3088418429574987,-0.20516108322875953,1.7957753359741906,,0.22590468559166935,,0.4,1.0,1,978.59
2019-08-30,0.2060940921193988,-0.2999109054774295,-0.22278351051912615,2.154295286856944,,0.36753899259595746,,0.0,1.0,1,984.06
2019-09-03,-0.18798807759138128,-0.4622461856693092,-0.5023128006292298,1.9957096449170402,,0.16863251620542397,,0.4,1.0,1,979.36
2019-09-04,-0.1957374998024597,-0.4543641521008976,-0.6909549635497845,2.10810190905655,,0.15340905872068167,,0.4,1.0,1,977.63
2019-09-05,-0.38855969930772066,-0.6162962990471014,-0.832261742543997,1.9769182096921838,,0.02796009375867292,,0.4,1.0,1,976.79
2019-09-06,-0.3938065352523707,-0.6070263226700401,-0.9575228765775098,2.2484661399670327,,0.05802208109342244,,0.4,1.0,1,974.08
2019-09-09,-0.3539634142787906,-0.4293138854619906,-1.0838843016682573,1.9495725836551854,,0.01648219644922938,,0.4,1.0,1,974.12
2019-09-10,-0.5229435818748823,-0.4250561340292469,-1.302500136886089,1.4094805627537603,,-0.16820385800729154,,0.4,1.0,1,970.26
2019-09-11,-0.6746616337538843,-0.7649960548759467,-1.332178686045984,1.5062738110655776,,-0.2531125127220476,,0.4,1.0,1,969.31
2019-09-12,-0.6246371156467403,-0.4159932080603891,-0.9247173909493168,1.7064274551277918,,-0.05178405190573088,,0.4,1.0,1,976.07
2019-09-13,-0.3013943805245338,-0.0687017005159489,-0.21604714663211033,1.8889949944319029,,0.26057035335186196,,0.4,1.0,1,987.22
2019-09-16,-0.3693661621450693,0.6195029439191053,0.3541769815924964,1.822195408317963,,0.4853018343368991,,0.4,1.0,1,989.86
2019-09-17,0.42814739630488313,0.6142365360977122,0.7865880720166821,2.270081834455768,,0.819810767775009,,0.8,1.0,1,996.74
2019-09-18,0.21333219410292603,0.44001636203907535,1.006007672560171,1.9305060366678528,,0.717972453074005,,0.8,1.0,1,995.15
2019-09-19,0.3425716777835304,0.9499891454111055,1.3204981123152266,2.2604703467212826,,0.9747058564462291,,0.8,1.0,1,997.1
2019-09-20,0.4195678196043255,0.604163898099113,1.2594013527262498,1.2981025361789793,,0.7162471213217336,,0.8,1.0,1,990.36
2019-09-23,0.07308065659809035,0.43224454195896517,1.0475694209225128,1.2896880901243781,,0.5685165419207894,,0.8,1.0,1,985.75
2019-09-24,0.5199520425389674,0.4337584455624282,0.8407092691890107,1.3121672740859132,,0.621317406275264,,0.8,1.0,1,988.13
2019-09-25,0.6126173912253131,0.6093243278737549,0.6406340825734906,1.1868663752094886,,0.6098884353764095,,0.8,1.0,1,987.3
2019-09-26,0.4618716206683648,0.7856961361051457,0.7553912076569116,1.4692216907819227,,0.6944361310424689,,0.8,1.0,1,990.75
2019-09-27,0.41900192327321406,0.7951836299234287,0.9568803152159847,1.829909415845122,,0.8001950568515499,,0.8,1.0,1,997.84
2019-09-30,0.25673926130494934,0.6299301222845861,1.0074019006700636,1.37241462516299,,0.6532971818845179,,0.8,1.0,1,996.56
2019-10-01,0.4008500464720481,0.8107805937862271,1.1343115920116242,1.604610598203189,,0.7901105660946177,,0.8,1.0,1,999.59
2019-10-02,0.2459660166367915,0.474995529282849,0.9165294698686869,0.8829418268880859,,0.5040865685352827,,0.8,1.0,1,991.19
2019-10-03,0.41584537071776595,0.3148499153428643,0.7506176820410536,1.481063217560342,,0.5924752371324051,,0.8,1.0,1,992.45
2019-10-04,0.32888880532049153,-0.02656550542487864,0.3106144821098249,1.0752738064438905,,0.33764231768986563,,0.4,1.0,1,987.59
2019-10-07,0.1499035402437792,-0.1946057417689148,-0.24248510540743837,0.7698358256442562,,0.09652970374233645,,0.0,1.0,1,983.09
2019-10-08,0.2221490058464921,0.1835045845105332,-0.3509842530160777,0.9687724925967319,,0.20468836598753593,,0.4,1.0,1,988.22
2019-10-09,0.13283752881415567,0.015513814386413777,-0.40111452295516137,1.5412628859741258,,0.2576999412439068,,0.4,1.0,1,987.83
2019-10-10,-0.08333359201325612,0.029829423363868613,-0.42506143721360345,1.1300529793479628,,0.13029747469699438,,0.0,1.0,1,987.38
2019-10-11,0.30479701895556566,0.41185148880674577,-0.3087609356871307,0.9744840324641056,,0.2764743209078573,,0.4,1.0,1,991.84
2019-10-14,0.3695665406879801,0.4161846107318846,-0.038128741706844244,0.8517631034260048,,0.3198771026278051,,0.4,1.0,1,993.57
2019-10-15,-0.059920994405543306,0.41865784087566477,0.0850288610225815,1.1755368485545508,,0.3238605112094508,,0.4,1.0,1,993.05
2019-10-16,0.171604988554741,0.4066177288231466,0.11492067776997278,0.9723629528236865,,0.3331012695943094,,0.8,1.0,1,994.46
2019-10-17,0.037777372483684034,0.39788576587277674,-0.031019169821971677,0.7054296513646869,,0.22201472397983524,,0.4,1.0,1,989.82
2019-10-18,0.14963701820992678,0.3865326960917165,-0.2450171136665933,0.3705846210879141,,0.13234744434459284,,0.4,1.0,1,989.2
2019-10-21,0.23079529608442467,0.37598279559080316,-0.6484921659238162,0.15767433921193336,,0.023192052992669014,,0.4,1.0,1,983.56
2019-10-22,-0.03534214193080976,0.1749657043587773,-0.799479015947138,0.0704868673758196,,-0.1178737172286702,,0.0,1.0,1,987.19
2019-10-23,0.07542886016495572,-0.024478856136336886,-0.8059020310606023,0.3079586768290311,,-0.08939867004059049,,0.0,1.0,1,987.79
2019-10-24,0.3190602239781287,0.9230975487802042,-0.46004897260649796,0.9897247246152495,,0.35436670495341693,,0.4,1.0,1,993.6
2019-10-25,0.07210957883485516,0.3359819205485998,-0.2055839976190594,0.6756648702952374,,0.1756344744119266,,0.4,1.0,1,996.57
2019-10-28,0.32225279224464476,0.707857620572479,-0.0754089098726619,0.6045835094097978,,0.3118570024708519,,0.4,1.0,1,996.48
2019-10-29,-0.12598121206500767,0.4998174783314921,-0.09388518661435614,0.43308356752275656,,0.142606929434977,,0.0,1.0,1,995.87
2019-10-30,-0.12996826107587825,1.0758118286153409,-0.002742434489854803,0.5312327910088914,,0.29486678481169987,,0.0,1.0,1,1000.89
2019-10-31,-0.4966043997193027,0.4657246344309294,-0.030205119572330626,-0.11970478270770189,,-0.03615793351368118,,0.4,1.0,1,998.82
2019-11-01,-0.10474147490966036,1.252951098983943,0.4247399711320202,0.6668666831760732,,0.4479632556764752,,0.4,1.0,1,1015.59
2019-11-04,0.3060874399853233,1.235809200557957,1.0082893406505422,0.754661220748118,,0.6609694403883881,,0.8,1.0,1,1022.43
2019-11-05,0.1313922446339968,1.6151469204317743,1.3801051644290216,0.5251038720834524,,0.7303496403156491,,0.8,1.0,1,1024.34
2019-11-06,0.49105834872333054,1.787234353500381,1.3945206321157522,0.6374281428364176,,0.8620482954351762,,0.8,1.0,1,1024.91
2019-11-07,0.2141435643872088,1.558258054162907,1.3412292345827863,0.6676461259302052,,0.7562553958126216,,0.8,1.0,0,1024.03
2019-11-08,0.4038695068312333,1.529856415214881,1.1564538747240862,0.26740690812902673,,0.6715173409798454,,0.8,1.0,0,1022.49
2019-11-11,0.20784843153962013,0.9041488440429221,0.6192078317849156,-0.33013216951710833,,0.2802145875700699,,0.4,1.0,0,1016.75
2019-11-12,-0.2175507704095287,1.296244382098472,0.22514004914185382,-0.2216460867573818,,0.21643751481468307,,0.0,1.0,0,1018.33
2019-11-13,-0.7310491449839449,0.6607384556939708,-0.28885397322215106,-0.7758916549117797,,-0.22701126348478098,,0.4,1.0,0,1012.77
2019-11-14,-0.3813844579351529,-0.18906236557661238,-0.9229456893170451,-0.9790638157199001,,-0.4944912657097421,,0.8,1.0,0,1012.3
2019-11-15,-0.6670807703005619,0.2194433170502532,-1.4100784516221818,-1.043989570164916,,-0.5803410950074813,,0.4,1.0,0,1010.03
2019-11-18,-0.7857056349591236,-0.6533789111528299,-1.9703507507165459,-1.5271589542617365,,-0.9873188502180472,,0.8,0.0,0,1002.91
2019-11-19,-0.5568247157591587,-0.4523177823303168,-2.053896990276515,-1.2004749265135595,,-0.85270288297591,,0.8,0.0,0,1008.35
2019-11-20,-1.206395546334881,-0.6913430378742856,-2.3509410218000517,-1.805153222644045,,-1.2107665657306526,,0.8,0.0,0,1000.56
2019-11-21,-1.0295443841354568,-1.3674365568056501,-2.9680846093379447,-3.0,,-1.6730131100558103,,0.8,0.0,0,987.89
2019-11-22,-1.8756669611912962,-2.449363299414022,-2.9770804588405824,-3.0,,-2.06042214388918,,0.8,0.0,0,977.78
2019-11-25,-1.7415391903479478,-2.632508877881415,-2.9770804588405824,-3.0,,-2.070225705413989,,0.8,0.0,0,976.35
2019-11-26,-2.0592445417334857,-1.9675091590765077,-2.9770804588405824,-3.0,,-2.0007668319301155,,0.8,0.0,0,976.79
2019-11-27,-1.7080711605662087,-2.1524477636822077,-2.9770804588405824,-3.0,,-1.9675198766178,,0.8,0.0,0,978.17
2019-11-28,-2.0217098874062254,-2.9410513766342326,-2.9770804588405824,-3.0,,-2.187968344576208,,0.8,0.0,0,970.39
2019-11-29,-1.5816296237754228,-2.675286502441983,-2.9770804588405824,-3.0,,-2.046799317011598,,0.8,0.0,0,970.75
2019-12-02,-1.9172610691573486,-2.9509045150690256,-2.9770804588405824,-3.0,,-2.1690492086133917,,0.8,0.0,0,959.31
2019-12-03,-1.9588370203100998,-2.9255414801309274,-2.9770804588405824,-3.0,,-2.1722917918563223,,0.8,0.0,0,953.43
2019-12-04,-1.8261970312925442,-2.4843312041998082,-2.8980506848214644,-2.9139041249712916,,-2.024496609057022,,0.8,0.0,0,965.9
2019-12-05,-1.8487378465359396,-2.0744091808480802,-2.38623749215098,-3.0,,-1.861876903907,,0.8,0.0,0,963.27
2019-12-06,-1.3264542719648922,-2.21757105860903,-1.8890924519295569,-3.0,,-1.686623556500696,,0.8,0.0,0,963.56
2019-12-09,-0.8111217281150127,-1.9909935600632276,-1.4424214880009005,-2.90567893903119,,-1.4300431430420664,,0.8,0.0,0,966.06
2019-12-10,-1.2783037638946109,-2.3187764709308474,-1.2592639414426396,-3.0,,-1.5712688352536197,,0.8,0.0,0,960.3
2019-12-11,-0.698021892708482,-1.726609290538217,-0.9190152381555067,-2.2990463732306075,,-1.1285385589265626,,0.8,0.0,0,961.78
2019-12-12,-0.16844166817048126,-1.6996698980954306,-0.3620262420526109,-2.589996467193324,,-0.9640268551023694,,0.8,0.0,0,968.17
2019-12-13,-0.02815886644832732,-1.8533107781856173,0.05500589185644489,-2.256241781321897,,-0.8165411068198793,,0.4,0.0,0,966.18
2019-12-16,0.8750365665671515,-1.6395987990958696,0.4527210525065916,-1.921464625699716,,-0.4466611611443685,,0.0,0.0,0,961.47
2019-12-17,0.5251397946763724,-2.1467872651945554,0.40604519025371044,-2.45738104364049,,-0.7345966647809925,,0.0,0.0,0,954.03
2019-12-18,-0.047427239438324324,-1.9256022680160498,0.22754424947392154,-2.505351151675147,,-0.8501672819311201,,0.4,0.0,0,951.13
2019-12-19,0.03796300692049458,-1.8870961433259867,0.17145481359301254,-2.194379911414088,,-0.7744116468453136,,0.0,0.0,0,952.26
2019-12-20,0.3273082512140311,-1.685160014714248,0.4597366568471522,-2.031805552364202,,-0.5859841318034533,,0.0,0.0,0,956.41
2019-12-23,0.0657134884240879,-1.4982670798484827,0.6483292413134771,-2.1170763842291738,,-0.5802601468680184,,0.0,0.0,0,959.43
2019-12-24,0.4373022335924179,-1.492766527232265,0.7651806467504048,-1.832571301463189,,-0.4245709896705263,,0.0,0.0,0,958.88
2019-12-25,0.3268032019330258,-1.4939290414963486,1.0014503734325928,-1.6256733444793512,,-0.35826976212201633,,0.0,0.0,0,960.92
2019-12-26,0.1508733728661874,-1.4882749866245135,1.1129163210455382,-1.4391670296094599,,-0.33273046446444954,,0.0,0.0,0,958.59
2019-12-27,0.31805778493896514,-1.31253638882908,1.3500225653376647,-1.1123077989781587,,-0.15135276750612175,,0.0,0.0,0,963.51
2019-12-30,0.7213008299341034,-0.7939396596496313,1.551833454966223,-0.8830207095459318,,0.1192347831409526,,0.0,0.0,0,965.03
2019-12-31,0.6411120602279339,-0.8040973855637622,1.6206677925396271,-0.9219894241205051,,0.1071386086166588,,0.0,0.0,0,960.99
2020-01-02,1.0521319436414625,-0.27557618674672973,2.1469703250403898,-0.7521569881335117,,0.4342738187603222,,0.0,0.0,0,966.67
2020-01-03,0.729735306222477,-0.46585799536831685,2.317805650018033,-1.2167574252145208,,0.27298510713153457,,0.0,0.0,0,965.14
2020-01-06,0.7996333246572871,-1.5524478379032731,1.8812537723347547,-1.5539303400601348,,-0.08509821619427324,,0.0,0.0,0,955.79
2020-01-07,0.7565152036641066,-1.0168602446405277,1.5885251042107802,-1.3250470443539242,,0.0006266037760870313,,0.0,0.0,0,958.88
2020-01-08,0.3015438386541388,-1.740844516418432,0.8520384977937404,-1.266561867722915,,-0.3707648095386935,,0.0,0.0,0,948.98
2020-01-09,1.1480311165541532,-1.0217277673184881,0.9015739261591559,-1.1434955186313183,,-0.02312364864729946,,0.0,0.0,0,960.15
2020-01-10,0.8945698065880378,-0.667088129886084,1.4685872383496983,-0.7192518553948367,,0.1953634119313631,,0.0,0.0,0,968.54
2020-01-13,0.2628770635472538,-1.0333902721290233,1.7323051401334457,-1.24988145451755,,-0.057617904593174785,,0.0,0.0,0,965.84
2020-01-14,0.6880279940955887,-0.49316196366163434,1.9131522858143972,-1.3306049072399484,,0.15548268180168068,,0.0,0.0,0,967.0
2020-01-15,0.2788787663887956,-0.868684008493684,1.934380046697769,-1.1831907278754623,,0.03227681534348367,,0.0,0.0,0,967.56
2020-01-16,0.640904373348117,0.05054898163566811,2.2655530328907645,-0.6717128112247643,,0.4570587153299571,,0.4,0.0,0,974.31
2020-01-17,0.9701035440762092,0.2297705307105816,2.3609090183464962,-0.6514937631511152,,0.5818578659964344,,0.4,0.0,0,978.96
2020-01-20,0.8399311619911419,0.2195391621714254,2.325643471202613,-0.3519835931206475,,0.6066260404489066,,0.4,0.0,0,978.63
2020-01-21,1.2721181997702644,0.39630111563679954,2.3961874772438834,0.12267712829866903,,0.8374567841899233,,0.8,1.0,0,986.37
2020-01-22,1.971189558272254,0.7596764300403005,2.3961874772438834,0.3841577910683421,,1.1022422513249561,,0.8,1.0,0,991.46
2020-01-30,-0.36980345252360863,-1.3144215594393944,1.388272229710413,0.3267497167238294,,0.006159386894247873,,0.0,1.0,0,959.58
2020-01-31,-2.042947519031654,-1.675125950984712,-0.5454863084019437,-0.09261021851497435,,-0.8712339993866568,,0.8,1.0,0,936.62
2020-02-03,-2.6055958547357783,-1.8395955563644097,-2.1389090452906565,0.7392928087734383,,-1.1689615295234812,,0.4,1.0,0,928.14
2020-02-04,-2.6055958547357783,-1.820303404189839,-2.755107927386302,1.3661509835547476,,-1.1629712405514343,,0.4,0.0,0,929.09
2020-02-05,-2.6055958547357783,-1.6231778475405627,-2.7689178556870786,1.0578677102494423,,-1.1879647695427953,,0.4,0.0,0,925.91
2020-02-06,-2.6023091725268053,-0.8874607550959457,-1.882101480917342,1.9206457116846098,,-0.6902451393710967,,0.4,0.0,0,938.54
2020-02-07,-2.6055958547357783,-1.060719503760722,-1.3197019995679895,2.4371481984622068,,-0.5097738319204566,,0.4,0.0,0,940.75
2020-02-10,-2.5031203998797236,-1.2313009784051951,-1.3615100798628532,2.4086972302815344,,-0.5374468455732475,,0.4,0.0,0,930.73
2020-02-11,-2.3578482381004267,-1.3937714444109444,-1.0589905183053911,2.333230661077715,,-0.4954759079478094,,0.4,0.0,0,934.67
2020-02-12,-2.1193910616219074,-1.0202972173645108,-0.47336806087338706,2.4222099928100898,,-0.2381692694099431,,0.4,0.0,0,937.68
2020-02-13,-1.4140252876979622,-1.1825447104084565,0.017289133247337145,2.6554586715002797,,0.015235561328239666,,0.0,0.0,0,938.24
2020-02-14,-0.33323150434068893,-0.45301070907661434,0.48490879710222295,2.6558232207672456,,0.470897960890433,,0.0,0.0,0,937.45
2020-02-17,0.4969198088041633,-0.6209264712287971,0.7343250206298488,2.6111583453011797,,0.644295340701279,,0.4,0.0,0,934.77
2020-02-18,0.7028656853604739,-0.424749738331207,0.7140177636567204,2.6558232207672456,,0.7295913862906466,,0.4,0.0,0,927.93
2020-02-19,0.07851218665045873,-0.4110295018027489,0.7423988592899047,2.624893351847895,,0.606954979197102,,0.4,0.0,0,928.76
2020-02-20,0.37740697768956977,-0.3967179172732437,0.9629411971257112,2.300749417188754,,0.6488759349461583,,0.4,0.0,0,938.13
2020-02-21,1.4138446482097369,-0.9585042637418807,0.9180106673531055,2.2680270813665118,,0.7282756266374948,,0.4,0.0,0,933.09
2020-02-24,0.5077004890743063,-1.901733270566634,-0.4818716692301961,1.6736875278320114,,-0.04044338457810248,,0.0,0.0,0,903.34
2020-02-25,1.0912346242871562,-1.4964409000303014,-0.7952288832964697,2.051459350498478,,0.17020483829177266,,0.0,0.0,0,909.67
2020-02-26,-0.49405486018698624,-1.4803534597085493,-1.09458349850042,2.050747870625327,,-0.2036487895541257,,0.4,0.0,0,895.97
2020-02-27,-0.23411084556905828,-1.077408294674916,-0.7289196643763926,2.2570365022756347,,0.04331953953105355,,0.4,0.0,0,898.44
2020-02-28,-1.0294856360676785,-1.268118762512209,-0.9320313776627582,2.338720364061714,,-0.17818308243618636,,0.4,0.0,0,882.19
2020-03-02,-0.35140846781302143,-1.0548589337282475,-0.6623333907970519,2.6558232207672456,,0.11744448568578492,,0.4,0.0,0,884.43
2020-03-03,0.1459931448332802,-1.0388608624815883,-0.11285725775958266,2.570770555953868,,0.31300911610919546,,0.0,0.0,0,890.61
2020-03-04,0.29387999224499967,-0.8188410720306364,0.3160605668683127,2.6558232207672456,,0.4893845415699843,,0.4,0.0,0,889.37
2020-03-05,-0.545353144911524,-1.2344322692485985,0.8018648964963022,2.6558232207672456,,0.335580540620685,,0.0,0.0,0,893.31
2020-03-06,-1.6632453403605503,-1.0093279502585129,0.9267087343784295,2.6558232207672456,,0.18199173290532233,,0.0,0.0,0,891.44
2020-03-09,-2.6055958547357783,-2.0839973750613416,-1.3272152485245263,2.0605111465267196,,-0.7912594663589854,,0.4,0.0,0,835.49
2020-03-10,-2.6055958547357783,-2.062414706478116,-2.4628868889287503,2.3305547764186643,,-0.9600685347447961,,0.4,0.0,0,837.5
2020-03-11,-2.6055958547357783,-2.457713140548989,-2.9770804588405824,2.0204007826952863,,-1.2039977342860126,,0.4,0.0,0,811.35
2020-03-12,-2.6055958547357783,-2.410217290487537,-2.9770804588405824,1.7752233016116998,,-1.2435340604904395,,0.4,0.0,0,769.25
2020-03-13,-2.6055958547357783,-2.370487027099608,-2.9770804588405824,2.138145881207298,,-1.163003491893734,,0.4,0.0,0,761.7801
2020-03-16,-2.6055958547357783,-2.345311712486028,-2.9770804588405824,1.861387626731855,,-1.2133200798661068,,0.4,0.0,0,747.86
2020-03-17,-2.6055958547357783,-2.5263469060490835,-2.9770804588405824,2.13772718860015,,-1.1942592062050588,,0.4,0.0,0,745.7801
2020-03-18,-2.6055958547357783,-2.2595764013783453,-2.9770804588405824,2.0352476595879176,,-1.1614010110733577,,0.4,0.0,0,747.66
2020-03-19,-2.6055958547357783,-2.2271489167427885,-2.9770804588405824,1.8590277727583193,,-1.190159491512166,,0.4,0.0,0,725.94
2020-03-20,-2.6055958547357783,-2.181651250231717,-2.9770804588405824,1.8154782306506205,,-1.1897698666314915,,0.4,0.0,0,709.73
2020-03-23,-2.6055958547357783,-2.1424253441391117,-2.9770804588405824,1.608689536323248,,-1.2232824242784448,,0.4,0.0,0,666.5901
2020-03-24,-2.6055958547357783,-2.0908583668197998,-2.957133367047265,1.551004962606716,,-1.2205165251992256,,0.4,0.0,0,659.21
2020-03-25,-2.6055958547357783,-2.044221191482331,-2.896656789542832,1.916112557943099,,-1.1260722555635687,,0.4,0.0,1,690.25
2020-03-26,-2.2967308459728555,-2.1974310358482354,-2.2230734110226646,1.7650021902724522,,-0.9904466205142606,,0.4,0.0,1,694.21
2020-03-27,-1.9220878081839843,-2.136102983386259,-1.636902135554739,1.6305515355971574,,-0.812908278305565,,0.4,0.0,1,696.06
2020-03-30,-2.1510355737530453,-2.0767415218875085,-1.696992808018136,1.533683269527824,,-0.8782173268261732,,0.4,0.0,1,662.26
2020-03-31,-2.1453910658386888,-2.0210742715829775,-1.501735723150888,1.4580002056118653,,-0.8420401709921379,,0.4,0.0,1,662.5301
2020-04-01,-1.5880521509681937,-1.9679424436392658,-0.7695965389333013,1.5327477852482017,,-0.5585686696585119,,0.4,0.0,1,680.23
2020-04-03,-0.0574752060934433,-1.7311879921252926,0.3378647021181338,1.5850784520348904,,0.026855991186857664,,0.0,0.0,1,701.8
2020-04-06,1.0504067723927937,-1.6920461407830265,1.8711031726170197,2.021015753097057,,0.6500959114647689,,0.4,0.0,1,736.75
2020-04-07,1.971189558272254,-1.6532802528615937,2.3961874772438834,2.0823049781737564,,0.9592803521656601,,0.4,1.0,1,746.69
2020-04-08,1.9429012815767615,-1.6158172916295286,2.3961874772438834,2.094571313272096,,0.9635685560926425,,0.4,1.0,1,748.02
2020-04-09,1.971189558272254,-1.3929504600789593,2.3961874772438834,1.8637059949255494,,0.9676265140725455,,0.4,1.0,1,760.33
2020-04-10,1.971189558272254,-1.3658412398364415,2.3961874772438834,1.966085909878402,,0.9935243411116197,,0.4,1.0,1,757.94
2020-04-13,1.971189558272254,-0.9635771418860937,2.3961874772438834,2.2605227552024534,,1.1328645297664994,,0.4,1.0,1,765.79
2020-04-14,1.971189558272254,-0.7581776258590928,2.3961874772438834,2.0198579554807234,,1.1258114730275537,,0.4,1.0,1,767.41
2020-04-15,1.971189558272254,-0.3652723661783366,2.3961874772438834,1.8685461659010643,,1.174130167047773,,0.4,1.0,1,777.22
2020-04-16,1.971189558272254,0.021719713385784708,2.3961874772438834,2.0813012792974277,,1.29407960563987,,0.8,1.0,1,780.7
2020-04-17,1.971189558272254,0.02480998294620797,2.3961874772438834,1.7925498036665053,,1.2369473644257702,,0.8,1.0,1,789.6
2020-04-20,1.971189558272254,0.40628187783474184,2.3961874772438834,1.7025689241355917,,1.2952455674972942,,0.8,1.0,1,794.97
2020-04-21,1.971189558272254,-0.9237785233654113,2.3961874772438834,1.4621146282360822,,0.9811426280773616,,0.4,1.0,1,766.8401
2020-04-22,1.971189558272254,-0.34762143332440887,1.9827414892556836,1.5071160431398478,,1.0226851314686753,,0.4,1.0,1,768.92
2020-04-23,1.971189558272254,-0.344998954201845,1.6593409537326942,1.4026165554520846,,0.9376296226510376,,0.4,1.0,1,773.91
2020-04-24,1.971189558272254,0.034900764217196616,1.4116901919829243,1.4434022320583393,,0.9722365493061429,,0.8,1.0,1,776.66
2020-04-27,1.971189558272254,-0.1533745992585764,1.155090059917209,1.2329788379526172,,0.8411767713767009,,0.4,1.0,1,770.77
2020-04-28,1.971189558272254,-0.3383113204255482,0.9113015035883508,1.1259439621921679,,0.734024740725445,,0.4,1.0,1,767.21
2020-04-29,1.971189558272254,-0.13999863076421012,0.7556321335452288,1.182988553126792,,0.7539623228360129,,0.4,1.0,1,769.11
2020-05-04,1.971189558272254,-0.3227393343616684,0.5129059158254152,1.1009745852607125,,0.6524661449993427,,0.4,1.0,1,762.47
2020-05-05,1.8678092933644552,-0.31617822604091084,0.3321181849075786,1.0425301581051525,,0.5852558820672551,,0.4,1.0,1,764.16
2020-05-06,1.687716932457848,0.06192521207933914,0.40774414343090326,1.3531278589882172,,0.7021028293912616,,0.8,1.0,1,782.5901
2020-05-07,1.971189558272254,1.1895734908259898,0.5919610229463939,1.7529065361407692,,1.1011261216370816,,0.8,1.0,1,796.54
2020-05-08,1.971189558272254,2.20357449414349,0.8709839117872975,1.4865153967421227,,1.3064526721890328,,0.8,1.0,1,813.73
2020-05-11,1.971189558272254,2.20357449414349,1.1766461338401333,1.6701661308623625,,1.404315263423648,,0.8,1.0,1,828.33
2020-05-12,1.971189558272254,2.20357449414349,1.3468950280538152,1.628361198089423,,1.4300040557117963,,0.8,1.0,1,835.32
2020-05-13,1.971189558272254,2.20357449414349,1.3985047557748473,1.6647204169806988,,1.4475978450342581,,0.8,1.0,1,834.21
2020-05-14,1.949465846830597,2.20357449414349,1.2806667592186014,1.4736912840089835,,1.3814796768403343,,0.8,1.0,1,832.4
2020-05-15,1.6783471107837205,2.20357449414349,1.0003793908269791,1.355534883798208,,1.2475671759104796,,0.8,1.0,1,827.0301
2020-05-18,1.8688621708766897,2.20357449414349,0.8487849937971527,1.35528020366184,,1.2553003724958345,,0.8,1.0,1,837.01
2020-05-19,1.6435893827188053,2.20357449414349,0.7975737257604542,1.2162073688553472,,1.1721889942956194,,0.8,1.0,1,845.92
2020-05-20,1.3315392291607482,2.20357449414349,0.7229762482404327,1.2797651984537326,,1.1075710339996807,,0.8,1.0,1,852.91
2020-05-21,1.2593983702255767,2.20357449414349,0.6839854065145493,1.712468069448306,,1.1718852680663845,,0.8,1.0,1,862.73
2020-05-22,0.8713099151540238,2.20357449414349,0.49434090845983747,1.4777055101270615,,1.0093861655768825,,0.8,1.0,1,852.74
2020-05-25,1.2542246133629043,2.20357449414349,0.4255602825726971,1.567301934270782,,1.0901322648699747,,0.8,1.0,1,859.04
2020-05-26,1.2611540802827403,2.20357449414349,0.4709431049207671,1.7100816506653869,,1.1291506660024768,,0.8,1.0,1,869.13
2020-05-27,0.5745664132251516,2.1936251242555413,0.2572534575083833,1.153826417365737,,0.8358542824709627,,0.8,1.0,1,857.48
2020-05-28,0.128799986891311,2.1646566092569888,0.11840080915959315,1.1491617840434531,,0.7122038378702692,,0.8,1.0,1,861.39
2020-05-29,0.029791164865054152,2.137777994649281,-0.00530917935537336,1.005642764524232,,0.6335805489366388,,0.4,1.0,1,864.47
2020-06-01,0.25553572385898216,2.086982446857374,0.08313026002034685,1.2014370580530858,,0.7254170977579578,,0.8,1.0,1,878.67
2020-06-02,-0.1874632559207007,2.085431177675437,0.05794101463695999,0.9606519513294712,,0.5833121775442335,,0.4,1.0,1,874.8
2020-06-03,-0.22377914233647447,2.0588309908109292,0.14750024352552507,1.1062022323684584,,0.6177508648736877,,0.4,1.0,1,881.17
2020-06-04,-0.3305718844783852,2.0336525727206096,0.16632456679800361,1.1178694339187878,,0.5974549377918033,,0.4,1.0,1,883.9
2020-06-05,-0.05307739300783841,2.009090242875819,0.1338327277331653,1.1770692731749663,,0.6533829701552225,,0.4,1.0,1,886.22
2020-06-08,0.06991726338469229,1.9612431368239593,0.1987544905786054,0.9779145371498256,,0.6415658855874166,,0.8,1.0,1,899.92
2020-06-09,-0.3186771848013002,1.915497593098379,0.1821067641094343,0.853993105773496,,0.5265840556360019,,0.4,1.0,1,899.43
2020-06-10,0.4031683765007449,1.8728209110404597,0.15873864703052443,0.9252847993828499,,0.6720025467909159,,0.8,1.0,1,900.0
2020-06-11,-0.34088031090518317,1.0370739345003968,-0.35322452329926307,0.5370932423759665,,0.1760124685343834,,0.0,1.0,0,867.37
2020-06-12,-0.2157289863002025,1.3672246135729305,-0.6314027180776872,0.8425458405013079,,0.27252774993926976,,0.0,1.0,0,863.52
2020-06-15,-0.7259652049586455,0.3189867380568006,-1.1055561492476214,0.5149985666742575,,-0.19950720989504175,,0.0,1.0,0,832.47
2020-06-16,-0.40327269882087785,1.1177629189268217,-1.1372878832998115,0.44287500117755196,,0.004015467596736877,,0.0,1.0,0,856.13
2020-06-17,-0.5657723754991394,0.8756889534659689,-1.2117354672854035,0.1470738642405866,,-0.1509490050155975,,0.0,1.0,0,854.44
2020-06-18,-0.5986680910179125,0.7507506671554471,-1.2191164859573873,0.06573167609029977,,-0.2002604467459106,,0.0,1.0,0,855.27
2020-06-19,-0.45340826668310197,1.0808856476010116,-1.0586128099589296,0.05728782654792061,,-0.07476952049861989,,0.0,1.0,0,868.56
2020-06-22,-0.6107458296763946,1.1846159241152585,-0.9290791439133791,0.12165978955785137,,-0.046709851983332745,,0.0,1.0,0,871.28
2020-06-23,-0.6860561588425751,1.0589397555181534,-0.8262967564869796,0.09983374071844771,,-0.07071588381859073,,0.0,1.0,0,868.2
2020-06-24,-0.8155966421234043,0.9362737190662977,-0.8312345877174862,-0.0316868030522014,,-0.14844886276535882,,0.4,1.0,0,859.71
2020-06-25,-0.7021868933921149,0.4795909543309819,-0.8431547972587415,-0.08996006469502636,,-0.23114216020298017,,0.4,1.0,0,854.59
2020-06-26,-0.7049457795226474,0.3632520420349986,-0.8568295723378281,-0.20010928759769062,,-0.2797265194846335,,0.4,1.0,0,851.98
2020-06-29,-0.8580777919236985,-0.5396415244795262,-1.0771165627336172,-0.40220848813109744,,-0.5754088734535878,,0.8,1.0,0,829.36
2020-06-30,-0.8832189573251551,-0.6493807088145602,-1.2210915576189576,-0.5128211277152175,,-0.6533024702947781,,0.8,0.0,0,825.11
2020-07-01,-0.7874338492861708,-0.08449861567105897,-1.0670132027653738,-0.3979614412655718,,-0.4673814217976351,,0.8,0.0,1,843.49
2020-07-02,-0.6141417628567114,-0.30675883136274096,-0.9252978900736252,-0.21983009767619885,,-0.4132057163938553,,0.8,0.0,1,842.38
2020-07-03,-0.7051611464879997,-0.08119303888267616,-0.7571241168521733,-0.30236605531748895,,-0.36916887150806765,,0.8,0.0,1,847.61
2020-07-06,-0.5567161323807231,0.706362155009567,-0.46285972905513056,-0.10427575172335359,,-0.08349789162992807,,0.4,0.0,1,861.16
2020-07-07,-0.9208331342459886,0.7040778119251584,-0.22750562074617595,-0.2457607327547136,,-0.13800433516434393,,0.4,0.0,1,863.42
2020-07-08,-0.6729615838464671,0.5884974011725491,-0.03609378462674546,-0.10290507256752658,,-0.04469260797363801,,0.4,0.0,1,864.5
2020-07-09,-0.005519687014407196,0.9211489568287343,0.23180556036453293,0.019466623302368525,,0.23338029069624572,,0.4,0.0,1,876.46
2020-07-10,-0.0007940741827756353,0.8051622838544094,0.3169189597505913,-0.05643951022190238,,0.21296953184006454,,0.0,0.0,1,871.21
2020-07-13,1.001729105148213,0.6921756054027209,0.3264642455467273,-0.06912691473991713,,0.3902484082715489,,0.4,0.0,1,868.72
2020-07-14,1.0322824707454215,0.5817435175058473,0.3329789715881089,0.02630340333773955,,0.39466167263542346,,0.8,0.0,1,868.11
2020-07-15,0.9259396483529767,1.1309008834290497,0.3420172307181771,-0.2718989385630894,,0.42539176478742285,,0.4,0.0,1,869.91
2020-07-16,0.7105591390184935,1.3424001310994753,0.4127516782383696,-0.32644311325705966,,0.4278535670198558,,0.4,0.0,1,876.83
2020-07-17,0.6354530258541078,1.117168880510997,0.4143063757436994,-0.3560238660177838,,0.3621808832182041,,0.4,0.0,0,872.02
2020-07-20,0.398678725912836,0.7856492620759249,0.2887474124183815,-0.6781603682818477,,0.15898300642505897,,0.4,0.0,0,861.4
2020-07-21,0.7685406533204608,0.7889645095816925,0.18996820943393303,-0.7984094865825079,,0.18981277715071573,,0.4,0.0,0,861.69
2020-07-22,0.28244205030850983,0.45768199150264155,0.048288719246133635,-1.0369019917565796,,-0.04969784613985895,,0.4,0.0,0,855.08
2020-07-23,0.02305938859539878,0.678075201245142,-0.04584578624861335,-0.9630974319248622,,-0.061561725666586964,,0.0,0.0,0,856.75
2020-07-24,-1.140692659401829,-0.858682831547265,-0.4107605813171438,-0.9431960627966359,,-0.6706664270125748,,0.8,0.0,0,829.16
2020-07-27,-1.5170221220272107,-1.1683525707208247,-1.0930172103084559,-1.3375950508279772,,-1.0231973907768939,,0.8,0.0,0,785.17
2020-07-28,-1.4166621582855012,-0.8254758152634464,-1.1358757956357357,-1.021178822507573,,-0.8798385183384513,,0.8,0.0,1,813.36
2020-07-29,-1.5650245893967367,-1.2394116272972233,-1.3133298802046376,-1.1796993140720415,,-1.0594930821941277,,0.8,0.0,1,790.8401
2020-07-30,-1.5587380732875302,-1.0048943306068425,-1.2427751725572704,-1.278918162616653,,-1.0170651478136592,,0.8,0.0,1,801.13
2020-07-31,-1.5746010000350241,-0.9884179416626386,-1.1619589744189838,-1.1970975467048794,,-0.9844150925643053,,0.8,0.0,1,798.39
2020-08-03,-1.4523217482036677,-0.8671432676237864,-0.8405507037450987,-1.1113129935454402,,-0.8542657426235987,,0.8,0.0,1,814.65
2020-08-04,-1.4177909782907272,-0.43197865289649723,-0.4328886237443869,-1.1662874823218894,,-0.6897891474507001,,0.8,0.0,1,827.57
2020-08-05,-1.1431725516629072,-0.004714781672235115,-0.014775138991136992,-0.7110840583680328,,-0.3747493061388624,,0.8,0.0,1,837.8
2020-08-06,-1.1222564969443074,0.09898202234886168,0.2572183450860386,-0.699278835746384,,-0.29306699305115824,,0.0,0.0,1,840.04
2020-08-07,-0.5150314727263416,-0.01058238922827245,0.42161715629658597,-0.723089782962732,,-0.16541729772415203,,0.4,0.0,1,841.46
2020-08-10,1.280390861894138,0.4145759460032132,0.5884707015488654,-0.9990925247609962,,0.2568689969370441,,0.4,0.0,1,843.2
2020-08-11,0.5118434720794391,0.3042701009388633,0.7040905842447255,-0.7582634163437507,,0.1523881481838555,,0.4,0.0,1,843.08
2020-08-12,1.156406135903309,0.40711430202586757,0.8022544621446401,-0.8127312243603255,,0.31060873514269827,,0.4,0.0,1,846.92
2020-08-13,1.1937787341979897,1.1417715858721513,0.9077866702615046,-0.6326681862521488,,0.5221337608158994,,0.4,0.0,1,855.05
2020-08-14,1.3276478379343413,0.8140424540882646,0.8760139702879464,-0.7795099847125835,,0.4476388555195937,,0.4,0.0,1,850.74
2020-08-17,1.393419356716449,0.8074416029591929,0.8217623592845885,-0.6918258336902758,,0.46615949705399085,,0.4,0.0,1,850.15
2020-08-18,1.3097391106417993,0.6956818428303388,0.7122004336108324,-0.6373795879104432,,0.4160483598345055,,0.4,0.0,1,846.43
2020-08-19,1.4062940050309896,1.0045213628745557,0.6812922510449239,-0.6907966040253577,,0.4802622029850223,,0.4,0.0,1,851.21
2020-08-20,1.461147517771921,0.7899119054419267,0.6092953869233005,-0.37670301923835275,,0.49673035817975913,,0.4,0.0,1,848.21
2020-08-21,1.5524769338049043,1.1986624887878912,0.6240889948266442,-0.5782532413470114,,0.5593950352144856,,0.4,0.0,1,854.78
2020-08-24,1.6281394002098244,1.390278023425419,0.7446001305941354,-0.2681112786279685,,0.6989812551202821,,0.4,0.0,1,868.68
2020-08-25,1.6135088902847314,1.4704696014268785,0.8196840256307134,-0.38248452922550313,,0.7042355976233642,,0.4,0.0,1,874.12
2020-08-26,1.5038131157042613,1.4454888282046552,0.8124257658644354,-0.4308632085034776,,0.6661729002539748,,0.4,0.0,1,873.47
2020-08-27,1.5568647931942714,1.3240946791400383,0.7974735044203423,-0.40158843225175767,,0.655368908900579,,0.4,0.0,1,874.71
2020-08-28,1.528812430782505,1.4011186827652626,0.7883086229511371,-0.5493969888776051,,0.63376854952426,,0.4,0.0,1,878.98
2020-08-31,1.3755976276658717,1.4740966229292516,0.7798191857404702,-0.5904878468177645,,0.6078051179035658,,0.4,0.0,1,881.65
2020-09-01,1.4764286162501186,1.4480798431953774,0.8250132078987926,-0.44679310880691725,,0.6605457117074743,,0.4,0.0,1,891.73
2020-09-03,1.2895280634241109,1.5158672771412125,0.9246889337677968,-0.2625415610232163,,0.6935085426619809,,0.4,0.0,1,903.97
2020-09-04,1.3609093321604984,1.48691111102561,0.8995794723561769,-0.19019475415135095,,0.7114410322781869,,0.4,0.0,1,901.54
2020-09-07,0.9565857791002086,1.3663881820410597,0.6708992320058567,-0.39911342453158977,,0.5189519537231071,,0.4,0.0,1,888.25
2020-09-08,0.8593745059069039,1.4331576947215434,0.5395767987911696,-0.2920807766274116,,0.5080056445584412,,0.4,0.0,1,890.14
2020-09-09,0.8014083383998392,1.3164946277838148,0.3972146881596952,-0.14090035369553297,,0.4748434601295633,,0.4,0.0,1,889.32
2020-09-10,0.8272466847330818,1.204238658087424,0.24901338655358088,-0.38084613015463425,,0.37993051984389054,,0.4,0.0,1,888.82
2020-09-11,0.8888544487817306,1.1841445958693488,0.11570068060071471,-0.4080165958235198,,0.35613662588565487,,0.4,0.0,1,888.97
2020-09-14,0.866453566701267,1.2541699191768148,0.029248484498421507,-0.41988440486165546,,0.3459975131029696,,0.4,0.0,1,894.57
2020-09-15,0.9094329181633828,1.234786985791509,-0.02300742081160754,-0.5516455866642832,,0.3139133792958002,,0.0,0.0,1,896.26
2020-09-16,0.7961527971733864,1.2204362993809965,-0.07649006182575052,-0.49769822256106744,,0.28848016243351304,,0.0,0.0,1,897.47
2020-09-17,0.6157783649520797,1.1195858805628878,-0.15337734213149928,-0.5394866171540325,,0.20850005724588716,,0.0,0.0,1,894.04
2020-09-18,0.8647313169880206,1.1069877836466047,-0.1144157081550951,-0.47311139729074225,,0.2768383990377576,,0.0,0.0,1,900.95
2020-09-21,1.0535895750359965,1.098732528566072,-0.020891795373202914,-0.40516464251753626,,0.34525313314226586,,0.0,0.0,1,907.94
2020-09-22,0.8079897766556262,1.0877505662816958,0.04564398063559125,-0.22745542868444946,,0.3427857789776928,,0.4,0.0,1,906.19
2020-09-23,0.8164566268804002,1.1607103229746512,0.13239036262054282,-0.2621373508513863,,0.3694839923248416,,0.4,0.0,1,912.5
2020-09-24,0.44217507670283895,1.1465328554480503,0.10773344838059407,-0.2119342672235799,,0.2969014226615807,,0.4,0.0,1,908.58
2020-09-25,0.3509949290967702,1.0499422629172113,0.06986230638069406,-0.2512816585632848,,0.24390356796627816,,0.4,0.0,1,908.27
2020-09-28,0.21487735405037334,1.0410846465783683,0.10016712237778369,-0.11320598093215337,,0.2485846284148744,,0.4,0.0,1,912.5
2020-09-29,-0.2444786355784108,0.6972911036348206,-0.0008720735288708226,-0.2749297195009995,,0.03540213500530791,,0.4,0.0,1,903.98
2020-09-30,-0.02578566962921434,0.694030607901944,-0.04905687688790038,-0.24817081600160049,,0.07420344907664579,,0.4,0.0,1,905.21
2020-10-01,-0.006239768207857689,1.0260971674175605,0.0033613425861151354,-0.08328025957557952,,0.1879876964440477,,0.0,0.0,1,914.09
2020-10-02,-0.12839997132546013,0.8494068002709476,-0.017808779116670736,-0.09718768169146123,,0.12120207362747108,,0.4,0.0,1,909.91
2020-10-05,0.013100732251165105,0.7584391059468272,0.04063395037424882,0.07751131383053926,,0.1779370204805561,,0.8,0.0,1,914.68
2020-10-06,0.23486323949915824,0.9153676229478666,0.10696040867279054,0.36620929447820094,,0.3246801131196033,,0.8,0.0,1,915.67
2020-10-07,0.08570955487391665,0.9851361197709286,0.11106968999050428,0.10074149731916891,,0.2565313723909037,,0.8,0.0,1,919.72
2020-10-08,0.26528182471550094,0.8915410749739202,0.08132963684253315,0.15761941997935083,,0.27915439130226105,,0.8,0.0,1,918.84
2020-10-09,0.2629211966362022,0.8806057722694122,0.09098619820028243,0.17123440679779006,,0.28114951478073735,,0.8,0.0,1,924.0
2020-10-12,-0.24725642293533887,0.9505847758322455,0.07568388204408225,0.04402652706897932,,0.16460775240199366,,0.4,0.0,1,925.83
2020-10-13,-0.040355523202776314,0.9400149096123641,0.06224284172362433,-0.044742905837584154,,0.18343186445912557,,0.0,0.0,1,929.86
2020-10-14,-0.06373378396193284,0.9296184059636423,0.1398926604786641,0.1972046404860746,,0.24059638459328966,,0.4,0.0,1,940.18
2020-10-15,-0.3012844928563956,0.9987745712293661,0.20525081290492178,-0.029939118981797228,,0.174560354459219,,0.0,0.0,1,942.76
2020-10-16,-0.09453890986591541,0.9078243193828891,0.2506634240866146,-0.007049459991093386,,0.211379874722499,,0.0,0.0,1,943.3
2020-10-19,-0.4697606407550206,0.7401031599191802,0.2900850572952572,-0.07876949471222813,,0.09633161634943775,,0.0,0.0,1,943.69
2020-10-20,-0.41667209122773186,0.5754554922159004,0.2898238436974297,0.21948859887510908,,0.13361916871214147,,0.4,0.0,1,944.42
2020-10-21,-0.5750883013614125,0.5713101334354943,0.18132535580663187,-0.0754745418984287,,0.02041452919645699,,0.0,0.0,1,939.03
2020-10-22,-0.5702171512686955,0.9585300557382758,0.18725217089912377,0.2312105296434692,,0.16135512100243465,,0.4,0.0,1,949.9
2020-10-23,-0.3785649281020888,0.9453904519362482,0.21689379563881017,0.4086003065689716,,0.23846392520838827,,0.4,0.0,1,961.26
2020-10-26,-0.5443279578493204,0.7048726850127467,0.0479009264979323,0.11568358807604691,,0.06482584834748109,,0.4,0.0,1,950.8
2020-10-27,-0.4906817200646738,0.5430533317317037,-0.17851170169207836,-0.1562681609250344,,-0.05648165019001658,,0.4,0.0,1,946.47
2020-10-28,-0.8468764164556396,-0.0836702652481058,-0.6209588942636255,-0.4830385237727164,,-0.4069088199480175,,0.8,0.0,1,921.05
2020-10-29,-0.79760018365403,0.07554402613035915,-0.876464281137079,-0.5045834371272162,,-0.4206207751575932,,0.4,0.0,1,919.08
2020-10-30,-0.7969960449522688,0.1578806068714856,-0.9484263445263913,-0.32752045141433583,,-0.38301244680430213,,0.4,0.0,1,925.47
2020-11-02,-0.7264383183054242,0.31534583728422283,-0.8783457556401477,-0.31816852100816867,,-0.32152135153390354,,0.4,0.0,1,933.68
2020-11-03,-0.7425467382332129,0.3186126350507748,-0.7443885537335934,-0.3943938794467714,,-0.3125433072725606,,0.4,0.0,1,935.41
2020-11-04,-0.5907808456882488,0.47869368512153876,-0.5743719730273412,-0.3579630398801199,,-0.20888443469483425,,0.4,0.0,1,939.76
2020-11-05,-0.6078285985573808,0.3256707041035134,-0.514488278208434,-0.45574459058703964,,-0.2504781526498682,,0.4,0.0,1,937.75
2020-11-06,-0.6313025273393813,0.253038834811694,-0.4675334111154984,-0.5440107069435535,,-0.27796156211734785,,0.4,0.0,1,938.29
2020-11-09,-0.25271194629534827,0.6545944618871438,-0.2731909342557598,-0.2342608626201077,,-0.02111385625681439,,0.4,0.0,1,951.99
2020-11-10,0.020511258172320475,0.6570755219342159,-0.16254374058092774,-0.5550385685199996,,-0.007999105798878178,,0.0,0.0,1,951.9
2020-11-11,0.5279099595700604,0.5766577816963755,-0.08861176391531721,-0.699922986736601,,0.06320659812290352,,0.0,0.0,1,952.22
2020-11-12,0.6173069612919923,0.7366248877763935,0.03312988477329734,-0.614283944957102,,0.15455555777691618,,0.4,0.0,1,959.28
2020-11-13,0.5152207295206757,0.8113283771601448,0.1618812504403045,-0.5147354185303396,,0.19473898771815706,,0.4,0.0,1,966.29
2020-11-16,0.439018204591998,0.4879590504292391,0.08022407802008799,-0.6142193888429855,,0.07859638883966791,,0.4,0.0,1,950.79
2020-11-17,0.6373235477857919,0.7208974565694538,0.1887474246911218,-0.2974027989789483,,0.24991312601348387,,0.4,0.0,1,968.9
2020-11-18,0.9247413852564796,0.7116059083297103,0.2913071627280776,-0.23309654604941774,,0.33891158205297,,0.4,0.0,1,973.53
2020-11-19,0.8963703277754229,0.93586140517356,0.42263707721439503,0.12497343663746677,,0.4759684493601689,,0.8,0.0,1,983.26
2020-11-20,1.051496644433023,0.9220887939030527,0.4802411163119166,0.26282075720050874,,0.5433294623697003,,0.8,0.0,1,990.0
2020-11-23,0.9351433528058026,0.9070846729985159,0.510495355767613,0.4842809022462959,,0.5674008567636455,,0.8,0.0,1,994.19
2020-11-24,0.8510454663801179,0.8918794817486787,0.468279467202667,0.583115699191352,,0.5588640229045632,,0.8,0.0,1,995.76
2020-11-25,0.9592437438705206,0.8770588106732148,0.42440095289711555,0.4222839060174524,,0.5365974826916606,,0.8,0.0,1,999.94
2020-11-26,0.8519038660583342,0.93870554954375,0.4201217032680369,0.6872180359494627,,0.5795898309639168,,0.8,0.0,1,1005.97
2020-11-27,0.9671817470594195,0.9224902845726126,0.4538947320163813,0.6976218719374577,,0.6082377271171743,,0.8,1.0,1,1010.22
2020-11-30,0.9509536867612006,0.9077494790992097,0.3975931955607992,0.4233027148960463,,0.5359198152634512,,0.8,1.0,1,1003.08
2020-12-01,0.7374039230806525,0.8927033361771111,0.39979911617898145,0.8174209072063211,,0.5694654565286132,,0.8,1.0,1,1008.87
2020-12-02,0.5260428705216029,0.8788048905906127,0.41399182581908295,0.9079026772478946,,0.5453484528358387,,0.8,1.0,1,1014.32
2020-12-03,0.6919667952212616,0.8650270307626757,0.4260787324304206,1.0091632511294981,,0.5984471619087712,,0.8,1.0,1,1019.8
2020-12-04,0.564653788802418,0.8504082854424434,0.3959236682871185,0.8666133358146478,,0.5355198156693256,,0.8,1.0,1,1021.49
2020-12-07,0.7230159047828933,0.8353704359808859,0.3837304999371201,0.8568551478368411,,0.5597943977075481,,0.8,1.0,1,1029.98
2020-12-08,0.5260584178799941,0.8207232519903731,0.3580790864860544,1.1994489716949563,,0.5808619456102756,,0.8,1.0,1,1029.26
2020-12-09,0.8547234720453181,0.8060028569883761,0.3847278628901017,1.2081303369048686,,0.6507169057657329,,0.8,1.0,1,1039.13
2020-12-10,0.3027885049346438,0.7919444044241456,0.21780850756212175,0.7133753860122954,,0.40518336058664134,,0.8,1.0,1,1030.91
2020-12-11,0.2654829718325315,0.7774003546099129,0.23057574390307498,1.0563539479687651,,0.4659626036628569,,0.8,1.0,1,1045.96
2020-12-14,0.7374805300135255,0.7630126103459894,0.36697622482283637,1.2662794963976687,,0.626749772316004,,0.8,1.0,1,1064.09
2020-12-15,0.5436597377730331,0.7488705238673394,0.30128948337321254,0.9217078357198617,,0.5031055161466894,,0.8,1.0,1,1055.27
2020-12-16,0.5622836440369038,0.7347738174680352,0.3307659893063799,1.2098241636144507,,0.567529522885154,,0.8,1.0,1,1066.99
2020-12-17,0.12040220978975345,0.721313583988531,0.20349669652777172,0.7581406696931344,,0.3606706319998381,,0.8,1.0,1,1051.77
2020-12-18,0.3011888219531362,0.7077059308614835,0.29481293375066586,1.0371882321688957,,0.46817918374683626,,0.8,1.0,1,1067.46
2020-12-21,0.47999483484630545,0.6942043240347646,0.47191019335155365,1.2647883986520978,,0.5821795501769443,,0.8,1.0,1,1081.08
2020-12-22,0.49711888213241195,0.6806596306870486,0.5376943525856731,1.3107463967832322,,0.6052438524376732,,0.8,1.0,1,1083.45
2020-12-23,0.32292239373238824,0.6671655562808014,0.40243715671333147,0.6383275435087306,,0.4061705300470503,,0.8,1.0,1,1078.9
2020-12-24,0.29650474796478593,0.5730563288015554,0.08713875590994871,0.830342454224486,,0.35740845738015525,,0.8,1.0,1,1067.52
2020-12-25,0.3080487584162684,0.6417035826569127,0.07266108618678568,1.3090179709031127,,0.46628627963261593,,0.8,1.0,1,1084.42
2020-12-28,0.2808663494738036,0.547383078701971,0.08964515528359944,1.3244579737867728,,0.4484705114492294,,0.8,1.0,1,1091.33
2020-12-29,0.30009443423459986,0.616640439484938,0.08049865623603271,1.1713569256916962,,0.43371809112945336,,0.8,1.0,1,1099.49
2020-12-30,0.024002944712299683,0.604270751060044,-0.035362843563348664,1.110548585151591,,0.3406918874721172,,0.4,1.0,1,1097.54
2020-12-31,0.4188873876916162,0.5920115725942525,-0.04116641256443232,0.8400988661463888,,0.3619662827735651,,0.4,1.0,1,1103.87
2021-01-04,0.33763260592478384,0.581173466345311,0.12725727321931815,0.7238190071596531,,0.35397647052981324,,0.8,1.0,1,1120.47
2021-01-05,0.2932789669541076,0.5699272388602515,0.3289377199317625,1.45454780857601,,0.5293383468644264,,0.8,1.0,1,1132.55
2021-01-06,0.432766649815047,0.5572604545154886,0.468441183792606,1.5423992602265808,,0.6001735096699445,,0.8,1.0,1,1143.21
2021-01-07,0.5617440321920845,0.5450960177341055,0.6228962051457569,1.6487623289962954,,0.6756997168136485,,0.8,1.0,1,1156.49
2021-01-08,0.932979218545483,0.5325605983914894,0.7696344489051007,1.6381303318632396,,0.7746609195410626,,0.8,1.0,1,1167.6899
2021-01-11,0.7751484550336638,0.5205417521441074,0.9160879749864996,1.6271180666133256,,0.7677792497555194,,0.8,1.0,1,1184.89
2021-01-12,0.8153047389764286,0.5092775894832647,0.9325708354314458,1.614256435539335,,0.774281919886095,,0.8,1.0,1,1192.28
2021-01-13,0.6659206979375023,0.49741873587446267,0.7952256566539104,1.6045110057911198,,0.7126152192513991,,0.8,1.0,1,1186.05
2021-01-14,0.7394139133059072,0.48677267374617517,0.6576187345418447,1.595636453247969,,0.6958883549683792,,0.8,1.0,1,1187.4
2021-01-15,0.7776282189986518,0.47537068852651987,0.5796655930391309,1.586181486052529,,0.6837691973233664,,0.8,1.0,1,1194.2
2021-01-18,0.4301167412665706,0.46666457572744147,0.3704965680197458,1.5742696006739552,,0.5683094971375426,,0.8,1.0,0,1191.9399
2021-01-19,-0.3737343729273141,-0.029055129714844575,-0.5718387285754812,0.8296802333374679,,-0.02898959957603439,,0.4,1.0,0,1131.0
2021-01-20,-0.4184533785424656,0.21299610399014313,-1.1420633503389885,1.5162663355778156,,0.03374914213730096,,0.0,1.0,0,1134.6801
2021-01-21,-0.17848136733563988,0.29035405995818464,-1.1931662076922709,1.5447247354280342,,0.09268624407166165,,0.0,1.0,0,1164.21
2021-01-22,-0.2537514270722854,0.1251038192665314,-1.2201695234714693,1.530461359603726,,0.03632884566530059,,0.0,1.0,0,1166.78
2021-01-25,-0.27898837223371287,-0.047369756147684856,-1.291492947924086,1.1436693873130945,,-0.09483633779847783,,0.4,1.0,0,1166.05
2021-01-26,-0.465058537835319,-0.3864198556423688,-1.6709026833162266,1.3640347290792791,,-0.2316692695429271,,0.4,1.0,0,1136.12
2021-01-27,-0.6142294907281398,-0.7285620101440297,-2.2933330921219217,0.6887667758008245,,-0.5894715634386534,,0.4,1.0,0,1097.17
2021-01-28,-1.0201225742008129,-1.725260485364962,-2.487495050910619,-0.17374311716997562,,-1.081324245529274,,0.8,0.0,0,1023.94
2021-01-29,-0.9531445941609107,-1.3110171546582234,-2.4621566831191934,0.04907483300021287,,-0.935448719787623,,0.4,0.0,1,1056.61
2021-02-01,-1.1173530338625808,-1.5482825629515775,-2.388372979999284,-0.4128844295847958,,-1.0933786012796476,,0.8,0.0,1,1035.51
2021-02-02,-1.0574871500884195,-1.0513017890166216,-2.3139320793915408,-0.10650114390581113,,-0.9058444324804786,,0.8,0.0,1,1075.53
2021-02-03,-1.0559455900064,-0.22999492376040287,-2.244937287729858,0.25026126251804665,,-0.6561233077957229,,0.4,0.0,1,1111.29
2021-02-04,-1.2196477460235735,-0.23891538193808157,-1.609516068031697,0.38686994878299524,,-0.5362418494420713,,0.4,0.0,1,1112.1899
2021-02-05,-1.2953342412648212,-0.16250649927565203,-0.9537497843978106,0.5387695902768076,,-0.3745641869322953,,0.4,0.0,1,1126.91
2021-02-08,-1.4361469026873959,-1.0071083987981613,-0.8899534313296088,0.038067997466762905,,-0.6590281470696806,,0.4,0.0,1,1083.1801
2021-02-09,-1.1969814628904931,-0.33628475856917356,-0.5120398849179305,0.7346256310749822,,-0.26213609506052304,,0.4,0.0,1,1114.9301
2021-02-17,-0.6731539897667403,0.1622737150261787,0.16332694405823536,0.8360745962952043,,0.09770425312257561,,0.4,0.0,1,1155.78
2021-02-18,-0.05544498580744759,0.23864818659052206,0.7058263533179009,1.0617263324141148,,0.39015117730301807,,0.4,0.0,1,1174.38
2021-02-19,-0.2559872153652761,0.2305294591538226,1.007178732853143,1.1916872524514752,,0.434681645818633,,0.4,0.0,1,1173.5
2021-02-22,0.1667510416922954,0.22246645315249025,1.1242690070748949,1.123120593304103,,0.5273214190447567,,0.8,0.0,1,1175.04
2021-02-23,0.3493118908792028,0.12870300081972677,1.1684927886839689,1.1536544609515162,,0.5600324282668829,,0.8,0.0,1,1177.64
2021-02-24,0.09735216208732891,-0.052991136205714384,0.9716519839721992,0.8340315868349397,,0.3700089193377507,,0.4,0.0,1,1162.01
2021-02-25,0.5590609238020563,-0.06346766615857377,0.8327144576746573,0.878921697253218,,0.44144588251427164,,0.4,0.0,1,1165.4301
2021-02-26,0.2862493689214609,-0.07400414295910863,0.6969770019349515,1.4810784943293707,,0.4780601444453349,,0.4,0.0,1,1168.47
2021-03-01,0.7562018426733105,0.09052975072034328,0.7585427119398128,1.4727848514356803,,0.6156118313538295,,0.8,1.0,1,1186.17
2021-03-02,0.595613774716643,0.0801774675436294,0.772997891587002,1.1807081276055733,,0.5258994522905696,,0.8,1.0,1,1186.61
2021-03-03,0.265918039529659,0.07040243864395655,0.7183498047100642,1.3139616914458927,,0.4737263948659145,,0.8,1.0,1,1186.95
2021-03-04,0.26092135769322145,-0.38049185025524823,0.4006324475514146,0.9624413808273066,,0.24870066716333888,,0.4,1.0,1,1168.52
2021-03-05,0.14956990582885202,-0.21036009410138384,0.17986670318881706,1.4530122682811712,,0.31441775663949134,,0.4,1.0,1,1168.6899
2021-03-08,0.5783887871787337,-0.3987509330392792,-0.0012305522098050594,1.0187781898594483,,0.23943709835781954,,0.0,1.0,1,1168.27
2021-03-09,0.3696680730299682,-0.40715558039791655,-0.23561936884040194,0.9210311896359864,,0.1295848626855272,,0.0,1.0,1,1161.97
2021-03-10,0.06560040417179512,-0.42243313652476816,-0.3270712369729214,1.0007845109718405,,0.06337610832918922,,0.0,1.0,1,1170.08
2021-03-11,-0.13507075639190586,-0.2533560348262799,-0.2576757651528608,1.2912716631293442,,0.12903382135165953,,0.4,1.0,1,1181.73
2021-03-12,-0.09856314851412341,-0.17636248673930202,-0.23258476288173668,1.1680976416124162,,0.13211744869545083,,0.4,1.0,1,1181.5601
2021-03-15,-0.36126927403656534,-0.28875725820204046,-0.2209198179075651,0.8284669284486014,,-0.008495884339513926,,0.4,1.0,1,1184.5601
2021-03-16,-0.43412977726729496,-0.4045322329027124,-0.2515671657648238,0.9021778415211567,,-0.03761026688273489,,0.4,1.0,1,1179.9
2021-03-17,-0.3168983933540938,-0.32419251831759244,-0.19541104487053684,1.0569889353726099,,0.044097395766077324,,0.4,1.0,1,1186.09
2021-03-18,0.12208676905932601,0.06436228392559931,-0.04132551201650104,1.3610663591171384,,0.30123798001711255,,0.4,1.0,1,1200.9399
2021-03-19,0.04123297086184499,-0.1586408305503652,-0.08383033201158778,1.191353860369787,,0.19802313373393582,,0.0,1.0,1,1194.05
2021-03-22,-0.12033387928571704,-0.1758465206008749,-0.18622430725842246,0.9211720766062311,,0.08775347389224335,,0.4,1.0,1,1194.4301
2021-03-23,-0.27773439239725184,-0.19343899900484882,-0.41634572708392115,0.5993909374678459,,-0.05762563620363517,,0.4,1.0,1,1183.45
2021-03-24,-0.654972292105048,-1.2137117687690768,-0.9093415817116284,0.4772677493180837,,-0.46015157865353395,,0.4,1.0,1,1161.8101
2021-03-25,-0.5978028896335074,-1.2436685186274643,-1.2365269343492775,0.07257214435333226,,-0.6010852396513834,,0.4,1.0,1,1163.1
2021-03-26,-0.7410031877660238,-1.1590941204780807,-1.3533959352396718,0.3836740148881735,,-0.5739638457191206,,0.4,1.0,1,1162.21
2021-03-29,-0.6784874816872217,-0.8383852478914301,-1.1721052004683865,0.5572257307910627,,-0.42635043985119514,,0.4,1.0,1,1175.6801
2021-03-30,-1.0622453139574883,-0.5028756273254674,-0.8260084590732651,0.6360578828927719,,-0.3510143034926898,,0.4,1.0,1,1186.36
2021-03-31,-1.1887805838400343,-0.7801973991194142,-0.4670219566593975,0.7787819838136572,,-0.3314435911610378,,0.4,1.0,1,1191.4399
2021-04-01,-0.933192891262805,0.09524469485612837,0.06420849678152502,1.0566654879141275,,0.05658515765779515,,0.4,1.0,1,1216.1
2021-04-02,-0.6786086878879454,0.08139803759197911,0.476302290718816,1.035070608450079,,0.18283244977458576,,0.4,1.0,1,1224.45
2021-04-05,-0.6082914515970498,0.06739466097639482,0.7246749539104633,1.201801688313253,,0.2771159703206123,,0.4,1.0,1,1236.05
2021-04-06,-0.5100979211738829,-0.08749455097540257,0.8351621943347501,1.4364992128061123,,0.33481378699831543,,0.0,1.0,1,1239.96
2021-04-07,-0.15292721380260532,-0.10440339609177827,0.8760332706435204,1.433095243779922,,0.4103595809058118,,0.0,1.0,1,1242.38
2021-04-08,-0.9864944082280701,0.027662775659102107,0.7305173252089366,1.0592856978499938,,0.16619427809799248,,0.4,1.0,1,1234.89
2021-04-09,-0.49843736116213044,0.013268118358865762,0.5427378296848963,1.159980535785694,,0.24350982453346515,,0.4,1.0,1,1231.66
2021-04-12,-0.7662799586826924,-0.15888042471098948,0.5535785478741153,1.428394565166359,,0.2113625459293585,,0.0,1.0,1,1252.45
2021-04-13,-0.8305666291257369,-0.6587498634047229,0.3479210977728058,1.2609603669772518,,0.02391299444391959,,0.0,1.0,1,1248.33
2021-04-14,-0.18347020741057374,-0.5147302921150821,0.23845076233170795,1.4277021941957067,,0.19359049140035173,,0.0,1.0,1,1255.87
2021-04-15,-0.7605145657921265,-1.0293404015296335,-0.12335551876345424,1.4236560355486034,,-0.09791089010732212,,0.4,1.0,1,1247.25
2021-04-16,-1.0429732955036084,-1.540301098558293,-0.5930686199745292,1.4223675108785623,,-0.35079510063157376,,0.4,1.0,1,1238.71
2021-04-19,-1.116918820735065,-1.212937226676454,-0.5938188804216945,1.4180252869610968,,-0.30112992817442347,,0.4,1.0,1,1260.58
2021-04-20,-1.1902574974504414,-1.3855097799673348,-0.5323501971467132,1.4129720729295525,,-0.3390290803269874,,0.4,1.0,1,1268.28
2021-04-22,-1.3176055993142946,-2.2611637682358774,-1.1586215333064902,0.9686548543558956,,-0.7537472093001534,,0.4,1.0,1,1227.8199
2021-04-23,-1.1475933729493162,-1.5866766002279908,-1.205330957272002,1.3577334615034269,,-0.5163734937891763,,0.4,1.0,1,1248.53
2021-04-26,-1.5190473967490326,-1.7743860813241108,-1.648243994660273,0.8596122622625348,,-0.8164130420941764,,0.4,0.0,1,1215.77
2021-04-27,-1.554394155682867,-1.9503039053509577,-1.8488334797904988,1.1236425729035133,,-0.8459777935841623,,0.4,0.0,1,1219.75
2021-04-28,-1.4239901394870396,-1.782966486679716,-1.73577433619715,0.9528754937180619,,-0.7979710937291689,,0.4,0.0,1,1229.55
2021-04-29,-1.6600732510196792,-1.970661325626082,-1.4409245245305098,0.7668486295241055,,-0.8609620943304331,,0.4,0.0,1,1239.39
2021-05-04,-1.50501838905599,-1.6253756107459856,-1.214023006601475,0.8975134882745853,,-0.6893807036257731,,0.4,0.0,1,1242.2
2021-05-05,-1.3295612579139993,-1.4630151861293685,-0.7662481960896325,0.7171534280390423,,-0.5683342424187916,,0.4,0.0,1,1256.4301
2021-05-06,-1.5560830296272599,-1.8405153924886195,-0.5444718240866616,0.6697568088749223,,-0.6542626874655239,,0.4,0.0,1,1250.5699
2021-05-07,-1.520546209011908,-2.2017110852874424,-0.48291865564641606,0.7198839012753979,,-0.6970584097340737,,0.4,0.0,1,1241.8101
2021-05-10,-0.9522101373741727,-1.995948510149049,-0.028383138764422604,1.1922606533183955,,-0.35685622659384975,,0.4,0.0,1,1259.58
2021-05-11,-0.9282833484050138,-1.9686717839936319,0.15659823594579453,0.7987887457197553,,-0.3883136301466192,,0.0,0.0,1,1256.04
2021-05-12,-0.15414224196185775,-1.7647129799179495,0.5118332561020783,0.9811755052949697,,-0.08516929209655183,,0.0,0.0,1,1269.09
2021-05-13,-0.19915689219382426,-1.7421195700698766,0.6541618660092148,0.6526921600188527,,-0.12688448724712667,,0.0,0.0,1,1261.99
2021-05-14,-0.12619795430418335,-1.720328676680767,0.9202664332356545,0.7597593298287493,,-0.033300173584109305,,0.0,0.0,1,1266.36
2021-05-17,-0.1000513914652901,-1.6994022653890193,0.900293530360723,0.5604218427561295,,-0.0677476567474914,,0.0,0.0,1,1258.7
2021-05-18,-0.24600149497152432,-1.853886914211735,0.7212355776088565,0.734876749798958,,-0.12875521635508896,,0.0,0.0,1,1252.6801
2021-05-19,-0.12190727293476283,-1.6544342180711762,0.7595583672959314,0.9039927093676573,,-0.022558082868470053,,0.0,0.0,1,1262.49
2021-05-20,-0.03486058450313316,-1.4582663321988143,0.9745191912758104,1.2288671714875645,,0.1420518892122855,,0.0,0.0,1,1278.22
2021-05-21,0.28782720484133245,-1.4420144494473282,1.1176230335691781,1.2029971662053645,,0.23328659103370938,,0.4,0.0,1,1283.9301
2021-05-24,0.6349072339015382,-1.070857829712363,1.3511169417190192,1.1857336209611569,,0.42017999337387024,,0.4,0.0,1,1297.98
2021-05-25,0.723231128749428,-0.8804731539483984,1.6428878485640568,1.238194857967961,,0.5447681362666095,,0.4,0.0,1,1308.58
2021-05-26,0.5782782398348228,-0.8704115746601445,1.8852970884752085,1.3776104207394304,,0.5941548348778635,,0.4,0.0,1,1316.7
2021-05-27,0.749363969203847,-1.221367811478065,1.5956168488505325,1.3045946021646746,,0.4856415217481978,,0.4,0.0,1,1303.5699
2021-05-28,0.8328683192592206,-1.0275597685943128,1.6338010237754572,1.3705244170902173,,0.5619267983061165,,0.4,0.0,1,1320.46
2021-05-31,0.6470223121261214,-1.198165947398558,1.7310911206239035,1.363735183277912,,0.5087365337258758,,0.4,0.0,1,1328.05
2021-06-01,0.7387618096170087,-1.1855029905901493,1.7356073778663403,1.3559076332457474,,0.5289547660277895,,0.4,0.0,1,1337.78
2021-06-02,0.7807629811720518,-0.8060799360400823,1.5972990077103077,1.349865619219206,,0.5843695344122967,,0.4,0.0,1,1340.78
2021-06-03,1.202766951207988,-0.610389118773547,1.7957834919316062,1.341974619397844,,0.7460271887527783,,0.4,0.0,1,1364.28
2021-06-04,1.2438733579177175,-0.41371007159891493,1.9485508696712066,1.3353659792026598,,0.8228160270385338,,0.4,1.0,1,1374.05
2021-06-07,0.9529581958346773,-0.2157889110564637,1.5346859106446773,1.31125692362452,,0.7166224238094823,,0.4,1.0,1,1358.78
2021-06-08,0.5082982693104987,-0.7750600174908637,0.4513428630332633,1.2592453143809272,,0.2887652858467651,,0.4,1.0,1,1319.88
2021-06-09,0.5261585078897815,-1.1448040562165729,-0.09447689810784102,1.2088933409058247,,0.09915417889423847,,0.0,1.0,1,1332.9
2021-06-10,0.44248450306698606,-1.322292243188687,-0.7112711125591381,1.1606866477475752,,-0.0860784409866528,,0.0,1.0,1,1323.58
2021-06-11,0.5748390758248499,-0.7327579965775216,-0.6021876574179255,1.1156542203403186,,0.0711095284339443,,0.0,1.0,1,1351.74
2021-06-14,0.6260731152405506,-0.15007227837104245,-0.4363833216121454,1.0710106798205332,,0.2221256390155792,,0.0,1.0,1,1361.72
2021-06-15,0.6035301761287304,0.046753504284240265,-0.37054365243737997,1.0301839282599683,,0.2619847912471118,,0.4,1.0,1,1367.36
2021-06-16,0.6407011633320002,-0.15540211535248932,-0.6364605598574921,0.9897952865023922,,0.1677267549248822,,0.0,1.0,1,1356.52
2021-06-17,0.7400706749707423,0.2328351941449291,-0.7562586907701417,0.951045968737317,,0.23353862941656933,,0.4,1.0,1,1359.92
2021-06-18,0.7144909445905385,0.03425195077240717,-0.680127560724934,0.913216048332157,,0.19636627659403377,,0.4,1.0,1,1377.77
2021-06-21,0.713735438799918,0.029781731873260203,-0.7775541394724897,0.8768250137559874,,0.16855760899133515,,0.4,1.0,1,1372.63
2021-06-22,0.9103940110458705,0.029175836361278434,-0.7517446265588759,0.8418817813105893,,0.2059414004317725,,0.4,1.0,1,1379.97
2021-06-23,0.6480250321577998,-0.16398180888797856,-0.8152906094434229,0.8084242269931678,,0.09543536816391326,,0.0,1.0,1,1376.87
2021-06-24,0.46148428640426276,0.03111081755784603,-0.8725158664284727,0.6130354781557069,,0.04662294313786862,,0.4,1.0,1,1379.72
2021-06-25,0.24952087805933673,-0.16506281837861173,-0.7880766126604289,0.7499055633478569,,0.009257402073630572,,0.0,1.0,1,1390.12
2021-06-28,0.15090635413545822,-0.17029652370818618,-0.45477075679277806,0.7194101315655214,,0.04904984104000308,,0.0,1.0,1,1405.8101
2021-06-29,0.4819176928789258,0.0181670313475179,-0.246215996568693,0.6897745511870642,,0.18872865576896297,,0.4,1.0,1,1410.04
2021-06-30,-0.2942616545637726,0.0049437536909881195,-0.22257357074334783,0.6608847846511222,,0.02979866260699797,,0.0,1.0,1,1408.55
2021-07-01,-0.4354417641341402,-0.21052256297565203,-0.0968696474144743,0.6327644533490056,,-0.0220139042350522,,0.4,1.0,1,1417.08
2021-07-02,-0.7861392858027665,-0.22146342396143415,0.0887425279240038,0.6054434248493894,,-0.06268335139816149,,0.0,1.0,1,1420.27
2021-07-05,-0.7639070004061119,-0.23458669204941537,0.09696017673636168,0.5790560088144348,,-0.06449550138094617,,0.0,1.0,0,1411.13
2021-07-06,-1.6202221695481096,-1.689505474999426,-0.9419921506634661,0.4030842597188091,,-0.7697271070984386,,0.4,1.0,0,1354.79
2021-07-07,-1.190821130505802,-0.8545193603229964,-1.0365120937365673,0.5323306592078213,,-0.5099043850715089,,0.4,1.0,0,1388.55
2021-07-08,-1.3832971795819997,-0.8517005694234396,-1.2630233623187188,0.5078196917459352,,-0.5980402839156447,,0.4,1.0,0,1374.6801
2021-07-09,-1.7473805906766424,-1.6667521349370684,-1.8974217318412225,0.47421115529081226,,-0.9674686604328242,,0.4,0.0,0,1347.14
2021-07-12,-2.187816765117119,-2.6338036188261507,-2.9770804588405824,0.23160318744186015,,-1.5134195310683984,,0.4,0.0,0,1296.3
2021-07-13,-2.196480037557933,-2.5720151975797947,-2.9770804588405824,0.10239299025720358,,-1.5286365407442213,,0.4,0.0,0,1297.54
2021-07-14,-2.275145162156311,-2.9509045150690256,-2.9770804588405824,0.04258404848816414,,-1.632109217515551,,0.4,0.0,0,1279.91
2021-07-15,-2.2438946505831083,-2.7865874888688187,-2.9770804588405824,0.1669174039941173,,-1.5681290388596787,,0.4,0.0,0,1293.92
2021-07-16,-2.2508351081359317,-2.355968333304045,-2.9616122251206685,0.01780295873251272,,-1.5101225415656268,,0.4,0.0,0,1299.3101
2021-07-19,-2.353914331860029,-2.9509045150690256,-2.899297755489231,-0.3523227259582386,,-1.7112878656753048,,0.8,0.0,0,1243.51
2021-07-20,-2.1316068852416317,-2.8657449558710666,-2.7970450524848807,0.004682935025951371,,-1.5579427917143256,,0.4,0.0,1,1273.29
2021-07-21,-2.116898367434156,-2.9509045150690256,-2.686212031159187,-0.3072615733791745,,-1.6122552974083084,,0.8,0.0,1,1270.79
2021-07-22,-1.9231024068162532,-2.3589290898607507,-2.0947243846056702,-0.16223154135587461,,-1.3077974845277098,,0.8,0.0,1,1293.67
2021-07-23,-1.883130083691722,-2.925341625037332,-1.816069135664524,-0.38722696389340105,,-1.4023535616573959,,0.8,0.0,1,1268.83
2021-07-26,-0.7719707569476276,-2.5347719021951947,-1.552542032562211,-0.2770900438024158,,-1.02727494710149,,0.8,0.0,1,1272.71
2021-07-27,-0.590380271868689,-2.6752115394729508,-1.14649837700695,-0.4202242191173591,,-0.9664628814931897,,0.8,0.0,1,1276.9301
2021-07-28,-0.6591866691799316,-2.681064708091791,-0.8287199446318443,-0.6469669776573411,,-0.9631876599121816,,0.8,0.0,1,1277.0699
2021-07-29,-1.050380982410119,-1.9080078984631408,-0.35272269441046633,-0.7609259815002354,,-0.8144075113567923,,0.8,0.0,1,1293.6
2021-07-30,-0.08732529349324189,-1.7896695914179221,0.1908352445856899,-0.6799303364404775,,-0.4732179953531903,,0.4,0.0,1,1310.05
2021-08-02,0.8115459775110198,-1.8193328511766602,0.5871595868579648,-0.8149950606109229,,-0.24712446948371974,,0.0,0.0,1,1314.22
2021-08-03,0.7628299044201174,-1.357059432652442,0.9995139004613188,-0.7583360231283753,,-0.0706103301798762,,0.0,0.0,1,1332.4399
2021-08-04,0.8056250338877883,-1.386555234998305,1.2607119530516064,-0.9515625776960619,,-0.05435616515099445,,0.0,0.0,1,1334.74
2021-08-05,0.7954702867230163,-1.2295882394182587,1.5145778543636244,-0.7718659176480406,,0.061718796804068304,,0.0,0.0,1,1345.55
2021-08-06,0.9333073274580984,-1.0608996343311818,1.5609451803841627,-1.1636726541434954,,0.053936043873516804,,0.0,0.0,1,1341.45
2021-08-09,0.9756841760854179,-1.0638743751215396,1.7398051480556151,-1.225484390971532,,0.08522611160959231,,0.0,0.0,1,1359.86
2021-08-10,1.0140871106484275,-0.7210564355427758,1.750033398122309,-1.2599520925174015,,0.15662239614211187,,0.0,0.0,1,1362.4301
2021-08-11,1.1089501015899041,-0.7219888903747208,1.599995559364003,-1.5547303027040076,,0.08644529357503572,,0.0,0.0,1,1357.79
2021-08-12,0.902438727728821,-0.7245096494167897,1.33324743823269,-1.9551812473015464,,-0.08880094615136502,,0.0,0.0,1,1353.05
2021-08-13,1.0375862925777153,-0.5496758073313729,1.1020035346158918,-1.9342205306069782,,-0.06886130214894881,,0.0,0.0,1,1357.05
2021-08-16,1.0483811920546364,-0.5438147708165065,1.0971229254390205,-1.8423966341714697,,-0.04814145749886389,,0.0,0.0,1,1370.96
2021-08-17,0.9804242784875596,-0.8928183252445515,0.9415000914762348,-1.759960872035574,,-0.14617096546326622,,0.0,0.0,1,1363.09
2021-08-18,1.079235078688698,-0.886365206811824,0.7637009035218321,-2.0261597152895168,,-0.21391778797816216,,0.0,0.0,1,1360.9399
2021-08-19,0.8330074044263586,-0.3542566066133481,0.692387571388758,-1.8356832839871318,,-0.13290898295707265,,0.0,0.0,1,1374.85
2021-08-20,0.49395418402407537,-2.584398023843881,0.08476682491464595,-2.257607316182866,,-0.8526568662176051,,0.0,0.0,0,1329.4301
2021-08-23,-0.7120771779182413,-2.8394084044798147,-0.7154494469087859,-2.511356313772292,,-1.355658268615827,,0.8,0.0,0,1298.86
2021-08-24,-0.868352376339329,-2.785552813920323,-1.1423729790584796,-2.443714655381507,,-1.4479985649399278,,0.8,0.0,0,1298.74
2021-08-25,-0.799149148606768,-2.7361769238113727,-1.1715571146289305,-2.2018827694879968,,-1.3817531913070136,,0.8,0.0,1,1309.55
2021-08-26,-0.7151349149020292,-2.5355972780253095,-1.2375509006797123,-2.330481457249139,,-1.363752910171238,,0.8,0.0,1,1301.12
2021-08-27,-0.6158967264612167,-2.4636259314157805,-1.1215767884777812,-2.1134630351281505,,-1.2629124962965859,,0.8,0.0,1,1313.2
2021-08-30,-0.6619972667946983,-2.109128342097108,-0.8483952058780959,-2.0083643001503604,,-1.1255770229840527,,0.8,0.0,1,1328.14
2021-08-31,-0.6495185653152208,-1.9191223952948453,-0.6045962458049041,-2.0279638770215214,,-1.0402402166872984,,0.8,0.0,1,1331.47
2021-09-01,-0.4577418548903225,-1.8815092148254144,-0.379939906186752,-2.0551307773215965,,-0.9548643506448171,,0.8,0.0,1,1334.65
2021-09-06,-0.03557826027382653,-1.7034243572941576,-0.13792982340377252,-1.9168237597669442,,-0.7587512401477403,,0.8,0.0,1,1346.39
2021-09-07,0.2984771787935803,-1.389665277634154,0.0462962047015249,-2.0758989513443393,,-0.6241581690966777,,0.0,0.0,1,1341.9
2021-09-08,0.5758105111546902,-1.935674076267554,0.10267942837721514,-2.2545741202899685,,-0.7023516514051235,,0.0,0.0,1,1333.61
2021-09-09,0.36546501170102197,-1.4758047804563852,0.2955150563594017,-2.2189837109079393,,-0.6067616846607802,,0.0,0.0,1,1343.98
2021-09-10,0.4650119947216179,-1.4529535331475738,0.40616497270891383,-2.2054226518859004,,-0.5574398435205885,,0.0,0.0,1,1345.3101
2021-09-13,0.15778921614812877,-1.2886519388219322,0.40573583324836426,-2.3926551472050472,,-0.6235564073260973,,0.0,0.0,1,1341.4301
2021-09-14,-0.3993391997509915,-1.4098303959638183,0.32091946931601023,-2.460039945104269,,-0.7896580143006138,,0.4,0.0,1,1339.7
2021-09-15,-0.35754348657880386,-1.2464716848299002,0.34055797370801283,-2.527038731087983,,-0.7580991857577349,,0.4,0.0,1,1345.83
2021-09-16,-0.1102630726615178,-1.0866054115266326,0.4094611144241922,-2.2476660713280743,,-0.6070146882184065,,0.4,0.0,1,1345.87
2021-09-17,-0.3388168990977716,-1.0706447229778953,0.4985625899306217,-2.4863314822893314,,-0.6794461028868753,,0.4,0.0,1,1352.64
2021-09-20,-0.4247646220585527,-1.05485611061807,0.5356129368145998,-2.44789771109712,,-0.6783811013918286,,0.4,0.0,1,1350.48
2021-09-21,-0.2722978624127837,-0.8970015243951815,0.4144581869176954,-2.325960397822135,,-0.616160319542481,,0.4,0.0,1,1339.84
2021-09-22,-0.43860197553194646,-1.025771370661573,0.3982195430180875,-2.100371755382149,,-0.6333051117115162,,0.4,0.0,1,1350.6801
2021-09-23,-0.2644406960848325,-0.7250436719567577,0.42186267393182775,-2.148058710463923,,-0.5431360809147371,,0.4,0.0,1,1352.76
2021-09-24,-0.3356992800165741,-0.569623298997191,0.44981965124097584,-2.0737916458191616,,-0.5058589147183903,,0.4,0.0,1,1351.17
2021-09-27,-0.5700124601218914,-1.5584238797994034,0.20265832171884565,-2.2535513334419908,,-0.835865870328888,,0.4,0.0,1,1324.99
2021-09-28,-0.5284446039341113,-0.8219806577103168,0.1573063167661937,-2.089277059554611,,-0.6564792008865692,,0.4,0.0,1,1339.3101
2021-09-29,-0.9437198918663181,-0.9522169396549206,0.12196588101264882,-1.916339552002192,,-0.7380621005021564,,0.4,0.0,1,1339.21
2021-09-30,-1.0289296439593651,-0.7940753765493712,0.11613588921802068,-2.110986041378506,,-0.7635710345338445,,0.4,0.0,1,1342.0601
2021-10-01,-1.3856523255983382,-1.2110127495399778,-0.008323012689263108,-2.0424751343919927,,-0.9294926444439144,,0.8,0.0,1,1334.89
2021-10-04,-1.0794172288489812,-1.050000720570362,-0.020259649234233054,-2.0604842719527934,,-0.842032374121274,,0.8,0.0,1,1339.54
2021-10-05,-0.5654842469604376,-0.6054587814419355,0.17595542651821147,-1.851582533527242,,-0.5693140270822807,,0.4,0.0,1,1354.63
2021-10-06,-0.6243934793432849,-0.59503718658026,0.42669016549299,-1.8264181280210507,,-0.5238317256903211,,0.4,0.0,1,1362.8199
2021-10-07,-0.6652407023765412,-0.29738051297771323,0.5863269547184007,-1.7817105868058898,,-0.43160096948834875,,0.4,0.0,1,1365.99
2021-10-08,-0.4285643304044836,-0.2884929780398251,0.7346283177742244,-1.7340329305848228,,-0.3432923842509814,,0.4,0.0,1,1372.73
2021-10-11,0.9921257451267821,0.15744006115820003,1.0188398587302085,-1.612657390635514,,0.11114965487593537,,0.4,0.0,1,1394.09
2021-10-12,0.8025516060951864,0.16447897781727833,1.1460478276815196,-1.6816229866755439,,0.0862910849836881,,0.4,0.0,1,1394.8
2021-10-13,0.6308620011375611,0.318066139997292,1.1110371715990437,-1.6821969834218027,,0.0755536658624188,,0.4,0.0,1,1391.91
2021-10-14,0.7574635812731398,0.17850799374322004,0.9911652625141129,-1.8417376435266026,,0.017079838800774017,,0.4,0.0,1,1391.85
2021-10-15,1.0940184167998135,-0.10938436641881677,0.8236750132414077,-1.816556395533546,,-0.0016494663822283484,,0.0,0.0,1,1392.7
2021-10-18,1.2130282680506506,-0.10026448505626559,0.6806694063997916,-1.9206981115603599,,-0.02545298443323668,,0.0,0.0,1,1395.53
2021-10-19,0.5975683455456072,-0.23993920510357555,0.5298444888602005,-1.8181865476758885,,-0.18614258367473124,,0.0,0.0,1,1395.33
2021-10-20,0.4849465587223435,-0.380540133503151,0.35459442209334896,-1.8961338008872148,,-0.2874265907149347,,0.0,0.0,1,1393.8
2021-10-21,0.549883712195459,-0.671948315270072,0.03156526779285846,-1.91787332290255,,-0.40167453163686095,,0.0,0.0,1,1384.77
2021-10-22,0.8095861760837137,-0.5112201991553398,-0.16825195316863062,-1.8215385199117964,,-0.3382848992304106,,0.4,0.0,1,1389.24
2021-10-25,0.8708424666736673,-0.6524352842289141,-0.32223942143032086,-1.8030822047011923,,-0.381382888737352,,0.4,0.0,1,1385.4
2021-10-26,0.31390609174298373,-0.33803715214986224,-0.35421643115195534,-1.8087470485713386,,-0.4374189080260345,,0.4,0.0,1,1391.63
2021-10-27,0.33571972991736004,0.28244633048483725,-0.031656991624858744,-1.7187319658974618,,-0.22644457942402468,,0.0,0.0,1,1423.02
2021-10-28,0.4622670228621635,0.4411345976592692,0.32517054908021364,-1.5625621148218665,,-0.06679798904404405,,0.4,0.0,1,1438.01
2021-10-29,0.7405170041197169,0.9006875391073889,0.5111573836682027,-1.4791595717293642,,0.13464047103318888,,0.4,0.0,1,1444.27
2021-11-01,0.3747465502467331,0.8895634741852242,0.5027674977957092,-1.641660260810272,,0.025083452283478913,,0.4,0.0,1,1438.97
2021-11-02,0.9177840944599384,1.3315233500952273,0.5607485652247752,-1.4974479926528246,,0.26252160342542324,,0.4,0.0,1,1452.46
2021-11-03,0.6864212842725984,1.3134646390756708,0.6393651893265384,-1.329875586619614,,0.2618751052110387,,0.4,0.0,1,1444.3
2021-11-04,0.844734948001418,1.1495941716591607,0.6363283407057537,-1.3095575195854239,,0.2642199881561817,,0.4,0.0,1,1448.34
2021-11-05,1.0025633059301644,1.2854529764497313,0.6442253592678892,-1.3103862332415124,,0.32437108168125445,,0.4,0.0,1,1456.51
2021-11-08,1.2203736366027653,1.2730394050646496,0.6752563625795093,-1.2314651848296878,,0.3874408438834473,,0.4,0.0,1,1467.5699
2021-11-09,1.2008730339937008,1.2582032293715177,0.5284941546202316,-1.4057926858957264,,0.3163555464179447,,0.4,0.0,1,1461.5
2021-11-10,0.9627434217396298,1.0972435358222765,0.414321849131404,-1.4586680340604694,,0.20312815452656818,,0.4,0.0,1,1465.02
2021-11-11,0.8841821061035954,0.8003286958340335,0.18433960561163185,-1.4790150652537135,,0.07796706845910945,,0.4,0.0,1,1462.35
2021-11-12,0.855700722263406,1.2364809617922305,0.0962813237033654,-1.3802374473801673,,0.16164511207576698,,0.4,0.0,1,1473.37
2021-11-15,0.7878992677725704,0.7916644321630077,0.060925007092330986,-1.419404976198136,,0.04421674616595461,,0.4,0.0,1,1476.5699
2021-11-16,0.5189958154529452,0.6468007748491555,-0.07598807895047781,-1.434957039900393,,-0.06902970570975403,,0.0,0.0,1,1466.45
2021-11-17,0.4866826224213263,0.7972614456061998,-0.08945099718967849,-1.3708919031186286,,-0.03527976645615616,,0.0,0.0,1,1475.85
2021-11-18,0.2333709832766716,0.060875522800388486,-0.2113076977546219,-1.4228560569422328,,-0.26798344972395893,,0.0,0.0,1,1469.83
2021-11-19,-0.04676499294182754,-0.08003098847048,-0.4083306139404443,-1.383245696028431,,-0.3836744582762366,,0.8,0.0,1,1452.35
2021-11-22,-0.5759559607768845,0.07504080721646036,-0.43419762185025046,-1.2885540452005162,,-0.4447333641222382,,0.4,0.0,1,1447.25
2021-11-23,-0.4372412722151424,0.6785826009152435,-0.24653140999871603,-1.1686013076637578,,-0.2347582777924746,,0.4,0.0,1,1463.63
2021-11-24,-0.08795439109060328,0.8344645679145034,0.21090523113582163,-1.052539623570899,,-0.01902484312223543,,0.0,0.0,1,1488.87
2021-11-25,-0.01248223429584674,0.8405951636017659,0.5322682174881657,-1.0115991989713957,,0.06975638956453784,,0.0,0.0,1,1500.8101
2021-11-26,-0.3601859699834671,0.6971681165589471,0.5016581456703387,-1.068393072612997,,-0.045950556073435705,,0.0,0.0,0,1493.03
2021-11-29,-1.032456681618264,0.4031883102236322,0.2113603196257844,-0.9747086178277119,,-0.2785233339193119,,0.0,0.0,0,1484.84
2021-11-30,-0.8052082862803533,0.2614903807715159,-0.18197775886479592,-1.0484715017061044,,-0.35483343321594757,,0.4,0.0,0,1478.4399
2021-12-01,-0.8244548200129476,0.42517140129904213,-0.30651885073908897,-1.0400915430786213,,-0.3491787625063232,,0.4,0.0,0,1485.1899
2021-12-02,-1.0249741025072263,0.2814125537642113,-0.4668024995145921,-1.0889042538566913,,-0.4598536604228597,,0.4,0.0,0,1482.05
2021-12-03,-1.8403527597978484,-1.4045461548759373,-1.030917022994856,-1.2089581836117727,,-1.096954824256083,,0.8,0.0,0,1443.3199
2021-12-06,-1.867607100912099,-1.830155970212933,-1.5904117931526938,-1.1662351174882046,,-1.2908819963531861,,0.8,0.0,0,1413.58
2021-12-07,-1.7996121961207148,-1.042146650015046,-1.4965481120297814,-1.1509249935768555,,-1.0978463903484799,,0.8,0.0,1,1446.77
2021-12-08,-1.827334146085545,-0.7196592315269833,-1.2761896855973514,-1.162317999639205,,-0.9971002125698171,,0.8,0.0,1,1452.87
2021-12-09,-1.620449343991518,-0.3973567924428136,-0.9163221925796531,-1.0704229710424888,,-0.8009102600112947,,0.8,0.0,1,1467.98
2021-12-10,-1.3871637404408548,-0.5413915160317385,-0.6606305205865631,-1.0769900716448275,,-0.7332351697407968,,0.8,0.0,1,1463.54
2021-12-13,-0.5550829501900625,-0.2153580499528701,-0.4292865711963608,-1.1032644776890508,,-0.4605984098056689,,0.8,0.0,1,1476.21
2021-12-14,-0.8658503746087511,-0.20392143449053104,-0.2794013957890686,-1.1575755196376767,,-0.5013497449052056,,0.8,0.0,1,1476.02
2021-12-15,-1.0282096466657664,-0.35185061539455476,-0.12508814728319986,-1.1836691190095545,,-0.5377635056706151,,0.8,0.0,1,1475.5
2021-12-16,-0.7887555339884241,-0.34006064910948985,-0.02747191653742021,-1.1679511898114205,,-0.46484785788935096,,0.8,0.0,1,1476.61
2021-12-17,-0.051475899128894,-0.1664665341590687,0.04932447073990631,-1.1882473427256448,,-0.27137306105474024,,0.4,0.0,1,1479.79
2021-12-20,0.5885585602835315,-0.4807015116707501,0.12127808662418996,-1.287884399197371,,-0.21174985279207992,,0.0,0.0,1,1477.33
2021-12-21,-0.1089153871093298,-0.7950575215278124,0.09412857493092852,-1.2842714556293386,,-0.41882315786711044,,0.4,0.0,1,1478.74
2021-12-22,-0.16763277328600926,-0.7807029900519815,-0.010341769519318863,-1.2724467814121558,,-0.4462248628538932,,0.8,0.0,1,1477.67
2021-12-23,-0.46745212632682687,-0.7664377892971607,-0.3058370049116933,-1.2588300153356746,,-0.5597113871742712,,0.8,0.0,1,1456.96
2021-12-24,-0.04936400899678772,-0.5864267858581949,-0.1970494648997493,-1.2068403371771936,,-0.40793611938638513,,0.8,0.0,1,1477.03
2021-12-27,0.234769423763523,-0.2382260804213737,0.011450956268295578,-1.175269009075276,,-0.23345494189296623,,0.0,0.0,1,1488.88
2021-12-28,-0.022808358925041256,-0.22667001296335665,0.23740959431576328,-1.1382966070242229,,-0.2300730769193715,,0.4,0.0,1,1494.39
2021-12-29,0.3603536318222136,-0.5549110963829227,0.3046555040983014,-1.186453498875909,,-0.21527109186766336,,0.0,0.0,1,1485.8199
2021-12-30,0.29803155618982496,-0.19967946480336962,0.3602130715377231,-1.1101426182551635,,-0.13031549106619703,,0.0,0.0,1,1485.97
2021-12-31,0.6139947121295286,-0.1874762356246244,0.5494538776389989,-1.0513402670051941,,-0.015073582572258215,,0.0,0.0,1,1498.28
2022-01-04,0.8932856791037933,1.0446013329452999,0.9389362234893828,-0.9472549641953333,,0.38591365426862856,,0.4,0.0,1,1525.58
2022-01-05,0.6541692053240871,0.7058754449029909,1.0629318560775773,-1.048367488357229,,0.27492180358948526,,0.4,0.0,1,1522.5
2022-01-06,0.48395548104133845,0.36465860741075734,1.111989499284149,-1.1430521787538237,,0.16351028179648422,,0.4,0.0,1,1528.5699
2022-01-07,0.9339994868495186,0.37748756333283223,1.0430594999926035,-1.2115495719325353,,0.22859939564848386,,0.4,0.0,0,1528.48
2022-01-10,-0.4460660038393426,-0.33087061129061196,0.6540386691566984,-1.288450011323732,,-0.2822695914593977,,0.4,0.0,0,1503.71
2022-01-11,-0.71161225379868,-0.8607772936606237,0.2409233246460513,-1.2623803801869216,,-0.5187693206000348,,0.4,0.0,0,1492.3101
2022-01-12,-0.663506273186427,0.24896459571216953,0.396616341315099,-1.1460405681262138,,-0.23279318085707446,,0.0,0.0,0,1510.51
2022-01-13,-0.7558577538604012,-0.2920916676464822,0.35783593893930093,-1.2220707886622988,,-0.3824368542459763,,0.4,0.0,0,1496.05
2022-01-14,-0.4218975521694281,-0.27943791130644186,0.337827962643507,-1.1974367353272308,,-0.31218884723191875,,0.4,0.0,0,1496.02
2022-01-17,-1.6179982650699885,-1.0139600898104482,-0.20733470999992118,-1.2481572931457476,,-0.8174900716052211,,0.8,0.0,0,1452.84
2022-01-18,-1.8363884633033551,-0.9969928929261375,-0.6706777304536257,-1.2296820403997055,,-0.9467482254165649,,0.8,0.0,0,1438.9399
2022-01-19,-1.8574441663051124,-0.98024460761202,-0.8481844687731359,-1.2115111372794969,,-0.9794768759939531,,0.8,0.0,1,1442.79
2022-01-20,-1.4200815172436714,-0.7748032507563012,-0.6826810491163336,-1.1790487207481757,,-0.8113229075728965,,0.8,0.0,1,1465.3
2022-01-21,-1.3138324394876761,-0.5697522638675815,-0.48623885017686164,-1.102325538838454,,-0.6944298184741147,,0.8,0.0,1,1472.89
2022-01-24,-1.709989402553224,-1.124263537210018,-0.714457271438595,-1.1612307616752058,,-0.9419881945754086,,0.8,0.0,1,1439.71
2022-01-25,-1.6430837937887735,-0.15192056449036528,-0.31958739971984046,-1.084535103911243,,-0.6398253723820444,,0.8,0.0,1,1479.58
2022-01-26,-1.7802267364487343,0.24391561872295622,0.057102086177977886,-1.0242929860614558,,-0.5007004035218512,,0.0,0.0,1,1481.58
2022-01-27,-1.4808928660860325,0.05747177684779138,0.24487490188696678,-1.0271650775673715,,-0.4411422529837292,,0.0,0.0,1,1470.76
2022-01-28,-1.328346488829013,0.2537031267086932,0.511212406416865,-0.9475026174232619,,-0.30218671462534336,,0.0,0.0,1,1478.96
2022-02-07,-0.13162414707796746,1.0210472304931808,0.880091447774934,-0.9415752335033949,,0.16558785953735045,,0.0,0.0,1,1497.66
2022-02-08,0.8542106232661643,0.811796526581008,1.152777876227281,-0.9350627134280873,,0.3767444625292732,,0.4,0.0,1,1500.99
2022-02-09,0.5867088376457108,1.1914208678086258,1.2868601345259392,-1.019852920009147,,0.40902738399422567,,0.4,0.0,1,1505.38
2022-02-10,0.6591815650102035,1.176838971345659,1.3163526521561215,-1.0525517251574228,,0.4199642926709123,,0.4,0.0,1,1506.79
2022-02-11,0.3881986225937881,0.9614091943888707,1.1804007217902792,-1.0386884488396353,,0.2982640179866606,,0.4,0.0,1,1501.71
2022-02-14,0.9985933406865142,-0.043226429888717444,0.5039853199364476,-1.0243176252898374,,0.08700692108888139,,0.0,0.0,1,1471.96
2022-02-15,1.0016399799354172,0.3640215152060087,0.2976428628716272,-1.0099607159914117,,0.13066872840432825,,0.4,0.0,1,1492.75
2022-02-16,0.9528440991355464,0.5689548735632455,0.06963424814104571,-0.9956281122912635,,0.11916102170971477,,0.4,0.0,1,1492.1
2022-02-17,1.1007405434075812,1.1605603907117412,0.1318598264452693,-0.9823308387772438,,0.28216598435746953,,0.4,0.0,1,1507.99
2022-02-18,0.9784081770338795,0.7529377988549527,0.01646978965259239,-0.9675255097390659,,0.1560580511604717,,0.4,0.0,1,1504.84
2022-02-21,1.4276117432098985,0.7608529174923029,-0.055256299433361945,-0.8276147578160267,,0.2611187206905626,,0.0,0.0,1,1510.84
2022-02-22,1.1970238984349353,0.9728681202523487,-0.1482218190140663,-0.7315508240116122,,0.25802387513232106,,0.0,0.0,1,1503.47
2022-02-23,1.3222273325589755,0.9815370580087031,-0.08076898674533492,-0.7910781967837373,,0.2863834414077213,,0.0,0.0,1,1512.3
2022-02-24,1.1177903710022745,0.17162038912354152,-0.2636735866141708,-0.7666325771384858,,0.05182091927463192,,0.0,0.0,1,1494.85
2022-02-25,1.080086079347303,0.3881519827973912,-0.354371005957788,-0.8341914087287507,,0.055935129491631125,,0.0,0.0,1,1498.89
2022-02-28,0.9669388391534023,0.18808821290264258,-0.5936535185704038,-0.8298044348296638,,-0.053686180268804576,,0.0,0.0,1,1490.13
2022-03-01,0.725218812444011,0.6108118374557985,-0.6701529519295898,-0.8200757730582124,,-0.030839615017598576,,0.0,0.0,1,1498.78
2022-03-02,0.3005305226951913,0.20038504002368587,-0.9577701998568661,-0.8559270888684517,,-0.2625563452012881,,0.0,0.0,1,1485.52
2022-03-03,0.7093009949846234,0.4199522847646009,-0.8771230506963622,-0.748008711548034,,-0.09917569649903443,,0.0,0.0,1,1505.0
2022-03-04,0.77312889083316,1.0588898265857518,-0.8175500704678835,-0.7393705388627045,,0.05501962161766477,,0.0,0.0,1,1505.33
2022-03-07,0.2872320253503727,-0.6200655568814121,-0.9727386030445527,-0.7284582209612025,,-0.40680607110735895,,0.4,0.0,1,1499.05
2022-03-08,-0.1426277190375722,-0.8168279227928515,-1.2430776817367695,-0.7793939277911123,,-0.5963854502716611,,0.8,0.0,1,1473.71
2022-03-09,-0.4627198574792664,-1.6239829906629475,-1.4432842759435394,-0.7627777293749793,,-0.8585529706921466,,0.8,0.0,1,1473.74
2022-03-10,-0.2313057753695281,-1.5852472076447697,-1.464686196273659,-0.7628935065638005,,-0.8088265371703515,,0.8,0.0,1,1479.08
2022-03-11,-0.5145520125846255,-2.137769029761714,-1.5977603341821625,-0.7378899259387437,,-0.9975942604934491,,0.8,0.0,1,1466.54
2022-03-14,-1.0885100533765324,-2.3926783203192445,-1.794942614580629,-0.7533271463576849,,-1.2058916269268183,,0.8,0.0,1,1446.25
2022-03-15,-0.9283239042756425,-2.173189642201966,-1.6864104952323307,-0.7275613901139536,,-1.1030970863647787,,0.8,0.0,1,1452.74
2022-03-16,-0.6255987574169728,-2.1054119005153744,-1.435509553928097,-0.7378338867737362,,-0.9808708197268361,,0.8,0.0,1,1459.33
2022-03-17,-0.2570195229263392,-1.678363501637167,-1.1669791078408494,-0.7116519764481005,,-0.7628028217704912,,0.8,0.0,1,1461.34
2022-03-18,-0.781792792512099,-1.4538182087287206,-0.8293111167273454,-0.6997201316891429,,-0.7529284499314617,,0.8,0.0,1,1469.1
2022-03-21,-0.3753532794109598,-0.1339884727677939,-0.2962765460669556,-0.6719923926617939,,-0.29552213818150064,,0.8,0.0,1,1494.95
2022-03-22,0.2514256008400918,0.06498735847906222,0.17921382357062982,-0.6632753051694429,,-0.0335297044559318,,0.4,0.0,1,1503.78
2022-03-23,0.6553065366092987,0.45098834281252015,0.4382735619866372,-0.6388027753783782,,0.18115313320601556,,0.4,0.0,1,1502.34
2022-03-24,0.27238593975846703,-0.10764589943402973,0.49979247713031316,-0.648008103948508,,0.003304882701248485,,0.0,0.0,1,1498.26
2022-03-25,0.5993046031727457,-0.6637299001799344,0.48796144306867284,-0.6082722459283056,,-0.03694721997336431,,0.0,0.0,1,1498.5
2022-03-28,0.664358912584261,-1.7630425258610616,0.23231781619316336,-0.5569224392549489,,-0.2846576472677172,,0.0,0.0,1,1483.1801
2022-03-29,1.0716677179136578,-1.3599375074834195,0.29889443010985156,-0.4916396099452662,,-0.09620299388103523,,0.0,0.0,1,1497.76
2022-03-30,0.6437515084604667,-0.7889634326541138,0.3917874079336722,-0.5896684082462407,,-0.06861858490124315,,0.0,0.0,1,1490.51
2022-03-31,0.4377014843961258,-0.4085958887899485,0.5225185319165152,-0.5047250079169299,,0.00937982392115251,,0.0,0.0,1,1492.15
2022-04-01,1.13374734687564,0.3379820187535454,0.9660128344196506,-0.43424345263292025,,0.40069974948318315,,0.4,0.0,1,1516.4399
2022-04-04,0.7193806782219021,0.7092464320015043,1.3138193425352973,-0.35107941006360716,,0.47827340853901934,,0.4,0.0,1,1524.7
2022-04-05,0.7782244501916097,0.5364324847813383,1.3489128196096418,-0.36654261151763895,,0.45940542861299016,,0.4,0.0,0,1520.03
2022-04-06,0.42298078525737126,0.7363548615900941,1.4933517997662815,-0.2976253267627861,,0.4710124239701923,,0.4,0.0,0,1522.9
2022-04-07,-0.32767784333051664,-0.006761607912677025,1.3056041689026634,-0.38344950069739375,,0.11754304339241521,,0.4,0.0,0,1502.35
2022-04-08,-0.3072913925284156,-0.9414540621996821,0.8411570333650649,-0.4392905510310647,,-0.1693757944788195,,0.4,0.0,0,1482.0
2022-04-12,-0.819740317574466,-0.9230248126926099,0.16147308246160894,-0.41386480535347064,,-0.39903137063178756,,0.4,0.0,0,1455.25
2022-04-13,-0.7312804635402254,-0.9060325286191232,0.021197379123118438,-0.4466317421715583,,-0.4125494710415577,,0.4,0.0,0,1477.2
2022-04-14,-0.9640580289111008,-0.8892971548634682,-0.13917695481601466,-0.46420192888522044,,-0.49134681349516085,,0.8,0.0,0,1472.12
2022-04-15,-1.3471926320614938,-0.6802535413220343,-0.4043289381509319,-0.4915973682073257,,-0.5846744959483572,,0.8,0.0,0,1458.5601
2022-04-18,-1.7991252564771516,-1.4240779316958005,-0.8060593955167108,-0.5478173772367578,,-0.9154159921852842,,0.8,0.0,0,1432.6
2022-04-19,-2.1830991483982722,-1.2036124362506215,-1.4058163103615071,-0.5365465390429083,,-1.0658148868106618,,0.8,0.0,0,1406.45
2022-04-20,-2.273409178908955,-1.5470363657595785,-1.8764177451599835,-0.5253136165629182,,-1.2444353812782871,,0.8,0.0,0,1384.72
2022-04-21,-2.5742268734264795,-1.6889376780695469,-2.1512282787151937,-0.5140145418725085,,-1.3856814744167456,,0.8,0.0,0,1370.21
2022-04-22,-2.383792201967949,-1.4620407790412944,-1.9979914827976617,-0.5029074086260888,,-1.269346374486599,,0.8,0.0,0,1379.23
2022-04-25,-2.6055958547357783,-2.126489249233502,-2.463718691844611,-0.4916378368982592,,-1.53748832654243,,0.8,0.0,0,1310.92
2022-04-26,-2.519607276568638,-1.5455289567686392,-2.3907459162389038,-0.37917051318158734,,-1.3670105325515536,,0.8,0.0,0,1341.34
2022-04-27,-2.478634681912812,-1.5048039871358023,-2.0383061532110927,-0.37885295825751397,,-1.2801195561034442,,0.8,0.0,0,1353.77
2022-04-28,-2.44310071343639,-1.8032447376942615,-1.7211441864689285,-0.34602068904370564,,-1.2627020653286574,,0.8,0.0,0,1350.99
2022-04-29,-2.3857163234800693,-1.5862080967336634,-1.231937908977529,-0.3483494192986841,,-1.1104423496979892,,0.8,0.0,0,1366.8
2022-05-04,-2.3383425236691635,-1.37966237384779,-1.0257312815450155,-0.3554359736916575,,-1.0198344305507252,,0.8,0.0,0,1348.6801
2022-05-05,-2.027332869837398,-1.3475880396324058,-0.5946471114308007,-0.33125262063838956,,-0.8601641283077989,,0.8,0.0,0,1360.6801
2022-05-06,-1.9980323598443324,-1.4751946591450833,-0.6743223865578474,-0.39936788433701936,,-0.9093834579768565,,0.8,0.0,0,1329.26
2022-05-09,-2.2283690331005124,-1.9066497390646298,-1.3588908806743218,-0.4092322999297436,,-1.1806283905538415,,0.8,0.0,0,1269.62
2022-05-10,-1.8774754745327098,-1.6923128023445595,-1.2994442682818879,-0.3564000960151484,,-1.0451265282348612,,0.8,0.0,0,1293.5601
2022-05-11,-0.9207257487211938,-1.6463114726591255,-1.0645839247644933,-0.291756852152221,,-0.7846755996594068,,0.8,0.0,0,1301.53
2022-05-12,-1.7088052773736389,-1.6006552580332962,-1.5602793707536968,-0.2996877564160998,,-1.0338855325153462,,0.8,0.0,0,1238.84
2022-05-13,-2.0699972037049315,-1.7039550510543455,-2.141815135505942,-0.3413087237006604,,-1.251415222793176,,0.8,0.0,0,1182.77
2022-05-16,-1.92769419507248,-1.6531176102470724,-2.0773347378400913,-0.30150528697698853,,-1.1919303660273264,,0.8,0.0,0,1171.95
2022-05-17,-1.7455525715810787,-1.6046238281033054,-1.8554154952121813,-0.31172130764730416,,-1.1034626405087742,,0.8,0.0,1,1228.37
2022-05-18,-1.0840935175426203,-1.5582925421208416,-1.10134555706201,-0.27273000205053477,,-0.8032923237552013,,0.8,0.0,1,1240.76
2022-05-19,-1.2501829415253103,-1.5139618087109399,-0.502109903281011,-0.2194508590162038,,-0.697141102506693,,0.8,0.0,1,1241.64
2022-05-20,-0.9621511488743573,-1.4726020284584853,-0.007247804404394392,-0.1415385400940873,,-0.5167079043662649,,0.8,0.0,1,1240.71
2022-05-23,-0.33678623670456637,-1.4318157368517657,0.1216039691346274,-0.1551124350183318,,-0.3604220878880072,,0.4,0.0,1,1218.8101
2022-05-24,-0.49068055930036547,-1.3918690333273276,0.5146433071740296,-0.049475523727113724,,-0.28347636183615543,,0.4,0.0,1,1233.38
2022-05-25,0.21846050987765506,-1.2211246366177946,1.2284122066231202,0.04349014649806625,,0.05384764527620939,,0.4,0.0,1,1268.4301
2022-05-26,0.7413895921464291,-1.319984413956553,1.691672664490905,0.06193003859781321,,0.23500157625571888,,0.4,0.0,1,1268.5699
2022-05-27,1.270416400519355,-0.7597525784260724,2.15987960983587,0.09259718956919144,,0.5526281242996688,,0.4,0.0,1,1285.45
2022-05-30,1.348268283057409,-0.47630741571428803,2.3961874772438834,0.1338247730123175,,0.6803946235198645,,0.4,0.0,1,1293.92
2022-05-31,1.0882065559528076,-0.46348559761605923,2.390930714810327,0.17541464001898635,,0.6382132626332123,,0.4,0.0,1,1292.6801
2022-06-01,1.1369179878753386,-0.3180525435175932,2.347876151539181,0.22277827965125488,,0.6779039751096363,,0.4,0.0,1,1299.52
2022-06-02,1.290649836116895,-0.571115552240286,2.309586984358268,0.1689766304305723,,0.6396195797330899,,0.4,0.0,1,1288.62
2022-06-03,1.3817308761301283,-0.6871631555195592,2.2176738314205027,0.1744498620733029,,0.617338282820875,,0.4,0.0,1,1287.98
2022-06-06,1.5303014526733454,-0.40784583182087925,2.046313517002856,0.2364909897610377,,0.681052025523272,,0.4,0.0,1,1290.01
2022-06-07,1.4927768727431323,-0.39425727828109863,1.9059555349022563,0.34612413385794605,,0.6701198526444473,,0.4,0.0,1,1291.35
2022-06-08,1.5049515949043104,-0.11730110559590494,1.9826859449499863,0.3920052278524184,,0.752468332422162,,0.4,0.0,1,1307.91
2022-06-09,1.5819366932937395,-0.23805672264031014,1.9650112280566816,0.47095546038436137,,0.7559693318188945,,0.4,0.0,0,1307.8
2022-06-10,1.542418014758008,-0.22682595496698796,1.6536660687879892,0.4142383007054519,,0.6766992858568922,,0.4,0.0,0,1284.08
2022-06-13,0.9263273485770566,-1.0032574508526386,0.8320472741940609,0.36501662804791174,,0.22402675999327815,,0.4,0.0,0,1227.04
2022-06-14,0.7339830738321842,-0.7190510341077196,0.32157161267042145,0.39710817810087146,,0.1467223660991515,,0.4,0.0,0,1230.3101
2022-06-15,-0.23425451432345382,-0.6998353447878839,-0.1342340185831594,0.28767168920525876,,-0.1561304376978477,,0.4,0.0,0,1213.9301
2022-06-16,-0.1655197292820691,-0.421472585066337,-0.1359014186475389,0.3871239303521228,,-0.06715396052876445,,0.4,0.0,0,1236.63
2022-06-17,-0.6261314685905586,-0.4069925724242948,-0.2939831399127048,0.5182958273572499,,-0.16176227071406168,,0.4,0.0,0,1217.3
2022-06-20,-1.2570546701027303,-0.5237584848287812,-0.6886371210643725,0.37069849499962176,,-0.4197503561992525,,0.4,0.0,0,1180.4
2022-06-21,-1.0685899774909564,-0.5084984098577727,-0.9172953788460159,0.5112981154819736,,-0.3966171301425543,,0.4,0.0,0,1172.47
2022-06-22,-1.4252218624350135,-1.019012053129363,-0.8981452673063003,0.6504260845396368,,-0.538390619666208,,0.4,0.0,0,1169.27
2022-06-23,-1.3269891195163923,-0.7321446785940987,-0.5838951338004225,0.818562814966238,,-0.3648932233889351,,0.4,0.0,0,1188.88
2022-06-24,-1.2791875904469538,-0.7133113209475452,-0.34749793558176945,0.7424439278041094,,-0.31951058383443187,,0.4,0.0,0,1185.48
2022-06-27,-0.8112625902508435,-0.694093852189452,0.03911953833645212,0.8728721050104634,,-0.11867295981867598,,0.0,0.0,0,1202.8199
2022-06-28,-0.4194920827382645,-0.1422168466454139,0.5351228372899245,1.0629723617153215,,0.2072772539243135,,0.0,0.0,0,1218.1
2022-06-29,-0.20881903638818008,0.14033604238271352,0.8521191621945015,1.2509382555596718,,0.40691488474974136,,0.4,0.0,0,1218.09
2022-06-30,-0.7455207956050385,-0.6598994232579702,0.8384193321317953,1.3483901852754507,,0.15627785970884744,,0.0,0.0,0,1197.6
2022-07-01,0.08946386819338065,-0.23608330044354003,0.8865858930994021,1.536672769093699,,0.45532784598858833,,0.4,0.0,0,1198.9
2022-07-04,0.5239482918273694,-0.6313368204660377,0.9255054193230509,1.607472749017079,,0.4851179279402924,,0.4,0.0,0,1195.53
2022-07-05,0.45972236923364196,-0.47700983324297896,0.864572106279574,1.5906149843891284,,0.4875799253318731,,0.4,0.0,0,1181.29
2022-07-06,0.25796306483753184,-0.597793982022261,0.5569644322374385,1.7840313981173297,,0.40023298263400786,,0.4,0.0,0,1149.61
2022-07-07,0.14441550615169207,-0.4429531751801487,0.5235542651034532,1.6766078012109988,,0.38032487945719906,,0.4,0.0,1,1166.48
2022-07-08,0.27326620842370075,-0.4291972829578723,0.5283220292301928,1.6339213270714357,,0.40126245635349145,,0.4,0.0,1,1171.3101
2022-07-11,0.1685719736052161,-0.5504083837176551,0.3586661074396985,1.6793150004274369,,0.33122893955093935,,0.4,0.0,1,1155.29
2022-07-12,0.31172311171689554,-0.3960982125621767,0.44128256913084185,1.7215278968610166,,0.4156870730293155,,0.4,0.0,1,1174.8199
2022-07-13,0.5521542257301284,-0.24633869893398613,0.5176191278348394,1.8951133847818442,,0.5437096078825652,,0.4,0.0,1,1173.92
2022-07-14,0.4272794487786256,-0.10453474524083954,0.6476385609468019,1.91260753859256,,0.5765981606154296,,0.4,0.0,1,1182.17
2022-07-15,0.21191971934324053,-0.10141606168327079,0.678813249233739,2.019745687104139,,0.5618125187995695,,0.4,0.0,1,1179.25
2022-07-18,-0.045851812396817224,-0.24129532066420073,0.6665609619043622,2.2233947589625878,,0.5205617175611864,,0.0,0.0,1,1176.49
2022-07-19,0.29153292465489355,-0.23920770014636727,0.6675531698199911,2.0659742808505728,,0.557170535035818,,0.4,0.0,1,1178.33
2022-07-20,0.9229861237431872,0.3145420282766421,0.8291122860702415,2.0769331294333933,,0.8287147135046928,,0.8,1.0,1,1194.14
2022-07-21,0.9778471314373022,0.44250824918132237,0.9696618791964523,2.3630162975123916,,0.9506067114654937,,0.8,1.0,1,1198.47
2022-07-22,0.7639594982908253,0.7143441881659034,1.0004970359719934,2.600979445379135,,1.0159560335615714,,0.8,1.0,1,1194.76
2022-07-25,0.7791408925839243,0.1439167708053506,0.8851650973978703,2.6558232207672456,,0.8928091963108782,,0.8,1.0,1,1188.5
2022-07-26,0.29744435266796404,0.0018745696930946294,0.733790888044851,2.497015677659436,,0.7060250976130691,,0.8,1.0,1,1185.0699
2022-07-27,1.0787839573428875,0.41834544671434737,0.6661746756439448,2.599390510105452,,0.9525389179613264,,0.8,1.0,1,1191.04
2022-07-28,1.3389073814213173,1.1187044426359427,0.8568894329556928,2.6558232207672456,,1.1940648955560396,,0.8,1.0,1,1208.12
2022-07-29,1.291544977903712,0.9654273587764413,0.9269264724885001,2.6558232207672456,,1.1679444059871797,,0.8,1.0,1,1206.33
2022-08-01,1.6635442279858834,1.8007988069862861,1.2302646950236635,2.6558232207672456,,1.4700861901526157,,0.8,1.0,1,1231.35
2022-08-02,1.7258692171434111,1.9143527692240825,1.4176965719631474,2.6558232207672456,,1.5427483558195774,,0.8,1.0,1,1241.62
2022-08-03,1.7226456412656437,1.8862452975467807,1.4987597678029112,2.6558232207672456,,1.5526947854765165,,0.8,1.0,1,1249.76
2022-08-04,1.7731635211756107,2.129274227714857,1.5011648878024544,2.6558232207672456,,1.6118851714920335,,0.8,1.0,1,1254.15
2022-08-05,1.8070987392584907,1.9615424931412995,1.3822171833264516,2.6558232207672456,,1.5613363272986973,,0.8,1.0,1,1252.74
2022-08-08,1.852799450154206,2.0656573709016914,1.2494941677561533,2.6558232207672456,,1.5647548419158595,,0.8,1.0,1,1256.75
2022-08-09,1.8323731688712774,2.164732658403604,1.1043855173318027,2.6558232207672456,,1.551462913074786,,0.8,1.0,1,1258.85
2022-08-10,1.815829114570804,1.7426143070157631,0.877252123616873,2.6383806747712426,,1.4148152439949366,,0.8,1.0,1,1256.5
2022-08-11,1.6000166064814554,1.7238843472196388,0.6452661345029587,2.6033708541226366,,1.314507588465338,,0.8,1.0,1,1252.0699
2022-08-12,1.793866270147146,2.0928528527683983,0.5597269421305534,2.6558232207672456,,1.4204538571626686,,0.8,1.0,1,1262.33
2022-08-15,1.5459272335105245,2.190450876232651,0.6124305601744806,2.6558232207672456,,1.4009263781369805,,0.8,1.0,1,1274.2
2022-08-16,1.576004079104166,2.20357449414349,0.5771489949678038,2.621266396331892,,1.3955987929094704,,0.8,1.0,1,1274.6899
2022-08-17,0.9290000828453643,2.20357449414349,0.48958478157155494,2.4941891872699595,,1.2232697091660736,,0.8,1.0,1,1275.28
2022-08-18,0.8214203976013962,1.966957864476541,0.37029333621004984,2.361440934834885,,1.1040225066245744,,0.8,1.0,1,1273.66
2022-08-19,0.5586452203241697,1.5778174370568672,0.18312393188957907,2.4836974022539797,,0.9606567983049192,,0.8,1.0,1,1269.1801
2022-08-22,-0.17240369730862912,1.6846175938410988,-0.02756350157709057,2.6558232207672456,,0.828094723144525,,0.0,1.0,1,1260.4301
2022-08-23,-0.08420714659695468,1.7936488079568182,-0.06875348252991244,2.6558232207672456,,0.8593022799194394,,0.0,1.0,1,1270.8101
2022-08-24,-0.03751997795522613,1.7683594428875706,-0.09354716630719631,2.6558232207672456,,0.8586231038784787,,0.0,1.0,1,1277.16
2022-08-25,0.5904373182758111,2.20357449414349,0.03170638437600291,2.637165289569139,,1.0925766972728885,,0.8,1.0,1,1288.88
2022-08-26,0.03179863334703265,1.828791574100976,-0.0022575178368409174,2.3346866421023207,,0.8386038663426978,,0.4,1.0,0,1282.5699
2022-08-29,-0.3124772716854286,1.5675491973620013,-0.21164139244359806,2.6540075563155163,,0.7394876179096983,,0.0,1.0,0,1270.8
2022-08-30,-0.24658303942368712,1.4292739712711966,-0.28486944840249045,2.568787013943434,,0.6933216994776905,,0.0,1.0,0,1279.39
2022-08-31,-0.10179686568383961,1.5318579875195768,-0.3275072657390912,2.5719740171297407,,0.7349055746452773,,0.0,1.0,0,1280.51
2022-09-05,-0.07672034659934573,1.3928081232868124,-0.43789066892046585,2.359137282909815,,0.6474668781353632,,0.0,1.0,0,1277.35
2022-09-06,-0.17002303041463693,1.3754397154555078,-0.5069182241495408,2.310528207355509,,0.6018053336493678,,0.0,1.0,0,1277.4
2022-09-07,-0.8364318696162805,0.3996499087842735,-0.958363355141893,1.9225942136693484,,0.10548977953908972,,0.0,1.0,0,1243.17
2022-09-08,-1.0319852256293354,0.032300027584174926,-1.345513938084024,1.688991361221414,,-0.1312415549815541,,0.0,1.0,0,1234.6
2022-09-09,-1.0795931272755221,0.3938351821911454,-1.3909363851386578,1.7871827997446637,,-0.05790230609567415,,0.0,1.0,0,1248.78
2022-09-12,-1.08697829116707,0.5079462289289066,-1.3746652044807528,1.8219764234892744,,-0.026344168645928367,,0.0,1.0,0,1249.62
2022-09-13,-0.9155159812684456,0.26013675702478806,-1.3216726896606714,1.6817582788243608,,-0.05905872701599363,,0.0,1.0,0,1248.4
2022-09-14,-0.8877262654899293,0.1353282017022119,-1.3626410097592863,1.8126630307447846,,-0.060475208560443805,,0.0,1.0,0,1240.77
2022-09-15,-0.8230995847887942,-0.10876343886999092,-1.2841205659009578,1.806401206319011,,-0.08191647664814639,,0.4,1.0,0,1245.66
2022-09-16,-1.2436613629687123,-0.10913413941224949,-1.3064403465250498,1.7991710695293262,,-0.17201295587533716,,0.4,1.0,0,1234.03
2022-09-19,-1.5222224448556052,-0.4712100055868812,-1.5975987639304772,1.546077234410457,,-0.4089907959925014,,0.4,1.0,0,1205.4301
2022-09-20,-1.3693479338263341,-0.46472778616313515,-1.518886866601187,1.5929756290415806,,-0.3519973915098151,,0.4,1.0,0,1218.9301
2022-09-21,-1.1867910436702536,-0.4582918522095401,-1.494935279778027,1.5618007652841457,,-0.3156434820747349,,0.4,1.0,0,1210.55
2022-09-22,-1.0593589081131674,-0.571625820134794,-1.3533627520757665,1.5686099455651104,,-0.2831475069517235,,0.4,1.0,0,1214.7
2022-09-23,-1.1167179925681145,-0.3232284288497713,-1.3051029479112906,1.47011635203786,,-0.25498660345826335,,0.4,1.0,0,1203.28
2022-09-26,-1.6617451022992604,-0.6762390375793967,-1.514893809857005,1.3616410588063048,,-0.4982473781858715,,0.4,1.0,0,1174.35
2022-09-27,-1.6255321203138458,-0.7819951435124457,-1.5550504080554728,1.3740076208621064,,-0.5177140102039317,,0.4,1.0,0,1166.54
2022-09-28,-1.6141101521242662,-0.8837714683999439,-1.6766739821817365,1.4084054560261658,,-0.5532300293359562,,0.4,1.0,0,1143.62
2022-09-29,-1.6943758518943843,-0.9909980621205265,-1.8100283194768352,1.245968391356535,,-0.6498867684270423,,0.4,1.0,0,1126.0699
2022-09-30,-1.6470093629990008,-0.8560465777704961,-1.6654245661434242,1.3448035070551534,,-0.5647353999715536,,0.4,1.0,0,1132.11
2022-10-03,-1.6262991165466003,-0.8413308496228242,-1.9487749502324971,1.1795432153839476,,-0.6473723402035948,,0.4,1.0,0,1086.4399
2022-10-04,-1.5968632940697738,-0.8258248432696239,-2.0449153639005586,1.2271882349165835,,-0.6480830532646745,,0.4,1.0,0,1078.14
2022-10-05,-1.4803937171925678,-0.8141662631825874,-1.7098212332579508,1.2988040109569319,,-0.541115440535235,,0.4,1.0,0,1104.26
2022-10-06,-1.5491957242453107,-0.8013583746249953,-1.6997901954340757,1.2238024321462793,,-0.5653083724316206,,0.4,1.0,0,1074.52
2022-10-07,-1.518161653161534,-0.8986987223304127,-1.9174608167315386,1.0398919891577132,,-0.6588858406131546,,0.4,1.0,0,1035.91
2022-10-10,-1.488628947366578,-0.7682072566534442,-1.8639968387934016,1.0193546877947768,,-0.6202956710037294,,0.4,1.0,0,1042.48
2022-10-11,-1.4604041303886226,-0.8637933962557655,-1.8207170658963754,0.9496939183759833,,-0.6390441348329561,,0.4,1.0,0,1006.2
2022-10-12,-1.4313954678825678,-0.8451423866192913,-1.6321219873491841,0.841502120649967,,-0.6134315442402152,,0.4,1.0,1,1034.8101
2022-10-13,-1.3238192260092496,-0.7150361915916256,-1.0538320745323966,0.9107094126449697,,-0.4363956158976604,,0.4,1.0,1,1050.99
2022-10-14,-1.2074554815802698,-0.5873045536023872,-0.4409331994648329,0.6774145019324029,,-0.3116557465430174,,0.4,1.0,1,1061.85
2022-10-17,-0.3431565006366243,-0.5728706093656123,-0.019713216124933496,0.7317435438242631,,-0.04079935646058139,,0.4,1.0,1,1051.58
2022-10-18,-0.06043756165989045,-0.44705343168479617,0.41544128212952,0.6607515209979538,,0.11374036195655743,,0.0,1.0,1,1063.66
2022-10-19,-0.3262031521090655,-0.6583402130024613,0.6983304038521504,0.653729120722516,,0.07350323189262792,,0.0,1.0,0,1060.0699
2022-10-20,0.1860563392333221,-0.5321223975123556,0.8930926883752515,0.6508735016263234,,0.23958002634450828,,0.4,1.0,0,1058.45
2022-10-21,-0.17805467908332134,-0.6304198298902269,0.6365224359865561,0.5799629454200143,,0.08160217448660441,,0.0,1.0,0,1019.82
2022-10-24,-0.37601167301663035,-0.7268138359675268,0.17299769731002382,0.5834039953957326,,-0.06928476325568012,,0.0,1.0,0,986.15
2022-10-25,0.43562581594361705,-0.6026609877461141,0.10447721810919722,0.5323462848990775,,0.09395766624115555,,0.4,1.0,0,997.7
2022-10-26,-0.3224456060576698,-0.5899359506201763,0.1237979954216626,0.45240450697661644,,-0.06723581085591344,,0.0,1.0,0,993.36
2022-10-27,0.5367049700286142,-0.1397705348628818,0.6068251481777502,0.5976482320975659,,0.3202815630882097,,0.4,1.0,0,1028.01
2022-10-28,0.5383469452030344,-0.35248746257892516,0.947529629541656,0.5623934266945709,,0.33915650777206724,,0.4,1.0,0,1027.36
2022-10-31,0.44690031550444137,0.09943530507973287,1.2063145482914257,0.6476214686422792,,0.4800543275035758,,0.8,1.0,0,1027.9399
2022-11-01,0.6372593540746867,0.21905234653013392,1.4699531951993592,0.6508904816916778,,0.5954310754991715,,0.8,1.0,0,1033.75
2022-11-02,0.15216333285768016,-0.3276680933630963,1.5078569895983585,0.6558235878125138,,0.3976351633810913,,0.4,1.0,0,1023.19
2022-11-03,0.3034857683116289,-0.3153592283610713,1.4887305351808315,0.4810515764765604,,0.39158173032158994,,0.4,1.0,0,1019.81
2022-11-04,0.3533375412438518,-0.41662826897577515,1.2650808525899735,0.5422682085496641,,0.34881166668154284,,0.4,1.0,0,997.15
2022-11-07,0.11724501609628273,-0.5190704501379567,0.9020527008756615,0.3615824153213245,,0.1723619364310624,,0.4,1.0,0,975.19
2022-11-08,0.1255138062302853,-0.39064105823497697,0.8387048672830938,0.6165675954504286,,0.23802904214576615,,0.4,1.0,0,981.65
2022-11-09,0.21997202477142444,-0.14373163690515486,0.863825330469649,0.43979899995042954,,0.27597294365726965,,0.4,1.0,0,985.59
2022-11-10,-0.7853650960007774,-0.369869865886684,0.509703909640654,0.3203675065796535,,-0.06503270913343079,,0.0,1.0,0,947.24
2022-11-11,-0.5573481137444601,-0.1163274390980991,0.4251927578937855,0.21457481911024506,,-0.0067815951677057396,,0.0,1.0,0,954.53
2022-11-14,-0.6416150777102496,-0.10404344186217204,0.29605214213844816,0.3388304016852603,,-0.022155195149742624,,0.0,1.0,0,941.04
2022-11-15,-1.205168842775004,-0.21591404079624732,-0.04769116575225154,0.35611387353551877,,-0.22253203515759684,,0.4,1.0,0,911.9
2022-11-16,-0.8417257481460056,0.17357324877808572,0.18335864371959154,0.9023194975266254,,0.0835051283756594,,0.4,1.0,1,942.9
2022-11-17,-0.5036667493546425,0.18564587074636402,0.6420783264686645,1.145927588016904,,0.293997007175458,,0.4,1.0,1,969.26
2022-11-18,-0.04828028505476547,0.3256067042028689,0.9415953546833624,1.1232125395610753,,0.46842686267850825,,0.4,1.0,1,969.33
2022-11-21,0.4172834440421975,0.07810937916893519,1.0575411548850606,1.160128427166219,,0.5426124810524825,,0.8,1.0,1,960.65
2022-11-22,0.5305092547718003,-0.043274065944284706,1.0572086830444816,1.0881417785252951,,0.5265171300794584,,0.4,1.0,1,952.12
2022-11-23,0.3682080273470887,0.09645196854558251,1.020378630808529,0.9189074687176413,,0.4807892190837683,,0.8,1.0,1,946.0
2022-11-24,0.9661406428189774,0.10533463245268934,1.0263558834182984,1.0250783059993462,,0.6245818929378623,,0.8,1.0,1,947.71
2022-11-25,1.142791450135776,0.3818621588082739,1.245152707057915,1.3204110806961313,,0.8180434793396192,,0.8,1.0,1,971.46
2022-11-28,1.3921072396314167,1.1973271223739541,1.6661556853510315,1.6870932092900062,,1.1885366513292819,,0.8,1.0,1,1005.69
2022-11-29,1.590884095065786,1.34487486958016,1.8168461615090368,1.8343611125839758,,1.3173932477477919,,0.8,1.0,1,1032.16
2022-11-30,1.6006576737364677,2.022313167226567,1.7821102909982989,2.0508591524728144,,1.4911880568868296,,0.8,1.0,1,1048.42
2022-12-01,1.6368563166548833,2.20357449414349,1.745444352658775,1.7202515976671233,,1.4612253522248544,,0.8,1.0,1,1036.28
2022-12-02,1.7530921366635768,2.20357449414349,1.707346482841142,2.0951421151415612,,1.551831045757954,,0.8,1.0,1,1080.01
2022-12-05,1.7519627574568817,2.20357449414349,1.6701340272113012,2.1850079430282583,,1.5621358443679862,,0.8,1.0,1,1093.67
2022-12-06,1.90774293927649,2.20357449414349,1.6338353330786999,1.8261116585575257,,1.5142528850112411,,0.8,1.0,0,1048.6899
2022-12-07,1.9001142138863962,1.4846977781078141,1.599309633040381,1.8748039352398191,,1.3717851120548823,,0.8,1.0,0,1041.02
2022-12-08,1.8614810001358508,2.20357449414349,1.4205044516392518,1.9472940806262882,,1.4865708053089761,,0.8,1.0,0,1050.53
2022-12-09,1.8240334325285372,2.20357449414349,1.1969521181807357,1.811301911084072,,1.407172391187367,,0.8,1.0,0,1051.8101
2022-12-12,1.7880830713511568,1.7530186552240614,0.8007778076710307,1.686117350935894,,1.2055993770364286,,0.8,1.0,0,1032.0699
2022-12-13,1.7526864571119252,2.20357449414349,0.6530409229944986,1.8557875981810017,,1.2930178944861832,,0.8,1.0,0,1047.45
2022-12-14,1.7180183305793761,2.20357449414349,0.5051700084390509,1.703533240743001,,1.2260592147809837,,0.8,1.0,0,1050.4301
2022-12-15,1.6856751034398523,2.1231349932674886,0.4296047363988069,1.8587843760781273,,1.2194398418368553,,0.8,1.0,0,1055.3199
2022-12-16,1.5510467956669167,1.863689950125043,0.30438668801315116,1.9003201630411735,,1.123888719369257,,0.8,1.0,0,1052.48
2022-12-19,0.8154689354028708,1.7260700309296366,0.08235553862342106,1.5550091111271922,,0.8357807232166242,,0.8,1.0,0,1038.4
2022-12-20,0.508692075702074,1.0276540887886496,-0.25332323765744924,1.6015483744512111,,0.5769142602568971,,0.4,1.0,0,1023.13
2022-12-21,0.8036091851515103,1.1380268377736227,-0.46915283658120355,1.4837592115503804,,0.591248479578862,,0.4,1.0,0,1018.88
2022-12-22,0.5144912351475552,1.4688564610194115,-0.5472021298250662,1.32430822075006,,0.5520907574183922,,0.4,1.0,0,1022.61
2022-12-23,0.037236459217287736,1.1155114912789348,-0.6225263332804644,1.3259165071891754,,0.3712276248809867,,0.4,1.0,0,1020.34
2022-12-26,-0.5470346947394571,0.08851000981661104,-1.0080861846580558,1.091903647703422,,-0.07494144437549594,,0.0,1.0,0,985.21
2022-12-27,-0.4212365207393196,0.4300641614132187,-1.0299420425626937,1.1758526154198152,,0.03094764270620412,,0.0,1.0,1,1004.57
2022-12-28,-0.368970775391902,0.5429975842889716,-0.9363747019759121,1.2054323920353336,,0.08861689979129822,,0.0,1.0,1,1015.66
2022-12-29,-0.37155241803692746,0.4303310663244301,-0.9198440878801737,1.122466681786714,,0.052280248438808574,,0.0,1.0,1,1009.29
2022-12-30,-0.45830153586450245,0.545396187657405,-0.8828287126292167,1.2206659995852114,,0.08498638774977949,,0.0,1.0,1,1007.09
2023-01-03,0.07020868796540967,1.6673853559664569,-0.4910327368532546,1.4454180252325188,,0.5383958664622261,,0.4,1.0,1,1043.9
2023-01-04,0.35991495862152184,1.5381061972326906,-0.19296904665334808,1.2897466567016098,,0.5989597531804949,,0.4,1.0,1,1046.35
2023-01-05,0.8012562472516997,1.95752581473941,0.09925737352192872,1.366858511223049,,0.8449795893472174,,0.8,1.0,1,1055.8199
2023-01-06,0.32529021145752623,1.944314159808733,0.24790995302753907,1.133356432698368,,0.7301741513984333,,0.8,1.0,1,1051.4399
2023-01-09,0.3766491044430431,2.1368761714257443,0.3421971981362007,1.1467368511879157,,0.8004918650385807,,0.8,1.0,1,1054.21
2023-01-10,0.9989890023300032,1.8938345060839135,0.37638201069525656,1.1028557052505297,,0.8744122448719405,,0.8,1.0,1,1053.35
2023-01-11,0.8455722953128316,2.078137857346136,0.4020840673364536,1.069154321669787,,0.8789897083330417,,0.8,1.0,1,1055.76
2023-01-12,0.7420642076242436,1.9366763574070853,0.40119618435339033,1.1089454615610133,,0.8377764421891466,,0.8,1.0,1,1056.39
2023-01-13,0.4960684342053264,1.9007435465649825,0.3933243515811905,1.0721773900346834,,0.7724627444772365,,0.8,1.0,1,1060.17
2023-01-16,0.5478538200571932,1.873853867120082,0.41550310391308803,1.0567141933849833,,0.7787849968950693,,0.8,1.0,1,1066.6801
2023-01-17,0.9301651901621928,2.0397500445302272,0.6088439822335643,1.3110369111584437,,0.9779592256168856,,0.8,1.0,1,1088.29
2023-01-18,0.6272374834879466,2.000281921820421,0.756053756092365,1.2276783734263876,,0.9222503069654242,,0.8,1.0,1,1098.28
2023-01-19,0.778357055651039,1.9591214516448028,0.8536314096614884,1.2933048194497396,,0.976882947281414,,0.8,1.0,1,1108.08
2023-01-27,1.2944571173111845,2.106843507782621,0.9251182730644922,1.3835291156659575,,1.141989602764851,,0.8,1.0,1,1117.1
2023-01-30,1.19037789611939,2.058773555940407,0.767849037094873,1.2798862678173222,,1.0593773513943985,,0.8,1.0,0,1102.5699
2023-01-31,1.2187884769102884,1.9225339137679835,0.6893702303654176,1.3733006084714188,,1.0407986459030218,,0.8,1.0,0,1111.1801
2023-02-01,0.4581424739856282,1.6134170121945843,0.2950389631169506,1.1963232475673347,,0.7125843393728997,,0.8,1.0,0,1075.97
2023-02-02,-0.07429292846409773,1.676556190947843,0.027565048204222595,0.9971640061149675,,0.525398463360587,,0.4,1.0,0,1077.59
2023-02-03,0.21443043256364713,1.29234861325435,-0.20395217219584746,0.7936342881903621,,0.4192922323625024,,0.4,1.0,0,1077.15
2023-02-06,0.4931890155879779,1.3703457850134784,-0.2807352900206789,0.7436848591600396,,0.46529687394816344,,0.4,1.0,0,1089.29
2023-02-07,-0.1426251438695248,0.9078542207666163,-0.5244179289437475,0.6417023279025414,,0.1765026951711771,,0.0,1.0,0,1065.84
2023-02-08,-0.18713236028995478,1.0830479024114075,-0.6403951838840252,0.7079599728972958,,0.19269606622694468,,0.0,1.0,0,1072.22
2023-02-09,-0.2919344072906127,0.9024000746939792,-0.7790743404665516,0.6397707822927218,-2.4547604098299938,-0.3967196601200914,,0.2,1.0,0,1064.03
2023-02-10,-0.6223560995175081,0.6317204722912941,-0.9297919293960002,0.5173023523472147,-2.8705472849280786,-0.6547344978406157,,0.2,1.0,0,1055.3
2023-02-13,-0.6798927379898573,0.5461701485202595,-1.0612501724171717,0.3891107909309008,-2.8440724789721137,-0.7299868899855966,,0.2,1.0,0,1043.7
2023-02-14,-0.9269701474516641,0.5518753990830585,-1.1163655835948048,0.1648253703120817,-2.865210556371278,-0.8383691036045213,,0.2,1.0,0,1038.64
2023-02-15,-0.7129463193997887,0.7389671863913874,-1.0249457675242548,-0.024712556362723254,-2.6288550640997297,-0.7304985041990218,,0.6,0.0,0,1048.2
2023-02-16,-0.7007296595003878,1.0084810149095271,-0.8231995448580844,-0.14974185547343166,-2.8705472849280786,-0.7071474659700911,,0.6,0.0,0,1058.29
2023-02-17,-0.7076453294127776,1.0037919788665415,-0.664270537244507,0.02257657365701573,-2.8705472849280786,-0.6432189198123612,,0.2,0.0,0,1059.3101
2023-02-20,-0.3132848704007991,1.538092129380419,-0.2900769479282143,-0.11228342372077292,-2.8705472849280786,-0.4096200795194892,,0.6,0.0,0,1086.6899
2023-02-21,-0.38141086243042405,1.2616290409535436,-0.09424249939055448,-0.33347261154938984,-2.8705472849280786,-0.48360884346898075,,0.6,0.0,0,1082.23
2023-02-22,-0.6794009996277082,0.7169897219340431,-0.22614289472349058,-0.17398221756550353,-2.8705472849280786,-0.6466167349821477,,0.6,0.0,0,1054.28
2023-02-23,-0.4362005641155056,0.8088603363600269,-0.3001416423774729,-0.06345690905049055,-2.7532391009958914,-0.5488355760358667,,0.6,0.0,0,1053.66
2023-02-24,-0.6670223207070832,0.3579079051033877,-0.48116041251470293,-0.14858187537501374,-2.8705472849280786,-0.7618807976842983,,0.6,0.0,0,1039.5601
2023-02-27,-0.8084759491948185,0.08971012342539819,-0.7119017598557901,-0.19571977723780162,-2.8705472849280786,-0.8993869295582182,,0.6,0.0,0,1021.25
2023-02-28,-0.5919633688144229,0.09299721635701602,-0.7798313354218389,-0.006232098251633717,-2.5945728304895685,-0.7759204833240896,,0.6,0.0,1,1024.6801
2023-03-01,-0.3577018417039185,0.5541233058751415,-0.604453257811307,-0.05391535950121812,-2.422220475827699,-0.5768335257938002,,0.6,0.0,1,1040.55
2023-03-02,-0.6201785193438359,0.3711584412066964,-0.4997005303475124,0.01921262536695688,-2.381940223949388,-0.6222896414134167,,0.2,0.0,1,1037.61
2023-03-03,-0.6669065957404449,0.28284522216694113,-0.5077058496305031,-0.16125702649938084,-2.4779926969664374,-0.7062033893339651,,0.6,0.0,1,1024.77
2023-03-06,-0.6849881470149586,0.37660503622557573,-0.4755983880001761,-0.265264287900953,-2.4484741158751064,-0.6995439805131237,,0.6,0.0,1,1027.1801
2023-03-07,-0.797807267819962,0.5625807403375706,-0.32455865788488586,0.0069541496983044375,-2.1167586776206075,-0.5339179426579161,,0.2,0.0,1,1037.84
2023-03-08,-0.09803893052507534,0.7510776633366738,-0.11253649896021864,0.18238548920176265,-2.189296501000699,-0.2932817555895113,,0.2,0.0,1,1049.1801
2023-03-09,-0.09335352604267576,1.2916493102383746,0.1168475689958579,0.14532873237676652,-2.2224818394100443,-0.15240195076834417,,0.2,0.0,1,1055.95
2023-03-10,0.0354184945260233,1.1846447842257128,0.22299338958298884,0.19792664607988145,-2.649542288515401,-0.20171179482015894,,0.6,0.0,1,1053.0
2023-03-13,0.33623476238847205,1.078717638557438,0.28965019970816125,0.253689049349038,-2.6620625595102387,-0.14075418190142586,,0.6,0.0,1,1052.8
2023-03-14,0.08249494293135291,0.4301522257778645,0.20857305223855438,0.39296460320358334,-2.462565580974008,-0.2696761513645306,,0.6,0.0,1,1040.13
2023-03-15,0.5278700009507702,1.4195619976366405,0.3634377647548595,0.4585819496130947,-2.217702468683238,0.11034984885442545,,0.6,0.0,1,1062.1899
2023-03-16,-0.042120584504725875,0.676310865661724,0.3008718839348462,0.3264554856688317,-2.003300757008147,-0.14835662124949422,,0.2,0.0,1,1047.4
2023-03-17,0.29580942236670416,0.7580061599537342,0.2781204621786483,0.4017336482878007,-1.7598455311465995,-0.005235167671942376,,0.6,0.0,1,1045.14
2023-03-20,-0.01836292115912467,0.0088113715144403,0.055317475350846745,0.3115048932137112,-1.6466454248412639,-0.25787492118427807,,0.2,0.0,1,1023.1
2023-03-21,0.03129144556855836,0.0027320094167117086,-0.027382994864646005,0.18355438164265078,-1.6960304728524602,-0.3011671262178371,,0.2,0.0,1,1032.4301
2023-03-22,-0.21358449119750922,0.18383986813289466,-0.031773596561123864,0.2669927709040698,-1.7611102399633085,-0.3111271377369954,,0.2,0.0,1,1040.54
2023-03-23,-0.2211397072996759,0.46294176256779773,0.008875956914485892,0.2747781967115946,-1.8442604440358588,-0.2637608470283313,,0.2,0.0,1,1045.1
2023-03-24,0.29886557311898526,0.5543417978597085,0.0606233684474841,0.32535134341103805,-1.7981076406111458,-0.11178511155478599,,0.6,0.0,1,1046.79
2023-03-27,0.9129430975491286,0.8321042083067126,0.1215091875960978,0.41213941890458783,-1.7641990835791865,0.1028993657554681,,0.6,0.0,1,1052.25
2023-03-28,1.1661482362128173,0.9174892676085697,0.17579821878569335,0.31268351287757484,-1.6565790778839844,0.18310803152013422,,0.6,0.0,1,1054.29
2023-03-29,0.5249303310000349,0.8150013283474378,0.2124944467366058,0.41241868208137805,-1.7071658154153242,0.05153579455002644,,0.6,0.0,1,1056.33
2023-03-30,0.7194668878294668,0.8960768657951929,0.25752243219340837,0.29444690320927575,-1.5880253526170731,0.11589754728205415,,0.6,0.0,1,1059.4399
2023-03-31,0.8476697139848499,1.159639650719544,0.3308306629677467,0.3990500985488039,-1.561851082130861,0.2350678088180167,,0.6,0.0,1,1064.64
2023-04-03,1.3152881056690315,1.2345655298701614,0.46414738201888084,0.46807897777372026,-1.5486099987218747,0.3866939993219839,,0.6,0.0,1,1079.28
2023-04-04,1.4277654430409363,1.1271374499799576,0.5259594858630896,0.2416447513024838,-1.6517995651128659,0.3341415130147203,,0.6,0.0,1,1078.45
2023-04-05,1.3025155130023367,1.1162874673541308,0.5427516815713919,0.25296923786422254,-1.6486235069563155,0.3131800785671532,,0.6,0.0,1,1080.86
2023-04-06,1.2120299492106983,1.0181888925164324,0.4219384606006706,-0.12442200913261192,-1.6386485696129585,0.1778173447164461,,0.2,0.0,1,1070.91
2023-04-07,1.1332887859244658,0.8306683963246322,0.32831211793595066,0.0019271630175218138,-1.7825493385185107,0.10232942493681196,,0.6,0.0,1,1069.71
2023-04-10,1.3369064018458023,0.9176472838565606,0.2463876563764313,0.10715126412635897,-1.6794342080086881,0.18573167963929293,,0.6,0.0,1,1065.35
2023-04-11,1.353017818508539,0.8190311867833495,0.1902769011371889,-0.042775169402693214,-1.5972939309151903,0.14445136122223884,,0.2,0.0,1,1069.46
2023-04-12,1.2726875435842728,0.7185800013364217,0.12715178014970221,0.23455139816724122,-1.4904254489133366,0.17250905486486023,,0.6,0.0,1,1069.45
2023-04-13,1.1581297900319922,0.6192456180404406,0.024898640229417363,0.14762509603337182,-1.5866341370666095,0.07265300145372255,,0.6,0.0,1,1064.3
2023-04-14,0.8904517658815253,0.430534232201241,-0.16369798088034093,0.03608228053724296,-1.5421186156382523,-0.06974966357971685,,0.2,0.0,1,1052.89
2023-04-17,0.5477397831910392,0.5143494721202707,-0.28680041821439894,-0.07462304190890359,-1.457616663748747,-0.15139017371214797,,0.2,0.0,1,1053.8101
2023-04-18,0.3727706616241753,0.5076761383858361,-0.3577979052329486,0.14476768973418402,-1.2178180772210863,-0.11008029854196785,,0.2,0.0,1,1055.02
2023-04-19,0.1877400004965347,-0.04620256385442499,-0.46685606596005835,-0.042849588833035405,-1.315413742524268,-0.33671639213505045,,0.6,0.0,1,1048.98
2023-04-20,0.2842144325940962,-0.05154940797510442,-0.5233577967373746,0.0961468344201956,-1.2968841639720643,-0.29828602033405033,,0.2,0.0,1,1049.25
2023-04-21,-0.048749095333191945,-0.15042869931493594,-0.607615771634627,0.062425375441378224,-1.2187840384824036,-0.39263044586475604,,0.6,0.0,1,1042.91
2023-04-24,-0.20692603925559439,0.02575976387885359,-0.6508509925265945,-0.05500287354842146,-1.2489416295262958,-0.4271923541956105,,0.6,0.0,1,1041.36
2023-04-25,-0.47572384910568494,-0.3518938800310096,-0.7452376975650267,-0.15708167914184093,-1.2661850232985907,-0.5992244258284306,,1.0,0.0,1,1034.85
2023-04-26,-0.5202297426136911,0.00997050970673007,-0.7184553504763643,-0.08415981890423287,-1.271874968585404,-0.5169498741745925,,0.6,0.0,1,1040.8
2023-04-27,-0.35857050009755037,-0.09252615475255348,-0.7011017470413327,-0.3982213362034755,-1.2538050319884138,-0.5608449540166651,,1.0,0.0,1,1039.63
2023-04-28,-0.003599241695979643,0.3721478920980865,-0.5583476636969247,-0.26974259497355846,-1.1105401399686479,-0.3140163496474049,,0.6,0.0,1,1049.12
2023-05-04,-0.38544438518100377,0.07582953433616281,-0.5383833852528933,-0.7279064373026817,-1.2026207470577577,-0.5557050840916348,,0.6,0.0,1,1040.61
2023-05-05,-0.53925612934935,0.06632294125178277,-0.5107184599707759,-0.6263262587212594,-1.3706568200314397,-0.5961269453642084,,0.6,0.0,1,1040.3101
2023-05-08,-0.3687201224794632,0.34752764174130046,-0.34323383154852866,-0.13025311185844943,-1.3912903082164148,-0.37719394647231114,,0.6,0.0,1,1053.4399
2023-05-09,-0.16196414162759956,0.33815791528070566,-0.219786166354007,-0.5009016108424101,-1.373812389865333,-0.38366127868172883,,0.6,0.0,1,1053.77
2023-05-10,0.3630059274723899,0.4259563340912009,-0.06719371868034547,-0.25345614323176996,-1.258302435778527,-0.15799800722541038,,0.2,0.0,1,1058.26
2023-05-11,0.49456952966108947,0.5135206824950465,-0.0007328538092192816,-0.32858411918738245,-1.3710818239202704,-0.13846171695214726,,0.2,0.0,1,1057.12
2023-05-12,0.9800362960514271,0.5025769142218236,0.11839737629689114,0.05540966313656761,-1.347946364836742,0.06169477697399356,,0.6,0.0,1,1066.9
2023-05-15,0.9031525909164368,0.7921120298522097,0.18675875051377186,-0.5682633833752221,-1.4151074852859653,-0.020269499475753794,,0.2,0.0,1,1065.71
2023-05-16,0.8067439568568818,0.5784226328735355,0.2028172641770768,-0.5967519256609402,-1.3686917930007274,-0.07549197295083476,,0.2,0.0,1,1065.91
2023-05-17,0.6899339019819539,0.5671910772484046,0.11676664966142825,-0.6871540826765735,-1.2082870229948008,-0.10430989535591753,,0.2,0.0,1,1060.4399
2023-05-18,0.752998927507419,0.45269348132748644,0.11199551370155858,-0.46264549755600154,-1.0927531428762158,-0.04754214357915068,,0.2,0.0,1,1068.3101
2023-05-19,0.9237370442296021,0.3368250436331898,0.09105435169453628,-0.4230885990727318,-1.15680470451632,-0.04565537280634463,,0.2,0.0,1,1067.0699
2023-05-22,0.9412795518333644,0.43085221429263143,0.102765838827273,-0.7676628106107404,-1.1264901434941423,-0.08385106983032284,,0.2,0.0,1,1070.64
2023-05-23,0.7861022960901463,0.3124753189793828,0.02893245953167081,-1.0619784038081208,-1.0970295245057622,-0.20629957074253663,,0.2,0.0,1,1065.85
2023-05-24,0.23942438166451768,0.3006524945625398,-0.10024979280232851,-1.4857551112877232,-0.988073417986924,-0.4068002891699837,,0.2,0.0,1,1061.79
2023-05-25,-0.09428594234812794,0.17929312162596428,-0.17427909791418655,-1.7295792875215603,-0.9650175051534216,-0.5567737422622665,,0.6,0.0,1,1064.63
2023-05-26,0.13118670588147746,0.16693336285891133,-0.22610952740658521,-1.6782119823526702,-1.0193683517418033,-0.525113958552134,,0.2,0.0,1,1063.76
2023-05-29,0.18498539039880166,0.26701920504343696,-0.12535111283340764,-1.9238041207410084,-1.0196535592345932,-0.5233608394733541,,0.2,0.0,1,1074.98
2023-05-30,0.4942212368118469,0.367974893444037,-0.05412714309973036,-1.7709345133471666,-1.0090831273393017,-0.394389730706063,,0.2,0.0,1,1078.05
2023-05-31,0.5986744571986671,0.12987729174374,-0.057847381625400825,-1.920787946316031,-1.0032435060827167,-0.4506654170163483,,0.2,0.0,1,1075.17
2023-06-01,0.9662341888024455,0.35015363081896683,-0.011769374795313464,-1.4271945240831505,-0.9258766237548738,-0.20969054060238507,,0.2,0.0,1,1078.39
2023-06-02,1.0189270098646075,0.7975735296612383,0.21134403925802422,-1.4311448556538175,-0.8943015777358565,-0.05952037092116075,,0.2,0.0,1,1090.84
2023-06-05,1.0278219083469153,0.7843576679752112,0.4060749142555534,-1.8126288982987704,-0.8273525075489169,-0.08434538305400147,,0.2,0.0,1,1097.8199
2023-06-06,1.234126858650744,0.8848602978679317,0.6164935207097882,-1.7088907633984347,-0.7859507867936641,0.04812782540727298,,0.2,0.0,1,1108.3101
2023-06-07,1.5969480101382079,0.8702593395169494,0.7081088331509873,-1.628736060108153,-0.8206138928909947,0.14519324596139938,,0.2,0.0,1,1109.54
2023-06-08,1.3857915314836173,0.6267526812246962,0.557055205155902,-2.5899564862416358,-0.674619850000684,-0.13899538367562084,,0.2,0.0,1,1101.3199
2023-06-09,1.211028136126768,0.6149841329810597,0.4783796362768013,-2.0219804180563696,-0.5861325038689675,-0.06074420330814159,,0.2,0.0,1,1107.53
2023-06-12,1.1796972039865787,0.8335837645181939,0.49782564252116757,-1.683400508325364,-0.6971626454362596,0.026108691452863347,,0.2,0.0,1,1116.02
2023-06-13,1.2045057648136788,0.8194032714670058,0.5185952120694837,-1.2878527325555005,-0.6954964065592906,0.11183102184707538,,0.2,0.0,1,1122.46
2023-06-14,1.1528250758071872,0.9197199810938955,0.4508667633931836,-2.0745288162339643,-0.6843815583719944,-0.04709971086233855,,0.2,0.0,1,1117.42
2023-06-15,0.9944038983585055,1.020519686423133,0.3252777746398456,-2.4903378400485816,-0.6046126066992243,-0.15094981746526437,,0.2,0.0,1,1116.97
2023-06-16,0.9013968826484893,0.6574292689431782,0.17280962444055514,-3.0,-0.40918966923600025,-0.3355107786407556,,0.2,0.0,1,1115.22
2023-06-19,0.5099241193234444,0.41095460796813676,-0.021768880345928707,-3.0,-0.44848311496324694,-0.509874653603519,,0.2,0.0,1,1105.4
2023-06-20,0.30733379542612854,0.5175562177275209,-0.08001768141471788,-2.7302378285754543,-0.4753510434817929,-0.4921433080636631,,0.2,0.0,1,1111.72
2023-06-21,0.5274403572195366,0.7412466966890345,-0.06404179287957416,-2.5662825709519943,-0.5862911753243516,-0.38958569704946977,,0.2,0.0,1,1118.46
2023-06-22,0.6685353850047163,0.7275946022476687,-0.02546630155068502,-2.464183624619606,-0.5718762211044217,-0.33307923200446554,,0.2,0.0,1,1125.3
2023-06-23,0.33749204016253304,0.8322506914416224,0.043888141149928256,-2.4821377676568463,-0.729813312675522,-0.39966404151565693,,0.2,0.0,1,1129.38
2023-06-26,0.20287950029461702,1.0572105682463842,0.10035515783478817,-2.183733048409211,-0.6971448359869066,-0.3040865316040656,,0.2,0.0,1,1132.03
2023-06-27,0.10069556370821743,1.277769863300702,0.13342442332557314,-1.9613171981935018,-0.7303508538959419,-0.2359556403509902,,0.2,0.0,1,1134.33
2023-06-28,0.11111949519723044,0.8995770718396299,0.16498075718272492,-1.1875194496945891,-0.7677033578204296,-0.1559090966590867,,0.2,0.0,1,1138.35
2023-06-29,-0.27537464690983005,0.4002192606643313,-0.058716344360894054,-1.9102411760029312,-0.7696054820910774,-0.5227436777400803,,0.6,0.0,1,1125.39
2023-06-30,-0.4401526513044552,0.266992607708014,-0.26996327075605775,-1.9562916924078773,-0.7741789135071725,-0.6347187840535098,,0.6,0.0,1,1120.1801
2023-07-03,-0.40905814442102834,0.6247063035363081,-0.34761130308851823,-1.6997135531083982,-0.7339817917963746,-0.5131316977756023,,0.6,0.0,1,1125.5
2023-07-04,-0.33206081655158354,0.4887524878511885,-0.3125658139676957,-1.2156373039783308,-0.6661827356272725,-0.40753883645473876,,0.6,0.0,1,1132.0
2023-07-05,-0.36816369648927294,0.846638621056569,-0.28532289679469014,-1.3225099087011767,-0.5696011907332584,-0.3397918143323659,,0.6,0.0,1,1134.62
2023-07-06,-0.34006790447174867,0.08486561982785962,-0.3441890844071453,-1.3915487761282037,-0.5010172168997706,-0.4983914724158018,,0.6,0.0,1,1126.22
2023-07-07,-0.04711177702111119,0.7019374205961736,-0.27803587812882785,-0.786072474222139,-0.4083462760158607,-0.16352579695835306,,0.6,0.0,1,1138.0699
2023-07-10,0.1694432588859419,0.688520431916584,-0.06516270556444721,-0.6274006673021117,-0.48805466010536586,-0.06453086843387978,,0.2,0.0,1,1149.02
2023-07-11,0.1539873121653637,0.9283129515666768,0.10648859440164701,-0.4773447833112784,-0.5041776482074037,0.04145328532300109,,0.2,0.0,1,1151.77
2023-07-12,-0.06549135827641861,0.9122285701581507,0.20068197100821736,-0.5774185809603014,-0.5566883606890322,-0.017337551751876804,,0.2,0.0,1,1154.2
2023-07-13,0.8358442853424108,1.0247625323649638,0.33356840433140444,-0.13503805706426655,-0.4577640450556895,0.3202746239837646,,0.2,0.0,1,1165.42
2023-07-14,1.110865530133896,1.1350754427427046,0.3855440656026238,0.40465706443375227,-0.28251987891490493,0.5507244447996144,,0.6,0.0,1,1168.4
2023-07-17,1.2147637202126613,0.9866459361163721,0.39792865470145183,0.029341138580938567,-0.18818997972771634,0.4880978939767415,,0.6,0.0,1,1173.13
2023-07-18,0.7395875318090103,1.0964951171039214,0.39338122444158735,0.38761515305066985,-0.11580832814797039,0.5002541396514437,,0.6,0.0,1,1174.09
2023-07-19,0.3170492167268652,0.9475194022636316,0.3015377663766951,-0.20246839665960684,-0.04817200975278827,0.2630931957909594,,0.2,0.0,1,1172.98
2023-07-20,0.8654980240208412,0.930173784411051,0.19698008883633317,0.2774774901580433,0.06068887357135817,0.46616365219952544,,1.0,0.0,1,1172.8101
2023-07-21,0.8079135294780863,0.9130272931985915,0.27563726109410225,0.5499862242768672,0.10200873882517199,0.5297146093745639,,1.0,1.0,1,1185.9
2023-07-24,0.9907405720644314,0.8946634303099634,0.3347757053370114,1.0249948521575947,0.1601829393804063,0.6810714998498815,,1.0,1.0,1,1190.72
2023-07-25,0.6349281980373754,1.0056731687374516,0.36035137847141646,0.9372585755647779,0.16075784253910735,0.6197938326700259,,1.0,1.0,1,1195.9
2023-07-26,0.6554637681828619,0.8569854884998982,0.3432263273190784,1.3839617430911744,0.07039905325790786,0.6620072760701842,,1.0,1.0,1,1200.84
2023-07-27,0.524200849728556,0.8394823850414259,0.21855986900591562,1.2655885730467236,0.10121002529359802,0.5898083404232439,,1.0,1.0,1,1197.33
2023-07-28,0.565611151164761,0.9513319394617716,0.21674574741609548,1.6223072238549048,0.15683287773666052,0.7025657879268388,,1.0,1.0,1,1207.67
2023-07-31,0.7068490296030131,1.1875945421855223,0.4091028014849674,2.1840875226916747,0.24510304165623933,0.9465473875242834,,1.0,1.0,1,1222.9
2023-08-01,0.45293243777694703,1.163435633536645,0.38452860902139785,1.742141223253258,0.5169115334686731,0.8519898874113842,,1.0,1.0,1,1217.5601
2023-08-02,0.6690216079087768,1.139203848729321,0.3241948297217549,1.949630647613042,0.4583927426951503,0.9080887353336091,,1.0,1.0,1,1220.4301
2023-08-03,0.38300180848904003,1.1220755504583548,0.10861398352615183,1.5133021008151148,0.40178361950117963,0.7057554125579683,,1.0,1.0,1,1210.95
2023-08-04,0.4181155193087379,1.1069809539007156,0.10630139979815395,2.371350352464937,0.7116030767964578,0.9428702604538004,,1.0,1.0,1,1225.98
2023-08-07,0.2858030459006285,1.0921497708098924,0.33400725070126547,2.6558232207672456,0.48287636570404724,0.9701319307766159,,1.0,1.0,1,1241.42
2023-08-08,0.4075464904316833,1.0814022705312183,0.4164658601519875,2.4589431573628624,0.17038011146279494,0.9069475779881093,,1.0,1.0,1,1242.23
2023-08-09,0.16426060004530482,1.068815685041268,0.2738192373891586,2.373327815211423,-0.005976684728864262,0.8055238417817703,,0.6,1.0,1,1233.99
2023-08-10,-0.2921445616390037,1.0583763471684595,-0.10706954996908832,1.6218504466762327,0.013854636246604787,0.32659383860990626,,0.2,1.0,1,1220.61
2023-08-11,-0.5044889345759849,1.0501690865712523,-0.26314274061492654,2.3149267857000755,0.09035535802506907,0.20052954024913439,,0.2,1.0,1,1232.21
2023-08-14,-0.5046798578222829,0.9153700209794685,-0.36076444559267823,2.6558232207672456,0.04393000303505792,0.08927481907493294,,0.2,1.0,1,1236.84
2023-08-15,-0.3651159961662219,0.9047454476149954,-0.4604593312833874,1.8259508653758831,-0.09646732417676539,-0.02060836520084531,,0.2,1.0,1,1234.05
2023-08-16,-0.46835812952170336,0.8996670527924981,-0.418473268280887,2.420162924087158,-0.05803555841979141,-0.012932657549553226,,0.2,1.0,1,1243.26
2023-08-17,-0.49532854061519055,0.7762712075786288,-0.5153127744361946,2.131100207200852,-0.34988421544484116,-0.2855186572604107,,0.2,1.0,0,1233.48
2023-08-18,-1.3169194828339463,-1.1702644669984452,-1.4413992972082454,0.4230835356739822,-0.020729663868324966,-2.0723492374482366,,0.6,0.0,0,1177.99
2023-08-21,-1.3727803415023494,-1.0334116095806796,-1.9056293642787838,0.3311262015978412,0.21011487079945343,-2.301216592392478,,0.2,0.0,0,1179.76
2023-08-22,-1.3883193721712261,-0.7761538574970653,-2.0476343837386146,0.6949529954019404,0.26580084904542545,-2.3235479462239836,,0.2,0.0,0,1180.49
2023-08-23,-1.4920186571531586,-1.132568362164569,-2.1627107608450045,0.23943719356348322,-0.09642468802241344,-2.766334922246789,,0.6,0.0,0,1172.5601
2023-08-24,-1.2437657915126326,-0.8754286697471847,-1.8934740159478605,0.6578199330796898,-0.09052555479988147,-2.3605735235201273,,0.6,0.0,1,1189.39
2023-08-25,-1.3413022665048295,-1.1071944965758396,-1.7402602973938364,0.4682836262676429,-0.27711566584738895,-2.477998520255445,,0.6,0.0,1,1183.37
2023-08-28,-1.1480354054480186,-0.7282064313562366,-1.321438149223253,0.6589850183047598,-0.24747768750023302,-1.9234571221571906,,0.6,0.0,1,1201.72
2023-08-29,-1.0680922294316253,-0.3481474259550397,-0.953005497219645,0.2878634860527829,-0.2606070642624173,-1.4301822659705283,,0.6,0.0,1,1204.4301
2023-08-30,-0.7932777429499396,-0.09354686216032751,-0.5398696472310448,0.3438784419345646,-0.15166693192048322,-0.8770223588309658,,0.6,0.0,1,1213.16
2023-08-31,-0.5882402850502879,0.40399684971669814,-0.11231187270164705,0.2913554423590799,-0.20837933112709972,-0.23262848150842996,,0.2,0.0,1,1224.05
2023-09-05,0.8438695224274174,0.64807327042006,0.29012728054271203,0.03459844360680068,-0.1456599102910734,0.9939111892875128,,0.6,1.0,1,1234.98
2023-09-06,1.0568198782803488,0.6449826091145237,0.659181976702684,0.3361163305724968,-0.0855165327289469,1.3208241906495486,,0.6,1.0,1,1245.5
2023-09-07,1.0428342297914566,0.6403785711734259,0.822856771972423,-0.3606476532561467,-0.08684262950364101,1.4654319812744936,,0.2,1.0,1,1243.14
2023-09-08,1.1631067184942199,0.5139124318848383,0.8153418347372929,-1.326217488509013,-0.018377847442230984,1.5432660737981794,,0.2,1.0,1,1241.48
2023-09-11,0.41885400349004837,0.2587905920143264,0.5203315645106683,-1.8495075856355865,-0.17370941883157118,0.8369060773552907,,0.2,1.0,1,1223.63
2023-09-12,1.4293989853450664,0.6154423325836095,0.6170813835875512,-0.9808471917593933,-0.1322626617353415,1.6009237662596882,,0.2,1.0,1,1245.4399
2023-09-13,1.2225394108407235,0.23675584285665324,0.5533512667472131,-1.525509539784446,-0.46627392411368734,1.2655467490943602,,0.2,1.0,0,1238.39
2023-09-14,0.995036135563097,0.2296351606540459,0.3393550597405983,-2.582646340733873,-0.8336754966435765,1.0718161528360652,,0.2,1.0,0,1223.8101
2023-09-15,0.8929673794789309,0.22095153429975994,0.22326823585859062,-2.5955686628048094,-0.7570468787894685,0.961664402512706,,0.2,1.0,0,1227.36
2023-09-18,0.4833760675101939,-0.03392621714676382,-0.10982056368221367,-2.5548604798736765,-0.9380393104894332,0.3744000703950398,,0.6,1.0,0,1211.8101
2023-09-19,0.5720145727619309,-0.41338493951438166,-0.32768105165534894,-2.6274355787723196,-0.8917874855438747,0.1039456116668155,,0.6,1.0,0,1211.5
2023-09-20,0.5222833232498753,-0.049514257541131285,-0.29907079624869576,-2.5820419637721486,-0.8637113541262382,0.2515179944197239,,0.6,1.0,0,1226.11
2023-09-21,0.18096465613504462,-0.18625977851759015,-0.4786557874610183,-3.0,-0.8331614093842814,-0.09998869388460908,,0.6,1.0,0,1212.74
2023-09-22,-0.5356738282127634,-0.8267738139510228,-0.8999514408271884,-3.0,-0.8649534803649259,-1.1435056870266664,,1.0,0.0,0,1193.05
2023-09-25,-1.2639359516919937,-1.8362069684682387,-1.6944914189589904,-3.0,-0.7607544123676514,-2.650389276587267,,1.0,0.0,0,1153.2
2023-09-26,-1.6588469385782663,-1.9574554823625965,-2.233091250455561,-3.0,-0.6763586937765369,-3.420039280439401,,1.0,0.0,0,1137.96
2023-09-27,-1.7546312909716708,-1.5773840213350583,-2.2386454512345857,-3.0,-0.627102775328136,-3.4212574267706395,,1.0,0.0,0,1153.85
2023-09-28,-1.7031735384252635,-1.708747250926451,-2.187589443586949,-3.0,-1.0095917183267302,-3.572145063203846,,1.0,0.0,0,1152.4301
2023-09-29,-1.8542855507552274,-1.593255539364157,-2.0123591810987977,-3.0,-1.1281103270423651,-3.586549432781696,,1.0,0.0,0,1154.15
2023-10-02,-1.7289821414851416,-1.732680576859668,-1.7686024489180323,-3.0,-1.4859139515972166,-3.546954699939488,,1.0,0.0,0,1155.25
2023-10-03,-2.041981588288736,-2.246343606843977,-2.0457056242690124,-3.0,-1.4169365648911734,-4.231958063138355,,1.0,0.0,0,1118.1
2023-10-04,-2.0618160254981257,-2.119404958709541,-1.9769458273532745,-3.0,-1.510838028709486,-4.200682901828463,,1.0,0.0,0,1128.67
2023-10-05,-2.0935011737939346,-2.3661096310288317,-2.030327105853615,-3.0,-1.603082151801836,-4.446719453034321,,1.0,0.0,0,1113.89
2023-10-06,-1.9259566450002457,-2.23408284130286,-1.7236695871704273,-3.0,-1.5315688393178515,-4.146393908810152,,1.0,0.0,0,1128.54
2023-10-09,-0.9572567781869168,-1.8593950186642931,-1.3054795831052437,-3.0,-1.7241209014177266,-3.2372770492085507,,1.0,0.0,0,1137.36
2023-10-10,-0.4968422872176342,-1.7420321914207897,-0.8379890930249064,-2.971008362642157,-1.8432088937249758,-2.699783817237066,,1.0,0.0,0,1143.6899
2023-10-11,-1.2632310105923374,-1.6299383850098368,-0.3633559187716592,-2.9084176292519586,-1.7525734665972657,-2.778214042596145,,1.0,0.0,0,1150.8101
2023-10-12,-0.7091100620046229,-1.514828808085264,-0.004850567189037598,-2.8491508095901352,-2.016165649714807,-2.2632645061325714,,1.0,0.0,0,1151.61
2023-10-13,-0.33345562225964476,-1.4034459295940471,0.30324303420247556,-2.6672292160515707,-2.1129165682125395,-1.8174031567840796,,0.6,0.0,0,1154.73
2023-10-16,-0.29834115328389044,-1.5539489063336176,0.282982587498641,-2.605804247999093,-2.0986036659041654,-1.8948851427818245,,0.6,0.0,0,1141.42
2023-10-17,0.18333728067558633,-2.090311197058264,0.05804141923444849,-2.6978128697778043,-2.0748195043319835,-2.1001233557521557,,0.2,0.0,0,1121.65
2023-10-18,-1.2239907134336305,-2.2161539321749912,-0.3241708873770646,-2.6497614138472967,-1.9337568107340901,-3.1202137361010123,,1.0,0.0,0,1103.4
2023-10-19,-1.1782387755755657,-2.3356133753101638,-0.7523548692957667,-2.60355780063363,-1.5693127042467365,-3.350554484493566,,1.0,0.0,0,1087.85
2023-10-20,-0.8119111772286861,-2.1904766391869583,-0.604608941123096,-2.5595700605996448,-1.2574048859630613,-2.9452620345594873,,1.0,0.0,0,1108.03
2023-10-23,-1.2462027801096034,-2.439177393932468,-0.7214873893121125,-2.5173867657532907,-1.4475152140140823,-3.4035015206539816,,1.0,0.0,0,1093.53
2023-10-24,-0.9339045569816364,-2.29384096458892,-0.49117290012465875,-2.4768662687533025,-1.3344471180633666,-3.0123227255805713,,1.0,0.0,0,1105.9
2023-10-25,-1.54496468413134,-2.409081300478748,-0.3507811789689793,-2.4381615676538164,-1.4279721901052438,-3.3394578345849717,,1.0,0.0,0,1101.66
2023-10-26,-2.1202895155695174,-2.5218614034517843,-1.043371476764681,-2.4008636246378665,-1.2858565594946016,-4.057090128452888,,1.0,0.0,0,1055.45
2023-10-27,-2.236131432855069,-2.4994868385572957,-1.3226914153862754,-2.3588164169831667,-1.281574548430951,-4.247922996096146,,1.0,0.0,0,1060.62
2023-10-30,-2.382581155283004,-2.477400760924823,-1.6914002448906489,-2.2938987953014527,-1.1641709517600793,-4.472701685231568,,1.0,0.0,0,1042.4
2023-10-31,-2.267765647159558,-2.4386375631602495,-1.9840395441541054,-2.2045096389421164,-1.486070182794615,-4.569050084476185,,1.0,0.0,0,1028.1899
2023-11-01,-1.902617876175701,-2.1704234349079656,-1.817652383389537,-2.125621105238754,-1.474207729778572,-4.11424535820086,,1.0,0.0,1,1039.66
2023-11-02,-1.0473818928732055,-2.0215037059427177,-0.951707119793862,-2.0518181792469563,-1.592643558523755,-3.116934557068876,,1.0,0.0,1,1075.47
2023-11-03,-1.2430045728419965,-2.1133688820805427,-0.2570156287202409,-1.7301517234064832,-1.1266418868424735,-2.7224923250822806,,1.0,0.0,1,1076.78
2023-11-06,-0.8003621245142105,-1.862552435145572,0.5169197985377272,-1.7427090853936025,-1.118849289077557,-1.9498402704121274,,0.6,0.0,1,1089.66
2023-11-07,-1.028553606315313,-1.8561658895865232,0.8587594454226585,-1.618423792003919,-1.4423929148879866,-1.91182213455359,,0.6,0.0,1,1080.29
2023-11-08,0.17013429505006294,-0.8953207319314069,1.6977396318449984,-1.3661264349776934,-1.0616629940537767,-0.1767235297766042,,0.2,0.0,1,1113.4301
2023-11-09,0.999397027468331,-1.1540909672317397,2.1577075141123725,-1.3550835211810204,-0.929724203927679,0.380666553168137,,0.2,0.0,1,1113.89
2023-11-10,0.8552221509513216,-1.531115020633192,2.151081468785486,-1.5276711088045176,-1.111986523318225,-0.007524802295791638,,0.2,0.0,1,1101.6801
2023-11-13,1.1259525351657358,-1.2873449609366312,2.044783325869041,-1.454092415369361,-1.1002577255049577,0.23471980074717855,,0.2,0.0,1,1100.0699
2023-11-14,1.326161790235462,-0.8021540037706383,2.0919972050741755,-1.420327517978592,-1.1582112270162703,0.6242283549158598,,0.2,0.0,1,1109.73
2023-11-15,1.354344453572326,-0.6862730548902425,2.2485228607932735,-1.6321170884061542,-0.9956810470503468,0.7319687725283974,,0.2,0.0,1,1122.5
2023-11-16,1.3696355633832569,-0.4435432491240684,2.2647147360864377,-1.3359263155338774,-0.810452731392957,1.0163634928029885,,0.2,1.0,1,1125.53
2023-11-17,1.353660726392763,-1.4684852445639318,1.7569011197059692,-1.268825632857956,-0.8437962556422643,0.22927541319960162,,0.2,1.0,1,1101.1899
2023-11-20,1.5762838952613392,-1.589985802481399,1.37823861524498,-0.9063784813024098,-0.6959554512481723,0.26585493209129085,,0.2,1.0,1,1103.66
2023-11-21,1.5614802734340683,-1.4591051276432325,1.1570738010400374,-1.1659425157977839,-0.7940541898034491,0.11302102147853244,,0.2,1.0,1,1110.46
2023-11-22,1.4889245557698076,-1.2036178674741587,0.9973341335472551,-0.9205042593951765,-0.5326477017330254,0.2722630066523405,,0.2,1.0,1,1113.8199
2023-11-23,1.2718044112215563,-2.3160147810633473,0.46509821877146906,-0.8473364625836137,-0.3673206853447888,-0.6202865117283585,,0.2,1.0,1,1088.49
2023-11-24,1.2379843525598557,-1.6825168765762741,0.21197932288120278,-0.6148204071494268,-0.5257139593344422,-0.378178591285028,,0.2,1.0,1,1095.61
2023-11-27,0.6274131568811835,-2.1584885460581527,-0.07210391404069766,-0.6291408753805577,-0.5465105098268468,-1.1099257402685034,,0.6,0.0,1,1088.0601
2023-11-28,0.7870613889993323,-1.6538152450268562,-0.08145405650808951,-0.5515649112699903,-0.608775812593279,-0.7489711274979896,,0.6,0.0,1,1095.4301
2023-11-29,0.3553751872155119,-1.5212145886231419,0.060381944750657605,-0.625668938123747,-0.46640156618309175,-0.8493224910203605,,0.2,0.0,1,1102.8
2023-11-30,-0.590384033872914,-1.6221507320414987,-0.02958179054279091,-0.4991279129454854,-0.5620883096358328,-1.4531324681794655,,1.0,0.0,1,1094.13
2023-12-01,0.3494161445458521,-1.4800620028175735,0.09915668377637764,-0.3952893858098997,-0.7009503754836013,-0.7726639636721553,,0.2,0.0,1,1102.16
2023-12-04,0.48493126184310076,-0.7408161688694043,0.47891235800214343,-0.033767279729417635,-0.6235794388689276,0.012031165774945757,,0.2,0.0,1,1120.49
2023-12-05,-0.49599980107549707,-0.9716205455739769,0.6644813164585429,0.03042371223615645,-0.8372281201447946,-0.587119338727468,,0.2,0.0,1,1115.97
2023-12-06,-0.04402979079138141,-0.7165283912853939,0.9689310048325965,-0.05002909416226169,-0.8981450068209927,-0.09198169266455458,,0.6,0.0,1,1126.4301
2023-12-07,0.3595679599590353,-0.7049149743705306,1.1157270822130199,-0.0028273045184281248,-0.6195405901312744,0.29298261106218837,,0.2,0.0,1,1121.49
2023-12-08,0.6903202120032506,-0.3256304888991891,1.2747563060153464,0.06796488320381704,-0.5804027705603211,0.7820080322805981,,0.2,0.0,1,1124.4399
2023-12-11,1.2458957750481785,-0.1994725771628754,1.401816521132721,0.08652177758885334,-0.3602511076860139,1.278249252735816,,0.2,1.0,1,1125.5
2023-12-12,0.8865714972419373,-0.06615896096527223,1.450499034053881,0.3113112776506876,-0.4969401268642813,1.2147870837101955,,0.2,1.0,1,1127.63
2023-12-13,0.33634199748442456,-1.0519331198168274,1.1456446023097515,0.06479878874670669,-0.5009118489449952,0.17726320574492554,,0.2,1.0,1,1114.2
2023-12-14,0.8015406531962349,-1.161646157893619,0.8172034150514362,0.08382471425796634,-0.27635775044687005,0.28278078671905355,,0.2,1.0,1,1110.13
2023-12-15,0.5425359598734638,-1.3911051357036337,0.4165744162054493,-0.1285556235646659,-0.3195250997313379,-0.26097211473412035,,0.2,1.0,1,1102.3
2023-12-18,-0.34774929796169657,-1.493373282021615,-0.10116375964068391,-0.276084944239873,0.5121497267384706,-0.9441689827644537,,0.6,0.0,1,1091.88
2023-12-19,-0.5317114990992662,-1.226880811910635,-0.27578799379504737,-0.11258954227833541,0.5777574769531353,-0.9405645336471294,,0.6,0.0,1,1096.3
2023-12-20,-1.001414396348456,-1.0871922975493045,-0.24180427477125838,-0.14459889812534243,-0.314857076283071,-1.3359640218271613,,1.0,0.0,1,1100.76
2023-12-21,-0.4342434620143983,-0.9498934726022977,-0.19005693454759995,-0.03737047669510118,-0.3691515892989634,-0.8903420371298343,,1.0,0.0,1,1102.4301
2023-12-22,-0.3721782862172895,-1.063265753405028,-0.12207352906999491,-0.13739978957893462,-0.23326959785192772,-0.8814789554232465,,1.0,0.0,1,1103.0601
2023-12-25,-0.5070585685724744,-0.5625160674969946,0.2177738312738307,0.06726842650175115,-0.015551153461323249,-0.42598703329519644,,0.2,0.0,1,1117.66
2023-12-26,-0.3444247438682662,-0.5552555804607655,0.4773057500904485,0.21413623753567806,-0.1891611506692426,-0.17742955257299703,,0.2,0.0,1,1122.25
2023-12-27,-0.2882643839777832,-0.30482696912894836,0.6381780553919046,0.13856254611592964,-0.36282579908086393,-0.0070288773787912096,,0.2,0.0,1,1121.99
2023-12-28,-0.4977101278649453,0.0588923586824685,0.9126813828213953,0.33727303884511006,-0.3883636624708355,0.2539707185465852,,0.2,0.0,1,1128.9301
2023-12-29,-0.21662732079814773,0.053157272763891886,1.1241808213942894,0.16246920048742908,-0.4215665668394046,0.45002281025037616,,0.2,0.0,1,1129.9301
2024-01-02,-0.5499122786864922,-0.07549315837848465,1.1911980782008882,0.11040922914233829,-0.0928654636040953,0.2818579243830173,,0.2,0.0,1,1131.72
2024-01-03,-0.48093023586671013,0.29133426752421276,1.415405991656213,0.23303900786683784,-0.42274855433361436,0.5861644853385221,,0.2,0.0,1,1144.17
2024-01-04,-0.30892652923672254,0.6549607197849352,1.6824025853890592,0.2634988662476328,0.20093994653785252,1.13987199348865,,0.6,1.0,1,1150.72
2024-01-05,0.30334098552058464,0.4074831249900157,1.8399285469595839,0.5810192800906893,0.3335970050947344,1.5985696307354331,,1.0,1.0,1,1154.6801
2024-01-08,0.9994218231081855,0.5317038898274979,1.873990044388328,0.4839471418198982,0.3996984909203621,2.045183997418528,,1.0,1.0,1,1160.1899
2024-01-09,0.875371442129229,0.2890375226738863,1.6888139770557453,0.5323828330188765,0.49926365124145716,1.808201522164065,,1.0,1.0,1,1158.59
2024-01-10,0.019640453693489962,0.29614829498031703,1.5519328646937858,0.6607687232785108,0.33270876952937556,1.2759998772397387,,1.0,1.0,1,1161.54
2024-01-11,0.981962651511201,0.557150166336057,1.4355075453515223,0.4938544550826495,0.11648297854890313,1.7584071309671552,,1.0,1.0,1,1162.22
2024-01-12,0.1369631279202186,0.05849770880973799,1.1660940566518465,0.4096167398533519,-0.04704637637827993,0.843843743647816,,0.6,1.0,1,1154.7
2024-01-15,-0.27550540573397975,-0.05820183966589317,0.8572229201075008,0.28277255185551087,-0.32472112618623444,0.2845934103163198,,0.2,1.0,1,1154.12
2024-01-16,0.32636287220751253,0.33555560106555593,0.7471345441086522,0.40698902863868647,-0.4300953032036779,0.7671669629724688,,0.6,1.0,1,1163.12
2024-01-17,-0.2409885324383055,0.0868246301964297,0.547377689092574,0.35056042734145265,-0.11278610032349985,0.29461537505954394,,0.2,1.0,1,1162.53
2024-01-18,-0.1775842954238704,0.2259042476805407,0.47652959812623263,0.15896165512647392,-0.4710845593929924,0.19287514338611061,,0.2,1.0,1,1169.0601
2024-01-19,-0.18497532063641756,0.6291775287045859,0.655159787217112,0.35263075423343243,-0.4445023750229787,0.5520009619061449,,0.2,1.0,1,1181.5
2024-01-22,-0.41958736878492436,0.6403438069006936,0.7309818457929047,0.4857718839456272,0.31182382938566894,0.7144700295254847,,0.6,1.0,1,1182.86
2024-01-23,-0.3220016639865172,0.7831390263610977,0.5849342943084921,0.390428701781927,-0.19441011359757582,0.594587918541854,,0.2,1.0,1,1177.5
2024-01-24,-0.23481721588395402,0.3986347945574228,0.343797502661047,0.3240960742850595,0.06316506671652138,0.37963830174403573,,0.6,1.0,1,1172.97
2024-01-25,-0.5270094009527185,0.5494797252769152,0.062374439302718,0.4196119720366017,-0.369567341166357,0.07402221999844848,,0.2,1.0,1,1170.37
2024-01-26,-0.6063266219076683,0.4270269839693961,-0.08155293226638757,0.31753818917130094,-0.2673197386666587,-0.11296987073126298,,0.2,1.0,1,1175.67
2024-01-29,-0.27891268300283817,0.2984584902941935,-0.1996336751512079,0.44745212212479496,-0.2846040181460273,-0.009681850464042824,,0.2,1.0,1,1175.6899
2024-01-30,-0.5399745171644035,0.44749490480564585,-0.20182056790282454,0.44773911546163564,-0.23259073264878763,-0.06747466354291305,,0.2,1.0,1,1179.65
2024-01-31,-0.8243894251556106,0.03527988632165249,-0.5910476107731848,0.24966263530403116,-0.1481596607033945,-0.6701531825280522,,0.2,1.0,1,1164.3101
2024-02-01,-0.6015076146516263,0.18229943409127947,-0.6590280360492295,0.24926300840498053,-0.0038401573854192255,-0.47736735031448424,,0.2,1.0,1,1173.02
2024-02-02,-0.3729364627043104,-0.23521858663512552,-0.7452860625337057,0.3939716498255401,0.5557303950435066,-0.3939663798325042,,0.2,1.0,1,1172.55
2024-02-05,-0.07027216970568931,0.050303657526723014,-0.4331434475050544,0.3935861214053861,0.6434969742264697,0.08490820007668645,,0.2,1.0,1,1186.0601
2024-02-06,0.07690292861957745,-0.08745120234175026,-0.2125218597818635,0.41481902462792697,0.33235799235516617,0.13988099625075479,,0.2,1.0,1,1188.48
2024-02-07,0.43492123216901046,0.47145536280956685,0.13546360675954935,0.3805450725776003,0.4771041399926987,0.8016133869722444,,1.0,1.0,1,1198.53
2024-02-15,1.0666350173753552,0.326205092645096,0.39606422217033566,0.32789290172482,-0.12800857807282556,1.027800066191902,,0.6,1.0,1,1202.5
2024-02-16,1.0661598150889051,1.2894663583064065,0.7121412009118067,0.4916615334484462,0.10300611370959266,1.7733799287763177,,1.0,1.0,1,1209.7
2024-02-19,1.4462264310047435,1.2698845728115584,1.2528950837183452,0.7234134980077692,0.06442096047176489,2.3216217941320036,,1.0,1.0,1,1224.97
2024-02-20,1.1628516823081487,1.2549678820035945,1.561365694648756,0.5405198643111936,-0.9913890245051372,1.9646600611422458,,0.6,1.0,1,1230.0601
2024-02-21,1.525618766330771,1.2403499616049671,1.6169894186416285,0.6071703520345975,-1.2217581471460999,2.149648714813702,,0.6,1.0,1,1230.04
2024-02-22,1.162986718082542,1.2389309170758678,1.4579050592665566,0.40702311551235126,-1.6529144457464735,1.6943243897966505,,0.6,1.0,1,1227.3101
2024-02-23,0.3457608647944259,0.9621308623171788,0.8225775032468917,-0.15148428823673177,-1.3963822178882466,0.653430615722877,,0.2,1.0,1,1212.0
2024-02-26,0.16274533904106003,0.8161362124722549,0.5122683907474014,-0.0363681510307311,-1.2559008724395766,0.4120544132343806,,0.2,1.0,1,1224.17
2024-02-27,0.4337500570174155,1.0756383472124342,0.48248474272004305,0.16848368242069517,-1.6255478833484203,0.6594459235773855,,0.6,1.0,1,1237.46
2024-02-28,0.5468975160481271,1.190528267080468,0.731152025583253,0.30589839552897274,-1.569727496813308,0.9720078641061457,,0.6,1.0,1,1254.55
2024-02-29,0.3439061857490983,1.1695084584895463,0.702537073563599,0.40349699943507106,-1.393450855219894,0.9337490258656534,,0.6,1.0,1,1252.73
2024-03-01,0.5551692665599475,1.1489163700874157,0.6446886108356925,0.5737715851654556,-1.5464307840072615,1.048247083899697,,0.6,1.0,1,1258.28
2024-03-04,0.3510746387749984,1.13055565264956,0.5758210906433759,0.6110128354934858,-1.631218156990778,0.9054329931362599,,0.6,1.0,1,1261.41
2024-03-05,0.49999286870994614,1.1113781336585393,0.6427633057707535,0.9668565768413186,-2.550275115939329,0.9496834045085742,,0.6,1.0,1,1269.98
2024-03-06,0.1780645387143042,1.0922234463429759,0.43546923992048236,0.6984305475319954,-2.5072618602056305,0.6013823538880819,,0.6,1.0,1,1262.73
2024-03-07,0.1980762284979894,1.0738110696801826,0.36038744159900965,0.7124349527255509,-1.4877381823478704,0.814069748712851,,0.6,1.0,1,1268.46
2024-03-08,0.2842954401564934,0.7997887838419281,-0.34633406415465484,0.19600424632224248,-1.099996840783356,0.24120630924172054,,0.2,1.0,1,1247.35
2024-03-11,-0.5096464505133884,0.14386235838943162,-1.2311395845980406,-0.03984976690015918,-0.7259445432160975,-0.9666746001769898,,0.6,0.0,1,1235.49
2024-03-12,-0.7145116652161294,0.14891623096337073,-1.5918016563935529,-0.0801590743570127,-1.1867373377252397,-1.3623059718308603,,0.6,0.0,1,1245.0
2024-03-13,0.03743229011052807,0.9310745329653566,-1.221191387490069,0.19115131713186614,-0.5947775845948523,-0.14925842191050817,,0.2,0.0,1,1270.51
2024-03-14,0.15159314130715365,0.79561001503072,-1.2111120523372025,0.044764220240514525,-1.020114177762402,-0.3118872737978511,,0.2,0.0,1,1264.26
2024-03-15,0.16163684295311434,0.2674770424221287,-1.2007203787362242,-0.024246594315371364,-1.0104211999570005,-0.6060532691496585,,0.2,0.0,1,1263.78
2024-03-18,-0.8943585863202246,0.013933948214033924,-1.68269118664924,-0.004814485903519245,-0.5491860725822708,-1.3968702608726082,,0.6,0.0,1,1243.5601
2024-03-19,-1.2428529358094431,0.013511542422827743,-1.9695390322846078,0.06137692946941309,-1.4493965482363962,-1.9106733768946682,,0.2,0.0,1,1242.46
2024-03-20,-0.5849659444449595,0.40442170214189915,-1.6521723095216145,0.11510944017400902,-1.4105840153415508,-1.1975664872721545,,0.2,0.0,1,1260.08
2024-03-21,-0.42077208360250384,0.5251072392830148,-1.019170545793818,0.3226053949152997,-1.408024301246623,-0.6693220277798047,,0.2,0.0,1,1276.42
2024-03-22,-0.13970113902768416,0.3844199636398606,-0.5802040208013344,0.09871949172018483,-1.7988625862949312,-0.59114396667318,,0.2,0.0,1,1281.8
2024-03-25,-0.33252281379263243,0.37635288084299684,-0.6606847270451446,-0.05464105327135511,-2.2853631487878565,-0.9299607756445335,,0.6,0.0,1,1267.86
2024-03-26,-0.18830907861850837,0.5008456707762247,-0.4096682418928129,0.14211889113207654,-2.3100248463864324,-0.598666856833673,,0.2,0.0,1,1282.21
2024-03-27,-0.6110861058951762,0.49453151061491407,-0.24574629272707882,0.13189040320102816,-2.2774863186212726,-0.7369538822694994,,0.2,0.0,1,1283.09
2024-03-28,-0.5685833634881355,0.7504203836335256,-0.021265919368427935,0.20497615465898142,-1.9713207148734975,-0.3703392868310617,,0.2,0.0,1,1290.1801
2024-03-29,-0.5410729300603181,0.6156736649863436,-0.07540012319646712,-0.05601512553334402,-1.5976691111662997,-0.4655363938393242,,0.6,0.0,0,1284.09
2024-04-01,-0.12235058239597986,0.48159707958275383,-0.25869103944428784,0.07492005929025757,-1.5457264296933333,-0.3429757843273329,,0.2,0.0,0,1281.52
2024-04-02,0.24573249317712328,0.6087140981623388,-0.31274520062437366,0.1623578327886212,-1.5304784250795966,-0.07997559186373865,,0.2,0.0,0,1287.04
2024-04-03,-0.7641909673967163,0.22090778027406244,-0.7570201681338063,0.042369660773107505,-1.9744167418084149,-1.1855684062523641,,0.2,0.0,0,1271.47
2024-04-04,-1.4117226885728482,-0.03422456691550701,-1.1870091557294244,-0.1527134591311812,-1.8425598619325074,-1.90494686410435,,1.0,0.0,0,1268.25
2024-04-05,-1.5557196535775306,-0.6807439045513054,-1.6938598363162636,-0.35760715623580164,-1.744188094154723,-2.6129473032924935,,1.0,0.0,0,1255.11
2024-04-08,-1.3188495846286028,-0.27936576602937363,-2.0367268750261127,-0.42552021936077083,-2.1092425530536483,-2.6110919366508503,,1.0,0.0,0,1250.35
2024-04-09,-1.2664499519754724,-0.01131422806219925,-1.8828290574103355,-0.12843007750493188,-1.8747218819393445,-2.20194338221251,,1.0,0.0,0,1262.8199
2024-04-10,-1.8993173436998705,-0.40184910942245816,-1.815222482082927,-0.17003701528779488,-2.0656276254227435,-2.7789148655370868,,1.0,0.0,0,1258.5601
2024-04-11,-1.9942555106909066,-0.5265264788112973,-1.739838735749063,-0.08431405459223326,-1.8602224180645026,-2.7667863740759753,,1.0,0.0,0,1258.2
2024-04-12,-1.8463779431907847,0.2666326877896175,-1.1852631353599876,0.07757048170383889,-2.023205687524689,-2.053138195697558,,0.2,0.0,0,1276.6
2024-04-15,-2.14657794023851,-1.5576460541859163,-1.9464334600543671,-0.2844216570118642,-1.7174296485833822,-3.494097004988495,,1.0,0.0,0,1216.61
2024-04-16,-2.2094849857861467,-0.892585092055285,-2.2745669957395354,-0.10025417396442181,-0.8749842256761978,-2.9999189568947857,,1.0,0.0,0,1215.6801
2024-04-17,-2.3855305326655163,-2.025058277691193,-2.781606619159383,-0.0845530089497433,-0.9770658126691185,-3.9098884039488992,,1.0,0.0,0,1193.01
2024-04-19,-2.6055958547357783,-2.2242735845752657,-2.9770804588405824,-0.2335359991182799,-0.7103280586019038,-4.184877250772408,,1.0,0.0,0,1174.85
2024-04-22,-2.6055958547357783,-1.9297019234546153,-2.9770804588405824,-0.16587897190255538,-0.7186608619855811,-4.036836929286056,,1.0,0.0,1,1190.22
2024-04-23,-2.6055958547357783,-1.8981891712798138,-2.879091592723565,-0.4158789563000742,-1.3896840410794657,-4.318307034362386,,1.0,0.0,1,1177.4
2024-04-24,-2.5261638647706888,-1.6313163537426252,-2.1407350660902034,-0.14222773476720812,-0.652639320386006,-3.432523643594781,,1.0,0.0,1,1205.61
2024-04-25,-2.37487002462024,-1.7308874068932707,-1.55567802373621,-0.20660046457920903,-1.1446076085138355,-3.3199259253483646,,1.0,0.0,1,1204.97
2024-04-26,-2.2109911856822793,-1.3539209103356642,-0.9703576803791796,-0.0975567881390451,-1.0359706631153098,-2.6902220601180016,,1.0,0.0,1,1209.52
2024-05-02,-2.103666425390299,-1.230040103793777,-0.3628729696183095,-0.08362164269776834,-1.0137248494306665,-2.2643767476394623,,1.0,0.0,1,1216.36
2024-05-03,-1.1040545095966765,-1.2196506504905764,0.15711846355031217,-0.4506595883146681,-0.2949759249847307,-1.356305118777707,,0.6,0.0,1,1221.03
2024-05-06,-0.39753557264968253,-0.38432622739074757,0.8981111805831025,-0.21494342015875417,-0.03169038255014956,-0.041096407698296464,,0.6,0.0,1,1241.58
2024-05-07,0.49846116045612976,-0.2631174779684697,1.5079001721387468,-0.09693468654127235,-0.34446274691117434,0.7135416267496149,,0.2,0.0,1,1248.63
2024-05-08,1.216175974888527,-0.3836100794933214,1.8521100437821125,0.12217574275000163,-0.3256762961836694,1.2799320563187966,,0.2,1.0,1,1250.46
2024-05-09,0.619523329540786,-0.6218282424019314,1.9515210982451943,0.5498884183925304,-0.4683345459571622,1.0031243103719314,,0.2,1.0,1,1248.64
2024-05-10,1.3592588567463864,-0.7354578785060379,1.8075681206684682,0.43877182512164875,-0.524679207266473,1.202823795932703,,0.2,1.0,1,1244.7
2024-05-13,1.164373413168766,-0.7292370361796151,1.5466108355938113,0.1542163111124643,-0.07311411933316456,1.0394335157892607,,0.2,1.0,1,1240.1801
2024-05-14,1.229491171439265,-0.485960183404266,1.3821402502653986,-0.12631902976782475,0.002091231075925277,1.0380470461915574,,0.2,1.0,1,1243.28
2024-05-15,1.2809927211326335,-0.1256419891958449,1.374961034771729,0.011715284496780285,0.11768639904396222,1.3262067570700804,,0.6,1.0,1,1254.39
2024-05-16,1.3520001099886771,0.2319206579974165,1.537124168098987,0.01306414126728597,0.4328257571003739,1.7289646882962915,,1.0,1.0,1,1268.78
2024-05-17,1.599206161494039,0.23411463833373644,1.6275235626581588,0.1644225907884693,0.4570685032100056,1.9662847226625033,,1.0,1.0,1,1273.11
2024-05-20,1.5538883599266984,0.4710756484569602,1.6909917334168463,-0.20052925172060262,0.6395826986914174,2.023287112597445,,0.6,1.0,1,1277.58
2024-05-21,1.631697620019079,0.5869812627246948,1.6192872893405872,0.017550421262129474,0.5579246816104577,2.1307290624466253,,1.0,1.0,1,1277.14
2024-05-22,1.6093937343294642,0.10975067971725275,1.2728619204492275,-0.35009428847948454,0.25594622132767353,1.4793966841943897,,0.6,1.0,1,1266.91
2024-05-23,1.5911904773628016,0.6992569047775866,1.3034902833911175,0.4351923768133479,0.11736376797682242,1.9850220065080137,,1.0,1.0,1,1281.03
2024-05-24,1.3169279396678422,-0.36862751435484975,0.9271888163798321,0.4763359356225867,-0.45301328838190286,0.953123521684327,,0.2,1.0,1,1261.9301
2024-05-27,1.0822422230094064,-0.12948474880168445,0.7376457017223634,0.4944346298718736,-0.3291263890174096,0.9056818562937252,,0.2,1.0,1,1267.6801
2024-05-28,1.1929468898562496,0.10779844220729139,0.7818455255726552,0.36278648687625265,-0.6423797810745532,0.9238503840967693,,0.6,1.0,1,1281.73
2024-05-29,0.8665862190265541,-0.4844837023001435,0.5033180988497379,0.3305511984193738,-0.663812849261614,0.3262204593225529,,0.2,1.0,1,1272.64
2024-05-30,0.683959094081671,-0.4813462807137921,0.18390017205032166,0.4322930029344725,-0.8409921334012659,0.04500836839844896,,0.2,1.0,1,1266.3199
2024-05-31,0.19446096551894335,-0.5949550563847593,-0.11615338399210412,0.3374126052467018,-1.2015236244537186,-0.5814624788982135,,0.2,1.0,1,1261.72
2024-06-03,0.7165272344170867,0.23568716825004893,0.0589274315576568,0.5051141116780933,-0.4717905031248805,0.5041029432844208,,0.6,1.0,1,1280.0
2024-06-04,0.5162682790048653,-0.12074325716667475,0.21125115115954773,0.22771044469516855,-0.449002061932839,0.21910606473546726,,0.2,1.0,1,1283.52
2024-06-05,0.48316449753486734,-0.0010460054318161614,0.3258228543107061,-0.0956357527989557,-0.5736377639814886,0.1472212078205805,,0.2,1.0,1,1284.35
2024-06-06,0.014667421937445175,0.357634330363346,0.3837606240322928,-0.012660394144622882,-0.4867844829435176,0.16322212526428184,,0.2,1.0,1,1283.5601
2024-06-07,0.722275126967894,0.24171962987028342,0.43320276009873493,0.18850372372787547,-0.09460260701655096,0.7251090647478772,,0.6,1.0,1,1287.58
2024-06-10,0.940629198795892,0.4822829403764661,0.44916734442470385,-0.0741860353647066,-0.05475575348582593,0.874902855083708,,0.2,1.0,1,1290.67
2024-06-11,0.2344616689018865,0.36627651412651474,0.34332636022286933,-0.16194915132441876,0.046899645449611255,0.4133416194498859,,0.6,1.0,1,1284.41
2024-06-12,0.8808260114979058,0.6036155634148246,0.48456768604859246,0.16193564142496875,-0.24883154891416084,0.9247392436323513,,0.6,1.0,1,1300.1899
2024-06-13,0.4534190696521075,0.6019964873601362,0.5423290133766941,0.3168787150836658,-0.06031937689280055,0.8639656687288713,,0.6,1.0,1,1301.51
2024-06-14,0.06334595108886447,0.48485964147202937,0.1229131336659879,-0.06126363701783887,-0.06755692737408002,0.26391769899720713,,0.2,1.0,0,1279.91
2024-06-17,-0.5602936121825771,0.1312701907754088,-0.2804489813649461,-0.437600976039176,-0.10425631916281487,-0.5676913563959294,,0.6,1.0,0,1274.77
2024-06-18,-0.7171914268974616,0.13708865504059736,-0.4395273951133042,-0.2957678823554379,0.6597373502626487,-0.3651035463527834,,0.2,1.0,0,1279.5
2024-06-19,-0.4455437081560831,0.14399137240161564,-0.5520651866102083,-0.1445830760450523,0.19196588204838688,-0.4030958506329886,,0.2,1.0,0,1279.79
2024-06-20,-0.38370436432737753,0.027900877190532497,-0.5613246732586783,0.06240538027829187,0.2697374713605953,-0.3168737972415307,,0.2,1.0,0,1282.3
2024-06-21,-0.754481563231118,-0.08946994737828093,-0.61362160570245,0.06881311448012263,0.08745207084451749,-0.6498418412291531,,0.2,1.0,0,1282.02
2024-06-24,-1.337361413335722,-0.6838324432227555,-1.0746788356374124,-0.4467788347732855,0.519800623825943,-1.4719336052319218,,0.6,0.0,0,1254.12
2024-06-25,-1.4419734855613089,-0.553733443138588,-1.2843444383358684,-0.2997966740192913,1.1460988009193425,-1.2657235457208291,,0.6,0.0,0,1256.5601
2024-06-26,-1.6671765019611824,-0.7834165427057491,-1.2661754017292612,-0.2553195228377485,0.6583820345354359,-1.6538772237467259,,0.6,0.0,0,1261.24
2024-06-27,-1.6589043218986728,-0.531957310257266,-1.2620245085794268,-0.4207747087910238,0.40799540358272246,-1.696259409514056,,0.6,0.0,0,1259.09
2024-06-28,-1.869653165239414,-1.000567518587988,-1.3437455922155854,-0.10194649951172123,0.27869380313507097,-1.975603538871976,,0.6,0.0,0,1245.3199
2024-07-01,-1.6790932815161073,-0.7456030715226959,-1.160854803036991,-0.23363686574837744,-0.46595152894671393,-1.9997873464943232,,1.0,0.0,0,1254.5601
2024-07-02,-1.2790682875376194,-0.006893313357337952,-0.7909391182668151,0.07059567000105404,-0.78080238255928,-1.2578279640826995,,0.6,0.0,0,1269.79
2024-07-03,-1.4689296577815474,0.11854595088853703,-0.41441453360361485,0.20762868410326615,-1.2379698188177095,-1.2234368353092495,,0.2,0.0,0,1276.85
2024-07-04,-1.579631697456165,0.2421217418319905,-0.12616590611866726,0.1999000280628769,-1.433250064954049,-1.1588155153504036,,0.2,0.0,0,1279.89
2024-07-05,-1.159371712384135,0.3682085408262959,0.08025209594400252,0.351821171195223,-0.8451342403472848,-0.5165372681826979,,0.2,0.0,0,1283.04
2024-07-08,0.07704165467950488,0.3705591386838246,0.23461821440265784,0.16338957018520545,-0.9175122455042257,0.06315434239431367,,0.6,0.0,0,1283.5601
2024-07-09,0.378715947277702,0.3767056259895144,0.4994783979885761,0.27604570184964883,-0.330319568991538,0.5976216191490099,,0.6,0.0,0,1293.71
2024-07-10,-0.0030451230779608447,0.1311547209461638,0.47921158825429505,-0.0026563627692412365,0.015033937331131866,0.28588620994670716,,0.2,0.0,0,1285.9399
2024-07-11,-0.2335024836150397,-0.10800195453524922,0.40061175072797783,-0.21374847596273033,-0.1639003824273045,-0.13429144444646315,,0.6,0.0,0,1283.8
2024-07-12,0.6457452277811757,-0.46936266036911495,0.30373386819931747,-0.24082041458844022,-0.6113098152135062,-0.09226382459830074,,0.2,0.0,0,1280.75
2024-07-15,0.7266606435615437,-0.45875372220129573,0.24770591957848576,-0.46087256539478894,-0.1550503278186577,-0.004548103388305254,,0.2,0.0,0,1279.8199
2024-07-16,0.35743735854666986,-0.07618848204617241,0.24592395466514236,-0.6013697774287806,0.45183709098845876,0.15449080661318512,,0.2,0.0,0,1281.1801
2024-07-17,-0.2690603697826906,0.18372300391263596,0.10633447938587495,-0.8219108827919527,0.5646170102023498,-0.1467662017025339,,0.2,0.0,0,1268.66
2024-07-18,0.3408105084237833,0.19470022214689184,0.16180244593845416,-0.6049286934010085,-0.1569360270651116,0.019074593385363985,,0.2,0.0,0,1274.4399
2024-07-19,0.01870960990820213,-0.048873397574404245,0.06790397773241966,-0.6379083486923166,-0.15631500570275084,-0.31381209398220156,,0.2,0.0,0,1264.78
2024-07-22,-0.48066168582677427,-0.2930010151259901,-0.04904942602389699,-0.5219043788453915,0.08608833889463433,-0.5945184967285198,,0.6,0.0,0,1254.64
2024-07-23,-1.0858943835062715,-1.1748450621388211,-0.5027194339916359,-0.6016354423180188,0.433036884538095,-1.4383364950008086,,0.6,0.0,0,1231.8101
2024-07-24,-1.1654612968229314,-0.9025971474705167,-0.6695519404868028,-0.5126148265406123,0.7184996817099752,-1.2883696258199113,,0.6,0.0,0,1238.47
2024-07-25,-1.2066092359446803,-1.1426034495551944,-0.8265377704812972,-0.5858832432745138,0.3410467549537262,-1.6673923070599344,,0.6,0.0,0,1233.1899
2024-07-26,-1.05344110139828,-0.9972197654193015,-0.692267527593557,-0.5487716483232264,0.22784786739587404,-1.4862576137005796,,0.6,0.0,0,1242.11
2024-07-29,-1.2174506661149622,-0.5960090484579228,-0.5184386614572751,-0.47347232544342627,0.10170633721917627,-1.304576639745616,,0.6,0.0,0,1246.6
2024-07-30,-1.412159021774699,-0.3239400893062065,-0.40015763125158876,-0.5101807787818454,0.4373156461752461,-1.1186324855392964,,0.6,0.0,0,1245.0601
2024-07-31,-0.979026344254401,0.21172170133478627,-0.1435869732552038,-0.14503019903395717,0.42077400811159876,-0.3726965466682625,,0.2,0.0,0,1251.51
2024-08-01,-1.5105363165699053,-0.8321502128828993,-0.3969471782728678,-0.6778664816702937,1.1815568148788758,-1.244776805972298,,0.6,0.0,0,1226.96
2024-08-02,-1.3279379328297638,-0.287813406256626,-0.3025795551856804,-0.17897827633757804,1.8286274164904297,-0.4345897323250517,,0.6,0.0,0,1236.6
2024-08-05,-1.722303054412027,-1.3441717450132504,-1.002561365114021,-0.5003173005049504,1.7037470288633756,-1.6807759474719441,,0.6,0.0,0,1188.0699
2024-08-06,-1.2453426637715475,-0.925398694445729,-0.976983477119829,-0.5175750764661661,1.6499280815134543,-1.2873576814747973,,0.6,0.0,1,1210.28
2024-08-07,-1.0485537167411336,-0.9117784909468049,-0.8010276423680264,-0.09842536808467287,1.5664932266662004,-0.9699859662153553,,0.6,0.0,1,1215.88
2024-08-08,-1.0769358818607857,-0.8982738974948644,-0.7263077948726866,-0.2941581378568866,1.618919984574431,-1.03310866028893,,0.6,0.0,1,1208.3199
2024-08-09,-0.8501636790852616,-0.47038513843654245,-0.3479224441888545,-0.009008462743957479,1.4540339671936848,-0.46592294932006756,,0.6,0.0,1,1223.64
2024-08-12,-0.6035672092968768,-0.5980237915196988,0.0068636653472230235,-0.06929978032878889,1.133705656340177,-0.3477315451665408,,0.2,0.0,1,1230.28
2024-08-13,-0.20921787414171683,-0.5855901143433646,0.21330208386821545,0.011382459843466418,1.529579213557108,0.08922279803261035,,0.2,0.0,1,1230.42
2024-08-14,-0.24200124883786453,-0.5731527025497678,0.4344732733140643,0.2026316572247485,1.3442156978853097,0.22120826650759973,,0.2,0.0,1,1230.36
2024-08-15,0.401349448945096,-0.7055081030708579,0.46166710074981876,0.1476353308841668,1.5500432859882904,0.5245924185560547,,0.6,0.0,1,1223.5601
2024-08-16,0.5950401334362604,0.4817885259375231,0.9188281622814527,0.5462544298818431,1.1538861559537272,1.515968589299517,,1.0,1.0,1,1252.23
2024-08-19,1.2716803827474625,0.9415305102819439,1.2881927468497723,0.6929209466686623,1.2209994640974011,2.3581223633195285,,1.0,1.0,1,1261.62
2024-08-20,1.219539422892951,1.1056582587078392,1.5520309727918165,0.8377546822628812,1.2667286483210987,2.621231124350516,,1.0,1.0,1,1272.55
2024-08-21,1.2480438681647776,1.7104237488096572,1.7846544901721837,0.7625737419449995,1.4590623694978173,3.0703114008629506,,1.0,1.0,1,1284.05
2024-08-22,1.4664246679010382,1.6800977354051514,1.8608069331820367,0.6909403298226062,1.2585944720053954,3.1270647688023265,,1.0,1.0,1,1282.78
2024-08-23,1.285053088293427,1.5059632474931062,1.8693134235442765,1.2889166026832868,1.3245472918053975,3.2294154776931703,,1.0,1.0,1,1285.3199
2024-08-26,1.4455242696938695,1.7706132395438285,1.7055486659790486,1.2335275322163612,1.5630030193662021,3.405928247747783,,1.0,1.0,1,1280.02
2024-08-27,1.355612584058423,1.7375701487017736,1.5354476429959147,1.5344881797262673,1.7408882235359864,3.4480161921521626,,1.0,1.0,1,1280.5601
2024-08-28,1.4459142156242952,1.7062006968733618,1.3393712183634103,1.4836623111625655,1.6779401914543652,3.34846453976211,,1.0,1.0,1,1281.4399
2024-08-29,1.5669461347284006,1.5355024112317301,1.151967460680545,1.2736730421061668,1.2686856413617265,3.0226124561255423,,1.0,1.0,1,1281.47
2024-08-30,1.2395214898666098,1.6498716651936771,0.9823048133034011,1.3013551178347005,2.7617019766312816,3.3150544920602703,,1.0,1.0,1,1283.87
2024-09-04,1.2755952023695059,1.2110790487932963,0.6048868736080873,1.786479287350691,1.9984892092546218,2.9242988702115893,,1.0,1.0,1,1275.8
2024-09-05,0.6863852907448222,0.5050267497745864,0.19645229191861158,1.5750553707402255,1.5450118379583961,1.8703539013611379,,1.0,1.0,1,1268.21
2024-09-06,0.8669436533868294,1.2098569067745908,0.006952628917967584,1.6517917891564022,2.1381333598860577,2.4376297908558717,,1.0,1.0,1,1273.96
2024-09-09,0.6197540865527649,0.37222182989757496,-0.26505826596155907,1.6012630914443242,2.30682945924078,1.8291185685017282,,0.6,1.0,1,1267.73
2024-09-10,-0.3348290094091799,-0.04351575906341944,-0.6440457891653781,1.5777294041899614,2.0791461216428124,0.9057339774407394,,0.2,1.0,1,1255.23
2024-09-11,-0.7205060292971408,-0.03292406650110821,-0.9119872070538394,1.5396925978986093,2.094327119361735,0.5852464432206429,,0.2,1.0,1,1253.27
2024-09-12,-0.4589748927082622,0.40737037489258043,-1.030491006271409,1.386354038440703,2.767773097997803,1.0234652700586238,,0.2,1.0,1,1256.35
2024-09-13,-0.5872346614809801,0.4129895289492784,-1.0963482041558055,1.2858971408195734,2.767773097997803,0.8923447880252452,,0.2,1.0,1,1251.71
2024-09-16,-0.6321374829792242,-0.4455844172630207,-1.2897152655819,1.0638250668061195,2.767773097997803,0.2679376299950528,,0.2,1.0,1,1239.26
2024-09-17,-0.4598472732182615,0.8692295404878927,-1.0433199419703314,1.2560131129151455,2.767773097997803,1.184030406174723,,0.2,1.0,1,1258.95
2024-09-18,-0.28826038608910204,0.8710426040195182,-0.7564985974701692,1.2078471879150872,2.6991307542288165,1.3649818938790652,,0.2,1.0,1,1264.9
2024-09-19,0.04467116620502986,1.0170447766283057,-0.42461388849331155,1.0239584590807527,2.562151359201186,1.6290913730599526,,0.6,1.0,1,1271.27
2024-09-20,0.049451612465298334,1.0132151328331376,-0.13960579868730064,1.0871472902932096,1.913434116610676,1.586456927721334,,0.6,1.0,1,1272.04
2024-09-23,-0.04950295692318791,0.8613550041775496,-0.01872646910551011,1.118782303120456,1.6100385290952373,1.4409187002380575,,0.2,1.0,1,1268.48
2024-09-24,0.884144101625458,0.859662744260316,0.22899258958998872,1.4652536429469971,2.02232114256746,2.3023066117044717,,1.0,1.0,1,1276.99
2024-09-25,1.222046931450944,1.1425186289152296,0.5407380325627705,1.7199337435532163,1.065982479669551,2.5552629754328215,,1.0,1.0,1,1287.48
2024-09-26,1.272405617713468,1.4113290327731531,0.8363948948834639,1.7691526404038989,1.2061053216117021,2.9135042724916644,,1.0,1.0,1,1291.49
2024-09-27,0.9231995340334853,1.1071013533228948,0.9844796299432337,1.7935476072454248,1.1944295856416647,2.670669959077317,,1.0,1.0,1,1290.92
2024-09-30,1.1606852875991067,1.0914516261208833,0.9600777897630765,1.6108482556385433,2.1661400916101727,3.0048521188654225,,1.0,1.0,1,1287.9399
2024-10-01,1.1914131630817422,1.3869701722495258,0.9614054815411127,1.4841000459585638,2.242183502315576,3.1380401682009,,1.0,1.0,1,1292.2
2024-10-02,0.9978819549285503,1.0909691313359733,0.8140914747390641,1.3565367496578906,2.5250803706904246,2.8828962720344995,,1.0,1.0,0,1287.84
2024-10-03,0.41333574318770694,1.0747495165724863,0.5107750883245241,1.1667123854828485,2.3145614660654754,2.31076717307028,,1.0,1.0,0,1278.1
2024-10-04,0.2886149065788854,0.642785621244278,0.11292065330692178,0.7088852394297275,2.1214553726128327,1.5908365553205701,,1.0,1.0,0,1270.6
2024-10-07,0.2873765965158224,0.348456800572537,-0.2107782445717076,0.6730513307695616,2.080731898145156,1.2807014590554697,,0.6,1.0,0,1269.9301
2024-10-08,0.07678024941710426,0.6205792089052695,-0.38067681093884387,0.5361418459727979,2.241281286690278,1.2403650038620346,,0.6,1.0,0,1271.98
2024-10-09,-0.6087561146483269,0.6079990484271993,-0.3309482002696498,0.8301571637217754,2.276905426561665,1.0859625161927329,,0.2,1.0,0,1281.85
2024-10-10,-0.38589075444765203,0.8862413261205108,-0.2215650062639526,0.7517900850003475,2.540756899149577,1.4372013783476931,,0.2,1.0,0,1286.36
2024-10-11,-0.49664856977502586,0.8724228752530993,-0.12740932330732663,0.7972928262989318,2.767773097997803,1.5250513715067104,,0.2,1.0,0,1288.39
2024-10-14,-0.45920831370669646,0.8586007981690236,-0.11988189537470191,0.8350477152039499,1.762260732882924,1.19913340280515,,0.2,1.0,0,1286.34
2024-10-15,-0.9642054887605416,0.8449012545883565,-0.24940037595559802,0.2091926701968706,1.4715508665075758,0.49469227915284825,,0.2,1.0,0,1281.08
2024-10-16,-1.1809713066830811,0.8314493511186772,-0.4074149228376738,0.6418269150121803,1.94768906103497,0.7001899408037285,,0.2,1.0,0,1279.48
2024-10-17,-1.0373735639013966,0.6708736490718589,-0.3957161276500729,0.6883969245634542,2.211199617879449,0.8046814280539016,,0.2,1.0,0,1286.52
2024-10-18,-0.8616432400773363,0.8068980421145269,-0.3838365323401341,0.18602526119291393,2.6273077358208563,0.8561928639346548,,0.2,1.0,0,1285.46
2024-10-21,-1.082329164637179,0.7937992183846488,-0.5067205880284321,0.16285173321000637,2.705461767432012,0.6980610397692455,,0.2,1.0,0,1279.77
2024-10-22,-1.0663416661855558,-0.4299803097359492,-0.828008657983246,-0.31775983322984774,2.767773097997803,-0.28091365161489024,,0.6,1.0,0,1269.89
2024-10-23,-0.9227494729676596,-0.4491094851819052,-0.9804557011038489,-0.47480186812059333,2.767773097997803,-0.3955289259627497,,0.6,1.0,0,1270.9
2024-10-24,-1.1127819444231772,-0.9312563538912383,-1.3357578770367369,-1.0358686510223807,2.63700560381832,-1.2262139899165287,,0.6,0.0,0,1257.41
2024-10-25,-1.1309113956473371,-1.2676054401714314,-1.6037386564655158,-1.3654120729376464,2.656093272266913,-1.7175569589005417,,0.6,0.0,0,1252.72
2024-10-28,-1.167557622983944,-1.1297206859176543,-1.6664062112814806,-1.24487471611843,2.5631706365032256,-1.720218450498793,,0.6,0.0,0,1254.77
2024-10-29,-0.510714393603735,-0.5116496274176966,-1.5109514797209878,-1.7559672932232986,2.767773097997803,-1.258955321125778,,0.6,0.0,0,1261.78
2024-10-30,-0.7112620466688105,-0.8674375618006658,-1.4046804801790462,-1.8819152246624695,2.7227039158272923,-1.6239219469426938,,0.6,0.0,0,1258.63
2024-10-31,-0.727525507105565,-0.3936859510330461,-1.2079355455729677,-1.7682712434612615,2.6734520025019353,-1.3162831557486347,,0.6,0.0,0,1264.48
2024-11-01,-1.0682112470210439,-1.2763749441620873,-1.2138034524203019,-2.6136068359781595,2.625798631638537,-2.4047998297944084,,0.6,0.0,0,1254.89
2024-11-04,-1.0260462026709336,-1.992504434050364,-1.3718720563657687,-2.7458142861805297,2.5824585913901945,-2.9635191551459976,,0.6,0.0,0,1244.71
2024-11-05,-0.831975554922082,-2.1715227126886623,-1.3865631021507894,-2.989091889474966,2.307158397400381,-3.209550328709304,,0.6,0.0,0,1245.76
2024-11-06,-0.4067689721322188,-0.7925772489137559,-1.0179342148476556,-2.47260137548021,2.403541368514404,-1.9260961171779738,,0.6,0.0,0,1261.28
2024-11-07,-0.32772922671833826,-1.348504010716305,-0.8029935602129973,-2.9715541136702255,2.2149555192634702,-2.3629737445666783,,0.6,0.0,0,1259.75
2024-11-08,-0.5632131907887146,-1.8903950293223928,-0.7714865774868632,-3.0,2.2960168143144717,-2.7942362737775013,,0.6,0.0,0,1252.5601
2024-11-11,-0.5297967408238272,-1.8936687202619427,-0.815063860895452,-2.945536406684096,2.2644771183270307,-2.825758026689965,,0.6,0.0,0,1250.3199
2024-11-12,-0.59636980371121,-1.8643198127564893,-0.8815026988926574,-3.0,1.8001438140314345,-2.9704116401763354,,0.6,0.0,0,1244.8199
2024-11-13,-0.5604235431100052,-1.670256405705312,-0.8651924759342333,-2.985625048051281,2.1444251797301797,-2.857289873226501,,0.6,0.0,0,1246.04
2024-11-14,-0.6971089951871323,-2.3433213038870804,-1.0652355378123048,-3.0,2.1037615040101203,-3.4132732354844695,,0.6,0.0,0,1231.89
2024-11-15,-0.8690522683231392,-2.4645716690675297,-1.3560360034582006,-3.0,2.0142361025630593,-3.7545876904439037,,0.6,0.0,0,1218.5699
2024-11-18,-0.6819968346890004,-2.7125301863984586,-1.4688756057464398,-3.0,1.9540724756189682,-3.8776987427472953,,0.6,0.0,0,1217.12
2024-11-19,-1.0916052295521337,-2.4767565839277306,-1.6045520505274788,-3.0,1.7935640807066455,-4.069343403250172,,0.6,0.0,0,1205.15
2024-11-20,-1.1498898119630991,-2.404070813513448,-1.3624716667505057,-2.9676089239613987,1.559428462900099,-3.9406828005687924,,0.6,0.0,1,1216.54
2024-11-21,-0.7201819642795386,-2.054769709959712,-0.8525347995172047,-2.563372119329059,1.3330275017279967,-3.1022968496264505,,0.6,0.0,1,1228.33
2024-11-22,-0.758628031820009,-2.0308855589997616,-0.46452271540865886,-2.53944162404314,1.263424877892825,-2.9037286094132013,,0.6,0.0,1,1228.1
2024-11-25,-0.4762982039358627,-1.7023703190101676,0.005578291793969618,-2.0774368660487825,1.2139541849804476,-2.139800978760297,,0.2,0.0,1,1234.7
2024-11-26,-0.006711644669558576,-0.7662559099173434,0.4852601381399886,-2.398832535496642,1.187122744191498,-1.3363323567124645,,0.2,0.0,1,1242.13
2024-11-27,-0.29759267863094185,-1.1037982172946155,0.7979675264155148,-2.3181540854602045,1.1367113023885176,-1.4522331157155335,,0.2,0.0,1,1241.97
2024-11-28,0.2083983195855455,-1.1110913567533778,0.9881867659205613,-2.407961006929379,1.0582229615503869,-1.142771540097784,,0.2,0.0,1,1242.11
2024-11-29,0.990230795294099,-0.8148643404396868,1.2536450530866088,-1.8802994573592264,1.1800927734633855,-0.2169056625592374,,0.2,0.0,1,1250.46
2024-12-02,1.1272538417492903,-0.8255171897131968,1.3939980296279604,-1.7435891554012777,1.414749860474241,-0.029289383856475587,,0.2,0.0,1,1251.21
2024-12-03,1.7646101199842232,-0.9944019683711289,1.4627450138922171,-2.008527707067653,1.116368998166475,0.1414721435980659,,0.2,0.0,1,1249.83
2024-12-04,0.7146439119200392,-1.1646854499693167,1.2349351501712964,-2.408649478700563,1.1246490630538828,-0.7782504215798819,,0.2,0.0,1,1240.41
2024-12-05,1.4874115533430705,0.4594189161075229,1.667852048572346,-1.837392131989792,1.363629331443512,0.9320803378779876,,0.6,1.0,1,1267.53
2024-12-06,1.6169466751113983,-0.03779697947273162,1.872098036069579,-1.7429010538984209,1.4660010684649767,0.8958097189527248,,0.2,1.0,1,1270.14
2024-12-09,1.5128489120448083,0.4473784201049306,1.911810855740222,-1.7450920029675898,1.403867868757097,1.1383255380548887,,0.6,1.0,1,1273.84
2024-12-10,1.7313795691950036,-0.05085334289998321,1.8323454051531776,-1.550508595325727,1.264627439622863,1.0595981708585682,,0.2,1.0,1,1272.0699
2024-12-11,1.9182111184755068,0.10980289369632576,1.6243916546048434,-1.5199562987182478,0.7584867752185247,1.1888389577029048,,0.6,1.0,1,1268.86
2024-12-12,1.7209512391233652,0.10904955410766128,1.387078134671423,-1.1649980162706157,0.6325320339475433,1.1349366902207452,,0.6,1.0,1,1267.35
2024-12-13,1.6291031193888281,-0.382010251683635,1.0995584536573313,-0.8830653254172345,0.4797725218892109,0.8104673747630778,,0.2,1.0,1,1262.5699
2024-12-16,1.593087597252086,-0.2125351090433757,0.8579956705155637,-0.8081173037192666,0.5249350266525749,0.7899115722258301,,0.2,1.0,1,1263.79
2024-12-17,1.3533216984613228,-0.21880573319477728,0.6000883840851123,-0.8712866727266261,0.4811907760539233,0.5070775007804953,,0.2,1.0,1,1261.72
2024-12-18,1.5904734333301815,-0.22657835162638024,0.4604119095596946,-1.0746007257330041,0.4966252431880781,0.4676803235496779,,0.2,1.0,1,1266.0
2024-12-19,0.2628399460535006,-0.8998074515096798,0.08361716157454857,-1.0645561527870349,-0.04297594135637202,-0.7495114513947796,,0.2,1.0,1,1254.67
2024-12-20,0.03773965477615505,-1.0758008253226934,-0.16097561226727167,-1.1771801600827374,-0.47066094619094123,-1.1173351897486716,,0.6,0.0,1,1257.5
2024-12-23,0.011064886347639344,-0.9130373158287846,-0.2208557534650696,-0.8513472560168133,-0.3059575107982345,-0.9463545584739694,,0.6,0.0,1,1262.76
2024-12-24,-0.2792445697732805,-1.0814102169692554,-0.27840133875152234,-0.5423919518527266,-0.1855440442235407,-1.0934881338927915,,1.0,0.0,1,1260.36
2024-12-25,0.6385262515542021,-0.07876238707673283,0.02673998417559718,-0.366572297377063,-0.09374590931068906,0.14909203036050145,,0.2,0.0,1,1274.04
2024-12-26,0.06319357842377825,-0.2552301378518071,0.207633573783928,-0.6612706429905693,0.021639503307615347,-0.27668678573464306,,0.2,0.0,1,1272.87
2024-12-27,-0.013337274765652914,-0.256944937501056,0.40746609217967855,-0.3328123237806083,0.11864235260694629,-0.08071478183700359,,0.2,0.0,1,1275.14
2024-12-30,-0.18720534822543305,-0.5946196729167346,0.4789203610373468,-0.2248739885064384,0.08651605897069838,-0.27012262839581147,,0.2,0.0,1,1272.02
2024-12-31,0.07412018268508323,-0.5902759315289754,0.355871071999742,-0.07515762505396184,-0.054635787199224656,-0.12902103885571573,,0.2,0.0,1,1266.78
2025-01-02,-0.09556337558587497,-0.3309779579069798,0.28720732133716653,-0.040713329495900605,-0.2491845815055067,-0.08768186476318306,,0.6,0.0,1,1269.71
2025-01-03,-0.44178466203380135,-1.1876996822829724,-0.10276095841385453,0.08874752619106739,-0.5702275010945439,-0.8646171889545715,,0.6,0.0,1,1254.59
2025-01-06,-0.6450277990725511,-1.3408379549408067,-0.50969455741831,0.22063400506219288,-0.5782796241888953,-1.2084950400031063,,0.6,0.0,1,1246.35
2025-01-07,-0.9840404251405541,-1.149535663678914,-0.7088284179747213,0.14651175633114286,-0.6163385129367317,-1.4152433132647915,,0.6,0.0,1,1246.95
2025-01-08,-0.8455558413757652,-0.620143061388736,-0.7298999736754228,0.11823383082619363,-0.664692118399902,-1.0836724844756485,,0.6,0.0,1,1251.02
2025-01-09,-1.0723848397467013,-0.95104264930147,-0.8132118010931263,0.08343409385395101,-0.6227403753546524,-1.4424853390705132,,0.6,0.0,1,1245.77
2025-01-10,-1.1677031496404446,-1.2754315964051253,-1.1060882926000568,-0.30374758876779434,-0.5841548762611305,-1.9822805837983346,,1.0,0.0,1,1230.48
2025-01-13,-1.0099218522090019,-1.0855767856293421,-1.13466550960209,0.07446848537301955,-0.6300386053196052,-1.6617610792763111,,0.6,0.0,1,1235.65
2025-01-14,-1.1821274073826247,-0.8993620159579047,-1.1760150859606249,0.20356731156724842,-0.6126450826023595,-1.6254349240711263,,0.6,0.0,1,1229.0699
2025-01-15,-1.1869654073673441,-0.7148020784164337,-0.9699750617826471,0.30622640920344973,-0.45412666328316786,-1.387463662644092,,0.6,0.0,1,1236.1801
2025-01-16,-1.1670493538521751,-0.5345962547173835,-0.6885805889985911,0.1324489761757857,-0.7896312286428346,-1.2009617382662914,,0.6,0.0,1,1242.36
2025-01-17,-0.8286427768597461,-0.5276202219777447,-0.32068217831620205,0.49971470642075716,-0.7440906046191217,-0.6852283158401306,,0.6,0.0,1,1249.11
2025-01-20,-0.4554286620141532,-0.34734918925051184,0.009080007344377646,0.7674333974581243,-0.7199282166456958,-0.11588677524807361,,0.2,0.0,1,1249.55
2025-01-21,-0.6488734321089092,-0.8514585972860672,0.19084707739406453,0.6116804803864068,-0.6524732769838422,-0.4579004565035458,,0.2,0.0,1,1246.09
2025-01-22,-0.9368459853041501,-1.0073835403778248,0.2069833890405439,0.6577622225740809,-0.5528206343425587,-0.6696653822434061,,0.2,0.0,1,1242.53
2025-01-23,-0.32018352619681534,-0.31197225142985047,0.587420195314966,0.7453873179175166,-0.5815682218300626,0.2635190063703662,,0.2,0.0,1,1259.63
2025-01-24,0.783545951830438,0.21205760473645344,0.949776649790519,1.1386439003299078,-0.3862697793808489,1.473445766080978,,0.6,1.0,1,1265.05
2025-02-03,0.4930030250114568,-0.6388364409296151,0.8566068937493324,1.249962867508193,-0.46411149111831823,0.8581581528512563,,0.2,1.0,1,1253.03
2025-02-04,0.9689225973228821,0.23352135220906986,0.9742087864695552,1.2368925660200167,-0.6814784279117271,1.6385808623970681,,0.6,1.0,1,1264.6801
2025-02-05,1.0913127649450285,0.4131165431966507,1.075677673906733,1.358207315176405,-0.5352176122021343,1.9031185363248595,,0.6,1.0,1,1269.61
2025-02-06,1.1374457439371675,0.590200746342937,1.108680611457817,1.0179739382799315,-0.4538370163715342,1.9082194915491915,,0.6,1.0,1,1271.48
2025-02-07,1.0393639061041566,0.7638773368746588,1.1509405192426663,0.817720589799516,-0.3786326922081651,1.8929881915585842,,0.6,1.0,1,1275.2
2025-02-10,0.8333102866060486,-0.2743867680793351,1.005699940550803,0.6669668033793372,-0.3863003174257114,1.0940881303770666,,0.2,1.0,1,1263.26
2025-02-11,1.0507545349601273,-0.2692194896704262,0.924136080018975,0.6727527868149172,-0.3296907696587017,1.1721789819759938,,0.2,1.0,1,1268.45
2025-02-12,1.1442761715189607,-0.26291112350164203,0.8073465944340527,0.5330723318364768,-0.33741487660966213,1.1101036029502642,,0.2,1.0,1,1266.91
2025-02-13,0.8196187151459033,-0.2602354770750809,0.756635886894323,0.5686475834204061,-0.29433275495386896,0.926929935996265,,0.2,1.0,1,1270.35
2025-02-14,1.0031024242040938,0.26533873433963123,0.756037254866489,0.5615529464427125,-0.24258203736060482,1.300210692266305,,0.6,1.0,1,1276.08
2025-02-17,1.0532423073360313,-0.08194726507870811,0.6090196436457699,0.16374850218706338,-0.16330359666227615,0.904616427530427,,0.2,1.0,1,1272.72
2025-02-18,1.1053673980036847,0.6204491191538078,0.6104238609294627,0.28116684631407957,-0.17254779557456817,1.35299370441024,,0.6,1.0,1,1278.14
2025-02-19,1.175773303252586,0.9673223104079759,0.7393653873848925,0.45071380959727797,-0.10393694947988304,1.7084490613071455,,0.6,1.0,1,1288.5601
2025-02-20,1.0804705256735951,1.328711663326116,0.8821282897413735,0.6501535699883816,0.06946609849081203,2.0001378035112753,,1.0,1.0,1,1292.98
2025-02-21,0.9922461816052164,1.513215369664153,1.0177645525352275,0.23283544182878127,-0.22982180130505991,1.9636503043731295,,0.6,1.0,1,1296.75
2025-02-24,1.4203045946644677,1.6943058053160187,1.2162416785925334,0.5217159263575553,-0.411318463214766,2.512203313556276,,0.6,1.0,1,1304.5601
2025-02-25,1.057140172799142,1.6985904068595292,1.216177447208621,0.48571212186111173,-0.4323588510982702,2.3074054639043418,,0.6,1.0,1,1303.16
2025-02-26,1.1434349482258743,1.8749311965609472,1.1168378319792693,0.43511034097956486,-0.46614015679534065,2.3736735100314426,,0.6,1.0,1,1302.96
2025-02-27,0.9337270607398921,1.5204380061010783,0.99512879734302,0.6750104704727086,-0.26926543734221303,2.099966709315148,,0.6,1.0,1,1307.8
2025-02-28,0.7377982326445298,1.343380497002713,0.7635235143426319,0.7120013783464395,-0.33043204110480373,1.7950540419443182,,0.6,1.0,1,1305.36
2025-03-03,1.0801746275902468,1.6970185581962567,0.6498385585255682,0.8480328298504785,-0.2220098564149148,2.1574121175662655,,0.6,1.0,1,1309.37
2025-03-04,0.8748138695178296,1.872541860702226,0.599907773441417,1.0523788011667305,-0.31882750649662567,2.197640984387833,,0.6,1.0,1,1311.91
2025-03-05,0.3499759672579072,1.5259061001834733,0.4099147992429398,0.7291351776912136,-0.41485147195769106,1.5061552732927286,,0.6,1.0,1,1304.71
2025-03-06,0.8290073407269964,1.8790109025276556,0.4759148672556382,1.1513558261687076,-0.42128247353569626,2.1505098804946927,,0.6,1.0,1,1318.22
2025-03-07,0.7555218870719917,1.7043830661425243,0.6022982474706637,1.4210540396762799,-0.1554703398195396,2.1912152087647394,,0.6,1.0,1,1326.05
2025-03-10,0.7672565579662466,1.7070119388464933,0.7190071758410449,1.2518620948184465,0.17335846112378098,2.191830747990858,,1.0,1.0,1,1330.28
2025-03-11,0.7878470028293151,1.7094103583087032,0.7304536154876888,1.783212913835799,0.28899914619813033,2.42453678778566,,1.0,1.0,1,1332.54
2025-03-12,0.3587075705012178,1.5377462627102094,0.6494662224729169,1.509469631458909,0.22802156617267164,1.9544000266628418,,1.0,1.0,1,1334.41
2025-03-13,0.11133290561920624,1.535996372611871,0.44933584945547395,1.1630098614877156,-0.10951541615833965,1.5733108636733115,,0.6,1.0,1,1326.27
2025-03-14,0.0034002790169489956,1.3455835114030128,0.3255954018880529,1.094232395632338,-0.37819292823754974,1.3186888400244652,,0.6,1.0,1,1326.15
2025-03-17,-0.09304057720668392,1.6784704310853138,0.34137586807067305,1.2254067426873063,-0.7240292738654311,1.5027319459834465,,0.2,1.0,1,1336.26
2025-03-18,-0.4217929206814794,1.6761616368732495,0.19564539900893313,0.8315729503077917,-0.6923262795243874,1.098636739593933,,0.2,1.0,0,1330.97
2025-03-19,-0.5211471229779213,0.8051883460335009,-0.07042109222154606,0.691429849903245,-0.2865793632959149,0.3923737138912774,,0.2,1.0,0,1324.63
2025-03-20,-0.8669366050703506,0.9794961236687846,-0.3421316742099971,0.5652163779046618,0.018845062745483143,0.10959946968948135,,0.2,1.0,0,1323.9301
2025-03-21,-0.9766648181259062,0.6247308144435322,-0.599024677755056,0.8820839930666631,0.41637796859387977,-0.14328609325576486,,0.2,1.0,0,1321.88
2025-03-24,-1.0285232351545313,0.2733963458638846,-0.6217117414427324,1.4355694727504282,0.33825575719309675,-0.14628622471063746,,0.2,1.0,0,1330.3199
2025-03-25,-1.1082011821376638,0.27947393695824624,-0.5888633594186907,1.2739728084763229,0.40997898024865886,-0.23575946506402645,,0.2,1.0,0,1331.92
2025-03-26,-0.9885939023605819,0.28708000966459385,-0.6869258064622705,0.9600411255586017,0.37119814186528094,-0.34965911678105455,,0.2,1.0,0,1326.09
2025-03-27,-0.9739075615757432,0.29312703271384083,-0.7676060247043078,0.9725164962720333,0.3688102994167621,-0.3780795065371723,,0.2,1.0,0,1323.8101
2025-03-28,-1.0517539822692377,-0.05581102090246799,-0.9319009362414542,1.0867603267486527,0.20068029557845313,-0.6465906410194106,,0.2,1.0,0,1317.46
2025-03-31,-1.2056637406776187,-0.7580644274844437,-1.2582129180074104,0.7607307949707989,-0.045137247225034954,-1.4052328382202108,,0.6,0.0,0,1306.86
2025-04-01,-1.1059937193744018,-0.635865487920508,-1.2155493680823655,0.9491107890754252,-0.0207397269849465,-1.195653022818534,,0.6,0.0,0,1317.33
2025-04-02,-1.21094418760543,-0.2763766340566087,-1.177885666718477,0.7820151521935476,0.04702967564556011,-1.1100528818334678,,0.2,0.0,0,1317.83
2025-04-03,-1.4626732927873893,-1.9823561870877087,-2.743394018217987,-0.9341398999995102,0.5202350156360047,-3.6598404277466847,,0.6,0.0,0,1229.84
2025-04-04,-1.550885260887982,-1.770636769764662,-2.9770804588405824,0.2796993860455406,0.7190681246270458,-3.2462448881297514,,0.2,0.0,0,1210.67
2025-04-08,-1.5408070752103902,-2.064051217449989,-2.9770804588405824,-0.7854623229482356,0.21818820443769837,-3.8143601500768387,,0.6,0.0,0,1132.79
2025-04-09,-1.5117111248334636,-1.84957948672583,-2.918019257213288,-0.8949013422062911,-0.6682217560123499,-3.697229926896581,,1.0,0.0,0,1094.3
2025-04-10,-1.4897084703339365,-1.6455616132656223,-2.865496507178955,-0.7047619876395912,-0.8252537173065233,-3.4795933173668323,,1.0,0.0,1,1168.34
2025-04-11,-1.437716559145912,-0.9688820447973897,-2.821254170457487,0.5051843120761428,-1.4389755248624976,-2.607706285781354,,0.6,0.0,1,1222.46
2025-04-14,-1.2747392320642135,-1.1173054179963642,-2.433597307026464,0.8525508559172411,-1.695307659621661,-2.2697419182780814,,0.6,0.0,1,1241.4399
2025-04-15,-1.3403235277290437,-1.5791097820151376,-1.615101288427164,0.8350554404801332,-1.8871210628502135,-2.133384616236728,,0.6,0.0,1,1227.79
2025-04-16,-1.4228642377060923,-1.5486186736649017,-1.1953762630467009,0.3181212978611609,-1.6455052843177234,-2.1384854318518585,,0.6,0.0,1,1210.3
2025-04-17,-1.4004322238474551,-1.3639573909829958,-0.677040599444259,0.6985152416322524,-1.825004606858057,-1.6094135123479754,,0.6,0.0,1,1217.25
2025-04-18,-0.876495742266282,-1.0248888354862389,-0.17401673498278775,0.543636397177616,-1.685370462614954,-0.9307996607487831,,0.6,0.0,1,1219.12
2025-04-21,-0.6673993702292166,-1.4976357844615322,0.06126184656109529,0.3012882977828132,-1.757437500777731,-1.0370049190063069,,0.2,0.0,1,1207.0699
2025-04-22,0.25168223773870735,-1.4757467099014234,0.14845407765034174,1.2431019240584278,-1.6422341384224073,-0.12682987159177378,,0.2,0.0,1,1197.13
2025-04-23,0.7807356958861531,-1.173140478562724,0.5151262011615249,1.0628710819230769,-1.4483640084333231,0.46204480271623416,,0.2,0.0,1,1211.0
2025-04-24,0.3383852469712053,-1.195399501152588,0.980691989092563,1.4602621410337657,-1.5196210156854346,0.6446312972203159,,0.2,0.0,1,1223.35
2025-04-25,0.43241680606158417,-1.2091908037976393,1.3797411219892761,1.722346622653736,-1.0935656992523446,1.0175446718552241,,0.2,1.0,1,1229.23
2025-04-28,0.46330690291146714,-1.0623621814679984,1.6075727014116825,1.866579656256191,-1.276113627866646,1.3287580832861825,,0.2,1.0,1,1226.8
2025-04-29,1.2373374807402548,-1.0709674672015743,1.6342530163971196,2.0915271103056967,-1.753881518106585,1.9117641395589986,,0.2,1.0,1,1226.3
2025-05-05,1.3541260662512105,-1.0830024071816282,1.8051188652325585,2.1480177635096935,-1.9174744561643389,2.1467374332193483,,0.2,1.0,1,1240.05
2025-05-06,1.2499320153209161,-1.0851703658036262,1.8353222028673077,1.7729364512994341,-1.9889289294007242,2.0279243633412687,,0.2,1.0,1,1241.95
2025-05-07,1.1458734486682045,-0.9214052981312019,1.8455084518304141,1.8036212674615424,-1.969538271575849,2.1218758087135736,,0.2,1.0,1,1250.37
2025-05-08,1.2164015774486634,-0.9234216931492659,2.132560758092706,2.045441899455471,-1.9599214984708209,2.454611234577523,,0.2,1.0,1,1269.8
2025-05-09,1.3080900313482537,-0.9120623088926935,2.1855631172558767,1.747877769066799,-1.9211271225395934,2.4488795002663095,,0.2,1.0,1,1267.3
2025-05-12,1.425284133778865,0.08184412166614799,2.3961874772438834,2.243258661659997,-1.7100459454334607,3.2993769881070976,,0.6,1.0,1,1283.26
2025-05-13,1.409241341477032,-0.08276486560640067,2.3961874772438834,2.416328974151136,-1.6798424018373994,3.299206257436471,,0.2,1.0,1,1293.4301
2025-05-14,1.3520403885480408,1.2241091347856528,2.3961874772438834,2.452649827728329,-1.6619598196549368,3.9112189095402625,,0.6,1.0,1,1309.73
2025-05-15,1.4051870395869115,1.3675758856114948,2.3961874772438834,2.6558232207672456,-1.5643325292339627,4.083978000309965,,0.6,1.0,1,1313.2
2025-05-16,1.367768958216246,0.3777314757390424,2.352013446999886,2.2975915741079613,-1.7264057121462908,3.4644199091983965,,0.6,1.0,1,1301.39
2025-05-19,0.9772546491841326,0.04811546692230635,1.8554544531953132,2.0463807553185016,-1.6394294966120166,2.726591245698596,,0.6,1.0,1,1296.29
2025-05-20,1.2313224194355554,0.21291467301111755,1.667442581605415,2.575488618519509,-1.6414667172225135,3.068341840621036,,0.6,1.0,1,1315.15
2025-05-21,1.438367090401553,0.38037592251328073,1.5299331360780126,2.1715351134180456,-1.7056554633343697,3.0309609765172745,,0.6,1.0,1,1323.05
2025-05-22,1.4743701475760576,0.2205771584045261,1.1968573192459147,1.7459685254563964,-1.6727422766887767,2.6176487098238077,,0.6,1.0,1,1313.84
2025-05-23,1.5409837647335838,0.22771167001640297,0.9172026621181633,1.8299285889832886,-1.5532153518430065,2.523728941132191,,0.6,1.0,1,1314.46
2025-05-26,1.5439289351053291,0.5651508127433578,0.8882639366197719,1.825645849415587,-1.6116399700967425,2.6847347693989705,,0.6,1.0,1,1332.51
2025-05-27,1.6517121117657192,0.7297407227317689,0.8635866089540936,1.9562874135400756,-1.5831661454293375,2.860828446097737,,0.6,1.0,1,1339.8101
2025-05-28,1.5140970246497656,0.737795507101766,0.8025857434840099,1.9924706323899966,-1.5565738993203808,2.7784505902219454,,0.6,1.0,1,1341.87
2025-05-29,1.187204739690038,0.5663615652563202,0.6324924182640564,1.885734039537806,-1.535732321673762,2.397758020125136,,0.6,1.0,1,1341.86
2025-05-30,1.1438191166204477,-0.096023985462483,0.2883812885368663,1.5504862260205174,-1.5143110605738659,1.7436948377016375,,0.2,1.0,1,1332.6
2025-06-02,1.3854463889441622,-0.0905394952762654,0.06121853447864309,1.9120909658754415,-1.4966436223740982,1.9074382359318403,,0.2,1.0,1,1336.3
2025-06-03,1.4097745959469647,0.7344477077501937,0.05210723273578194,2.1024511473905494,-1.4797274593714094,2.3711836566502984,,0.6,1.0,1,1347.25
2025-06-04,1.2156349195012097,0.8906066533070354,-0.035698491075587535,1.9975097679855,-1.4652652978258627,2.2518120307628853,,0.2,1.0,1,1345.74
2025-06-05,0.9986676671595446,0.8795990848469781,-0.19476993931427353,1.916248533266409,-1.4557022251250866,2.019803444447984,,0.2,1.0,1,1342.09
2025-06-06,0.7916816662140653,-0.10773043537645978,-0.47589941732950974,1.4651315467567312,-1.4381650012134009,1.1224893313178208,,0.2,1.0,1,1329.89
2025-06-09,0.60635618640914,-0.43324090970320606,-0.867065198506557,1.4655045152958373,-1.4208904151496502,0.6738863506417547,,0.2,1.0,1,1310.5699
2025-06-10,0.36799758157439943,-0.2617358438346552,-0.9975357752133164,1.5374052280530337,-1.405284867226941,0.5904633448880239,,0.2,1.0,1,1316.23
2025-06-11,-0.09018073146025113,-0.5820642994180438,-1.0699251647604688,1.557536222657681,-1.3892727810427221,0.1786179758924682,,0.6,1.0,1,1315.2
2025-06-12,0.0807104781243932,0.581633676162474,-0.9372586080531182,1.6938170662211887,-1.3703872601355962,0.9163367455409327,,0.2,1.0,1,1322.99
2025-06-13,-0.4698547370009416,0.09111910122746222,-0.9041134031150102,1.786121785916154,-1.3517076467653644,0.4668124267696742,,0.2,1.0,1,1315.49
2025-06-16,-0.5827584308473448,1.2528499280892775,-0.52067978544178,1.9260510290983939,-1.332803235206798,1.1924557625634813,,0.2,1.0,1,1338.11
2025-06-17,-0.42939099341259523,1.8987945413205751,-0.18203539407713382,1.982516258064737,-1.3165416185593501,1.76630291701164,,0.2,1.0,1,1347.6899
2025-06-18,-0.09193530541704552,1.2380039389909465,0.0023886955422243654,2.1133117239532058,-1.299304316072178,1.7940465482875263,,0.2,1.0,1,1346.83
2025-06-19,0.30663379574705946,1.5572148696771928,0.16940924814507982,1.9885942831582633,-1.2825493887860742,2.1731706168362868,,0.6,1.0,1,1352.04
2025-06-20,0.45559151176658375,1.539139463623653,0.18856694127276843,2.0609762272606833,-1.2664633553882796,2.2841344886040553,,0.6,1.0,1,1349.35
2025-06-23,0.04181137480969653,0.7220572350321991,0.25944718709166553,2.0347951574985066,-1.2465609834434341,1.7249515263678696,,0.6,1.0,1,1358.1801
2025-06-24,0.30370894438080076,1.6773248746652758,0.3564846659319784,2.0093466856675937,-1.2294212366051596,2.3301103961825227,,0.6,1.0,1,1366.77
2025-06-25,0.497540424585771,1.6528296307616621,0.3735603277467494,1.5782204216263418,-1.2089984081977638,2.230135504272732,,0.6,1.0,1,1366.75
2025-06-26,-0.04914624402011508,1.4724732217558754,0.31348607818431556,1.3502878249467594,-1.0357823676207574,1.6940837610474522,,0.2,1.0,1,1365.67
2025-06-27,0.55011769656488,1.4481804844739081,0.3375618151991838,1.4308617323797683,-0.8101992901602644,1.9767138461549272,,0.6,1.0,1,1371.4399
2025-06-30,0.6053976227862252,1.881025524434661,0.35856000658988085,1.4972708050841022,-0.711774334733097,2.2182033037295295,,0.6,1.0,1,1376.0699
2025-07-01,0.5018781538279429,2.1279672428969243,0.3181950223370945,1.3172599514290997,-0.5940280850093782,2.14667373699463,,0.6,1.0,1,1377.84
2025-07-02,0.9247833464044392,2.075756223073925,0.3636680704616934,1.4684459678732562,-0.8372891165614342,2.4942002480423233,,0.6,1.0,1,1384.59
2025-07-03,0.5660191054949776,1.8787448226185586,0.28882794613652,1.4142298476495807,-0.9371552611901656,2.1899261819894034,,0.6,1.0,1,1381.96
2025-07-04,0.8566687592997668,2.1314466793218743,0.2540861966218336,1.1736953544002044,-0.8291654797702851,2.296934952031018,,0.6,1.0,1,1386.97
2025-07-07,1.1907797007833478,2.0805862915244457,0.4733462158867807,1.3909705188061952,-0.9587515851389908,2.688676092537995,,0.6,1.0,1,1402.0601
2025-07-08,1.2309285972342763,2.03354643902898,0.7735004091120821,1.409048555331327,-0.8199626635648116,2.808356901201921,,0.6,1.0,1,1415.46
2025-07-09,1.3639757453808268,1.99029381388502,1.1295324743465165,1.350055197497785,-1.0245626954554903,3.0663273304720446,,0.6,1.0,1,1431.3199
2025-07-10,1.3525476086665396,1.9508088638173748,1.443317346891129,1.4510549069964438,-0.8751543718517723,3.2010877004245737,,0.6,1.0,1,1445.64
2025-07-11,1.2282585285343703,1.912825926948458,1.655501331361094,1.4727979115056682,-0.47611723172541115,3.1180429218358148,,0.6,1.0,1,1457.76
2025-07-14,1.0416799696769778,1.8762632284782241,1.7125829780759154,1.4922222099788742,-0.2923665099041641,2.9899278447197255,,0.6,1.0,1,1470.42
2025-07-15,1.027819776363975,1.8375354752710704,1.44033978614989,1.24318886316268,-0.26655148036968,2.7107500225318053,,0.6,1.0,1,1460.65
2025-07-16,1.1376788640447584,1.7978694547947245,1.2705255855694007,1.328379931633365,-0.2772844834081704,2.705495330082927,,0.6,1.0,1,1475.47
2025-07-17,1.2742541218340753,1.7579906045659006,1.1755648340917026,1.1483256538080173,-0.025128145069938858,2.55304153588557,,0.6,1.0,1,1490.01
2025-07-18,1.1947714940674443,1.7195889255515897,1.0956408008681857,1.1368103469099,0.0457097272720063,2.430081823295793,,1.0,1.0,1,1497.28
2025-07-21,0.9339984617374135,1.68424390485543,0.8448231499245369,0.7976461988965979,-0.06919105233181122,2.0398402039838595,,0.6,1.0,1,1485.05
2025-07-22,1.054329481564548,1.6523425857872756,0.8325021847245234,0.9868373390346109,-0.019889489967859626,2.1503788790272735,,0.6,1.0,1,1509.54
2025-07-23,0.975784941241108,1.6215019410979543,0.8173726873404817,0.828093540271526,-0.09981228984574239,2.0418143318231405,,0.6,1.0,1,1512.3101
2025-07-24,0.9295725237795395,1.5895211335453021,0.8810692184564989,0.737885599341708,-0.10037185166065649,1.9949905146543794,,0.6,1.0,1,1521.02
2025-07-25,0.9480328969951408,1.5572913210423676,0.9118995547375711,0.8789685652618471,-0.12855643058099653,2.07645349066251,,0.6,1.0,1,1531.13
2025-07-28,1.0649040716380322,1.527884820903154,1.1218281169055837,1.1024921676564339,-0.1860616809759221,2.34334562375541,,0.6,1.0,1,1557.42
2025-07-29,0.3915542355365307,1.2585410771348555,0.14332325731799855,0.32155152078493626,0.1885977095448506,0.9324454628396645,,1.0,1.0,1,1493.41
2025-07-30,0.1663429359079391,1.2374918195546387,-0.32663971720562757,0.5061540854978833,0.0029916848639269687,0.713453352879491,,0.6,1.0,1,1507.63
2025-07-31,0.16767251616232962,1.3358529121810407,-0.715267667968299,0.5681110688263165,0.04425215472258041,0.5802913499809523,,0.6,1.0,1,1502.52
2025-08-01,-0.18624087371026768,1.0728736428277779,-1.1107980265959616,0.5288063357329384,0.07240099032589982,0.058793800355868266,,0.2,1.0,1,1495.21
2025-08-04,0.10100199529960298,1.4103423782804247,-0.8918056307713499,0.6420170462201952,0.05863592191101846,0.5198553029724499,,0.6,1.0,1,1528.1899
2025-08-05,-0.18771981798687434,1.268619493104907,-0.5045097485546345,0.6870505023982431,-0.2071199148172312,0.6017479588187252,,0.2,1.0,1,1547.15
2025-08-06,0.10352673510167335,1.3621221902853673,0.06434697656694956,0.8294060904661443,-0.16494957497137686,1.1236683938381569,,0.6,1.0,1,1573.71
2025-08-07,0.17423773419119226,1.336029699962586,0.46964327145562634,1.0049683970170131,-0.185161888254248,1.4325850255543742,,0.6,1.0,1,1581.8101
2025-08-08,-0.05759368113321071,1.3141165466375768,0.5574292236274581,1.0070015074751137,0.054082956297986075,1.2779905746806561,,0.6,1.0,1,1584.95
2025-08-11,-0.4368875998193618,1.2900921380894101,0.6958601603257997,0.9980804241790995,-0.0012340238982589192,1.1576979992667766,,0.2,1.0,1,1596.86
2025-08-12,0.7682231808528177,1.266608772026878,0.7831605102518666,0.9339361733148718,-0.04507298775377253,1.785016031427065,,0.6,1.0,1,1608.22
2025-08-13,0.45902584709762895,1.2436417419719106,0.6978205394447557,1.0848006444798728,0.039974320436397176,1.6192696269940894,,1.0,1.0,1,1611.6
2025-08-14,0.6827958088537127,1.2202155338355627,0.9851132464633163,1.2285774025592913,0.07864353731135859,1.9194330809571434,,1.0,1.0,1,1640.6899
2025-08-15,0.23449945583047788,1.0840571374062489,0.8757097053020311,0.9569090565673452,0.3335142808794863,1.3802389624579536,,1.0,1.0,1,1630.0
2025-08-18,0.014729324465574449,1.064668194986908,0.6550809780262205,0.8804138075289104,0.20457302384507972,1.1543429824119014,,1.0,1.0,1,1636.37
2025-08-19,0.6703034996629457,1.0456298603940537,0.649550345454579,0.8919893635931277,0.3809674496998944,1.4277672373328347,,1.0,1.0,1,1654.2
2025-08-20,-0.010512099046110591,0.8006358122677716,0.5959657834359756,1.0674274568948798,0.39814511718284773,1.0210993839709446,,0.6,1.0,1,1664.36
2025-08-21,0.0028170021149410466,0.790064717829756,0.9441655719862803,1.1967602455725594,0.405417313674913,1.2543317508475014,,1.0,1.0,1,1688.0
2025-08-22,-0.4913985308836048,0.4431380414710017,0.3236786411285976,0.7883236903236855,0.7520108877192331,0.25088539950005995,,0.6,1.0,1,1645.47
2025-08-25,-1.1562764492052482,0.4422378488340224,-0.7242811895535433,0.3169062738004198,1.1307751109629025,-0.9364920886389925,,0.2,0.0,1,1614.03
2025-08-26,-0.7286535323679539,0.5604459911151414,-0.6902695339751616,0.6849528924688698,1.0709091054567033,-0.4721554582831253,,0.2,0.0,1,1667.63
2025-08-27,-0.8169505816492091,0.790938619627021,-0.7551548792507858,0.5418061487879904,0.7692818308722199,-0.42412190455680737,,0.2,0.0,1,1672.78
2025-08-28,-1.1549657418854777,0.7896123771161171,-0.710500462105976,0.6742194376205873,0.8096121766917768,-0.5286948179083334,,0.2,0.0,1,1680.86
2025-08-29,-0.9129156835762414,0.4506132112365015,-0.730653315449392,0.6727366287370973,0.6557345610406294,-0.5254274084172725,,0.2,0.0,1,1682.21
2025-09-03,-0.9747365999888077,0.5707965744494401,-0.8683885122801467,0.5889710735502083,0.6877581924363806,-0.6242186700526283,,0.2,0.0,1,1681.3
2025-09-04,-1.0612867707639353,0.8042095777704426,-0.794669178983627,0.8015374994586782,0.5924224631488518,-0.4060183331990924,,0.2,0.0,1,1696.29
2025-09-05,-1.3489948925798667,0.6901531020019638,-1.2544605500429065,0.39922471890997013,0.5485777395576127,-0.9992657207498361,,0.2,0.0,1,1666.97
2025-09-08,-1.5283314109489974,0.3488375569837677,-2.136741416482213,0.02296685364525648,0.4710086071747159,-1.8224189897611214,,0.2,0.0,1,1624.53
2025-09-09,-0.9390209225293865,0.4664943275556801,-2.4903274518299603,0.1656259403917706,0.41238243857826684,-1.5715998409034895,,0.2,0.0,1,1637.3199
2025-09-10,-0.7870245404227326,0.2316197293098494,-2.6029299398070367,0.21936534960543427,0.22161573098574885,-1.559378913221043,,0.2,0.0,1,1643.26
2025-09-11,-1.0780030823070808,0.3503987091877087,-2.3967873222755323,0.5239358501308958,0.31981316628745715,-1.4443667614093803,,0.2,0.0,1,1657.75
2025-09-12,-0.8237857676681855,0.3463027525838073,-2.162247823354581,0.5090987773035178,0.46250875062850205,-1.2610367850935411,,0.2,0.0,1,1667.26
2025-09-15,-0.37889381118094,0.45490112785960346,-1.8095872502364967,0.6838624561669475,0.6023954496262038,-0.7922072718541633,,0.2,0.0,1,1684.9
2025-09-16,-0.13083975219454078,0.6766810098177741,-1.561569810205139,0.5064379603788215,0.38624565346802797,-0.45350965485286077,,0.2,0.0,1,1680.9
2025-09-17,-0.3269541891122896,0.7822689124363906,-1.5296749936145837,0.16465577253466804,0.38653979271224764,-0.6429630185114829,,0.2,0.0,1,1670.97
2025-09-18,-0.8286583380238318,0.43015905430532075,-1.6179148203953961,0.009955002362780577,0.4681837747466296,-1.1791026782281395,,0.2,0.0,1,1665.1801
2025-09-19,-0.7159920433594971,0.19161670540536221,-1.8106636515309948,-0.089933642794929,0.45871430442119066,-1.3576951069909013,,0.2,0.0,1,1658.62
2025-09-22,-0.8438537831167806,-0.26743810197215867,-2.1824100290649344,-0.3710064013295226,0.48396279511425994,-1.9300260822480588,,0.6,0.0,1,1634.45
2025-09-23,-0.7139822982141782,-0.14863564570065696,-2.3018487556635963,-0.5125434912279522,0.3851846688903239,-1.9009847759384788,,0.6,0.0,1,1635.26
2025-09-24,-0.4677435498453458,0.08528141271141072,-2.004153146428093,-0.3451570723587994,0.26608880766480447,-1.41423502349489,,0.2,0.0,1,1657.46
2025-09-25,-1.0232281747117937,0.08753750661415645,-1.7383039593580345,-0.1587789373915106,0.24209640288925313,-1.4558866826369414,,0.2,0.0,1,1666.09
2025-09-26,-1.190163714686169,0.08877147237918898,-1.6361048326928656,-0.38393168941057526,0.11474290311755468,-1.544606781402432,,0.2,0.0,1,1660.7
2025-09-29,-1.0345667372089122,-0.25540258339478095,-1.5125669071473162,-0.39952211596266424,0.2225481287063472,-1.6011340684654733,,0.6,0.0,1,1666.48
2025-09-30,-1.3930376689613926,-0.24978523454160534,-1.3717902595740896,-0.36723677767701546,2.011677990492302,-2.3625912418734325,,0.6,0.0,1,1661.7
2025-10-01,-1.1720349589737111,-0.01130379875152967,-1.1098757803869221,-0.2511312581075255,1.9894839575190961,-1.9762358878586403,,0.6,0.0,1,1665.05
2025-10-02,-1.512472811077845,-0.12306443346318757,-1.0346173655218933,-0.5983857571955633,1.9678095058122576,-2.314654406623683,,0.6,0.0,1,1652.71
2025-10-03,-1.7061461061273417,-0.350123690931491,-1.0153623505456986,-0.5989158813168319,1.952408231905849,-2.4932285248378383,,0.6,0.0,1,1645.8199
2025-10-06,-0.6545953321399596,0.35507521938717296,-0.395825582680071,-0.3468607829696303,1.9380682900675017,-1.293730770934688,,0.2,0.0,1,1695.5
2025-10-07,-1.0776010809526873,0.3566393770909068,-0.12452844759374541,-0.5049367818854191,1.9266528486064887,-1.450327695901144,,0.2,0.0,1,1685.3
2025-10-08,-1.0131021269049927,0.24197623438150023,0.17730299114948736,-0.6733908972367457,1.9139007757046222,-1.4110446225671969,,0.2,0.0,1,1697.83
2025-10-09,-0.7658877120016777,0.35746481888676274,0.5021109586657039,-0.026085586171674592,1.900044313827355,-0.7941694127098874,,0.2,0.0,1,1716.47
2025-10-10,-0.23754260589779924,0.3536706231203086,0.8518627609659936,-0.0569383094409149,1.8863131861237938,-0.39519139922393065,,0.2,0.0,1,1747.55
2025-10-13,-0.09915138992821372,0.35182681119801296,1.1926491161127801,0.2519163138442676,1.8742999479519187,-0.024437667881000102,,0.6,0.0,1,1765.12
2025-10-14,-0.07899489732979734,0.1180180758132215,1.227952821969561,0.004474375771917725,1.8630186008401153,-0.20634295650839973,,0.6,0.0,1,1761.06
2025-10-15,-0.2805351148963698,0.12030674678750974,1.1588741020622275,-0.34026560762660985,1.854590973984139,-0.4954908473288342,,0.2,0.0,1,1757.95
2025-10-16,0.16460734043337136,0.006284514491993145,1.1219513685974412,-0.370965597865859,1.8492371058602681,-0.36517036459289365,,0.6,0.0,1,1766.85
2025-10-17,0.395556980359532,-0.22345913625531202,0.6967220873090164,-0.802968881616933,1.835163178542381,-0.7474938037843537,,0.2,0.0,0,1731.19
2025-10-20,-1.1195848119948046,-1.3741121674184726,-0.5905103894723746,-1.4269716966009274,1.81957863393323,-2.8067090735654294,,0.6,0.0,0,1636.4301
2025-10-21,-0.8501576301955363,-1.124491304772173,-1.0612862771605283,-1.407780168180044,1.8075247332607807,-2.7768718324792543,,0.6,0.0,0,1663.4301
2025-10-22,-0.8417106381101693,-0.880973822275719,-1.1643440411294792,-1.38878581679692,1.7978926442299565,-2.707166870268463,,0.6,0.0,0,1678.5
2025-10-23,-0.9427066760461581,-1.322483743896031,-1.169690858211533,-1.3726160630397617,1.7924725740428065,-2.9291909316095888,,0.6,0.0,0,1687.06
2025-10-24,-1.1947130250838205,-1.18911056215607,-1.1819862113218036,-1.3568323201547734,1.7882843362163356,-2.9903282038397476,,0.6,0.0,0,1683.18
2025-10-27,-1.538753586987107,-1.1784182837208788,-1.4202823716622526,-1.3440641659693917,1.7860750546455093,-3.2465239004926545,,0.6,0.0,0,1652.54
2025-10-28,-0.9006696846542473,-1.0564657723762423,-1.1742355369901811,-1.3323823991015962,1.7844739599269537,-2.7826140275722926,,0.6,0.0,0,1680.5
2025-10-29,-0.8063624551074826,-1.0534112951441028,-0.869492553915914,-1.3246049782250109,1.7811693358844902,-2.5976241802923803,,0.6,0.0,0,1685.83
2025-10-30,-0.6002190481965619,-0.8305914461744015,-0.781714774405767,-1.3192339450565542,1.7786108206580036,-2.3667621741937985,,0.6,0.0,0,1669.5699
2025-10-31,-0.7349380824409938,-1.0568439678417645,-0.8974746628824362,-1.3127375678635116,1.77551691739167,-2.569989028348313,,0.6,0.0,0,1639.65
2025-11-03,-0.3683352876013574,-1.0491289486336175,-1.1850304625022463,-1.310043373372206,1.77551691739167,-2.5218390753870095,,0.6,0.0,0,1617.0
2025-11-04,-0.14485504200879365,-0.9334910612295053,-0.9605589287506555,-1.308113881728492,1.7612552495232154,-2.263444576057142,,0.6,0.0,0,1651.98
2025-11-05,-0.2650264436307883,-0.7041602628738806,-0.7889301364858498,-1.3049843084963804,1.7218720498567672,-2.1297028948212033,,0.6,0.0,0,1654.89
2025-11-06,-0.5158307275840374,-0.9312330121634257,-0.7884187728375432,-1.3088345025568087,1.6851993604802906,-2.3271635560164663,,0.6,0.0,0,1642.64
2025-11-07,-0.8669906561345868,-1.2753899315743464,-1.1159275095379437,-1.3137583705613753,1.6509635051051823,-2.766004369577841,,0.6,0.0,0,1599.1
2025-11-10,-0.5106793501535647,-1.7252594781889168,-1.407082214164896,-1.320996795942294,1.6160933781745868,-2.9043367123106454,,0.6,0.0,0,1580.54
2025-11-11,-0.6511433601775448,-1.48137355131977,-1.338243012577422,-1.3232293801850834,1.5848390565692585,-2.824572213738313,,0.6,0.0,1,1593.61
2025-11-12,-0.6359190517187998,-0.9217901121083973,-0.8802373712824029,-1.3303314363999965,1.5536963152865744,-2.3710677644490126,,0.6,0.0,1,1631.86
2025-11-13,-0.5467145254059051,-0.8183338738146179,-0.5336686458428544,-1.3402733099224107,1.5256336692716563,-2.1246368152914417,,0.6,0.0,1,1631.4399
2025-11-14,-0.09933074083377072,-0.8273133085232734,-0.26721456924142145,-1.3478310758897425,1.4991843883506968,-1.7910957849885158,,0.6,0.0,1,1635.46
2025-11-17,0.8306751643394886,-0.49714414176541627,0.08790619310939553,-1.3579749921472626,1.4695635749309504,-1.048953770076341,,0.2,0.0,1,1654.42
2025-11-18,0.3838536796872001,-0.6201240503377536,0.32297625561369203,-1.3671852942911893,1.4452737949217613,-1.1987719550235085,,0.2,0.0,1,1659.92
2025-11-19,0.09262672603518339,-0.7515283739763678,0.34671508783241134,-1.377657561315694,1.4221410479977543,-1.3729481838651139,,0.2,0.0,1,1649.0
2025-11-20,0.3419490580742141,-0.6537573925221181,0.4087517370293782,-1.3912205714392858,1.3995232488076619,-1.1813467001853182,,0.2,0.0,1,1655.99
2025-11-21,0.6808719460190967,-0.7960399317875925,0.41512931112966106,-1.4049231259189752,1.3776579292055968,-1.0710569119615159,,0.2,0.0,1,1654.9301
2025-11-24,0.65527812803813,-1.2975114172577382,0.48477962516672596,-1.4184876418392556,1.3554297202014731,-1.2508652600292598,,0.2,0.0,1,1667.98
2025-11-25,-0.2296090272209936,-1.1974186685282924,0.37347671412621913,-1.430902637154806,1.3321654341619247,-1.677641403062913,,0.2,0.0,1,1660.36
2025-11-26,0.0909374305399984,-0.7218209320758554,0.45216539247937615,-1.4386427273650486,1.3080838628005769,-1.2907622460918344,,0.2,0.0,1,1680.36
2025-11-27,0.1482214802139665,-0.7391686424339518,0.46348970521649624,-1.446693463060542,1.2845239475161407,-1.2590687431170429,,0.2,0.0,1,1684.32
2025-11-28,0.08884188933815618,-1.0033294732760791,0.4249485027039747,-1.4493149451815968,1.2616013690661192,-1.4017974860957825,,0.2,0.0,1,1690.99
2025-12-01,-0.15090980270086982,-1.001607094137173,0.4270627628723773,-1.4563383627540827,1.2394351460295607,-1.5077597541507917,,0.2,0.0,1,1701.67
2025-12-02,-0.29931243180954215,-0.8784795526236922,0.5868825161548685,-1.4628210358284421,1.2178001782746635,-1.4530454874732341,,0.2,0.0,1,1717.06
2025-12-03,0.20223681355242842,-0.12302382432314864,0.8515623536728604,-1.471150468236318,1.1964688974418345,-0.7855978399900428,,0.2,0.0,1,1731.77
2025-12-04,0.5087522936029508,0.12514746772006108,1.0255056257039474,-1.4729770841549734,1.1768172514009803,-0.45197530508787526,,0.6,0.0,1,1737.24
2025-12-05,0.15586949776414502,-0.647679602112317,0.9088807901781699,-1.4734127802710717,1.159751473550638,-0.9719753724870146,,0.2,0.0,1,1741.32
2025-12-08,0.06116942427530413,-0.9067978631602539,0.7881553832167516,-1.4775458119216915,1.141131997320448,-1.1682093159019507,,0.2,0.0,1,1753.74
2025-12-09,0.064010100886043,-1.037950828253411,0.4647853801901835,-1.48797341154724,1.123264347496426,-1.3613444598589497,,0.2,0.0,0,1747.17
2025-12-10,-0.5690831793790543,-1.025318594589314,0.14227218622757204,-1.490781016901947,1.107850476544555,-1.8006479298072988,,0.2,0.0,0,1718.98
2025-12-11,-0.6781422686066114,-1.2669519752390301,-0.23663016560080327,-1.492700576053195,1.093901433459541,-2.1166921433516905,,0.6,0.0,0,1698.9
2025-12-12,-1.5349428377663448,-1.985297273658094,-0.9467979077653947,-1.4950138897554848,1.080051499094985,-3.1260633906107422,,0.6,0.0,0,1646.89
2025-12-15,-1.512176440423258,-1.8234921408892342,-1.280654890193794,-1.4950596795047735,1.0656845263117565,-3.1939424258587397,,0.6,0.0,0,1646.01
2025-12-16,-0.7944038433754533,-1.188902949200714,-1.0895260670729885,-1.4949902671660942,1.0484548829908884,-2.5051767780971566,,0.6,0.0,1,1679.18
2025-12-17,-1.3911239816694676,-1.1743318660130038,-1.0680925888995798,-1.4907443526147637,1.031054439774558,-2.7696607278733514,,0.6,0.0,1,1673.66
2025-12-18,-1.3574578112459073,-1.1637722083634148,-0.9441102317746356,-1.4835232225945272,1.0133871216868355,-2.683829106991422,,0.6,0.0,1,1676.98
2025-12-19,-0.8479406808764486,-1.0324887378595191,-0.6635492870225232,-1.475714316954639,0.9964421170750103,-2.2503223906863763,,0.6,0.0,1,1704.31
2025-12-22,-0.9164692753785155,-0.0618906846701482,-0.08930509404140749,-1.4687611377598475,0.9797598177519149,-1.6415672114659343,,0.6,0.0,1,1751.03
2025-12-23,-0.4589870189345427,-0.4260213722710032,0.32680208541878375,-1.4642280280578044,0.9636056387605207,-1.3694489460710555,,0.2,0.0,1,1772.15
2025-12-24,-0.6201768235329143,0.053487202208173205,0.6429692473384396,-1.4597573355090934,0.9457311149328359,-1.1160049316492668,,0.2,0.0,1,1782.82
2025-12-25,-1.124789568118126,-0.9228619280941995,0.5867270761256076,-1.4567563544523658,0.9271887384279757,-1.7617268873098868,,0.2,0.0,1,1742.85
2025-12-26,0.12894649717863613,-0.5601561189522425,0.4541070800872562,-1.4502772745822627,0.9094039451569348,-1.055018299888199,,0.2,0.0,1,1729.8
2025-12-29,0.5811111202101353,-0.5649107272065444,0.5203416766877048,-1.4408767892208898,0.8923210958729916,-0.7952375837389891,,0.2,0.0,1,1754.84
2025-12-30,0.34643715050392687,-0.4405051054667343,0.6691283458589604,-1.4300791636156256,0.8758784708416555,-0.7872583664632342,,0.2,0.0,1,1766.9
2025-12-31,0.647039610084522,-0.5609848654074748,0.7996384504239173,-1.4221756593591508,0.8601579920201744,-0.6205683536370361,,0.2,0.0,1,1784.49
2026-01-05,0.1850291500371453,-0.6799789078017305,0.7715279250763416,-1.4114715615673945,0.8451105933857255,-0.8962863313178945,,0.2,0.0,1,1788.4
2026-01-06,0.6364919343645887,-0.43718792880588125,1.024122680987683,-1.4000931114182968,0.8302823048409153,-0.46048654987444265,,0.2,0.0,1,1816.27
2026-01-07,0.43776957168498765,0.41082880715117265,1.486211731527394,-1.3877815622526197,0.8153162194492574,-0.014724067141611952,,0.6,0.0,1,1861.58
2026-01-08,0.4324671679234976,0.5248841955927656,1.5515058569888254,-1.3754591815850608,0.8001090662553707,0.0689617431320434,,0.6,0.0,1,1855.56
2026-01-09,0.14893923518677998,0.14932844238913628,1.5194406066603954,-1.3624689339329414,0.7844881983103867,-0.21917935321207915,,0.6,0.0,1,1867.9
2026-01-12,1.0776521158420036,0.9912287675824314,1.4873155656520265,-1.3488681298839127,0.7691245049926805,0.5691697187898708,,0.6,0.0,1,1877.33
2026-01-13,1.319506703916504,1.0943794419833845,1.4560187366695565,-1.3359849215251898,0.7539552781536252,0.7322208643427142,,0.6,1.0,1,1902.93
2026-01-14,1.1346516918443992,0.7141158727889392,1.4256954916422164,-1.323518908537431,0.7389501678062753,0.492508332921968,,0.6,1.0,0,1894.44
2026-01-15,0.953087228376452,0.8218080869736681,1.3962837198737297,-1.3115170657610336,0.7242508014638238,0.44742883786478316,,0.6,1.0,0,1864.8
2026-01-16,1.0068158089868278,0.44331601559942846,1.3679641157832128,-1.3024288904778734,0.7098472747967111,0.322393740127422,,0.6,1.0,0,1879.13
2026-01-19,1.2924527061360218,0.6763024377841751,1.3404980253694507,-1.2909072667023356,0.6955779381716508,0.5547641365098119,,0.6,1.0,0,1896.59
2026-01-20,1.1769087331004056,0.6635594773676575,1.313865805910836,-1.2788223409509456,0.6815478325209404,0.49339090732086355,,0.6,1.0,0,1893.78
2026-01-21,0.8967279092375408,0.1622235393859045,1.130797272316731,-1.266376175199519,0.668036631231245,0.08933583436002795,,0.6,1.0,0,1885.44
2026-01-22,1.0633753767646021,0.4005532203150012,0.8212303629646693,-1.2551456901786242,0.6541089207663546,0.14637782931919313,,0.6,1.0,0,1882.73
2026-01-23,0.8648958473216138,0.14611333111650157,0.35912769074766027,-1.2421236894359469,0.6404313465779665,-0.23601857782931196,,0.6,1.0,0,1870.79
2026-01-26,-0.048135051070162645,-0.4751073013640291,-0.2223239077329483,-1.228124608806308,0.6269685395652645,-1.1667817377079046,,0.6,0.0,0,1843.72
2026-01-27,-0.18367725638434165,-0.6039082528998814,-0.5873945734329941,-1.2150345151039414,0.613792721652809,-1.427128477810867,,0.6,0.0,0,1830.5
2026-01-28,-0.6210926761650438,-0.7337665156834887,-0.998053003424825,-1.201952435571771,0.6009782085554809,-1.8555793370831786,,0.6,0.0,0,1802.91
2026-01-29,-0.7500907624192557,-0.6092647283867787,-1.1387346022477145,-1.1887195555267231,0.5882703778915644,-1.9165920379977528,,0.6,0.0,0,1814.98
2026-01-30,-0.27100905351205795,-0.4822647468717454,-1.0880452303422632,-1.1743085881743653,0.5761470710367798,-1.5968620240211002,,0.6,0.0,0,1829.04
2026-02-02,-0.5234172129844051,-0.6100747425322213,-1.1325957497288517,-1.159800643020098,0.5640020741722138,-1.7789488125049682,,0.6,0.0,0,1806.5
2026-02-03,-0.6563187634184161,-0.6064994963790661,-1.1212974502605901,-1.1455483825588846,0.5515523222806867,-1.8258122409165156,,0.6,0.0,0,1813.4
2026-02-04,-0.23166197410460687,-0.23102680672338588,-1.1749759790694183,-1.1311946138410756,0.5395373278077282,-1.4763107253572363,,0.6,0.0,0,1791.43
2026-02-05,-1.0932981999113396,-0.5996341549208429,-1.3985346947815258,-1.118015229412967,0.5278436776518238,-2.1309770765049136,,0.6,0.0,0,1782.56
2026-02-06,-1.090905007087349,-1.3277237754167102,-1.6290444991737143,-1.1057236762340157,0.516467597322361,-2.5127303746313387,,0.6,0.0,0,1755.49
2026-02-09,-0.9615897395616929,-1.3155100828177704,-1.5930506736142518,-1.0941917778924908,0.5052077705068847,-2.420133152910705,,0.6,0.0,0,1754.82
2026-02-10,-1.0459287848991525,-1.4232994501816325,-1.5583783468883194,-1.0828012845193977,0.4942209648688147,-2.4825910154988224,,0.6,0.0,0,1754.03
