timestamp,market_trend,market_breadth,market_cycle,market_volatility,y_binary,prob_lr,prob_xgb,prob_lgb
2020-01-02,-0.8630262222623963,-1.1128392848960813,0.6411120667991034,0.760638616523671,0,0.5675793214812079,0.840572714805603,0.7996445772205049
2020-01-03,-0.3903241651097093,-1.3962294635145842,1.052131948226502,0.7718533531068619,0,0.7176686645067198,0.8278203010559082,0.8225610429228256
2020-01-06,-0.8685050864101709,-1.7946380950005312,0.7297353121035443,0.7899904178078475,0,0.638087883885313,0.48163020610809326,0.4583052831108164
2020-01-07,-1.5950077563899523,-2.568927360907853,0.7996333340892633,-0.3961041909326704,0,0.5855293507545517,0.4113178253173828,0.3751810057221868
2020-01-08,-1.2748221604721095,-2.3832122423588067,0.7565151978389622,-2.325893219122442,0,0.6186874870298247,0.433224618434906,0.4059573646423099
2020-01-09,-2.909157002199116,-3.0,0.3015438413743254,-1.698242778435585,0,0.32674112653424964,0.3179214894771576,0.21295012139539174
2020-01-10,-2.0157586387093893,-3.0,1.1480311584140743,-3.0,0,0.5875950997627696,0.36340683698654175,0.2911295838812322
2020-01-13,-1.8030793669556908,-2.2933197225200983,0.8945698074942005,-3.0,0,0.5305728034923707,0.3832132816314697,0.3047128801960969
2020-01-14,-2.134253778463019,-2.6443840529429505,0.2628770654960098,-3.0,0,0.42440716686102414,0.267360121011734,0.18170797333991281
2020-01-15,-1.6366555078510596,-2.4362264119715373,0.6880279871305343,-3.0,0,0.5492593099254733,0.3768731653690338,0.3047128801960969
2020-01-16,-1.569777704336601,-2.237510991702818,0.2788787677319267,-3.0,0,0.49270922214246093,0.27266407012939453,0.18170797333991281
2020-01-17,-1.2035515133865915,-2.230027455697388,0.6409043957397726,-2.42689511791846,0,0.6039749716540578,0.427469402551651,0.4059573646423099
2020-01-20,-1.2196015107076412,-2.405346926059166,0.9701035190677358,-1.7266761735953198,0,0.6551316438556873,0.41909897327423096,0.4155691831143413
2020-01-21,-1.284731349473072,-2.2163029513597503,0.839931162648571,-1.2324137445722008,0,0.6131084888552883,0.44143950939178467,0.4291734962651767
2020-01-22,-0.5307851579411585,-1.4983250244160633,1.2721182483826237,-0.9259377274551468,0,0.7246277908817024,0.5153243541717529,0.4717495317068119
2020-01-30,0.2800551158028023,-1.332390919146069,1.973929556380246,-0.9987556841610156,0,0.8647318940739358,0.7892000675201416,0.7177861913757513
2020-01-31,-2.427366556654402,-2.468953987572984,-0.3698034564302913,-1.1655496247619257,0,0.2905612314125643,0.19852836430072784,0.22654507904924379
2020-02-03,-3.0,-3.0,-2.042947577042645,-3.0,0,0.12398329581735876,0.3804773986339569,0.34685295731568655
2020-02-04,-3.0,-3.0,-2.5738159784381747,-3.0,0,0.09818092262284603,0.3804773986339569,0.34685295731568655
2020-02-05,-3.0,-3.0,-2.5738159784381747,-3.0,0,0.09818092262284603,0.3804773986339569,0.34685295731568655
2020-02-06,-3.0,-3.0,-2.5738159784381747,-3.0,0,0.09818092262284603,0.3804773986339569,0.34685295731568655
2020-02-07,-3.0,-2.785197344139643,-2.5738159784381747,-3.0,0,0.08018482553744972,0.2794444262981415,0.1644117796352131
2020-02-10,-2.8229460953260803,-2.898575809170813,-2.5738159784381747,-3.0,0,0.09504397050816803,0.2176976501941681,0.1644117796352131
2020-02-11,-3.0,-3.0,-2.50312028995169,-3.0,0,0.0874749700658674,0.2176976501941681,0.1644117796352131
2020-02-12,-2.4206835046820663,-3.0,-2.357848206656004,-3.0,0,0.13931298450811241,0.2176976501941681,0.19663840142470693
2020-02-13,-1.4895694882156685,-2.421836135840931,-2.119391048596577,-3.0,0,0.23550869034559102,0.28472059965133667,0.21916929232309348
2020-02-14,-1.1809106753000846,-2.5252600661140248,-1.4140252942544431,-3.0,0,0.3365731751345992,0.5259037613868713,0.28190830041576936
2020-02-17,-1.077673613871382,-2.319621404232858,-0.3332315118893413,-2.708181074989143,0,0.42206605369012684,0.43702274560928345,0.2900761885454732
2020-02-18,-1.1764396505081414,-2.4062174072647293,0.496919809653737,-2.0750859730760447,0,0.4870826315511236,0.33866387605667114,0.25463646260427053
2020-02-19,-0.9661251781743988,-2.345553848471017,0.7028656941706121,-1.797337206636042,0,0.5482946180225775,0.30615314841270447,0.35129801572930563
2020-02-20,-0.7332063217549367,-2.2851249345750744,0.07851218376238,-1.3278723245317692,0,0.5588455553747554,0.5074133276939392,0.4724880033604556
2020-02-21,-0.144426685601807,-1.5482704982050648,0.3774069796923841,-0.9517619514353982,0,0.6458703974933953,0.598337709903717,0.6540717277249642
2020-02-24,-0.5473743493152985,-2.46161174724897,1.4138446329206578,-0.8879639179276088,0,0.7094707951981828,0.4145319163799286,0.36843395917932736
2020-02-25,-2.973252727436877,-3.0,0.5077004884486928,-1.136821093018865,0,0.2261721833869407,0.10493689030408859,0.12540321617510033
2020-02-26,-2.270957291239484,-2.65380194675393,1.091234645966093,-3.0,0,0.30880413417913083,0.12140649557113647,0.09472894919701709
2020-02-27,-2.773594307627971,-2.566931494101232,-0.4940549087460021,-3.0,0,0.15215119648535283,0.1012997031211853,0.11746298629419008
2020-02-28,-2.1699722651392683,-2.7165517959731584,-0.2341108539090028,-3.0,0,0.25190953262166343,0.16658583283424377,0.13989559296554133
2020-03-02,-2.9841933842889525,-2.7327983600455177,-1.0294857104957873,-3.0,0,0.12001059383563767,0.32125478982925415,0.1677186796255807
2020-03-03,-2.6903105695385574,-2.743428068296485,-0.3514085135882864,-3.0,0,0.17569049421950508,0.1260353922843933,0.11562992731372364
2020-03-04,-1.9057470640800809,-2.432089466464027,0.1459931206916014,-2.726116135625521,0,0.30470726526500197,0.1892755925655365,0.2297667898221069
2020-03-05,-1.4283591605978894,-2.040579771118661,0.2938799908020434,-2.376827254947944,0,0.38202814705751736,0.19330604374408722,0.19957279819205379
2020-03-06,-1.3320490351991716,-1.99220680729922,-0.5453531692417887,-1.9530220270996477,0,0.35076123192748077,0.28107067942619324,0.24643968762852428
2020-03-09,-1.2586748727998374,-1.949155344837235,-1.6632453842292982,-1.4942615066201503,0,0.2837638457858206,0.19231083989143372,0.2129839004319016
2020-03-10,-3.0,-2.730371653423664,-2.5738159784381747,-1.1302644238032111,0,0.09329516073729775,0.20320846140384674,0.19137888826217647
2020-03-11,-3.0,-2.681865197561321,-2.5738159784381747,-3.0,0,0.06797461591495536,0.11823659390211105,0.1225255830312766
2020-03-12,-3.0,-2.6336192329939667,-2.5738159784381747,-3.0,0,0.0671035101558488,0.11823659390211105,0.1225255830312766
2020-03-13,-3.0,-2.588560540182956,-2.5738159784381747,-2.9613930079547144,0,0.06672272474271719,0.11823659390211105,0.1225255830312766
2020-03-16,-3.0,-2.5475595600139878,-2.5738159784381747,-2.899038244866328,0,0.06667661599754361,0.11823659390211105,0.1225255830312766
2020-03-17,-3.0,-2.508704210399966,-2.5738159784381747,-2.839909936886768,0,0.06663335005508308,0.17067106068134308,0.17914061305655546
2020-03-18,-3.0,-2.471880210275448,-2.5738159784381747,-2.78382340063547,0,0.06659291298278416,0.17067106068134308,0.1825699894805018
2020-03-19,-3.0,-2.4364200407176466,-2.5738159784381747,-2.730574273468608,0,0.06654565380039673,0.2937503159046173,0.20385755279144044
2020-03-20,-3.0,-2.4012083108734688,-2.5738159784381747,-2.679800793797881,0,0.06647570504724956,0.3038862645626068,0.20385755279144044
2020-03-23,-2.9699384128248045,-2.366392046436369,-2.5738159784381747,-2.631506091143556,0,0.0679079897266554,0.3038862645626068,0.20385755279144044
2020-03-24,-2.919285804266468,-2.3324304442540247,-2.5738159784381747,-2.485312806222968,1,0.07160846293539265,0.31557101011276245,0.23150741456038829
2020-03-25,-2.8641647471889207,-2.298494217047341,-2.5738159784381747,-2.543768302450109,1,0.07325499192874467,0.31557101011276245,0.23150741456038829
2020-03-26,-2.8112884881847755,-2.1646375447934654,-2.561943599861549,-2.5016901204729205,1,0.07426512426644727,0.3273146450519562,0.24818070872104075
2020-03-27,-2.757099147935816,-2.175526187128637,-2.2117956201256064,-2.460884186487509,1,0.08464234308290712,0.3273146450519562,0.24818070872104075
2020-03-30,-2.7060023934877666,-2.0997699247628727,-1.850118883838751,-2.4249075720274624,1,0.09413899558221134,0.3007848262786865,0.21969421625873473
2020-03-31,-2.658348625022516,-2.029544698320848,-2.0731845514082146,-2.317529070498988,1,0.09256020252131797,0.3007848262786865,0.19118753277806802
2020-04-01,-2.6131217235850333,-1.9640587298651804,-2.068909114550983,-2.355124368174528,1,0.09359190183401064,0.3007848262786865,0.19118753277806802
2020-04-03,-2.569415553283269,-1.9014139584990288,-1.528971189887543,-2.3200742715578544,1,0.10799419592909158,0.2485208362340927,0.19118753277806802
2020-04-06,-2.527866479964664,-1.842135028577284,-0.0444309226232634,-2.216804124683605,1,0.15397324403096474,0.1747611165046692,0.138095147690554
2020-04-07,-1.7136823902226777,-1.6998595894988475,1.0299676055226512,-2.0169637276434877,1,0.31405479945341597,0.18472132086753845,0.14139648913210648
2020-04-08,-1.3659248259714247,-1.5959916144003825,1.973929556380246,-2.0931972333069964,1,0.46648696649428284,0.27749577164649963,0.21074109188145868
2020-04-09,-1.170090228472771,-1.553579120294725,1.8964014807956584,-1.7009493555802802,1,0.5072565336508147,0.2729426920413971,0.22715591760874276
2020-04-10,-0.7193728055783106,-1.403242768954759,1.973929556380246,-1.3204745275389933,1,0.5958005447235809,0.465390145778656,0.3470432683745931
2020-04-13,-0.67888231226869,-1.315752271807006,1.973929556380246,-1.15795277122483,1,0.6034285203764584,0.42291173338890076,0.3198909240365903
2020-04-14,-0.3907029454183353,-1.2314742849088374,1.973929556380246,-0.9013020017625591,1,0.6548937809670651,0.6416251063346863,0.4981234870936917
2020-04-15,-0.2840526989546981,-1.312028543324285,1.973929556380246,-0.734516627028448,1,0.680805838972629,0.6645573973655701,0.5723846351145534
2020-04-16,0.218106818820874,-1.0668405342297644,1.973929556380246,-0.5077445831287387,1,0.7482644432448395,0.7144893407821655,0.7220401208805591
2020-04-17,0.5022968990610885,-1.097991544357874,1.973929556380246,-0.5334085782458056,1,0.7847821489068754,0.7144893407821655,0.6657270964328763
2020-04-20,0.9806281625183096,-1.0745645008093545,1.973929556380246,-0.4406165689608437,1,0.8375053955175521,0.70206218957901,0.6657270964328763
2020-04-21,1.2317564138136772,-0.7868553291834947,1.973929556380246,-0.4740680081184865,1,0.8517206516682752,0.8535248637199402,0.9008329572134345
2020-04-22,0.3132218908724027,-0.9835282984503266,1.973929556380246,-0.3914343341397126,1,0.760285825579605,0.7602331638336182,0.7127422509559572
2020-04-23,0.6204447476329863,-0.8068836273118868,1.973929556380246,-1.2465686666011773,1,0.7706735476033898,0.7493612170219421,0.7127422509559572
2020-04-24,0.7688464544633397,-0.7399882436530967,1.973929556380246,-1.0343896644620796,1,0.7911356554155617,0.7772344946861267,0.7127422509559572
2020-04-27,0.9104336141707904,-0.7261774346640086,1.973929556380246,-0.7910761345894106,1,0.8119758682563883,0.7183554768562317,0.7127422509559572
2020-04-28,0.9742012950672148,-0.7128689778122137,1.973929556380246,-0.5901178609568538,1,0.8224682880295973,0.7183554768562317,0.7127422509559572
2020-04-29,1.0073336415516363,-0.6997434438273397,1.973929556380246,-0.388238223380777,1,0.8294770014181124,0.7183554768562317,0.7127422509559572
2020-05-04,1.1305134263698724,-0.5839071992931997,1.973929556380246,-0.2074330962274098,1,0.8413598282339668,0.8535248637199402,0.9008329572134345
2020-05-05,0.8110682249357527,-0.6246202698044184,1.973929556380246,-0.0990245270904249,1,0.8125675167125583,0.7183554768562317,0.7127422509559572
2020-05-06,0.92915384398808,-0.5613342701348718,1.7682461794992883,-0.272054133448266,1,0.8110873486451912,0.7183554768562317,0.7146939992990873
2020-05-07,1.2974566575173352,-0.5011032354943923,1.5981377647806323,-0.1449981137814137,1,0.8424473036857625,0.8275517821311951,0.9016830242713784
2020-05-08,1.5096112730374869,-0.3902171353636602,1.973929556380246,-0.178483841933714,1,0.8695620723573203,0.8589197397232056,0.907380568481834
2020-05-11,1.673329655738568,-0.2809309618158588,1.973929556380246,-0.13226518745428,1,0.8903865328972569,0.9466503858566284,0.93086653538328
2020-05-12,1.9569427355072049,-0.1734259089714649,1.973929556380246,-0.0758787654316507,1,0.9070045456968947,0.9353790879249573,0.93086653538328
2020-05-13,2.155894514442516,-0.0152662063291447,1.973929556380246,-0.099983343213524,1,0.9152391956712729,0.9322882890701294,0.9298990933295623
2020-05-14,2.155894514442516,0.0911025480657154,1.9734028296358228,-0.1435037139861783,1,0.9128999191750139,0.9162631630897522,0.9180688436015657
2020-05-15,2.155894514442516,0.1457458232411974,1.92691291577532,-0.0510599570754186,1,0.9115757881905635,0.9099411368370056,0.9087525447963424
2020-05-18,1.8269656226886524,-0.0043388368028618,1.5895154639355065,0.050498231414368,1,0.8847987427494605,0.8834447860717773,0.8072911642060436
2020-05-19,1.944521758755894,0.0010274518330484,1.7717648357677676,-0.1086040360620178,1,0.8966199919022826,0.9096502065658569,0.9180688436015657
2020-05-20,2.02723914685175,0.1098953103136675,1.5582907628291098,-0.0455392958752821,1,0.8940736545921143,0.8576253056526184,0.8072911642060436
2020-05-21,2.041191839158809,0.3220303058066556,1.261663090400886,0.0215597492153197,1,0.8815590270145944,0.9052808880805969,0.8863400558954158
2020-05-22,2.006967240336419,0.4285694601416565,1.1931257248413218,0.1135471360203972,1,0.8751670582335254,0.9052808880805969,0.9020790704179847
2020-05-25,1.7548822856861488,0.1725586585197896,0.8236511032287762,0.2170361081363143,1,0.8483768255374962,0.9052808880805969,0.8962621930411229
2020-05-26,1.950414357063712,0.7499120619067448,1.188151627440582,0.1143564141159989,1,0.8619850939668535,0.9030661582946777,0.8994026893636489
2020-05-27,2.155894514442516,0.907164738749738,1.1949213461674604,0.0934805634829525,1,0.8744629924861446,0.9067482948303223,0.8970574403261424
2020-05-28,1.872493308157019,0.6991163550005396,0.5412264729764216,-0.0077574458983026,1,0.8274121818045979,0.9030661582946777,0.8992683244586237
2020-05-29,1.8202054938583945,0.7003472549118063,0.1169135258596283,-0.1950140030634364,1,0.7977864475470082,0.8205676674842834,0.7681717337438132
2020-06-01,1.8270982409793095,0.7009015472450978,0.0226832052707828,-0.026252003569865,1,0.7969046443980664,0.8205676674842834,0.7681717337438132
2020-06-02,2.0351377651019966,1.0124074204583495,0.2374763888426166,0.0836196582228102,1,0.8211724119369638,0.8353718519210815,0.7895640221618845
2020-06-03,1.823985012787833,0.9071543254441944,-0.184039805730817,0.0434767822528488,1,0.7789517361661906,0.8205676674842834,0.7681717337438132
2020-06-04,1.8431213495656509,0.9017999318346166,-0.2185923577141721,0.0270507196838325,1,0.7792664496734232,0.8205676674842834,0.7681717337438132
2020-06-05,1.886844373608771,1.0509120293615133,-0.3201989997481884,0.1099703103369591,1,0.7747579163508647,0.8145062327384949,0.7612717012872325
2020-06-08,2.046957271333556,1.3488046386209394,-0.0561720101452172,0.1617072234160303,1,0.7974878903830317,0.8065440058708191,0.7768669318186807
2020-06-09,2.155894514442516,1.5837796941599822,0.0608372292147889,0.1200159564672617,1,0.815652817571852,0.8857952952384949,0.8142200384660125
2020-06-10,2.155894514442516,1.4674854328353726,-0.3088494688637287,0.0113528963651788,0,0.8008006600070413,0.8857952952384949,0.7903947185906423
2020-06-11,2.155894514442516,1.745541307572281,0.3778550803424155,0.1285220686440324,0,0.8239072785710116,0.9256970286369324,0.9214654520174764
2020-06-12,1.3967842311282628,0.9407558053904216,-0.3299583537932758,0.1719836007919306,0,0.7231095143184869,0.848142683506012,0.7882988516460948
2020-06-15,1.2924433109764768,0.8393611062847166,-0.2108919860702586,-1.0086411171011087,0,0.6907765151942796,0.848142683506012,0.7604520692147063
2020-06-16,0.7598133009242322,0.2404697131209931,-0.6962109512408449,-0.7715738976383913,0,0.6062292855752194,0.45376458764076233,0.43713480974567687
2020-06-17,1.0832811258963,0.7394064919553708,-0.3892807954784089,-1.1754004819126824,0,0.6445208654919697,0.6194546818733215,0.5925157475641485
2020-06-18,1.0502926423452137,0.7349121159418952,-0.5438681562160417,-1.048099342807341,0,0.6314458882481686,0.46051305532455444,0.4383838412806522
2020-06-19,1.0474573547746715,0.8276626171101048,-0.5751775172019595,-0.7376495764731748,0,0.6315502503659861,0.46051305532455444,0.48942770663701946
2020-06-22,1.2876395694919582,1.1151935414247316,-0.4370074466185724,-0.4769265242116384,0,0.6727727258584958,0.7389365434646606,0.6378834818234206
2020-06-23,1.3406981155673234,1.250454457766704,-0.5867068235751531,-0.4323968191508823,0,0.6648780362807838,0.6394686698913574,0.5058370747059434
2020-06-24,1.315108281056826,1.4283919926300672,-0.6583968938526813,-0.2703653539635414,0,0.6492491120956693,0.5444852709770203,0.41094477889776865
2020-06-25,1.0697051210127455,1.267804377526716,-0.7817105783205133,-0.0829885480335752,0,0.6115719196553817,0.18354175984859467,0.159519402618286
2020-06-26,0.9888245888113132,1.0174893889939085,-0.6738472759847491,-0.1924037208348406,0,0.6172703878725174,0.29131004214286804,0.33319652405275785
2020-06-29,0.9091946939154696,1.01214521380013,-0.676516317755532,-0.081297824060652,0,0.6060129478762816,0.29131004214286804,0.33319652405275785
2020-06-30,0.4582173310381993,0.4320371249509522,-0.8223350775103507,0.0086161504916188,1,0.5505794835842627,0.3564351201057434,0.36524316856188843
2020-07-01,0.3898526756303214,0.4323553153063141,-0.8463620005894313,-0.5164539893264378,1,0.5202602249584299,0.3564351201057434,0.36524316856188843
2020-07-02,0.685464469547006,0.8456203458468001,-0.7552060664792761,-0.3741782120119054,1,0.5606911424497817,0.17699459195137024,0.19374287194479256
2020-07-03,0.6859220968643891,0.6852610454343847,-0.5902692006216453,-0.3669616304707805,1,0.5837225788708996,0.3544939160346985,0.40450929847849526
2020-07-06,0.7340838956672205,0.7352985273075997,-0.6769466095369444,-0.1477010505710387,1,0.589308357293612,0.35350659489631653,0.40001605328389583
2020-07-07,0.8549070945877567,0.9962381978246544,-0.5356170608656671,0.0019430191299897,1,0.6097483050896808,0.3841283619403839,0.4180800088247707
2020-07-08,0.8156543234374397,0.9404577252449916,-0.8823229541284959,0.0724971897008059,1,0.5268972504613815,0.22836947441101074,0.235896872788442
2020-07-09,0.8325366144138212,1.2979531591842377,-0.6463693390594295,0.185317519000779,1,0.5386064870119504,0.19866491854190826,0.20663383552943096
2020-07-10,1.0259472279106725,1.3372217415430898,-0.0108747601063613,0.3030577715496594,1,0.6291565388127083,0.5042165517807007,0.5139543402551116
2020-07-13,0.9322867008291738,1.273654233116169,-0.0063778915099909,0.2639262713917929,1,0.6186837580411665,0.5042165517807007,0.5139543402551116
2020-07-14,0.8779206835118687,1.312677571678056,0.948221541438119,0.2917934987456041,1,0.6962541354252559,0.5004788637161255,0.48475188718837786
2020-07-15,0.9109030613724344,1.3508451946665343,0.977493800003373,0.3621151485786831,1,0.703280461615178,0.5004788637161255,0.48475188718837786
2020-07-16,0.9153425600868752,1.3369472866400436,0.8763555369403718,0.4429812915014203,0,0.6985737394269288,0.5004788637161255,0.48475188718837786
2020-07-17,0.9002586899998067,1.2238905285188293,0.6712659875484094,0.5323531719098052,0,0.6872518812926173,0.5004788637161255,0.48475188718837786
2020-07-20,0.8558436965372775,1.311402602087418,0.5997422818683265,0.6226073444140788,0,0.6746214413769629,0.5004788637161255,0.4954657878601588
2020-07-21,0.6534435140483807,1.197967546450217,0.3741961497959614,0.6602165461648197,0,0.6347808698314948,0.5011769533157349,0.5185584296668982
2020-07-22,0.6302570375022026,1.1844388796247856,0.7266136947341884,0.4322151289334429,0,0.6564928230895243,0.46587857604026794,0.4607702043492558
2020-07-23,0.501795518820238,1.0255479254774371,0.2635046099188002,0.5093638548285957,0,0.606929803998831,0.5228416919708252,0.5279786113394108
2020-07-24,0.4574801420226769,0.8713369456908919,0.0163814857055501,0.4163945512046309,0,0.5813249572589257,0.5829302072525024,0.5905921071508803
2020-07-27,-0.1355557984025591,0.184398314423176,-1.092576029183179,0.456596925696037,1,0.42444930684470045,0.3624941110610962,0.33692982621323475
2020-07-28,-0.8688562402832086,-0.447079499517175,-1.451735065154073,-0.7583072512930121,1,0.28430319043817165,0.5156711935997009,0.5331245583502242
2020-07-29,-0.3273988527903717,0.0946658516804226,-1.3564957451782158,-1.825057586076465,1,0.29905334543346734,0.567259669303894,0.49461464020653617
2020-07-30,-0.6883784601217642,-0.1955837743990819,-1.4985632395873827,-1.684381105429578,1,0.2624716308765202,0.6750674843788147,0.5716356362919227
2020-07-31,-0.5336330950728846,-0.1433232461230892,-1.493109534349946,-1.7593086457401506,1,0.27591257737592767,0.6039700508117676,0.5604576041695704
2020-08-03,-0.6042054934095106,-0.1392656601747051,-1.5088085712754835,-1.3221871553167863,1,0.2798810011914524,0.6039700508117676,0.5716356362919227
2020-08-04,-0.2191444743772881,0.1075968424246216,-1.3925172518531193,-1.0663339158693834,1,0.3339825123774532,0.5360694527626038,0.4375778024226957
2020-08-05,0.0379831850363001,0.3044073768884621,-1.3599060674216576,-0.9524124491539212,1,0.3650780961041578,0.3687550723552704,0.3205359489774966
2020-08-06,0.2607184113015888,0.6439008873281741,-1.097706964440097,-0.765517705657311,1,0.42047953735678373,0.23228251934051514,0.23880385798344267
2020-08-07,0.2524305639861866,0.6867871030457263,-1.0778321880730128,-0.5931293040749861,1,0.4246158208113214,0.23228251934051514,0.23880385798344267
2020-08-10,0.2688830886701492,0.535481766815835,-0.4975453935579346,-0.3366728505327076,1,0.49487162096360227,0.33370426297187805,0.3915729033619056
2020-08-11,0.3977743241589028,0.534636063323089,1.2184031062402405,-0.0937365759818688,1,0.6641680483565937,0.5975318551063538,0.5973299427103447
2020-08-12,0.4203209363588936,0.8262540245896794,0.483849282336151,0.0263511213802863,1,0.5966184622083508,0.5705898404121399,0.5808905163604271
2020-08-13,0.4746299107542268,0.8723547298177509,1.1002419377154724,0.2029994178189345,1,0.6571532625281401,0.5975318551063538,0.6010508786507985
2020-08-14,0.5987279137485201,1.0117278932570877,1.1362785653802487,0.3289400093693289,1,0.6733809847807206,0.4528239965438843,0.49468656841882835
2020-08-17,0.5002337331663037,0.959679636357963,1.2647362158601076,0.3785042323435558,1,0.6742522577212255,0.5975318551063538,0.6024970341090669
2020-08-18,0.4925257367827012,0.8608951331360977,1.3281486308440833,0.376946999225628,1,0.6831185664406325,0.5975318551063538,0.6024970341090669
2020-08-19,0.5009010874878003,0.9058349548981148,1.248466172880626,0.4913790236413061,1,0.6796249502713791,0.5975318551063538,0.592764438517252
2020-08-20,0.6050355980816142,0.9964996834970364,1.341389826944849,0.608044365020175,1,0.6990244236839915,0.45807307958602905,0.4528650876047994
2020-08-21,0.5451167610472631,1.0393132494973845,1.3943963468107736,0.6339616867248566,1,0.6937774173430421,0.399373322725296,0.4263709167592748
2020-08-24,0.7166196098633549,1.0810068637782329,1.482487039275053,0.6475976511524419,1,0.7199793732045142,0.3720831274986267,0.35971728532432234
2020-08-25,0.8957352092398956,1.35394454563487,1.5556921318523826,0.6126788838399556,1,0.7325034842662886,0.35045549273490906,0.34847624058018295
2020-08-26,0.9404495498996672,1.2019391643024269,1.542260430041808,0.57149793144071,1,0.7428038590496813,0.35045549273490906,0.34847624058018295
2020-08-27,0.948480350471339,1.3300976641632598,1.4376377030794294,0.6379765404794685,1,0.7327343263515267,0.35045549273490906,0.34847624058018295
2020-08-28,1.006132783555854,1.3186093625313609,1.4891518924768197,0.7178741603238706,1,0.7457164354550078,0.3462194800376892,0.3410336523608911
2020-08-31,0.9923567366845948,1.4863544960921635,1.4628161821510444,0.7473227174301202,1,0.7354269965349697,0.3462194800376892,0.3410336523608911
2020-09-01,0.87841371901526,1.334418880048666,1.3161440450070223,0.8250241110955869,1,0.7213063126372337,0.42827731370925903,0.40689941160507215
2020-09-03,0.9910493530061958,1.4108774232620338,1.4135221785995502,0.770309851641529,1,0.7361963233742277,0.3462194800376892,0.3142895043627249
2020-09-04,1.0443461231936155,1.5253080287780405,1.2343015754097568,0.7497577935806143,1,0.7244528983888855,0.42827731370925903,0.3926346402998125
2020-09-07,0.979221884157432,1.3281664109006746,1.3033294353890217,0.7704702393245219,1,0.7409071550168294,0.6917324066162109,0.532974698539048
2020-09-08,0.8027679742443041,1.2257647568302443,0.9147513090149982,0.7998336894739946,1,0.6958784204516479,0.5030306577682495,0.48988496483949356
2020-09-09,0.878581570253601,1.3852354000453977,0.821382838699179,0.6442486487142941,1,0.6863436339748686,0.5030306577682495,0.5315476721002831
2020-09-10,0.897456919696365,1.4092941981984768,0.7657255679927417,0.671025794291979,1,0.6839332730039703,0.5030306577682495,0.5315476721002831
2020-09-11,0.9217049376133228,1.344876697821478,0.7906647529510937,0.7362191604391602,1,0.6936748624539784,0.5030306577682495,0.5315476721002831
2020-09-14,0.9349022523219012,1.3250604690769392,0.8500230858664601,0.7830934472730283,1,0.7021683610840889,0.5030306577682495,0.48988496483949356
2020-09-15,1.0423408223848,1.5526705818207345,0.8285673056745494,0.831581090286062,1,0.7051450472789389,0.4965231716632843,0.4634561360184958
2020-09-16,1.013618450982256,1.4473326047497148,0.8700442687609596,0.7917124195972366,1,0.708261856023374,0.5030306577682495,0.48988496483949356
2020-09-17,1.026932579836784,1.506759800372494,0.7611265717531543,0.8673942150101293,1,0.7009848307949132,0.5030306577682495,0.48988496483949356
2020-09-18,0.9830116765623872,1.5255202679086275,0.5875824580550706,0.900463482925508,1,0.6818236765771474,0.5030306577682495,0.579324273662793
2020-09-21,1.040996974973466,1.5011751001591775,0.827278763557281,0.9445872376705458,1,0.7102326259647074,0.5634866952896118,0.5625923663647409
2020-09-22,1.0304567060712313,1.5195669948169954,1.009241093007085,0.9295184933669336,1,0.7216539533383978,0.553242564201355,0.5570184347769116
2020-09-23,0.9834206307511952,1.4202809869874595,0.7728924549804214,0.9727115094411912,1,0.7033102027493815,0.6215988397598267,0.6701100357180337
2020-09-24,1.0214312942004309,1.4759814592225455,0.7811389674178195,1.0037184786734237,1,0.707040433792539,0.6215988397598267,0.6701100357180337
2020-09-25,0.9449070065842904,1.4147269797083193,0.4207637350409159,0.9930139297524774,1,0.6710297400810258,0.6293280124664307,0.6515281177057636
2020-09-28,0.8731196133902472,1.3568463001127025,0.3329670456082845,0.9769153215376672,1,0.6565551254088533,0.6653041243553162,0.7924113768544093
2020-09-29,0.9457031284949174,1.4121175929788172,0.2019007232934541,0.9624749126075756,1,0.651990398044136,0.609306812286377,0.6496471544174443
2020-09-30,0.7827048247930154,1.2485314180258806,-0.2404009811495449,0.9332981872008392,1,0.5980110522430441,0.6147811412811279,0.6704193551367931
2020-10-01,0.8571094008429669,1.271050793741877,-0.029828100059361,0.7667850840035039,1,0.6205879321722845,0.47106432914733887,0.4836563129682541
2020-10-02,0.9775219213414312,1.2957038234466265,-0.0110083702127677,0.7716726527322506,1,0.6375235395976235,0.47106432914733887,0.4836563129682541
2020-10-05,0.909432667491573,1.3475741600823483,-0.1286303655694529,0.7297416710920606,1,0.6141414999335625,0.47106432914733887,0.49469267070545403
2020-10-06,1.0699115638243983,1.396060823356526,0.00761319181709,0.7652171304010483,1,0.6512370826472902,0.5181204080581665,0.5386157408794748
2020-10-07,1.0660288247330476,1.4116508818003746,0.221136806135175,0.6808301890870582,1,0.6660416816887199,0.5181204080581665,0.5386157408794748
2020-10-08,0.9963695222444602,1.5190064871611195,0.0775249082215731,0.7526442563857766,1,0.6422731460057547,0.5982794761657715,0.6144015674584424
2020-10-09,0.8993423172663151,1.4012217465938317,0.2504296847937355,0.795087858299447,1,0.651125409454479,0.615431010723114,0.6148473908977042
2020-10-12,0.8802900707744746,1.385278584704616,0.248161095554046,0.7812945148365638,1,0.6486772263091325,0.615431010723114,0.6148473908977042
2020-10-13,0.7565073739664722,1.2769796489890637,-0.2430768583249352,0.8618892930201512,1,0.594695800724229,0.7492639422416687,0.5972035625441944
2020-10-14,0.7482817728424332,1.3246748268744062,-0.0438561986660507,0.7789889841392732,1,0.6072073767850558,0.5864461064338684,0.5972035625441944
2020-10-15,0.757845359793151,1.3399969376654954,-0.0663662549236232,0.8594927523032779,1,0.608414033747662,0.5864461064338684,0.5972035625441944
2020-10-16,0.6957499345132134,1.3839789067592083,-0.2950975944083079,0.9136960319140806,1,0.5783811645161958,0.672508955001831,0.6694158255945417
2020-10-19,0.6615674159853075,1.278398118465906,-0.0960272633300518,0.917611988192321,1,0.5970992742013601,0.42692530155181885,0.4947722693974243
2020-10-20,0.6507023578422492,1.2349528515503134,-0.4573269321112616,0.9619793763111448,1,0.5650156431616752,0.260829359292984,0.3138058124564659
2020-10-21,0.6741777806796222,1.2221417544573163,-0.406213147625582,1.025586509935585,1,0.575869974878001,0.5780308246612549,0.48290283802069134
2020-10-22,0.5354329334814468,1.2089878537279464,-0.5587698741747607,1.0492421671797352,1,0.543185511876812,0.22369253635406494,0.2509400005038105
2020-10-23,0.5871469798682821,1.1938925699832377,-0.5540965234734906,0.8793551228684816,1,0.5458452564043693,0.18953946232795715,0.21788153864395918
2020-10-26,0.648150408095178,1.2098108485869143,-0.3695427057730397,0.9019717319282204,1,0.5720817480276688,0.2226322740316391,0.308159176714851
2020-10-27,0.4661822864569897,1.112867749977343,-0.5291822921719177,0.9100271736660908,1,0.5357864129352752,0.18953946232795715,0.3013701040947283
2020-10-28,0.3213780674046839,0.9900137799442724,-0.4775295877842631,0.6698663101056712,1,0.5174685425140091,0.28106263279914856,0.2967498912184483
2020-10-29,0.0270592746673817,0.8399546704141417,-0.8206189211768495,0.534439709215487,1,0.44465086311630475,0.22555051743984222,0.21823268511388882
2020-10-30,0.0529913323366019,0.8628512638880327,-0.77321364739115,0.0700039286294362,1,0.4360143131693363,0.22460582852363586,0.2232595837961361
2020-11-02,0.0952348592857132,0.8292744074513401,-0.7726851257784816,0.2709204486005832,1,0.4503747641610584,0.2488953322172165,0.2232595837961361
2020-11-03,0.204345830975821,0.8806081526751987,-0.7047543727905276,0.4260787773531067,1,0.47539801838850465,0.2183184027671814,0.22623419055491895
2020-11-04,0.3039370613732239,0.9594377895698316,-0.7203139066997386,0.4878297258872336,1,0.49674029582259877,0.2540876567363739,0.2228662821954253
2020-11-05,0.4209518831407106,1.0369793964893552,-0.5741186834859004,0.5473937656403187,1,0.5259401481849774,0.2987041771411896,0.2864470110160453
2020-11-06,0.3306662606236899,0.9753689850341198,-0.5905614785355209,0.5775788402959215,1,0.5152326439744608,0.36015594005584717,0.3318598597175665
2020-11-09,0.3423164259601055,1.0528517378680424,-0.6131899215320069,0.5675109265164179,1,0.5112397610839255,0.2987041771411896,0.2864470110160453
2020-11-10,0.523097589114129,1.1548868495613591,-0.2484262593192021,0.7034756101222704,1,0.5710853674092907,0.4917483925819397,0.483357804835128
2020-11-11,0.5231591587953125,1.143634375370577,0.014815718998305,0.6412930500906462,1,0.5928373010112725,0.4917483925819397,0.483357804835128
2020-11-12,0.5145151195844226,1.10406336765496,0.503696331674334,0.7712281339504716,1,0.6403684807784357,0.49928969144821167,0.4933415004873667
2020-11-13,0.5871433340759994,1.092957818998053,0.589873412915009,0.8901517774341825,1,0.6615027655876575,0.6702035665512085,0.6684108902929445
2020-11-16,0.6478320992773147,1.1632582609649065,0.4915271463792425,0.9109839123159992,1,0.6592613108778376,0.7513450980186462,0.7204020024221324
2020-11-17,0.4788872763361567,1.072222873854112,0.4181150190628866,0.9358828455713344,1,0.6353507654221693,0.5719872117042542,0.5564465917325934
2020-11-18,0.6323260307913858,1.1381918114647176,0.6092497746913581,0.7360766298907901,1,0.6619933018639681,0.4797333776950836,0.5358902307387408
2020-11-19,0.6683762955877428,1.1230656480512042,0.8863515190631364,0.6917176010305705,1,0.6879628616988253,0.6413806080818176,0.6228315721712135
2020-11-20,0.7093955836834823,1.2878727161206935,0.8591230878433694,0.7724405936529869,1,0.6876233610114338,0.653637707233429,0.6957518835910379
2020-11-23,0.7915640070090668,1.2916702590171316,1.0087978997383749,0.8354991855471103,1,0.7109482801785554,0.6519692540168762,0.6587859231817741
2020-11-24,0.8287989618711545,1.3174305104494657,0.8967312913809351,0.8416053950252091,1,0.7061319876689349,0.6519692540168762,0.6851242422767501
2020-11-25,0.7818201448967155,1.2927217528016293,0.8156391749973392,0.8853306149710957,1,0.6964943561793793,0.797419548034668,0.7938981198821999
2020-11-26,0.7501900486340358,1.2192420207171542,0.9199963225276984,0.962423192050108,1,0.7057426017937647,0.8366024494171143,0.847451480191965
2020-11-27,0.7510380324628384,1.2458566354880571,0.8164559018586082,1.049995717562703,1,0.6997274865637946,0.8264873623847961,0.8425189459917339
2020-11-30,0.7929991042982015,1.2474556455368644,0.9276356634394582,1.0940655125507233,1,0.714493777838113,0.81864994764328,0.8358081418222668
2020-12-01,0.7289646347455135,1.199964941828705,0.9119619584802892,1.0880682619812407,1,0.707212983328135,0.81864994764328,0.8358081418222668
2020-12-02,0.756780468491617,1.1787477861405116,0.7060482785294724,1.1019929784777762,1,0.6958382736716502,0.7956973910331726,0.7864480030396451
2020-12-03,0.7702751246650256,1.1799008814512324,0.5021948326097916,1.109305520655136,1,0.6870501755519108,0.7851705551147461,0.7881723835096772
2020-12-04,0.849579381260894,1.1347910803657362,0.6620801717456256,1.1236420324505023,1,0.7108438018434967,0.7672614455223083,0.7914230635156886
2020-12-07,0.8122607060173815,1.1366795458720482,0.5392897246218425,1.0603147210999493,1,0.6946905721597457,0.8007287979125977,0.7914230635156886
2020-12-08,0.8195238452076298,1.1606898024030248,0.691861347390846,1.126702659209775,1,0.7090820374773447,0.7672614455223083,0.7914230635156886
2020-12-09,0.8202312379057929,1.1832917328908084,0.5020113471155573,1.1386675458994957,1,0.6938340405098142,0.7851705551147461,0.7881723835096772
2020-12-10,0.8651603703313268,1.2044960662783737,0.8188254161683486,1.1558613214569613,1,0.723665482978995,0.8200357556343079,0.8330849331980149
2020-12-11,0.6696879655096734,1.158346282616133,0.2868385580791519,1.122707286176884,1,0.657939842865432,0.7891863584518433,0.7881723835096772
2020-12-14,0.7584678263992009,1.114143281261178,0.2508789270795859,0.8542447406442307,1,0.6579357676301846,0.6634175181388855,0.6636786990354273
2020-12-15,0.8990857885846454,1.1143578164924657,0.7058180126390305,0.8264302548037273,1,0.7109585527143047,0.6264110803604126,0.657669957373244
2020-12-16,0.861595499425544,1.092883306421907,0.5190419559407139,0.736966107573248,1,0.6894564788734707,0.6714597344398499,0.6588049491825404
2020-12-17,0.9192397148816136,1.0924238394253862,0.5370147130018889,0.8492965324072899,1,0.7013927653475134,0.6714597344398499,0.6768483456790828
2020-12-18,0.7778598759378886,1.0291319120750582,0.1110909175961264,0.8469981089952552,1,0.6508424036856323,0.633945643901825,0.6725508226386634
2020-12-21,0.8919171902458423,1.050385704451736,0.2853540508913385,0.7681671254452518,1,0.6762804623723196,0.6634175181388855,0.6543899960631612
2020-12-22,0.9761420236071364,1.0295426729930912,0.4577265218932785,0.7111713834295221,1,0.6990496731406397,0.6502174735069275,0.6772773000693258
2020-12-23,1.0611288387956743,1.0091891509058917,0.4742568442310165,0.6884701415112221,1,0.7100237674951506,0.6195775270462036,0.5604732497650704
2020-12-24,0.9530020452196516,0.9893468436914896,0.3063407276591109,0.6626014314335775,1,0.6836688173135588,0.6634175181388855,0.6772773000693258
2020-12-25,0.7498554952031927,0.9903573118157544,0.2808796793286069,0.7040238180281665,1,0.6580636691152757,0.6634175181388855,0.6543899960631612
2020-12-28,0.921294432030026,0.9708222643372738,0.29201509476456,0.5220578516981508,1,0.6744458309414207,0.7176206707954407,0.7079457092133279
2020-12-29,0.9593881333939897,0.9516709925801216,0.2658151529199941,0.4352345697256568,1,0.6745253335294712,0.7176206707954407,0.7079457092133279
2020-12-30,0.995915709468722,0.9134877004370248,0.2843584291468509,0.5074798244054136,1,0.6840920041802911,0.7176206707954407,0.7079457092133279
2020-12-31,0.9240022375625369,0.8960874905703992,0.0181847665789105,0.5671968704980532,1,0.6555890880524382,0.6906818747520447,0.7079457092133279
2021-01-04,0.9660602101128732,0.9378924955945228,0.39889279189616,0.6955877207400507,1,0.6984352351699697,0.7784591317176819,0.7542908844629083
2021-01-05,0.9503296072742208,0.9312851544121726,0.3205542191481403,0.722712934465754,1,0.6913589337612095,0.7784591317176819,0.7542908844629083
2021-01-06,0.9333161049829009,0.8918289703281549,0.2777960449981088,0.6290509546141348,1,0.683664276213695,0.7784591317176819,0.7542908844629083
2021-01-07,0.9159716004577304,0.8989856094944945,0.4122864452108124,0.6889736681140193,1,0.6944521850656076,0.7784591317176819,0.7542908844629083
2021-01-08,0.8992041228840004,0.8809047200823005,0.5366627380851048,0.7871355901105447,1,0.706319390602126,0.7805142402648926,0.7650449072271627
2021-01-11,0.8821503651749012,0.8632214554057062,0.8947286622335615,0.6910752776284089,1,0.7293233811614904,0.7883366346359253,0.7778931261550219
2021-01-12,0.8654536022032158,0.845786735065088,0.7425861586286573,0.7181728708010923,1,0.7171992199504907,0.7676583528518677,0.8022708563735818
2021-01-13,0.8491281421150416,0.8286962071429458,0.7813884935652997,0.6823730808778132,1,0.7176213192286501,0.795524001121521,0.8022708563735818
2021-01-14,0.832899070470488,0.8118373923999566,0.6373670699917887,0.691561670567145,1,0.7052567180096685,0.7805142402648926,0.7650449072271627
2021-01-15,0.8171708195246307,0.795293688047271,0.708316254852994,0.7378374951659126,0,0.711054605309956,0.7676583528518677,0.7650449072271627
2021-01-18,0.8017265610647918,0.779084995707212,0.7452577698525872,0.7792815506421211,0,0.7140058948362027,0.7676583528518677,0.8022708563735818
2021-01-19,0.786827567448898,0.7631445966568781,0.4100266945713381,0.7890880746889257,0,0.6862178669524882,0.7784591317176819,0.7542908844629083
2021-01-20,0.5242837112307857,0.7473957940333229,-0.3654653271054531,0.8594151968600957,0,0.5872513735716364,0.4787019193172455,0.43869640521404935
2021-01-21,0.4731228941955131,0.7319495369747461,-0.408606143044158,-1.0751240167488183,0,0.4980963896325437,0.42429518699645996,0.38456868362180285
2021-01-22,0.7237389596149086,0.7172303136604509,-0.1770954221027919,-0.6684358984792754,0,0.5721165852848836,0.6628847718238831,0.6738921378143014
2021-01-25,0.7414544123661354,0.7029249747018667,-0.249681528204578,-0.6471073858193729,0,0.5691176577910653,0.6628847718238831,0.6738921378143014
2021-01-26,0.7266552540764721,0.6880670828082598,-0.2740231076697964,-0.3654335477864295,0,0.5766034519034107,0.6737498044967651,0.6738921378143014
2021-01-27,0.4173844075758997,0.6734353119635573,-0.4534361129087602,-0.1602777358421823,0,0.5254505250013558,0.40982893109321594,0.40497923783056256
2021-01-28,0.0006490752226496,0.5145877446317123,-0.597142890712603,-0.5771560685639796,1,0.44173721905290536,0.33476996421813965,0.33304107289521456
2021-01-29,-0.7425943731896556,0.2578280573746018,-0.9882029107619226,-1.1272258553119328,1,0.2980282054897976,0.3796391189098358,0.3623696091225677
2021-02-01,-0.4982978519699876,0.2882275870995746,-0.9234374018469416,-2.00501420370675,1,0.3010134382950796,0.3886317312717438,0.3623696091225677
2021-02-02,-0.879996978177697,0.1124491997897198,-1.0814670225805487,-1.9624683825562783,1,0.25333348696927827,0.37293747067451477,0.3894852342860648
2021-02-03,-0.6385280444235691,0.1863154569794923,-1.0235702592375704,-1.9228530956782397,1,0.2822600534695155,0.3408665359020233,0.376649182041023
2021-02-04,-0.2515383338683682,0.364534863142428,-1.0218734079476546,-1.8495026722325765,1,0.32333629137250736,0.35432785749435425,0.42916818279647895
2021-02-05,-0.2176853202465534,0.4161242277275044,-1.179348272965448,-1.690449849314049,1,0.31810768120322114,0.35432785749435425,0.42916818279647895
2021-02-08,-0.1018226171572721,0.4676730390780133,-1.25213634785444,-1.190835416149399,1,0.34231541605032517,0.35432785749435425,0.39456504521284436
2021-02-09,-0.4772142690278348,0.2228461069717757,-1.3878688695868466,-0.8730881221985348,1,0.30566720832776073,0.32326963543891907,0.3320123128695185
2021-02-17,-0.2320183715065444,0.3191955257852712,-1.157762843138003,-1.2022192521855992,1,0.3390210271413253,0.35432785749435425,0.39456504521284436
2021-02-18,0.2127358069021919,0.5209685519056637,-0.6533307773902278,-0.9978336764381276,1,0.44372462358019843,0.3628518581390381,0.316915972337378
2021-02-19,0.3254461398317428,0.5542196075230544,-0.0584276942800865,-1.0573258584022334,1,0.5132385456675014,0.5207692384719849,0.5561338816613333
2021-02-22,0.2875015526775024,0.5403389286592075,-0.2515647908430674,-0.763741295719037,1,0.5019581568723447,0.5505387187004089,0.490542532337358
2021-02-23,0.2359606128005028,0.5268799286163197,0.1555652626095178,-0.3931210875848004,1,0.5508226055025524,0.6096969246864319,0.5868902561339547
2021-02-24,0.1735198559941008,0.4450110404765557,0.3313758019619195,-0.1164418470326634,1,0.5736294042019672,0.6796454787254333,0.6857854948399059
2021-02-25,-0.0147339293290031,0.4322271705052684,0.0887247360898753,0.0902784234750111,1,0.5344261123576499,0.6729955077171326,0.675812905322984
2021-02-26,-0.0426111855547531,0.3758333710138782,0.5333973177824634,0.0237132971267486,1,0.5729513113038625,0.7019168138504028,0.6843106866339163
2021-03-01,-0.0497778905201078,0.3413533602602572,0.2706488222173152,0.2454733358439799,1,0.556848886639463,0.6597614884376526,0.6697179695035277
2021-03-02,0.1634157143896889,0.4173773318301734,0.7233121528847999,0.4215961347049957,1,0.6314772001009225,0.6735399961471558,0.673490636270695
2021-03-03,0.1126098468433948,0.426677903357512,0.5686236322004642,0.3342681686213327,1,0.6071072038180139,0.6735399961471558,0.6772628222079708
2021-03-04,0.150327517632696,0.4360846145585012,0.2510788168243335,0.4890960626619665,1,0.5878482765664296,0.6735399961471558,0.6772628222079708
2021-03-05,-0.0918720475117521,0.3317105958120654,0.2462694050886756,0.5745697334841846,1,0.5628400661269762,0.6597614884376526,0.6610219596680956
2021-03-08,-0.1005394191499108,0.3419542177611823,0.1390238007853122,0.3156251058251486,1,0.5402801414691573,0.642370343208313,0.6610219596680956
2021-03-09,-0.0581226709106269,0.3521731474334791,0.5520457790689806,0.4868961638018112,1,0.5922695032862434,0.6597614884376526,0.6697179695035277
2021-03-10,-0.0661625302355444,0.3855662981986566,0.3509455768982972,0.5802993573888149,1,0.5762468100902487,0.7077027559280396,0.7153693962052765
2021-03-11,0.0003163989753638,0.3725605564447881,0.0573992793153929,0.7078089153658373,1,0.5598735304803394,0.6909406781196594,0.7193356467623099
2021-03-12,0.0709986978864391,0.3595722523288538,-0.1365477430954697,0.7269773135041482,1,0.5501488158317733,0.6388623714447021,0.6399717463412801
2021-03-15,0.0001696869101343,0.34697789392089,-0.1019143187134963,0.7370336553731531,1,0.5455638685520925,0.6309110522270203,0.6483113648413856
2021-03-16,-0.0015705227671993,0.3344551815087507,-0.3571314007948554,0.8053178046792259,1,0.5224629874299093,0.5119479894638062,0.48437039932926707
2021-03-17,-0.065719093291522,0.321831113017883,-0.4295736510333298,0.8800579420488943,1,0.5101271817857711,0.537783682346344,0.5250093989745717
2021-03-18,-0.076917675083724,0.2833952069830049,-0.3179257602700412,0.9459039085856268,1,0.5228954578635296,0.6157558560371399,0.5380676490260438
2021-03-19,-0.0302933398194156,0.2966055555862374,0.1071485970086583,1.013164834723453,1,0.5726558372958626,0.734689474105835,0.705941080253203
2021-03-22,-0.0694261060952982,0.2834072066672217,0.0276296026927806,1.01399101219766,1,0.560411225090711,0.734689474105835,0.705941080253203
2021-03-23,-0.1541733472573943,0.2702291673207774,-0.1306226670945859,1.0925875737073716,1,0.5373152226391328,0.6866398453712463,0.6570250938234755
2021-03-24,-0.3857751771477256,0.2568336953327044,-0.2848689402533138,1.1128190809686969,1,0.494500662659747,0.7443348169326782,0.6799270873270664
2021-03-25,-0.8762958079875564,0.1571874467452076,-0.6534491700473364,0.8793193321237641,1,0.3932711389305544,0.5853030681610107,0.5647688711433037
2021-03-26,-0.9935005063886152,0.1129068152049121,-0.5978518546545052,0.1444327879529511,1,0.36258806569214214,0.5687158703804016,0.5436798058494198
2021-03-29,-1.168803928155311,0.0671675583062155,-0.7373390181131543,0.2670966814215385,1,0.33496577412236567,0.38090968132019043,0.47753762646082243
2021-03-30,-0.876146799936586,0.1129988295183557,-0.6762539066325789,0.3017188376464057,1,0.37359229285992307,0.5784749984741211,0.4302193117009957
2021-03-31,-0.7622157403622317,0.1292153845275435,-1.0500089920280362,0.1970191649469615,1,0.3484204816661602,0.44315168261528015,0.4228673687085493
2021-04-01,-0.8385553032293591,0.1136698158317629,-1.1729639328141872,0.2703829923907308,1,0.33147041912925196,0.37102076411247253,0.34432532258019216
2021-04-02,-0.5207267948924088,0.0855054288549958,-0.9238142308918674,0.4749242946578159,1,0.3974335765211668,0.6606521010398865,0.6764072658728202
2021-04-05,-0.4805956489678787,0.0690849919436576,-0.675914544002166,0.3697299333610814,1,0.42309418916754404,0.6606521010398865,0.6764072658728202
2021-04-06,-0.483432689234592,0.0522777995799731,-0.6074889150808284,0.4926544610564073,1,0.43384006177752193,0.7972527146339417,0.7749174981989374
2021-04-07,-0.6018929196816832,0.0014305815619158,-0.5119261646162677,0.6290223427684999,1,0.4344717852736864,0.7972527146339417,0.7749174981989374
2021-04-08,-0.4385792312684076,0.052741984645754,-0.1643853466823952,0.7758375760608044,1,0.5032610273019646,0.7959922552108765,0.7463398692160169
2021-04-09,-0.5801180567903497,-0.0361694077538922,-0.9752248435400988,0.7886684599242095,1,0.41110585570225283,0.6915163397789001,0.6541044088220969
2021-04-12,-0.6021678809079453,-0.0181855610956701,-0.5003976502091924,0.895951420641794,1,0.4580195742398578,0.8351227045059204,0.8188049720677998
2021-04-13,-0.2578325361366461,-0.0368234985571543,-0.7607006455306834,0.9978885757642864,1,0.4753073504980821,0.742877185344696,0.7429707906329446
2021-04-14,-0.9694998029258628,-0.0558363201935015,-0.8229706102804313,0.8850871723930134,1,0.38748535855236704,0.5508494973182678,0.6412316498407689
2021-04-15,-0.7835449398146095,-0.1563394648752571,-0.1938982941675163,0.412953085325066,1,0.4506442476244296,0.7959922552108765,0.7679975677053406
2021-04-16,-1.3170592668829035,-0.2188860777558814,-0.7545203969886888,0.4887184879015221,1,0.34529932812065317,0.29206469655036926,0.21688493781652277
2021-04-19,-2.026201210277844,-0.4129521734820792,-1.0290518704321094,0.2796754611629799,1,0.25239517277866336,0.16826792061328888,0.15491885878428474
2021-04-20,-1.5399317538356838,-0.3076126256536028,-1.1010128906795789,-0.1071852968143498,1,0.27626855728397576,0.1605684608221054,0.16832949002136127
2021-04-22,-1.746268166340191,-0.4666240910049148,-1.172931199212581,-0.0633803154879441,1,0.25584327607892543,0.1605684608221054,0.16466939724852997
2021-04-23,-3.0,-0.7767196222671855,-1.298712021142654,0.0619356843562162,1,0.16240894375046597,0.21907010674476624,0.18303001308030267
2021-04-26,-2.446794356357445,-0.5682253487797052,-1.134499421281839,-1.467357763768005,1,0.17072807314216737,0.18769556283950806,0.29669702629370487
2021-04-27,-3.0,-1.0438091304975514,-1.501966328381524,-1.3684691382544716,1,0.12682783807690384,0.23741894960403442,0.2146976483828927
2021-04-28,-3.0,-1.08163904104968,-1.5403455890240247,-1.6993752172641985,1,0.11982542037742118,0.3143768608570099,0.30425211452343925
2021-04-29,-2.656212977889188,-1.0160399701359393,-1.4146330965941656,-1.164507667640348,1,0.15301875053228184,0.2096320241689682,0.24836510695593073
2021-05-04,-2.413582171116168,-1.001389106813511,-1.6511234121506106,-0.927626503986018,1,0.15996368667827707,0.2096320241689682,0.24127338975238674
2021-05-05,-2.588323893144058,-1.2061276908248548,-1.4999914226067488,-0.6012054041717926,1,0.16586567852148815,0.17608946561813354,0.24144759102531207
2021-05-06,-1.9984240557425124,-1.019254593205459,-1.3259358430436423,-0.4395578099144725,1,0.21949491060452025,0.1940748393535614,0.14909820300867127
2021-05-07,-2.1459019854882846,-1.2968505053866386,-1.5513954867452069,-0.400110475094774,1,0.19766600859303238,0.1625097393989563,0.1500315374993064
2021-05-10,-2.536831126853166,-1.5846641630650882,-1.515982043008682,-0.2126343036574175,1,0.17995830659471546,0.165275439620018,0.23352089166722712
2021-05-11,-2.232890528413068,-1.440106834374009,-0.9504898068168944,-0.3337723972775477,1,0.23374402860736984,0.163459911942482,0.15475188745525137
2021-05-12,-2.0335822280523885,-1.478427374903699,-0.9267347299163988,-0.1418734874098346,1,0.29284118339707105,0.1972591131925583,0.18877138281775313
2021-05-13,-1.443624111145951,-1.3819417970107668,-0.1551746190773482,0.067280062387012,1,0.4083918596115301,0.15674912929534912,0.15229397986902743
2021-05-14,-1.680728328674637,-1.4774704910222831,-0.199680846242366,0.003474100238887,1,0.38364477099900707,0.14758867025375366,0.15229397986902743
2021-05-17,-1.5863660488182705,-1.5024872913333698,-0.1264839862379476,0.0473191682946206,1,0.3987906879304038,0.14758867025375366,0.15229397986902743
2021-05-18,-1.9875982435549864,-1.663129288855145,-0.1000521580583516,0.2664179780902982,1,0.3795890593816809,0.14758867025375366,0.1525973904628869
2021-05-19,-2.210760574308626,-1.8326737237224389,-0.2460025783258048,0.0738604011850323,1,0.3424102904925272,0.1600569188594818,0.16137059698177147
2021-05-20,-2.089290801170839,-1.9335091400866955,-0.1219081217359323,0.0715228632640458,1,0.36093734408403766,0.14758867025375366,0.1489447697565037
2021-05-21,-1.9337935521370837,-2.1006977323626854,-0.0348612891310454,0.291880519525022,1,0.3877083000171655,0.14758867025375366,0.1525973904628869
2021-05-24,-1.4658727571767014,-1.7509482494176671,0.2878271204692967,0.4535709185166142,1,0.4615368679834649,0.1752040833234787,0.14494067325566004
2021-05-25,-0.9076079652963548,-1.543582013240007,0.6349078736643392,0.3938042562409291,1,0.5359817013059792,0.32334110140800476,0.24827248114784625
2021-05-26,-0.7323337599537947,-1.7167654436137552,0.723231932960591,0.2755466949781514,1,0.5515492824015037,0.3529999852180481,0.2897822103492606
2021-05-27,-0.7253486400963711,-1.718988542150417,0.5782787155741209,0.3931786096108614,1,0.5435622672915268,0.3840377628803253,0.31244870659874796
2021-05-28,-1.05938094299971,-1.86552002658452,0.7493647728306156,0.582299966593463,1,0.5409872897969463,0.3038845658302307,0.20365908601990104
2021-05-31,-0.5811628095250236,-1.7175772936345857,0.8328692818260273,0.4562040635315805,1,0.580756965000788,0.4051458239555359,0.37699349938138343
2021-06-01,-0.3659328815436097,-1.646326857490184,0.6470229148899735,0.3665124945477507,1,0.5766547833885304,0.5421254634857178,0.5085690799740825
2021-06-02,-0.474229843602039,-1.5004984072717154,0.7387625846068899,0.4375746255383715,1,0.5807727034957085,0.5421254634857178,0.5085690799740825
2021-06-03,-0.1887579175185008,-1.650839806241263,0.7807638746327181,0.5846787349339871,1,0.6109838317792408,0.5639670491218567,0.53107536816345
2021-06-04,0.648361140505321,-1.120962476482157,1.20276866597225,0.5812756571249972,1,0.7072694345251587,0.7528358697891235,0.702265341891327
2021-06-07,0.8017273725583842,-0.975368690331654,1.2438750924866686,0.2262838689265336,1,0.7084691563700338,0.7868736982345581,0.7766108516783076
2021-06-08,0.3848856036467713,-0.8286770008300678,0.95295938615487,0.3251139134419925,1,0.6615617898629021,0.7740747928619385,0.7698993027165613
2021-06-09,-0.8009322855514084,-1.2152425862946938,0.5082986116709491,0.2493573257309438,1,0.5282752026907339,0.49148228764533997,0.46467917550683907
2021-06-10,-0.5223704451424439,-1.2892403586271826,0.5261588667052637,-0.7812040807946965,1,0.515802846306451,0.5292921662330627,0.5462133094261614
2021-06-11,-0.5859424119869252,-1.5900505808571954,0.4424846995489148,-0.5434075299310351,1,0.5170055673591419,0.4376886785030365,0.40460394491748064
2021-06-14,0.0059551679664227,-1.0496456837338703,0.5748395611934923,-0.2112198219608967,1,0.5893146695169169,0.7761780619621277,0.7790713844301573
2021-06-15,0.4099985710793434,-0.979222964972429,0.6260737307231906,-0.2303358125509139,1,0.6240978081014152,0.7758862376213074,0.7790713844301573
2021-06-16,0.6852139432845608,-0.8337570175634131,0.6035307676429649,-0.1795273007252572,1,0.6446019978836648,0.7825855612754822,0.7790713844301573
2021-06-17,0.5697933565719746,-0.852659096167415,0.6407017898605512,-0.0783338908491224,1,0.6436899859040994,0.7825855612754822,0.7790713844301573
2021-06-18,0.9557230885454334,-0.8632409368836792,0.7400715562750121,0.1881596709206603,1,0.691628906936099,0.8222922086715698,0.8083234407975908
2021-06-21,1.145476324652544,-0.7945752225884553,0.7144917167155985,0.1561240755516135,1,0.7011312118920425,0.9003424644470215,0.8832313213106741
2021-06-22,0.7805280979366387,-0.565274234657218,0.7137362882796235,0.2251379917741335,1,0.676802520304782,0.8025538325309753,0.7747542357700657
2021-06-23,0.6273227703205131,-0.5741513644631806,0.9103952001733804,0.2496667697334065,1,0.6823907076994481,0.7972132563591003,0.7621740846802069
2021-06-24,0.1386761922504284,-0.7418809874196386,0.6480257291792441,0.4413067477689504,1,0.6345697797212718,0.7797447443008423,0.7578817035809834
2021-06-25,-0.1453661904766281,-0.8265510662514991,0.4614846485703451,0.2622013336127978,1,0.5885009874854813,0.7726014256477356,0.7472847567648243
2021-06-28,0.0113623679490324,-0.911313726587713,0.2495208861051783,0.2959888419008817,1,0.584689295638892,0.765686571598053,0.7472847567648243
2021-06-29,0.3404646223348299,-0.8369287261854118,0.1509061538798397,0.3929060847683651,1,0.6063476027948136,0.7725442051887512,0.7446224130729685
2021-06-30,0.2074599703081594,-0.92420185302169,0.4819181648898542,0.3723563004859416,1,0.6239109944206337,0.765686571598053,0.7472847567648243
2021-07-01,-0.0928908150489212,-0.8568486582044929,-0.2942626131809321,0.5463926035709717,1,0.5397603317377068,0.7762536406517029,0.7445547270143814
2021-07-02,0.1032019790733802,-0.879374709904303,-0.4354429595486552,0.5270383808030845,0,0.5423572960093584,0.7148085236549377,0.6944178189392948
2021-07-05,-0.091528944634603,-1.0705256669352714,-0.7861411007498743,0.5533889040169724,0,0.4974446787137369,0.6573883295059204,0.6779068019079936
2021-07-06,-0.6383225599793182,-1.355816622267558,-0.763908734009566,0.6279292628586113,0,0.46025799048544924,0.5437896847724915,0.6051328318278996
2021-07-07,-2.317521773530049,-1.82230518907664,-1.6202254002353134,0.305868514904359,0,0.2549326281637972,0.6497161388397217,0.5669319220496379
2021-07-08,-1.8970465564681684,-1.63190003646691,-1.19082355201798,-1.8068485948949184,0,0.23080906151002606,0.30051666498184204,0.3386736632196504
2021-07-09,-2.098522359910085,-1.8140055549036844,-1.3832998691527294,-1.4423864729002631,0,0.21965975588646128,0.28955310583114624,0.37066282556430596
2021-07-12,-2.7941493342133144,-2.4393439478415098,-1.7473838157747383,-1.1628214241385533,0,0.17569812631256929,0.124550960958004,0.11084162506827845
2021-07-13,-3.0,-3.0,-2.1878206056667966,-1.509211202927855,0,0.1366482502572986,0.1306067407131195,0.12088094603711558
2021-07-14,-3.0,-2.708234101615018,-2.1964839150676068,-2.7685279274344152,0,0.10771381592547023,0.06333036720752716,0.10719065630487867
2021-07-15,-3.0,-2.492311851377485,-2.275148955461182,-2.2190266522754296,0,0.1157410330061461,0.20350587368011475,0.19359487698573424
2021-07-16,-2.9562546824318976,-2.2857444258008,-2.2438984492271694,-1.9187771637214204,0,0.12471563161475688,0.2926560938358307,0.37878243084341523
2021-07-19,-2.7142512897446145,-2.173497431181003,-2.250838776425312,-1.6071126569027074,1,0.13975595198790708,0.3748137652873993,0.46806986028393155
2021-07-20,-3.0,-2.914851258782996,-2.3539180621544102,-1.1426931751185976,1,0.13784329656539374,0.124550960958004,0.10628503139987253
2021-07-21,-2.9853298911152377,-2.3603497279287518,-2.1316102342007306,-2.353844165451649,1,0.11891841938304591,0.40668240189552307,0.397744467406182
2021-07-22,-2.843225748543821,-2.49902644175237,-2.1169015980961623,-2.0431592081306493,1,0.13139372708266608,0.20350587368011475,0.19359487698573424
2021-07-23,-2.127284921912765,-2.051150267256401,-1.923105317462498,-1.4334228258381494,1,0.18494728630599205,0.18402504920959473,0.22240047751048364
2021-07-26,-2.4493251705929078,-2.119143374779749,-1.883132895662192,-1.345442495462583,1,0.17629027326761143,0.4106157124042511,0.34824274016558576
2021-07-27,-2.1304095974328123,-2.105436989804709,-0.7719720905937087,-1.3393827808593048,1,0.26683977203950526,0.2638113796710968,0.32268369827001464
2021-07-28,-1.956396069273849,-2.033609843742469,-0.5903813130762466,-1.007801782048744,1,0.3056866431640117,0.24732555449008942,0.23359124745464893
2021-07-29,-2.0472589534141976,-2.258608242504379,-0.6591877647608234,-0.6840753486331885,1,0.3093923908206608,0.21234604716300964,0.23316647965627896
2021-07-30,-1.7669070515178635,-2.2757814938583234,-1.050382541026217,-0.4561340681597631,1,0.30417477157931483,0.2827202379703522,0.21465989459296042
2021-08-02,-1.432299688366342,-2.4029758381275026,-0.087325584782843,-0.3304220105681744,1,0.4198898829198437,0.19587138295173645,0.19662898411253726
2021-08-03,-1.3817814573356717,-2.345291308628473,0.8115467800748858,-0.2907711811567328,1,0.513150850873173,0.21130062639713287,0.2162511858446988
2021-08-04,-1.234717404681482,-2.1921695876010507,0.7628306834563606,-0.0354364580211925,1,0.5318125222805786,0.25357505679130554,0.27876109430265633
2021-08-05,-1.134211101806271,-2.1180654113812567,0.8056258081946405,0.1134606606860532,1,0.5507156148964484,0.3941066861152649,0.3552666112906815
2021-08-06,-0.8385346667567578,-1.9337104129295744,0.7954710463354994,0.2847417921055319,1,0.5790104952247916,0.514399528503418,0.5204301173040734
2021-08-09,-0.9241334379614956,-1.936751125277732,0.9333081707311268,0.2857845804238876,1,0.5695235915839113,0.5683164596557617,0.561892427297995
2021-08-10,-0.3501919570058561,-1.8370534320251364,0.9756851698692388,0.4395437637041841,1,0.6082121789755305,0.6589546799659729,0.6801182328793948
2021-08-11,-0.193599387954954,-1.326915651139556,1.0140880911424488,0.1828870820619669,1,0.6197908005712968,0.5952956080436707,0.559528225118618
2021-08-12,-0.4291816832901806,-1.4433068818250403,1.1089512298383004,0.2902381238874368,1,0.6199670424093735,0.6335511207580566,0.6688248416503955
2021-08-13,-0.4552661664373452,-1.2326042796693728,0.9024396640575556,0.2933487405254668,1,0.6013530775939776,0.6924747824668884,0.7787282022597359
2021-08-16,-0.3279767189447047,-1.2369442696144712,1.037587217219282,0.5209863633459754,1,0.6284295398056752,0.6620949506759644,0.734545232149253
2021-08-17,0.1223307280925348,-1.239438662939517,1.0483820970403432,0.6052986451872392,1,0.6525847231710211,0.6153410077095032,0.6975279432069936
2021-08-18,-0.1426521023775175,-1.4648245883315556,0.9804251620473712,0.4207033353134926,1,0.6241284179933088,0.6589546799659729,0.6779697820474325
2021-08-19,-0.1343893122029066,-1.581395722803394,1.079236103949581,0.3898552849212561,0,0.6314741189646507,0.6335511207580566,0.66663771853537
2021-08-20,0.006372060673559,-1.3576271274935665,0.8330080813056062,0.5698774342123001,0,0.6228018682180111,0.7002594470977783,0.6277644977033469
2021-08-23,-1.112076605933731,-1.590163233614604,0.493954520612455,0.6288432713707233,0,0.5315382825840241,0.27130523324012756,0.2827558777733954
2021-08-24,-1.9048214401292531,-2.0510029211103302,-0.7120779603648978,-1.015073445368805,1,0.3080395207641666,0.22973482310771942,0.27860073008709946
2021-08-25,-1.999309372057005,-2.1592369861404013,-0.8683533002601811,-1.6636672710328333,1,0.2703980560513958,0.3421528935432434,0.40873177447517983
2021-08-26,-1.6618414578158975,-2.02903548426868,-0.7991500216549217,-1.2796774505989417,1,0.30284288974975515,0.31339460611343384,0.2923194440540277
2021-08-27,-1.6153716245556775,-2.3637821903076266,-0.7151356979869565,-0.9872381018002346,1,0.3159802204178514,0.24651040136814117,0.2698288577144444
2021-08-30,-1.0096041250536356,-1.8842062088778664,-0.6158974343009169,-0.5456716470775114,1,0.37415685088501766,0.2607356607913971,0.35218704689295954
2021-08-31,-0.4545269652195598,-1.2936664131295723,-0.6619980165840511,-0.6072753617449989,1,0.403584930544446,0.5008382797241211,0.5657053630766699
2021-09-01,-0.3882138521385284,-1.0556521057998007,-0.6495193081900743,-0.6321028973109978,1,0.4113685162804462,0.590294599533081,0.5944302356546581
2021-09-06,-0.272119215794529,-1.056535406673609,-0.4577424471233572,-0.302123864444778,1,0.44833741800981786,0.5845632553100586,0.5854708097500368
2021-09-07,0.117959677469661,-0.6964914620653231,-0.0355785206873576,-0.0630129924128159,1,0.5275309254627044,0.7645435929298401,0.7508347765791243
2021-09-08,-0.4861017845219375,-1.1810522079944592,0.2984771833373209,-0.0686592434760793,1,0.5247148841147348,0.6276401877403259,0.647006525122199
2021-09-09,-0.7012007700552226,-1.4236247573331888,0.5758107403506425,-0.5081817493437567,1,0.5176084855811275,0.38198718428611755,0.42816453144729816
2021-09-10,-0.3912083546814794,-1.1791778602896072,0.3654649981480674,-0.3623916868341178,1,0.5278979402529521,0.6702257394790649,0.698754319927366
2021-09-13,-0.4386471555734126,-1.055489040582561,0.4650120536972153,-0.2414344732918336,1,0.5382665526449951,0.7315024137496948,0.7372525237111904
2021-09-14,-0.7543905560810955,-1.055552716714084,0.157789051618784,0.0797186265244526,1,0.4993779164025369,0.5871200561523438,0.723742125829926
2021-09-15,-1.0116892852184998,-1.5547174000729167,-0.3993397877044653,-0.003643938245356,1,0.4260816272216412,0.27481916546821594,0.2974540777563145
2021-09-16,-0.7021683688005286,-1.5510707794467389,-0.3575440487262563,-0.0172567211168245,1,0.45244891246939106,0.5090805292129517,0.5040887072275758
2021-09-17,-0.6770708127862498,-1.1678562438909443,-0.1102634570938284,0.0659289043090742,1,0.4802237539413602,0.5841208696365356,0.549191659435352
2021-09-20,-0.4413834008069446,-1.0396629163191735,-0.3388174581636635,0.3404075164049172,1,0.4884334987047122,0.6180445551872253,0.6219207833011621
2021-09-21,-0.6354193795565022,-1.2926767602683933,-0.4247652470535359,0.4171752941816813,1,0.46897304068429396,0.6028464436531067,0.6408317831499253
2021-09-22,-0.737209701241438,-1.4160526431450051,-0.2722983781127301,0.4494702845144555,1,0.4764257207655826,0.4847775399684906,0.49539511431737554
2021-09-23,-0.3386663621205539,-0.8985660467594564,-0.4386026171925187,0.5881372137206815,1,0.4972155272343265,0.6242832541465759,0.6194978386540868
2021-09-24,-0.5153939460430733,-1.0266069278506074,-0.2644412221365806,0.5033902812424802,1,0.4962221188353308,0.7415589690208435,0.7456482443193327
2021-09-27,-0.8011482728412822,-1.5420099873062556,-0.3356998605392974,0.556971883250791,1,0.4701516748569232,0.5752382278442383,0.5602432590645575
2021-09-28,-1.786015744036883,-1.662932991218874,-0.570013211857587,0.4364811788263486,1,0.37193758225995965,0.3197524845600128,0.3101330060008373
2021-09-29,-1.2869340126108015,-1.3958688673332935,-0.5284453209027424,-1.0163328595159304,1,0.35592277537784484,0.2423648238182068,0.23684437677682005
2021-09-30,-1.167543423476861,-1.2614702159567346,-0.9437208954308232,-0.8708423498017137,1,0.3352181198863773,0.27279776334762573,0.2551898871632305
2021-10-01,-1.0649839805905907,-1.5177813808769314,-1.0289307049101395,-0.4695059551886368,1,0.34988530157062353,0.25269630551338196,0.22999600191471634
2021-10-04,-1.2103215103357672,-1.6367711541112362,-1.3856536499854586,-0.1222770844545997,1,0.32354434988702396,0.20269560813903809,0.20226566781606614
2021-10-05,-0.970656895022502,-1.6293486256315122,-1.0794182996276287,0.0219501194115935,1,0.3706333942849213,0.47854846715927124,0.4228947409852791
2021-10-06,-0.7340780667709806,-1.372459184511719,-0.5654849651957179,0.1857658291191967,1,0.4394822448194768,0.5584273338317871,0.5040887072275758
2021-10-07,-0.5194699506121337,-1.3673190413171776,-0.6243942259368646,0.3185231557439005,1,0.45562043488022036,0.5831839442253113,0.6014392591304252
2021-10-08,-0.3496532557401405,-1.235677787385344,-0.6652414679096671,0.4411166573642729,1,0.4933614012564764,0.5672234296798706,0.6365521826614343
2021-10-11,-0.3578075602827265,-1.2308192110739289,-0.4285649347910175,0.5739049037890438,1,0.5170618947949795,0.587449848651886,0.6049988592540144
2021-10-12,-0.0673860309373397,-1.0978495388260718,0.9921261323330144,0.8189839150913182,1,0.6593297536242038,0.6546552777290344,0.5861123549956901
2021-10-13,-0.0469613041389715,-1.0939290941347386,0.8025518768681219,0.7932205147062322,1,0.6465257663572483,0.6887072920799255,0.5910650302059394
2021-10-14,-0.0961804489878874,-1.09003600057938,0.6308621668783755,0.9733913159548084,1,0.6373065237576157,0.7434914708137512,0.6987730605213434
2021-10-15,-0.000819936072034,-0.7017826396446186,0.7574638304833742,1.1499082641349143,1,0.6563574009135804,0.8378732204437256,0.8682804500454921
2021-10-18,-0.036919953654043,-0.7010068644954751,1.0940188757685267,1.2173140460682197,1,0.679380013592663,0.8299639225006104,0.8659235860118003
2021-10-19,-0.1546231490472833,-0.699870269868592,1.2130288017471913,1.3708057969111709,1,0.6837440397768215,0.7995859384536743,0.8659235860118003
2021-10-20,-0.1992130212652725,-0.6979583726159043,0.5975685093175269,1.3986842394978027,1,0.6378741226948736,0.8282400369644165,0.8627770900902401
2021-10-21,-0.2384349784447391,-0.6972971813272308,0.4849466589146733,1.5098455499818848,1,0.630889088355113,0.8014450669288635,0.848807266002348
2021-10-22,-0.2318711038450223,-0.5649977828236311,0.5498838583021256,1.5207239407531077,1,0.634697906024366,0.8014450669288635,0.7839152928007318
2021-10-25,-0.0028238683681037,-0.698233042783925,0.8095864825991047,1.5207239407531077,1,0.6747599556088457,0.8122403621673584,0.7918182717154615
2021-10-26,-0.0943624688785831,-0.5646196548684155,0.8708428127878246,1.5207239407531077,1,0.6694024842029821,0.8122403621673584,0.7918182717154615
2021-10-27,0.1070631781035809,-0.4308576573750324,0.3139060729557817,1.5207239407531077,1,0.6455363571262509,0.8014450669288635,0.7765170876012844
2021-10-28,0.629198705380902,-0.4315792683707561,0.3357197311651979,1.503388492746205,1,0.69055875074481,0.8928272724151611,0.9006747306454984
2021-10-29,0.8845418032014277,-0.0259540274766153,0.4622671514239174,1.136488651715103,1,0.7000313724381932,0.9069210290908813,0.9224370900243372
2021-11-01,0.8569990306363676,-0.0296145670319494,0.7405172944950338,1.038936268176422,1,0.712302752882468,0.9069210290908813,0.9254683877715276
2021-11-02,0.8916108365708361,0.1055538643815667,0.3747466447564173,1.153233710771063,1,0.6936825571353871,0.9031485319137573,0.9154907098309257
2021-11-03,1.291075851015112,0.79845234984539,0.917784482666434,1.1973526863941175,1,0.7510064683259646,0.9385068416595459,0.9240952697698833
2021-11-04,0.5018580584001144,0.6539948640723949,0.6864215536328245,0.9431499546003148,1,0.6666254296042929,0.6877347230911255,0.6765267869844783
2021-11-05,0.7111579005336244,0.6490834524967238,0.8447352991311985,0.1006523432642214,1,0.6614613232438843,0.6408583521842957,0.6604455828469723
2021-11-08,1.0281845764199438,0.5002639842229087,1.002563732956934,0.1964722834474758,1,0.691709092222469,0.7254054546356201,0.7046686233190864
2021-11-09,1.4056059847652531,0.7794935385090315,1.2203742618636395,0.1892348357997704,1,0.7280300831477776,0.7974289655685425,0.8359008749853934
2021-11-10,1.3195908264956768,0.6278339381012399,1.2008736440682848,0.1224584116606426,1,0.7203784524897432,0.7974289655685425,0.7924093534908048
2021-11-11,1.490068613096063,0.6201230183648051,0.9627438235990088,0.3858246766305756,1,0.7330695946640516,0.8153018355369568,0.8359008749853934
2021-11-12,1.4532333220780835,0.7564144539734834,0.8841824761243493,0.4275882497640662,1,0.72486966182536,0.8153018355369568,0.8359008749853934
2021-11-15,1.6213050445037271,0.7465018281578966,0.8557010824765767,0.6047217581880179,1,0.7445768180437108,0.8153018355369568,0.8359008749853934
2021-11-16,1.610543059828996,0.7366918462643716,0.787899595820799,0.6031586046628296,1,0.740296979553476,0.8153018355369568,0.8359008749853934
2021-11-17,1.1969550458846905,0.5819131925796205,0.5189960238910784,0.7280920437518439,1,0.7019574225132096,0.7997348308563232,0.8235291744242217
2021-11-18,1.2676691346638351,0.7199745421536681,0.4866828149912363,0.5700570976239729,1,0.6948465747625763,0.7800852656364441,0.7916872632686454
2021-11-19,1.2974337440687755,0.564693729351229,0.2333710661600118,0.6630800189471395,1,0.6906657760409788,0.6203505396842957,0.6023129501916841
2021-11-22,0.6334853581217891,0.5574157378252814,-0.0467650827658881,0.7627651104105014,1,0.619757608516066,0.5731335282325745,0.5491591138399868
2021-11-23,-0.194189416240895,0.4033088671164836,-0.5759563271309603,0.1335767619524185,1,0.4710412448201241,0.5073007345199585,0.4961346553638512
2021-11-24,0.2190841117092332,0.5484053222637918,-0.4372415735572603,-0.7262399315273559,1,0.4665334308494004,0.36947154998779297,0.44462269782953306
2021-11-25,0.5779161576509647,0.5453143863927141,-0.0879545149604284,-0.6330199391155888,0,0.5316113308328655,0.5750204920768738,0.604355714144458
2021-11-26,0.9191269443517158,0.3958383555866496,-0.0124823329168599,-0.5231103975971122,0,0.5803684616420974,0.6562613248825073,0.6216885450415806
2021-11-29,0.4941132435534293,0.5445665937921084,-0.3601862512197163,-0.4288582152912598,0,0.5165594775995855,0.36665552854537964,0.4342573693482514
2021-11-30,0.4156309054590704,0.3921412340215806,-1.0324572919559885,-0.4784202342986892,0,0.4634345817368701,0.40484118461608887,0.388501745448125
2021-12-01,0.4436056467862243,0.2421173538879995,-0.8052087820370291,-0.0863157002612546,0,0.5092312253019164,0.383555144071579,0.37855297006833805
2021-12-02,0.4942913830768832,0.394535118616439,-0.8244553221076631,0.1906525662360837,0,0.5250204184667915,0.40007370710372925,0.3733257251503205
2021-12-03,0.340035261342687,0.39417658493706,-1.024974701486267,0.4090391429143777,0,0.5088417393425503,0.40298303961753845,0.3832218382831926
2021-12-06,-0.7219147043687358,0.2421791610912693,-1.8403536885619216,0.5711978523571697,1,0.36492435270777257,0.45287778973579407,0.3788314656846493
2021-12-07,-1.6098774076490252,-1.732844819543661,-1.867608022279184,-0.97321443335012,1,0.2649238857114731,0.21258772909641266,0.20005359001082765
2021-12-08,-0.820911110670771,0.1072546295736554,-1.7996130771493348,-1.8442916068316857,1,0.22182176774236015,0.5261090993881226,0.5387996643073397
2021-12-09,-0.6717682969225789,0.109692164885466,-1.827335020427687,-1.7838668489194471,1,0.2320977017662005,0.5261090993881226,0.5995365092328595
2021-12-10,-0.2595329456528821,0.2675598189523879,-1.6204501375403413,-1.248237079526274,1,0.29627293588792214,0.4036744236946106,0.35417903685114605
2021-12-13,-0.2024461836324313,0.4273284416741209,-1.3871644526208302,-1.0138789209760042,1,0.32489096606264706,0.3563459813594818,0.3742875071818404
2021-12-14,0.2304006000785403,0.5893423071191916,-0.5550833194219432,-0.5568738546546469,1,0.4438925991066708,0.3951711356639862,0.38545981885115566
2021-12-15,0.1914128009461479,0.7489209420139937,-0.8658508722491631,-0.4655240016284817,1,0.4180534002545251,0.2892645001411438,0.29430487815918843
2021-12-16,0.065091484440469,0.7499017069255968,-1.0282101890400397,-0.0415717497666845,1,0.4251149431868693,0.2892645001411438,0.2886394039959109
2021-12-17,0.2441231630747744,0.7522253944338464,-0.7887560047379942,0.2224483550098344,1,0.47664388606970365,0.23816105723381042,0.24697749931326937
2021-12-20,0.2086097316882521,0.2827635790241612,-0.0514760834323452,0.381745434591942,1,0.5583182417682905,0.6302558183670044,0.6236688175011196
2021-12-21,-0.0025417724130869,0.1313006555679491,0.5885586302762522,0.6750347361173133,1,0.6141486359230596,0.6576626300811768,0.5937075155144684
2021-12-22,0.231264816812915,-0.182963958151068,-0.108915602282406,0.7094051552605602,1,0.5955096504895112,0.7408916354179382,0.7414455626982923
2021-12-23,0.2202269660507086,-0.1742298284085362,-0.1676330053418454,0.7527762206512132,1,0.5929716266211577,0.7286581993103027,0.7379547623107495
2021-12-24,-0.1913082190140555,-0.6525109645573643,-0.467452469859433,0.9703186567835472,1,0.5693512245922655,0.7834454774856567,0.8409471585036395
2021-12-27,0.0589121175806356,0.0110125275599315,-0.0493642118904072,0.6562054155535177,1,0.5752212644893634,0.7235974669456482,0.7139255461032666
2021-12-28,0.2949849732002713,0.3479119418697305,0.2347693380096678,0.7081769098524262,1,0.6069095149032376,0.6364645957946777,0.6332711243198167
2021-12-29,0.5138394342157523,0.1911077663266832,-0.0228085428736539,0.7573012282775337,1,0.6145555808892392,0.6234679818153381,0.5739814609256263
2021-12-30,0.2800307265044456,0.2001423331298173,0.3603535799293183,0.7986312983932023,1,0.6260448965241001,0.6282806992530823,0.5597164592998198
2021-12-31,0.1946074749550251,0.041417832049595,0.2980314863969633,0.7990730043670023,1,0.6203695045453848,0.7126397490501404,0.7208782441537037
2022-01-04,0.3011981339180978,0.2184921729907638,0.6139947298525488,0.9723414460988764,1,0.6562670466254402,0.7767083048820496,0.737190428959569
2022-01-05,0.8345337445658549,0.6915199765967076,0.8932858390265668,1.071842336695075,1,0.7047005171306183,0.8550195693969727,0.8535755409605776
2022-01-06,0.8789794324895908,0.3435860943497599,0.6541692030343129,0.8284116088312043,0,0.6895832553861565,0.6996985673904419,0.693725688642857
2022-01-07,0.932793509476873,-0.0057608585515766,0.4839554310777973,0.9780408322500068,0,0.7000390543745492,0.9231798052787781,0.9117887590098361
2022-01-10,0.8841609180118982,0.005677627506248,0.933999622612966,1.094309573542593,0,0.7292002098576442,0.9041389226913452,0.9029485109471936
2022-01-11,-0.1287416579476728,-0.1654059398186012,-0.446066340576242,1.2579830045447185,0,0.5768818752631615,0.8093122243881226,0.8358680319295857
2022-01-12,-0.5562482525050026,0.0338399109534794,-0.7116126864049402,-0.0755289633653376,0,0.42375692605777315,0.685957670211792,0.6775809804218811
2022-01-13,-0.5422929656591459,-0.5160250484762602,-0.6635066717568489,-0.1940800557548723,0,0.43470481554908974,0.7294229865074158,0.7413306305415179
2022-01-14,-1.342701746332437,-0.1237725652157695,-0.7558581856500485,0.1740664243394503,0,0.3763145649740981,0.4506203532218933,0.4774555575713849
2022-01-17,-1.3078012757343254,-0.4927564698162276,-0.4218978997160094,-0.5390523267992058,0,0.3642430377124159,0.3381630480289459,0.42349759653870306
2022-01-18,-2.837875439917312,-2.381556435950025,-1.6179989385867437,-0.1027779099089682,1,0.2492319104029918,0.10987000167369843,0.232086703832745
2022-01-19,-3.0,-3.0,-1.8363891557543648,-2.198614975570234,1,0.14936346400593137,0.1829785704612732,0.1502892913913496
2022-01-20,-2.7876727647601744,-1.3486503581631724,-1.857444897558292,-2.15799306904908,1,0.1372068077683287,0.7440067529678345,0.5934084769917342
2022-01-21,-1.9997583564181056,-1.5199267144458055,-1.4200820966713328,-1.6192956763054955,1,0.2188308624363225,0.2867332994937897,0.317382852901945
2022-01-24,-1.9105651466095053,-1.6891899422394945,-1.313832958030957,-1.4471700584437666,1,0.24140039774074637,0.2867332994937897,0.317382852901945
2022-01-25,-3.0,-3.0,-1.7099900163093655,-0.8884115302630149,1,0.20787933691665325,0.11732061952352524,0.09494253484923745
2022-01-26,-2.21266037603519,-3.0,-1.6430844121240469,-2.266533540415875,1,0.19291994643128513,0.3306594789028168,0.3059842235319493
2022-01-27,-2.2260988927690897,-3.0,-1.7802273115945415,-2.0275035869314078,1,0.19650474799905387,0.3290821611881256,0.3095206884835682
2022-01-28,-2.3080441936997387,-3.0,-1.480893416063228,-1.4729789050737736,1,0.23214375817991187,0.18621826171875,0.22868640209038477
2022-02-07,-1.968518531629452,-2.4326145385897493,-1.3283470151269643,-1.1109076337724662,1,0.2698666704094711,0.20376268029212952,0.22868640209038477
2022-02-08,-1.244786186844281,-1.3606969863337897,-0.1316243557881704,-0.7531704752124664,1,0.3968662929428503,0.27968674898147583,0.2952618816248489
2022-02-09,-1.0575343570274958,-0.8327033037968908,0.8542106125490232,-0.7888876006521568,1,0.4653630514730414,0.40374258160591125,0.4443515403013627
2022-02-10,-0.7832791464440254,-0.4810381846619838,0.5867088191127389,-0.4827620490910355,1,0.48179028713631666,0.7334046959877014,0.7436350606336077
2022-02-11,-0.7008406358096085,-0.3117557007977086,0.6591815328874594,-0.2780067263785128,1,0.5108398584128085,0.6791688799858093,0.711285546158603
2022-02-14,-0.7493234110723973,-0.1395523076858836,0.3881985423037916,0.0441700519317081,1,0.5039766081937002,0.7199150919914246,0.7491972867629954
2022-02-15,-1.2867679508197785,-1.0209455240722225,0.9985933770196996,0.3501624893206883,1,0.5371869766382258,0.38865354657173157,0.37643364555839043
2022-02-16,-0.8970632018010253,-0.8339820373846266,1.001639993320248,-0.2871776089227601,1,0.527685417142251,0.6711080074310303,0.6128407248436916
2022-02-17,-0.5504245909797197,0.239961654299895,0.9528441324697324,-0.174654120597355,1,0.538482239275967,0.6248378157615662,0.649131226986814
2022-02-18,-0.3908464914831809,0.4119874423297027,1.1007405239022,-0.0445774629457785,1,0.5645956177948526,0.6617568135261536,0.586680354887159
2022-02-21,-0.2342246653721069,0.2316052257043761,0.9784081398402442,0.2315978627961303,1,0.586052111607191,0.6523052453994751,0.6256319211312213
2022-02-22,0.0284565209866571,0.775293698847498,1.427611702294924,0.4786685996377999,1,0.6381290719724757,0.6679348945617676,0.47975058002399934
2022-02-23,-0.2922355544418684,-0.2897991916004795,1.1970238499232566,0.5820604941907922,1,0.6233009673315439,0.7141933441162109,0.7164014866027131
2022-02-24,0.0383970527231535,0.4475801946451286,1.3222273688714046,0.3622637748713893,1,0.6312429046618959,0.6523052453994751,0.635288300860514
2022-02-25,-0.4415673140549916,-0.8151832002348345,1.1177903785012249,0.4122101155360476,1,0.6069766824793774,0.7258561849594116,0.7225450702387302
2022-02-28,-0.2467764943091363,-0.8024202710486518,1.0800861174866994,-0.1365956975024586,1,0.5887081073464445,0.7068241834640503,0.6871721579694519
2022-03-01,-0.3475225067782093,-0.2385777264334455,0.9669388727117064,0.1590715205076331,1,0.5807977289571568,0.7206072807312012,0.7314301169007695
2022-03-02,-0.0914048586897063,0.1390812419588968,0.7252187538301117,0.4323557259065477,1,0.5921685713625692,0.6523052453994751,0.6467792055842277
2022-03-03,-0.4440586456367917,-0.4109918959497377,0.3005304928115287,0.5610039091916454,1,0.5542510470811624,0.7199150919914246,0.7686920653445499
2022-03-04,-0.0186501619319108,0.1598141592524179,0.7093009568095867,0.2664585348649509,1,0.5870426179383644,0.6523052453994751,0.6467792055842277
2022-03-07,0.0205355952635111,0.3591001959522688,0.7731289013611594,0.2327855507933989,1,0.5890008204381678,0.6523052453994751,0.6602369425124315
2022-03-08,-0.0388476051747525,-0.0052500899537232,0.2872320144790758,0.6248980212947989,1,0.5799548163257355,0.6455485820770264,0.6517299114393519
2022-03-09,-0.7484111183037208,-0.3760752950415612,-0.1426277518809384,0.9239510975491504,1,0.5213319124923357,0.8112037181854248,0.8273972996814797
2022-03-10,-0.6739848512488553,-0.5555805650551124,-0.462719899583561,-0.3322030498827094,1,0.438000456523676,0.6825509071350098,0.6844521419839584
2022-03-11,-0.5369799463305017,-0.5429356639582628,-0.2313058078875495,0.1457361821875529,1,0.49028108225425976,0.7225427031517029,0.7696103059618169
2022-03-14,-0.8385913472793832,-0.5286807686225211,-0.514552041734347,0.4774081485374263,1,0.469652935521421,0.6614857316017151,0.7471788692394414
2022-03-15,-1.3924633471129666,-1.863668622164882,-1.0885100654987747,0.2502518929574845,1,0.39350555802512854,0.281875878572464,0.2592866539545296
2022-03-16,-1.086608900638351,-1.6447593493225423,-0.9283239443849292,-0.5973707218678319,1,0.37844306216571616,0.43263253569602966,0.3592864265862481
2022-03-17,-0.8606154951236344,-1.2364718513535244,-0.6255988022874162,-0.2905118222916687,1,0.4262135896232346,0.6606501936912537,0.6240459397110019
2022-03-18,-0.7423699471504505,-1.0241180141751578,-0.2570195440459357,0.0443885596528909,1,0.47747386965734756,0.7552889585494995,0.7397297938940625
2022-03-21,-0.6765239509641666,-0.2206692611819093,-0.7817928302656421,0.440335148775868,1,0.45351458163112396,0.676020622253418,0.6922520421798851
2022-03-22,-0.1615846561695625,0.1902927158522071,-0.3753532900874046,0.8306691138787986,1,0.5328442620472773,0.48765772581100464,0.527985778897275
2022-03-23,-0.0144736862946265,0.2051000355529183,0.2514255933526287,0.6225594216366659,1,0.579283603150229,0.6794973015785217,0.6768768317246562
2022-03-24,0.1033118029122078,0.2200418489849292,0.6553064983214861,0.87249343866814,1,0.6288948843073724,0.7261806726455688,0.7333454996106323
2022-03-25,0.2376486655345982,0.2351236177131605,0.2723859165084037,1.1149579479966272,1,0.6199704081592459,0.7366909980773926,0.7495351271801178
2022-03-28,0.3000434068311749,0.0449882090857564,0.5993045661310717,1.2978638225758563,1,0.6577144077285737,0.743682324886322,0.7537037399058119
2022-03-29,-0.0265540335887532,-0.7697227009208871,0.664358915946909,1.5155101790685774,1,0.6619849624816446,0.7500511407852173,0.6893010417888626
2022-03-30,0.3438583662952693,-0.5494805979473902,1.071667754066799,1.1579725245306238,1,0.6911059217126151,0.7799239754676819,0.7649271317851878
2022-03-31,-0.1234887818940273,-1.1598867800460777,0.6437515119862248,1.0276205305128037,1,0.6351060988640493,0.7566611170768738,0.7596836814701867
2022-04-01,-0.1773008850918731,-0.5190670393969457,0.4377014631023958,0.4449683375182749,1,0.5816073396964491,0.7649688124656677,0.7621543167169063
2022-04-04,0.3267526330138607,-0.3760345166614325,1.1337472858550135,0.7776877062559915,0,0.6756878224797477,0.7722235321998596,0.7551376599467663
2022-04-05,0.3573617036540175,0.0444981769083551,0.7193806568923585,0.5572666014949431,0,0.6337632786940379,0.6873627305030823,0.6892419704945612
2022-04-06,0.215947373184204,-0.1476498847655927,0.77822442468404,0.8999329145214888,0,0.6485582949231868,0.8073797225952148,0.8056790298811572
2022-04-07,-0.0074338940692433,0.0716477736996001,0.4229807822811813,1.02907440675689,0,0.6145309480938312,0.7366909980773926,0.7572909315384073
2022-04-08,-0.6491575086690474,-0.5381301412015028,-0.3276778521241653,0.9575676405807968,0,0.5210610244682469,0.8171182870864868,0.8325047216490327
2022-04-12,-1.3221835966285187,-1.35469034934525,-0.3072914024220659,-0.1314047537386166,0,0.4331172122854186,0.30195382237434387,0.34960599829046785
2022-04-13,-2.0531029700665067,-3.0,-0.8197402940270841,-1.1725948326186717,0,0.3253829456913487,0.45360204577445984,0.4492629080145833
2022-04-14,-1.297891722330299,-1.8697353046725331,-0.7312804860388112,-2.2862252613620586,0,0.3143358982411132,0.41786494851112366,0.525890677871027
2022-04-15,-1.3216573899608708,-2.4298922189223515,-0.964058009003781,-2.1522770410574346,0,0.3058329175555227,0.44121184945106506,0.5048610769231029
2022-04-18,-1.5376415746649017,-3.0,-1.3471926795378613,-1.4661178840186424,0,0.3008095930950066,0.4154602587223053,0.35032494791539626
2022-04-19,-2.09275227504391,-3.0,-1.7991252207264723,-1.3003888528289018,0,0.25454973735025593,0.44981110095977783,0.37151029979887445
2022-04-20,-2.7573606409676503,-3.0,-2.183099112911292,-2.018833919686688,0,0.186229223002773,0.3000950217247009,0.2720427815189352
2022-04-21,-2.856946302389753,-3.0,-2.273409100149304,-3.0,0,0.15307768017456333,0.04997209087014198,0.07211064235314099
2022-04-22,-2.801329214349197,-3.0,-2.5738159784381747,-3.0,0,0.14249292396632793,0.04997209087014198,0.07211064235314099
2022-04-25,-2.7472674982682523,-3.0,-2.3837922477366957,-3.0,0,0.1515417579333798,0.04997209087014198,0.07211064235314099
2022-04-26,-2.696161391548359,-3.0,-2.5738159784381747,-2.6917251276355585,0,0.1526543217145818,0.04997209087014198,0.0944391781088762
2022-04-27,-2.656449425319265,-3.0,-2.519605107149934,-3.0,0,0.148477863178939,0.061822667717933655,0.07211064235314099
2022-04-28,-2.612298740879085,-3.0,-2.4786327285268563,-3.0,0,0.15134250134113142,0.061822667717933655,0.10883655634356268
2022-04-29,-2.5762888490878177,-3.0,-2.4431321528600365,-3.0,0,0.1537989634134629,0.061822667717933655,0.10883655634356268
2022-05-04,-2.1115401398325115,-3.0,-2.38571257360803,-2.586525565627898,0,0.18101328949203474,0.5381090641021729,0.3169059879062422
2022-05-05,-2.2105082341516016,-3.0,-2.338371342178501,-2.2013557291264045,0,0.191164820741283,0.5621378421783447,0.46794664708371864
2022-05-06,-2.148587170340236,-3.0,-2.0273281643374075,-1.958083891167304,0,0.21689214943806476,0.4940520226955414,0.3990513613626056
2022-05-09,-2.459976772348246,-3.0,-1.9980278101273024,-1.4293511618259478,0,0.22433103203479776,0.4011657238006592,0.3720232324495358
2022-05-10,-2.42254279551405,-3.0,-2.2283955504153865,-2.21427042213466,0,0.18924430484321525,0.509473443031311,0.46794664708371864
2022-05-11,-2.387215991640861,-3.0,-1.877470077797306,-3.0,0,0.18478442619852908,0.14629043638706207,0.17588493539465405
2022-05-12,-2.355473331372487,-2.9388818314132057,-0.9207225189519528,-3.0,0,0.23620577328357012,0.15329651534557343,0.16020446889408804
2022-05-13,-2.32320738115399,-2.877672219677237,-1.7088003069666464,-2.6075917207208064,0,0.20660120761490539,0.14629043638706207,0.3385424110127396
2022-05-16,-2.2911795559055945,-2.8196377710099125,-2.0699916761087453,-3.0,1,0.15489461982226352,0.06818391382694244,0.07151844419947215
2022-05-17,-2.25838414811106,-2.764513792858298,-1.92768909564705,-2.937678665665188,1,0.16501760960996753,0.06818391382694244,0.10468697853859535
2022-05-18,-2.227285183965165,-2.7120321875385542,-1.7455479072239402,-2.876702185576057,1,0.1778428417983477,0.08026700466871262,0.10468697853859535
2022-05-19,-2.188107858342503,-2.6619936918319587,-1.084090290780542,-2.818811673983618,1,0.22219449492595403,0.03969979286193848,0.08527264158332358
2022-05-20,-1.9898792805519712,-2.614250425587584,-1.2501793674091362,-2.7637301134163548,1,0.2177494380865444,0.03729468584060669,0.10513299066593883
2022-05-23,-1.7917053464975912,-2.5687066613905376,-0.9621482110854662,-2.164464732916169,1,0.26641647583516775,0.15727877616882324,0.28068639197767115
2022-05-24,-1.8866574896186807,-2.5251758836697964,-0.3367845171627063,-1.5380799417309932,1,0.3436767410421221,0.09854669123888016,0.11246792539272828
2022-05-25,-1.634406950858317,-2.483650818463864,-0.4906785438959874,-1.4847706600859254,1,0.3403346554114366,0.09084747731685638,0.11246792539272828
2022-05-26,-1.039880936051855,-2.332666018374135,0.2184611264294605,-1.0804080626948425,1,0.4460454858975243,0.21690315008163452,0.11609022101836826
2022-05-27,-0.9243219093536204,-2.2503073885529288,0.7413891868052106,-1.2718445625608883,1,0.49152061619132215,0.2734471559524536,0.21659624114497966
2022-05-30,-0.7186111136848904,-2.132597033916841,1.2704149622290468,-0.7972848641891925,1,0.5754703687809899,0.47868800163269043,0.44769639568817804
2022-05-31,-0.5603895197786545,-1.9829835199943044,1.348266726575963,-0.5319193642863839,1,0.6028114773949621,0.4446503520011902,0.42989943335847675
2022-06-01,-0.5412910514222858,-1.964538729299199,1.0882055152854322,-0.2623922949236963,1,0.5927467203133588,0.4592490792274475,0.455036497213494
2022-06-02,-0.4596090048555908,-1.8277711593472887,1.1369168166486208,0.0306798446470502,1,0.6159439970102811,0.5092231035232544,0.4781097321139031
2022-06-03,-0.5428390768370032,-1.815783388773603,1.2906483760749403,0.2939368568785149,1,0.6405275005456237,0.5092231035232544,0.4349071350423717
2022-06-06,-0.5045776014789833,-1.7649769702480704,1.381729246419951,0.2628534603061074,1,0.6488224864321118,0.5275134444236755,0.4349071350423717
2022-06-07,-0.5377975102821131,-1.8286743329817872,1.5302996299403482,0.5105858204974137,1,0.6719457856197174,0.47622519731521606,0.30818833149807606
2022-06-08,-0.4736322688123178,-1.5919336882452433,1.4927751443399546,0.5569871069344948,0,0.674932544421311,0.5583882331848145,0.4149373588414183
2022-06-09,-0.121262801660348,-1.4783635549730574,1.5049497508359655,0.762993511739536,0,0.6960877215136226,0.5355132222175598,0.44396191818929776
2022-06-10,-0.00700654551912,-1.442919507844321,1.5819347448364849,0.5294457130266578,0,0.6955046276033648,0.5476816296577454,0.44823965970117907
2022-06-13,-0.360255261299182,-1.5160555478004156,1.5424162161504138,0.656736881670025,0,0.6875709828902186,0.5476816296577454,0.4018686407843039
2022-06-14,-1.0248495493466228,-1.6187536912102938,0.9263266745494416,-0.1614469905700613,0,0.5691599363477111,0.44379642605781555,0.42713322104124085
2022-06-15,-0.985049496710264,-1.5757728554954145,0.7339827335773587,-1.9466662341004977,0,0.47148127042886295,0.5138335227966309,0.47898089818792683
2022-06-16,-1.214216778505356,-1.6361116204107211,-0.2342530314896767,-1.3617873831128071,0,0.40330922749521914,0.3123931288719177,0.2863357974447848
2022-06-17,-0.9640533216223922,-1.4230908233711987,-0.1655183654010338,-1.5402651096661897,0,0.4099460070316002,0.5380585193634033,0.5243938784688681
2022-06-20,-1.192403579045326,-1.421456680733007,-0.6261292846077642,-1.1593123161166967,0,0.3811470386976325,0.3850680887699127,0.3818072338199937
2022-06-21,-1.5917930364713833,-1.45210557962157,-1.2570513652701631,-1.3742565463647742,0,0.31138046307252054,0.3078530728816986,0.374084728618255
2022-06-22,-1.680145525418592,-1.4801295887517525,-1.068586992879119,-2.084923387077904,0,0.29689767508867315,0.3537086546421051,0.46249517496382436
2022-06-23,-1.48130008066853,-1.5056537918170316,-1.4252182585557172,-1.8648693972668424,0,0.2806123028600747,0.31234240531921387,0.30679671912095224
2022-06-24,-1.0468677979830685,-1.3390049269275597,-1.3269857546216857,-1.312706335691466,0,0.3191088852239096,0.43098458647727966,0.45859873313607313
2022-06-27,-0.9596369503599343,-1.3379464197779485,-1.2791843955484656,-1.2050041699325706,0,0.32886272051707954,0.5709213614463806,0.6267005838882423
2022-06-28,-0.6382783497203476,-1.2736066077348376,-0.8112601856867517,-0.6850918948462532,0,0.398115777122165,0.5859823226928711,0.5751459623506305
2022-06-29,-0.4382438261055794,-1.242795529999526,-0.4194903021331966,-0.5664325315623997,0,0.44346240103009765,0.6199269890785217,0.6122262839929594
2022-06-30,-0.378470899744031,-1.2436429790623942,-0.2088176572949422,-0.3241505486049509,0,0.47519687690999607,0.692539632320404,0.6909937877751998
2022-07-01,-0.6365558918957468,-1.2135029968782112,-0.7455184570500621,0.0403673553792849,0,0.4374216683547167,0.6074056029319763,0.6341400098556175
2022-07-04,-0.4998021016397408,-1.1842243967769148,0.0894647511326012,-0.4129475451997177,0,0.497663647424686,0.701457679271698,0.6937479345648867
2022-07-05,-0.4602616135920536,-1.2182160777608408,0.5239484416714154,-0.1103273567786632,0,0.5521574617147719,0.7145070433616638,0.711132461573759
2022-07-06,-0.6550228754153192,-1.3728461736946092,0.4597226107023549,0.1818128484648097,1,0.5529961277140275,0.5363066792488098,0.5498972216092084
2022-07-07,-0.9063706771099708,-1.366278287504495,0.2579636533155017,-0.1437234433453355,1,0.5145909785205249,0.464595228433609,0.44223912000217885
2022-07-08,-0.7008012227865064,-1.2994254058118522,0.1444162873301264,-0.6028375801119824,1,0.48816768576787845,0.6942091584205627,0.7005458249643313
2022-07-11,-0.4418125731366266,-1.2951372891353996,0.2732667604893609,-0.3308020692785948,1,0.5178280668305647,0.6942091584205627,0.6862101388555687
2022-07-12,-0.5428312935814655,-1.3484744999667029,0.1685726962416683,-0.2079243063652498,1,0.5107505269786276,0.5226897597312927,0.5027234029597923
2022-07-13,-0.1591809571340359,-1.1675053007406269,0.3117235854399487,-0.2187887576829607,1,0.5339213641052474,0.6117082834243774,0.5696903626843393
2022-07-14,-0.1341087132965875,-1.1398199057470255,0.5521542800342123,-0.2951795127267009,1,0.553768258317185,0.7160508036613464,0.6275449303760314
2022-07-15,0.0064631111283216,-1.1153317833909782,0.4272797072515106,0.040307122199405,1,0.5606999470225206,0.7056264281272888,0.6129154471583698
2022-07-18,0.0366393686282695,-1.0905434777907892,0.2119203532396772,0.2069104076555376,1,0.5494659502209525,0.7592431902885437,0.7701946068387177
2022-07-19,0.0746007397628807,-1.0380717480818995,-0.0458507061424628,0.484112648602691,1,0.5402698500723314,0.7550832629203796,0.7679280210095076
2022-07-20,0.1204396180545867,-1.014658076047505,0.2915334022038323,0.704312114056165,1,0.5836797316530656,0.7592431902885437,0.7701946068387177
2022-07-21,0.3481916950488251,-0.8269063375755047,0.922985431165203,0.8797350993454999,1,0.6548001756814257,0.7755594253540039,0.7751449822282156
2022-07-22,0.3313887693472802,-0.8125117917485231,0.9778463223860576,0.783522347955166,1,0.6552845695933467,0.7468525767326355,0.7577964118918482
2022-07-25,0.2778689283061447,-0.8508081921682464,0.7639590259019111,0.9084966278727304,1,0.6410133445864279,0.7986868619918823,0.7925881714391316
2022-07-26,0.1836625482933509,-0.8611202816749368,0.7791403816660282,0.9247327688784488,1,0.6417826782236425,0.8316051363945007,0.8357431747562862
2022-07-27,0.1105702175256847,-0.8961353886377097,0.297444775977733,0.8343005914741286,1,0.5926743066006113,0.7707899212837219,0.7781131143679713
2022-07-28,0.247936953456017,-0.7971977671502244,1.0787827824980676,0.7904440446860649,1,0.6635511214707115,0.7853963375091553,0.7927075740123277
2022-07-29,0.4504858118716527,-0.7013500318840421,1.3389056670394146,0.8244952933930835,1,0.69065571522539,0.7812522053718567,0.7577964118918482
2022-08-01,0.4049564967792947,-0.6870242020497005,1.2915433894116302,0.7594125248274309,1,0.6837520669083135,0.7583298683166504,0.7577964118918482
2022-08-02,0.7024692287706366,-0.6211296276626297,1.663541865578298,0.8207549820260822,1,0.7202233239139587,0.7998650670051575,0.7816675154769834
2022-08-03,0.775589407695555,-0.6092009661939464,1.7258668202765295,0.6148909518991309,1,0.7177291269645526,0.793083667755127,0.7816675154769834
2022-08-04,0.9001989671664669,-0.519761939440643,1.7226432589676686,0.731131630071635,1,0.7248554734115166,0.7957437634468079,0.7657946028350379
2022-08-05,0.8592785186766159,-0.4580512138538264,1.7731610136290397,0.7606522013607879,1,0.7304079924017185,0.7827010750770569,0.7657946028350379
2022-08-08,0.9031003490295626,-0.474813852756454,1.807096312330007,0.8785888562479932,1,0.7376685888039114,0.8083857297897339,0.7930459807661758
2022-08-09,0.9447245657897207,-0.4392823100230439,1.852796914617561,0.9804858912497386,1,0.7458338784096901,0.8413970470428467,0.8280111728836701
2022-08-10,0.9582367640477067,-0.3781242561991023,1.832370710979684,1.0667097474828644,1,0.7486598873012587,0.8413970470428467,0.8234132455646509
2022-08-11,0.941124187088888,-0.34379519858819,1.8158267216900037,1.170741630561441,1,0.7769853991597204,0.8306388854980469,0.8680555234592403
2022-08-12,0.7837776672597299,-0.4380503910702079,1.6000146708077996,1.2749348222296513,1,0.7656112875744133,0.8326154947280884,0.7472916366552524
2022-08-15,0.9353456887469712,-0.3501666295392386,1.793863973124993,1.023715632701834,1,0.7679279843581589,0.8306388854980469,0.8680555234592403
2022-08-16,1.0572964480994738,-0.212620836372764,1.5459254758701946,0.9739195912856778,1,0.7495743418666073,0.8306388854980469,0.7124968246176747
2022-08-17,1.0719435910654362,-0.2044011924656301,1.576002251746428,0.9592868710326712,1,0.751149126213327,0.8306388854980469,0.7124968246176747
2022-08-18,1.011440605843133,-0.1449968138092339,0.9289994126835872,1.0711245749247105,1,0.7077438291240313,0.823698103427887,0.8038790942585198
2022-08-19,0.92844694267862,-0.1887578202067703,0.8214198762268698,1.1050334784125502,1,0.6998858584475353,0.8491990566253662,0.8350390250559708
2022-08-22,0.8305017080419114,-0.2069134509311511,0.5586451975632901,1.0671501229519675,1,0.6742821660149797,0.8376719951629639,0.8151056007946801
2022-08-23,0.7091638368516319,-0.2506423948592008,-0.17240241113947,0.994939623274394,1,0.6027199659994635,0.7725769281387329,0.7014523803775485
2022-08-24,0.8949590103560651,-0.1143948855841226,-0.0842060086461567,0.868515797077017,1,0.6054088964076775,0.7255474328994751,0.7378617041240975
2022-08-25,0.9364947993133292,-0.0058110025716675,-0.037518924347361,0.8065673480715159,0,0.6062226577682741,0.6437332034111023,0.6705569856266584
2022-08-26,1.0242721885921444,0.0235057324680561,0.5904372436971693,0.9046722002912372,0,0.6698876176049869,0.7258074879646301,0.7539644588182747
2022-08-29,0.89450856953352,0.0776982694617611,0.031799553532945,0.9208357242585145,0,0.6197573073844783,0.7296590209007263,0.7437070685542655
2022-08-30,0.7105387047148546,-0.047235710297353,-0.3124757335484859,0.8229764027569041,0,0.5778615065439225,0.504340410232544,0.517461604123937
2022-08-31,0.6838134771364369,-0.1462360991417954,-0.2465816286552605,0.5902956130863318,0,0.5669668779516079,0.6274533867835999,0.5418905897699351
2022-09-05,0.7376370543698478,-0.0897632542142807,-0.1017957209540029,0.7300319601216689,0,0.5914067167426602,0.6944323182106018,0.6703298320842069
2022-09-06,0.7420942352272882,-0.1086302491860539,-0.0767192466027057,0.8298000737345927,0,0.6007549714534787,0.6944323182106018,0.6768610090309598
2022-09-07,0.7361814579462304,-0.0756911785511123,-0.1700217661472632,0.9698730321493484,0,0.6018309312817504,0.7381148338317871,0.6427661535286606
2022-09-08,0.2721412185010476,-0.2975423768834225,-0.8364293870814425,1.0787887252804722,0,0.5384424424525649,0.6119846701622009,0.5722354473424415
2022-09-09,0.1669966625088029,-0.3631439790178101,-1.0319824541005036,-0.2743099944221998,0,0.42031079929578724,0.5108984708786011,0.46309394438457024
2022-09-12,0.3947957618986618,-0.2766243517585864,-1.0795903139481402,-0.2220937138954279,0,0.4236646320385651,0.4587147831916809,0.47237038316546065
2022-09-13,0.3938658038174161,-0.267940932303533,-1.086975464392908,-0.1481627861891402,0,0.3914370948659759,0.3114260137081146,0.27907017897750247
2022-09-14,0.4326678584367168,-0.1827785812576823,-0.915513462718638,0.1204675047169555,0,0.43016075434642287,0.35322874784469604,0.34899353023728846
2022-09-15,0.4498298428485486,-0.1996719566883991,-0.8877238220425696,0.3551349819968424,0,0.44948923893426407,0.35322874784469604,0.34899353023728846
2022-09-16,0.4665645436111346,-0.2163219966018409,-0.8230972390791176,0.5755010276429371,0,0.4721835251625801,0.338657945394516,0.34899353023728846
2022-09-19,0.244632555786744,-0.1580994481269746,-1.2436583193693689,0.757154835036526,0,0.43925107243802713,0.33972641825675964,0.31920753005677865
2022-09-20,-0.1833918133768881,-0.3027390797139643,-1.5222190233101696,0.363083482495246,0,0.38132948103926234,0.5450872182846069,0.54100666341257
2022-09-21,0.0299100333234514,-0.2929492379188887,-1.369344931610123,-0.6133037056449163,0,0.33242941760881656,0.3898167610168457,0.36538604699788774
2022-09-22,-0.0347727794963673,-0.3081409864273554,-1.1867882271641403,-0.4320357921827403,0,0.3633762976360166,0.3884872794151306,0.33673083471135073
2022-09-23,0.1280790527630621,-0.2733620331355328,-1.0593564265863062,-0.2815970820261551,0,0.38680410765896867,0.3884872794151306,0.33673083471135073
2022-09-26,0.0429782936854159,-0.2393882229708736,-1.116715384837701,-0.0998934805042666,0,0.39386328686473415,0.3884872794151306,0.33673083471135073
2022-09-27,-0.3954847559546067,-0.5051629250897649,-1.6617417842298905,-0.0370718380863601,0,0.3384936589753809,0.5450872182846069,0.5196480833018714
2022-09-28,-0.419299730960732,-0.4915411279216525,-1.625528934242196,-0.962054232247388,0,0.2856757075841061,0.5597396492958069,0.49665700660104645
2022-09-29,-0.6121176323789371,-0.5782542883202108,-1.6141070367218444,-0.6691759713467762,0,0.3040189290612189,0.5571658611297607,0.520660375942964
2022-09-30,-0.8413793494024615,-0.6380952719092529,-1.6943993065745775,-0.828536946195453,0,0.28719889661370324,0.6890857219696045,0.5904906750935122
2022-10-03,-0.718680119328917,-0.5240981522994186,-1.6470054638978742,-1.079351479110798,0,0.2779143027348148,0.7196008563041687,0.7060474230089945
2022-10-04,-1.2794903844946672,-0.7354563975905014,-1.6263212737081658,-0.6644684499550493,0,0.3044094787804991,0.31564396619796753,0.3257509286336754
2022-10-05,-1.359805702045184,-0.6936106493862737,-1.5968844236570965,-2.041227575402591,0,0.23110120985122595,0.29813694953918457,0.33918549227870837
2022-10-06,-0.8981103396788837,-0.5830359215916308,-1.4803887053963436,-1.7853585077397582,0,0.25361561872493416,0.6446231603622437,0.596968632352334
2022-10-07,-1.246463179879841,-0.6617490149687018,-1.5492158304905428,-1.6338503127328652,0,0.25647437083075636,0.2857208549976349,0.3222957817309266
2022-10-10,-1.5711486022399184,-0.6680081380365155,-1.5181808562458898,-2.072515896441102,0,0.23717251238336268,0.29813694953918457,0.352172877175648
2022-10-11,-1.3288871309830703,-0.6048818963609774,-1.4886473000684186,-2.1605203393651022,1,0.23475273693140136,0.29813694953918457,0.33918549227870837
2022-10-12,-1.484019256236114,-0.6348916540537792,-1.460421680902684,-1.962334513366696,1,0.253248221158188,0.3480139672756195,0.30966013194482833
2022-10-13,-1.243648264764683,-0.5726041410747466,-1.431412263770532,-2.0282931918893343,1,0.2505789164988105,0.3480139672756195,0.30966013194482833
2022-10-14,-1.0391354367503594,-0.534370084537286,-1.323811711490946,-1.9655557324960875,1,0.2621986435716541,0.36124029755592346,0.4097426519092202
2022-10-17,-0.7854391377864557,-0.4287045356508338,-1.2074483944097605,-1.5313982939998996,1,0.2955755101902389,0.6077134013175964,0.5418741839467636
2022-10-18,-0.706563736358536,-0.3705662103036161,-0.3431526696501433,-1.1655493092696294,0,0.42059273537741,0.5838873982429504,0.5286799361322189
2022-10-19,-0.5535508329372006,-0.3354289258120969,-0.0604347696717237,-0.6738138475786425,0,0.48708809135166553,0.6596060991287231,0.6684511343443993
2022-10-20,-0.5331580139418769,-0.3235231871200212,-0.3261993668207861,-0.3638453910020008,0,0.47257420541527667,0.5477749705314636,0.5286799361322189
2022-10-21,-0.5900684907238144,-0.3798696763739084,0.1860582449945322,-0.109731720439238,0,0.5556105120436668,0.6769593358039856,0.7033821119837104
2022-10-24,-1.017323188037219,-0.4577190701478486,-0.1780513996722117,-0.0707876690531835,0,0.5169672596926241,0.37889280915260315,0.3752965907902672
2022-10-25,-1.260387472856684,-0.4887013401564221,-0.3760076757867747,-1.1631457432471155,0,0.4239728065464237,0.3238070607185364,0.3294048577350873
2022-10-26,-1.2246960779868152,-0.4060882810063939,0.4356268017808652,-1.7928919976459987,0,0.4897505786388498,0.35366180539131165,0.3380122422383523
2022-10-27,-1.1904387546657451,-0.3927156311465963,-0.3224418203570544,-1.1784702760019865,0,0.43097339301320386,0.3322347402572632,0.34133007299321927
2022-10-28,-0.779852483204782,-0.3116541387845249,0.5367056021442244,-0.9628485698575144,0,0.5510640385813337,0.7222517728805542,0.7136117895230596
2022-10-31,-0.7003101547497947,-0.3443825727945347,0.5383475692043382,-1.0460763914825926,0,0.5435087688551005,0.7222517728805542,0.7136117895230596
2022-11-01,-0.6957074009527378,-0.3088470024595645,0.4469012742160093,-0.548662674297716,0,0.5647209197064887,0.7091673612594604,0.7071004217320298
2022-11-02,-0.5783376857639932,-0.3183853423264005,0.6372596045648312,-0.3027866621212877,0,0.6021318261592519,0.7139190435409546,0.7136117895230596
2022-11-03,-0.5803349356339447,-0.3050989756882204,0.1521653964520705,0.0208886091155172,0,0.5614124289696698,0.7379129528999329,0.7682022481040832
2022-11-04,-0.5596580405296792,-0.3144480892728513,0.3034872682655531,0.1664173430526001,0,0.5894410855598097,0.7586872577667236,0.7713721095691197
2022-11-07,-0.8478616778634023,-0.3459139850943777,0.3533388656382427,0.342788357564627,0,0.6113333577031443,0.7394646406173706,0.7181707085506237
2022-11-08,-1.0377478476524833,-0.4001328647797973,0.1172472132346689,-0.4293242890027616,0,0.5339491073762952,0.3714030086994171,0.4256231432346817
2022-11-09,-1.0107398926446225,-0.3848488472792907,0.1255159842444852,-1.2287111600450618,0,0.48258538237764986,0.3560710549354553,0.4256231432346817
2022-11-10,-0.9857366894009272,-0.369685920121739,0.2199738804125229,-0.6851763098083606,0,0.5063725268802396,0.23801834881305695,0.24693439639872003
2022-11-11,-0.9633784986421492,-0.3544819438400184,-0.7853594456154978,-0.2791229952107872,0,0.41596292214610525,0.46431854367256165,0.459177805911565
2022-11-14,-0.9410683890543252,-0.3393717992501873,-0.5573432921455529,-1.4674791397648133,0,0.35581043532510037,0.45891186594963074,0.47036185208717735
2022-11-15,-0.92035098440909,-0.324307979088154,-0.6416099207792659,-1.1409316103043496,1,0.36973767509795047,0.4790932238101959,0.4779355415262131
2022-11-16,-0.8999118782715789,-0.3092089337198427,-1.2051616713848463,-1.4463011970630664,1,0.28868400994836607,0.492444783449173,0.47219044710869956
2022-11-17,-0.8811249237899403,-0.2941294142396584,-0.8417199937488431,-1.5319130311298716,1,0.3208256908365457,0.492444783449173,0.5156735364464595
2022-11-18,-0.8627791757735983,-0.2309763619836972,-0.5036622047384672,-1.4913263029914916,1,0.36170697454957057,0.48408520221710205,0.5086135768203314
2022-11-21,-0.8421894000409217,-0.2406463936873034,-0.0482774004289203,-1.4527722089656636,1,0.4170358600452083,0.3086237609386444,0.3333817716405325
2022-11-22,-0.7701679790669088,-0.2501703319383249,0.417284654861228,-1.0458813556118656,1,0.5038812803633025,0.44598856568336487,0.43357421077423214
2022-11-23,-0.6924470870659537,-0.2352315295139065,0.5305100630226858,-0.5867565441035388,1,0.5527747272483615,0.44598856568336487,0.45635048591158506
2022-11-24,-0.775034633292101,-0.2202993070273012,0.3682094270343358,-0.1677854217085454,1,0.5657644719909307,0.44598856568336487,0.4453042846624422
2022-11-25,-0.6633004018404903,-0.2055258972488118,0.9661398344045008,-0.1864901152369785,1,0.6340409567208904,0.48823273181915283,0.4800760597486919
2022-11-28,-0.2482472239038486,-0.1905957600007368,1.1427900229824346,0.1752814491344379,1,0.6770315240065207,0.7157706022262573,0.7169250708800475
2022-11-29,0.2807956756787735,-0.0235981585818686,1.392104903026015,0.0731860231221866,1,0.696918980307293,0.7618287801742554,0.6824489562340643
2022-11-30,0.6368550199169435,-0.0097346332577603,1.5908810758908734,-0.1601195539335552,1,0.7009318364307138,0.5329874753952026,0.4348772731888681
2022-12-01,0.993120473366232,0.0820332423819565,1.6006546560177692,-0.1154531818719577,1,0.7047903925458827,0.6515123248100281,0.8348876942151954
2022-12-02,1.0087895509162947,0.0435843604853827,1.6368532149460482,-0.0831798990229051,1,0.709829765050343,0.6515123248100281,0.8147392135030306
2022-12-05,1.4986584970887302,0.241286672268677,1.7530886403777235,0.2445954870427811,0,0.7422573858729421,0.7791275382041931,0.869025028649848
2022-12-06,1.704095505936681,0.2814926363684193,1.7519592498108183,0.0505227478441309,0,0.7303418728747685,0.8907509446144104,0.941007975581158
2022-12-07,1.2223235392336989,0.1877970607076319,1.907738934741783,0.2025285791404152,0,0.7542978231850345,0.7791275382041931,0.8489613608007012
2022-12-08,0.9948737942543064,0.2283056803278002,1.9001102716155247,-0.466606133698015,0,0.7149173470839706,0.782386839389801,0.8604302900611991
2022-12-09,1.287334813126456,0.2352804951752454,1.861477210559885,-0.4740411672026062,0,0.7047142989582644,0.7427341341972351,0.7662558749113976
2022-12-12,1.4004890687863738,0.2208358343731801,1.8240297878162663,-0.3182777887152647,0,0.7084325730405021,0.7427341341972351,0.7662558749113976
2022-12-13,1.247208359792278,0.2338887028251454,1.7880795599088195,-0.0142202934536538,0,0.7252214469913587,0.720481812953949,0.7227425091161823
2022-12-14,1.464642374025562,0.3032800042393064,1.7526830786395764,0.0531396392674678,0,0.7246055444493067,0.720481812953949,0.7227425091161823
2022-12-15,1.510933605003946,0.317637810012807,1.7180150845143194,0.1896437461246064,0,0.7288997252971747,0.7284752726554871,0.7658713144609851
2022-12-16,1.5334015657671245,0.3328213113251673,1.6856719954660908,0.4689666871850765,0,0.7417776173413164,0.7284752726554871,0.7542623521883641
2022-12-19,1.5685438506408111,0.3489009710034541,1.5510441636604666,0.7249942910523627,0,0.7433418120644002,0.7284752726554871,0.7542623521883641
2022-12-20,1.3549007501011423,0.3066187825530529,0.8154685648181894,0.9240862308518298,0,0.6828926663512997,0.808144211769104,0.8383241932414698
2022-12-21,1.0322707634452253,0.3230372706026805,0.5086926646690234,0.7026081605691059,0,0.6396524493051869,0.6513336300849915,0.6572485834693166
2022-12-22,0.8920710474451636,0.3376827124358241,0.8036088316637011,0.2431319655843265,0,0.6447282142396656,0.7153546214103699,0.7548823993818905
2022-12-23,0.9907894860706352,0.3214601033447885,0.514491793396055,0.2415456547785858,0,0.609300137883294,0.6513336300849915,0.6714442275607428
2022-12-26,0.9588726959054492,0.3038593613239874,0.037238505395278,0.4984989817755672,1,0.5704838405567243,0.5365184545516968,0.5367825780222868
2022-12-27,0.4195409841065531,0.2244199207933439,-0.5470308500655053,0.6570580467185821,1,0.5166708317897536,0.41771912574768066,0.4187954825496672
2022-12-28,0.8119815057789371,0.236376312001435,-0.4212330664021887,-0.4534652185022131,1,0.44526335234686865,0.3550359606742859,0.3602423912388854
2022-12-29,0.9872045653733158,0.3760293862012009,-0.368967493041185,-0.3615306959323466,1,0.4598643690886535,0.2694719135761261,0.23433477534363922
2022-12-30,0.922287965817157,0.3915447629552558,-0.3715491606187893,-0.0583104421694999,1,0.48317130527542496,0.2694719135761261,0.26100860066168546
2023-01-03,0.9735449686722938,0.3743543238237556,-0.4582980316212197,0.1471216073223988,1,0.486114490447491,0.3194986879825592,0.27382301644683776
2023-01-04,1.4764822648070506,0.5392741412675396,0.0702105998957883,0.4913663924551547,1,0.5730233431563371,0.5464611053466797,0.5367825780222868
2023-01-05,1.5001385633083584,0.5877814341680487,0.3599159830193518,0.2789917886620012,1,0.5937879832585664,0.6603966355323792,0.672666321550151
2023-01-06,1.5967251816493846,0.7066124797450045,0.8012559111459215,0.6064357141145986,1,0.6686164950250385,0.7284752726554871,0.7553327584721582
2023-01-09,1.4578451543628492,0.691088969418859,0.3252913435189377,0.8092442878911003,1,0.6302682262147287,0.6504543423652649,0.6584966238375657
2023-01-10,1.4357034947128633,0.6019594496039935,0.3766500788271859,0.7795042762104115,1,0.5999913938464101,0.6441884636878967,0.6334964279698784
2023-01-11,1.495636125856201,0.7245381676227529,0.998988050818929,0.9574215392221131,1,0.6828687456840529,0.780062735080719,0.7857098867665356
2023-01-12,1.5910209568405893,0.7035446362281991,0.8455718467057651,1.1572558528268089,1,0.6792141457119737,0.780062735080719,0.8820902346271633
2023-01-13,1.6110813494581622,0.7545899733781591,0.7420640423574334,1.2892167123251337,1,0.6807867543464957,0.8771432042121887,0.8766633878844126
2023-01-16,1.574668012654153,0.7703517780245334,0.4960690236634764,1.4421501446033076,1,0.6708541804160192,0.7512862086296082,0.6013895648020103
2023-01-17,1.577820053970733,0.6325570777599441,0.5478542273619925,1.5147480395356043,1,0.676760581998377,0.6387956142425537,0.6165828594971707
2023-01-18,1.889467291796332,0.8753410142792746,0.9301644382624183,1.5207239407531077,1,0.7105582658881803,0.8385873436927795,0.7976375006413464
2023-01-19,2.041834005383274,0.964519164225884,0.6272376469131998,1.383922133943646,1,0.6668294824368385,0.9011586308479309,0.8114119634440559
2023-01-27,2.079267717154093,1.0048295856467138,0.7783566929305393,1.341731386441245,0,0.6785056406080895,0.906211256980896,0.8463215368630934
2023-01-30,2.155894514442516,1.2728779847990663,1.2944552024827445,1.4010845781840424,0,0.7382410677091248,0.906211256980896,0.7976375006413464
2023-01-31,2.060256803698337,1.2382266837487337,1.1903762447933102,1.394406890844659,0,0.7308745907438909,0.906211256980896,0.7976375006413464
2023-02-01,2.150443256136572,1.4345293955346052,1.2187866772414018,1.427131116611006,0,0.7389924214616703,0.906211256980896,0.81805072670292
2023-02-02,1.6150459105463115,0.9295931469180287,0.4581430438300957,1.3978835612159544,0,0.6676400511360819,0.8676709532737732,0.7077291415619155
2023-02-03,1.482533246760681,0.9280966516368294,-0.0742906944288312,0.3415459368301852,0,0.5201742434103136,0.45404940843582153,0.4608132767883794
2023-02-06,1.4661106249766218,1.0050730271847443,0.2144317447233576,0.4283254375418096,0,0.5651272091784554,0.6094160079956055,0.5597827266751847
2023-02-07,1.5452173135913183,1.0817432550339068,0.4931894239849541,0.6939150265210786,0,0.6195680534228872,0.6441884636878967,0.6443137486346362
2023-02-08,1.2504223633185216,0.8829787262127173,-0.142622728938197,0.8347917421940774,0,0.5676092079394689,0.45404940843582153,0.5022751419641058
2023-02-09,1.2872883774057575,1.0020651385793566,-0.187129801644633,0.4818431021521273,0,0.5329601613890136,0.37454915046691895,0.42742423201805757
2023-02-10,1.2399062298618724,0.9276615500667068,-0.2919315076807076,0.7143914392035602,0,0.5419062759010466,0.37454915046691895,0.42742423201805757
2023-02-13,1.0719161019563852,0.856146888452913,-0.6223521527795617,0.8558889198779234,0,0.5224803573609678,0.293568879365921,0.3473761460285667
2023-02-14,0.7589154490496498,0.8265599094902069,-0.6798886234684437,0.7289366999283022,0,0.5176721565680907,0.257320761680603,0.23575476943355603
2023-02-15,0.7810911342119741,0.8384176330946218,-0.926965279941968,0.2648666644075054,0,0.4147984503999325,0.27675899863243103,0.26459466781854707
2023-02-16,0.9820888016461072,0.8927144484924318,-0.7129421652438814,0.5599244613982542,0,0.4598258210839427,0.2803359627723694,0.26459466781854707
2023-02-17,1.162646847472738,1.231607445639333,-0.7007255593999873,0.6327242112585402,0,0.4703123314233468,0.14250726997852325,0.16751778688823052
2023-02-20,1.1677734557573478,1.1550610334075797,-0.7076412634238681,0.7008901056502755,0,0.4735576555552314,0.14250726997852325,0.16751778688823052
2023-02-21,1.5631276623945458,1.3831258698179636,-0.3132819677574082,0.928091643490166,0,0.5260952514099814,0.4305730164051056,0.42948305640443496
2023-02-22,1.4740968816986817,1.3163933101348977,-0.3814077924504079,0.6771916041442626,0,0.4938234038961342,0.33895421028137207,0.25811238120576335
2023-02-23,1.0613248891577556,0.9407408704523196,-0.6793970352025223,0.7807389093336683,0,0.4845618450572602,0.18280570209026337,0.19272450319214765
2023-02-24,1.0760940654094435,0.9622150299452824,-0.4361973135390463,0.1113429304299505,0,0.438680230684429,0.3026401698589325,0.3511245931397609
2023-02-27,0.8670659908408804,0.838884746514338,-0.6670183859573667,0.4468694159443767,1,0.4586810637703297,0.2963131368160248,0.29680232261657885
2023-02-28,0.5770064113118837,0.6719610559796326,-0.8084715758035337,0.2881785634393004,1,0.4385850879823375,0.26426786184310913,0.25995608371567774
2023-03-01,0.6339704402685568,0.7279446871425636,-0.5919596621590499,-0.0569850255249269,1,0.4240504361945303,0.43036091327667236,0.4361604113309711
2023-03-02,0.9044499314431232,0.973316372612516,-0.3576988023559693,0.2945495842208174,1,0.480798669641686,0.46068906784057617,0.46163375775020404
2023-03-03,0.8949937748005095,0.9864022532457034,-0.6201747495663829,0.3470401072237123,1,0.4571474017200804,0.45197445154190063,0.4569309020981157
2023-03-06,0.7315016053738391,0.9051224937154008,-0.6669026523234639,0.5948365550883529,1,0.4875614876394665,0.3000379800796509,0.29680232261657885
2023-03-07,0.8461406315421063,0.8673363413974895,-0.6849842652597387,0.4875186697830391,1,0.46374663273165023,0.27675899863243103,0.26459466781854707
2023-03-08,0.9337572068737912,1.0344670797913356,-0.7978030859519463,0.6812825539783123,1,0.4726419880345559,0.20059572160243988,0.23269750357037616
2023-03-09,1.1053315498936287,1.1562988650014423,-0.0980366976229946,0.8688850631117566,1,0.5679271167561466,0.50892174243927,0.540498121984097
2023-03-10,1.2030992745529916,1.1725169625290708,-0.0933513096553769,0.9301486019859512,1,0.568922359304046,0.50892174243927,0.5574309994940422
2023-03-13,1.1212276977399296,1.2386926472575512,0.035420335059476,1.0569453695042723,1,0.605605418119799,0.6602323651313782,0.6747854963650779
2023-03-14,1.0582360007287293,1.3042039907429035,0.3362357476090691,1.0786669325714109,1,0.647651467768175,0.7190726399421692,0.7466855555293334
2023-03-15,0.8187286436295743,0.9862919926296294,0.0824966469694761,1.125768697829037,1,0.6287826851740417,0.7529585361480713,0.7849253092724883
2023-03-16,1.1872662787437092,1.4440198000315598,0.5278704255321593,0.7622623054399394,1,0.6369250394735211,0.5582294464111328,0.5159942446179998
2023-03-17,0.9896134033556572,1.2203931408030402,-0.0421185499868357,0.600492067252833,1,0.5545958703988288,0.6030313968658447,0.6421331251767688
2023-03-20,1.0371982336897017,1.33797842290597,0.2958104802267369,0.4692667320643195,1,0.5831953643023965,0.5787783265113831,0.570182301384294
2023-03-21,0.7851291974093046,0.9403476395508916,-0.0183609708409275,0.7204241530551584,1,0.5754277209650158,0.6267553567886353,0.6461838603546158
2023-03-22,0.908429616829132,1.123597727812382,0.0312932302636208,0.4163585052290972,1,0.5441208105015445,0.641718864440918,0.6424696398111842
2023-03-23,0.9225569472481748,1.1373689162936138,-0.2135820207598838,0.6102776196621249,1,0.5358573000962524,0.5658077001571655,0.5637731159464038
2023-03-24,1.0039624118705124,1.2778050909987568,-0.2211372161871925,0.8728263148260746,1,0.5663145698260914,0.5972493886947632,0.578987282807227
2023-03-27,1.0708114222953553,1.1712784745018172,0.2988665879494705,1.0334028690889925,1,0.6363865730097231,0.7454570531845093,0.7540851677867044
2023-03-28,1.157331921009995,1.4489249790497871,0.9129423946921456,1.1813634441876402,1,0.7255264336800679,0.7709915041923523,0.8072801066148242
2023-03-29,1.161089482265424,1.4048885545896164,1.1661468002317787,1.2821250541450429,1,0.757331549850272,0.7709915041923523,0.691381926810368
2023-03-30,1.1674116141907334,1.4249396019814164,0.5249307051275962,1.431552562559494,1,0.7081271565960535,0.3845422565937042,0.40599735809433246
2023-03-31,1.169291837679446,1.5770502241134734,0.7194667001178815,1.5207239407531077,1,0.7429069083518003,0.38301488757133484,0.3576943062013256
2023-04-03,1.2271378167195486,1.7359584300515956,0.8476691623233243,1.5207239407531077,1,0.7576288730483917,0.45424363017082214,0.5345220026808046
2023-04-04,1.4799685023575335,1.919693204253236,1.3152862576723947,1.5207239407531077,1,0.7896681559724334,0.45424363017082214,0.5345220026808046
2023-04-05,1.558469975925084,2.151146370404913,1.4277633451546294,1.4921528109936948,1,0.8002819841544226,0.48466506600379944,0.5345220026808046
2023-04-06,1.625096032589623,2.3903946117232038,1.302513725745093,1.5127018869469515,1,0.7961237793602147,0.45424363017082214,0.5345220026808046
2023-04-07,1.4606729835216192,2.126479663236592,1.212028425114824,1.5207239407531077,1,0.7897680492021923,0.45424363017082214,0.5345220026808046
2023-04-10,1.4762715960075847,2.2357470749313686,1.1332874884417004,1.3510037379384423,1,0.7720753639009742,0.6020148992538452,0.6481692577818762
2023-04-11,1.4466497562135858,2.276423352897977,1.3369045985478814,1.46447268410206,1,0.8019272498430251,0.48466506600379944,0.5345220026808046
2023-04-12,1.5292494535919183,2.3095593752810117,1.3530159749361093,1.5207239407531077,1,0.803755445458063,0.48466506600379944,0.5345220026808046
2023-04-13,1.5133882251217423,2.5027366185473,1.2726858695010992,1.5207239407531077,1,0.8050057242614639,0.45424363017082214,0.5345220026808046
2023-04-14,1.401252767816155,2.418739899175601,1.1581284246538588,1.5207239407531077,1,0.8151761835463185,0.7851420044898987,0.7516429496529242
2023-04-17,1.1641672064479318,1.8134769836763307,0.8904511245893475,1.516210335934858,1,0.7798675529844777,0.7878749966621399,0.7571690281262284
2023-04-18,1.1965486072523677,1.9251994720108088,0.5477400426554937,1.1140221094020526,1,0.7137232708567405,0.7463681697845459,0.8559368715398363
2023-04-19,1.266035143552607,2.1345547885155662,0.3727713686411671,1.2233108928856569,1,0.7110931924506115,0.7191264033317566,0.7621924863021456
2023-04-20,1.1414820662243628,1.4509053963886616,0.187741194334558,1.268442443663855,1,0.6637837950062608,0.6210181713104248,0.7064448693124179
2023-04-21,1.1259438009321294,1.558425370412459,0.2842153535987093,1.1649187418426747,1,0.6728274440312155,0.7463681697845459,0.774751851641191
2023-04-24,1.049483107281877,1.558854310207772,-0.0487472712208521,1.2749968739017383,1,0.6513317686981269,0.6210181713104248,0.677752687247859
2023-04-25,1.026995208403244,1.4543280613463947,-0.2069237601762605,1.2515017087798648,1,0.6245451398799649,0.6304676532745361,0.6633280791106237
2023-04-26,0.9323634728734576,1.244655173287333,-0.4757208196367349,1.3266949308257026,1,0.5936637073318015,0.4835534989833832,0.47182166732752423
2023-04-27,1.0302897172887369,1.6648522064741829,-0.5202270160885877,1.243419309595694,1,0.5975557969249389,0.4931730329990387,0.5106399753902041
2023-04-28,1.065416910412501,1.9773537052544607,-0.3585681629710431,1.256197471036881,1,0.6368852527355393,0.39902380108833313,0.38468959147426024
2023-05-04,1.1521195170328704,2.285710519244487,-0.0035977613991324,1.329592000952035,1,0.6979775375040481,0.5786058306694031,0.6114348084457258
2023-05-05,1.0886474450454189,2.4781191182860822,-0.3854423352921877,1.3312698592811598,1,0.6713441199168871,0.36903756856918335,0.31868841196135667
2023-05-08,1.0638800459440902,2.249249784529117,-0.5392537164050419,1.321792238994626,1,0.6394134978070117,0.36766117811203003,0.31868841196135667
2023-05-09,1.163642029292916,2.541028625164313,-0.3687184605167896,1.3792795910637403,1,0.6752992045159121,0.36903756856918335,0.2534788680817888
2023-05-10,1.154001448701553,2.5141301635811244,-0.1619628196749997,1.3431513586186254,1,0.6948431643362954,0.5062959790229797,0.325812962108182
2023-05-11,1.274567185101241,2.9468224305636515,0.3630062954350273,1.419987818802701,1,0.7707726474703073,0.6102710962295532,0.5377633693335949
2023-05-12,1.2865575497221962,2.8184194955074315,0.4945696350240953,1.3443665027794265,1,0.7697754893608515,0.6870431900024414,0.5276133859557564
2023-05-15,1.354009854395687,2.9468224305636515,0.9800356601070456,1.4013201732605003,1,0.81791604821338,0.7851420044898987,0.738637824252601
2023-05-16,1.2079851032802622,2.7959705917275914,0.9031520641538964,1.3863868575757472,1,0.8133234023149097,0.7878749966621399,0.738637824252601
2023-05-17,1.2108422475211815,2.54796818534384,0.8067435574847789,1.2168196371522666,1,0.7808008871049498,0.8263669610023499,0.873292054670742
2023-05-18,1.0640293852739944,2.1203603019047117,0.6899336616919138,1.3029067515433117,1,0.7566912856490347,0.8175271153450012,0.8816260648202892
2023-05-19,1.0578759256772283,2.190685098979971,0.7529985529624833,1.1328639976013737,1,0.750176259094039,0.8356881737709045,0.8728372285926489
2023-05-22,1.0734048071395357,2.257805201674042,0.9237363467279692,1.2491544291783716,1,0.7783005496256458,0.8511767387390137,0.8806605011935877
2023-05-23,1.2019032537418568,2.9468224305636515,0.9412788063339084,1.3276658627145823,1,0.8073768043784217,0.8723220229148865,0.8806605011935877
2023-05-24,1.1534142996130576,2.891763211875658,0.7861018014313438,1.2690454927778283,1,0.7912748010526482,0.8723220229148865,0.8806605011935877
2023-05-25,1.061749021280237,2.375203593658776,0.2394247974677557,1.3047628299304477,1,0.7274136855262385,0.8414509296417236,0.8493035675339048
2023-05-26,1.0498729762751793,2.24681432257344,-0.0942849568567255,1.2448769770991124,1,0.6803488879188471,0.7151615619659424,0.7850652074352186
2023-05-29,1.0808745788452536,2.3054084379931834,0.1311873005792543,1.330738479073622,1,0.7137626476594038,0.77365642786026,0.8109968816597269
2023-05-30,1.2594974345840138,2.9468224305636515,0.1849858948842543,1.355445522741886,1,0.7399244091663224,0.7614743113517761,0.7866310155158522
2023-05-31,1.293138181087205,2.9468224305636515,0.4942212005558695,1.2026153093407328,1,0.7511520357379213,0.8219991326332092,0.814519878443322
2023-06-01,1.3040571280946216,2.9468224305636515,0.5986742668673972,1.2229750438343507,1,0.7617481268633808,0.8505696654319763,0.8764526572239818
2023-06-02,1.3679061249071358,2.9468224305636515,0.9662333341651286,1.257471178382979,1,0.7914899222136843,0.8741381168365479,0.8754508561919178
2023-06-05,1.4179489424815113,2.9468224305636515,1.0189260634955035,1.2269400318552863,1,0.7894535589859573,0.8741381168365479,0.8754508561919178
2023-06-06,1.3850750969217418,2.9468224305636515,1.0278209488813594,1.2091545079070591,1,0.7911231954618523,0.8741381168365479,0.8673375125918813
2023-06-07,1.4882321679041592,2.9468224305636515,1.234125533919487,1.2736717524469237,1,0.8054949727240834,0.8741381168365479,0.8754508561919178
2023-06-08,1.5360235021439337,2.9468224305636515,1.5969460566023383,1.1814323819628607,1,0.8222743734888017,0.8565383553504944,0.8056222614876329
2023-06-09,1.2822241478091594,2.9468224305636515,1.3857900309941698,1.1565365510022778,1,0.8218383141292198,0.8789243698120117,0.8841830211506015
2023-06-12,1.364886695591649,2.9468224305636515,1.21102694928829,0.8262165565466256,1,0.7743969812098097,0.7050647735595703,0.6459100366322269
2023-06-13,1.4115158868104167,2.9468224305636515,1.1796960057173205,0.8335149310417614,1,0.7685996964816968,0.7050647735595703,0.6459100366322269
2023-06-14,1.376407239150475,2.8936712446234325,1.2045045237481693,0.8688826040424507,1,0.7742786998980847,0.816616952419281,0.7816088476630081
2023-06-15,1.1881252109898008,2.8399494672247125,1.1528239958571342,0.97784818035702,1,0.7915281307392967,0.8677422404289246,0.8728372285926489
2023-06-16,1.1495078153794085,2.7900953738063428,0.9944030349131924,0.7995482106826155,1,0.7854497914292771,0.8534300327301025,0.8644187706778095
2023-06-19,1.0563473071643357,2.675313578282537,0.9013961861059686,0.9131567990318824,1,0.7891570939943411,0.899250328540802,0.9350792230066233
2023-06-20,0.9523329416702888,2.384524333655411,0.5099240756118775,0.9045547015873252,1,0.7405418243612485,0.8651304841041565,0.8905646790945076
2023-06-21,1.118497408808734,2.618462617237258,0.3073341067246713,0.8641813352811073,1,0.7089441680486633,0.8608181476593018,0.8754310467613666
2023-06-22,1.2079906853115043,2.5804279223410624,0.527440268601561,0.7612574182215234,1,0.7113475160907813,0.7782173752784729,0.8253046935039148
2023-06-23,1.2761538478741845,2.5819960364824106,0.6685350579870121,0.7531125510257339,1,0.7197880116913562,0.7782173752784729,0.8046773996263868
2023-06-26,1.2315101447947616,2.542626065964459,0.337492268756515,0.770481435968931,1,0.6834963853242818,0.7545444369316101,0.7410029460652813
2023-06-27,1.1983628532466055,2.505160516639146,0.2028799512244034,0.8789226681175053,1,0.6805343857979178,0.8257257342338562,0.8236936750302648
2023-06-28,1.187848857644965,2.4612999264201663,0.1006962025575709,0.9778487768610208,1,0.6774106686100007,0.8570395708084106,0.8776336923209701
2023-06-29,1.156461898141058,2.3804102312787245,0.1111201087208755,1.0338681060858546,1,0.6835531743739567,0.8715792894363403,0.8776336923209701
2023-06-30,0.8606862912412002,1.9297930955197071,-0.2753733022423857,1.0987646926252648,1,0.6450113351894128,0.6898263692855835,0.7658580135853652
2023-07-03,0.8239901978602205,1.884622425462992,-0.4401510086735581,0.5708090705364087,1,0.5540334094819355,0.44733813405036926,0.4710734945312972
2023-07-04,0.8658582161131417,2.10831425237408,-0.4090565510959148,0.6911201421599624,1,0.5865354975947858,0.44733813405036926,0.4710734945312972
2023-07-05,0.9831415137788428,2.050381288903204,-0.332059358179286,0.745825925347818,1,0.5845503259438022,0.44733813405036926,0.4710734945312972
2023-07-06,0.96857465019672,2.077224707827699,-0.368162172468496,0.7011732318227504,1,0.5774793022756552,0.44733813405036926,0.4710734945312972
2023-07-07,0.819169670941262,1.8989807221301505,-0.3400664419508637,0.7982592367219686,1,0.6005394171323298,0.44733813405036926,0.4710734945312972
2023-07-10,0.9260959092224528,1.8534855743951355,-0.0471108794547818,0.6778135110134027,1,0.6084252139395413,0.5947918891906738,0.6156447676127548
2023-07-11,1.0429575406348683,2.006468699946808,0.1694437353330923,0.6526747064120401,1,0.6315603133533433,0.5731051564216614,0.5727443264294295
2023-07-12,1.031545811011958,2.0294839650254324,0.1539878094990178,0.6123810602456058,1,0.627486940716342,0.5731051564216614,0.594190199721342
2023-07-13,0.9960398204533454,2.048854827369744,-0.065490432582157,0.706336058942462,1,0.6152334497087449,0.5598101019859314,0.5808087098150211
2023-07-14,1.1314421117338198,2.172229151620703,0.8358434693451684,0.8076729683498205,1,0.7351033892592664,0.7141525149345398,0.7614779260876083
2023-07-17,1.1464996062080928,2.1045886703728907,1.1108641320485444,0.7083639591398269,1,0.7523239332318687,0.8808767795562744,0.8651122741589728
2023-07-18,1.1437816526619058,2.0745970871212025,1.2147621673170783,0.7453921031041648,1,0.7663848803386593,0.8808767795562744,0.8651122741589728
2023-07-19,1.0874761568315086,1.9420559718860055,0.7395869007931377,0.7924392765956176,1,0.7124616483953318,0.8808767795562744,0.8412706335649017
2023-07-20,0.9860607693069584,1.8528453934346645,0.3170493921826586,0.870537326990381,1,0.6724341852452158,0.909188449382782,0.9045023917474815
2023-07-21,1.0069295121777588,1.902651772154355,0.8654971553368672,0.8497505571692905,1,0.7415044044783027,0.8933278918266296,0.8878010118260351
2023-07-24,1.1457813932770533,1.9786266159643155,0.8079127458478741,0.8634131127440708,1,0.7244006895728061,0.9188008904457092,0.8958031345212218
2023-07-25,1.1958947305828134,1.948585596599645,0.9907394813476532,0.7384303029737945,1,0.7250662860116007,0.8808767795562744,0.8577445396217531
2023-07-26,1.1085225890962518,1.8567916555191477,0.6349277638654713,0.7245134316385045,1,0.6818558804198264,0.8454710245132446,0.8473653953587753
2023-07-27,1.0984048197035745,1.863447878466571,0.6554633437695184,0.7678651137025232,1,0.6916389609059175,0.8454710245132446,0.8473653953587753
2023-07-28,1.0609204861505337,1.837705172227552,0.5242006547064899,0.8136178039322973,1,0.682584911530071,0.8454710245132446,0.8361407322956005
2023-07-31,1.1155692633166858,1.7832354504355683,0.5656108325363571,0.8781936090274359,1,0.684743942584423,0.6931958198547363,0.8901079216629958
2023-08-01,1.137569769633026,1.7601854862136868,0.7068484531751514,0.8333848073345421,1,0.6936893208592532,0.5848329663276672,0.8412706335649017
2023-08-02,0.9296558809926152,1.708573284805272,0.452932373072,0.8267108137501951,1,0.6824332172030413,0.6490065455436707,0.624001215077348
2023-08-03,0.9492031676681916,1.631475614747107,0.6690211450916621,0.5918357883832284,1,0.6748865497267661,0.6490065455436707,0.6435630282801179
2023-08-04,0.8267179054259617,1.5865129065068944,0.3830018488507029,0.6350628451155438,1,0.6538009101481285,0.6344727873802185,0.6094217918128194
2023-08-07,0.9439616626590708,1.570945499879671,0.4181155057416236,0.5856371068737931,1,0.6348483402185622,0.6390345096588135,0.624001215077348
2023-08-08,1.0173745237825584,1.5821292879513111,0.2858032825275302,0.5263534053730937,1,0.5978044349193271,0.6390345096588135,0.6391513908952973
2023-08-09,0.9472984304858434,1.5648340588810372,0.4075464945893737,0.519514753540174,1,0.6237321780963567,0.6390345096588135,0.624001215077348
2023-08-10,0.8352788104305356,1.4172424389856615,0.1642610769623839,0.596109042064224,1,0.6022570361143514,0.5819908380508423,0.5930216318852086
2023-08-11,0.6175315637866657,1.3556884291330538,-0.2921431464003685,0.5722353932408816,1,0.557043691791268,0.5152639150619507,0.5247143657302364
2023-08-14,0.6504432401135322,1.348326824414636,-0.5044870894169561,0.3011844121137401,1,0.4806749943704271,0.4518730938434601,0.4729185656051843
2023-08-15,0.7481104607722749,1.2901753991623446,-0.5046779775554213,0.3968378172640927,1,0.4866892269362794,0.45807117223739624,0.4827698637495907
2023-08-16,0.6813506854055025,1.2343106385645557,-0.3651143743798773,0.4043871466960221,0,0.5144392521159857,0.45807117223739624,0.4827698637495907
2023-08-17,0.6660471824133873,1.2057939732638492,-0.4683562942575125,0.4787233155685297,0,0.5077129792800715,0.45807117223739624,0.4827698637495907
2023-08-18,0.5206610086594358,1.1787130404133477,-0.4953266332488503,0.5930182404937779,0,0.5390070035304471,0.45807117223739624,0.4827698637495907
2023-08-21,-0.2016912542551546,0.8335675697815986,-1.3169158746911074,0.4580773671989408,0,0.4741600703298703,0.33974409103393555,0.3609538154742681
2023-08-22,-0.2391592550475985,0.6955057915444317,-1.3727765877775326,-1.835809874661156,0,0.20144550439847017,0.4426615536212921,0.4407388671047883
2023-08-23,-0.1208994969565793,0.83071210109107,-1.3883156018999598,-1.4071041136349105,1,0.23462794929188663,0.39190465211868286,0.3505634930249076
2023-08-24,-0.2026719645747966,0.7420275796518928,-1.4920147791135427,-1.063571763969238,1,0.259285004861904,0.43186521530151367,0.4231447847406932
2023-08-25,0.0736463614388792,0.9222274865761464,-1.243762516734248,-0.854160051326407,1,0.29133857630743604,0.29333367943763733,0.33441665152536487
2023-08-28,0.0913933781299539,0.8081419350363169,-1.341298896282641,-0.791107574821569,1,0.27408521976171424,0.3491266965866089,0.33441665152536487
2023-08-29,0.2881386130834658,0.9134742056922934,-1.1480323844692828,-0.4640777946094098,1,0.3175854333915425,0.29333367943763733,0.34391145560085157
2023-08-30,0.3329268784914413,0.8489108759459724,-1.0680893722587117,-0.3869785487850543,1,0.3253387566368065,0.31794264912605286,0.28187965864736847
2023-08-31,0.4701133628556408,0.8810479839297289,-0.7932754420946981,-0.1633625136599513,1,0.37393723176600485,0.27464115619659424,0.2751941813982176
2023-09-05,0.6087522624794526,0.9108000419370528,-0.5882383385723443,-0.0809545411564537,1,0.3962672763847872,0.43441399931907654,0.43617564304162837
2023-09-06,0.6761960356266644,0.984794681675252,0.8438687977328516,-0.0243540880873357,1,0.6194882926413671,0.6278948783874512,0.6223034109960472
2023-09-07,0.7751730386778799,0.9638018813393416,1.0568187714481068,0.0944947091648605,1,0.6480916219285565,0.6278948783874512,0.6223034109960472
2023-09-08,0.7548497503716504,0.9431727714362274,1.0428331511209674,0.1563481920111662,1,0.6545650536821384,0.6190205812454224,0.6223034109960472
2023-09-11,0.7824842191703908,0.9231534021706808,1.163105441918641,0.3321380806337128,1,0.6858479704101685,0.6190205812454224,0.6223034109960472
2023-09-12,0.4914288859265491,0.8351670841389347,0.4188540706982562,0.4316807681327161,0,0.6272498703475419,0.633545458316803,0.6266691964028368
2023-09-13,0.7084705693741125,0.8841396011534152,1.4293971337119171,0.0216391115096012,0,0.6931362742777464,0.6278948783874512,0.6372907671262747
2023-09-14,0.6100747293613351,0.8199805755050865,1.2225379537122674,-0.0475051635060218,0,0.6652216443762754,0.6278948783874512,0.6223034109960472
2023-09-15,0.3871319974112729,0.7354080078787979,0.9950350588373672,0.0499945355307004,0,0.6711332775027664,0.5892028212547302,0.6000642513677383
2023-09-18,0.3768049248625961,0.6754421611247379,0.8929664867687588,-0.1426643481282202,0,0.6316570161027771,0.5714352130889893,0.5821336386256383
2023-09-19,0.2571361039104712,0.5946059649082507,0.483375937842844,0.0832242066370359,0,0.6078287756157266,0.6600502729415894,0.6602888040305462
2023-09-20,0.2832980089459899,0.6037299831407923,0.5720142438367597,0.081365634184305,0,0.6174854787407179,0.6600502729415894,0.6602888040305462
2023-09-21,0.5059475500987177,0.5906821437630614,0.5222831072246256,0.2416417092640085,0,0.5928644927154928,0.6024448871612549,0.5831293963635613
2023-09-22,0.3395773197012057,0.5772421112186368,0.180965084755366,0.1360850460960122,0,0.5539591658462482,0.579176664352417,0.5683095976081645
2023-09-25,-0.0737644056781837,0.5420214606970855,-0.5356719625172004,0.0433957085587787,0,0.4956703304830041,0.49926745891571045,0.505206647475323
2023-09-26,-0.6640431945678897,0.2873890687962239,-1.263932624075733,-0.6932983422264788,0,0.3667815452534159,0.43483415246009827,0.4440178943705842
2023-09-27,-0.8317154268045753,0.1457511941795846,-1.6588427871229912,-1.8124350790306412,0,0.2179812866710289,0.4992332458496094,0.3728718709662932
2023-09-28,-0.5249043412098435,0.3591484749215871,-1.7546270534545283,-1.6661813117470383,0,0.20201132899773405,0.4992332458496094,0.3728718709662932
2023-09-29,-0.548201367186343,0.3040145946815342,-1.7031694564183752,-1.469549314233297,0,0.2216222849111476,0.4992332458496094,0.3728718709662932
2023-10-02,-0.5189323763002266,0.3599991370233508,-1.8542811984267904,-1.088960716545978,0,0.23829294383172267,0.47302958369255066,0.3728718709662932
2023-10-03,-0.4521528490264399,0.3224048219321321,-1.728978037204066,-0.7164153137962467,0,0.27579048149609225,0.39805731177330017,0.34260291575832946
2023-10-04,-0.9310570843354512,-0.0140781538705252,-2.0419781207834373,-0.45653624482262,0,0.2957702362207912,0.40001410245895386,0.3435226692610976
2023-10-05,-0.7265124430138816,0.0646098995919115,-2.061812414183883,-1.3322559723265757,0,0.19814292986177265,0.48636823892593384,0.3728718709662932
2023-10-06,-0.8729277536840917,-0.0772999028473708,-2.093498853530721,-1.0982110952443689,0,0.21907140640878636,0.4547366499900818,0.364778796048413
2023-10-09,-0.6686040252286161,-0.0426336023028835,-1.925955659914856,-1.034365035039687,0,0.2219316215189469,0.39074161648750305,0.3435226692610976
2023-10-10,-0.5273022975632761,-0.0296144322474894,-0.9572561764129118,-0.8900495272295318,0,0.33753148400637645,0.42222943902015686,0.43545284945288504
2023-10-11,-0.5187738198610289,0.0501728288215494,-0.4968423685639357,-0.6920941919952204,0,0.4335207290916923,0.4332495927810669,0.4242305754523471
2023-10-12,-0.3821581007379109,0.1301004362488062,-1.2632318532883529,-0.3989879352246021,0,0.34224189945490846,0.41866549849510193,0.4222845330616151
2023-10-13,-0.3947100371253803,0.0970535145759594,-0.7091112379318588,-0.2982151910257076,0,0.432988010343363,0.35244494676589966,0.3715766920018218
2023-10-16,-0.3434988302859512,0.1549880006161729,-0.333456801458133,-0.0566573846717272,0,0.5204598184055568,0.5179738998413086,0.5276621156642912
2023-10-17,-0.595538662254085,0.0296554711911268,-0.2983426318040255,0.0944241755942608,0,0.5748423406228753,0.5474640130996704,0.5494142668238273
2023-10-18,-1.0631235243036266,-0.1422545986262049,0.1833367832119845,-0.2215211859669171,0,0.6636007833401154,0.49602991342544556,0.4956823377882675
2023-10-19,-1.366430685201324,-0.3142381526776577,-1.2239939024703572,-1.0885408024328749,0,0.3661980747190145,0.2730233371257782,0.31135108620490143
2023-10-20,-1.5725607694726351,-0.5096507292142003,-1.1782419108837294,-1.3909718861935758,0,0.34873667327055957,0.2873319983482361,0.3014806816081292
2023-10-23,-1.1531154439880953,-0.2818517160107102,-0.8119135713138177,-1.4335638877864545,0,0.35424195766218686,0.302315354347229,0.3194143146044954
2023-10-24,-1.3367464171972785,-0.3137071225220393,-1.2462059911045609,-1.4091138043852087,0,0.31992786065327533,0.2730233371257782,0.2912145310132461
2023-10-25,-1.1202419419245562,-0.2273195961251344,-0.9339071069660856,-1.3575843085749923,0,0.3459841706083677,0.302315354347229,0.3194143146044954
2023-10-26,-1.1898122574633618,-0.2848940722258197,-1.544968383608896,-1.101775047953546,0,0.2962264819772018,0.15354023873806,0.19820880657930867
2023-10-27,-1.9663345517326316,-0.9211815501841548,-2.120294102563472,-0.853662752767639,0,0.301076835496462,0.3308510482311249,0.31553220915989605
2023-10-30,-1.8116492864911693,-0.7593356174263058,-2.236136199695992,-2.467875603050448,0,0.13970983252187755,0.25961750745773315,0.27432677225997243
2023-10-31,-2.2467772603755694,-1.010079720278425,-2.382586017579277,-1.9648732322514944,1,0.18934782572276165,0.3190543055534363,0.3736712919952157
2023-11-01,-2.618296161668216,-1.2089057745007794,-2.2677702346395443,-2.343473752060845,1,0.194913863375871,0.552223801612854,0.5217918536031415
2023-11-02,-2.25779335776386,-0.9452326494665516,-1.902621798872428,-2.614080827118564,1,0.18798081330059221,0.18909184634685516,0.2692628528759262
2023-11-03,-1.5119325635930645,-0.6571728162869472,-1.0473843267818748,-2.2155553172561597,1,0.2526449537453923,0.2873319983482361,0.28121897542026697
2023-11-06,-1.4416157130967977,-0.6902640222360409,-1.24300735052888,-2.344507251083768,1,0.20775518978490382,0.2873319983482361,0.28121897542026697
2023-11-07,-1.2499631483724696,-0.5990456352889588,-0.8003641290120272,-1.7276442355517263,1,0.30647052182270607,0.2873319983482361,0.2912145310132461
2023-11-08,-1.373363420220672,-0.6330340018780349,-1.0285559918311884,-1.352516456169189,1,0.3335102058708463,0.2873319983482361,0.3014806816081292
2023-11-09,-0.6452161158892264,-0.1879760189779617,0.1701338792817661,-1.1227613510024417,1,0.47265170116198213,0.38002344965934753,0.3800358230795816
2023-11-10,-0.5717404065495527,-0.2495090967685909,0.9993979431219386,-1.4257061108856548,1,0.5451091888534018,0.5212417840957642,0.5053838570248416
2023-11-13,-0.7123694463269216,-0.3372460575224298,0.8552228338055793,-1.0537202290506031,1,0.5857311732937177,0.4112917184829712,0.4303824419431505
2023-11-14,-0.6910959535582317,-0.373883329716077,1.1259536531497163,-0.8385378301812333,1,0.6497740070622309,0.46963000297546387,0.48936925931944153
2023-11-15,-0.5586969141177004,-0.2015417036849537,1.3261632193870685,-0.5007129112427553,1,0.7097830433356497,0.49924689531326294,0.5697392106958364
2023-11-16,-0.4508731226275454,-0.1332298530130116,1.3543458952410985,-0.3255779300331159,1,0.7224356601702734,0.5359171032905579,0.6005953229004991
2023-11-17,-0.3218675756981256,-0.1175402499729216,1.369637120260733,-0.1490969050078526,1,0.7263280432164667,0.6176064014434814,0.6170671491004694
2023-11-20,-0.7597775450883807,-0.2896768193879546,1.353662244544024,-0.0150185179314372,1,0.774808217049238,0.619840681552887,0.5659630412235639
2023-11-21,-0.6986136678830861,-0.3007304958815578,1.5762857166858946,-0.4020992342042692,1,0.7587607835499893,0.4793429970741272,0.5127526928850512
2023-11-22,-0.5499333444312049,-0.3115078498232502,1.561482004755101,-0.1685705431831066,1,0.7596006715945629,0.5932503938674927,0.5428565529534343
2023-11-23,-0.4016369844491999,-0.2673065662110127,1.4889261654747412,-0.0305278640741672,1,0.7495168468890384,0.6384249925613403,0.5538013400952979
2023-11-24,-1.3154662457056971,-0.5016283209113894,1.2718056900293786,0.0980506330053645,1,0.8178221129671063,0.6766096949577332,0.6718972342700591
2023-11-27,-1.1280969720640874,-0.428661688595531,1.2379857028393886,-1.1028670359209694,1,0.6930897036331861,0.43541446328163147,0.5880379956912062
2023-11-28,-1.5690338222499671,-0.6108070304386305,0.6274135272295939,-0.8119865128290856,1,0.6844238296463591,0.5943396091461182,0.5779685246049799
2023-11-29,-1.4202046692222603,-0.5076985599554955,0.7870620137985642,-0.9233992789718286,1,0.6834445648722945,0.5231502652168274,0.5297161512083837
2023-11-30,-1.0970054514910836,-0.5194627909929851,0.3553751886417418,-0.6214203534742189,1,0.6070168379326867,0.45645055174827576,0.4925759421817681
2023-12-01,-1.2855353025760972,-0.5590318369739681,-0.5903854419247441,-0.4683333957991467,1,0.5043796115862746,0.41118520498275757,0.36783374376128036
2023-12-04,-1.0324249556998832,-0.4809254633576919,0.3494161325170497,-0.3314405374222896,1,0.6331589632927562,0.5028107762336731,0.5897592571877562
2023-12-05,-0.214540609801592,-0.371900998364861,0.4849313624373371,-0.1575322467215518,1,0.5604388168409347,0.5269448757171631,0.5078039592170087
2023-12-06,-0.402400450060145,-0.3823595415819782,-0.4960010883730132,-0.4042622124606196,1,0.4068356434492518,0.3580900728702545,0.30310324830540214
2023-12-07,0.059319137787651,-0.2108141657246648,-0.0440304404471121,-0.2411478490798072,1,0.44144262842831594,0.5150840282440186,0.5472146021800959
2023-12-08,-0.3162345033505965,-0.1599237659666665,0.3595678923612014,-0.2311622698003031,1,0.5698890566176976,0.5735471844673157,0.5975462047772293
2023-12-11,-0.4285204483562401,-0.2312242598228088,0.6903205768183903,-0.312672154870589,1,0.6203566824354002,0.51276034116745,0.5508982846460349
2023-12-12,-0.487606380971175,-0.3026166124712322,1.24589687214605,-0.0984371683011845,1,0.7212078399752663,0.5932503938674927,0.5538013400952979
2023-12-13,-0.4384707898502099,-0.3434220454836663,0.8865721121178552,0.1423394707830926,1,0.6960897693384616,0.6411423683166504,0.5833192280396756
2023-12-14,-1.0220918237157537,-0.3845907167287823,0.3363418165062401,0.3621575959555969,1,0.7166620816092522,0.5619174838066101,0.5351861418729171
2023-12-15,-1.3080237533292711,-0.5510845138291399,0.8015410469354987,-0.1731799022171679,1,0.7524183916480478,0.7660272121429443,0.7757129182136983
2023-12-18,-1.405199743741124,-0.5603230180180145,0.542536048468588,-0.2400758777210312,1,0.7250462723951707,0.7545568943023682,0.8111445730572004
2023-12-19,-1.657735568375876,-0.664611151028454,-0.3477504743853196,-0.0845925663751898,1,0.6383745931715754,0.603497326374054,0.6825596450298768
2023-12-20,-1.412738205726548,-0.6098607304623395,-0.5317129358555656,-0.166524816097976,1,0.5677232191348699,0.4714864194393158,0.5432352255699323
2023-12-21,-1.210221581245863,-0.6190897181039777,-1.0014164275344974,0.0146358352827306,1,0.47612293552203705,0.36412593722343445,0.4250510434330511
2023-12-22,-1.081447053816186,-0.4996556756863959,-0.4342447713875156,0.1900392498735488,1,0.5811611088513629,0.4526634216308594,0.49451187592178564
2023-12-25,-1.063741490016774,-0.5423963186106192,-0.3721795103064726,0.3768326507514429,1,0.6038739349841076,0.46832576394081116,0.520315552709012
2023-12-26,-0.6528860238538229,-0.4541128352325709,-0.5070599672848488,0.5948402981473287,1,0.5494122394151116,0.5049556493759155,0.4828219481133798
2023-12-27,-0.5809570822364752,-0.4316565990894651,-0.3444259379648753,0.4899511014028101,1,0.555253263962385,0.5049556493759155,0.4828219481133798
2023-12-28,-0.6236647522320575,-0.4092430000315146,-0.2882654903341186,0.639959785041576,1,0.5900986820886246,0.5161138772964478,0.4205783277369769
2023-12-29,-0.5291301143187997,-0.4209233546939151,-0.4977114953904866,0.7752739445986636,1,0.5543980941976213,0.5049556493759155,0.4828219481133798
2024-01-02,-0.398271240823375,-0.3986517167921375,-0.216628308336159,0.8601551346439583,1,0.5906572054058393,0.4587410092353821,0.4510084948171474
2024-01-03,-0.6212192740609418,-0.3770401958009756,-0.5499136757403678,0.9087503020770216,1,0.5802163818173265,0.4584830701351166,0.42286908717095784
2024-01-04,-0.2826920289557659,-0.209926649139991,-0.4809315340709124,0.7881537815236604,1,0.5416077298346768,0.4976549446582794,0.48841615230496627
2024-01-05,-0.2758150977486481,-0.1854987599443617,-0.3089275964331439,0.6897531661938993,1,0.5605208932042504,0.4976549446582794,0.48841615230496627
2024-01-08,-0.2436622362266141,-0.1603705343497168,0.3033407166415773,0.8336376038315049,1,0.6690640317576824,0.6448148488998413,0.6700844425472627
2024-01-09,-0.143371077137502,-0.1350408861975028,0.9994224039134834,0.9411986489104124,1,0.7611919014034787,0.7571299076080322,0.7005280196355699
2024-01-10,-0.2858919610354524,-0.1459106598944404,0.8753718865807436,0.9820871039408756,1,0.7657050624160939,0.7571299076080322,0.732291265673005
2024-01-11,-0.5221682719438572,-0.1937236580769306,0.0196398185420272,0.9523938916030636,1,0.6764244397569684,0.6472523808479309,0.6005461918077237
2024-01-12,-0.4078453124129224,-0.1678940023687551,0.9819632147987464,0.7949750025352053,1,0.7998362040863505,0.746139645576477,0.7358752783063208
2024-01-15,-0.8420340734698271,-0.2162234128827987,0.1369626621255238,0.8500776599683221,1,0.7560169692703375,0.6303462982177734,0.6476196418550599
2024-01-16,-1.1122596920410026,-0.2648110190159032,-0.275506415331484,0.4084215230956197,1,0.6869582439698397,0.5185199975967407,0.5017286318921067
2024-01-17,-0.6581274183384502,-0.2755438502246042,0.3263626068106415,0.2501802006081824,1,0.684552434260962,0.5955525636672974,0.6119779057224686
2024-01-18,-0.6752385687793564,-0.2482280406613386,-0.2409894975311031,0.1650872093982537,1,0.5893423187344399,0.45761847496032715,0.4877005484037492
2024-01-19,-0.5443008698636159,-0.1830131137316518,-0.1775851770596627,0.378231995549436,1,0.6112025311016597,0.5407840013504028,0.5657754374859836
2024-01-22,-0.4608309538639469,-0.1939747394440839,-0.1849762176002218,0.4983419031175773,1,0.6094740282696854,0.5677051544189453,0.5844786343610763
2024-01-23,-0.4277796156874288,-0.2434079278515657,-0.4195885575130508,0.6279324856462526,1,0.5758493894813611,0.5677051544189453,0.5746316295675985
2024-01-24,-0.5624779973875872,-0.253668009806119,-0.3220027324442242,0.7699617419136486,1,0.6330694748644482,0.5677051544189453,0.5241877137991433
2024-01-25,-0.7486621009496897,-0.3406997852377689,-0.2348181839532057,0.7508429734651657,1,0.6669491432681545,0.5447554588317871,0.5342559958333833
2024-01-26,-0.7797718713225905,-0.3099840345622153,-0.5270107334848962,0.6578078941540074,1,0.6175079541374799,0.5447554588317871,0.5241877137991433
2024-01-29,-0.6063120183581955,-0.3568079778052535,-0.6063280849990216,0.7597938239743139,1,0.5815321125226568,0.5447554588317871,0.5241877137991433
2024-01-30,-0.5914955169143652,-0.3670118351383495,-0.2789137168273547,0.799067045631736,1,0.6367401225688744,0.5447554588317871,0.5342559958333833
2024-01-31,-0.3392372630634818,-0.2580939259149803,-0.5399758746828026,0.9177687263365656,1,0.5760162165806907,0.5677051544189453,0.5241877137991433
2024-02-01,-0.8194428846794074,-0.3483019418482784,-0.8243911000944523,0.8523514603832834,1,0.5963599776070946,0.5579048991203308,0.47028659051195937
2024-02-02,-0.4753823899310693,-0.3578357362329546,-0.6015090322821326,0.3278849527593294,1,0.5003810981233114,0.48851877450942993,0.4579298279223662
2024-02-05,-0.5290175279633381,-0.4491605612859556,-0.3729375794262605,0.2947434753478105,1,0.5350388208824692,0.5391895771026611,0.5164227075183999
2024-02-06,-0.3905740927784953,-0.3775610379866345,-0.070272911643654,0.4305321842105405,1,0.5872618825674167,0.5821768641471863,0.6012869462521777
2024-02-07,-0.3347236704160275,-0.38795056790958,0.0769023796058879,0.5091418147797757,1,0.6108169445549646,0.6182870864868164,0.6455514799594169
2024-02-15,-0.1432814737367724,-0.3165187026651259,0.4349211242729605,0.6256670883907827,1,0.6573427830953964,0.627092719078064,0.6232448116496547
2024-02-16,-0.0016984114508743,-0.2863542048951087,1.0666356632907856,0.6275218352770096,1,0.7306889901894215,0.7394534945487976,0.6983564247878519
2024-02-19,0.1107885154001668,-0.1308347647851978,1.0661604460078251,0.6512460640854315,1,0.7311294344927379,0.7401050329208374,0.7165937866633397
2024-02-20,0.3499771549446125,-0.016848484066482,1.4462275862152698,0.6858968734687754,1,0.7592274207452048,0.6759955286979675,0.6472375688037204
2024-02-21,0.3070480310460054,-0.0288884948910971,1.162852477998036,0.6251525261935722,1,0.7208076073807104,0.7343675494194031,0.7165937866633397
2024-02-22,0.2773198265932786,-0.0410351948181459,1.525619885113199,0.7513162448631909,1,0.7830112769443763,0.7343675494194031,0.7282088163771637
2024-02-23,0.1672154186124937,-0.1372730872963917,1.1629874717559008,0.8519062022709251,1,0.7562264123792531,0.7401050329208374,0.7165937866633397
2024-02-26,-0.6088970190360964,-0.4461054422909846,0.3457607237885131,0.8659672402503292,1,0.7375127315856735,0.7849233746528625,0.7817409281350298
2024-02-27,-0.1390160669979713,-0.3712640128603385,0.1627450255812597,-0.1720133038925161,1,0.5022325734801565,0.5354040861129761,0.5434095685633799
2024-02-28,0.2199370970369326,-0.2527422036165267,0.4337500231863076,-0.2518140261305583,1,0.4825474026756495,0.6141703128814697,0.6138571677065247
2024-02-29,0.3036900360555959,-0.1338685684891301,0.5468975916040438,-0.2525952987371395,1,0.49912999552069237,0.5673434138298035,0.5842932129392424
2024-03-01,0.3179632874565498,-0.1904137459974507,0.3439060852625506,-0.0864508991622534,1,0.47851616122068413,0.5914251208305359,0.62129454478243
2024-03-04,0.6088949911566789,-0.1135137779213981,0.5551694317467143,0.0930289317136393,1,0.4928399462929259,0.4597397446632385,0.5039034643441016
2024-03-05,0.6965404095913408,-0.0807949146577464,0.3510745824486748,0.0650703003326347,1,0.44141589036997914,0.4597397446632385,0.5039034643441016
2024-03-06,0.8137514735204978,-0.0478506889862036,0.4999929251676003,0.1668144501173959,1,0.462187127833507,0.4597397446632385,0.5040640493810263
2024-03-07,0.2937417437001293,-0.1061819985047611,0.1780643127189665,0.2310355630617293,1,0.5082411466211425,0.5376957654953003,0.5554190295296865
2024-03-08,0.4846313990181991,0.0664760269609309,0.1980760038954278,-0.1290761189755201,1,0.4449881354455473,0.41902872920036316,0.4422704571055015
2024-03-11,-0.1517009457222274,-0.179947186335819,0.2842953213562494,-0.0573127590403395,1,0.5623437128914517,0.6174557209014893,0.6285606154551586
2024-03-12,-0.5298552609944871,-0.191921455958545,-0.5096473685638004,-0.5465295261974467,1,0.4301729774223298,0.45227673649787903,0.47537350373530896
2024-03-13,-0.3439516042117835,-0.2989307617293399,-0.7145127808648996,-0.6500251470452653,1,0.3390832003315324,0.33067891001701355,0.3541445795367085
2024-03-14,0.5041372370087979,-0.166601154026084,0.0374319629274818,-0.4632143570248697,1,0.3463821991832523,0.36653468012809753,0.40147242240269293
2024-03-15,0.3245458082158867,-0.0819885919634891,0.1515929241246328,-0.7769197946896295,1,0.3642499340157016,0.36655673384666443,0.4492708537681527
2024-03-18,0.3440858895173273,-0.0455272550992942,0.1616366270785625,-0.5650580277635423,1,0.39386541635880135,0.3439024090766907,0.37227579577513603
2024-03-19,-0.4538650290961106,-0.3033421357584975,-0.894359848667468,-0.3172135436720869,1,0.37557369692012116,0.33509764075279236,0.3638156090469341
2024-03-20,-0.5243073184810899,-0.3645137931790105,-1.2428545218047626,-0.9955187853643576,1,0.2507716893657818,0.34712621569633484,0.3868160217054266
2024-03-21,-0.0763682717074879,-0.3255325979885336,-0.5849668780624805,-0.6895681522809044,1,0.3106777713798837,0.3889574408531189,0.4030586730458288
2024-03-22,0.3528142137549033,-0.2363582535958554,-0.4207728421118197,-0.6754171040784421,1,0.27671002004487194,0.3467823565006256,0.37462370158296693
2024-03-25,0.3603672489217867,-0.2481309951766732,-0.1397016162039154,-0.6685236550023982,1,0.3149109875336187,0.36139094829559326,0.46110766515549917
2024-03-26,-0.1903518148819125,-0.2598357573726595,-0.3325234722576669,-0.4008140127109026,1,0.41269432388451904,0.49750033020973206,0.48259321631629537
2024-03-27,0.2571593820360535,-0.0620335422077118,-0.1883095759518272,-0.7006637040956176,1,0.3378531100804115,0.40485578775405884,0.4349203900642428
2024-03-28,0.3026762764785659,-0.0737982320610875,-0.6110870143513175,-0.689224153139088,0,0.2705723636751421,0.437333881855011,0.41174473620588337
2024-03-29,0.3775748065505575,-0.1389116163153027,-0.5685842312293323,-0.4314173892532174,0,0.28845914515215076,0.35637369751930237,0.3552507685324419
2024-04-01,0.0799131900064109,-0.2580944321685115,-0.5410737742649785,-0.2317064151640197,0,0.3540978281652667,0.5297206044197083,0.5007638356150501
2024-04-02,-0.1084002360057159,-0.3054087441012681,-0.1223510107971551,-0.2381626984487281,0,0.4500637906432956,0.5902378559112549,0.581468761769633
2024-04-03,0.1209461680056161,-0.3159210646144457,0.2457324314245703,-0.1340931981029062,0,0.4827747623393148,0.6120162606239319,0.621147670832764
2024-04-04,-0.4267042831668531,-0.4889062685211398,-0.7641920404871445,-0.0596332937947392,0,0.4072781595460367,0.3434494733810425,0.3766751056536663
2024-04-05,-0.7336558617067608,-0.6068234317380244,-1.411724422127327,-0.4261332185347558,0,0.3019980699218509,0.4834997355937958,0.4859005567840148
2024-04-08,-1.277308344828821,-0.6135506950248654,-1.5557214988691743,-0.4653159229965993,0,0.3649155053025165,0.21841216087341309,0.18523276879732925
2024-04-09,-1.671839357602292,-0.7292997987514631,-1.3188511566425405,-0.8295746208389299,0,0.4133212642535761,0.5522347092628479,0.6352961048824491
2024-04-10,-1.1746530571336629,-0.7906700644413066,-1.2664514687724648,-0.976392851221483,0,0.31146532256233694,0.398173987865448,0.43599625932387087
2024-04-11,-1.4095286988347409,-0.7398222679719876,-1.8993193809557265,-0.894302647612839,0,0.27298590930533934,0.23497991263866425,0.21491790005505015
2024-04-12,-1.4756870921678331,-0.8566748606572379,-1.9942575920490728,-0.8204435271977898,0,0.26846460210336753,0.23497991263866425,0.21491790005505015
2024-04-15,-0.8987046504654969,-0.5230405914262923,-1.8463799200110989,-0.5754459132119504,0,0.2579304553913906,0.23626895248889923,0.18781782682765727
2024-04-16,-3.0,-1.7649645463775747,-2.146580066679755,-0.6181867743819971,0,0.44113009531093256,0.6514187455177307,0.631589209767393
2024-04-17,-3.0,-1.977923131101815,-2.209487162328396,-3.0,0,0.14290915570977492,0.20420488715171814,0.12096954639445813
2024-04-19,-3.0,-2.0824809366600614,-2.3855328332391568,-3.0,1,0.12469953403856412,0.20420488715171814,0.12096954639445813
2024-04-22,-3.0,-2.6710963709054365,-2.5738159784381747,-3.0,1,0.08857557215890308,0.049199242144823074,0.0359170114024418
2024-04-23,-3.0,-2.3657622655960995,-2.5738159784381747,-3.0,1,0.10029420404512175,0.08210089802742004,0.06799489444880628
2024-04-24,-3.0,-2.408203652566845,-2.5738159784381747,-2.997242291546568,1,0.0987160315681883,0.049199242144823074,0.0359170114024418
2024-04-25,-2.4049053948335044,-2.0686409526940093,-2.5261660178144787,-2.7407368973242927,1,0.09220648938639893,0.4231899380683899,0.2966329620125426
2024-04-26,-2.432114179893976,-2.227369051745577,-2.374871933041098,-2.656594600972644,1,0.09965660181950176,0.29851821064949036,0.2612981709952193
2024-05-02,-2.280468961580974,-2.111561177593401,-2.210992937546633,-2.1380134919190725,1,0.1332405050625904,0.3230328857898712,0.3509232849890876
2024-05-03,-1.8954323728915623,-1.8917538677651504,-2.1036680961995877,-1.5828862440262257,1,0.15871158151981826,0.15578195452690125,0.17393965984251092
2024-05-06,-1.764491586017665,-1.778851589938912,-1.1040555231435183,-1.2987724368835691,1,0.2835264043679702,0.44617804884910583,0.5064437131370256
2024-05-07,-1.078160755717527,-1.4946338017927852,-0.3975361012411982,-0.907229824200485,1,0.3535857817782961,0.3112469017505646,0.3504441727113213
2024-05-08,-0.8602245430699658,-1.3224971061400217,0.4984612188542465,-0.9816755557692888,1,0.46313414209308906,0.37507164478302,0.449617858804671
2024-05-09,-0.7975412823789558,-1.3210700155345736,1.2161764912228386,-0.7270724948203993,1,0.5976842820971155,0.5173378586769104,0.7159869781990466
2024-05-10,-0.8602591044060218,-1.3212248949231054,0.619523467582755,-0.4174066054995292,1,0.5564574383738696,0.4837997555732727,0.5044222325811999
2024-05-13,-0.8441164598317918,-1.3770886768318171,1.359259496015682,-0.2219162072464744,1,0.6809091120710661,0.5883950591087341,0.659496414361089
2024-05-14,-0.9072828507427756,-1.3747920557044149,1.1643739025681108,0.0296897793053974,1,0.6924252950400722,0.5883950591087341,0.6571626771236094
2024-05-15,-0.8012735213496528,-1.370018924881123,1.2294916960310451,0.153333489705874,1,0.7005007165925903,0.5883950591087341,0.6722838586517631
2024-05-16,-0.5060916790566339,-1.2490666345660997,1.2809932319815842,0.3088178322307956,1,0.6949431682307822,0.8125657439231873,0.7853597272953261
2024-05-17,-0.2379200722578977,-1.0692300693915848,1.3520007315696134,0.3054488416286694,1,0.683436524460032,0.825310468673706,0.809308595374883
2024-05-20,0.0139762926435557,-0.8307902825768992,1.5992069070102306,0.3162502323271281,1,0.7049336403432941,0.8124725818634033,0.788816050742
2024-05-21,0.1213433163312905,-0.5327430203499062,1.5538889932908813,0.3272668037106012,1,0.7132597805823561,0.8124725818634033,0.788816050742
2024-05-22,0.1699021624276215,-0.2944151706782138,1.6316983268895262,0.4331810768819535,1,0.735406021979516,0.6851705312728882,0.7453381247540466
2024-05-23,-0.0407257294584942,-0.6015248530563276,1.6093944202862556,0.5566560954338985,1,0.7433791159441787,0.7975472807884216,0.7902274954321484
2024-05-24,0.3328798271722786,-0.3582602700287589,1.5911911421474445,0.4848947407713836,1,0.7065383079079369,0.6615581512451172,0.7285354655450008
2024-05-27,-0.428211702205552,-0.7912406624018699,1.3169284516528097,0.376033988487461,1,0.7259567491281617,0.8005598783493042,0.7944936073240633
2024-05-28,-0.2701409791695016,-0.6665068696257274,1.0822426835048329,-0.5203001402047703,1,0.5820454095369919,0.7816393375396729,0.7820822800983266
2024-05-29,0.1266734896499176,-0.6052590146365529,1.1929473298863271,-0.298449968172222,1,0.5654560308779997,0.8113996386528015,0.7902677089983308
2024-05-30,-0.0686157478422775,-0.4176021184411049,0.8665864552794454,-0.2846546843296303,1,0.5770388115605664,0.7250156402587891,0.7097394670085659
2024-05-31,-0.1639060297794119,-0.4832480997851794,0.6839592384076251,-0.1977517409825316,1,0.5698415827463297,0.6900647282600403,0.6359229886520873
2024-06-03,-0.2268104232443024,-0.4828396893690994,0.1944608597198512,-0.0137446638452481,1,0.5330292169833477,0.6806262135505676,0.6487468679525447
2024-06-04,0.2361201679713443,-0.2249025117466069,0.7165274345638593,0.1721998076878532,1,0.5844354342560711,0.6278849244117737,0.6341889739646458
2024-06-05,0.2125735463680733,-0.2899387247098978,0.5162683749513656,0.0672083037023405,1,0.5382560794102907,0.5520276427268982,0.575068537928762
2024-06-06,0.123197822408787,-0.0936400524628762,0.4831645340411077,0.3119992880732182,1,0.6037461064973519,0.6865758299827576,0.7044408236595676
2024-06-07,0.0466450304774252,-0.1594991764835472,0.0146671957724397,0.4416188976958414,1,0.5578966801905526,0.6825625896453857,0.6990024648994136
2024-06-10,0.0798043701132298,-0.2252407763018826,0.7222752743571796,0.5619898940265386,1,0.6576173371955392,0.6926538944244385,0.6980602666463572
2024-06-11,0.1435166083898058,-0.2906992998268358,0.9406294842481114,0.7146214773586841,1,0.6859101472100679,0.6851705312728882,0.7453381247540466
2024-06-12,-0.089506548156147,-0.2214093053063836,0.2344615516647775,0.8246700976960163,1,0.650466731723629,0.6926538944244385,0.7040298404233177
2024-06-13,0.1923137910319796,-0.1525358702150357,0.8808262006581872,0.686459878327975,0,0.6830019603958348,0.7217615842819214,0.7571856324031084
2024-06-14,0.2094263931819972,-0.1503769839328897,0.4534190446573299,0.6449342854832577,0,0.6188833246720717,0.6865758299827576,0.6929757113745104
2024-06-17,-0.5788326421160862,-0.5579404240423519,0.0633457129780577,0.7891096339068296,0,0.6623286597831182,0.7606712579727173,0.7296458888897568
2024-06-18,-0.7127827769946907,-0.6230815587905055,-0.5602942090542491,-0.2795844905888577,0,0.45564210316333853,0.5134694576263428,0.5202259603136309
2024-06-19,-0.5368707675773271,-0.5503651454000045,-0.7171920978746469,-0.1534249456174189,0,0.4276480898835965,0.3450965881347656,0.30601987414824283
2024-06-20,-0.5517507372853545,-0.8265034607217043,-0.4455442345890673,0.0356018308909025,0,0.4487940250046427,0.5455518960952759,0.5611156016824785
2024-06-21,-0.5627339949288608,-0.8228722554836,-0.3837048639512273,0.2583438046656406,0,0.49106285364270585,0.6252291202545166,0.645106694866405
2024-06-24,-0.645488240608806,-0.8196371417283812,-0.7544822510392721,0.4522687255466853,0,0.47364795112251384,0.40198782086372375,0.5104652278486741
2024-06-25,-1.536765619385082,-1.4529259136676098,-1.337362358407522,0.5324970302772914,0,0.4728489555123476,0.5849773287773132,0.46894934469038124
2024-06-26,-1.3019776549143625,-1.3023955826549989,-1.4419744682018585,-0.74688175437577,0,0.27878851550352035,0.33605408668518066,0.3136658006571127
2024-06-27,-1.147008973677258,-1.2235232243799392,-1.667177647206708,-0.4689236867616506,0,0.2624059347284439,0.16213726997375488,0.17191330274827707
2024-06-28,-1.19311973143491,-1.359829777187211,-1.6589053713707491,-0.1872608668080935,0,0.28244053035361527,0.22139236330986023,0.2230040877900485
2024-07-01,-1.6394485449980984,-1.638920270900282,-1.8696542866782495,0.0012610083619784,0,0.3150209900957689,0.34617504477500916,0.42440917592926625
2024-07-02,-1.3430469895341466,-1.1674365617696294,-1.67909432898674,-0.3897650553727751,0,0.3114971830282321,0.18802140653133392,0.17191330274827707
2024-07-03,-0.9553881709938205,-1.011198472254759,-1.2790691956534554,-0.197823180614399,0,0.3415891050452427,0.4293396770954132,0.39177692963789573
2024-07-04,-0.7941087568554994,-0.7051018803674552,-1.4689305877448475,-0.1080672620703402,0,0.33921752698323526,0.4489475190639496,0.4522390319604921
2024-07-05,-0.7735538574967897,-0.7770488635152649,-1.5796326784333974,0.1132191853940726,0,0.3340382327766079,0.22865374386310577,0.24589116724803048
2024-07-08,-0.7856137880895002,-0.9236144122047436,-1.159372509187795,0.3606139681383096,0,0.4083461582660627,0.592598021030426,0.570892596943431
2024-07-09,-0.6781914304928786,-0.9175548143291208,0.0770414309861697,0.5334523291505155,0,0.6103523886907921,0.6635223627090454,0.651743322208031
2024-07-10,-0.2938641257716691,-0.6805935086479591,0.3787158836255437,0.6932799398615727,0,0.6367283329637269,0.693927526473999,0.670472570942293
2024-07-11,-0.5024544174805676,-0.6757610256145613,-0.0030453711892185,0.6293670697606534,0,0.6125781427714279,0.6635223627090454,0.651743322208031
2024-07-12,-0.4890518942193456,-0.7486908791878678,-0.2335028344866435,0.5448059171413109,0,0.5499932950978861,0.6252291202545166,0.6142155757915227
2024-07-15,-0.5755971871119219,-0.8207601350347808,0.6457452928034678,0.7316651180992008,0,0.7121423787434212,0.693927526473999,0.670472570942293
2024-07-16,-0.5127300390756009,-0.8928558059653264,0.7266607381361733,0.7704687742836409,0,0.7061737999627964,0.693927526473999,0.670472570942293
2024-07-17,-0.5763279836230832,-0.7261491961342884,0.3574372749330303,0.9233987296473786,0,0.7069210214409314,0.6902874112129211,0.6987667308694395
2024-07-18,-1.3595976112737995,-1.2820038315086872,-0.2690607346993822,0.9628935291269698,0,0.6870404893173018,0.6212180256843567,0.5765978743040213
2024-07-19,-0.9634972008445724,-0.784993351010595,0.3408104031262141,-0.1932645270240361,0,0.6341575258241797,0.4511835277080536,0.4629053112721943
2024-07-22,-1.3492347317163085,-1.1898071642552,0.0187093639421489,-0.0920350312921301,0,0.5951782042727444,0.4511835277080536,0.43130935539665166
2024-07-23,-1.797764953245582,-1.5128817736877964,-0.4806621339597297,-0.3294486746033945,0,0.5177098833334004,0.6226586699485779,0.6201464756791333
2024-07-24,-2.451319189375277,-2.1605345274661305,-1.0858950912687,-0.6452993886042439,0,0.3962774256907236,0.6719051003456116,0.6277433663994831
2024-07-25,-1.9627625810034512,-2.137583191065035,-1.1654620873018475,-1.273408497550982,0,0.2451513816837072,0.4497196078300476,0.5266698361747323
2024-07-26,-2.00442631113012,-2.036663446147101,-1.2066099807012374,-1.0042867455667726,0,0.2822407939736313,0.5784813761711121,0.5978530350509376
2024-07-29,-1.602241610588279,-1.6863263723326931,-1.0534418344433054,-0.7162919757172307,0,0.3138159192343051,0.5301126837730408,0.4274551069812019
2024-07-30,-1.465961213444374,-1.3333753005854276,-1.2174513604341164,-0.4970061472188289,0,0.3410937667925695,0.3495735228061676,0.33369484320931553
2024-07-31,-1.6393686382648252,-1.4115914752427772,-1.4121598698064812,-0.1362076833304646,0,0.3632966711136799,0.32672837376594543,0.3309367424561859
2024-08-01,-1.5732793485578007,-1.403013911564697,-0.9790269760599176,-0.1143906272239837,0,0.4263830288691582,0.4655354917049408,0.43443224324721774
2024-08-02,-2.540160372585344,-3.0,-1.5105371966369012,0.1913904977003203,0,0.2832666294838251,0.40104490518569946,0.43285366678578296
2024-08-05,-1.9774028343358705,-2.6551617841394237,-1.3279387403751957,-1.1945454692739028,1,0.17078734299364476,0.3266748785972595,0.3322498041214662
2024-08-06,-3.0,-3.0,-1.7223040162491527,-0.971186907957912,1,0.23697029649416243,0.2678427994251251,0.23953942093322267
2024-08-07,-2.4946269255040177,-3.0,-1.2453434455692556,-3.0,1,0.11039962640744318,0.11533592641353607,0.11815291361988822
2024-08-08,-2.2024488544808154,-3.0,-1.0485543102829231,-2.758800432637983,1,0.1097326413455793,0.21601548790931702,0.3015245715422871
2024-08-09,-2.296793114369518,-3.0,-1.076936577885327,-2.0259383345009563,1,0.14999632229623105,0.3230106234550476,0.3015245715422871
2024-08-12,-1.7106434815945697,-2.494970722582192,-0.8501642812689538,-1.6292285407330698,1,0.17864017696293708,0.2940722107887268,0.2616124457115905
2024-08-13,-1.4394716755413968,-1.906952509132396,-0.6035677350974968,-1.3372577588989405,1,0.2648699616840829,0.3195256292819977,0.3744824591910629
2024-08-14,-1.4807851747651384,-2.048161924450507,-0.2092182058198438,-0.8977756372953164,1,0.34646612803435334,0.45502331852912903,0.4369072100779867
2024-08-15,-1.481457889288204,-2.1841663824971103,-0.2420015890684265,-0.5821939877375555,1,0.3476826416991944,0.3538859188556671,0.39399215865675324
2024-08-16,-1.6294076351912017,-2.39575748362188,0.4013493258971818,-0.2808715330558211,1,0.4779751782250601,0.4774036705493927,0.4040067374963467
2024-08-19,-0.4152900633008021,-1.3052834886677942,0.5950401055930463,-0.2085751691331623,1,0.48219752449966474,0.6160931587219238,0.6076217366020671
2024-08-20,-0.1004903222485072,-1.0415709294353754,1.2716805720346145,-0.6562885930065657,1,0.5480982853785857,0.7988660335540771,0.7871284961646865
2024-08-21,0.2499319548226001,-0.8597097648030061,1.2195396310786286,-0.379322141283407,1,0.5292330463751065,0.7988660335540771,0.7871284961646865
2024-08-22,0.4013376891142987,-0.7612242004220878,1.2480440470756695,-0.1734379114721461,1,0.5409446486960156,0.8332694172859192,0.9044122636974893
2024-08-23,0.311593135197687,-0.836711401199859,1.4664249636845217,0.1176133253999015,1,0.606913367736228,0.7697680592536926,0.7761918444776087
2024-08-26,0.3542592725609623,-0.6540968969206844,1.2850533348413482,0.3098987485532073,1,0.6152767430974176,0.8447412848472595,0.8728515349578911
2024-08-27,0.1481343194464076,-0.9038271839869612,1.4455245246351405,0.568760295212848,1,0.6579406340195947,0.7916876077651978,0.783241796219765
2024-08-28,0.1255683837293503,-0.8055231870049199,1.355612868173027,0.5531933769292596,1,0.6616934023581234,0.7916876077651978,0.7882780430029828
2024-08-29,0.1013910559447,-0.9680347286062606,1.4459144145216525,0.7441210044382799,1,0.6696145170890582,0.7916876077651978,0.783241796219765
2024-08-30,0.0206444494699366,-0.8674464589432412,1.5669463572424829,0.8957182807607439,1,0.7261158538695888,0.7912808656692505,0.7913660111946562
2024-09-04,0.0592423177734623,-0.7661335895590204,1.239521642905921,0.955765055300294,1,0.6916682008852427,0.7912808656692505,0.80394323742365
2024-09-05,-0.1156455179155273,-1.0209186174149494,1.2755954445331563,1.1286533224394266,1,0.7001794006839096,0.8074828386306763,0.7876174087667855
2024-09-06,-0.4013335658901563,-1.0965787005832917,0.6863853286544846,1.0265449913880431,1,0.6366797417706522,0.6628142595291138,0.6592783182776563
2024-09-09,-0.2865215744926215,-1.0824922543761206,0.8669437605587048,0.7822059193895302,1,0.6284161313831913,0.7793099284172058,0.7299340863597239
2024-09-10,-0.4082986555841614,-1.3414820295826455,0.6197540960278695,0.944724965390756,1,0.5794754846219912,0.48152264952659607,0.6632543727082468
2024-09-11,-0.7335653745265293,-1.5999697109204067,-0.3348292338982433,0.9135071683797912,1,0.4267403994450502,0.5278199315071106,0.5576033409794783
2024-09-12,-0.7718351153767324,-1.490707731776464,-0.7205063424699091,0.6217401964846713,1,0.3627607854845413,0.2819466292858124,0.2890465847553221
2024-09-13,-0.7040592287458899,-1.102840061454343,-0.458975146417233,0.7192143585609259,1,0.4682435309345549,0.5430662035942078,0.5445139033817507
2024-09-16,-0.5948216963540721,-1.1825557721452122,-0.587234916361222,0.9153893277410514,1,0.4290808875878199,0.5424399375915527,0.5797194204522328
2024-09-17,-0.940916687290808,-1.6409410699857734,-0.6321377633525967,1.06737225781482,1,0.4200732401145639,0.549898624420166,0.5328589967866884
2024-09-18,-0.3201745004929163,-1.0503883718293976,-0.4598475335500618,0.7143189043003748,1,0.4058494954119224,0.5934368371963501,0.5618082298566331
2024-09-19,-0.1093852266880795,-0.9393043490157466,-0.2882605937637952,0.5749851500268058,1,0.42545287796119613,0.6023298501968384,0.6055575550047129
2024-09-20,0.1531789782913394,-0.9252533288111712,0.044671019542273,0.7072491394355138,1,0.4514484756722801,0.6954958438873291,0.6837932461590436
2024-09-23,0.1947942374420876,-0.91137457147668,0.0494514661708292,0.7852856730729415,1,0.4546022624912139,0.6954958438873291,0.6837932461590436
2024-09-24,0.048812830600044,-0.8974471016504626,-0.0495031212100653,0.965245281274184,1,0.48240897405283834,0.6994531154632568,0.6891883651841886
2024-09-25,0.3607375343428441,-0.7844211282852013,0.8841441131733364,0.9275553218962176,1,0.6013462608684279,0.8643428087234497,0.8464291365618751
2024-09-26,0.7738788407226874,-0.4709828727697868,1.2220470301517727,0.9396970762235948,1,0.6347775922626507,0.8829248547554016,0.8803237024998645
2024-09-27,0.8219813981654335,-0.2568915039421295,1.2724057339359225,0.8795068063687804,1,0.6598233478828012,0.7782478332519531,0.8328798853960017
2024-09-30,0.7393607624212623,-0.2505523236780875,0.9231995552066125,1.0176378146021992,1,0.6309357298018982,0.7817121744155884,0.8328798853960017
2024-10-01,0.646454286599614,-0.0447655942712885,1.1606853832377135,1.082525730875083,0,0.7144243771659653,0.6737370491027832,0.7459187338717425
2024-10-02,0.7509103644954368,-0.0058916738709223,1.1914132580957228,1.1252822586730455,0,0.7120632108487103,0.6737370491027832,0.7192884596451778
2024-10-03,0.4367918322335258,-0.490165094963036,0.9978820249847676,1.1988269109338665,0,0.6730245730341237,0.8829248547554016,0.8775648352522837
2024-10-04,-0.0539183810336818,-0.9704404055814128,0.4133357076418535,0.9621724467705712,0,0.5683421260095273,0.6994531154632568,0.6891883651841886
2024-10-07,-0.2171909606059657,-1.0544973183714013,0.2886148707619775,0.5140081976398211,0,0.5197674026880605,0.6954958438873291,0.6837932461590436
2024-10-08,-0.1864820952161817,-0.7522328574274155,0.2873765584007987,0.5099786934257122,0,0.5600302819977485,0.6954958438873291,0.6837932461590436
2024-10-09,-0.1435074729259379,-0.9407888890713242,0.0767802189178189,0.7110748787688664,0,0.5067572409205255,0.6954958438873291,0.6837932461590436
2024-10-10,0.1908759255249112,-0.5432750204749395,-0.6087561717853724,0.8911410357851777,0,0.4093630459277041,0.6019865274429321,0.6115291834897633
2024-10-11,0.1687476989053877,-0.54041731559721,-0.38589076507504,0.862644423928375,0,0.4485861539527963,0.6019865274429321,0.6115291834897633
2024-10-14,0.3320618842696283,-0.4387920917219339,-0.4966485769857899,0.9672875899317998,0,0.4269216167734611,0.693390429019928,0.6213371978736961
2024-10-15,0.1883693852271579,-0.6305690579287468,-0.4592083282933202,1.0269512217111885,0,0.43461490486727067,0.5982862710952759,0.610047563658984
2024-10-16,-0.1991640854634595,-0.916400810492432,-0.9642055255911568,0.9768948492831476,0,0.3691962588458289,0.3305084705352783,0.3496869399703494
2024-10-17,-0.3199553115688563,-0.905261104223037,-1.1809713189921378,0.6239278091258216,0,0.3252533392915148,0.2630218267440796,0.2674424871366387
2024-10-18,0.0009714059996112,-0.7951917502438816,-1.037373591198005,0.6287142822464307,0,0.30257701568869366,0.2752492427825928,0.3021505067122187
2024-10-21,-0.1174671368363079,-0.6883338681865984,-0.8616432213161732,0.656144456599022,0,0.3649780469784618,0.2752492427825928,0.31527425593559827
2024-10-22,-0.3719473857808028,-1.172962065353616,-1.082329169786166,0.6687991389240686,0,0.3034865567567788,0.2752492427825928,0.31527425593559827
2024-10-23,-0.6591243489099866,-1.5543214050962686,-1.0663416982443366,0.5236327498107027,0,0.2876277436008965,0.30504146218299866,0.3513055759530363
2024-10-24,-0.4873756649202222,-1.5500550757407523,-0.9227494764103352,0.3561615047356121,0,0.27310380124892436,0.29239144921302795,0.3201009493110787
2024-10-25,-0.9117699476146736,-1.629992124556272,-1.1127819819256424,0.4970737202199992,0,0.30585430105040046,0.324660062789917,0.3227500207607164
2024-10-28,-1.0122279962418117,-1.9899395891393097,-1.1309113781825433,0.1455093210457335,0,0.248965096515668,0.3093584477901459,0.30067315749686135
2024-10-29,-0.8639602361187411,-1.5831865029475796,-1.167557638635221,0.2184020185924645,0,0.27819962319262,0.26354140043258667,0.30114152458448784
2024-10-30,-0.5963172869422645,-1.3780909320262096,-0.5107144003056936,0.4133037670353687,0,0.3801638886637597,0.5508484840393066,0.5366377750361848
2024-10-31,-0.6624204854689052,-1.59022233374775,-0.7112620426017604,0.5005004841313543,0,0.3346511256595729,0.3197742998600006,0.35639677434988914
2024-11-01,-0.6213171401517722,-1.2166259974360365,-0.7275255035560935,0.6029374958288205,0,0.387289378556022,0.2920215129852295,0.31527425593559827
2024-11-04,-0.9623990840741437,-1.9225923462567915,-1.06821121721315,0.7938645619358242,0,0.3016667337386614,0.30604493618011475,0.3387355070760658
2024-11-05,-1.3654654525142462,-2.1665712995629387,-1.026046242048296,0.5479846931885731,0,0.3179115576397169,0.2982354760169983,0.3387355070760658
2024-11-06,-1.2780337471759784,-2.0817604585549088,-0.8319755591187068,0.2903335985956526,0,0.327279868988306,0.33019062876701355,0.3654666381957244
2024-11-07,-0.4999220133939808,-1.081764574370682,-0.4067689704603713,0.5100681293656864,0,0.4340172944905021,0.5288015604019165,0.5237782198124897
2024-11-08,-0.45004079420883,-1.393599949541008,-0.327729220493675,0.2566588101361752,0,0.37180126631193333,0.5615390539169312,0.5529022877440726
2024-11-11,-0.5409663028130186,-1.6934509616331592,-0.5632131818987746,0.5251868222410421,0,0.32621451984340566,0.5353171825408936,0.5310964857993294
2024-11-12,-0.6144058883452368,-1.7881881297254618,-0.5297967437524062,0.6034260202760002,0,0.33522227843346486,0.5353171825408936,0.5310964857993294
2024-11-13,-0.7027130305956811,-1.6608009689300325,-0.5963698216882635,0.6896245859395268,0,0.36328727047139897,0.5522304177284241,0.5310964857993294
2024-11-14,-0.6615620486782686,-1.2448550072375308,-0.5604235432227078,0.7212144860265002,0,0.4272785816040307,0.5522304177284241,0.5310964857993294
2024-11-15,-1.4170377537740406,-2.01189530650339,-0.6971089875940193,0.8923420849430512,0,0.4286084292293129,0.3515220284461975,0.39748621024550157
2024-11-18,-1.8830890449100253,-2.814808477950853,-0.8690522796740929,-0.164217460475335,0,0.2405785680887041,0.3593944013118744,0.47804740397591233
2024-11-19,-1.7202917969528766,-2.3642698825743005,-0.6819968742818844,-0.6125444231623363,1,0.2859279142303727,0.4119040071964264,0.49730001038200994
2024-11-20,-2.2810609708194294,-3.0,-1.091605265161063,-0.210589537931888,1,0.24033106795231435,0.4045143127441406,0.43969724888470957
2024-11-21,-1.5995614804824398,-2.8662115726279547,-1.149889824130218,-0.8794182380013584,1,0.1335910380734284,0.31888556480407715,0.3277504477050313
2024-11-22,-1.07470928482986,-2.1061828447317708,-0.7201819499476508,-0.8067979561285583,1,0.2070237872429934,0.2525498867034912,0.2604391442421085
2024-11-25,-1.136546402417828,-2.1417004088363694,-0.7586280542620307,-0.6610304277817233,1,0.2133440035040583,0.2525498867034912,0.2604391442421085
2024-11-26,-0.7778823120696811,-2.0919439192425395,-0.4762981907128094,-0.444926511405244,1,0.2175015479849129,0.4016319215297699,0.42254254056012097
2024-11-27,-0.4200849846293779,-1.8008558378432218,-0.0067116456673718,-0.2428400564155806,1,0.28530764747439835,0.4237201511859894,0.48249177872144094
2024-11-28,-0.5031097850708062,-1.8515835712476263,-0.2975926737902054,-0.081569287945553,1,0.25577004135746223,0.41562172770500183,0.41825593752767387
2024-11-29,-0.4438771270197258,-1.9748677475024716,0.2083983218870595,0.0599173826638518,1,0.315077832983695,0.45806318521499634,0.49533554276591546
2024-12-02,-0.1227573146148961,-1.6261872918355484,0.9902307644124778,0.3549406879005061,1,0.4841175308527939,0.5263438820838928,0.5189695837973795
2024-12-03,-0.0668990751744312,-1.286717406172191,1.127253825145999,0.4238731203363615,1,0.5721485590878966,0.7924034595489502,0.8360733981500539
2024-12-04,0.023647886031925,-1.3508507818682949,1.7646101213817489,0.6724336693693889,1,0.6768116262047427,0.43998074531555176,0.5853113685146436
2024-12-05,-0.3438990369990499,-1.4911501397976814,0.7146439057783253,0.8586635403554124,1,0.5422180202721998,0.4842633306980133,0.5029235206031438
2024-12-06,0.8350159992692054,-0.7671679942151048,1.4874115783156523,0.4633195978215632,1,0.5598547216049617,0.8021778464317322,0.846427404326394
2024-12-09,0.796239357988333,-0.6015956095421506,1.6169467608439376,-0.2402484503395618,1,0.5727655922234688,0.8078376650810242,0.8409053865154674
2024-12-10,0.9570234673715128,-0.5166920540447428,1.512848860881305,0.0384759023106575,1,0.5569590229002237,0.8021778464317322,0.8409053865154674
2024-12-11,0.9373298300093535,-0.4298542106212802,1.7313796532473062,0.2409213849544647,1,0.633843888353107,0.7764959931373596,0.8085814059716655
2024-12-12,0.8328375691609796,-0.5006688670580715,1.918211082690596,0.4727819819047846,1,0.6894992263400335,0.8021778464317322,0.846427404326394
2024-12-13,0.70378042344705,-0.6501668999456411,1.7209513091929316,0.566549208220257,1,0.6593671918453805,0.8021778464317322,0.8365949159971966
2024-12-16,0.4095379145483063,-0.7197997121540779,1.6291031630489798,0.6091215582703929,1,0.6887139465505993,0.8021778464317322,0.8365949159971966
2024-12-17,0.4481228995433828,-0.710371225431359,1.5930875464994725,0.4101832917952943,1,0.6534775682944527,0.8054690957069397,0.8531275580957023
2024-12-18,0.3603876223179919,-0.7014819525745347,1.3533217182148118,0.6584366990494108,1,0.6490319111254668,0.8054690957069397,0.8579027068692933
2024-12-19,0.5895595765291569,-0.4603971383606245,1.590473476334603,0.7199971302070599,1,0.691301142753931,0.7325581908226013,0.7942698606194329
2024-12-20,0.1364574018888902,-0.7701558525020932,0.2628399565418038,0.7710459229403536,1,0.4908836113774498,0.5529609322547913,0.5632442055298237
2024-12-23,0.1032902007842281,-0.6087432661828792,0.0377396534406388,0.3004491414749917,1,0.4501161007979556,0.559549868106842,0.5748822888888799
2024-12-24,0.3607984183573333,-0.6043313617626317,0.0110648863839692,0.4689225206783847,1,0.40439109425319014,0.5966472029685974,0.6221636008369592
2024-12-25,0.2628103022888211,-0.7559459233865485,-0.2792445586218138,0.541557154070009,1,0.3499272592605704,0.5140854120254517,0.5220777899847981
2024-12-26,0.7559937331345443,-0.2789688188261859,0.6385262697704615,0.601718674438977,1,0.5113715123498669,0.5831103920936584,0.5701490938810093
2024-12-27,0.6064220205312569,-0.1978669721191372,0.0631935787221347,0.4693383172218036,1,0.4405845993756614,0.5232955813407898,0.5108130673928041
2024-12-30,0.4680995272713236,-0.3508615192384902,-0.0133372787129717,0.5012905036610675,1,0.4285592730081333,0.49458053708076477,0.5010465105924835
2024-12-31,0.3368268577856981,-0.3453752380692841,-0.1872053426174032,0.5263898458363083,1,0.42722647610616665,0.46921306848526,0.44128914092709515
2025-01-02,0.1608221079817743,-0.4959164665432335,0.074120183539856,0.5486172461028966,1,0.48645801262924154,0.5482364892959595,0.5466416296961559
2025-01-03,0.2485363608522106,-0.4696859394917609,-0.0955633693515521,0.5015704613352322,1,0.43699888600305625,0.554839015007019,0.541195498353396
2025-01-06,-0.4135112843333793,-1.0281893981095571,-0.4417846712157642,0.7056228090938657,1,0.4210845534135669,0.44936397671699524,0.4503220332357279
2025-01-07,-0.9805431129933994,-1.5679439086440825,-0.6450278043957145,-0.1510021473923866,1,0.3362339636820656,0.4152892231941223,0.42441592465703665
2025-01-08,-1.0731373784463818,-1.6133311951055265,-0.9840404076405176,-0.7242614599864939,1,0.25440580275078045,0.2850732207298279,0.2969211892938142
2025-01-09,-0.7103716539267501,-1.5013590559702652,-0.8455558689174261,-0.5547363692547135,1,0.24179897738371534,0.2850732207298279,0.2969211892938142
2025-01-10,-0.8502168946667396,-1.547664930307531,-1.0723848647177614,-0.3478180793512549,1,0.23790234774478367,0.2850732207298279,0.2969211892938142
2025-01-13,-1.493921733592133,-1.6676855799611336,-1.1677031415947634,-0.2776991831902869,1,0.3208779179460867,0.23147930204868317,0.250579587630704
2025-01-14,-1.0213493684804085,-1.4034865229910474,-1.0099218257720026,-1.0128897013266844,1,0.25628139009069534,0.3082084357738495,0.31944796463743397
2025-01-15,-1.237915127406298,-1.4508282371757852,-1.1821273527602594,-0.7942283335522974,1,0.2737456849428907,0.27677419781684875,0.2888153895188155
2025-01-16,-0.6998636834566263,-1.0434893192382846,-1.1869654784122834,-0.7840761605877106,1,0.24894991126937724,0.31355535984039307,0.31231055405914687
2025-01-17,-0.4422092346651179,-0.948238350113322,-1.167049423027346,-0.6592371169002615,1,0.23119213309184103,0.2771146297454834,0.3192590583118851
2025-01-20,-0.1307667029395501,-0.778711362109085,-0.82864278177068,-0.3556335367728338,1,0.27342832598655503,0.31366926431655884,0.3449473525562516
2025-01-21,-0.1251217433358077,-0.915842243254736,-0.4554286391744273,-0.1505431358623805,1,0.3306070534224329,0.4563193619251251,0.40776990279465997
2025-01-22,-0.2504961768511498,-0.8986070723928,-0.6488734427113305,0.1237761761339206,1,0.3418235472817805,0.45905211567878723,0.4765017514300793
2025-01-23,-0.4267239764461775,-1.1082105610370032,-0.9368460082906188,0.1847107896550378,1,0.296900354799768,0.26511263847351074,0.26673283438306405
2025-01-24,0.2383202196979821,-0.4808457853170885,-0.3201835354676987,0.1563693690936684,1,0.3754709850804299,0.43603387475013733,0.40113869447082023
2025-02-03,0.469497585231574,-0.4688634670654363,0.7835459648313337,0.0067547097167001,1,0.5376702767749626,0.7804866433143616,0.817961689129164
2025-02-04,0.1406665599680947,-0.6098747145541148,0.4930030319891708,0.2126673030298875,1,0.5412488907610309,0.6072198748588562,0.5801998022169981
2025-02-05,0.7834022887315791,-0.2903414288726621,0.9689226061845524,0.0171987974996725,1,0.5398278673390348,0.7804866433143616,0.8243650122702458
2025-02-06,0.9809330469126192,-0.1259274787330282,1.0913127914238512,-0.1035066343278513,1,0.5408583489047257,0.6277689933776855,0.6108976531415722
2025-02-07,0.9533964318045526,-0.1942003015101606,1.1374457122424726,0.1293721323400913,1,0.5631533115260805,0.7804866433143616,0.797994665315813
2025-02-10,0.9058663840556426,-0.2621233429775172,1.03936388345581,0.405041066419973,1,0.5641727360485286,0.7928991913795471,0.810873202961151
2025-02-11,0.295691234822672,-0.9464026503220296,0.8333103040235889,0.616645099072723,1,0.5529718623174497,0.79172682762146,0.7957517675528316
2025-02-12,0.5728582305719978,-0.3108968735490208,1.0507545498834152,-0.0744328288978493,1,0.5893399523045256,0.7824692130088806,0.8238424343797166
2025-02-13,0.5780078648086635,-0.3777371870356113,1.1442761551140008,0.1131320231336594,1,0.6102538924298356,0.7804866433143616,0.8243650122702458
2025-02-14,0.794808600510684,-0.3668935035135062,0.8196187095895381,0.4066743709765404,1,0.5257882847237618,0.7928991913795471,0.8298387025585062
2025-02-17,0.9486276757264308,0.1911861440014982,1.0031024504448165,0.5640551525038255,1,0.6346486641636402,0.5452768206596375,0.5687183852063878
2025-02-18,0.9871303340197618,0.0423760218936056,1.053242276857118,0.7419278314414339,1,0.6264215239249037,0.5556119084358215,0.5820444330376157
2025-02-19,1.2190154335276415,0.2097099239937548,1.1053673823047316,0.978078106178946,1,0.6347802995343913,0.43528008460998535,0.47461531050150413
2025-02-20,1.7498791136493264,0.7730269757400945,1.1757732905047695,1.0321884574592248,1,0.636346039951781,0.6044831275939941,0.6076913176247508
2025-02-21,1.744848226309524,0.7834639150052328,1.080470531954925,0.8203041031728442,1,0.6080617436253184,0.6015020608901978,0.613970913010575
2025-02-24,1.726783764155734,0.716559836564996,0.9922462078848816,1.0522426221310113,1,0.5970841304055502,0.6015020608901978,0.613970913010575
2025-02-25,1.9681038298909628,1.1328654607474498,1.4203046383501527,1.2456679363100889,1,0.7042548760626449,0.39076364040374756,0.45091355172315434
2025-02-26,1.9044448063503716,1.0635606618503053,1.0571401402966614,1.230313388152836,1,0.6367550617708455,0.4233589470386505,0.45091355172315434
2025-02-27,1.8468186957941384,0.9104908518830556,1.1434349780416275,1.3649204387686464,1,0.6503316204175029,0.4233589470386505,0.490541294041621
2025-02-28,2.0402237572031567,1.078313826219338,0.9337270699824848,1.486661398919396,1,0.6037151196522721,0.4797663390636444,0.45091355172315434
2025-03-03,1.9065870450431348,1.1645151679667258,0.7377982105634923,1.431448015401266,1,0.5975130576977447,0.42072075605392456,0.49986995536691103
2025-03-04,1.9428231659481865,1.3346633300101731,1.0801746314968068,1.4392323026357778,1,0.6820740490094147,0.4461885094642639,0.4741000719924369
2025-03-05,1.8042968991939867,1.2609612409375923,0.8748138529774623,1.5157779932847308,1,0.6613318930761642,0.46472057700157166,0.47640634599186876
2025-03-06,1.2551856288433496,0.6889554468078637,0.3499759708159528,1.475543173455914,1,0.5729830301982051,0.5196724534034729,0.45520034876257215
2025-03-07,1.822807322334815,1.2046215510652836,0.8290073696334743,0.7589657150952264,1,0.598863917802828,0.3972768783569336,0.45540607086341006
2025-03-10,1.7496916509136986,1.2173491397560745,0.7555219128443853,0.5489583244825946,1,0.5870431098139219,0.3546326458454132,0.3083640875154525
2025-03-11,1.634489565744064,0.9772693200853856,0.7672565717254766,0.7139018221124713,1,0.58589888851497,0.38612425327301025,0.3432966221546227
2025-03-12,1.7207555289309973,0.991662953889786,0.7878469939489452,0.7901139501390365,1,0.5804823665091924,0.4230777621269226,0.39294392831148456
2025-03-13,1.5418690067443417,0.924341182981982,0.358707561957323,0.9368495016871936,1,0.5227831137967652,0.3210768401622772,0.3001737309654788
2025-03-14,1.0262043877695213,0.5870717627593465,0.111332904651241,0.8991888406029703,1,0.5170409347106364,0.4325818717479706,0.4056876971397605
2025-03-17,0.8471962193125375,0.4238094795428768,0.003400273742567,0.3709310435239817,0,0.4726024164242133,0.4919719099998474,0.5077288165117385
2025-03-18,1.230259009764994,0.7055532636674796,-0.0930405803579242,0.3864454865978858,0,0.42152011070003853,0.3337008059024811,0.381251499190457
2025-03-19,1.1042956065312075,0.8116141215132189,-0.4217929076927281,0.389268096653278,0,0.3926647847893972,0.2739962637424469,0.24778395568425748
2025-03-20,0.9487762517463496,0.6465565010832078,-0.5211471497838883,0.4592356568014987,0,0.38164482166299124,0.45096930861473083,0.4527085615630488
2025-03-21,0.8304284622941681,0.665392444652673,-0.866936575542779,0.4784919082994404,0,0.3383203578059232,0.3772234320640564,0.40939784974824983
2025-03-24,0.6416579172285664,0.5858567542990283,-0.9766648170862958,0.5341063983308391,0,0.29733840964711006,0.30313917994499207,0.2815751755369611
2025-03-25,0.7112799321427709,0.4099014637455954,-1.028523247830638,0.4930972077386301,0,0.2549659528182472,0.2618458867073059,0.2815751755369611
2025-03-26,0.8144430963675745,0.6157666002652601,-1.1082012441654323,0.7094829873367855,0,0.25223455217423324,0.2830612063407898,0.278333168727288
2025-03-27,0.4847590413812069,0.5354962196058489,-0.9885939245649564,0.8715347949183363,0,0.32463804278688013,0.30313917994499207,0.2815751755369611
2025-03-28,0.4233933055100857,0.3557851272959819,-0.9739075833572954,0.5713029180727447,0,0.3081157126101704,0.267373263835907,0.2623918823473261
2025-03-31,0.1334888902145493,0.2723966343602405,-1.0517539164453158,0.6508149630544943,0,0.3347191409726762,0.46951401233673096,0.4551037046585411
2025-04-01,-0.2438585184667327,-0.114196104726651,-1.2056637844975078,0.430945593247142,0,0.3147875952465652,0.27568286657333374,0.2681191418944157
2025-04-02,0.0627529148914932,0.2984315400158909,-1.1059937770674682,0.109837284916973,0,0.32478966430240896,0.46093592047691345,0.45106638097509244
2025-04-03,0.1183618389208443,0.3166270582817079,-1.2109441366042093,0.2526694396848261,0,0.29962678021232564,0.423869252204895,0.380090114742935
2025-04-04,-3.0,-2.322059533135995,-1.462673325648535,0.4893599660648001,0,0.48537502072347627,0.38317176699638367,0.3082865332052222
2025-04-08,-3.0,-3.0,-1.5508853175774768,-3.0,0,0.2775770817689705,0.26860347390174866,0.22250179391522043
2025-04-09,-3.0,-2.984698695974891,-1.5408322233622305,-3.0,1,0.2812839839774101,0.26860347390174866,0.22250179391522043
2025-04-10,-3.0,-2.9303220043027567,-1.511735250529194,-3.0,1,0.29338658181299415,0.3405334949493408,0.34599882911709356
2025-04-11,-3.0,-2.8767741026615417,-1.4897316601329822,-3.0,1,0.3042540400579183,0.3405334949493408,0.34599882911709356
2025-04-14,-2.7860373481860417,-2.215943105440604,-1.4377143750935664,-3.0,1,0.36137442459844593,0.4712308347225189,0.4568181158767533
2025-04-15,-1.922640937123548,-2.064574016848609,-1.2747373121407113,-3.0,1,0.2639129090264771,0.41821882128715515,0.3854576685924097
2025-04-16,-2.3746708384469977,-2.253334953942552,-1.3403215655318717,-3.0,1,0.3033898681031137,0.4712308347225189,0.4568181158767533
2025-04-17,-2.6137874352422403,-2.1823803032431752,-1.4228862307861672,-3.0,1,0.3372989329268139,0.4712308347225189,0.4568181158767533
2025-04-18,-2.16956366206337,-2.112854792836809,-1.4004295734652232,-3.0,1,0.2741901081383038,0.4712308347225189,0.43880322021888996
2025-04-21,-1.7110098331243069,-1.814644827663587,-0.87649377391382,-3.0,1,0.3377535756223906,0.47697585821151733,0.4716356280919536
2025-04-22,-1.887213033868793,-1.7607484979151014,-0.6673976510293166,-2.4884098014467986,1,0.4406964751326835,0.42473018169403076,0.45500918826883535
2025-04-23,-2.3909258176144115,-1.8675410845792693,0.2516827765582655,-2.228757680284282,1,0.7580188505855625,0.7250164747238159,0.8189293499653457
2025-04-24,-1.640619848623332,-1.6597903717326832,0.7807355344634543,-2.3618116914000105,1,0.7643471523293569,0.7668914198875427,0.7144309456832374
2025-04-25,-1.2003484800404889,-1.4764346400422146,0.3383856639970703,-2.1461467186848777,1,0.6228755163616694,0.38875535130500793,0.464215724377132
2025-04-28,-1.0482568721481678,-1.5988818081402143,0.4324170902261132,-1.8425287673452588,1,0.6046769529060212,0.39826658368110657,0.45528693020920724
2025-04-29,-0.9703491338230584,-1.6399556839006164,0.4633071324353525,-1.4239860167063936,1,0.5988299619032195,0.39826658368110657,0.4911420719166612
2025-05-05,-0.88095735568592,-1.524014512046023,1.23733657455776,-1.0395719370686989,1,0.7682743457991041,0.7218719720840454,0.5709617225970803
2025-05-06,-0.2150685530104233,-1.1220480188155173,1.354124961622354,-0.720524769417575,1,0.7379733429017853,0.8332059979438782,0.8510835417451101
2025-05-07,-0.1946774266439124,-1.2476103456077292,1.2499310417448724,-0.7725403393633622,1,0.6980817989675703,0.8332059979438782,0.8388884898334503
2025-05-08,0.0450383476014425,-0.9279574589472211,1.1458726092031704,-0.5115883454813425,1,0.6782239711203446,0.8332059979438782,0.8510835417451101
2025-05-09,0.5326830564041223,-0.8355057100192389,1.2164006232777644,-0.3468896649068103,1,0.6198736216238931,0.7796920537948608,0.8121312199377226
2025-05-12,0.5077748323034655,-0.8884653167108408,1.3080890066462794,-0.3553868998320093,1,0.638640259451109,0.7796920537948608,0.8121312199377226
2025-05-13,0.8768545808675802,-0.7947399820609476,1.4252829411080905,-0.1751624669913077,1,0.6122994414095867,0.7796920537948608,0.817056460931743
2025-05-14,1.2212547963033171,-0.486532914335765,1.4092402148734562,-0.1477544987179191,1,0.5851591452703906,0.7425927519798279,0.7642779393099253
2025-05-15,1.497397245911381,-0.4004411000470907,1.3520393545439702,-0.118415276145522,1,0.529040384875322,0.7261778712272644,0.7551625398118573
2025-05-16,1.5359142955205765,-0.3882644584687865,1.4051859019241475,-0.0644354904755483,1,0.5373039133049693,0.7332335114479065,0.7551625398118573
2025-05-19,1.2656502747695932,-0.3040509014174577,1.3677678516201102,0.107904148748009,1,0.5966619432649901,0.7332335114479065,0.7551625398118573
2025-05-20,0.9829380844008436,-0.4373265643397597,0.9772541232976172,0.0268498527073496,1,0.5363335475729003,0.7780353426933289,0.817056460931743
2025-05-21,1.2738678970355146,-0.3519595552150582,1.2313215545520562,-0.0734671107587312,1,0.5516077517020103,0.7332335114479065,0.7551625398118573
2025-05-22,1.287229938679317,-0.3389083169255279,1.4383659612384494,-0.025362364407365,1,0.6021972656223066,0.7332335114479065,0.7551625398118573
2025-05-23,1.0107336067758137,-0.5415545964788147,1.474368875348519,0.168233305724413,1,0.6388898536957939,0.7780353426933289,0.817056460931743
2025-05-26,1.0851738520299523,-0.381082235215903,1.5409824702607329,0.0415090211627196,1,0.6594120144344133,0.7332335114479065,0.773315109171886
2025-05-27,1.7660683907018164,-0.0736969330511611,1.543927645226851,0.2032740350908762,1,0.5577632858461077,0.5327088236808777,0.49914393260624484
2025-05-28,2.1284963802519234,0.2352880842294505,1.6517106440507134,-0.0402172214630687,1,0.5485732129129433,0.35506150126457214,0.3160670070776462
2025-05-29,1.9212396257242896,0.0242356512095885,1.5140957665885264,-0.0633787909379075,1,0.5262311381679496,0.5076143741607666,0.39781276982769237
2025-05-30,1.8900314767265731,0.1862931413410706,1.187203961673247,-0.0226740061095881,1,0.47589263493487244,0.6042475700378418,0.5711734980588505
2025-06-02,1.4420158653545825,-0.1049525772933498,1.1438184071897266,0.1651747279164915,1,0.5210140089681236,0.5466107726097107,0.6058025144398572
2025-06-03,1.7541136406568345,0.1367152689314587,1.3854453363814967,-0.1230577367912548,1,0.5449282880225119,0.5918022990226746,0.629500792768895
2025-06-04,1.9609991428763704,0.7669389875740783,1.4097735500658288,-0.0990132145395071,1,0.6004290861513791,0.6331931948661804,0.6284029884853352
2025-06-05,1.907793953401068,0.3131506170518949,1.2156341901912922,-0.0297700138983126,1,0.49804205374409444,0.6042475700378418,0.5711734980588505
2025-06-06,1.7664375241860517,0.5621302196353759,0.9986671503386072,0.1580895573427141,1,0.514973200038793,0.6331931948661804,0.6018441889129554
2025-06-09,1.3500430627206657,0.1003539798089469,0.7916814802867554,0.2258203533579363,1,0.4841583590307412,0.4918785095214844,0.5108748312816895
2025-06-10,0.8817422832683698,-0.0468923377491891,0.6063562332169194,-0.0641205598294736,1,0.5090189904864314,0.45262834429740906,0.5548221344705254
2025-06-11,1.056087413675628,-0.1149465611185015,0.3679979702412779,-0.3954572846537198,1,0.3960685411623003,0.384920209646225,0.392599423951592
2025-06-12,1.1183808527006505,0.2317878385143172,-0.090179737280716,-0.2260781327560013,1,0.32885381136389014,0.2907251715660095,0.2914468230614434
2025-06-13,1.4409012643504715,0.7549966761052775,0.0807112470463836,-0.0211556475882502,1,0.38090454146066605,0.38765960931777954,0.38979515541340515
2025-06-16,0.9985221896225116,0.2571222465382788,-0.4698532086156793,-0.0061965489283251,1,0.2771900487860211,0.2825215458869934,0.31089643781261506
2025-06-17,1.628213132716698,1.1439857872914243,-0.5827567789827363,-0.2982525657860157,1,0.24899124340674675,0.25358304381370544,0.22116977247025318
2025-06-18,1.6954854234253296,1.165623845594764,-0.4293895236757692,-0.4361382745373577,1,0.26770073523336013,0.25358304381370544,0.22116977247025318
2025-06-19,1.5999962600279245,1.0083027126928872,-0.091934297976873,-0.2149134050309216,1,0.3406522279246101,0.357006698846817,0.35568667947353555
2025-06-20,1.6187114348241851,1.1126587238151149,0.3066342684441623,-0.0532764380765755,1,0.45038219662384,0.545210063457489,0.4953421051382506
2025-06-23,1.6163846727936064,1.0335818587048615,0.4555917843538587,0.1257912528106513,1,0.4802593446680782,0.47011446952819824,0.4930054201976266
2025-06-24,1.6220341911545857,1.4156626853064669,0.0418121958010683,0.2882070950237139,1,0.4360865500369644,0.44335228204727173,0.4569428828645871
2025-06-25,1.78210039219377,1.5133533185884211,0.3037094086022803,0.4227331139486662,1,0.5215819427419905,0.9132664203643799,0.8546758471611533
2025-06-26,1.7119664711178304,1.6098458119447034,0.4975406240793577,0.439443477192056,1,0.5942987045529523,0.9132664203643799,0.885823807012172
2025-06-27,1.6761867956182264,1.4279088885894655,-0.0491453154934149,0.5474890626271622,1,0.4425654518049834,0.7400859594345093,0.6469588647187516
2025-06-30,1.7098655683357509,1.4222037391029665,0.5501178066279515,0.6647384141599569,1,0.5814328379490344,0.7332162261009216,0.5667066332310073
2025-07-01,1.9135312192055327,2.0597143576208943,0.6053976421036367,0.7100832241770768,1,0.6454559652205981,0.8978561162948608,0.8846607949499229
2025-07-02,1.767070089364394,1.6969413600204093,0.5018782892927658,0.6285826548770913,1,0.5978571507307019,0.9143751859664917,0.885823807012172
2025-07-03,2.0610566784193263,2.5983208236335065,0.9247828612854644,0.6351542754500789,1,0.7524702619058561,0.8313846588134766,0.8899380865544382
2025-07-04,1.8594233632197616,2.19150651530163,0.5660191403487073,0.4876689979157236,1,0.6623795066296421,0.9132664203643799,0.885823807012172
2025-07-07,1.951801593001533,2.168099718783885,0.8566683770077106,0.4622093237459934,1,0.7064666843541222,0.8909125328063965,0.8905638371343612
2025-07-08,2.118010941092726,2.672943393105458,1.1907787583117164,0.4744357969962022,1,0.7978641796229915,0.8360519409179688,0.8899380865544382
2025-07-09,2.155894514442516,2.9468224305636515,1.2309276618625251,0.4227924227406242,1,0.8235809534757432,0.8302196264266968,0.877133509636204
2025-07-10,2.155894514442516,2.9468224305636515,1.3639745868166062,0.3788341922488079,1,0.8416909273091542,0.8302196264266968,0.877133509636204
2025-07-11,2.155894514442516,2.9468224305636515,1.3525464459546692,0.4004664751182601,1,0.8402053591096578,0.8302196264266968,0.877133509636204
2025-07-14,2.155894514442516,2.9468224305636515,1.2282575183938995,0.4658439736360436,1,0.8232237637149968,0.8302196264266968,0.877133509636204
2025-07-15,2.155894514442516,2.9468224305636515,1.0416792685250709,0.5843809308650273,1,0.7951342276240297,0.8426300287246704,0.8899380865544382
2025-07-16,2.155894514442516,2.9468224305636515,1.0278190960634286,0.4302063089513288,1,0.7928231332564336,0.8407541513442993,0.8899380865544382
2025-07-17,2.155894514442516,2.9468224305636515,1.1376780376778337,0.4109887171293611,1,0.8099192237641807,0.8407541513442993,0.8899380865544382
2025-07-18,2.155894514442516,2.9468224305636515,1.2742530977349389,0.381429097607962,1,0.8296367564624763,0.8302196264266968,0.877133509636204
2025-07-21,2.155894514442516,2.9468224305636515,1.1947705239714057,0.3927549397585438,1,0.8183636375944469,0.8360519409179688,0.8899380865544382
2025-07-22,2.07742236798589,2.796069966994053,0.9339979084557994,0.4169475345989272,1,0.7722228914260697,0.8294019103050232,0.8899380865544382
2025-07-23,2.155894514442516,2.8528351227088486,1.0543286915804244,0.397618728985489,1,0.7882330295546784,0.8407541513442993,0.8899380865544382
2025-07-24,2.155894514442516,2.9468224305636515,0.9757843319430048,0.1820295141570651,1,0.8191583779377044,0.9573941230773926,0.9560819679386026
2025-07-25,2.155894514442516,2.9468224305636515,0.9295720123921926,0.1470964636759755,1,0.8121441500400197,0.9523048996925354,0.9560819679386026
2025-07-28,2.155894514442516,2.9442837272977376,0.948032322391358,0.1538228279327264,1,0.8147386694033072,0.9523048996925354,0.9560819679386026
2025-07-29,2.155894514442516,2.8990354883806115,1.0649033226796087,0.0379007441477984,1,0.8281802861878347,0.9573941230773926,0.9576282853982527
2025-07-30,1.652265874831164,2.124619849895097,0.3915544123152707,-0.3053770626983661,1,0.6833060190501743,0.9660042524337769,0.9708001557071047
2025-07-31,1.7817316877531768,2.1371291194239994,0.1663434718127363,-2.6830543714346704,1,0.6189231241749631,0.9591160416603088,0.9708825106433144
2025-08-01,1.7805033736981604,2.0380597608817244,0.1676730337378731,-2.2096503837946995,1,0.6024867592348966,0.9559815526008606,0.9708825106433144
2025-08-04,1.5634622563550034,2.002013632495477,-0.1862398217830571,-1.7347372741670628,1,0.5469260080087842,0.8856252431869507,0.9256500631273781
2025-08-05,1.838295037625032,2.074888919896996,0.1010026126475764,-1.451008618420749,1,0.5784782317489723,0.9479590058326721,0.9714896907076236
2025-08-06,1.6960788706136285,2.035096714161095,-0.1877187635553788,-1.3553073430233766,1,0.5255135478239742,0.907831072807312,0.9490040223098496
2025-08-07,1.9669858995716527,2.0984026110760032,0.10352735154846,-1.014630632366647,1,0.5573476894076158,0.9532175660133362,0.97454279275302
2025-08-08,2.0472510636392447,2.0517990876419896,0.1742382243678563,-1.0205604596279854,1,0.5527233070976201,0.9354460835456848,0.9511923804791843
2025-08-11,2.012993913176075,2.2256241066991103,-0.0575928321348933,-0.9021425932896686,1,0.5279674231420569,0.9282469153404236,0.9746008774301551
2025-08-12,1.9656668387091527,2.2772027282537066,-0.4368861278455426,-0.7379393362845217,1,0.44808715474204913,0.8792106509208679,0.9304651909275904
2025-08-13,1.9175754724344551,2.174541536921581,0.7682226885454463,-0.6594464289758053,1,0.7291814895359486,0.9688785076141357,0.9750939406625511
2025-08-14,1.873102751264952,2.2249277332254414,0.4590258415218076,-0.5730707585719268,1,0.6769701709319905,0.9660042524337769,0.9709670124374545
2025-08-15,1.825312884079035,2.2162363911191743,0.6827954104842263,-0.4566083631574423,1,0.7304893796889015,0.9688785076141357,0.9741918637500971
2025-08-18,1.7780189926444645,2.063525143052894,0.2344997783872178,-0.3890525216452295,1,0.61658774887667,0.9604632258415222,0.971800049493459
2025-08-19,1.7331103282798397,1.9204799494181208,0.0147300343443224,-0.4959155187658303,1,0.5482167078649623,0.9532175660133362,0.9746562565873624
2025-08-20,1.6901975535689828,1.878556510099429,0.6703030849284405,-0.3978233883019771,1,0.7040240813182578,0.9688785076141357,0.9740430452386002
2025-08-21,1.616950863870871,1.5615149701750122,-0.0105113394214789,-0.2888966245345868,1,0.5048714698373019,0.9532175660133362,0.9746562565873624
2025-08-22,1.508774660231246,1.4899712447914122,0.0028177270651623,-0.494990278671612,1,0.5420341614593266,0.9685608744621277,0.969539791842316
2025-08-25,0.915373798306752,1.1919127945001022,-0.4913969594767078,-0.2472758534559702,1,0.4684527039889526,0.5870773196220398,0.6169554541946412
2025-08-26,0.4489402432775178,1.087363066316298,-1.1562737879642315,-1.2725003838982294,1,0.3793301179845766,0.43682631850242615,0.4189512994634307
2025-08-27,1.0340037326518656,1.3979918117553627,-0.7286515786584185,-1.7961940763317186,1,0.4409805769123949,0.6272436380386353,0.5995828998813131
2025-08-28,1.006107422563406,1.334515316799405,-0.8169484553183572,-2.0361368884150948,1,0.41636822004132107,0.6341221332550049,0.6262268676783455
2025-08-29,1.079164926208745,1.3190511579715969,-1.1549630612528972,-1.5415326768175537,1,0.31442437766853365,0.2944004237651825,0.3834631149924233
2025-09-03,1.0270701870726608,1.2576672420054624,-0.9129133977715534,-1.2469724146368757,1,0.3665559754874434,0.44367557764053345,0.47444573640295273
2025-09-04,1.1266928623945154,1.4201047814961942,-0.9747342178645676,-0.8736308408476468,1,0.35520759977969085,0.36869382858276367,0.4147779933617938
2025-09-05,1.2300331019171435,1.486773053743078,-1.061284228442724,-0.7310795590635214,1,0.32635308248298733,0.8466537594795227,0.8529331090413621
2025-09-08,0.8104442531483648,1.3774215527889393,-1.3489919036242766,-0.6258018551277993,1,0.31047387997971343,0.5414783358573914,0.4259036798021537
2025-09-09,0.2084090640185691,1.2292392526668383,-1.5283282002163256,-1.099926762794376,1,0.3497681618088858,0.3224231004714966,0.3344539066546974
2025-09-10,0.2941284991711509,1.213399628324216,-0.939018674536106,-2.0303360879495185,1,0.49275496151466674,0.5586053729057312,0.5913290215135978
2025-09-11,0.2594328262660995,1.1974785890280937,-0.7870225234658488,-1.6040619191065335,1,0.530017739611323,0.530855655670166,0.563929667592315
2025-09-12,0.3449657711553721,1.1818514345128346,-1.0780006303858138,-1.1691311463645242,1,0.4308024888178049,0.4813787341117859,0.4189512994634307
2025-09-15,0.4716264289606051,1.207752463859464,-0.8237836892641768,-0.9036631209371953,1,0.47413916032578485,0.4523848295211792,0.4565584888670529
2025-09-16,0.6963967649646977,1.2736713707620702,-0.3788924387663405,-0.7359412410593315,1,0.5573745359551235,0.5870773196220398,0.6513591912652493
2025-09-17,0.5168521350361671,1.2955537525126797,-0.1308387757722672,-0.7237197444060209,1,0.6530452755951122,0.7515807747840881,0.7765641392826365
2025-09-18,0.2510267317484304,1.3172810649170887,-0.3269529052236575,-0.6762025248964689,1,0.6532055892659901,0.6455767154693604,0.7637936506805448
2025-09-19,0.1453092144244867,1.2559247151129722,-0.8286562717679392,-0.8476546192175427,1,0.5391555569935098,0.5141751766204834,0.5749108816353088
2025-09-22,0.017691755796703,1.1547136144390129,-0.7159901538650653,-0.6725965565517147,1,0.5719540942035659,0.5610446333885193,0.5839695831289465
2025-09-23,-0.2619462259186925,1.057794617471182,-0.8438516938906219,-0.5804535964658444,1,0.5720713845206354,0.5610446333885193,0.5739011126049023
2025-09-24,-0.2885808860407771,1.125245109098594,-0.7139804271328363,-0.8674474325251053,1,0.6481819054456307,0.8527089357376099,0.8600041374743969
2025-09-25,-0.0289618465061338,1.0701807054625592,-0.4677420706771497,-0.5809349985783206,1,0.6481873821193599,0.7915407419204712,0.8139966897295657
2025-09-26,0.0428957557998509,1.096326085431805,-1.0232258439985846,-0.5878289109078372,1,0.5072049238267536,0.8353182077407837,0.8560213580168031
2025-09-29,-0.1298056582389118,1.0421930927947616,-1.190161133732052,-0.3768940224973127,1,0.4789985329277195,0.7679221034049988,0.7821593088765364
2025-09-30,-0.2049991278045664,0.950201024611958,-1.0345644652668349,-0.4411226718172962,1,0.5166501678988856,0.5767131447792053,0.6466425779234687
2025-10-01,-0.328066615946658,0.940405503812784,-1.393034822092826,-0.3052872852608088,1,0.44250912762769773,0.5085644721984863,0.4971560218834144
2025-10-02,-0.2748642168836132,1.0100823628596434,-1.1720324973008862,-0.3053565859696164,1,0.5001198765225081,0.7926589250564575,0.8047513210785173
2025-10-03,-0.5146778018463718,0.8825194408279629,-1.5124699148824918,-0.0936639363723694,1,0.42802191534452844,0.43814781308174133,0.41996997115131535
2025-10-06,-0.6798457783058539,0.6016037809553378,-1.706142919186834,-0.4185305816077012,1,0.37219030333759245,0.162575364112854,0.21067066364491577
2025-10-07,-0.1418942766197141,0.9508207808268384,-0.6545936563036678,-0.5315158430661462,1,0.6020390090826847,0.5976470708847046,0.6393539719544901
2025-10-08,-0.3436027978269032,0.8241117401995017,-1.0775988486374566,-0.8997942407184598,1,0.5216270057482356,0.49294981360435486,0.522877604729863
2025-10-09,-0.242624067834796,0.891846869811007,-1.0130999753904235,-0.9531428778272636,1,0.5338285372395118,0.6647414565086365,0.6743261759884461
2025-10-10,-0.1428088724249046,0.9190707881021822,-0.7658859158631226,-0.6861039261488616,1,0.574701331414742,0.6358723044395447,0.6671057306881264
2025-10-13,-0.0029879276527796,0.8313480084443466,-0.2375415374227663,-0.4677819867975856,1,0.6565493757585797,0.4795200228691101,0.5148707701698598
2025-10-14,0.0447113922127554,0.7447004095287244,-0.099150512170562,-0.3361662847436019,1,0.66361884508221,0.5211765170097351,0.5339655336489465
2025-10-15,-0.1270053307616149,0.6991412982012096,-0.0789940510537174,-0.1213865069379021,1,0.6807965959941189,0.5211765170097351,0.5339655336489465
2025-10-16,-0.1453610568124456,0.5777502261715088,-0.2805339960616828,-0.210029907872943,0,0.6219623701785614,0.4795200228691101,0.5148707701698598
2025-10-17,0.0160333429194438,0.5731188547408488,0.164607840240319,0.0273248886532964,0,0.6902686538608984,0.5474920272827148,0.5818300094124088
2025-10-20,-0.223389082286274,0.453127475878167,0.395557152730862,0.0612948372063585,0,0.7513615319202046,0.5643014907836914,0.6080906056114965
2025-10-21,-1.1600625359649472,-0.0881943443715064,-1.1195825272970117,-0.2238350474714558,0,0.4730836925308606,0.22573857009410858,0.26634181932438195
2025-10-22,-0.9450668091668164,0.1798026868331393,-0.8501557591020077,-2.9656779998978107,0,0.6292010541104618,0.4111494719982147,0.5383871321284037
2025-10-23,-0.743385722102635,0.1393229688860719,-0.8417087959259876,-2.3684030207632176,0,0.5726049660747052,0.39898014068603516,0.427299841181479
2025-10-24,-0.794984071790218,0.137841570898808,-0.9427046830684366,-1.896424160960272,0,0.5413795096815609,0.3727337121963501,0.39432669646936835
2025-10-27,-0.8158564969245308,0.1730065212426074,-1.194710686149587,-1.4790826008093498,0,0.4758730295429703,0.2998776137828827,0.34440096926840097
2025-10-28,-0.9774126120061668,0.0145746849505272,-1.5387507796233848,-1.084406917170236,0,0.3822515361744956,0.2735472321510315,0.22357395490068777
2025-10-29,-0.6840063755484247,0.2030883334205906,-0.9006677579578051,-1.0488359823426188,0,0.5175710645996792,0.3901250958442688,0.3743399206680574
2025-10-30,-0.5080439772381282,0.3900594692094093,-0.8063606799886668,-0.9395233228735772,0,0.5389053505902803,0.3633963465690613,0.3743399206680574
2025-10-31,-0.5818383824314384,0.3437163497972117,-0.600217567381118,-0.7265404932124148,0,0.5857157977198502,0.45574843883514404,0.482060156021877
2025-11-03,-0.7390096469128847,0.4913753917936048,-0.7349364130180673,-0.5292896945026955,0,0.5947127229148603,0.3901250958442688,0.39432669646936835
2025-11-04,-1.0873031262866095,0.2526707834795074,-0.3683341108718362,-0.5447940767535618,0,0.69206180209286,0.4413878619670868,0.4399080163878497
2025-11-05,-0.7110170620880099,0.4012457757133355,-0.1448541792040612,-1.0314958057961825,0,0.7202814298404905,0.4884643852710724,0.504996549416571
2025-11-06,-0.7868754403352592,0.3951562001324603,-0.265025417105053,-1.011003489522133,0,0.7048468233129639,0.46560484170913696,0.503172899903802
2025-11-07,-0.8864435838700933,0.3872020686222538,-0.5158293653370842,-0.782945534641194,0,0.6582532421919042,0.48410430550575256,0.503172899903802
2025-11-10,-1.2813274847182567,0.0678891496304996,-0.8669887938369779,-0.6464497570633976,1,0.5849179506925624,0.3379129469394684,0.29721090414235757
2025-11-11,-1.430800368390245,-0.2118699646063676,-0.5106780165829615,-1.2329878966203929,1,0.6638013513770386,0.5552406311035156,0.540607961457372
2025-11-12,-1.2560121399475703,-0.0958467695151206,-0.651141820244379,-1.1755324814168224,1,0.6224397640176966,0.40989941358566284,0.37916380227392815
2025-11-13,-0.8856461422915132,0.2526759280834813,-0.6359175514217463,-0.8598426782247801,1,0.6135993214760884,0.48410430550575256,0.503172899903802
2025-11-14,-0.8305209809033028,0.4024923145598796,-0.5467131606629629,-0.8442898165100842,1,0.6474223425333393,0.48410430550575256,0.503172899903802
2025-11-17,-0.7551550380822253,0.394503749717123,-0.0993299735570601,-0.4790127762791609,1,0.7197785854383979,0.4884643852710724,0.5260934793421668
2025-11-18,-0.5373175835337279,0.5433432245817178,0.8306746543707745,-0.1989025450176784,1,0.8543010716051419,0.5664083957672119,0.5748772603459147
2025-11-19,-0.5165880789942392,0.3786164320849195,0.38385377109836,-0.1324089384887578,1,0.7699588006402588,0.48815983533859253,0.5372757869855709
2025-11-20,-0.684738287953987,0.3699830988402483,0.0926272143760671,0.1417139612256467,1,0.729254003823336,0.49809136986732483,0.6066789247852105
2025-11-21,-0.7256189117746448,0.2408114812652992,0.3419491804639873,0.0149346147931171,1,0.7415243152931721,0.5247853994369507,0.5188554345035201
2025-11-24,-0.8042351392256549,0.1517333108786284,0.6808716433233473,0.1664553116168159,1,0.7957360181089002,0.5813316702842712,0.5769956733506173
2025-11-25,-0.825036396489019,0.1393862672106683,0.6552777845183865,0.2142466378351162,1,0.7916866019543647,0.5813316702842712,0.5769956733506173
2025-11-26,-1.0049307879195797,-0.076944854013416,-0.2296081024672178,0.3701111638812698,1,0.6115930037884263,0.4191364049911499,0.45014561990045776
2025-11-27,-0.7043492991958217,0.3677219843175042,0.0909379032805092,0.1464303611264477,1,0.7013018614684949,0.5034626126289368,0.5065192330359162
2025-11-28,-0.7358027487846405,0.2334136421913987,0.148221862232277,0.0603995075743113,1,0.7036905816978388,0.5034626126289368,0.4771722630002524
2025-12-01,-0.8004696935077896,0.1819826354737594,0.0888423432923619,0.217481987173728,1,0.6899496990795551,0.5034626126289368,0.5065192330359162
2025-12-02,-0.8125326977378856,0.1731726066103293,-0.1509090026788975,0.2776009785468114,1,0.637729286043054,0.4542911648750305,0.4583654820437681
2025-12-03,-0.7104278327286547,0.1640568619488407,-0.2993114215071215,0.4226125875620473,1,0.5865969199023447,0.4471834599971771,0.45014561990045776
2025-12-04,-0.5336278167655231,0.2817992686862722,0.2022371213983127,0.5289647875789142,1,0.6873460126143284,0.4812069833278656,0.4853211726000635
2025-12-05,-0.4261321480741472,0.4005259163860079,0.5087521492752779,0.529188794566769,1,0.7476446180316432,0.5500397086143494,0.5844328107732892
2025-12-08,-0.5828529915437104,0.1778576803575057,0.1558698482341562,0.6044006631619819,0,0.6700359443070396,0.4812069833278656,0.4853211726000635
2025-12-09,-0.7125040740247999,0.084075407727809,0.0611699215456474,0.439041694813979,0,0.6580092690878226,0.5034626126289368,0.5065192330359162
2025-12-10,-0.8721049805055039,-0.355546258035351,0.0640105949437065,0.3436496106530887,0,0.6284830614759058,0.5116490721702576,0.487505634430449
2025-12-11,-0.9412533986270842,-0.4438535745185891,-0.5690817701638614,0.1824551961767705,0,0.48136135132925834,0.37131020426750183,0.3960397186166808
2025-12-12,-0.9983239426964604,-0.5303806968980975,-0.6781406991214078,0.2105924701482012,0,0.4510715346694408,0.325175404548645,0.3729247485302818
2025-12-15,-1.5508202242928524,-1.3391586409536282,-1.5349400304633884,0.2516436748965729,1,0.24123815922831518,0.17879758775234222,0.14007634704997762
2025-12-16,-1.482605409499642,-1.2376121316012263,-1.5121736887268311,-1.1589433291983793,1,0.27567680059678445,0.26210394501686096,0.24913314416010576
2025-12-17,-1.0473359453103497,-0.6353385489957605,-0.794402109227415,-0.7092622227991967,1,0.43947964435816905,0.23958632349967957,0.29209464606474356
2025-12-18,-1.1074396058059963,-0.6762179943676895,-1.3911214059970978,-0.7732070056947299,1,0.3102565591939829,0.21432457864284515,0.22352288673222306
2025-12-19,-1.0631782550079498,-0.5903308794972822,-1.3574553089177934,-0.5838531434269288,1,0.31756005068893006,0.21432457864284515,0.2173495073559808
2025-12-22,-0.9403826832411828,-0.5053513328500345,-0.8479388531108111,-0.2187267485855237,1,0.4167106503777774,0.24494802951812744,0.2774845222352825
2025-12-23,-0.6279520748387439,-0.2938893054617539,-0.9164673570199716,0.003390575908163,1,0.3821936762688678,0.23973679542541504,0.23251970555393286
2025-12-24,-0.6956365087232909,-0.294916670519807,-0.4589857238885722,-0.0549193792275697,1,0.49722513652662,0.413442999124527,0.3834898776283021
2025-12-25,-0.6423140959635548,-0.3402192226082562,-0.6201753200623922,0.0513780947621601,1,0.44430625999971995,0.3853096067905426,0.372287187650396
2025-12-26,-0.826215479289553,-0.3842994784714988,-1.124787405768743,0.2943674657811167,1,0.34068889190421453,0.22393780946731567,0.23091018287577125
2025-12-29,-0.8766295875717963,-0.5554487064015803,0.1289469845336815,0.0729527148802941,1,0.6194636331113617,0.5143911838531494,0.5379942992550186
2025-12-30,-0.7259891141185371,-0.5135882128957,0.5811110003870051,0.1744885210012954,1,0.6995172743709865,0.6822159290313721,0.7379627965106641
2025-12-31,-0.6414303960153502,-0.4267944979258943,0.34643732539369,0.296965946148108,1,0.6477905226749168,0.5598037242889404,0.5821024332599152
2026-01-05,-0.6554360429691883,-0.4678553853495273,0.647039374672223,0.476360794337742,1,0.7016612758819887,0.696587324142456,0.7452469014724395
2026-01-06,-0.8047285406125686,-0.7210322403618024,0.1850295591348397,0.6135862930220777,1,0.5879650156426703,0.47255685925483704,0.46124091285612256
2026-01-07,-0.6666323659305704,-0.5903227652200288,0.6364917061291548,0.4110340904977715,1,0.6901208186563955,0.6913300156593323,0.7379627965106641
2026-01-08,-0.3381918167474117,-0.3349439973905771,0.4377696293225913,0.5119390457755689,1,0.637271856902387,0.5857328176498413,0.5454511964251243
2026-01-09,-0.3863545507263444,-0.2935310770127834,0.4324672291862293,0.3301778186300523,1,0.6514432409027421,0.5923282504081726,0.5598822769343302
2026-01-12,-0.4806597409042066,-0.2556473502641178,0.148939671608228,0.4582415878455055,1,0.6003178608527466,0.5261802077293396,0.6018186835839188
2026-01-13,-0.1270661654637198,-0.0499681974907642,1.0776512763930357,0.4589047617417341,0,0.769282588824874,0.7717887163162231,0.763126204665533
2026-01-14,0.0587123808361438,0.28537326051246,1.3195055267056297,0.2310518410658708,0,0.8221105967545365,0.6929150223731995,0.7666948724424547
2026-01-15,0.0743249359344575,0.2323296519975316,1.1346507510654096,0.2571536313152315,0,0.7893410758158717,0.6929150223731995,0.7421883731221517
2026-01-16,0.1035523138437518,0.3095056781527033,0.9530865145158756,0.4786311046040364,0,0.7585206728886482,0.6929150223731995,0.7138855209882466
2026-01-19,0.0597502458194008,0.3865640564555699,1.0068150237558364,0.6476969067135764,0,0.7740291147515385,0.6827070116996765,0.700030155476126
2026-01-20,0.1292473398828151,0.420150688405059,1.2924514777646334,0.78644395080793,0,0.8120522546882848,0.6827070116996765,0.7270703785011537
2026-01-21,0.0411626081589809,0.2766721186032298,1.176907740196816,0.8541882180670011,0,0.7892569480555537,0.6827070116996765,0.700030155476126
2026-01-22,-0.1836101952125096,-0.0438598546913529,0.8967272068700739,0.8717579883184678,0,0.7121481776520312,0.555744469165802,0.5854598365324386
2026-01-23,-0.0098266959448807,0.1276595505180888,1.0633745025999677,0.5544298839895657,0,0.7483952998169556,0.5193113088607788,0.5354994083134689
2026-01-26,-0.2837049988742562,0.075486627173715,0.8648951621437077,0.5456114653642877,0,0.7339998431474702,0.5193113088607788,0.5354994083134689
2026-01-27,-0.6639345780284925,-0.2471420595781247,-0.0481344140384399,0.1615003163287681,0,0.5753303209200981,0.5592803359031677,0.5463098038068984
2026-01-28,-0.6086038986254612,-0.2986921295394803,-0.1836764308597161,-0.4682011231478595,0,0.5552596196319852,0.4537295401096344,0.47001454469111
2026-01-29,-0.6365911379173524,-0.5329731390524074,-0.6210912309638391,-0.1385275798592957,0,0.4292853842928378,0.4333358407020569,0.4267022231948738
2026-01-30,-0.5265329679042468,-0.3989369152131912,-0.7500891450800002,0.0927025299921935,0,0.39829927282748,0.24520878493785858,0.2717814439333241
2026-02-02,-0.3666699614075002,-0.2201504725705235,-0.2710081120747382,0.2680753899470939,0,0.49626437681762214,0.49413245916366577,0.4972579064670106
2026-02-03,-0.3465559265229495,-0.316496553337542,-0.5234159119518778,0.3518782185684211,0,0.42747556335783926,0.478039026260376,0.4570069188557976
2026-02-04,-0.1691991592962506,-0.136624713105721,-0.6563172659636456,0.5775871360729814,0,0.39386609554312013,0.43389490246772766,0.4396213030452418
2026-02-05,-0.1363829350249035,-0.1397128148836196,-0.2316610844596521,0.5802972030537696,0,0.47908756976126904,0.43389490246772766,0.47979457883783533
2026-02-06,-0.4349270804568055,-0.280397613527145,-1.0932961219076025,0.7492238904214445,0,0.31504551124201263,0.27105391025543213,0.2781972125484134
2026-02-09,-0.8482560331110287,-0.3291265997646979,-1.0909029305544184,0.2299145615157532,0,0.3649030350265578,0.30778977274894714,0.30693083790875214
