timestamp,market_trend,market_breadth,market_cycle,market_volatility,y_continuous,y_binary
2016-01-06,0.0,0.0,0.0,0.0,0.0,0
2016-01-07,0.0,0.0,0.0,0.0,0.0,0
2016-01-08,0.0,0.0,0.0,0.0,0.0,0
2016-01-11,0.0,0.0,0.0,0.0,0.0,0
2016-01-12,0.0,0.0,0.0,0.0,0.0,0
2016-01-13,0.0,0.0,0.0,0.0,0.0,0
2016-01-14,0.0,0.0,0.0,0.0,0.0,0
2016-01-15,0.0,0.0,0.0,0.0,0.0,0
2016-01-18,0.0,0.0,0.0,0.0,0.0,0
2016-01-19,0.0,0.0,0.0,0.0,0.0,0
2016-01-20,0.0,0.0,0.0,0.0,0.0,0
2016-01-21,0.0,0.0,0.0,0.0,1.0,1
2016-01-22,0.0,0.0,0.0,0.0,1.0,1
2016-01-25,0.0,0.0,0.0,0.0,1.0,1
2016-01-26,0.0,0.0,0.0,0.0,1.0,1
2016-01-27,0.0,0.0,0.0,0.0,1.0,1
2016-01-28,0.0,0.0,0.0,0.0,1.0,1
2016-01-29,0.0,0.0,0.0,0.0,1.0,1
2016-02-01,0.0,0.0,0.0,0.0,1.0,1
2016-02-02,0.0,0.0,0.0,0.0,1.0,1
2016-02-03,0.0,0.0,0.0,0.0,1.0,1
2016-02-04,0.0,0.0,0.0,0.0,1.0,1
2016-02-05,0.0,0.0,0.0,0.0,1.0,1
2016-02-15,0.0,0.0,0.0,0.0,1.0,1
2016-02-16,0.0,0.0,0.0,0.0,1.0,1
2016-02-17,0.0,0.0,0.0,0.0,1.0,1
2016-02-18,0.0,0.0,0.0,0.0,1.0,1
2016-02-19,0.0,0.0,0.0,0.0,1.0,1
2016-02-22,0.0,0.0,0.0,0.0,1.0,1
2016-02-23,0.0,0.0,0.0,0.0,1.0,1
2016-02-24,0.0,0.0,0.0,0.0,1.0,1
2016-02-25,0.0,0.0,0.0,0.0,1.0,1
2016-02-26,0.0,0.0,0.0,0.0,1.0,1
2016-02-29,0.0,0.0,0.0,0.0,1.0,1
2016-03-01,0.0,0.0,0.0,0.0,1.0,1
2016-03-02,0.0,0.0,0.0,0.0,1.0,1
2016-03-03,0.0,0.0,0.0,0.0,1.0,1
2016-03-04,0.0,0.0,0.0,0.0,1.0,1
2016-03-07,0.0,0.0,0.0,0.0,1.0,1
2016-03-08,0.0,0.0,0.0,0.0,1.0,1
2016-03-09,0.0,0.0,0.0,0.0,1.0,1
2016-03-10,0.0,0.0,0.0,0.0,1.0,1
2016-03-11,0.0,0.0,0.0,0.0,1.0,1
2016-03-14,0.0,0.0,0.0,0.0,1.0,1
2016-03-15,0.0,0.0,0.0,0.0,1.0,1
2016-03-16,0.0,0.0,0.0,0.0,1.0,1
2016-03-17,0.0,0.0,0.0,0.0,1.0,1
2016-03-18,0.0,0.0,0.0,0.0,1.0,1
2016-03-21,0.0,0.0,0.0,0.0,1.0,1
2016-03-22,0.0,0.0,0.0,0.0,1.0,1
2016-03-23,0.0,0.0,0.0,0.0,1.0,1
2016-03-24,0.0,0.0,0.0,0.0,1.0,1
2016-03-25,0.0,0.0,0.0,0.0,1.0,1
2016-03-28,0.0,0.0,0.0,0.0,1.0,1
2016-03-29,0.0,0.0,0.0,0.0,1.0,1
2016-03-30,0.0,0.0,0.0,0.0,1.0,1
2016-03-31,0.0,0.0,0.0,0.0,1.0,1
2016-04-01,0.0,0.0,0.0,0.0,1.0,1
2016-04-04,0.0,0.0,0.0,0.0,1.0,1
2016-04-05,0.0,0.0,0.0,0.0,1.0,1
2016-04-06,0.0,0.0,0.0,0.0,1.0,1
2016-04-07,0.0,0.0,0.0,0.0,1.0,1
2016-04-08,-0.5981058981018005,-0.5984377004593364,-1.791267083143392,-1.0759528414468456,1.0,1
2016-04-11,-0.3296283989784394,-0.7986339581547347,-0.63478124268278,-0.7238081964214857,1.0,1
2016-04-12,0.0084034881453057,-0.4508025743837007,-0.4274085633787582,-0.4685983451609961,1.0,1
2016-04-13,-0.1705715701990109,-0.52202334001935,-0.2247966739829901,-0.3220064286944562,1.0,1
2016-04-14,-0.2299962570423618,-0.2423755793892069,-0.7068643239906581,-0.1772576404954431,1.0,1
2016-04-15,0.0667975390791417,-0.0371992770076282,0.912932796753758,0.1005192399960369,1.0,1
2016-04-19,-0.10354221090181,-0.1208177118059009,1.5967704991779816,0.1914479833142449,1.0,1
2016-04-20,-1.1076069210875203,-0.7098857705402782,0.1033889718514494,0.2754923790976717,1.0,1
2016-04-21,-1.1323731619811372,-0.705630692476101,0.0760460970040793,-1.1589170900439865,1.0,1
2016-04-22,-0.7796991492926014,-0.5537802444819797,0.0767464532222595,-0.7488371041233078,1.0,1
2016-04-25,-0.1606705879020877,-0.1043586479258323,1.4058852612782522,-0.5068173369992479,1.0,1
2016-04-26,-0.1097541574185909,0.112288100298269,1.707354864163683,-0.5457314210033446,1.0,1
2016-04-27,0.2341283915917847,-0.2071961143487772,1.902706278554655,-0.1263057736979261,1.0,1
2016-04-28,0.076002089896588,-0.0601295323563556,1.132126266430116,-0.0137001626955819,1.0,1
2016-04-29,-0.2344925373345877,-0.1483410484778858,1.2695312330964394,0.1611454601357773,1.0,1
2016-05-04,0.1582194419344822,0.2355747577824551,1.0347251571908205,0.0698144144259892,1.0,1
2016-05-05,0.2024599506147878,0.0600882190059159,0.7375078836168473,0.1206661674736478,1.0,1
2016-05-06,0.1977011395683049,0.1267783611512788,1.6551129081130072,0.4308606607370892,1.0,1
2016-05-09,0.0514096050067455,0.112187925363107,1.28088968856357,0.7229465928942638,1.0,1
2016-05-10,-0.418224445594846,-0.1455641752332228,1.0526458274131054,0.7912386113882017,1.0,1
2016-05-11,-0.6173044152701694,-0.1538545045997151,0.3580047744238248,0.3436253558717017,1.0,1
2016-05-12,-0.151607375729946,0.2514485767496306,0.9093248626224738,0.3477429970863477,1.0,1
2016-05-13,-0.1453883776476452,0.2340491671723902,0.5521848501202399,0.3064880433012581,1.0,1
2016-05-16,-0.4047038347277807,0.3005936817897613,0.3718192118044982,0.6182908402743778,1.0,1
2016-05-17,-0.4315941036814551,-0.0548361374984122,0.786722553628666,0.5141065358516215,1.0,1
2016-05-18,0.2101244025069549,0.4437716050520535,0.0997846443127696,0.7254267607451739,1.0,1
2016-05-19,0.1282736576060745,0.5055590063441298,0.0480084633272118,0.4631585050665931,1.0,1
2016-05-20,0.0414507071641039,0.3110842784465722,0.3299737556270753,0.6537035407410204,1.0,1
2016-05-23,-0.1102559009009751,0.2067105968762324,0.5835053469980006,0.7974663921387437,1.0,1
2016-05-24,-0.3245665854620534,0.3635810659479975,1.279137951455004,0.8228618616216236,1.0,1
2016-05-25,-0.2428011085164173,0.3437418047607553,1.3102149169563828,0.7461687190449491,1.0,1
2016-05-26,-0.1916250108685467,0.4115044916541378,0.3534330982389286,0.910130858683812,1.0,1
2016-05-27,-0.7701918886378288,0.0396312082475723,-0.547639744741916,1.0593343209258326,1.0,1
2016-05-30,-0.4070249560617128,0.0277492614538144,0.3886170131603109,0.3879187369315199,1.0,1
2016-05-31,0.006142442784052,0.5491938487143647,1.0220992808211462,0.4117108394077023,1.0,1
2016-06-01,0.3876780448498594,0.6125761854058408,0.9976584894988708,0.3802618009146007,1.0,1
2016-06-02,0.537689374148484,0.8492493948256229,0.595737364127836,0.3606219492241606,1.0,1
2016-06-03,1.022662547420688,0.986937889548676,1.3856394021663605,0.4958123072756081,1.0,1
2016-06-06,1.0252990908215576,0.5958817797620956,1.3374479468126867,0.3457953915094999,1.0,1
2016-06-07,0.6593514903160907,0.3043969156387124,1.4560952231035278,0.5495548931826291,1.0,1
2016-06-08,1.1117454279410686,0.7297976495228092,1.309358615137059,0.3996994212219402,1.0,1
2016-06-09,1.3831631964185362,0.9614198554129793,1.058482084045488,0.2699128418613383,1.0,1
2016-06-10,1.622637077647629,0.8338634679814554,1.6160844045997913,0.2670649429648967,1.0,1
2016-06-13,1.5667213147659091,0.9725723864042736,1.544286098656848,0.2603546952146294,1.0,1
2016-06-14,0.7459513975973512,0.2320343115830815,0.9612856986607816,0.4623652186519192,1.0,1
2016-06-15,0.8722720412882352,0.1271015766048059,0.5580617782233823,-0.3617898792908023,1.0,1
2016-06-16,0.957027796884611,0.1134675127493142,0.6395874612034503,-0.1469593140742896,1.0,1
2016-06-17,1.0365105539222743,0.2800936710139934,0.8536404858299186,0.0599193798678479,1.0,1
2016-06-20,0.3906323379922223,0.1729525615844702,0.2906647926485595,0.2328217329962559,1.0,1
2016-06-21,1.0018824688746917,-0.023541682986311,0.9473981327110989,-0.332278396396971,1.0,1
2016-06-22,0.9845205593846524,0.4226961899940716,0.8131266906072269,-0.5171168231807469,1.0,1
2016-06-23,1.007132741691647,0.4026732530715043,0.3415358214944773,-0.1838656616492004,1.0,1
2016-06-24,1.3288812507586674,0.8379393716298474,-0.0812160587029392,0.0685258683742177,1.0,1
2016-06-27,-0.1134221367378511,-0.0168862229624398,-0.782212341476413,0.0226040119826075,1.0,1
2016-06-28,-0.6907114698261446,-0.4915922243973559,-0.5162086666795477,-2.0867385012513044,1.0,1
2016-06-29,-0.4579916977833816,-0.5880986849661222,-0.770198967762859,-2.2143860261914967,1.0,1
2016-06-30,0.606832218025126,0.0679159073323984,-0.9015550268570568,-1.7165202687819496,1.0,1
2016-07-01,0.3222547126758882,-0.4161717411462407,-0.8891760042587485,-1.9874183894594344,1.0,1
2016-07-04,0.5931169026490287,-0.0933113887246027,-0.2512503107139116,-1.6433926373048793,1.0,1
2016-07-05,1.2843889372178938,0.4734509158472735,-0.1041019396083898,-1.3094591326564264,1.0,1
2016-07-06,1.2629660108287406,0.5679902998779897,-0.1038650660654221,-1.385375161239443,1.0,1
2016-07-07,1.4561730480996389,0.6600038722349627,0.0444642713565656,-0.9240772390847622,1.0,1
2016-07-08,2.155894514442516,0.8630430881022493,0.3709697039871371,-0.7051921815499428,1.0,1
2016-07-11,1.803781908995654,0.4888240829373554,1.5801477514141813,-1.0529575484419318,1.0,1
2016-07-12,0.5110622077957863,0.1218937418678514,0.5925720646167255,-0.8248675377935717,1.0,1
2016-07-13,0.4714828846498741,0.2256492814940023,0.4380330080099519,-2.254278782751308,0.0,0
2016-07-14,1.0628632321648432,0.7910854794953126,0.6666400367400733,-1.5831558484677797,0.0,0
2016-07-15,0.1544061272535243,0.6472109273994647,-0.0228759355096121,-1.5472761989743702,0.0,0
2016-07-18,-0.1014574056772631,0.8534001324604379,0.3946690720911225,-2.1657665456858246,0.0,0
2016-07-19,0.6074838558262834,0.822846074247448,-0.0306253424665259,-1.7598568281430211,0.0,0
2016-07-20,-0.052432318503784,0.5632584955908155,0.0598608674752855,-1.7410938550340354,0.0,0
2016-07-21,-0.9075340689831372,0.1930129197560068,-0.7940148276885496,-1.9370281734066812,0.0,0
2016-07-22,-1.2649395113937856,0.4128272428669394,-1.17588055665338,-2.4248921841187663,0.0,0
2016-07-25,-2.036718991919802,0.160471207039702,-1.9063662870744835,-2.162846283891862,0.0,0
2016-07-26,-2.203937629381948,-0.4435496735946405,-1.365840430251006,-2.579292548154424,0.0,0
2016-07-27,-2.115519185714361,-0.0910688898361194,-1.3097280821849382,-2.151045977994779,0.0,0
2016-07-28,-1.9031435756174504,-0.100118952897285,-2.3879889968551744,-1.4928764389657054,0.0,0
2016-07-29,-2.0946796456561163,-0.1090049947018109,-2.4807133737672102,-1.0146053368974783,0.0,0
2016-08-01,-2.0762193540041207,-0.3590572207333131,-2.32012594308842,-0.9005423517389411,0.0,0
2016-08-02,-2.550573624017305,-0.4856675761964292,-2.2474050535199317,-0.5291682752376801,0.0,0
2016-08-03,-3.0,-1.0970482309920075,-2.319002358564365,-1.0101543134541966,0.0,0
2016-08-04,-3.0,-1.33285640022659,-2.268724669174518,-2.5746021311191103,0.0,0
2016-08-05,-3.0,-1.6817689093985562,-2.2215851901616506,-2.5943591680615867,1.0,1
2016-08-08,-3.0,-2.364474239911286,-2.177270477904373,-2.75070676773676,1.0,1
2016-08-09,-3.0,-1.9638936397114235,-2.135509234666385,-2.5645527743573755,1.0,1
2016-08-10,-2.852981959807228,-2.0461063722043358,-1.988662942566596,-1.820785473874439,1.0,1
2016-08-11,-2.1481397336676906,-1.0787528522752778,-1.6650865431520756,-1.6015038865525466,1.0,1
2016-08-12,-1.3936379984340737,-0.7169707194468715,-0.6555667938088285,-1.5934429042589704,1.0,1
2016-08-15,-1.6401715912930674,-0.8357557611570439,-0.7371022267654198,-1.706330949149241,1.0,1
2016-08-16,-1.3011792625884953,-0.5939952177207117,-0.566646413691213,-1.6640540756315487,1.0,1
2016-08-17,-1.0059341805456656,-0.7155266771791885,-0.0896566965225308,-1.332806481057419,1.0,1
2016-08-18,-0.8743343357005724,-0.9565311421024744,0.4962133870105088,-1.0295769801955308,1.0,1
2016-08-19,-1.1264218397900718,-1.073374851073151,0.6927896506555815,-0.6191161514579704,1.0,1
2016-08-22,-1.222002343426843,-0.9462352939292789,0.7767239549714764,-0.7053511772603996,1.0,1
2016-08-23,-1.4636154581151428,-1.06399908055802,1.1104292746521776,-0.5067919490748337,1.0,1
2016-08-24,-1.2533779959844236,-1.058225213424013,1.3036658413861464,-0.640305254761109,1.0,1
2016-08-25,-1.3155766233206423,-1.174578571727064,0.8532135409835767,-0.336030098297063,1.0,1
2016-08-26,-1.365398019289474,-1.0445266668044344,0.7173323850853959,-0.1464801962328143,1.0,1
2016-08-29,-1.0170443238933948,-1.039107277952397,1.1017305344911057,0.0298985552305493,1.0,1
2016-08-30,-1.3165885595977909,-1.03378721261149,0.4231844640070519,0.0759447752157858,1.0,1
2016-08-31,-1.021425722794297,-0.904946063369731,0.3473703528732035,-0.2613745613305195,1.0,1
2016-09-01,-0.7709135428839046,-0.6529911048987317,0.5816748755861226,-0.1108184707852377,1.0,1
2016-09-05,-0.9109228851278524,-0.9027655553669446,0.7761166707975411,0.0529908385554749,1.0,1
2016-09-06,-1.100927191141113,-1.2738458007898918,0.6948790849435976,0.0868840131804732,1.0,1
2016-09-07,-0.9043295274877023,-1.264341365640665,0.8147838865858147,-0.0036330341255879,1.0,1
2016-09-08,-0.8337608721903786,-0.8797147879500483,0.5687310433074448,0.2131377908287163,1.0,1
2016-09-09,-0.5536723239920476,-0.8767953045002754,0.5270332476144751,0.5260621997398244,1.0,1
2016-09-12,-0.6097677121946181,-0.620789571680717,0.5961434706923349,0.5565414064218462,1.0,1
2016-09-13,-1.1715286654009036,-1.2548548459626685,0.0532717910299582,0.7000982255146374,1.0,1
2016-09-14,-1.2660628112166097,-0.992696195831824,0.2211661288599184,-0.3391605332318206,1.0,1
2016-09-15,-1.4698524226931056,-1.242184511200768,-0.4004085112355692,-0.2034758086010065,1.0,1
2016-09-16,-1.7803247723992677,-1.6124567914486814,-0.265764106237963,-0.3316132239050175,1.0,1
2016-09-19,-1.9721036793527824,-1.7205702536943086,-0.4157367936038133,-0.7211290871394506,1.0,1
2016-09-20,-1.5427474346826944,-1.449870040614796,-0.5836191800670908,-0.8418992053172595,1.0,1
2016-09-21,-1.266345187208695,-0.9314829473726608,-0.1401302135066089,-0.7098486151589529,1.0,1
2016-09-22,-1.0872484932879445,-0.9277712637881584,-0.0623889171778575,-0.4427351069305882,1.0,1
2016-09-23,-0.707818981821891,-0.924114265701766,-0.1588318730259141,-0.1169408178419487,1.0,1
2016-09-26,-0.7398248885324192,-0.9205106453798588,-0.255180029326742,-0.0899833842472726,1.0,1
2016-09-27,-0.6534105213040354,-0.9169591381683616,0.2742483283022665,0.1835023935846324,1.0,1
2016-09-28,-0.4563847140181716,-0.6551014171457107,0.2529221824114503,0.4988968134653301,1.0,1
2016-09-29,-0.3888199359887546,-0.5246307000448873,0.5662319583819332,0.6354588739916998,1.0,1
2016-09-30,-0.3601147950223116,-0.2641584326683507,0.6403050213440123,0.8903686637709584,1.0,1
2016-10-03,-0.4052203502194462,-0.3983030026579159,0.811342495667076,1.1448086185075692,1.0,1
2016-10-04,-0.4902245891520429,-0.5438020046924628,0.6726060877128708,1.23606184103124,1.0,1
2016-10-05,-0.8601982271806893,-0.7845442866007121,0.2525222851660711,1.2269928444955578,1.0,1
2016-10-06,-0.6742713525447779,-0.4209068509525951,0.2509658016091188,0.5611399985242111,1.0,1
2016-10-07,-0.3515845250078356,-0.3012337319779738,-0.0245786880970692,0.7051318986118579,1.0,1
2016-10-10,-0.4051402286287096,-0.1820211686652309,0.1040799327198041,0.6590247601449387,1.0,1
2016-10-11,-0.9010358722159152,-0.4301451774324853,-0.0258364542045114,0.8005203164563705,1.0,1
2016-10-12,-0.6506708254409792,0.059506273079567,0.0484920714918223,-0.0863352577729828,1.0,1
2016-10-13,-0.5593060866787682,0.1769850571205329,-0.2876962457294282,0.0829875888963632,1.0,1
2016-10-14,-0.2805762852761355,0.0467077365311611,-0.04247872607423,0.3943383085389413,1.0,1
2016-10-17,-0.3231417121934458,0.0412370683528222,0.2968023901623813,0.4458054739980186,1.0,1
2016-10-18,-0.5916668016191765,0.0358294958099614,-0.1782102284575393,0.6469711850003492,1.0,1
2016-10-19,-0.7027922530901489,-0.2197478285606988,0.0129442261252165,0.3519533176241647,0.0,0
2016-10-20,-0.6082707567384944,0.1538532315621636,-0.1211051708581356,0.4039915887586996,0.0,0
2016-10-21,-0.7723598332623941,-0.1045733124748691,-0.5426051137298912,0.6696466119431088,0.0,0
2016-10-24,-1.0663446765418223,-0.488551784320397,-0.7876510729179055,0.563401338012729,0.0,0
2016-10-25,-1.445373707090383,-0.9970366040161822,-0.9899799366115316,0.1692827380277278,0.0,0
2016-10-26,-1.7312682339936178,-1.873431343102884,-1.054679226221544,-0.4046144419107658,0.0,0
2016-10-27,-1.819083928981629,-1.6025109183645363,-1.192365208570258,-0.7316770431649259,0.0,0
2016-10-28,-1.7405554014320817,-1.587861678426166,-1.4902247781757552,-0.6210657265988639,0.0,0
2016-10-31,-1.3704308791026922,-1.0724756045832298,-1.55268705162759,-0.1971567806483418,0.0,0
2016-11-01,-1.679864557112805,-1.4445768849932876,-1.1411664084200592,-0.1005109829852857,0.0,0
2016-11-02,-1.6686724885943416,-1.3080364853038275,-1.1987557124537531,-0.5524554743416615,0.0,0
2016-11-03,-2.002312065323969,-1.6750311560626423,-1.7339702610477747,-0.2574793609142599,0.0,0
2016-11-04,-2.155565516385926,-2.03016581947493,-1.6921364144631563,-0.8265087971787228,0.0,0
2016-11-07,-2.1536666890383684,-2.003518114600536,-1.9062836316040552,-0.9329958077787058,0.0,0
2016-11-08,-1.7569212873861502,-1.4865818471502397,-1.0396990260051393,-0.6956008862975658,0.0,0
2016-11-09,-1.6865049904612832,-1.3509915731449729,-0.8362771424970998,-0.5348319739776629,0.0,0
2016-11-10,-2.139786325950784,-2.0788352903211327,-1.3782802013270412,-0.1304122214985337,0.0,0
2016-11-11,-1.2884043462844814,-1.5635313866027358,-0.5827205335515597,-1.1636186408789213,0.0,0
2016-11-14,-1.2501496148332991,-1.5501348199237508,-0.7866696628462871,-1.594560047405241,0.0,0
2016-11-15,-1.3960402988131229,-1.7811759838518717,-0.9002871501051541,-1.0326379976306497,0.0,0
2016-11-16,-1.3782938680095822,-2.124671697125164,-0.787146883176808,-0.9793046601235054,0.0,0
2016-11-17,-1.253444830000051,-1.6143341441259365,-0.2223141251666171,-0.5724709899570918,0.0,0
2016-11-18,-1.3418395110174972,-1.235784610858003,-0.3439634062584468,-0.1260004709628977,0.0,0
2016-11-21,-1.4201451643992982,-1.471794348997832,-0.5704046518584194,-0.0790757284255827,0.0,0
2016-11-22,-1.272101173788278,-1.5816230889059328,-0.4605791580719279,-0.0303510564513776,0.0,0
2016-11-23,-1.0433914902854922,-1.2038938629244806,-0.067636006040456,0.3144477596709412,0.0,0
2016-11-24,-0.9043008302458468,-1.0749237476953457,0.591861177124826,0.4885646683811742,0.0,0
2016-11-25,-0.8099186073022624,-1.0697608635323734,0.4102511484591277,0.7445864181641425,0.0,0
2016-11-28,-0.9932861135499276,-1.6748507970401467,-0.0043119227818898,1.0132759964312898,0.0,0
2016-11-29,-1.5530076791925258,-1.9006064250138,-0.2744126114948752,0.6963389054915663,0.0,0
2016-11-30,-1.8096919437149148,-2.3547232608971327,-0.6152200858504214,-0.7757408886894687,0.0,0
2016-12-01,-1.6164184438637794,-1.8452308821049088,-0.1951320107586459,-1.147576835924469,0.0,0
2016-12-02,-1.4918080464602006,-2.1788303999214604,0.1154611342905067,-0.6648892516635049,0.0,0
2016-12-05,-1.5324088570229215,-2.148210198324765,-0.0494559842383987,-0.1744602810888476,0.0,0
2016-12-06,-1.6390957903956738,-1.652494741199105,-0.488985414582654,-0.0612812994360729,1.0,1
2016-12-07,-2.1173766749290603,-2.3333338194040723,-1.157823657033895,-0.1531803804737506,1.0,1
2016-12-08,-2.067805248044469,-2.410115468519806,-1.3740633190315237,-1.437758534518757,1.0,1
2016-12-09,-1.871629028444796,-2.1445614127985397,-1.3867834042129144,-1.0319732842729634,1.0,1
2016-12-12,-1.9329320409811552,-2.3394317343717543,-1.3113969305281743,-0.5372563955246733,1.0,1
2016-12-13,-2.4232921087519297,-2.6324665567550958,-1.2214673335755328,-0.5302683955270919,1.0,1
2016-12-14,-2.677286280335562,-3.0,-1.4114721203294809,-2.009443296042768,1.0,1
2016-12-15,-1.9944779297657824,-2.8188399039267664,-1.250286680034965,-2.5471954442850664,1.0,1
2016-12-16,-1.937752168955725,-2.4454803775622187,-1.1462764266617698,-2.5234742583181955,1.0,1
2016-12-19,-1.6240758416576495,-2.4032538507304637,-0.8561273633914583,-1.908793591848713,1.0,1
2016-12-20,-1.218393423856125,-1.8458711960842555,-0.2391677358516664,-1.4832240496220626,1.0,1
2016-12-21,-1.342524940895107,-2.033067823852268,0.0960255205776491,-1.3096700374528245,1.0,1
2016-12-22,-1.2074846255654357,-2.0073235915680163,0.0606095481728189,-1.2595763596949108,1.0,1
2016-12-23,-1.3127593833394036,-2.388377539191539,-0.0279590817210291,-0.7094737700539405,1.0,1
2016-12-26,-1.3351935483366857,-2.348637272005033,-0.3296531747844495,-0.703742122982067,1.0,1
2016-12-27,-1.393403995053467,-2.409361907474599,0.3857921385793866,-0.477047720469311,1.0,1
2016-12-28,-1.2880606114397155,-2.1724303313162308,0.954135608858568,-0.3963678042463022,1.0,1
2016-12-29,-1.1351828690350156,-2.141491457142645,0.7518468664107285,0.0853588496526868,1.0,1
2016-12-30,-1.0245905898562604,-1.9168815541004345,0.9429634083193004,0.4117477827435936,1.0,1
2017-01-03,-0.937846577896028,-1.5033132837311638,1.0068795699215771,0.7472322966872927,1.0,1
2017-01-04,-0.6894154489948948,-0.7692596137172389,1.034230734177477,1.0628213008885927,1.0,1
2017-01-05,-0.594820904429912,-0.9856505048716684,1.6781491664287165,1.0564306889622197,1.0,1
2017-01-06,-0.5337115358806932,-1.012976861615595,1.0583924513468772,1.2821594486538035,1.0,1
2017-01-09,-0.5683319293714051,-0.8974175852992512,0.8361342641592058,1.5126439553649509,1.0,1
2017-01-10,-0.5112584668936717,-0.342423159439888,1.0568789564521242,1.461560529845453,1.0,1
2017-01-11,-0.5486706705099987,-0.9340224546313528,1.214077783215652,1.5207239407531077,1.0,1
2017-01-12,-0.3208088418616047,-0.9551880314977038,1.4204123154759432,1.5207239407531077,1.0,1
2017-01-13,-0.2413118677201797,-0.6080192288490387,1.139374547216509,1.4828566160277064,1.0,1
2017-01-16,-0.2719135990339326,-0.620363058458957,1.2896475544148804,1.5207239407531077,1.0,1
2017-01-17,-0.6075791899593769,-1.1220684124182585,1.1431830961196583,1.5207239407531077,1.0,1
2017-01-18,-0.5885380876454055,-0.7725343506441533,0.6905628272079987,0.5537970574598811,1.0,1
2017-01-19,-0.7608809103841058,-0.9258743131004143,0.3910615859112391,0.788761841720681,1.0,1
2017-01-20,-0.8734051714354918,-1.7219793737556994,0.3150997177903209,0.4740079892468316,1.0,1
2017-01-23,-0.6637333076544655,-1.6297377725483089,0.6068862791786186,0.3392295182345438,1.0,1
2017-01-24,-0.6793945302297519,-1.9416784440224255,0.2722168934740173,0.4624965992296271,1.0,1
2017-01-25,-0.2686820400417137,-0.8644603003146504,0.582204719267876,0.6793023332184372,1.0,1
2017-02-02,0.0437635969148087,-0.5930483957573178,0.8686329116910123,0.3808442384604014,1.0,1
2017-02-03,0.2596898652741653,-0.6110332852768037,0.9136262424179749,0.3079785125252382,1.0,1
2017-02-06,0.1068811318542669,-0.0346873086904424,0.6692506084359083,0.4027160642273414,1.0,1
2017-02-07,0.1601952662460656,0.105930815858121,0.7353483412931413,0.2917730134962517,1.0,1
2017-02-08,0.1828755573212079,0.2481124390962804,0.6384541217801648,0.692810130585511,1.0,1
2017-02-09,0.3875476005495971,0.3980622684893816,0.9370237111045766,1.0967658649886751,1.0,1
2017-02-10,0.4161988837778383,0.5507145880086423,1.0501573506416952,1.1003535502073691,1.0,1
2017-02-13,0.5322706358697051,0.5495269370389444,1.2990337150653577,1.4247028457111082,1.0,1
2017-02-14,0.8791659466199995,1.3598699341471847,1.5865167302343026,1.5207239407531077,1.0,1
2017-02-15,0.8160616189034227,1.0258782776835138,1.5201336864388222,1.126141960956086,1.0,1
2017-02-16,0.9862256069075054,1.5128691042068672,1.4734163364337096,1.3015024624491318,1.0,1
2017-02-17,0.8737644481597746,1.0054215372708668,1.096683364407041,1.2782624592389216,1.0,1
2017-02-20,1.015681123562604,0.9998996062079823,1.2796144582482143,1.2700728187472408,1.0,1
2017-02-21,1.321829191281518,1.662037617680385,1.5823800586206656,1.306495533899265,1.0,1
2017-02-22,1.4746922280748211,1.4783248700214893,1.2444971140997567,0.9847248699250928,1.0,1
2017-02-23,1.388341210551025,1.7972405298236092,0.9670881549803422,1.0009981796058711,1.0,1
2017-02-24,1.3364141120926978,1.277466694073344,0.9060914598302692,1.164448627694192,1.0,1
2017-02-27,1.133237581705952,0.7671273782583503,0.5570598603685786,1.4189124160937887,1.0,1
2017-02-28,1.1843455454151988,0.9308752805218684,0.4709235642950392,1.0810470032568062,1.0,1
2017-03-01,0.8834866042964441,0.7532809808782649,0.2243785955016489,1.2849372963828438,1.0,1
2017-03-02,0.703007474772082,0.920399114822779,-0.036242419604686,0.5732569631156013,1.0,1
2017-03-03,0.6270950655437056,0.5700792519602975,-0.1330983860003033,0.38048209941071,1.0,1
2017-03-06,0.6148506201846516,1.086417310131785,-0.2452758098743285,0.5519221534663094,1.0,1
2017-03-07,0.7575092725066384,1.0927185816678258,-0.4852651939462909,0.8864481242707891,1.0,1
2017-03-08,0.942550200659996,1.0925454743586902,-0.3843684681697642,1.0085267645222795,1.0,1
2017-03-09,1.0720654642683578,1.434348899769676,-0.605948340105169,1.0234708334708615,1.0,1
2017-03-10,1.0110074224309964,1.2553659729519535,-0.5199424298470942,1.1318953902723283,1.0,1
2017-03-13,0.9132704376758648,1.078424206989112,-0.531074396227336,1.3021193684305243,1.0,1
2017-03-14,0.7907463357413819,0.908969350987095,-0.4940975944312093,1.3221160662912006,1.0,1
2017-03-15,0.8136147005041857,1.092408843383045,-0.3777107731632569,1.2097783590491844,1.0,1
2017-03-16,0.788453918064996,0.7462848490583511,-0.6134596336268262,1.5042638839800584,1.0,1
2017-03-17,1.1300389721080903,1.0945652199848304,-0.1834423715973809,1.5207239407531077,1.0,1
2017-03-20,1.1243586107343406,1.260526708776512,0.0558070882838637,1.2600533600818002,1.0,1
2017-03-21,1.3974322762426856,1.945605729748344,0.315922920244696,1.5207239407531077,1.0,1
2017-03-22,1.4513121086021912,1.7480156094912755,0.467732894209437,1.2615155241686296,1.0,1
2017-03-23,1.0728097119640023,1.378956845568739,0.1315026486873753,1.3912165676097257,1.0,1
2017-03-24,1.2940551151031638,1.691128172628642,0.342931421522036,0.475970445199792,1.0,1
2017-03-27,1.194458544455448,1.3312030187937338,0.5700572822014344,0.4288981700061678,1.0,1
2017-03-28,1.3069971010983152,1.6445894908862695,0.5773762560676887,0.6000992450269551,1.0,1
2017-03-29,1.1249653967581388,1.613844293862705,0.6168910396850854,0.7222621761387944,1.0,1
2017-03-30,1.2611181840582584,1.424068450270274,0.5727489571271357,0.5984452056895202,1.0,1
2017-03-31,1.3000479637509503,1.0716023293569152,0.2917041380068665,0.6850138054667282,1.0,1
2017-04-03,1.1535783321947384,0.8896883008572036,0.1617152179803501,0.903444496212603,1.0,1
2017-04-04,1.2160322690301797,0.7105973029650642,-0.1297701890024419,0.8599191206232666,1.0,1
2017-04-05,1.1448750079001029,0.859861955317047,-0.216925240317035,1.0036162935542972,1.0,1
2017-04-07,0.9888517250371166,0.6793905195018712,0.0015803003318435,1.1887575386691829,1.0,1
2017-04-10,0.9607396035685808,0.6650496320090616,-0.6991449529715534,1.0628977525840198,1.0,1
2017-04-11,0.9652800028505608,0.4857538651354193,-0.6938561581398789,1.326822749682245,1.0,1
2017-04-12,1.0009283860724754,0.9687848058093148,-0.6365753769662129,1.3641570535466871,1.0,1
2017-04-13,0.6199574398546747,0.785942305878352,-0.6022678000593428,1.3339763685956434,1.0,1
2017-04-14,0.5763281542106184,0.7708859002350704,-0.640391140427292,0.463740605527049,1.0,1
2017-04-17,0.2546490634313427,0.4259542296867819,-1.2448222656357024,0.6658393964170833,1.0,1
2017-04-18,-0.209012754018426,-0.0798286547812056,-1.2201752655391582,-0.1555297511794041,1.0,1
2017-04-19,0.0701634177629868,-0.0822870103737696,-1.0380496592120485,-1.466629351419822,1.0,1
2017-04-20,0.4043540833971681,0.4116299261528095,-0.6945682845257743,-1.2738495434177186,1.0,1
2017-04-21,0.1605053390799793,0.4000068864090809,-0.7807870394840281,-1.2345693939897264,1.0,1
2017-04-24,0.2679414348047474,0.3884530634665956,-1.0281612925654031,-1.4604261042696864,1.0,1
2017-04-25,0.1376066110091316,0.0445347683314046,-1.0173746605178136,-1.0046139974474804,1.0,1
2017-04-26,0.1316747974724731,0.0400656608305506,-1.0732619676241415,-0.9097526247067276,1.0,1
2017-04-27,0.4914297426441028,0.3711062873426382,-0.5521042970257393,-0.4689756645984165,1.0,1
2017-04-28,0.7923848872721091,0.5290017836949241,-0.4681275731690743,-0.6146978037792362,1.0,1
2017-05-03,0.7342153973066725,0.8509412911556631,-0.1660257038916752,-0.6475973083531025,1.0,1
2017-05-04,0.7948504249527187,0.6715891398309659,0.4861059059754791,-0.3049028224616081,1.0,1
2017-05-05,0.8873125439754532,0.3334041052757451,0.1384035509282119,0.0325848808212925,1.0,1
2017-05-08,1.0415480939509858,0.3279767379818309,0.0673113262832503,0.2644206459139174,1.0,1
2017-05-09,1.174495906014026,0.4884986215799266,0.4308662920882009,0.3437273183942962,1.0,1
2017-05-10,1.4674981501767563,0.810819073754819,0.3438417931291034,0.4376416063044728,1.0,1
2017-05-11,1.465479670376988,0.7972098920612727,1.239146568408298,0.1871563173704374,1.0,1
2017-05-12,1.3493428674670478,0.7837518103940726,0.7457557724082543,0.483588996543602,1.0,1
2017-05-15,1.5206872106890823,0.7744420363412192,0.7453005870556889,0.6316567995972652,1.0,1
2017-05-16,1.8171602945262388,0.6025185765279065,1.144385178948485,0.5484514575513834,1.0,1
2017-05-17,1.653817302288325,0.7591768135528116,0.8396075887087957,0.1896603546526388,1.0,1
2017-05-18,1.6530676779011644,0.5853413993256424,1.0907939019885602,0.3112515281435741,1.0,1
2017-05-19,1.4099519962883893,0.7436032895114926,1.3092813667094796,0.5519770957241573,1.0,1
2017-05-22,1.624478089742612,0.7387203313285754,0.787932898836198,0.2729419285526053,1.0,1
2017-05-23,1.700358735011735,0.8925506808977387,0.7811643779540086,0.1227306921018849,1.0,1
2017-05-24,1.454140041398171,0.7209945946444997,0.7766103639228039,0.2440537027590572,1.0,1
2017-05-25,1.7160721888751609,0.8752245289910635,0.7976696568243541,0.0201740469450055,1.0,1
2017-05-26,1.875385985885671,0.7065562397031189,1.0341588016336778,-0.2308666923029419,1.0,1
2017-05-29,1.8478374709151468,1.020524006193224,1.1825635227442717,-0.2688097959294414,1.0,1
2017-05-30,1.753024489144004,0.0482591203425045,1.056985674148934,0.0665904587306331,1.0,1
2017-05-31,1.252681551844721,0.3670677501014964,0.922310271638414,0.4837606214841081,1.0,1
2017-06-01,1.2622853525230937,0.2079785611629635,0.7438183842107803,-0.9517245769275726,1.0,1
2017-06-02,1.313185370212494,0.6922482657043687,0.9558330511836436,-0.5050010089133047,1.0,1
2017-06-05,1.3342134901280538,0.6950013033766005,0.8609397293735552,-0.2069608727604918,1.0,1
2017-06-06,1.2462565412213134,0.70073851551663,0.3695600011459014,0.1099320402589361,1.0,1
2017-06-07,1.3764840633544717,1.020326625829714,0.8223587696010949,0.3702304451606424,1.0,1
2017-06-08,1.4376762297448735,1.1690176902631066,0.4898693820744867,0.3799128462938188,1.0,1
2017-06-09,1.3215099010953335,1.3211022861507642,0.5157510890889462,0.5159884910354312,1.0,1
2017-06-12,1.2427080825307777,1.0016437349913894,0.2498035146871383,0.6346324606318275,1.0,1
2017-06-13,1.1091690053036654,1.3183025286358874,-0.2502566635538,0.838981662676399,1.0,1
2017-06-14,1.1958504280762974,1.629523129915106,0.5186134281174418,0.7653674704999301,1.0,1
2017-06-15,1.247881642486233,1.7568912058798691,0.4132369750402307,0.8486413306159543,1.0,1
2017-06-16,1.2321053307353356,1.570783076177651,0.3415561372330716,0.9576614576073078,1.0,1
2017-06-19,1.280870559432176,1.5440319258886035,0.3082462831667991,1.194494040372308,1.0,1
2017-06-20,1.4869986174161052,1.820472653050268,0.5566980051794974,1.2583600886811437,1.0,1
2017-06-21,1.5139040691709604,1.488116912605847,0.8524366096475678,0.933025483113928,1.0,1
2017-06-22,1.4026033125262092,1.4620782030366295,0.4461789378360249,1.022130128182653,1.0,1
2017-06-23,1.5186603551290432,1.5902382308859304,0.2453786401600054,1.0839074257443335,1.0,1
2017-06-26,1.5504568314882408,1.567186000970443,0.6786195690016885,0.9653261611526388,1.0,1
2017-06-27,1.5688873879996192,1.8415758357440344,1.3017508303801886,1.039751827304351,1.0,1
2017-06-28,1.2292691866685388,1.8016569412345889,0.265148778834922,1.133175657561012,1.0,1
2017-06-29,1.247826304525557,1.3360558669774028,0.3913545182627276,0.2004562147427578,1.0,1
2017-06-30,1.3130906370225206,1.5893408196514738,0.1615472751587467,0.4062458992926907,1.0,1
2017-07-03,1.3004140339563692,1.5601035994894823,0.5839523824786124,0.4725817169459825,1.0,1
2017-07-04,1.1692122470590045,1.7990498969525284,0.090705011132151,0.7139039256297119,1.0,1
2017-07-05,1.0678301891549975,1.6242448111767742,0.0896152161782902,0.6847284851350948,1.0,1
2017-07-06,1.144343145465269,1.7322326208737444,0.0335654594941093,0.7369297016923215,1.0,1
2017-07-07,1.1397247497087766,1.5723210080147592,-0.3016855205274259,0.775785935696496,1.0,1
2017-07-10,0.8588148432094033,1.552340999519623,-0.4092983374528053,0.9870515728317264,1.0,1
2017-07-11,0.3954204980282241,0.475707833944243,-0.680942857174305,0.1076435851756009,1.0,1
2017-07-12,0.5214255159618633,0.8787905212193401,-0.5195203543224135,-1.7034922190227677,1.0,1
2017-07-13,0.6623071769485921,1.0028210413143026,-0.2472097108079309,-1.3312073307335397,1.0,1
2017-07-14,0.7519786597854776,1.2560844229918406,-0.4290686155470149,-1.0998672751717635,1.0,1
2017-07-17,0.7473477020456716,1.379460198053209,-0.2504474873411014,-0.7920679987843141,1.0,1
2017-07-18,0.362372004839573,0.9752834514494504,-0.6044845316107326,-0.3168267527974198,1.0,1
2017-07-19,0.0124810689081383,0.3160591278657753,-0.8944973425655364,-1.5480469773117005,1.0,1
2017-07-20,0.0371789676480394,0.3241687947227122,-1.0307077338526938,-2.443069191000709,1.0,1
2017-07-21,-0.103451869636244,0.1958538109188401,-1.051948359097063,-1.7220447138871262,1.0,1
2017-07-24,-0.4832369747243425,-0.337267627489788,-1.4602823531280995,-1.7379323090088563,1.0,1
2017-07-25,-0.7275125177836171,-0.463233666627824,-1.2445761215686624,-2.8617351536540587,1.0,1
2017-07-26,-0.3904330816247899,-0.4557490197078395,-1.4620989704346494,-3.0,1.0,1
2017-07-27,-0.0075408812488889,-0.1835471397263756,-1.1432900014852962,-3.0,1.0,1
2017-07-28,-0.0096882284828327,-0.0453774728693349,-1.0296657571196055,-2.9991512574126946,1.0,1
2017-07-31,0.1830849233351358,-0.1775277877909303,-0.9193260681227824,-2.231819242896366,1.0,1
2017-08-01,0.2319757220325579,0.0954194231470905,-0.4008783160188651,-1.9200591832993683,1.0,1
2017-08-02,0.1068939084884109,-0.0399448877954985,-0.344570088504335,-1.367847390947334,1.0,1
2017-08-03,-0.0132490587750327,-0.1750554319044421,-0.4815605207286118,-1.271018405589225,1.0,1
2017-08-04,0.1091582757286023,-0.0439845720143956,-0.7448203299593739,-1.1902906275192693,1.0,1
2017-08-07,0.1545423705624529,-0.3197385867319779,0.0798383414289722,-0.933031868803028,1.0,1
2017-08-08,0.1172162211880925,-0.0564320013800239,0.6066395936705653,-0.5461500056268566,1.0,1
2017-08-09,-0.1774789469960344,-0.2044670301515445,0.4901598432331533,-0.20819863755166,1.0,1
2017-08-10,-0.6487729953327949,-0.3506485570582145,-0.1910689835763081,-1.0527782245510575,1.0,1
2017-08-11,-0.7737092920496764,-0.771315995880509,-0.7218301718299129,-2.6884085709120007,1.0,1
2017-08-14,-0.7893373202605732,-0.3601648638845247,-0.9127705328230316,-2.4836816444986183,1.0,1
2017-08-15,-0.4830846333890196,-0.6342541529438165,-0.3758737060816571,-1.9286722148155533,1.0,1
2017-08-16,-0.5393998047786865,-0.6330272860367088,-0.596245944111292,-1.8776313704134453,1.0,1
2017-08-17,-0.5293612175586553,-0.4934465514610423,-0.4821312352293088,-1.5437718575936552,1.0,1
2017-08-18,-0.9709929285139566,-0.6291809764079223,-1.1389245660497946,-0.9966989102874334,1.0,1
2017-08-21,-0.880964209136713,-0.3559576990408705,-1.560968095910136,-2.7122747589759144,1.0,1
2017-08-22,-1.0010959115080869,-0.6321079828820295,-1.532265282907277,-1.9534808597015585,1.0,1
2017-08-23,-1.1839964853059253,-1.4455907791062392,-1.7752623479443317,-1.965980064748647,1.0,1
2017-08-24,-1.1078898405511544,-1.299879421156929,-1.223335498716051,-2.284587808718155,1.0,1
2017-08-25,-1.077701013856647,-0.887783828186145,-0.8157582593115605,-1.5553380752909072,1.0,1
2017-08-28,-1.0164826829389058,-0.7516384903938477,-1.1487153247813555,-1.035240596392967,1.0,1
2017-08-29,-0.8421331535915754,-0.480738244822098,-1.495398009638513,-0.4615724428167311,1.0,1
2017-08-30,-0.8576332272792683,-0.6178570271902726,-1.1293010331613689,-0.2533042157752618,1.0,1
2017-08-31,-0.7238250675193894,-0.8883877512573229,-0.6287581802495595,-0.0593673260526067,1.0,1
2017-09-01,-0.714512405863058,-0.3455783248049582,0.0752966980763781,0.1716799657914668,1.0,1
2017-09-05,-0.6124593209602829,-0.346032102848347,0.5225476914227566,0.4354467881676402,1.0,1
2017-09-06,-0.6455343912668438,-0.48326423117712,0.319195903112102,0.6689047398463401,1.0,1
2017-09-07,-0.7315881723141205,-0.7569881945043193,0.7455512171192352,0.6979833605111765,1.0,1
2017-09-08,-0.6513255061747224,-0.6233948262906412,0.6108998006614879,0.4791115981348484,1.0,1
2017-09-11,-0.6732095119903502,-0.7579469138584645,1.1030895784811598,0.753730941529657,1.0,1
2017-09-12,-0.9568192109520168,-1.1591674355815142,0.5629028922456444,0.8055854102999012,1.0,1
2017-09-13,-0.8001914779942665,-1.1499665228771545,0.3084698275400789,-0.5051952198369156,1.0,1
2017-09-14,-0.5855838138880043,-0.8790919264737299,1.078175587041785,-0.246823120627318,1.0,1
2017-09-15,-0.4612536933115652,-0.8768531697723274,0.9529926556676136,-0.2106138474400919,1.0,1
2017-09-18,-0.4580392379672435,-1.010300545044146,0.7312515223201732,0.0227163976466757,1.0,1
2017-09-19,-0.3828141103577113,-0.6107691185494429,1.2060745720806003,0.3336821327258565,1.0,1
2017-09-20,-0.4000696159043615,-0.6175435116135168,0.6594993819894619,0.5838765125922663,1.0,1
2017-09-21,-0.3650999962083779,-0.8912737325190797,1.1770467759322898,0.7678622883291034,1.0,1
2017-09-22,-0.337445994194131,-0.7545888101621581,0.8643102484323532,1.0502349175502428,1.0,1
2017-09-25,-0.363274375281974,-1.1557420947038302,0.9229770656249996,1.0834448234296117,1.0,1
2017-09-26,-0.4671589297776289,-1.1495421844557396,0.9340471980938078,1.0608852858879536,1.0,1
2017-09-27,-0.3620594561386461,-0.743374413393003,0.8988012611660575,0.9871428629881606,1.0,1
2017-09-28,-0.4758085870276787,-0.608912032081272,0.0291744926455297,1.0194155060573429,1.0,1
2017-09-29,-0.6224171845421788,-0.2061559111173576,-0.0823629983206495,0.7226680582514193,1.0,1
2017-10-02,-0.585111731839844,-0.6090098309381724,0.4944919784879837,0.2269121109125123,1.0,1
2017-10-03,-0.7778302058270521,-0.3330147169393671,0.439138195803243,0.5767919803550987,1.0,1
2017-10-04,-0.9738264941370928,-0.4497658667493847,0.0228188358558321,-0.1595025243292656,1.0,1
2017-10-05,-0.7760478710957441,-0.5663266935526426,-0.2127365570707823,-0.8488697342828987,1.0,1
2017-10-06,-0.7719411995582792,-0.33196922009101,-0.3091247356411643,-0.6556242754232543,1.0,1
2017-10-09,-0.740258563392067,-0.0972391001585506,-0.4248233627166156,-0.3399027306732723,1.0,1
2017-10-10,-0.6778732224358247,-0.3324342884528205,0.185232403238006,0.0428658627795368,1.0,1
2017-10-11,-0.540338613416389,-0.4475832750230376,0.2056368341429998,0.4142554883595191,1.0,1
2017-10-12,-0.5751220323475844,-0.4461913757057898,-0.1188943287365312,0.5450270968637021,1.0,1
2017-10-13,-0.4856967274390708,-0.324580498262911,-0.6612272547127173,0.5693818033903263,1.0,1
2017-10-16,-0.3879255258995102,-0.3202512683499173,-0.2949340825808705,0.7710413556569936,1.0,1
2017-10-17,-0.4073415381353537,-0.5510089659828821,0.1715706209250822,0.9159079426435808,1.0,1
2017-10-18,-0.3319944026924046,-0.5454925316693192,0.3553180353394738,0.9666058581764324,1.0,1
2017-10-19,-0.4898443815070577,-0.657001168028594,0.0085725330274668,0.9584063117221068,1.0,1
2017-10-20,-0.4715605553244946,-1.001799859274559,0.5935831372449554,0.52867166885723,1.0,1
2017-10-23,-0.7289601614710278,-1.1065980840836995,-0.579338384463206,0.7715828135173851,1.0,1
2017-10-24,-1.1154342917848994,-1.2104940768645975,-0.959014830248588,-0.3406564797214139,1.0,1
2017-10-25,-1.0102246460570437,-1.0839340353624471,-0.7379031043451101,-2.033848419045424,1.0,1
2017-10-26,-0.9738063160179294,-1.1932079089524572,-0.9827112158700898,-1.4510775543870442,1.0,1
2017-10-27,-1.1912217023688896,-1.65136837624608,-1.4032176470083542,-0.95170489728967,1.0,1
2017-10-30,-1.0449009782608667,-1.526873217989105,-1.4021495105229236,-1.6453389845502422,1.0,1
2017-10-31,-1.352258779092834,-1.9679583928015487,-1.959276758832161,-1.242085389862834,1.0,1
2017-11-01,-1.6149927303491256,-2.487058534355606,-1.799203687030567,-2.336982302539343,1.0,1
2017-11-02,-1.6516491634017982,-2.756239941992141,-1.882121534513454,-3.0,1.0,1
2017-11-03,-1.9026377592818968,-2.6887633092825025,-2.076847803084611,-2.7306167287716616,1.0,1
2017-11-06,-1.5590688618736377,-2.4271179892324994,-1.7519445839005428,-3.0,1.0,1
2017-11-07,-1.108007119545359,-1.982581895901556,-1.3533726632623448,-3.0,1.0,1
2017-11-08,-0.9723108918307484,-2.0671380157626174,-1.4435955868425834,-3.0,1.0,1
2017-11-09,-0.7992547208655126,-2.339149870913091,-1.0205887985478057,-2.404231969664325,1.0,1
2017-11-10,-0.6953767811631614,-2.1973913254198707,-1.022283120666989,-1.9640900810363016,1.0,1
2017-11-13,-0.5719579220692926,-2.073843114068474,-0.8339142003934722,-1.470228990415431,1.0,1
2017-11-14,-0.48667081577841,-1.7525007165508826,-0.3201952573866622,-1.1258716240801814,1.0,1
2017-11-15,-0.3665039661263457,-1.8333871227070264,0.1280381736648522,-0.7524345003902482,1.0,1
2017-11-16,-0.1773409791813918,-1.5256467852110849,0.9281413620734186,-0.5005595319270856,1.0,1
2017-11-17,0.1413527533567595,-1.3274902268644089,1.931862299062963,-0.4388971516617575,1.0,1
2017-11-20,-0.0820013627624413,-1.3228898491863748,1.973929556380246,-0.6783744044016194,1.0,1
2017-11-21,-0.0099948264755494,-1.4119984457016903,1.6194213018067722,-1.0574766465058665,1.0,1
2017-11-22,-0.0046390803113914,-1.2096333103766108,1.973929556380246,-0.6921444379105418,1.0,1
2017-11-23,0.2229613423043247,-1.1095066750966824,1.9574331825288465,-0.2610512532618599,1.0,1
2017-11-24,0.1984960225155969,-1.1050075243652786,1.927861809713471,-0.3286675037937506,1.0,1
2017-11-27,0.581033810642847,-0.6115617358701968,1.924775089739284,-0.0126065059758067,1.0,1
2017-11-28,0.929188435945166,-0.2199904771891699,1.9717012428652128,-0.4673045128485954,1.0,1
2017-11-29,0.7821777150320639,-0.1288867022367111,1.973929556380246,-0.8067097252425076,1.0,1
2017-11-30,0.9330335539513872,0.0599323104126515,1.8843893004372845,-0.7054208609673448,1.0,1
2017-12-01,0.908087962119061,-0.0515905021574409,1.787381185050264,-0.6285201070737759,1.0,1
2017-12-04,1.0803407684061577,-0.2619035812786936,1.8468129567286355,-0.2371003235053459,0.0,0
2017-12-05,1.3981069605205745,0.1315018590193823,1.58411927770136,-0.2845748960013724,0.0,0
2017-12-06,0.9916924183284042,0.2218867339088849,1.4167181634966002,-0.6570835916926783,0.0,0
2017-12-07,0.9177685996361948,-0.1978669199791423,1.4221149467610406,-1.4349616423766929,0.0,0
2017-12-08,0.9058111133919986,0.2030081717814821,1.2817182969610317,-0.9730962911890794,0.0,0
2017-12-11,0.8414817295297118,-0.22792906798353,1.2137823739701572,-0.5622228113066863,1.0,1
2017-12-12,0.2439212542533251,-0.3461079785368687,0.6844106651721334,-0.2155439751523924,1.0,1
2017-12-13,0.0161462813573204,-0.4675798031244906,0.6724621349542723,-2.0204310597618824,1.0,1
2017-12-14,-0.0947468127489339,-0.9198026979554756,0.0059433943244918,-2.047013397925814,1.0,1
2017-12-15,0.365784669084033,-0.2843287436062534,0.2611681407585307,-1.7320445287312078,1.0,1
2017-12-18,0.4262149930134776,-0.3040421962824701,0.1023617341253875,-2.0418283991768043,1.0,1
2017-12-19,0.7217663523059284,-0.0890217145937955,-0.4659947191682288,-1.5884969233454935,1.0,1
2017-12-20,0.5060105344917272,-0.3417219457965494,-0.2537563794715478,-1.6004526744197298,1.0,1
2017-12-21,0.4929856095558166,-0.3557056271640751,-0.3709393925909187,-1.5584777032462185,1.0,1
2017-12-22,0.2562057118228476,-0.249918012943612,-0.3903449086559428,-1.0208474624986743,1.0,1
2017-12-25,0.1101390221185504,-0.7595090790922876,-1.154068414236449,-1.1499078915857384,1.0,1
2017-12-26,-0.1440098936779601,-1.0362280282396117,-1.164405277018964,-0.9900934080328726,1.0,1
2017-12-27,-0.0040883795636247,-0.8079654085123743,-0.6807083247202402,-1.2079326067381917,1.0,1
2017-12-28,-0.0606810334983884,-0.7048865556727134,-0.6569280223853561,-0.9228228104002012,1.0,1
2017-12-29,0.1178855572824021,-0.4592755630484948,-0.6662633042029885,-0.5360130849660126,1.0,1
2018-01-02,0.2056162380026598,0.0731326464782513,-0.6766541590131444,-0.4084573658927521,1.0,1
2018-01-03,0.4517345089221479,0.2943572895996264,-0.4920360369072533,-0.150017876447666,1.0,1
2018-01-04,0.7060377394867828,0.4457190026199781,0.0047403481919991,-0.1983533612125989,1.0,1
2018-01-05,1.17589385530177,0.9218077475591788,0.4145587935002505,-0.2655459872382596,1.0,1
2018-01-08,0.8572019773080084,0.7427640654486916,0.1055203800260267,-0.7331996709115824,1.0,1
2018-01-09,1.21724927800947,0.5644504054149425,0.3696175917239361,-0.9382450303447488,1.0,1
2018-01-10,1.513905712542352,1.6921229528656234,1.39321410003646,-1.1104389198703415,1.0,1
2018-01-11,1.6022090209900954,1.492378498192537,1.3377106374871472,-1.183588912037338,1.0,1
2018-01-12,1.6147189270813964,1.303458900868682,1.5575010743115656,-0.9286988703842493,1.0,1
2018-01-15,1.251230007481789,1.912164057257336,1.1752380595222836,-0.5953348311650066,1.0,1
2018-01-16,1.6403080473469167,1.8623910436242876,1.500851543409813,-0.8556811097460985,1.0,1
2018-01-17,1.4982641108300798,1.661052788265694,1.2640597348816298,-1.1665647539874862,1.0,1
2018-01-18,0.3567401850516742,0.3739899851920526,0.298430663711053,-0.6575275616002729,1.0,1
2018-01-19,0.5358085981239821,0.6804167998051901,0.0257610216762753,-3.0,1.0,1
2018-01-22,0.6370072047915906,0.66600607027874,0.5723752218952824,-3.0,1.0,1
2018-01-23,0.7827235178041616,0.8172697635131687,0.1258285971494604,-2.556034591021984,1.0,1
2018-01-24,2.155894514442516,1.4522981009269111,1.2119123541707726,-2.07208531948243,1.0,1
2018-01-25,2.155894514442516,1.4394791969865128,0.8428581577146873,-3.0,1.0,1
2018-01-26,1.2019184910427738,0.4283853861563356,-0.6388677931344763,-3.0,0.0,0
2018-01-29,1.3181388794956783,0.2501320677074901,-0.5878049809822837,-3.0,0.0,0
2018-01-30,1.0986433652633252,-0.0945152872277025,-0.8070122254628062,-3.0,0.0,0
2018-01-31,1.2575912429450868,-0.267431080870239,-0.4432913944479429,-2.952429239062499,0.0,0
2018-02-01,0.8196231023530975,-0.7722006559322085,-0.3526467446712316,-2.8906342411653565,0.0,0
2018-02-02,0.2104437329799963,-1.2683625428404643,-0.929380028775838,-2.832868002011365,0.0,0
2018-02-05,0.1580267623463114,-1.2577397414138196,-0.8745598199433986,-2.779479240887144,0.0,0
2018-02-06,-1.6209032653004678,-2.378189883564641,-2.0457431948495377,-2.5459795522233,0.0,0
2018-02-07,-3.0,-2.9439613246584604,-2.5738159784381747,-2.687713228811257,0.0,0
2018-02-08,-1.9850167006368125,-2.5579231989546374,-2.5738159784381747,-2.643282801399581,0.0,0
2018-02-09,-2.2201514328161345,-2.643407584148604,-2.573574693852354,-2.598706685944781,1.0,1
2018-02-12,-2.497891140433914,-2.864831376311429,-2.5738159784381747,-2.5567440725684847,1.0,1
2018-02-13,-1.5963903175927237,-2.211545477609287,-2.4575586745248925,-2.51633596037342,1.0,1
2018-02-21,-0.9710941365566916,-1.298630634668596,-2.3890975815684845,-2.477450755815533,1.0,1
2018-02-22,-0.4896595392988129,-0.8403676806011514,-2.1941725467012003,-2.294943942830041,1.0,1
2018-02-23,-0.8122076509945418,-0.8295921384332621,-1.738050237197327,-1.9547194290728829,1.0,1
2018-02-26,-0.3465852366177361,-0.6691673438578899,-1.5971369625386285,-1.744441355083346,1.0,1
2018-02-27,-0.5647705132563695,-1.1069236864496226,-0.2932169691826942,-1.5072729322456628,1.0,1
2018-02-28,-0.5376111663747662,-1.389911673217499,-0.2314612473884582,-1.2861707885204503,1.0,1
2018-03-01,-0.4834282285536132,-1.5179828558320334,-0.9145783347742446,-0.9309552387861348,1.0,1
2018-03-02,-0.6778886154122873,-1.2058502309597987,-0.0696672546312752,-0.6480182511935599,1.0,1
2018-03-05,-0.4134021195635797,-1.1912629766498737,0.4753151470526583,-0.560645289685545,1.0,1
2018-03-06,-0.8075778050491916,-2.180791733527907,0.5605524031957423,-0.4355583734360638,1.0,1
2018-03-07,-0.3701507252501962,-1.7144318935047551,1.3058993189563477,-0.5604753870164508,1.0,1
2018-03-08,-0.3832705252401355,-1.9661614148049376,0.7145949684052203,-0.5160814166858239,1.0,1
2018-03-09,-0.2843467683937456,-1.9292030877263868,0.8294038683830212,-0.2874203190537077,1.0,1
2018-03-12,-0.3475566632279001,-1.7571229836212612,0.7272943322017434,-0.1236877777216689,1.0,1
2018-03-13,-0.4656405368123796,-1.5906926789099345,0.769572416222718,0.0083940031882468,1.0,1
2018-03-14,-0.2598206756916899,-1.2919651098617255,0.864436242158231,0.0730514087096001,1.0,1
2018-03-15,-0.0344627577864353,-1.54792855814802,0.637645563126061,0.1368440692903373,1.0,1
2018-03-16,-0.0484110945184541,-1.388565553920372,0.8591724775889721,0.177094879633318,1.0,1
2018-03-19,-0.1258083060580163,-1.504407218396583,0.5253887149407462,0.3249842616530381,1.0,1
2018-03-20,-0.1299774556112093,-1.347221508032893,0.7494497420911721,0.4004095878809621,1.0,1
2018-03-21,-0.2178183601497841,-1.328003304717328,-0.0239335346782749,0.5205930170657362,1.0,1
2018-03-22,0.0352118746248459,-1.04009853062701,0.4594620738106484,0.5554587703734761,1.0,1
2018-03-23,-0.1123327997491898,-1.2967019161896998,0.0669762052249884,0.5269719630835624,1.0,1
2018-03-26,-0.6234838662479697,-1.546781319116279,-0.7167906584613999,0.512527657591274,1.0,1
2018-03-27,-0.5928514029051564,-1.3896317825636948,0.1990714284087797,0.0933645895473371,1.0,1
2018-03-28,-0.6729573279398949,-1.2349663064425482,-0.4216280503884798,0.255160988306098,1.0,1
2018-03-29,-0.7716841009600413,-1.7513608911390148,-0.8401583697450141,0.3128973006877379,1.0,1
2018-03-30,-0.8763119356425607,-1.7217454300888473,-0.9334608884436764,0.3415854645540024,1.0,1
2018-04-02,-0.5766589216023178,-1.952877008906717,-0.2113051028854267,0.3560137199652327,1.0,1
2018-04-03,-0.3464683656565145,-1.399580698909524,0.015133302671606,0.349688709525396,1.0,1
2018-04-04,-0.3434209758069763,-0.7858400351055803,0.8312257015204374,0.3777055493243006,1.0,1
2018-04-05,-0.1643141224538771,-1.0131512171508514,0.3598883886536356,0.5057007166133951,1.0,1
2018-04-06,0.1276556650961525,-0.7616081682481138,-0.0440522683521416,0.5359090441557527,1.0,1
2018-04-09,0.3006216543940551,-0.3936420377463918,0.7214567533198691,0.4977868923097744,0.0,0
2018-04-10,0.2199738587960746,-0.3868469988480886,0.5033970785729114,0.5232253612693486,0.0,0
2018-04-11,-0.2979450478594962,-0.9771960142313192,0.430534268139025,0.5928414015241722,0.0,0
2018-04-12,-1.1030788156232731,-1.5520635196900625,-0.4727218424228847,0.1778586928569181,0.0,0
2018-04-13,-0.9796924771950252,-1.409210006303226,-0.3941778794216523,-0.5599001581572769,0.0,0
2018-04-16,-1.2551818867655904,-1.8467821392089243,-0.4125707453654733,-0.3151948978881222,0.0,0
2018-04-17,-1.281972546843959,-1.468243150035949,-0.9509215358723836,-0.3675118286806427,0.0,0
2018-04-18,-1.040623526749154,-1.2178090760497466,-1.0998160117187676,-0.1845435306888015,0.0,0
2018-04-19,-1.3177200608820656,-1.7653775488031418,-1.0517983703419425,-0.064101634953764,0.0,0
2018-04-20,-2.0668721817372355,-1.950259813323369,-1.816270348674654,-0.1699847498508878,0.0,0
2018-04-23,-1.6414450487670549,-2.014505638262837,-1.7425211042255164,-0.878809408424478,0.0,0
2018-04-24,-2.6465749569253454,-2.5934455945295327,-1.7991518343503363,-0.7192302281803403,0.0,0
2018-04-26,-2.707590794173317,-2.607170614045925,-1.8220366822291136,-1.7189906696699184,0.0,0
2018-04-27,-3.0,-2.891319281794125,-1.725752865083506,-1.4554789200073086,0.0,0
2018-05-02,-2.69638198728718,-2.499107642460077,-1.8588842702899724,-1.8678594997891105,0.0,0
2018-05-03,-2.935598301642277,-2.508038799331922,-1.9805916029292785,-1.5428907042747906,0.0,0
2018-05-04,-2.817420644783017,-2.602478222840938,-2.1432168377814698,-1.5641555330720571,0.0,0
2018-05-07,-2.5764179038996997,-2.248474209400806,-2.081597645410424,-1.201208000391037,0.0,0
2018-05-08,-1.9860064929564647,-2.00798522501627,-1.8890849406395496,-0.8274325377775239,0.0,0
2018-05-09,-1.9265592881118037,-1.9551137407542287,-1.5877574696188292,-0.7826840925006298,0.0,0
2018-05-10,-1.791594599215529,-1.8202131996331925,-1.6079030740228308,-0.5182798605710923,0.0,0
2018-05-11,-2.096008260332194,-2.3549752649503377,-1.3748729149465762,-0.243240196394094,0.0,0
2018-05-14,-1.839607849051217,-1.956565531839103,-1.2041784968004172,-0.5427056246894149,0.0,0
2018-05-15,-1.5633528730920565,-1.8250329866381148,-0.214032346871856,-0.3361343205999255,0.0,0
2018-05-16,-1.366059473456938,-1.3792239010316358,-0.0165470918211001,-0.1892266301990644,0.0,0
2018-05-17,-1.4753180164490394,-1.6718020246053402,0.0333026818749366,-0.0205662078209403,0.0,0
2018-05-18,-1.557981951012092,-1.4760440392358405,0.3005010576846615,-0.0376316727110123,0.0,0
2018-05-21,-1.4854274598969397,-1.6017168977411227,0.4320968331921634,-0.028237728198611,0.0,0
2018-05-22,-1.6628514251534567,-1.87256656718495,0.1506283365233099,0.1734045115500647,0.0,0
2018-05-23,-2.2314712067720137,-2.412817731919394,-0.6359949785820908,0.002770172075399,0.0,0
2018-05-24,-1.9848263590918445,-2.109019496493778,-0.4026905499858718,-0.8772084088881076,0.0,0
2018-05-25,-2.0579539845189827,-2.2532123527147654,-0.1703761519280975,-0.5875435368498573,0.0,0
2018-05-28,-2.3334207514260155,-2.318036037516228,-0.7072032092400836,-0.5460642780660766,1.0,1
2018-05-29,-2.4843108135317697,-2.285148801567978,-1.950603055390987,-0.853826242521409,1.0,1
2018-05-30,-2.3282088350538745,-2.2544160539943654,-1.704052415288858,-2.1371063522098246,1.0,1
2018-05-31,-2.3507825746325173,-2.2224336643192264,-1.6397982139392966,-1.9597537924734123,1.0,1
2018-06-01,-1.8429695286291556,-2.156302418333204,-1.2071528029453291,-1.6286933509721755,1.0,1
2018-06-04,-1.523279976435987,-1.904120999650376,-0.9851176835732468,-1.3888052739513892,1.0,1
2018-06-05,-1.0413092437782967,-1.258379043421495,-0.6327649429132846,-1.073368789686713,1.0,1
2018-06-06,-0.6807128330501857,-1.112446913998184,0.3154927966554853,-0.9608726172057438,1.0,1
2018-06-07,-0.3498823400163132,-0.9112727079573458,0.5081172439334866,-0.7848338107397131,1.0,1
2018-06-08,-0.2533610231432929,-0.774167161496683,0.7988830271478182,-0.6242268909059877,1.0,1
2018-06-11,-0.2510760256990383,-0.8786564947855188,0.9599104439457772,-0.326732443857255,0.0,0
2018-06-12,-0.3007636990794836,-0.9215540210778732,1.4911410672689664,-0.0828245248333811,0.0,0
2018-06-13,-0.6723553408217448,-1.4342293289421388,1.2335393530070684,0.0588357420885193,0.0,0
2018-06-14,-0.5067577837929378,-1.1683317706619978,1.5309519864729857,-0.289092732317375,0.0,0
2018-06-15,-0.5592048583352471,-1.204153101653895,1.525027042789899,-0.0767358245593582,0.0,0
2018-06-18,-0.5604357117865686,-1.4137147423783798,1.4790876955451342,0.0512184869501817,0.0,0
2018-06-19,-1.0503895350905157,-1.6688104457390758,1.471974115558213,0.2231297251845679,0.0,0
2018-06-20,-1.5853964965334206,-2.0557656675632385,0.492598251199136,-0.3959745684101362,0.0,0
2018-06-21,-1.210102415416208,-1.7293542692981942,0.2611185087709684,-1.0144450436463246,0.0,0
2018-06-22,-1.3835651186224096,-1.7911246316437544,-0.0061475237976972,-0.7879581674963342,0.0,0
2018-06-25,-1.0548446150449362,-1.470168553404105,0.3497325688325753,-0.7483616274808098,0.0,0
2018-06-26,-0.8165651533806022,-1.3273671587799651,0.4540117213525794,-0.5341143441856767,0.0,0
2018-06-27,-0.8462143714140022,-1.4611493598959622,-0.0904345752506759,-0.2950820989003637,0.0,0
2018-06-28,-0.9387558135643218,-1.6436446421423831,-0.1721629757238177,-0.1039945247418945,0.0,0
2018-06-29,-1.2090332493258733,-1.76170785029427,-1.1569235022438185,-0.0298529261162677,0.0,0
2018-07-02,-1.139810759027529,-1.6584385706606648,-1.0460986385121616,-0.247858659866223,0.0,0
2018-07-03,-1.5528745505602282,-1.7652994021119228,-1.3520384900353326,0.0401291691853094,0.0,0
2018-07-04,-2.1209953564917097,-1.9330902174271432,-1.476239776345976,-0.4682376509992341,0.0,0
2018-07-05,-1.8287416208558755,-1.918680482812149,-1.4030587760155533,-1.2374932427165497,0.0,0
2018-07-06,-2.1241672579602056,-1.9036283275524517,-1.6689828852562818,-0.8388938607208432,0.0,0
2018-07-09,-1.58511916058255,-1.88982143009692,-1.6009433258921495,-1.0918701109472644,0.0,0
2018-07-10,-1.5577688253426067,-1.8754252506672944,-1.4990813647709187,-0.9304447614571258,0.0,0
2018-07-11,-1.4649384967018562,-1.8613663139479533,-0.9596454293949892,-0.6096269915167296,1.0,1
2018-07-12,-1.7892899309785195,-1.8423545903364156,-1.2354138365027658,-0.2509577912868538,1.0,1
2018-07-13,-1.5423697461229753,-1.750661295298408,-1.0346658261592263,-0.6583213716690982,1.0,1
2018-07-16,-1.18050512532914,-1.6429805017451582,-1.1081311000608918,-0.3341696464731779,1.0,1
2018-07-17,-0.9624656465257064,-1.642544284826991,-0.370955925161792,-0.185707195481317,1.0,1
2018-07-18,-0.6146897151138094,-1.593644505434642,0.5804365240427948,0.0493248088586621,1.0,1
2018-07-19,-0.045014464043666,-1.1025781895676288,0.909291024754556,0.1233444760634896,1.0,1
2018-07-20,0.0982582893014102,-0.9727668386478892,1.2803967763976327,-0.0346082393440523,1.0,1
2018-07-23,0.0756389214842724,-0.9459399496460306,1.1209219341604093,0.1937063598151357,1.0,1
2018-07-24,0.173850089768014,-0.9195222535411284,1.1930995014089647,0.3780849206723592,1.0,1
2018-07-25,0.1494206899114823,-0.9420715189978488,1.0362240994868832,0.5720668806809537,1.0,1
2018-07-26,0.1659995907396579,-1.0114903819454102,1.4249588538666187,0.6975327566354219,1.0,1
2018-07-27,0.1207457628274638,-0.8378812717701709,1.501634286731595,0.8596463398126093,1.0,1
2018-07-30,0.4187781220129775,-0.5734034785129745,1.412725450024397,0.9049206958008884,1.0,1
2018-07-31,0.721889196426118,-0.4591386579949417,1.2396974307455044,0.8334683378085906,1.0,1
2018-08-01,0.7939046383302429,-0.2500429190772216,1.5268507147252075,0.7604293297244897,1.0,1
2018-08-02,0.7071519216736515,-0.4309669341180393,1.304204556889743,0.8860615128545631,1.0,1
2018-08-03,0.6881778109136465,-0.3671464721063867,1.3559590546739866,0.9058859371135796,1.0,1
2018-08-06,0.7337013148356385,-0.352799724636084,1.500009063550762,1.013566163151412,1.0,1
2018-08-07,0.6766781963690627,-0.1929265691046852,1.2225809406874546,1.12057570141876,1.0,1
2018-08-08,0.5421461072004616,-0.2782107132989504,1.1825753778982877,1.1425494404051495,1.0,1
2018-08-09,0.6641130760872868,-0.1188784854320343,1.195095858383171,1.0393473042649573,1.0,1
2018-08-10,0.6577556463719819,-0.2535466420915707,1.2993547897689637,1.090383966196102,1.0,1
2018-08-13,0.7203886146928834,-0.0459025216656167,1.0586289219351332,1.1839311558584045,1.0,1
2018-08-14,0.8935655692637312,0.0608806484476762,0.9267469307971434,1.2414038757279586,1.0,1
2018-08-15,0.9158351646891008,0.1681119819263895,0.7037937669468846,1.192679320951334,1.0,1
2018-08-16,0.6690320607258463,-0.1668590121350653,0.6842016559075207,1.2677198428436596,1.0,1
2018-08-17,0.7155050340326162,0.2357453402973225,0.6872160221400124,0.9673295422677144,1.0,1
2018-08-20,0.6577795217668551,0.0960275791148875,0.5279587381330063,1.065469046066284,1.0,1
2018-08-21,0.6674783246558653,-0.0427724598021264,0.2160241350600087,1.0905550787329674,1.0,1
2018-08-22,0.8730100441586818,0.2135410821298857,0.3251525247782038,1.191593473417217,1.0,1
2018-08-23,0.9364337027809884,0.3687282115541371,0.6803192394694284,1.114827057349259,1.0,1
2018-08-24,0.9824421595996476,0.4699997634047079,0.8446752236784475,1.1587519457090822,1.0,1
2018-08-27,0.9996392222507384,0.5215612987872796,0.9015934088959984,1.203773940165555,1.0,1
2018-08-28,0.9479569267408374,0.4758477634499051,0.5959101796747199,1.2622712887635583,1.0,1
2018-08-29,0.985623238788742,0.6779342064906181,0.7849547966367287,1.2843441800829096,1.0,1
2018-08-30,0.8939383983433936,0.5339249332370075,0.6902298262493717,1.3173852837103528,1.0,1
2018-08-31,1.0160486590685671,0.6873527292468614,0.7727590604274591,1.274558066780803,1.0,1
2018-09-04,0.8860105221072441,0.7390711736185464,0.9130283763604722,1.2423949344670095,1.0,1
2018-09-05,0.6802208054688798,0.5947555418544355,0.1424669231347262,1.1576933723739355,1.0,1
2018-09-06,0.5758209781314252,0.4012543166100832,-0.2673793913419467,0.952907922007997,1.0,1
2018-09-07,0.481217296650242,0.3079633702528755,-0.3929783523907902,0.9279691297162282,1.0,1
2018-09-10,0.6443550251640192,0.6140365449173527,-0.59714809109879,0.9148144202666504,1.0,1
2018-09-11,0.5633165982666054,0.5182367331872446,-0.4605006101124095,0.9238163993331198,1.0,1
2018-09-12,0.7598928092539063,0.7231592160063907,-0.2762900721621268,0.9393901234801272,1.0,1
2018-09-13,0.7775340104900338,0.6236072673462063,-0.5292683142728992,0.9164293867139668,1.0,1
2018-09-14,0.825660693338854,0.6753552099162271,-0.7328680008195259,1.0284715868706715,1.0,1
2018-09-17,0.8556016880105934,0.7780563299349008,-0.6049215211484631,1.099902808827973,1.0,1
2018-09-18,0.8127654574389901,0.7293919718666898,-0.6185418943319225,1.1734525059100092,1.0,1
2018-09-19,0.943384005383536,0.8810271468588505,-0.0135383435298589,1.218538709368812,1.0,1
2018-09-20,0.9550560023675588,0.8328280218480388,0.1336587612979616,1.1938687371378962,1.0,1
2018-09-21,1.0783166130579718,1.185953244055245,0.7802120364520986,1.2679758222063602,1.0,1
2018-09-24,1.0637455699712657,1.0824330847530923,0.6636313774781443,1.2385963193369436,1.0,1
2018-09-25,1.113870301214837,1.1809150682304104,0.8838296268040222,1.3255450180213622,1.0,1
2018-09-26,1.1729752873183532,1.3246181498986678,1.053407134770369,1.3488980179591152,1.0,1
2018-09-27,1.259910292641801,1.4646653237760745,1.1037617345273991,1.35846914977472,1.0,1
2018-09-28,1.2769059620627694,1.6032635056636564,1.2318869321042192,1.3375752076561755,1.0,1
2018-10-01,1.2497406889079734,1.5439241353166544,0.9413972361114202,1.3764649844319476,1.0,1
2018-10-02,1.1017336343730604,1.4895159776132605,1.099057652806818,1.4421119273292031,1.0,1
2018-10-03,0.9925185862629728,1.3842969507639276,0.8957285660735688,1.3298022506342997,1.0,1
2018-10-04,0.9939491196159788,1.4290711009656871,0.988608949398476,1.2867538123207938,0.0,0
2018-10-05,1.0577703184008678,1.5200053220104477,1.0983668056144649,1.3456003660368334,0.0,0
2018-10-08,0.867301127665031,1.414973954150362,0.6709088075202744,1.3351720505727356,0.0,0
2018-10-09,0.7519840994448427,1.4584245049304556,0.7181538145290542,1.1372360528277083,0.0,0
2018-10-10,0.663479676122565,1.406867178215221,0.3742283497651655,1.0852438237809898,0.0,0
2018-10-11,0.5299362591106918,1.2099473985896538,-0.3550602382555478,1.076115524773871,0.0,0
2018-10-12,-0.4250167074559976,0.1899572529395474,-1.071694105411843,0.989202533595476,0.0,0
2018-10-15,-0.0164069668653897,0.3920773407968014,-0.9044789909557178,-1.6095032942524514,0.0,0
2018-10-16,-0.2206340325035304,0.3010312678277592,-0.9851345651246448,-1.3453308532874473,0.0,0
2018-10-17,-0.0603388812419386,0.4550235850929363,-1.0066733901582892,-1.159833618991775,0.0,0
2018-10-18,0.0817492798216007,0.6072474575970973,-1.1217355210897122,-0.7758846100937967,0.0,0
2018-10-19,-0.0895004714719853,0.2675532906444791,-1.274038329916818,-0.4494770027890302,0.0,0
2018-10-22,-0.1383254548981364,0.1263788043406165,-1.1896190390616417,-0.371366601111663,0.0,0
2018-10-23,-0.3450099437185422,-0.014498605351593,-1.3357638947794497,-0.1290118791757162,0.0,0
2018-10-24,-0.6350249581474549,-0.1048346415100579,-1.377304909952333,-0.1836831640684384,0.0,0
2018-10-25,-0.855940282922389,-0.4855404467165995,-1.4704844641222483,-0.397505161987008,0.0,0
2018-10-26,-0.9771769582586636,-0.6144206182615936,-1.2948618131119751,-0.477383132778282,0.0,0
2018-10-29,-1.0409160605209555,-0.548216864160944,-1.4089125082822014,-0.3944677210878224,0.0,0
2018-10-30,-1.111880417346698,-0.6750608167086385,-1.4623012500042687,-0.2430604226448229,1.0,1
2018-10-31,-1.1038939574364046,-0.5614169002159803,-1.4833335482331698,-0.1380731276955614,1.0,1
2018-11-01,-0.7047984266643336,-0.4054070425729959,-1.374456765085957,0.072324009793986,1.0,1
2018-11-02,-0.8663126241235932,-0.490311282446688,-1.090948824443651,0.0398342972235752,1.0,1
2018-11-05,-0.6098511071050843,-0.3409726814912653,-0.9523596200809056,-0.0288172695891022,1.0,1
2018-11-06,-0.4860734249271555,-0.2881396286708181,-0.7086705411255462,0.0864287990848678,1.0,1
2018-11-07,-0.4660573809532118,-0.2352241476206264,-0.5529128303558953,0.2943482574902574,1.0,1
2018-11-08,-0.5483834939413039,-0.2744911034978837,-0.6957717936861888,0.5112290357635696,1.0,1
2018-11-09,-0.4195701936546677,-0.1741561317081047,0.0176949461655923,0.518142949609532,1.0,1
2018-11-12,-0.6188262209421618,-0.3548218868803728,-0.2296862574457311,0.6575588229298197,1.0,1
2018-11-13,-0.5631875992699459,-0.4386553501896673,0.0102824276042568,0.419137567271773,1.0,1
2018-11-14,-0.6883037645501694,-0.4740113989983955,-0.0238765263585979,0.6492957144764754,1.0,1
2018-11-15,-0.6730518027174504,-0.3704710959476289,-0.1162078217164713,0.5364525542559412,1.0,1
2018-11-16,-0.6795598017002199,-0.3605513304660566,-0.0535284885020083,0.6801135209178354,1.0,1
2018-11-19,-0.5316908627759879,-0.3043327424759297,0.1242291784560471,0.7646059236656142,1.0,1
2018-11-20,-0.3177896708227101,-0.2485362769328583,0.2257689244420579,0.8623684471702855,1.0,1
2018-11-21,-0.2636303100968675,-0.2388579432239124,0.3089369890646445,0.8719221610484573,1.0,1
2018-11-22,-0.188060153813967,-0.1847291174372769,0.5960527488788437,1.0239333890050546,1.0,1
2018-11-23,-0.155042328789811,-0.0858916057036351,0.5864381072176936,1.13136482228917,1.0,1
2018-11-26,-0.2942955997928595,-0.2124370013068944,0.6386459310064122,1.2450425069416935,1.0,1
2018-11-27,-0.2800432807337666,-0.1578971567828435,0.7648199730111627,1.0270226130386222,1.0,1
2018-11-28,-0.2755599969541996,-0.2366202825966264,0.8170989220412288,1.1168970636393318,1.0,1
2018-11-29,-0.2097487828152431,-0.3131378164144334,0.934196101502641,1.17120120360688,1.0,1
2018-11-30,-0.2529227929412044,-0.2545791585073143,0.7529969474174074,1.2668265313546854,1.0,1
2018-12-03,-0.1923248765920578,-0.1516227497063216,0.8184697656937417,1.214471479171168,1.0,1
2018-12-04,0.2128447748370829,0.2655221079934155,0.7959811169430742,1.3066882461770322,1.0,1
2018-12-05,0.2709716070322149,0.5900771424994604,0.950311097359678,1.0211557418096329,1.0,1
2018-12-06,0.2808291788143103,0.4616760280489387,1.1439325200125234,1.1313762056743142,1.0,1
2018-12-07,0.3219166778435106,0.5166458622257154,1.0145696095449548,1.2114609280539357,1.0,1
2018-12-10,0.4752411200305937,0.7529026462439627,1.3807842668369876,1.2979315661341944,1.0,1
2018-12-11,0.3949456765240758,0.391709715899862,1.3868416170351494,1.269484909448219,1.0,1
2018-12-12,0.3458135783472668,0.3066048113657167,1.196377840702857,1.1989949004632137,0.0,0
2018-12-13,0.4830780619651563,0.593074813648633,1.25348252884651,1.1865313706447247,0.0,0
2018-12-14,0.5462718917494852,0.5516414198440996,1.2116035150888214,1.181738805825898,0.0,0
2018-12-17,0.4188982729618649,0.6948192969150151,1.3039523165398323,1.2343820468803202,0.0,0
2018-12-18,0.1413905268321895,0.1857356931390109,0.3750074335321999,1.097480696549483,0.0,0
2018-12-19,-0.0267750465968303,0.1008634514023254,0.1035775006365921,0.6791287957615497,0.0,0
2018-12-20,-0.114829108292147,0.0170870926189585,0.1026910732270752,0.5269374604440791,0.0,0
2018-12-21,-0.0160267945006498,0.1688908802622397,0.081255842127114,0.5182624570305927,0.0,0
2018-12-24,0.0139419236032609,0.2727133401194573,0.0159299663643843,0.6658299802531518,0.0,0
2018-12-25,-0.0626228651674702,0.1863782105653754,-0.3853305313141761,0.8156376290192362,0.0,0
2018-12-26,-0.3450638810961069,0.1464454974769069,-0.6994754589151292,0.7827199508986322,0.0,0
2018-12-27,-0.4023842622058434,0.0583841783830955,-0.7288001549438223,0.376112211222171,0.0,0
2018-12-28,-0.1688453695771825,0.305954883314421,-0.8504558933795822,0.4187223206580496,0.0,0
2019-01-02,-0.2007010109602445,0.2651419896961454,-0.9793992166692442,0.4762685144727817,0.0,0
2019-01-03,-0.3948419785701648,0.1773824325325885,-0.9990967348630808,0.5568777882587382,1.0,1
2019-01-04,-0.6903762303615245,0.043226818467585,-1.1331507136234082,0.3502200179893707,1.0,1
2019-01-07,-0.6288492067827057,0.1525796622958368,-1.0330052665722034,-0.0293752686248577,1.0,1
2019-01-08,-0.4102311048364163,0.2630272118227472,-1.0988882794877388,0.2363376401959578,1.0,1
2019-01-09,-0.3812009112023254,0.2769756034908193,-1.1613489072660996,0.354667054259456,1.0,1
2019-01-10,-0.186127772164819,0.3408256704232411,-0.8033714589801396,0.5259759888896158,1.0,1
2019-01-11,-0.1159862524595742,0.3537439242423996,-0.1508996261144874,0.6111486876189637,1.0,1
2019-01-14,0.0017837727738624,0.3722956233454003,0.0153257542302939,0.784033022082849,1.0,1
2019-01-15,-0.0209206256077343,0.3371852436240161,-0.2272332147971952,0.8895211635441843,1.0,1
2019-01-16,0.1449974556738511,0.300072891405916,-0.047329952340844,0.9158359488773988,1.0,1
2019-01-17,0.1517572064220857,0.3199644788192177,0.2916274371327097,0.9636939024814936,1.0,1
2019-01-18,0.0387237921327491,0.1685572306299012,0.6662496351184632,1.0272324515351865,1.0,1
2019-01-21,0.0968306735128949,0.2448159441088304,0.5662849182017167,0.8994050738420575,1.0,1
2019-01-22,0.1999807030249215,0.2587493239828787,0.4050756550520665,1.0309529911337787,1.0,1
2019-01-23,0.1417942113138456,0.2739996017839408,0.609471533563772,1.104152319687113,1.0,1
2019-01-24,0.2293918411369395,0.3510398970157308,0.6757695119250903,1.0542653700035896,1.0,1
2019-01-25,0.2540060666364145,0.367830183168092,0.7164765349130746,1.1338716039808372,1.0,1
2019-01-28,0.2877162843196196,0.3884155275812734,0.6584911856536291,1.187277195209386,1.0,1
2019-01-29,0.3488137333837461,0.4096754247648311,0.6406601397273433,1.2304744805532613,1.0,1
2019-01-30,0.4214480711454832,0.4935246869911477,0.5804824368841446,1.296381359597289,1.0,1
2019-01-31,0.3996746323916625,0.4403283053353779,0.3049921316272552,1.3727983932949763,1.0,1
2019-02-01,0.4344107088411801,0.5935585616568695,0.6361962094975221,1.3403245219986129,1.0,1
2019-02-11,0.5035640719029745,0.6771037815095899,0.3720254379855113,1.3807773398937533,1.0,1
2019-02-12,0.9232950979749084,0.9002499261492269,0.617896161616,1.443293126927743,1.0,1
2019-02-13,1.2501324414720287,1.262257553849022,0.8464563577664175,1.2054678546808577,1.0,1
2019-02-14,1.5391149715938994,1.4783523573071888,1.080768136093475,1.0716995462343823,1.0,1
2019-02-15,1.5669906315608697,1.4700077771230928,1.1394006662318876,0.97420255574475,1.0,1
2019-02-18,1.539134836277303,1.7434030157814957,1.3094770670245568,1.0680118771495668,1.0,1
2019-02-19,1.676049898617304,1.7987092502337498,1.325763564425326,1.1744947094228606,1.0,1
2019-02-20,1.400899932663677,1.7119550653225786,1.2664342320948774,1.1620641317055338,1.0,1
2019-02-21,1.3152828054527357,1.4866846933310776,1.403689554110678,0.8825513719568895,1.0,1
2019-02-22,1.3580771112996095,1.6875247880691588,1.222650732829669,0.9228048702717906,1.0,1
2019-02-25,1.4142945967047782,1.6106332956936995,1.2519743492374056,1.031146743482574,1.0,1
2019-02-26,1.6402055103839857,1.749767663086937,1.2907143122055909,1.1132127151976177,1.0,1
2019-02-27,1.6568958292079694,1.676609786747689,1.1268282338138795,1.0171662887387565,1.0,1
2019-02-28,1.7542918201894808,1.886931490258272,0.9091195797271084,1.1146932158826413,1.0,1
2019-03-01,1.4306137149699825,1.456293723822245,0.8189861978420053,1.1218009657878232,1.0,1
2019-03-04,1.6977746094872683,1.7337026730213756,0.8086068428619102,0.6801409955509088,1.0,1
2019-03-05,1.937311003476184,2.140136963443757,0.8846285440368284,0.5829317161548364,1.0,1
2019-03-06,1.9258382327847476,2.325881057453788,1.0059016881042355,0.509108981113503,1.0,1
2019-03-07,1.9595772831041776,2.500869353395869,0.9084750932740916,0.675342905536695,1.0,1
2019-03-08,1.873194245675696,2.19072764960255,0.7369723833063649,0.774029310323265,1.0,1
2019-03-11,1.6179767641457732,1.7618751760073543,0.3204375372800197,0.878103270154731,1.0,1
2019-03-12,1.6242358055538628,2.013779283458337,0.1670754249423535,0.6223681846314469,1.0,1
2019-03-13,1.8329882756799216,2.318847817839424,0.448872703850405,0.7708292036758837,1.0,1
2019-03-14,1.876368935739596,2.3483826087306534,0.3389481939206538,0.6823227002980237,1.0,1
2019-03-15,1.9004831095305044,2.3762515583349826,0.5082178958962943,0.7659180523456962,1.0,1
2019-03-18,1.757123775976883,2.3413489734246418,0.2317933061530981,0.8492086408946338,0.0,0
2019-03-19,1.764026366516725,2.1805363392408537,0.2231672872140269,0.823668744853003,0.0,0
2019-03-20,1.5684688290270064,2.02825786730946,0.0820044400735475,0.9272427232835684,0.0,0
2019-03-21,1.5102261654239462,1.9429597934971528,0.1186260780442239,0.7576829079908602,0.0,0
2019-03-22,1.1006648359619868,1.6757337002819346,-0.1351677539525202,0.8573459453042478,0.0,0
2019-03-25,1.062796181070557,1.664051476140242,-0.0215970677246548,0.1355630796518699,0.0,0
2019-03-26,0.5877396495830128,0.9671778864459096,-0.5005231892902404,0.3182438710403675,0.0,0
2019-03-27,0.6939492678821855,1.344329808113795,-0.6737610128196698,-0.5191482903782214,0.0,0
2019-03-28,0.8570003475280711,1.4628670485803428,-0.7941046983714121,-0.2403492474043034,0.0,0
2019-03-29,0.8969829804131584,1.5173244731534694,-0.9387628526025296,-0.0784526812479843,0.0,0
2019-04-01,0.8429165157073901,1.32218161574769,-0.8417988951695734,0.1811798832495958,0.0,0
2019-04-02,0.887356773994688,1.1894669048935973,-0.8823926466518185,0.3158529485621037,0.0,0
2019-04-03,0.8840553540400322,1.0584334067875831,-0.9451281973340764,0.5105605955221592,0.0,0
2019-04-04,0.897508808379502,1.1791953504949435,-0.9891163851248636,0.6907896215301298,0.0,0
2019-04-05,0.9660228756629018,1.3006233455729357,-0.9110482902510988,0.8593782316350016,0.0,0
2019-04-08,1.0022721132342147,1.361869751024825,-0.7227370053504123,0.9452329518132508,0.0,0
2019-04-09,1.1161840422715774,1.6075625195407146,-0.309086761886165,1.049590271481872,0.0,0
2019-04-10,0.9208252210319542,1.5383704989222151,-0.611703938018694,1.0530749629272171,0.0,0
2019-04-11,0.7481266821750154,1.3487891281794488,-0.9381112395479604,0.7677351539723271,0.0,0
2019-04-12,0.7997159210166355,1.2238984974958411,-0.7184734050905275,0.5570677260320384,0.0,0
2019-04-16,0.7567917444149664,1.2852534634987756,-0.7187798043949629,0.7187463028713427,0.0,0
2019-04-17,0.620202773278558,1.21529002725832,-0.4105500024250024,0.7733873260070535,0.0,0
2019-04-18,0.4063675661424404,1.2104189118678303,-0.4842059433663673,0.6325935625285463,0.0,0
2019-04-19,0.1574552166944169,0.9489184122515828,-0.6971728901674059,0.3290823750913878,0.0,0
2019-04-22,0.2459331518113269,0.8827365230079152,-0.695894907272604,-0.0226201288398195,0.0,0
2019-04-23,0.1262731319201608,0.8181038648081851,-0.8142490461752793,0.1928225182433449,0.0,0
2019-04-24,0.2367429899619705,0.9442521213426722,-0.8336489413353115,0.1281065380470427,0.0,0
2019-04-25,0.4107705239831745,0.875430748402517,-0.4517839901597816,0.2971890590652093,0.0,0
2019-04-26,0.2932156586900856,0.8713071204805596,-0.559201038324316,0.3560609876679007,0.0,0
2019-05-02,0.4375417341097694,0.8008606359981587,-0.7332422210099893,0.2862869725474812,0.0,0
2019-05-03,0.3604985862573859,0.8605039156007177,-0.698629545553219,0.3696671142429454,0.0,0
2019-05-06,0.3260369150644047,0.9189845516312862,-0.7294419996783207,0.3878756715318582,0.0,0
2019-05-07,-0.1140281405697491,0.5845778915870157,-0.8959814862476022,0.4864936346768542,0.0,0
2019-05-08,-0.0956319552388404,0.6459154426800758,-0.5489335517419486,-0.4154023449933702,0.0,0
2019-05-09,-0.1561571047201625,0.6405443753813118,-0.7822678799109157,-0.1297017936160272,0.0,0
2019-05-10,-0.1545662206567739,0.5693457758229468,-0.6149049028914508,-0.031474739047263,0.0,0
2019-05-13,0.0092799879107579,0.6324478388352098,-0.64144296851223,0.1716140844150944,0.0,0
2019-05-14,0.1076170567950402,0.7621814421932446,-0.4995242887649543,0.2799753991108498,0.0,0
2019-05-15,0.2153361639670419,0.8244663799323277,0.1308357393879805,0.4411190371682231,0.0,0
2019-05-16,0.5184377910387675,1.0191377594806394,0.2043546528497082,0.565813191186649,0.0,0
2019-05-17,0.5175872743474842,1.0111943703318718,0.5077592833441459,0.4357976810068611,0.0,0
2019-05-20,0.5281354278574569,1.0706252123469242,0.4771480647977446,0.6067236251988957,0.0,0
2019-05-21,0.6878138982050973,1.1306672125080288,0.7357443607544115,0.7714904330797965,0.0,0
2019-05-22,0.6362263496865755,0.987292600955776,1.0010938348875296,0.7695993039790476,0.0,0
2019-05-23,0.5558963132518682,1.0477592559757043,1.025597302743522,0.8092739503519615,0.0,0
2019-05-24,0.6004735482509964,1.3075250500171454,1.1324635752920609,0.7834811877924823,0.0,0
2019-05-27,0.4361340477434323,1.2278675774204186,0.8836305610171492,0.8981131911073473,0.0,0
2019-05-28,0.4704524924961593,1.082273792573077,0.9863892043032771,0.6857062662149188,0.0,0
2019-05-29,0.4460678482057345,1.0723639096285682,0.8080884342236899,0.8208025278930476,0.0,0
2019-05-30,0.4039983543002163,0.9947111235693282,0.5987855377018733,0.8851946344514902,0.0,0
2019-05-31,0.3329535097676926,1.053848047685016,0.4594762291694159,0.9073417691360036,0.0,0
2019-06-03,0.0116373634754427,1.1119578342979357,-0.1128206123083699,0.8743393345335885,0.0,0
2019-06-04,-0.4248925391486602,0.6125569911960805,-0.5623867625100559,0.333015081385594,0.0,0
2019-06-05,-0.4681216379576313,0.6730810922739159,-0.6883154305480592,-0.4251708909938916,0.0,0
2019-06-06,-0.3929365833491692,0.7356977601509114,-0.7472192701094154,-0.2482337132181991,0.0,0
2019-06-07,-0.4208834528502949,0.6550228609385557,-0.9378142893490756,0.0139639351271281,0.0,0
2019-06-10,-0.082412698238827,1.0802628161167824,-0.5563187451200301,0.149062472181849,0.0,0
2019-06-11,0.0393254643678154,0.9984451335563486,-0.8830233226171974,0.0854564455367253,0.0,0
2019-06-12,0.1536656785625707,1.0619238736008492,-0.6765372655688697,0.2699419906607782,0.0,0
2019-06-13,0.0129887558802958,0.9821709394441142,-0.9116574924505856,0.4366741565853617,0.0,0
2019-06-14,-0.0825809048277445,0.6874668767658345,-1.0321843261820898,0.2995693287259081,0.0,0
2019-06-17,-0.0416936679669848,0.682398266329285,-0.2201369648542146,0.2642429074615117,0.0,0
2019-06-18,-0.2436743984018183,0.385482114017857,-0.4341382153871102,0.4986758362129846,0.0,0
2019-06-19,-0.3071399219246769,0.1630564592297237,-0.5227095590235373,0.195318349828055,0.0,0
2019-06-20,-0.150805119466976,0.3045846894447997,-0.1990073224944301,0.2190324357944063,0.0,0
2019-06-21,0.038205380996799,0.5174020607852049,0.0760304363478966,0.3559960954635799,0.0,0
2019-06-24,0.0164490937502002,0.5086652332271416,-0.1550205642555238,0.4276271746682347,0.0,0
2019-06-25,0.0388177228215033,0.5722355007996233,0.1406638225593531,0.5386196455001462,0.0,0
2019-06-26,0.0796547908392019,0.6378771573204686,-0.0631180973947301,0.7380430748591401,0.0,0
2019-06-27,-0.0345477928413467,0.8555962892480409,0.0373687409737411,0.9161670297860272,1.0,1
2019-06-28,-0.3360367904259001,0.4633422761495782,-0.2030868466023918,0.7852977093602262,1.0,1
2019-07-01,-0.1401160436744742,0.6088989013085891,-0.2883643483598982,0.1849351670024701,1.0,1
2019-07-02,0.0555868981936513,0.9084612044185916,0.4860635705944353,0.2738579962461641,1.0,1
2019-07-03,-0.0715828102559898,0.7420596777583627,0.1238394088294588,0.3419617542495862,1.0,1
2019-07-04,-0.1084992358705411,0.5736679092949276,0.2152636075529878,0.2487737098632626,1.0,1
2019-07-05,0.1921590967494478,0.9621818231118328,0.4363053758015731,0.3602127054844504,1.0,1
2019-07-08,0.2554247400798808,0.9521413396543348,0.3594090420731822,0.2802392317808165,1.0,1
2019-07-09,0.1165299341748021,0.8613653190663237,-0.0615999450472687,0.4849025609734326,1.0,1
2019-07-10,0.223549282083343,0.8524293107387557,-0.062566308058044,0.4038183643800042,1.0,1
2019-07-11,0.2093668286755815,0.843658720453698,0.3824008812324795,0.5613039438330124,1.0,1
2019-07-12,0.2623789545905094,0.8350254212623969,0.5074799987981631,0.7515792057022812,1.0,1
2019-07-15,0.1845044222161765,0.9171139901293538,0.2989868988495154,0.9595426722879414,1.0,1
2019-07-16,0.0826127502846446,0.8173828687861276,0.1881290145854947,0.9765804807193392,1.0,1
2019-07-17,0.069529798721473,0.7136547109513914,0.146003513883004,0.9335099114790384,1.0,1
2019-07-18,0.1893794776090109,0.8020551198899595,0.3508663191840503,1.101137334357432,1.0,1
2019-07-19,-0.082422962966094,0.3875161694097421,0.1036464892859415,1.2045053959737595,1.0,1
2019-07-22,0.0473919484528608,0.2659694958040155,0.1103773130428519,0.782790288398976,1.0,1
2019-07-23,-0.1910924074863508,0.1381375219077556,-0.1541620159493869,0.9238194464792906,1.0,1
2019-07-24,-0.0205547923400878,0.3409115816161996,-0.0600566320655847,0.602766327303688,1.0,1
2019-07-25,-0.2786763303690975,0.3266488629798837,-0.1698580199780119,0.7447374765750064,1.0,1
2019-07-26,-0.1889670081617874,0.3121756499354115,-0.2957491303033394,0.3686659628008242,1.0,1
2019-07-29,-0.3064437735464298,0.2974845100013554,-0.3760666370383855,0.6343396465852572,1.0,1
2019-07-30,-0.3849393734512075,0.1655697599635652,-0.4870312482940272,0.5552011262803495,1.0,1
2019-07-31,-0.7875606420007824,0.0287955193093028,-0.7760105342731664,0.5563102962099001,1.0,1
2019-08-01,-0.7179009620774107,0.2527986596860904,-0.763327801547259,-0.1879328171389168,1.0,1
2019-08-02,-0.5870227548087237,0.2400953053312208,-0.4002525521283728,0.1657011471158962,1.0,1
2019-08-05,-0.4816072410333041,0.3511321680238087,-0.9249972027171562,0.4389711628652378,1.0,1
2019-08-06,-0.68891298414199,0.0954857840982162,-1.0190719288242671,0.697925388878065,1.0,1
2019-08-07,-0.942488087548085,-0.4122071933127952,-1.2190979448260677,0.352683568777477,1.0,1
2019-08-08,-0.9580378612095556,-0.5466468912295729,-1.2327240033472773,-0.0690419739989277,1.0,1
2019-08-09,-0.3245527578053919,0.4476108803377149,-0.937561717852176,0.0578387693328197,1.0,1
2019-08-12,-0.0112896444535405,1.0648158983130576,-0.5621494590783966,-0.2372019289550544,1.0,1
2019-08-13,0.0482059312364692,0.9240765338086528,-0.4866620468312017,-0.1269128463357026,1.0,1
2019-08-14,-0.2426867843571336,0.6587936344728568,-0.618302783084382,0.2310629891139373,1.0,1
2019-08-15,-0.1746440436325208,1.0259386348319883,-0.2995367711332163,-0.1667370644682618,1.0,1
2019-08-16,0.0134927237418371,1.0113864665512475,-0.0284188461000641,0.2021276278501093,1.0,1
2019-08-19,0.1782288744431061,0.8714297638327226,0.1444491499234253,0.3883575772543712,1.0,1
2019-08-20,0.1301470900058109,0.734054143570448,0.0852767277879591,0.568144730659472,1.0,1
2019-08-21,0.4029391251897707,0.9750336592642106,0.6004094031393242,0.6406217617521249,1.0,1
2019-08-22,0.4264961765208359,0.9630257591892918,0.47248362914658,0.6473894253467347,1.0,1
2019-08-23,0.4380347235871492,0.94967498770541,0.4581399515094447,0.8635049396680439,1.0,1
2019-08-26,0.2810404690901736,0.9354710124051672,0.8168379493525838,1.0297655253851536,1.0,1
2019-08-27,-0.0506082364719407,0.923277092778844,0.0417427976201125,0.8425622752609636,1.0,1
2019-08-28,-0.0441373806557898,1.1647652741288788,0.3454552501063598,0.267379887084074,1.0,1
2019-08-29,-0.1330267018132611,1.026469970944776,0.2377929838765221,0.4532761860923875,1.0,1
2019-08-30,-0.0988711308371158,1.0167368889738475,-0.1522489806641767,0.4288966903411757,1.0,1
2019-09-03,0.2449380189273772,1.131042852737786,0.2060940941676893,0.6356100783207312,1.0,1
2019-09-04,-0.3422521135271317,0.8730349035311429,-0.187988077971059,0.5913841232088002,1.0,1
2019-09-05,-0.3930028142196957,0.4905286088199285,-0.1957375094671214,-0.5657635294910208,1.0,1
2019-09-06,-0.378809319777853,0.6152724929915719,-0.3885597164502574,-0.3914457110374739,1.0,1
2019-09-09,-0.3940387519628862,0.7396385909170392,-0.3938065360366798,-0.1285914112949846,1.0,1
2019-09-10,-0.4994280897805833,0.6097024952873398,-0.3539633967981093,0.0444214990748399,1.0,1
2019-09-11,-0.8774074624553342,-0.023815474609221,-0.5229435542320369,0.0185921329645427,1.0,1
2019-09-12,-0.7632296366840597,0.0986895308936978,-0.67466161230713,-0.5903319873003817,1.0,1
2019-09-13,-0.3489877683761695,0.3509616710212526,-0.6246370926413012,-0.1813737777309749,1.0,1
2019-09-16,-0.0976920557679049,0.8496911849941832,-0.3013943620515198,-0.1577449127856574,1.0,1
2019-09-17,0.0668009574053674,0.8451766961723897,-0.3693661802776695,0.0219938649581963,1.0,1
2019-09-18,0.2004388160269315,1.2114307546760268,0.4281474007962023,0.2598838461747742,1.0,1
2019-09-19,0.126174672568052,0.8283171070970614,0.2133321971219516,0.4921146899826649,1.0,1
2019-09-20,0.4319856789506737,1.319063202687908,0.3425716714573313,0.5044877356308837,1.0,1
2019-09-23,0.3432850296487449,1.0604654712115562,0.4195678335151276,0.524876347078307,1.0,1
2019-09-24,0.0021632583231183,0.9328884496966844,0.0730806594463807,0.5272914405540571,1.0,1
2019-09-25,0.0313351890494715,0.6825839255231806,0.5199520346875229,0.0058804298898633,1.0,1
2019-09-26,0.267224712723456,0.8143824065755021,0.6126173780660709,0.2542450885630286,1.0,1
2019-09-27,0.4265818011350765,0.9423975444689452,0.461871626800188,0.4037330482397623,1.0,1
2019-09-30,0.5508795356096188,1.3190725762141868,0.4190019279668705,0.6063698765307778,1.0,1
2019-10-01,0.582708261673486,1.0777268037095538,0.2567392637232268,0.8146158092509848,1.0,1
2019-10-02,0.7375840282917374,1.5910738045220094,0.4008500375820226,0.9770260798204052,1.0,1
2019-10-03,0.569091538854935,1.509095625753284,0.2459660189730901,1.0327445151234185,1.0,1
2019-10-04,0.6921264093908582,1.425083557041295,0.4158453854911706,0.8824106403333319,1.0,1
2019-10-07,0.5087019347757256,1.6431145627734485,0.3288888033584944,1.0292411213944062,1.0,1
2019-10-08,0.2746684498431557,1.5481592462365603,0.1499035410924604,0.8307073123554303,1.0,1
2019-10-09,0.3534639105018193,1.149575863341859,0.2221490076784436,0.5322880871664577,1.0,1
2019-10-10,0.4823923001732613,1.791815233674242,0.1328375297074972,0.7775147185907745,1.0,1
2019-10-11,0.4910234004292561,1.592824377129468,-0.0833335854319019,0.9773250723300314,1.0,1
2019-10-14,0.6688052055753564,1.6078208643877214,0.3047970238243596,1.007812807519158,1.0,1
2019-10-15,0.8453873729045145,1.6199590268345725,0.3695665485369208,0.9942983563117396,1.0,1
2019-10-16,0.8542749862697733,1.62081496422493,-0.0599209848395119,0.9807232284775778,1.0,1
2019-10-17,0.7973627289537842,1.5916966688150338,0.1716049880699411,0.9649599501232656,1.0,1
2019-10-18,0.7065612631240785,1.461943323137148,0.0377773733516449,1.0448776968985205,1.0,1
2019-10-21,0.6952493314341571,1.437980354878471,0.1496370176491419,1.1211343598685006,1.0,1
2019-10-22,0.4657010500122259,1.3140829320637573,0.2307952995630053,1.1979342031156026,1.0,1
2019-10-23,0.312629148253405,0.8883096699856862,-0.03534214604174,1.246381375453446,1.0,1
2019-10-24,0.2946749863787891,1.285307548399092,0.0754288611507752,1.2242128473871543,1.0,1
2019-10-25,0.6944039659787808,1.4667625686430152,0.3190602221791153,1.2917670435438116,1.0,1
2019-10-28,0.5623782782702365,1.3401974740835267,0.072109578145915,1.2204457011718783,1.0,1
2019-10-29,0.5407617751322876,0.9116304254368648,0.3222527959936253,1.135985286958937,1.0,1
2019-10-30,0.3785101128620467,0.898294716483187,-0.1259812151258463,1.3527508948570883,1.0,1
2019-10-31,0.5466325842390412,0.991866200728501,-0.1299682601703459,1.2233207444129763,1.0,1
2019-11-01,0.2156658951618758,0.979919953028965,-0.4966043892548151,1.4816040622284343,1.0,1
2019-11-04,0.4330280960231821,1.1875615888485704,-0.1047414801515824,0.832552645752893,1.0,1
2019-11-05,0.45589840360343,1.3954394406461708,0.3060874358338791,1.1215241483136171,1.0,1
2019-11-06,0.5447887371507976,1.598494731018245,0.1313922508966981,1.5207239407531077,0.0,0
2019-11-07,0.6559660776715514,1.582734611769739,0.4910583615374135,1.5207239407531077,0.0,0
2019-11-08,0.558472598662178,1.5621633240271875,0.2141435724596437,1.5207239407531077,0.0,0
2019-11-11,0.4884988122175308,1.3160474899057106,0.4038695102077352,1.5207239407531077,0.0,0
2019-11-12,0.1212541617973188,0.9558238573492134,0.2078484432493175,1.5207239407531077,0.0,0
2019-11-13,0.3081394904065985,1.0568834814321109,-0.2175507674085161,1.480307459128924,0.0,0
2019-11-14,0.0119712359951143,1.3876396122224093,-0.7310491291616117,1.5207239407531077,0.0,0
2019-11-15,-0.0423787625847181,1.2557414921510963,-0.3813844622869879,1.1234664374671943,0.0,0
2019-11-18,-0.2655096138993532,0.5274581762974166,-0.667080782674298,1.324808972521849,0.0,0
2019-11-19,-0.5968378475410784,0.391717306078396,-0.7857056668901885,0.9327822032837444,0.0,0
2019-11-20,-0.3282353085290279,0.5027240603475731,-0.5568247111180034,0.227156662435658,0.0,0
2019-11-21,-0.5071347287295123,0.2326145850769458,-1.2063955328993758,0.6333184556046672,0.0,0
2019-11-22,-1.1320737889286916,-0.5701555900289366,-1.0295443448480974,0.4945351701615258,0.0,0
2019-11-25,-2.05305948925383,-0.327707447937577,-1.8756670234621384,-1.1971407361408202,0.0,0
2019-11-26,-2.239370134713213,-0.7575135739938623,-1.7415391981388262,-3.0,0.0,0
2019-11-27,-1.864818700191224,-0.5062859055891858,-2.0592445330943696,-3.0,0.0,0
2019-11-28,-1.6471987329589135,-0.2463446744867884,-1.7080711024538906,-2.601310799161177,0.0,0
2019-11-29,-1.9454696601845671,-0.9823246838977424,-2.021709815915536,-1.5887752824176022,0.0,0
2019-12-02,-1.5790054597644574,-0.4293251455598558,-1.5816295960109523,-1.996799099459628,0.0,0
2019-12-03,-2.231905010268427,-1.196126932743253,-1.9172610659793503,-1.3339246361049553,0.0,0
2019-12-04,-2.248109251611476,-1.2365321070540003,-1.958837029247392,-2.9120123952303376,0.0,0
2019-12-05,-1.4378677744392434,-1.2750579384558776,-1.8261969894107195,-2.380733122506766,0.0,0
2019-12-06,-1.5103507676287176,-1.1511720237442675,-1.8487377803133267,-2.35723820289172,0.0,0
2019-12-09,-1.2427026906081902,-1.0037904096980956,-1.3264543379354332,-1.9287041973828196,0.0,0
2019-12-10,-1.0303181410222044,-0.8450201453084705,-0.8111217124544039,-1.1409724569632984,0.0,0
2019-12-11,-1.2475204525908137,-1.4852023510219612,-1.278303790732416,-0.3978792541916388,0.0,0
2019-12-12,-1.1791780945704913,-1.3232941356295005,-0.6980218637528138,-0.6809723399845571,0.0,0
2019-12-13,-0.5569530227017025,-1.1560624520673215,-0.1684416659493166,-0.1484824116587024,0.0,0
2019-12-16,-0.5483532426279292,-1.3204377141512091,-0.0281588821426112,-0.1942356219159452,0.0,0
2019-12-17,-0.3107550331450892,-1.8013788160270103,0.8750365794111113,0.1952096718310423,0.0,0
2019-12-18,-0.750225162712957,-2.2504216003828423,0.5251398045296273,0.6665725863355847,0.0,0
2019-12-19,-1.195737838613798,-2.8224076647680403,-0.0474272267625516,-0.3734469968217776,0.0,0
2019-12-20,-1.4681440173750786,-2.9013455885000456,0.0379629905899397,-1.3448718846959586,0.0,0
2019-12-23,-1.1372592144784464,-2.4302081187285745,0.3273082511356203,-1.702811332075579,0.0,0
2019-12-24,-1.302002235284013,-2.2785312526376447,0.0657134758781415,-1.0780950874602977,0.0,0
2019-12-25,-0.9856639139425162,-1.6929217687453528,0.4373022388519054,-1.1355331064595202,0.0,0
2019-12-26,-0.7056757737797972,-2.1528494676837444,0.3268032019787847,-0.5980877673767606,0.0,0
2019-12-27,-0.8511405872915195,-2.293250574643061,0.1508733747067589,-0.0822640983773237,0.0,0
2019-12-30,-0.8841445329799321,-1.843529501388505,0.3180577849802198,-0.152971252113536,0.0,0
2019-12-31,-0.7618269881093028,-1.7044275791568313,0.7213008269789448,0.1025123389271771,0.0,0
2020-01-02,-0.8630262222623963,-1.1128392848960813,0.6411120667991034,0.760638616523671,0.0,0
2020-01-03,-0.3903241651097093,-1.3962294635145842,1.052131948226502,0.7718533531068619,0.0,0
2020-01-06,-0.8685050864101709,-1.7946380950005312,0.7297353121035443,0.7899904178078475,0.0,0
2020-01-07,-1.5950077563899523,-2.568927360907853,0.7996333340892633,-0.3961041909326704,0.0,0
2020-01-08,-1.2748221604721095,-2.3832122423588067,0.7565151978389622,-2.325893219122442,0.0,0
2020-01-09,-2.909157002199116,-3.0,0.3015438413743254,-1.698242778435585,0.0,0
2020-01-10,-2.0157586387093893,-3.0,1.1480311584140743,-3.0,0.0,0
2020-01-13,-1.8030793669556908,-2.2933197225200983,0.8945698074942005,-3.0,0.0,0
2020-01-14,-2.134253778463019,-2.6443840529429505,0.2628770654960098,-3.0,0.0,0
2020-01-15,-1.6366555078510596,-2.4362264119715373,0.6880279871305343,-3.0,0.0,0
2020-01-16,-1.569777704336601,-2.237510991702818,0.2788787677319267,-3.0,0.0,0
2020-01-17,-1.2035515133865915,-2.230027455697388,0.6409043957397726,-2.42689511791846,0.0,0
2020-01-20,-1.2196015107076412,-2.405346926059166,0.9701035190677358,-1.7266761735953198,0.0,0
2020-01-21,-1.284731349473072,-2.2163029513597503,0.839931162648571,-1.2324137445722008,0.0,0
2020-01-22,-0.5307851579411585,-1.4983250244160633,1.2721182483826237,-0.9259377274551468,0.0,0
2020-01-30,0.2800551158028023,-1.332390919146069,1.973929556380246,-0.9987556841610156,0.0,0
2020-01-31,-2.427366556654402,-2.468953987572984,-0.3698034564302913,-1.1655496247619257,0.0,0
2020-02-03,-3.0,-3.0,-2.042947577042645,-3.0,0.0,0
2020-02-04,-3.0,-3.0,-2.5738159784381747,-3.0,0.0,0
2020-02-05,-3.0,-3.0,-2.5738159784381747,-3.0,0.0,0
2020-02-06,-3.0,-3.0,-2.5738159784381747,-3.0,0.0,0
2020-02-07,-3.0,-2.785197344139643,-2.5738159784381747,-3.0,0.0,0
2020-02-10,-2.8229460953260803,-2.898575809170813,-2.5738159784381747,-3.0,0.0,0
2020-02-11,-3.0,-3.0,-2.50312028995169,-3.0,0.0,0
2020-02-12,-2.4206835046820663,-3.0,-2.357848206656004,-3.0,0.0,0
2020-02-13,-1.4895694882156685,-2.421836135840931,-2.119391048596577,-3.0,0.0,0
2020-02-14,-1.1809106753000846,-2.5252600661140248,-1.4140252942544431,-3.0,0.0,0
2020-02-17,-1.077673613871382,-2.319621404232858,-0.3332315118893413,-2.708181074989143,0.0,0
2020-02-18,-1.1764396505081414,-2.4062174072647293,0.496919809653737,-2.0750859730760447,0.0,0
2020-02-19,-0.9661251781743988,-2.345553848471017,0.7028656941706121,-1.797337206636042,0.0,0
2020-02-20,-0.7332063217549367,-2.2851249345750744,0.07851218376238,-1.3278723245317692,0.0,0
2020-02-21,-0.144426685601807,-1.5482704982050648,0.3774069796923841,-0.9517619514353982,0.0,0
2020-02-24,-0.5473743493152985,-2.46161174724897,1.4138446329206578,-0.8879639179276088,0.0,0
2020-02-25,-2.973252727436877,-3.0,0.5077004884486928,-1.136821093018865,0.0,0
2020-02-26,-2.270957291239484,-2.65380194675393,1.091234645966093,-3.0,0.0,0
2020-02-27,-2.773594307627971,-2.566931494101232,-0.4940549087460021,-3.0,0.0,0
2020-02-28,-2.1699722651392683,-2.7165517959731584,-0.2341108539090028,-3.0,0.0,0
2020-03-02,-2.9841933842889525,-2.7327983600455177,-1.0294857104957873,-3.0,0.0,0
2020-03-03,-2.6903105695385574,-2.743428068296485,-0.3514085135882864,-3.0,0.0,0
2020-03-04,-1.9057470640800809,-2.432089466464027,0.1459931206916014,-2.726116135625521,0.0,0
2020-03-05,-1.4283591605978894,-2.040579771118661,0.2938799908020434,-2.376827254947944,0.0,0
2020-03-06,-1.3320490351991716,-1.99220680729922,-0.5453531692417887,-1.9530220270996477,0.0,0
2020-03-09,-1.2586748727998374,-1.949155344837235,-1.6632453842292982,-1.4942615066201503,0.0,0
2020-03-10,-3.0,-2.730371653423664,-2.5738159784381747,-1.1302644238032111,0.0,0
2020-03-11,-3.0,-2.681865197561321,-2.5738159784381747,-3.0,0.0,0
2020-03-12,-3.0,-2.6336192329939667,-2.5738159784381747,-3.0,0.0,0
2020-03-13,-3.0,-2.588560540182956,-2.5738159784381747,-2.9613930079547144,0.0,0
2020-03-16,-3.0,-2.5475595600139878,-2.5738159784381747,-2.899038244866328,0.0,0
2020-03-17,-3.0,-2.508704210399966,-2.5738159784381747,-2.839909936886768,0.0,0
2020-03-18,-3.0,-2.471880210275448,-2.5738159784381747,-2.78382340063547,0.0,0
2020-03-19,-3.0,-2.4364200407176466,-2.5738159784381747,-2.730574273468608,0.0,0
2020-03-20,-3.0,-2.4012083108734688,-2.5738159784381747,-2.679800793797881,0.0,0
2020-03-23,-2.9699384128248045,-2.366392046436369,-2.5738159784381747,-2.631506091143556,0.0,0
2020-03-24,-2.919285804266468,-2.3324304442540247,-2.5738159784381747,-2.485312806222968,1.0,1
2020-03-25,-2.8641647471889207,-2.298494217047341,-2.5738159784381747,-2.543768302450109,1.0,1
2020-03-26,-2.8112884881847755,-2.1646375447934654,-2.561943599861549,-2.5016901204729205,1.0,1
2020-03-27,-2.757099147935816,-2.175526187128637,-2.2117956201256064,-2.460884186487509,1.0,1
2020-03-30,-2.7060023934877666,-2.0997699247628727,-1.850118883838751,-2.4249075720274624,1.0,1
2020-03-31,-2.658348625022516,-2.029544698320848,-2.0731845514082146,-2.317529070498988,1.0,1
2020-04-01,-2.6131217235850333,-1.9640587298651804,-2.068909114550983,-2.355124368174528,1.0,1
2020-04-03,-2.569415553283269,-1.9014139584990288,-1.528971189887543,-2.3200742715578544,1.0,1
2020-04-06,-2.527866479964664,-1.842135028577284,-0.0444309226232634,-2.216804124683605,1.0,1
2020-04-07,-1.7136823902226777,-1.6998595894988475,1.0299676055226512,-2.0169637276434877,1.0,1
2020-04-08,-1.3659248259714247,-1.5959916144003825,1.973929556380246,-2.0931972333069964,1.0,1
2020-04-09,-1.170090228472771,-1.553579120294725,1.8964014807956584,-1.7009493555802802,1.0,1
2020-04-10,-0.7193728055783106,-1.403242768954759,1.973929556380246,-1.3204745275389933,1.0,1
2020-04-13,-0.67888231226869,-1.315752271807006,1.973929556380246,-1.15795277122483,1.0,1
2020-04-14,-0.3907029454183353,-1.2314742849088374,1.973929556380246,-0.9013020017625591,1.0,1
2020-04-15,-0.2840526989546981,-1.312028543324285,1.973929556380246,-0.734516627028448,1.0,1
2020-04-16,0.218106818820874,-1.0668405342297644,1.973929556380246,-0.5077445831287387,1.0,1
2020-04-17,0.5022968990610885,-1.097991544357874,1.973929556380246,-0.5334085782458056,1.0,1
2020-04-20,0.9806281625183096,-1.0745645008093545,1.973929556380246,-0.4406165689608437,1.0,1
2020-04-21,1.2317564138136772,-0.7868553291834947,1.973929556380246,-0.4740680081184865,1.0,1
2020-04-22,0.3132218908724027,-0.9835282984503266,1.973929556380246,-0.3914343341397126,1.0,1
2020-04-23,0.6204447476329863,-0.8068836273118868,1.973929556380246,-1.2465686666011773,1.0,1
2020-04-24,0.7688464544633397,-0.7399882436530967,1.973929556380246,-1.0343896644620796,1.0,1
2020-04-27,0.9104336141707904,-0.7261774346640086,1.973929556380246,-0.7910761345894106,1.0,1
2020-04-28,0.9742012950672148,-0.7128689778122137,1.973929556380246,-0.5901178609568538,1.0,1
2020-04-29,1.0073336415516363,-0.6997434438273397,1.973929556380246,-0.388238223380777,1.0,1
2020-05-04,1.1305134263698724,-0.5839071992931997,1.973929556380246,-0.2074330962274098,1.0,1
2020-05-05,0.8110682249357527,-0.6246202698044184,1.973929556380246,-0.0990245270904249,1.0,1
2020-05-06,0.92915384398808,-0.5613342701348718,1.7682461794992883,-0.272054133448266,1.0,1
2020-05-07,1.2974566575173352,-0.5011032354943923,1.5981377647806323,-0.1449981137814137,1.0,1
2020-05-08,1.5096112730374869,-0.3902171353636602,1.973929556380246,-0.178483841933714,1.0,1
2020-05-11,1.673329655738568,-0.2809309618158588,1.973929556380246,-0.13226518745428,1.0,1
2020-05-12,1.9569427355072049,-0.1734259089714649,1.973929556380246,-0.0758787654316507,1.0,1
2020-05-13,2.155894514442516,-0.0152662063291447,1.973929556380246,-0.099983343213524,1.0,1
2020-05-14,2.155894514442516,0.0911025480657154,1.9734028296358228,-0.1435037139861783,1.0,1
2020-05-15,2.155894514442516,0.1457458232411974,1.92691291577532,-0.0510599570754186,1.0,1
2020-05-18,1.8269656226886524,-0.0043388368028618,1.5895154639355065,0.050498231414368,1.0,1
2020-05-19,1.944521758755894,0.0010274518330484,1.7717648357677676,-0.1086040360620178,1.0,1
2020-05-20,2.02723914685175,0.1098953103136675,1.5582907628291098,-0.0455392958752821,1.0,1
2020-05-21,2.041191839158809,0.3220303058066556,1.261663090400886,0.0215597492153197,1.0,1
2020-05-22,2.006967240336419,0.4285694601416565,1.1931257248413218,0.1135471360203972,1.0,1
2020-05-25,1.7548822856861488,0.1725586585197896,0.8236511032287762,0.2170361081363143,1.0,1
2020-05-26,1.950414357063712,0.7499120619067448,1.188151627440582,0.1143564141159989,1.0,1
2020-05-27,2.155894514442516,0.907164738749738,1.1949213461674604,0.0934805634829525,1.0,1
2020-05-28,1.872493308157019,0.6991163550005396,0.5412264729764216,-0.0077574458983026,1.0,1
2020-05-29,1.8202054938583945,0.7003472549118063,0.1169135258596283,-0.1950140030634364,1.0,1
2020-06-01,1.8270982409793095,0.7009015472450978,0.0226832052707828,-0.026252003569865,1.0,1
2020-06-02,2.0351377651019966,1.0124074204583495,0.2374763888426166,0.0836196582228102,1.0,1
2020-06-03,1.823985012787833,0.9071543254441944,-0.184039805730817,0.0434767822528488,1.0,1
2020-06-04,1.8431213495656509,0.9017999318346166,-0.2185923577141721,0.0270507196838325,1.0,1
2020-06-05,1.886844373608771,1.0509120293615133,-0.3201989997481884,0.1099703103369591,1.0,1
2020-06-08,2.046957271333556,1.3488046386209394,-0.0561720101452172,0.1617072234160303,1.0,1
2020-06-09,2.155894514442516,1.5837796941599822,0.0608372292147889,0.1200159564672617,1.0,1
2020-06-10,2.155894514442516,1.4674854328353726,-0.3088494688637287,0.0113528963651788,0.0,0
2020-06-11,2.155894514442516,1.745541307572281,0.3778550803424155,0.1285220686440324,0.0,0
2020-06-12,1.3967842311282628,0.9407558053904216,-0.3299583537932758,0.1719836007919306,0.0,0
2020-06-15,1.2924433109764768,0.8393611062847166,-0.2108919860702586,-1.0086411171011087,0.0,0
2020-06-16,0.7598133009242322,0.2404697131209931,-0.6962109512408449,-0.7715738976383913,0.0,0
2020-06-17,1.0832811258963,0.7394064919553708,-0.3892807954784089,-1.1754004819126824,0.0,0
2020-06-18,1.0502926423452137,0.7349121159418952,-0.5438681562160417,-1.048099342807341,0.0,0
2020-06-19,1.0474573547746715,0.8276626171101048,-0.5751775172019595,-0.7376495764731748,0.0,0
2020-06-22,1.2876395694919582,1.1151935414247316,-0.4370074466185724,-0.4769265242116384,0.0,0
2020-06-23,1.3406981155673234,1.250454457766704,-0.5867068235751531,-0.4323968191508823,0.0,0
2020-06-24,1.315108281056826,1.4283919926300672,-0.6583968938526813,-0.2703653539635414,0.0,0
2020-06-25,1.0697051210127455,1.267804377526716,-0.7817105783205133,-0.0829885480335752,0.0,0
2020-06-26,0.9888245888113132,1.0174893889939085,-0.6738472759847491,-0.1924037208348406,0.0,0
2020-06-29,0.9091946939154696,1.01214521380013,-0.676516317755532,-0.081297824060652,0.0,0
2020-06-30,0.4582173310381993,0.4320371249509522,-0.8223350775103507,0.0086161504916188,1.0,1
2020-07-01,0.3898526756303214,0.4323553153063141,-0.8463620005894313,-0.5164539893264378,1.0,1
2020-07-02,0.685464469547006,0.8456203458468001,-0.7552060664792761,-0.3741782120119054,1.0,1
2020-07-03,0.6859220968643891,0.6852610454343847,-0.5902692006216453,-0.3669616304707805,1.0,1
2020-07-06,0.7340838956672205,0.7352985273075997,-0.6769466095369444,-0.1477010505710387,1.0,1
2020-07-07,0.8549070945877567,0.9962381978246544,-0.5356170608656671,0.0019430191299897,1.0,1
2020-07-08,0.8156543234374397,0.9404577252449916,-0.8823229541284959,0.0724971897008059,1.0,1
2020-07-09,0.8325366144138212,1.2979531591842377,-0.6463693390594295,0.185317519000779,1.0,1
2020-07-10,1.0259472279106725,1.3372217415430898,-0.0108747601063613,0.3030577715496594,1.0,1
2020-07-13,0.9322867008291738,1.273654233116169,-0.0063778915099909,0.2639262713917929,1.0,1
2020-07-14,0.8779206835118687,1.312677571678056,0.948221541438119,0.2917934987456041,1.0,1
2020-07-15,0.9109030613724344,1.3508451946665343,0.977493800003373,0.3621151485786831,1.0,1
2020-07-16,0.9153425600868752,1.3369472866400436,0.8763555369403718,0.4429812915014203,0.0,0
2020-07-17,0.9002586899998067,1.2238905285188293,0.6712659875484094,0.5323531719098052,0.0,0
2020-07-20,0.8558436965372775,1.311402602087418,0.5997422818683265,0.6226073444140788,0.0,0
2020-07-21,0.6534435140483807,1.197967546450217,0.3741961497959614,0.6602165461648197,0.0,0
2020-07-22,0.6302570375022026,1.1844388796247856,0.7266136947341884,0.4322151289334429,0.0,0
2020-07-23,0.501795518820238,1.0255479254774371,0.2635046099188002,0.5093638548285957,0.0,0
2020-07-24,0.4574801420226769,0.8713369456908919,0.0163814857055501,0.4163945512046309,0.0,0
2020-07-27,-0.1355557984025591,0.184398314423176,-1.092576029183179,0.456596925696037,1.0,1
2020-07-28,-0.8688562402832086,-0.447079499517175,-1.451735065154073,-0.7583072512930121,1.0,1
2020-07-29,-0.3273988527903717,0.0946658516804226,-1.3564957451782158,-1.825057586076465,1.0,1
2020-07-30,-0.6883784601217642,-0.1955837743990819,-1.4985632395873827,-1.684381105429578,1.0,1
2020-07-31,-0.5336330950728846,-0.1433232461230892,-1.493109534349946,-1.7593086457401506,1.0,1
2020-08-03,-0.6042054934095106,-0.1392656601747051,-1.5088085712754835,-1.3221871553167863,1.0,1
2020-08-04,-0.2191444743772881,0.1075968424246216,-1.3925172518531193,-1.0663339158693834,1.0,1
2020-08-05,0.0379831850363001,0.3044073768884621,-1.3599060674216576,-0.9524124491539212,1.0,1
2020-08-06,0.2607184113015888,0.6439008873281741,-1.097706964440097,-0.765517705657311,1.0,1
2020-08-07,0.2524305639861866,0.6867871030457263,-1.0778321880730128,-0.5931293040749861,1.0,1
2020-08-10,0.2688830886701492,0.535481766815835,-0.4975453935579346,-0.3366728505327076,1.0,1
2020-08-11,0.3977743241589028,0.534636063323089,1.2184031062402405,-0.0937365759818688,1.0,1
2020-08-12,0.4203209363588936,0.8262540245896794,0.483849282336151,0.0263511213802863,1.0,1
2020-08-13,0.4746299107542268,0.8723547298177509,1.1002419377154724,0.2029994178189345,1.0,1
2020-08-14,0.5987279137485201,1.0117278932570877,1.1362785653802487,0.3289400093693289,1.0,1
2020-08-17,0.5002337331663037,0.959679636357963,1.2647362158601076,0.3785042323435558,1.0,1
2020-08-18,0.4925257367827012,0.8608951331360977,1.3281486308440833,0.376946999225628,1.0,1
2020-08-19,0.5009010874878003,0.9058349548981148,1.248466172880626,0.4913790236413061,1.0,1
2020-08-20,0.6050355980816142,0.9964996834970364,1.341389826944849,0.608044365020175,1.0,1
2020-08-21,0.5451167610472631,1.0393132494973845,1.3943963468107736,0.6339616867248566,1.0,1
2020-08-24,0.7166196098633549,1.0810068637782329,1.482487039275053,0.6475976511524419,1.0,1
2020-08-25,0.8957352092398956,1.35394454563487,1.5556921318523826,0.6126788838399556,1.0,1
2020-08-26,0.9404495498996672,1.2019391643024269,1.542260430041808,0.57149793144071,1.0,1
2020-08-27,0.948480350471339,1.3300976641632598,1.4376377030794294,0.6379765404794685,1.0,1
2020-08-28,1.006132783555854,1.3186093625313609,1.4891518924768197,0.7178741603238706,1.0,1
2020-08-31,0.9923567366845948,1.4863544960921635,1.4628161821510444,0.7473227174301202,1.0,1
2020-09-01,0.87841371901526,1.334418880048666,1.3161440450070223,0.8250241110955869,1.0,1
2020-09-03,0.9910493530061958,1.4108774232620338,1.4135221785995502,0.770309851641529,1.0,1
2020-09-04,1.0443461231936155,1.5253080287780405,1.2343015754097568,0.7497577935806143,1.0,1
2020-09-07,0.979221884157432,1.3281664109006746,1.3033294353890217,0.7704702393245219,1.0,1
2020-09-08,0.8027679742443041,1.2257647568302443,0.9147513090149982,0.7998336894739946,1.0,1
2020-09-09,0.878581570253601,1.3852354000453977,0.821382838699179,0.6442486487142941,1.0,1
2020-09-10,0.897456919696365,1.4092941981984768,0.7657255679927417,0.671025794291979,1.0,1
2020-09-11,0.9217049376133228,1.344876697821478,0.7906647529510937,0.7362191604391602,1.0,1
2020-09-14,0.9349022523219012,1.3250604690769392,0.8500230858664601,0.7830934472730283,1.0,1
2020-09-15,1.0423408223848,1.5526705818207345,0.8285673056745494,0.831581090286062,1.0,1
2020-09-16,1.013618450982256,1.4473326047497148,0.8700442687609596,0.7917124195972366,1.0,1
2020-09-17,1.026932579836784,1.506759800372494,0.7611265717531543,0.8673942150101293,1.0,1
2020-09-18,0.9830116765623872,1.5255202679086275,0.5875824580550706,0.900463482925508,1.0,1
2020-09-21,1.040996974973466,1.5011751001591775,0.827278763557281,0.9445872376705458,1.0,1
2020-09-22,1.0304567060712313,1.5195669948169954,1.009241093007085,0.9295184933669336,1.0,1
2020-09-23,0.9834206307511952,1.4202809869874595,0.7728924549804214,0.9727115094411912,1.0,1
2020-09-24,1.0214312942004309,1.4759814592225455,0.7811389674178195,1.0037184786734237,1.0,1
2020-09-25,0.9449070065842904,1.4147269797083193,0.4207637350409159,0.9930139297524774,1.0,1
2020-09-28,0.8731196133902472,1.3568463001127025,0.3329670456082845,0.9769153215376672,1.0,1
2020-09-29,0.9457031284949174,1.4121175929788172,0.2019007232934541,0.9624749126075756,1.0,1
2020-09-30,0.7827048247930154,1.2485314180258806,-0.2404009811495449,0.9332981872008392,1.0,1
2020-10-01,0.8571094008429669,1.271050793741877,-0.029828100059361,0.7667850840035039,1.0,1
2020-10-02,0.9775219213414312,1.2957038234466265,-0.0110083702127677,0.7716726527322506,1.0,1
2020-10-05,0.909432667491573,1.3475741600823483,-0.1286303655694529,0.7297416710920606,1.0,1
2020-10-06,1.0699115638243983,1.396060823356526,0.00761319181709,0.7652171304010483,1.0,1
2020-10-07,1.0660288247330476,1.4116508818003746,0.221136806135175,0.6808301890870582,1.0,1
2020-10-08,0.9963695222444602,1.5190064871611195,0.0775249082215731,0.7526442563857766,1.0,1
2020-10-09,0.8993423172663151,1.4012217465938317,0.2504296847937355,0.795087858299447,1.0,1
2020-10-12,0.8802900707744746,1.385278584704616,0.248161095554046,0.7812945148365638,1.0,1
2020-10-13,0.7565073739664722,1.2769796489890637,-0.2430768583249352,0.8618892930201512,1.0,1
2020-10-14,0.7482817728424332,1.3246748268744062,-0.0438561986660507,0.7789889841392732,1.0,1
2020-10-15,0.757845359793151,1.3399969376654954,-0.0663662549236232,0.8594927523032779,1.0,1
2020-10-16,0.6957499345132134,1.3839789067592083,-0.2950975944083079,0.9136960319140806,1.0,1
2020-10-19,0.6615674159853075,1.278398118465906,-0.0960272633300518,0.917611988192321,1.0,1
2020-10-20,0.6507023578422492,1.2349528515503134,-0.4573269321112616,0.9619793763111448,1.0,1
2020-10-21,0.6741777806796222,1.2221417544573163,-0.406213147625582,1.025586509935585,1.0,1
2020-10-22,0.5354329334814468,1.2089878537279464,-0.5587698741747607,1.0492421671797352,1.0,1
2020-10-23,0.5871469798682821,1.1938925699832377,-0.5540965234734906,0.8793551228684816,1.0,1
2020-10-26,0.648150408095178,1.2098108485869143,-0.3695427057730397,0.9019717319282204,1.0,1
2020-10-27,0.4661822864569897,1.112867749977343,-0.5291822921719177,0.9100271736660908,1.0,1
2020-10-28,0.3213780674046839,0.9900137799442724,-0.4775295877842631,0.6698663101056712,1.0,1
2020-10-29,0.0270592746673817,0.8399546704141417,-0.8206189211768495,0.534439709215487,1.0,1
2020-10-30,0.0529913323366019,0.8628512638880327,-0.77321364739115,0.0700039286294362,1.0,1
2020-11-02,0.0952348592857132,0.8292744074513401,-0.7726851257784816,0.2709204486005832,1.0,1
2020-11-03,0.204345830975821,0.8806081526751987,-0.7047543727905276,0.4260787773531067,1.0,1
2020-11-04,0.3039370613732239,0.9594377895698316,-0.7203139066997386,0.4878297258872336,1.0,1
2020-11-05,0.4209518831407106,1.0369793964893552,-0.5741186834859004,0.5473937656403187,1.0,1
2020-11-06,0.3306662606236899,0.9753689850341198,-0.5905614785355209,0.5775788402959215,1.0,1
2020-11-09,0.3423164259601055,1.0528517378680424,-0.6131899215320069,0.5675109265164179,1.0,1
2020-11-10,0.523097589114129,1.1548868495613591,-0.2484262593192021,0.7034756101222704,1.0,1
2020-11-11,0.5231591587953125,1.143634375370577,0.014815718998305,0.6412930500906462,1.0,1
2020-11-12,0.5145151195844226,1.10406336765496,0.503696331674334,0.7712281339504716,1.0,1
2020-11-13,0.5871433340759994,1.092957818998053,0.589873412915009,0.8901517774341825,1.0,1
2020-11-16,0.6478320992773147,1.1632582609649065,0.4915271463792425,0.9109839123159992,1.0,1
2020-11-17,0.4788872763361567,1.072222873854112,0.4181150190628866,0.9358828455713344,1.0,1
2020-11-18,0.6323260307913858,1.1381918114647176,0.6092497746913581,0.7360766298907901,1.0,1
2020-11-19,0.6683762955877428,1.1230656480512042,0.8863515190631364,0.6917176010305705,1.0,1
2020-11-20,0.7093955836834823,1.2878727161206935,0.8591230878433694,0.7724405936529869,1.0,1
2020-11-23,0.7915640070090668,1.2916702590171316,1.0087978997383749,0.8354991855471103,1.0,1
2020-11-24,0.8287989618711545,1.3174305104494657,0.8967312913809351,0.8416053950252091,1.0,1
2020-11-25,0.7818201448967155,1.2927217528016293,0.8156391749973392,0.8853306149710957,1.0,1
2020-11-26,0.7501900486340358,1.2192420207171542,0.9199963225276984,0.962423192050108,1.0,1
2020-11-27,0.7510380324628384,1.2458566354880571,0.8164559018586082,1.049995717562703,1.0,1
2020-11-30,0.7929991042982015,1.2474556455368644,0.9276356634394582,1.0940655125507233,1.0,1
2020-12-01,0.7289646347455135,1.199964941828705,0.9119619584802892,1.0880682619812407,1.0,1
2020-12-02,0.756780468491617,1.1787477861405116,0.7060482785294724,1.1019929784777762,1.0,1
2020-12-03,0.7702751246650256,1.1799008814512324,0.5021948326097916,1.109305520655136,1.0,1
2020-12-04,0.849579381260894,1.1347910803657362,0.6620801717456256,1.1236420324505023,1.0,1
2020-12-07,0.8122607060173815,1.1366795458720482,0.5392897246218425,1.0603147210999493,1.0,1
2020-12-08,0.8195238452076298,1.1606898024030248,0.691861347390846,1.126702659209775,1.0,1
2020-12-09,0.8202312379057929,1.1832917328908084,0.5020113471155573,1.1386675458994957,1.0,1
2020-12-10,0.8651603703313268,1.2044960662783737,0.8188254161683486,1.1558613214569613,1.0,1
2020-12-11,0.6696879655096734,1.158346282616133,0.2868385580791519,1.122707286176884,1.0,1
2020-12-14,0.7584678263992009,1.114143281261178,0.2508789270795859,0.8542447406442307,1.0,1
2020-12-15,0.8990857885846454,1.1143578164924657,0.7058180126390305,0.8264302548037273,1.0,1
2020-12-16,0.861595499425544,1.092883306421907,0.5190419559407139,0.736966107573248,1.0,1
2020-12-17,0.9192397148816136,1.0924238394253862,0.5370147130018889,0.8492965324072899,1.0,1
2020-12-18,0.7778598759378886,1.0291319120750582,0.1110909175961264,0.8469981089952552,1.0,1
2020-12-21,0.8919171902458423,1.050385704451736,0.2853540508913385,0.7681671254452518,1.0,1
2020-12-22,0.9761420236071364,1.0295426729930912,0.4577265218932785,0.7111713834295221,1.0,1
2020-12-23,1.0611288387956743,1.0091891509058917,0.4742568442310165,0.6884701415112221,1.0,1
2020-12-24,0.9530020452196516,0.9893468436914896,0.3063407276591109,0.6626014314335775,1.0,1
2020-12-25,0.7498554952031927,0.9903573118157544,0.2808796793286069,0.7040238180281665,1.0,1
2020-12-28,0.921294432030026,0.9708222643372738,0.29201509476456,0.5220578516981508,1.0,1
2020-12-29,0.9593881333939897,0.9516709925801216,0.2658151529199941,0.4352345697256568,1.0,1
2020-12-30,0.995915709468722,0.9134877004370248,0.2843584291468509,0.5074798244054136,1.0,1
2020-12-31,0.9240022375625369,0.8960874905703992,0.0181847665789105,0.5671968704980532,1.0,1
2021-01-04,0.9660602101128732,0.9378924955945228,0.39889279189616,0.6955877207400507,1.0,1
2021-01-05,0.9503296072742208,0.9312851544121726,0.3205542191481403,0.722712934465754,1.0,1
2021-01-06,0.9333161049829009,0.8918289703281549,0.2777960449981088,0.6290509546141348,1.0,1
2021-01-07,0.9159716004577304,0.8989856094944945,0.4122864452108124,0.6889736681140193,1.0,1
2021-01-08,0.8992041228840004,0.8809047200823005,0.5366627380851048,0.7871355901105447,1.0,1
2021-01-11,0.8821503651749012,0.8632214554057062,0.8947286622335615,0.6910752776284089,1.0,1
2021-01-12,0.8654536022032158,0.845786735065088,0.7425861586286573,0.7181728708010923,1.0,1
2021-01-13,0.8491281421150416,0.8286962071429458,0.7813884935652997,0.6823730808778132,1.0,1
2021-01-14,0.832899070470488,0.8118373923999566,0.6373670699917887,0.691561670567145,1.0,1
2021-01-15,0.8171708195246307,0.795293688047271,0.708316254852994,0.7378374951659126,0.0,0
2021-01-18,0.8017265610647918,0.779084995707212,0.7452577698525872,0.7792815506421211,0.0,0
2021-01-19,0.786827567448898,0.7631445966568781,0.4100266945713381,0.7890880746889257,0.0,0
2021-01-20,0.5242837112307857,0.7473957940333229,-0.3654653271054531,0.8594151968600957,0.0,0
2021-01-21,0.4731228941955131,0.7319495369747461,-0.408606143044158,-1.0751240167488183,0.0,0
2021-01-22,0.7237389596149086,0.7172303136604509,-0.1770954221027919,-0.6684358984792754,0.0,0
2021-01-25,0.7414544123661354,0.7029249747018667,-0.249681528204578,-0.6471073858193729,0.0,0
2021-01-26,0.7266552540764721,0.6880670828082598,-0.2740231076697964,-0.3654335477864295,0.0,0
2021-01-27,0.4173844075758997,0.6734353119635573,-0.4534361129087602,-0.1602777358421823,0.0,0
2021-01-28,0.0006490752226496,0.5145877446317123,-0.597142890712603,-0.5771560685639796,1.0,1
2021-01-29,-0.7425943731896556,0.2578280573746018,-0.9882029107619226,-1.1272258553119328,1.0,1
2021-02-01,-0.4982978519699876,0.2882275870995746,-0.9234374018469416,-2.00501420370675,1.0,1
2021-02-02,-0.879996978177697,0.1124491997897198,-1.0814670225805487,-1.9624683825562783,1.0,1
2021-02-03,-0.6385280444235691,0.1863154569794923,-1.0235702592375704,-1.9228530956782397,1.0,1
2021-02-04,-0.2515383338683682,0.364534863142428,-1.0218734079476546,-1.8495026722325765,1.0,1
2021-02-05,-0.2176853202465534,0.4161242277275044,-1.179348272965448,-1.690449849314049,1.0,1
2021-02-08,-0.1018226171572721,0.4676730390780133,-1.25213634785444,-1.190835416149399,1.0,1
2021-02-09,-0.4772142690278348,0.2228461069717757,-1.3878688695868466,-0.8730881221985348,1.0,1
2021-02-17,-0.2320183715065444,0.3191955257852712,-1.157762843138003,-1.2022192521855992,1.0,1
2021-02-18,0.2127358069021919,0.5209685519056637,-0.6533307773902278,-0.9978336764381276,1.0,1
2021-02-19,0.3254461398317428,0.5542196075230544,-0.0584276942800865,-1.0573258584022334,1.0,1
2021-02-22,0.2875015526775024,0.5403389286592075,-0.2515647908430674,-0.763741295719037,1.0,1
2021-02-23,0.2359606128005028,0.5268799286163197,0.1555652626095178,-0.3931210875848004,1.0,1
2021-02-24,0.1735198559941008,0.4450110404765557,0.3313758019619195,-0.1164418470326634,1.0,1
2021-02-25,-0.0147339293290031,0.4322271705052684,0.0887247360898753,0.0902784234750111,1.0,1
2021-02-26,-0.0426111855547531,0.3758333710138782,0.5333973177824634,0.0237132971267486,1.0,1
2021-03-01,-0.0497778905201078,0.3413533602602572,0.2706488222173152,0.2454733358439799,1.0,1
2021-03-02,0.1634157143896889,0.4173773318301734,0.7233121528847999,0.4215961347049957,1.0,1
2021-03-03,0.1126098468433948,0.426677903357512,0.5686236322004642,0.3342681686213327,1.0,1
2021-03-04,0.150327517632696,0.4360846145585012,0.2510788168243335,0.4890960626619665,1.0,1
2021-03-05,-0.0918720475117521,0.3317105958120654,0.2462694050886756,0.5745697334841846,1.0,1
2021-03-08,-0.1005394191499108,0.3419542177611823,0.1390238007853122,0.3156251058251486,1.0,1
2021-03-09,-0.0581226709106269,0.3521731474334791,0.5520457790689806,0.4868961638018112,1.0,1
2021-03-10,-0.0661625302355444,0.3855662981986566,0.3509455768982972,0.5802993573888149,1.0,1
2021-03-11,0.0003163989753638,0.3725605564447881,0.0573992793153929,0.7078089153658373,1.0,1
2021-03-12,0.0709986978864391,0.3595722523288538,-0.1365477430954697,0.7269773135041482,1.0,1
2021-03-15,0.0001696869101343,0.34697789392089,-0.1019143187134963,0.7370336553731531,1.0,1
2021-03-16,-0.0015705227671993,0.3344551815087507,-0.3571314007948554,0.8053178046792259,1.0,1
2021-03-17,-0.065719093291522,0.321831113017883,-0.4295736510333298,0.8800579420488943,1.0,1
2021-03-18,-0.076917675083724,0.2833952069830049,-0.3179257602700412,0.9459039085856268,1.0,1
2021-03-19,-0.0302933398194156,0.2966055555862374,0.1071485970086583,1.013164834723453,1.0,1
2021-03-22,-0.0694261060952982,0.2834072066672217,0.0276296026927806,1.01399101219766,1.0,1
2021-03-23,-0.1541733472573943,0.2702291673207774,-0.1306226670945859,1.0925875737073716,1.0,1
2021-03-24,-0.3857751771477256,0.2568336953327044,-0.2848689402533138,1.1128190809686969,1.0,1
2021-03-25,-0.8762958079875564,0.1571874467452076,-0.6534491700473364,0.8793193321237641,1.0,1
2021-03-26,-0.9935005063886152,0.1129068152049121,-0.5978518546545052,0.1444327879529511,1.0,1
2021-03-29,-1.168803928155311,0.0671675583062155,-0.7373390181131543,0.2670966814215385,1.0,1
2021-03-30,-0.876146799936586,0.1129988295183557,-0.6762539066325789,0.3017188376464057,1.0,1
2021-03-31,-0.7622157403622317,0.1292153845275435,-1.0500089920280362,0.1970191649469615,1.0,1
2021-04-01,-0.8385553032293591,0.1136698158317629,-1.1729639328141872,0.2703829923907308,1.0,1
2021-04-02,-0.5207267948924088,0.0855054288549958,-0.9238142308918674,0.4749242946578159,1.0,1
2021-04-05,-0.4805956489678787,0.0690849919436576,-0.675914544002166,0.3697299333610814,1.0,1
2021-04-06,-0.483432689234592,0.0522777995799731,-0.6074889150808284,0.4926544610564073,1.0,1
2021-04-07,-0.6018929196816832,0.0014305815619158,-0.5119261646162677,0.6290223427684999,1.0,1
2021-04-08,-0.4385792312684076,0.052741984645754,-0.1643853466823952,0.7758375760608044,1.0,1
2021-04-09,-0.5801180567903497,-0.0361694077538922,-0.9752248435400988,0.7886684599242095,1.0,1
2021-04-12,-0.6021678809079453,-0.0181855610956701,-0.5003976502091924,0.895951420641794,1.0,1
2021-04-13,-0.2578325361366461,-0.0368234985571543,-0.7607006455306834,0.9978885757642864,1.0,1
2021-04-14,-0.9694998029258628,-0.0558363201935015,-0.8229706102804313,0.8850871723930134,1.0,1
2021-04-15,-0.7835449398146095,-0.1563394648752571,-0.1938982941675163,0.412953085325066,1.0,1
2021-04-16,-1.3170592668829035,-0.2188860777558814,-0.7545203969886888,0.4887184879015221,1.0,1
2021-04-19,-2.026201210277844,-0.4129521734820792,-1.0290518704321094,0.2796754611629799,1.0,1
2021-04-20,-1.5399317538356838,-0.3076126256536028,-1.1010128906795789,-0.1071852968143498,1.0,1
2021-04-22,-1.746268166340191,-0.4666240910049148,-1.172931199212581,-0.0633803154879441,1.0,1
2021-04-23,-3.0,-0.7767196222671855,-1.298712021142654,0.0619356843562162,1.0,1
2021-04-26,-2.446794356357445,-0.5682253487797052,-1.134499421281839,-1.467357763768005,1.0,1
2021-04-27,-3.0,-1.0438091304975514,-1.501966328381524,-1.3684691382544716,1.0,1
2021-04-28,-3.0,-1.08163904104968,-1.5403455890240247,-1.6993752172641985,1.0,1
2021-04-29,-2.656212977889188,-1.0160399701359393,-1.4146330965941656,-1.164507667640348,1.0,1
2021-05-04,-2.413582171116168,-1.001389106813511,-1.6511234121506106,-0.927626503986018,1.0,1
2021-05-05,-2.588323893144058,-1.2061276908248548,-1.4999914226067488,-0.6012054041717926,1.0,1
2021-05-06,-1.9984240557425124,-1.019254593205459,-1.3259358430436423,-0.4395578099144725,1.0,1
2021-05-07,-2.1459019854882846,-1.2968505053866386,-1.5513954867452069,-0.400110475094774,1.0,1
2021-05-10,-2.536831126853166,-1.5846641630650882,-1.515982043008682,-0.2126343036574175,1.0,1
2021-05-11,-2.232890528413068,-1.440106834374009,-0.9504898068168944,-0.3337723972775477,1.0,1
2021-05-12,-2.0335822280523885,-1.478427374903699,-0.9267347299163988,-0.1418734874098346,1.0,1
2021-05-13,-1.443624111145951,-1.3819417970107668,-0.1551746190773482,0.067280062387012,1.0,1
2021-05-14,-1.680728328674637,-1.4774704910222831,-0.199680846242366,0.003474100238887,1.0,1
2021-05-17,-1.5863660488182705,-1.5024872913333698,-0.1264839862379476,0.0473191682946206,1.0,1
2021-05-18,-1.9875982435549864,-1.663129288855145,-0.1000521580583516,0.2664179780902982,1.0,1
2021-05-19,-2.210760574308626,-1.8326737237224389,-0.2460025783258048,0.0738604011850323,1.0,1
2021-05-20,-2.089290801170839,-1.9335091400866955,-0.1219081217359323,0.0715228632640458,1.0,1
2021-05-21,-1.9337935521370837,-2.1006977323626854,-0.0348612891310454,0.291880519525022,1.0,1
2021-05-24,-1.4658727571767014,-1.7509482494176671,0.2878271204692967,0.4535709185166142,1.0,1
2021-05-25,-0.9076079652963548,-1.543582013240007,0.6349078736643392,0.3938042562409291,1.0,1
2021-05-26,-0.7323337599537947,-1.7167654436137552,0.723231932960591,0.2755466949781514,1.0,1
2021-05-27,-0.7253486400963711,-1.718988542150417,0.5782787155741209,0.3931786096108614,1.0,1
2021-05-28,-1.05938094299971,-1.86552002658452,0.7493647728306156,0.582299966593463,1.0,1
2021-05-31,-0.5811628095250236,-1.7175772936345857,0.8328692818260273,0.4562040635315805,1.0,1
2021-06-01,-0.3659328815436097,-1.646326857490184,0.6470229148899735,0.3665124945477507,1.0,1
2021-06-02,-0.474229843602039,-1.5004984072717154,0.7387625846068899,0.4375746255383715,1.0,1
2021-06-03,-0.1887579175185008,-1.650839806241263,0.7807638746327181,0.5846787349339871,1.0,1
2021-06-04,0.648361140505321,-1.120962476482157,1.20276866597225,0.5812756571249972,1.0,1
2021-06-07,0.8017273725583842,-0.975368690331654,1.2438750924866686,0.2262838689265336,1.0,1
2021-06-08,0.3848856036467713,-0.8286770008300678,0.95295938615487,0.3251139134419925,1.0,1
2021-06-09,-0.8009322855514084,-1.2152425862946938,0.5082986116709491,0.2493573257309438,1.0,1
2021-06-10,-0.5223704451424439,-1.2892403586271826,0.5261588667052637,-0.7812040807946965,1.0,1
2021-06-11,-0.5859424119869252,-1.5900505808571954,0.4424846995489148,-0.5434075299310351,1.0,1
2021-06-14,0.0059551679664227,-1.0496456837338703,0.5748395611934923,-0.2112198219608967,1.0,1
2021-06-15,0.4099985710793434,-0.979222964972429,0.6260737307231906,-0.2303358125509139,1.0,1
2021-06-16,0.6852139432845608,-0.8337570175634131,0.6035307676429649,-0.1795273007252572,1.0,1
2021-06-17,0.5697933565719746,-0.852659096167415,0.6407017898605512,-0.0783338908491224,1.0,1
2021-06-18,0.9557230885454334,-0.8632409368836792,0.7400715562750121,0.1881596709206603,1.0,1
2021-06-21,1.145476324652544,-0.7945752225884553,0.7144917167155985,0.1561240755516135,1.0,1
2021-06-22,0.7805280979366387,-0.565274234657218,0.7137362882796235,0.2251379917741335,1.0,1
2021-06-23,0.6273227703205131,-0.5741513644631806,0.9103952001733804,0.2496667697334065,1.0,1
2021-06-24,0.1386761922504284,-0.7418809874196386,0.6480257291792441,0.4413067477689504,1.0,1
2021-06-25,-0.1453661904766281,-0.8265510662514991,0.4614846485703451,0.2622013336127978,1.0,1
2021-06-28,0.0113623679490324,-0.911313726587713,0.2495208861051783,0.2959888419008817,1.0,1
2021-06-29,0.3404646223348299,-0.8369287261854118,0.1509061538798397,0.3929060847683651,1.0,1
2021-06-30,0.2074599703081594,-0.92420185302169,0.4819181648898542,0.3723563004859416,1.0,1
2021-07-01,-0.0928908150489212,-0.8568486582044929,-0.2942626131809321,0.5463926035709717,1.0,1
2021-07-02,0.1032019790733802,-0.879374709904303,-0.4354429595486552,0.5270383808030845,0.0,0
2021-07-05,-0.091528944634603,-1.0705256669352714,-0.7861411007498743,0.5533889040169724,0.0,0
2021-07-06,-0.6383225599793182,-1.355816622267558,-0.763908734009566,0.6279292628586113,0.0,0
2021-07-07,-2.317521773530049,-1.82230518907664,-1.6202254002353134,0.305868514904359,0.0,0
2021-07-08,-1.8970465564681684,-1.63190003646691,-1.19082355201798,-1.8068485948949184,0.0,0
2021-07-09,-2.098522359910085,-1.8140055549036844,-1.3832998691527294,-1.4423864729002631,0.0,0
2021-07-12,-2.7941493342133144,-2.4393439478415098,-1.7473838157747383,-1.1628214241385533,0.0,0
2021-07-13,-3.0,-3.0,-2.1878206056667966,-1.509211202927855,0.0,0
2021-07-14,-3.0,-2.708234101615018,-2.1964839150676068,-2.7685279274344152,0.0,0
2021-07-15,-3.0,-2.492311851377485,-2.275148955461182,-2.2190266522754296,0.0,0
2021-07-16,-2.9562546824318976,-2.2857444258008,-2.2438984492271694,-1.9187771637214204,0.0,0
2021-07-19,-2.7142512897446145,-2.173497431181003,-2.250838776425312,-1.6071126569027074,1.0,1
2021-07-20,-3.0,-2.914851258782996,-2.3539180621544102,-1.1426931751185976,1.0,1
2021-07-21,-2.9853298911152377,-2.3603497279287518,-2.1316102342007306,-2.353844165451649,1.0,1
2021-07-22,-2.843225748543821,-2.49902644175237,-2.1169015980961623,-2.0431592081306493,1.0,1
2021-07-23,-2.127284921912765,-2.051150267256401,-1.923105317462498,-1.4334228258381494,1.0,1
2021-07-26,-2.4493251705929078,-2.119143374779749,-1.883132895662192,-1.345442495462583,1.0,1
2021-07-27,-2.1304095974328123,-2.105436989804709,-0.7719720905937087,-1.3393827808593048,1.0,1
2021-07-28,-1.956396069273849,-2.033609843742469,-0.5903813130762466,-1.007801782048744,1.0,1
2021-07-29,-2.0472589534141976,-2.258608242504379,-0.6591877647608234,-0.6840753486331885,1.0,1
2021-07-30,-1.7669070515178635,-2.2757814938583234,-1.050382541026217,-0.4561340681597631,1.0,1
2021-08-02,-1.432299688366342,-2.4029758381275026,-0.087325584782843,-0.3304220105681744,1.0,1
2021-08-03,-1.3817814573356717,-2.345291308628473,0.8115467800748858,-0.2907711811567328,1.0,1
2021-08-04,-1.234717404681482,-2.1921695876010507,0.7628306834563606,-0.0354364580211925,1.0,1
2021-08-05,-1.134211101806271,-2.1180654113812567,0.8056258081946405,0.1134606606860532,1.0,1
2021-08-06,-0.8385346667567578,-1.9337104129295744,0.7954710463354994,0.2847417921055319,1.0,1
2021-08-09,-0.9241334379614956,-1.936751125277732,0.9333081707311268,0.2857845804238876,1.0,1
2021-08-10,-0.3501919570058561,-1.8370534320251364,0.9756851698692388,0.4395437637041841,1.0,1
2021-08-11,-0.193599387954954,-1.326915651139556,1.0140880911424488,0.1828870820619669,1.0,1
2021-08-12,-0.4291816832901806,-1.4433068818250403,1.1089512298383004,0.2902381238874368,1.0,1
2021-08-13,-0.4552661664373452,-1.2326042796693728,0.9024396640575556,0.2933487405254668,1.0,1
2021-08-16,-0.3279767189447047,-1.2369442696144712,1.037587217219282,0.5209863633459754,1.0,1
2021-08-17,0.1223307280925348,-1.239438662939517,1.0483820970403432,0.6052986451872392,1.0,1
2021-08-18,-0.1426521023775175,-1.4648245883315556,0.9804251620473712,0.4207033353134926,1.0,1
2021-08-19,-0.1343893122029066,-1.581395722803394,1.079236103949581,0.3898552849212561,0.0,0
2021-08-20,0.006372060673559,-1.3576271274935665,0.8330080813056062,0.5698774342123001,0.0,0
2021-08-23,-1.112076605933731,-1.590163233614604,0.493954520612455,0.6288432713707233,0.0,0
2021-08-24,-1.9048214401292531,-2.0510029211103302,-0.7120779603648978,-1.015073445368805,1.0,1
2021-08-25,-1.999309372057005,-2.1592369861404013,-0.8683533002601811,-1.6636672710328333,1.0,1
2021-08-26,-1.6618414578158975,-2.02903548426868,-0.7991500216549217,-1.2796774505989417,1.0,1
2021-08-27,-1.6153716245556775,-2.3637821903076266,-0.7151356979869565,-0.9872381018002346,1.0,1
2021-08-30,-1.0096041250536356,-1.8842062088778664,-0.6158974343009169,-0.5456716470775114,1.0,1
2021-08-31,-0.4545269652195598,-1.2936664131295723,-0.6619980165840511,-0.6072753617449989,1.0,1
2021-09-01,-0.3882138521385284,-1.0556521057998007,-0.6495193081900743,-0.6321028973109978,1.0,1
2021-09-06,-0.272119215794529,-1.056535406673609,-0.4577424471233572,-0.302123864444778,1.0,1
2021-09-07,0.117959677469661,-0.6964914620653231,-0.0355785206873576,-0.0630129924128159,1.0,1
2021-09-08,-0.4861017845219375,-1.1810522079944592,0.2984771833373209,-0.0686592434760793,1.0,1
2021-09-09,-0.7012007700552226,-1.4236247573331888,0.5758107403506425,-0.5081817493437567,1.0,1
2021-09-10,-0.3912083546814794,-1.1791778602896072,0.3654649981480674,-0.3623916868341178,1.0,1
2021-09-13,-0.4386471555734126,-1.055489040582561,0.4650120536972153,-0.2414344732918336,1.0,1
2021-09-14,-0.7543905560810955,-1.055552716714084,0.157789051618784,0.0797186265244526,1.0,1
2021-09-15,-1.0116892852184998,-1.5547174000729167,-0.3993397877044653,-0.003643938245356,1.0,1
2021-09-16,-0.7021683688005286,-1.5510707794467389,-0.3575440487262563,-0.0172567211168245,1.0,1
2021-09-17,-0.6770708127862498,-1.1678562438909443,-0.1102634570938284,0.0659289043090742,1.0,1
2021-09-20,-0.4413834008069446,-1.0396629163191735,-0.3388174581636635,0.3404075164049172,1.0,1
2021-09-21,-0.6354193795565022,-1.2926767602683933,-0.4247652470535359,0.4171752941816813,1.0,1
2021-09-22,-0.737209701241438,-1.4160526431450051,-0.2722983781127301,0.4494702845144555,1.0,1
2021-09-23,-0.3386663621205539,-0.8985660467594564,-0.4386026171925187,0.5881372137206815,1.0,1
2021-09-24,-0.5153939460430733,-1.0266069278506074,-0.2644412221365806,0.5033902812424802,1.0,1
2021-09-27,-0.8011482728412822,-1.5420099873062556,-0.3356998605392974,0.556971883250791,1.0,1
2021-09-28,-1.786015744036883,-1.662932991218874,-0.570013211857587,0.4364811788263486,1.0,1
2021-09-29,-1.2869340126108015,-1.3958688673332935,-0.5284453209027424,-1.0163328595159304,1.0,1
2021-09-30,-1.167543423476861,-1.2614702159567346,-0.9437208954308232,-0.8708423498017137,1.0,1
2021-10-01,-1.0649839805905907,-1.5177813808769314,-1.0289307049101395,-0.4695059551886368,1.0,1
2021-10-04,-1.2103215103357672,-1.6367711541112362,-1.3856536499854586,-0.1222770844545997,1.0,1
2021-10-05,-0.970656895022502,-1.6293486256315122,-1.0794182996276287,0.0219501194115935,1.0,1
2021-10-06,-0.7340780667709806,-1.372459184511719,-0.5654849651957179,0.1857658291191967,1.0,1
2021-10-07,-0.5194699506121337,-1.3673190413171776,-0.6243942259368646,0.3185231557439005,1.0,1
2021-10-08,-0.3496532557401405,-1.235677787385344,-0.6652414679096671,0.4411166573642729,1.0,1
2021-10-11,-0.3578075602827265,-1.2308192110739289,-0.4285649347910175,0.5739049037890438,1.0,1
2021-10-12,-0.0673860309373397,-1.0978495388260718,0.9921261323330144,0.8189839150913182,1.0,1
2021-10-13,-0.0469613041389715,-1.0939290941347386,0.8025518768681219,0.7932205147062322,1.0,1
2021-10-14,-0.0961804489878874,-1.09003600057938,0.6308621668783755,0.9733913159548084,1.0,1
2021-10-15,-0.000819936072034,-0.7017826396446186,0.7574638304833742,1.1499082641349143,1.0,1
2021-10-18,-0.036919953654043,-0.7010068644954751,1.0940188757685267,1.2173140460682197,1.0,1
2021-10-19,-0.1546231490472833,-0.699870269868592,1.2130288017471913,1.3708057969111709,1.0,1
2021-10-20,-0.1992130212652725,-0.6979583726159043,0.5975685093175269,1.3986842394978027,1.0,1
2021-10-21,-0.2384349784447391,-0.6972971813272308,0.4849466589146733,1.5098455499818848,1.0,1
2021-10-22,-0.2318711038450223,-0.5649977828236311,0.5498838583021256,1.5207239407531077,1.0,1
2021-10-25,-0.0028238683681037,-0.698233042783925,0.8095864825991047,1.5207239407531077,1.0,1
2021-10-26,-0.0943624688785831,-0.5646196548684155,0.8708428127878246,1.5207239407531077,1.0,1
2021-10-27,0.1070631781035809,-0.4308576573750324,0.3139060729557817,1.5207239407531077,1.0,1
2021-10-28,0.629198705380902,-0.4315792683707561,0.3357197311651979,1.503388492746205,1.0,1
2021-10-29,0.8845418032014277,-0.0259540274766153,0.4622671514239174,1.136488651715103,1.0,1
2021-11-01,0.8569990306363676,-0.0296145670319494,0.7405172944950338,1.038936268176422,1.0,1
2021-11-02,0.8916108365708361,0.1055538643815667,0.3747466447564173,1.153233710771063,1.0,1
2021-11-03,1.291075851015112,0.79845234984539,0.917784482666434,1.1973526863941175,1.0,1
2021-11-04,0.5018580584001144,0.6539948640723949,0.6864215536328245,0.9431499546003148,1.0,1
2021-11-05,0.7111579005336244,0.6490834524967238,0.8447352991311985,0.1006523432642214,1.0,1
2021-11-08,1.0281845764199438,0.5002639842229087,1.002563732956934,0.1964722834474758,1.0,1
2021-11-09,1.4056059847652531,0.7794935385090315,1.2203742618636395,0.1892348357997704,1.0,1
2021-11-10,1.3195908264956768,0.6278339381012399,1.2008736440682848,0.1224584116606426,1.0,1
2021-11-11,1.490068613096063,0.6201230183648051,0.9627438235990088,0.3858246766305756,1.0,1
2021-11-12,1.4532333220780835,0.7564144539734834,0.8841824761243493,0.4275882497640662,1.0,1
2021-11-15,1.6213050445037271,0.7465018281578966,0.8557010824765767,0.6047217581880179,1.0,1
2021-11-16,1.610543059828996,0.7366918462643716,0.787899595820799,0.6031586046628296,1.0,1
2021-11-17,1.1969550458846905,0.5819131925796205,0.5189960238910784,0.7280920437518439,1.0,1
2021-11-18,1.2676691346638351,0.7199745421536681,0.4866828149912363,0.5700570976239729,1.0,1
2021-11-19,1.2974337440687755,0.564693729351229,0.2333710661600118,0.6630800189471395,1.0,1
2021-11-22,0.6334853581217891,0.5574157378252814,-0.0467650827658881,0.7627651104105014,1.0,1
2021-11-23,-0.194189416240895,0.4033088671164836,-0.5759563271309603,0.1335767619524185,1.0,1
2021-11-24,0.2190841117092332,0.5484053222637918,-0.4372415735572603,-0.7262399315273559,1.0,1
2021-11-25,0.5779161576509647,0.5453143863927141,-0.0879545149604284,-0.6330199391155888,0.0,0
2021-11-26,0.9191269443517158,0.3958383555866496,-0.0124823329168599,-0.5231103975971122,0.0,0
2021-11-29,0.4941132435534293,0.5445665937921084,-0.3601862512197163,-0.4288582152912598,0.0,0
2021-11-30,0.4156309054590704,0.3921412340215806,-1.0324572919559885,-0.4784202342986892,0.0,0
2021-12-01,0.4436056467862243,0.2421173538879995,-0.8052087820370291,-0.0863157002612546,0.0,0
2021-12-02,0.4942913830768832,0.394535118616439,-0.8244553221076631,0.1906525662360837,0.0,0
2021-12-03,0.340035261342687,0.39417658493706,-1.024974701486267,0.4090391429143777,0.0,0
2021-12-06,-0.7219147043687358,0.2421791610912693,-1.8403536885619216,0.5711978523571697,1.0,1
2021-12-07,-1.6098774076490252,-1.732844819543661,-1.867608022279184,-0.97321443335012,1.0,1
2021-12-08,-0.820911110670771,0.1072546295736554,-1.7996130771493348,-1.8442916068316857,1.0,1
2021-12-09,-0.6717682969225789,0.109692164885466,-1.827335020427687,-1.7838668489194471,1.0,1
2021-12-10,-0.2595329456528821,0.2675598189523879,-1.6204501375403413,-1.248237079526274,1.0,1
2021-12-13,-0.2024461836324313,0.4273284416741209,-1.3871644526208302,-1.0138789209760042,1.0,1
2021-12-14,0.2304006000785403,0.5893423071191916,-0.5550833194219432,-0.5568738546546469,1.0,1
2021-12-15,0.1914128009461479,0.7489209420139937,-0.8658508722491631,-0.4655240016284817,1.0,1
2021-12-16,0.065091484440469,0.7499017069255968,-1.0282101890400397,-0.0415717497666845,1.0,1
2021-12-17,0.2441231630747744,0.7522253944338464,-0.7887560047379942,0.2224483550098344,1.0,1
2021-12-20,0.2086097316882521,0.2827635790241612,-0.0514760834323452,0.381745434591942,1.0,1
2021-12-21,-0.0025417724130869,0.1313006555679491,0.5885586302762522,0.6750347361173133,1.0,1
2021-12-22,0.231264816812915,-0.182963958151068,-0.108915602282406,0.7094051552605602,1.0,1
2021-12-23,0.2202269660507086,-0.1742298284085362,-0.1676330053418454,0.7527762206512132,1.0,1
2021-12-24,-0.1913082190140555,-0.6525109645573643,-0.467452469859433,0.9703186567835472,1.0,1
2021-12-27,0.0589121175806356,0.0110125275599315,-0.0493642118904072,0.6562054155535177,1.0,1
2021-12-28,0.2949849732002713,0.3479119418697305,0.2347693380096678,0.7081769098524262,1.0,1
2021-12-29,0.5138394342157523,0.1911077663266832,-0.0228085428736539,0.7573012282775337,1.0,1
2021-12-30,0.2800307265044456,0.2001423331298173,0.3603535799293183,0.7986312983932023,1.0,1
2021-12-31,0.1946074749550251,0.041417832049595,0.2980314863969633,0.7990730043670023,1.0,1
2022-01-04,0.3011981339180978,0.2184921729907638,0.6139947298525488,0.9723414460988764,1.0,1
2022-01-05,0.8345337445658549,0.6915199765967076,0.8932858390265668,1.071842336695075,1.0,1
2022-01-06,0.8789794324895908,0.3435860943497599,0.6541692030343129,0.8284116088312043,0.0,0
2022-01-07,0.932793509476873,-0.0057608585515766,0.4839554310777973,0.9780408322500068,0.0,0
2022-01-10,0.8841609180118982,0.005677627506248,0.933999622612966,1.094309573542593,0.0,0
2022-01-11,-0.1287416579476728,-0.1654059398186012,-0.446066340576242,1.2579830045447185,0.0,0
2022-01-12,-0.5562482525050026,0.0338399109534794,-0.7116126864049402,-0.0755289633653376,0.0,0
2022-01-13,-0.5422929656591459,-0.5160250484762602,-0.6635066717568489,-0.1940800557548723,0.0,0
2022-01-14,-1.342701746332437,-0.1237725652157695,-0.7558581856500485,0.1740664243394503,0.0,0
2022-01-17,-1.3078012757343254,-0.4927564698162276,-0.4218978997160094,-0.5390523267992058,0.0,0
2022-01-18,-2.837875439917312,-2.381556435950025,-1.6179989385867437,-0.1027779099089682,1.0,1
2022-01-19,-3.0,-3.0,-1.8363891557543648,-2.198614975570234,1.0,1
2022-01-20,-2.7876727647601744,-1.3486503581631724,-1.857444897558292,-2.15799306904908,1.0,1
2022-01-21,-1.9997583564181056,-1.5199267144458055,-1.4200820966713328,-1.6192956763054955,1.0,1
2022-01-24,-1.9105651466095053,-1.6891899422394945,-1.313832958030957,-1.4471700584437666,1.0,1
2022-01-25,-3.0,-3.0,-1.7099900163093655,-0.8884115302630149,1.0,1
2022-01-26,-2.21266037603519,-3.0,-1.6430844121240469,-2.266533540415875,1.0,1
2022-01-27,-2.2260988927690897,-3.0,-1.7802273115945415,-2.0275035869314078,1.0,1
2022-01-28,-2.3080441936997387,-3.0,-1.480893416063228,-1.4729789050737736,1.0,1
2022-02-07,-1.968518531629452,-2.4326145385897493,-1.3283470151269643,-1.1109076337724662,1.0,1
2022-02-08,-1.244786186844281,-1.3606969863337897,-0.1316243557881704,-0.7531704752124664,1.0,1
2022-02-09,-1.0575343570274958,-0.8327033037968908,0.8542106125490232,-0.7888876006521568,1.0,1
2022-02-10,-0.7832791464440254,-0.4810381846619838,0.5867088191127389,-0.4827620490910355,1.0,1
2022-02-11,-0.7008406358096085,-0.3117557007977086,0.6591815328874594,-0.2780067263785128,1.0,1
2022-02-14,-0.7493234110723973,-0.1395523076858836,0.3881985423037916,0.0441700519317081,1.0,1
2022-02-15,-1.2867679508197785,-1.0209455240722225,0.9985933770196996,0.3501624893206883,1.0,1
2022-02-16,-0.8970632018010253,-0.8339820373846266,1.001639993320248,-0.2871776089227601,1.0,1
2022-02-17,-0.5504245909797197,0.239961654299895,0.9528441324697324,-0.174654120597355,1.0,1
2022-02-18,-0.3908464914831809,0.4119874423297027,1.1007405239022,-0.0445774629457785,1.0,1
2022-02-21,-0.2342246653721069,0.2316052257043761,0.9784081398402442,0.2315978627961303,1.0,1
2022-02-22,0.0284565209866571,0.775293698847498,1.427611702294924,0.4786685996377999,1.0,1
2022-02-23,-0.2922355544418684,-0.2897991916004795,1.1970238499232566,0.5820604941907922,1.0,1
2022-02-24,0.0383970527231535,0.4475801946451286,1.3222273688714046,0.3622637748713893,1.0,1
2022-02-25,-0.4415673140549916,-0.8151832002348345,1.1177903785012249,0.4122101155360476,1.0,1
2022-02-28,-0.2467764943091363,-0.8024202710486518,1.0800861174866994,-0.1365956975024586,1.0,1
2022-03-01,-0.3475225067782093,-0.2385777264334455,0.9669388727117064,0.1590715205076331,1.0,1
2022-03-02,-0.0914048586897063,0.1390812419588968,0.7252187538301117,0.4323557259065477,1.0,1
2022-03-03,-0.4440586456367917,-0.4109918959497377,0.3005304928115287,0.5610039091916454,1.0,1
2022-03-04,-0.0186501619319108,0.1598141592524179,0.7093009568095867,0.2664585348649509,1.0,1
2022-03-07,0.0205355952635111,0.3591001959522688,0.7731289013611594,0.2327855507933989,1.0,1
2022-03-08,-0.0388476051747525,-0.0052500899537232,0.2872320144790758,0.6248980212947989,1.0,1
2022-03-09,-0.7484111183037208,-0.3760752950415612,-0.1426277518809384,0.9239510975491504,1.0,1
2022-03-10,-0.6739848512488553,-0.5555805650551124,-0.462719899583561,-0.3322030498827094,1.0,1
2022-03-11,-0.5369799463305017,-0.5429356639582628,-0.2313058078875495,0.1457361821875529,1.0,1
2022-03-14,-0.8385913472793832,-0.5286807686225211,-0.514552041734347,0.4774081485374263,1.0,1
2022-03-15,-1.3924633471129666,-1.863668622164882,-1.0885100654987747,0.2502518929574845,1.0,1
2022-03-16,-1.086608900638351,-1.6447593493225423,-0.9283239443849292,-0.5973707218678319,1.0,1
2022-03-17,-0.8606154951236344,-1.2364718513535244,-0.6255988022874162,-0.2905118222916687,1.0,1
2022-03-18,-0.7423699471504505,-1.0241180141751578,-0.2570195440459357,0.0443885596528909,1.0,1
2022-03-21,-0.6765239509641666,-0.2206692611819093,-0.7817928302656421,0.440335148775868,1.0,1
2022-03-22,-0.1615846561695625,0.1902927158522071,-0.3753532900874046,0.8306691138787986,1.0,1
2022-03-23,-0.0144736862946265,0.2051000355529183,0.2514255933526287,0.6225594216366659,1.0,1
2022-03-24,0.1033118029122078,0.2200418489849292,0.6553064983214861,0.87249343866814,1.0,1
2022-03-25,0.2376486655345982,0.2351236177131605,0.2723859165084037,1.1149579479966272,1.0,1
2022-03-28,0.3000434068311749,0.0449882090857564,0.5993045661310717,1.2978638225758563,1.0,1
2022-03-29,-0.0265540335887532,-0.7697227009208871,0.664358915946909,1.5155101790685774,1.0,1
2022-03-30,0.3438583662952693,-0.5494805979473902,1.071667754066799,1.1579725245306238,1.0,1
2022-03-31,-0.1234887818940273,-1.1598867800460777,0.6437515119862248,1.0276205305128037,1.0,1
2022-04-01,-0.1773008850918731,-0.5190670393969457,0.4377014631023958,0.4449683375182749,1.0,1
2022-04-04,0.3267526330138607,-0.3760345166614325,1.1337472858550135,0.7776877062559915,0.0,0
2022-04-05,0.3573617036540175,0.0444981769083551,0.7193806568923585,0.5572666014949431,0.0,0
2022-04-06,0.215947373184204,-0.1476498847655927,0.77822442468404,0.8999329145214888,0.0,0
2022-04-07,-0.0074338940692433,0.0716477736996001,0.4229807822811813,1.02907440675689,0.0,0
2022-04-08,-0.6491575086690474,-0.5381301412015028,-0.3276778521241653,0.9575676405807968,0.0,0
2022-04-12,-1.3221835966285187,-1.35469034934525,-0.3072914024220659,-0.1314047537386166,0.0,0
2022-04-13,-2.0531029700665067,-3.0,-0.8197402940270841,-1.1725948326186717,0.0,0
2022-04-14,-1.297891722330299,-1.8697353046725331,-0.7312804860388112,-2.2862252613620586,0.0,0
2022-04-15,-1.3216573899608708,-2.4298922189223515,-0.964058009003781,-2.1522770410574346,0.0,0
2022-04-18,-1.5376415746649017,-3.0,-1.3471926795378613,-1.4661178840186424,0.0,0
2022-04-19,-2.09275227504391,-3.0,-1.7991252207264723,-1.3003888528289018,0.0,0
2022-04-20,-2.7573606409676503,-3.0,-2.183099112911292,-2.018833919686688,0.0,0
2022-04-21,-2.856946302389753,-3.0,-2.273409100149304,-3.0,0.0,0
2022-04-22,-2.801329214349197,-3.0,-2.5738159784381747,-3.0,0.0,0
2022-04-25,-2.7472674982682523,-3.0,-2.3837922477366957,-3.0,0.0,0
2022-04-26,-2.696161391548359,-3.0,-2.5738159784381747,-2.6917251276355585,0.0,0
2022-04-27,-2.656449425319265,-3.0,-2.519605107149934,-3.0,0.0,0
2022-04-28,-2.612298740879085,-3.0,-2.4786327285268563,-3.0,0.0,0
2022-04-29,-2.5762888490878177,-3.0,-2.4431321528600365,-3.0,0.0,0
2022-05-04,-2.1115401398325115,-3.0,-2.38571257360803,-2.586525565627898,0.0,0
2022-05-05,-2.2105082341516016,-3.0,-2.338371342178501,-2.2013557291264045,0.0,0
2022-05-06,-2.148587170340236,-3.0,-2.0273281643374075,-1.958083891167304,0.0,0
2022-05-09,-2.459976772348246,-3.0,-1.9980278101273024,-1.4293511618259478,0.0,0
2022-05-10,-2.42254279551405,-3.0,-2.2283955504153865,-2.21427042213466,0.0,0
2022-05-11,-2.387215991640861,-3.0,-1.877470077797306,-3.0,0.0,0
2022-05-12,-2.355473331372487,-2.9388818314132057,-0.9207225189519528,-3.0,0.0,0
2022-05-13,-2.32320738115399,-2.877672219677237,-1.7088003069666464,-2.6075917207208064,0.0,0
2022-05-16,-2.2911795559055945,-2.8196377710099125,-2.0699916761087453,-3.0,1.0,1
2022-05-17,-2.25838414811106,-2.764513792858298,-1.92768909564705,-2.937678665665188,1.0,1
2022-05-18,-2.227285183965165,-2.7120321875385542,-1.7455479072239402,-2.876702185576057,1.0,1
2022-05-19,-2.188107858342503,-2.6619936918319587,-1.084090290780542,-2.818811673983618,1.0,1
2022-05-20,-1.9898792805519712,-2.614250425587584,-1.2501793674091362,-2.7637301134163548,1.0,1
2022-05-23,-1.7917053464975912,-2.5687066613905376,-0.9621482110854662,-2.164464732916169,1.0,1
2022-05-24,-1.8866574896186807,-2.5251758836697964,-0.3367845171627063,-1.5380799417309932,1.0,1
2022-05-25,-1.634406950858317,-2.483650818463864,-0.4906785438959874,-1.4847706600859254,1.0,1
2022-05-26,-1.039880936051855,-2.332666018374135,0.2184611264294605,-1.0804080626948425,1.0,1
2022-05-27,-0.9243219093536204,-2.2503073885529288,0.7413891868052106,-1.2718445625608883,1.0,1
2022-05-30,-0.7186111136848904,-2.132597033916841,1.2704149622290468,-0.7972848641891925,1.0,1
2022-05-31,-0.5603895197786545,-1.9829835199943044,1.348266726575963,-0.5319193642863839,1.0,1
2022-06-01,-0.5412910514222858,-1.964538729299199,1.0882055152854322,-0.2623922949236963,1.0,1
2022-06-02,-0.4596090048555908,-1.8277711593472887,1.1369168166486208,0.0306798446470502,1.0,1
2022-06-03,-0.5428390768370032,-1.815783388773603,1.2906483760749403,0.2939368568785149,1.0,1
2022-06-06,-0.5045776014789833,-1.7649769702480704,1.381729246419951,0.2628534603061074,1.0,1
2022-06-07,-0.5377975102821131,-1.8286743329817872,1.5302996299403482,0.5105858204974137,1.0,1
2022-06-08,-0.4736322688123178,-1.5919336882452433,1.4927751443399546,0.5569871069344948,0.0,0
2022-06-09,-0.121262801660348,-1.4783635549730574,1.5049497508359655,0.762993511739536,0.0,0
2022-06-10,-0.00700654551912,-1.442919507844321,1.5819347448364849,0.5294457130266578,0.0,0
2022-06-13,-0.360255261299182,-1.5160555478004156,1.5424162161504138,0.656736881670025,0.0,0
2022-06-14,-1.0248495493466228,-1.6187536912102938,0.9263266745494416,-0.1614469905700613,0.0,0
2022-06-15,-0.985049496710264,-1.5757728554954145,0.7339827335773587,-1.9466662341004977,0.0,0
2022-06-16,-1.214216778505356,-1.6361116204107211,-0.2342530314896767,-1.3617873831128071,0.0,0
2022-06-17,-0.9640533216223922,-1.4230908233711987,-0.1655183654010338,-1.5402651096661897,0.0,0
2022-06-20,-1.192403579045326,-1.421456680733007,-0.6261292846077642,-1.1593123161166967,0.0,0
2022-06-21,-1.5917930364713833,-1.45210557962157,-1.2570513652701631,-1.3742565463647742,0.0,0
2022-06-22,-1.680145525418592,-1.4801295887517525,-1.068586992879119,-2.084923387077904,0.0,0
2022-06-23,-1.48130008066853,-1.5056537918170316,-1.4252182585557172,-1.8648693972668424,0.0,0
2022-06-24,-1.0468677979830685,-1.3390049269275597,-1.3269857546216857,-1.312706335691466,0.0,0
2022-06-27,-0.9596369503599343,-1.3379464197779485,-1.2791843955484656,-1.2050041699325706,0.0,0
2022-06-28,-0.6382783497203476,-1.2736066077348376,-0.8112601856867517,-0.6850918948462532,0.0,0
2022-06-29,-0.4382438261055794,-1.242795529999526,-0.4194903021331966,-0.5664325315623997,0.0,0
2022-06-30,-0.378470899744031,-1.2436429790623942,-0.2088176572949422,-0.3241505486049509,0.0,0
2022-07-01,-0.6365558918957468,-1.2135029968782112,-0.7455184570500621,0.0403673553792849,0.0,0
2022-07-04,-0.4998021016397408,-1.1842243967769148,0.0894647511326012,-0.4129475451997177,0.0,0
2022-07-05,-0.4602616135920536,-1.2182160777608408,0.5239484416714154,-0.1103273567786632,0.0,0
2022-07-06,-0.6550228754153192,-1.3728461736946092,0.4597226107023549,0.1818128484648097,1.0,1
2022-07-07,-0.9063706771099708,-1.366278287504495,0.2579636533155017,-0.1437234433453355,1.0,1
2022-07-08,-0.7008012227865064,-1.2994254058118522,0.1444162873301264,-0.6028375801119824,1.0,1
2022-07-11,-0.4418125731366266,-1.2951372891353996,0.2732667604893609,-0.3308020692785948,1.0,1
2022-07-12,-0.5428312935814655,-1.3484744999667029,0.1685726962416683,-0.2079243063652498,1.0,1
2022-07-13,-0.1591809571340359,-1.1675053007406269,0.3117235854399487,-0.2187887576829607,1.0,1
2022-07-14,-0.1341087132965875,-1.1398199057470255,0.5521542800342123,-0.2951795127267009,1.0,1
2022-07-15,0.0064631111283216,-1.1153317833909782,0.4272797072515106,0.040307122199405,1.0,1
2022-07-18,0.0366393686282695,-1.0905434777907892,0.2119203532396772,0.2069104076555376,1.0,1
2022-07-19,0.0746007397628807,-1.0380717480818995,-0.0458507061424628,0.484112648602691,1.0,1
2022-07-20,0.1204396180545867,-1.014658076047505,0.2915334022038323,0.704312114056165,1.0,1
2022-07-21,0.3481916950488251,-0.8269063375755047,0.922985431165203,0.8797350993454999,1.0,1
2022-07-22,0.3313887693472802,-0.8125117917485231,0.9778463223860576,0.783522347955166,1.0,1
2022-07-25,0.2778689283061447,-0.8508081921682464,0.7639590259019111,0.9084966278727304,1.0,1
2022-07-26,0.1836625482933509,-0.8611202816749368,0.7791403816660282,0.9247327688784488,1.0,1
2022-07-27,0.1105702175256847,-0.8961353886377097,0.297444775977733,0.8343005914741286,1.0,1
2022-07-28,0.247936953456017,-0.7971977671502244,1.0787827824980676,0.7904440446860649,1.0,1
2022-07-29,0.4504858118716527,-0.7013500318840421,1.3389056670394146,0.8244952933930835,1.0,1
2022-08-01,0.4049564967792947,-0.6870242020497005,1.2915433894116302,0.7594125248274309,1.0,1
2022-08-02,0.7024692287706366,-0.6211296276626297,1.663541865578298,0.8207549820260822,1.0,1
2022-08-03,0.775589407695555,-0.6092009661939464,1.7258668202765295,0.6148909518991309,1.0,1
2022-08-04,0.9001989671664669,-0.519761939440643,1.7226432589676686,0.731131630071635,1.0,1
2022-08-05,0.8592785186766159,-0.4580512138538264,1.7731610136290397,0.7606522013607879,1.0,1
2022-08-08,0.9031003490295626,-0.474813852756454,1.807096312330007,0.8785888562479932,1.0,1
2022-08-09,0.9447245657897207,-0.4392823100230439,1.852796914617561,0.9804858912497386,1.0,1
2022-08-10,0.9582367640477067,-0.3781242561991023,1.832370710979684,1.0667097474828644,1.0,1
2022-08-11,0.941124187088888,-0.34379519858819,1.8158267216900037,1.170741630561441,1.0,1
2022-08-12,0.7837776672597299,-0.4380503910702079,1.6000146708077996,1.2749348222296513,1.0,1
2022-08-15,0.9353456887469712,-0.3501666295392386,1.793863973124993,1.023715632701834,1.0,1
2022-08-16,1.0572964480994738,-0.212620836372764,1.5459254758701946,0.9739195912856778,1.0,1
2022-08-17,1.0719435910654362,-0.2044011924656301,1.576002251746428,0.9592868710326712,1.0,1
2022-08-18,1.011440605843133,-0.1449968138092339,0.9289994126835872,1.0711245749247105,1.0,1
2022-08-19,0.92844694267862,-0.1887578202067703,0.8214198762268698,1.1050334784125502,1.0,1
2022-08-22,0.8305017080419114,-0.2069134509311511,0.5586451975632901,1.0671501229519675,1.0,1
2022-08-23,0.7091638368516319,-0.2506423948592008,-0.17240241113947,0.994939623274394,1.0,1
2022-08-24,0.8949590103560651,-0.1143948855841226,-0.0842060086461567,0.868515797077017,1.0,1
2022-08-25,0.9364947993133292,-0.0058110025716675,-0.037518924347361,0.8065673480715159,0.0,0
2022-08-26,1.0242721885921444,0.0235057324680561,0.5904372436971693,0.9046722002912372,0.0,0
2022-08-29,0.89450856953352,0.0776982694617611,0.031799553532945,0.9208357242585145,0.0,0
2022-08-30,0.7105387047148546,-0.047235710297353,-0.3124757335484859,0.8229764027569041,0.0,0
2022-08-31,0.6838134771364369,-0.1462360991417954,-0.2465816286552605,0.5902956130863318,0.0,0
2022-09-05,0.7376370543698478,-0.0897632542142807,-0.1017957209540029,0.7300319601216689,0.0,0
2022-09-06,0.7420942352272882,-0.1086302491860539,-0.0767192466027057,0.8298000737345927,0.0,0
2022-09-07,0.7361814579462304,-0.0756911785511123,-0.1700217661472632,0.9698730321493484,0.0,0
2022-09-08,0.2721412185010476,-0.2975423768834225,-0.8364293870814425,1.0787887252804722,0.0,0
2022-09-09,0.1669966625088029,-0.3631439790178101,-1.0319824541005036,-0.2743099944221998,0.0,0
2022-09-12,0.3947957618986618,-0.2766243517585864,-1.0795903139481402,-0.2220937138954279,0.0,0
2022-09-13,0.3938658038174161,-0.267940932303533,-1.086975464392908,-0.1481627861891402,0.0,0
2022-09-14,0.4326678584367168,-0.1827785812576823,-0.915513462718638,0.1204675047169555,0.0,0
2022-09-15,0.4498298428485486,-0.1996719566883991,-0.8877238220425696,0.3551349819968424,0.0,0
2022-09-16,0.4665645436111346,-0.2163219966018409,-0.8230972390791176,0.5755010276429371,0.0,0
2022-09-19,0.244632555786744,-0.1580994481269746,-1.2436583193693689,0.757154835036526,0.0,0
2022-09-20,-0.1833918133768881,-0.3027390797139643,-1.5222190233101696,0.363083482495246,0.0,0
2022-09-21,0.0299100333234514,-0.2929492379188887,-1.369344931610123,-0.6133037056449163,0.0,0
2022-09-22,-0.0347727794963673,-0.3081409864273554,-1.1867882271641403,-0.4320357921827403,0.0,0
2022-09-23,0.1280790527630621,-0.2733620331355328,-1.0593564265863062,-0.2815970820261551,0.0,0
2022-09-26,0.0429782936854159,-0.2393882229708736,-1.116715384837701,-0.0998934805042666,0.0,0
2022-09-27,-0.3954847559546067,-0.5051629250897649,-1.6617417842298905,-0.0370718380863601,0.0,0
2022-09-28,-0.419299730960732,-0.4915411279216525,-1.625528934242196,-0.962054232247388,0.0,0
2022-09-29,-0.6121176323789371,-0.5782542883202108,-1.6141070367218444,-0.6691759713467762,0.0,0
2022-09-30,-0.8413793494024615,-0.6380952719092529,-1.6943993065745775,-0.828536946195453,0.0,0
2022-10-03,-0.718680119328917,-0.5240981522994186,-1.6470054638978742,-1.079351479110798,0.0,0
2022-10-04,-1.2794903844946672,-0.7354563975905014,-1.6263212737081658,-0.6644684499550493,0.0,0
2022-10-05,-1.359805702045184,-0.6936106493862737,-1.5968844236570965,-2.041227575402591,0.0,0
2022-10-06,-0.8981103396788837,-0.5830359215916308,-1.4803887053963436,-1.7853585077397582,0.0,0
2022-10-07,-1.246463179879841,-0.6617490149687018,-1.5492158304905428,-1.6338503127328652,0.0,0
2022-10-10,-1.5711486022399184,-0.6680081380365155,-1.5181808562458898,-2.072515896441102,0.0,0
2022-10-11,-1.3288871309830703,-0.6048818963609774,-1.4886473000684186,-2.1605203393651022,1.0,1
2022-10-12,-1.484019256236114,-0.6348916540537792,-1.460421680902684,-1.962334513366696,1.0,1
2022-10-13,-1.243648264764683,-0.5726041410747466,-1.431412263770532,-2.0282931918893343,1.0,1
2022-10-14,-1.0391354367503594,-0.534370084537286,-1.323811711490946,-1.9655557324960875,1.0,1
2022-10-17,-0.7854391377864557,-0.4287045356508338,-1.2074483944097605,-1.5313982939998996,1.0,1
2022-10-18,-0.706563736358536,-0.3705662103036161,-0.3431526696501433,-1.1655493092696294,0.0,0
2022-10-19,-0.5535508329372006,-0.3354289258120969,-0.0604347696717237,-0.6738138475786425,0.0,0
2022-10-20,-0.5331580139418769,-0.3235231871200212,-0.3261993668207861,-0.3638453910020008,0.0,0
2022-10-21,-0.5900684907238144,-0.3798696763739084,0.1860582449945322,-0.109731720439238,0.0,0
2022-10-24,-1.017323188037219,-0.4577190701478486,-0.1780513996722117,-0.0707876690531835,0.0,0
2022-10-25,-1.260387472856684,-0.4887013401564221,-0.3760076757867747,-1.1631457432471155,0.0,0
2022-10-26,-1.2246960779868152,-0.4060882810063939,0.4356268017808652,-1.7928919976459987,0.0,0
2022-10-27,-1.1904387546657451,-0.3927156311465963,-0.3224418203570544,-1.1784702760019865,0.0,0
2022-10-28,-0.779852483204782,-0.3116541387845249,0.5367056021442244,-0.9628485698575144,0.0,0
2022-10-31,-0.7003101547497947,-0.3443825727945347,0.5383475692043382,-1.0460763914825926,0.0,0
2022-11-01,-0.6957074009527378,-0.3088470024595645,0.4469012742160093,-0.548662674297716,0.0,0
2022-11-02,-0.5783376857639932,-0.3183853423264005,0.6372596045648312,-0.3027866621212877,0.0,0
2022-11-03,-0.5803349356339447,-0.3050989756882204,0.1521653964520705,0.0208886091155172,0.0,0
2022-11-04,-0.5596580405296792,-0.3144480892728513,0.3034872682655531,0.1664173430526001,0.0,0
2022-11-07,-0.8478616778634023,-0.3459139850943777,0.3533388656382427,0.342788357564627,0.0,0
2022-11-08,-1.0377478476524833,-0.4001328647797973,0.1172472132346689,-0.4293242890027616,0.0,0
2022-11-09,-1.0107398926446225,-0.3848488472792907,0.1255159842444852,-1.2287111600450618,0.0,0
2022-11-10,-0.9857366894009272,-0.369685920121739,0.2199738804125229,-0.6851763098083606,0.0,0
2022-11-11,-0.9633784986421492,-0.3544819438400184,-0.7853594456154978,-0.2791229952107872,0.0,0
2022-11-14,-0.9410683890543252,-0.3393717992501873,-0.5573432921455529,-1.4674791397648133,0.0,0
2022-11-15,-0.92035098440909,-0.324307979088154,-0.6416099207792659,-1.1409316103043496,1.0,1
2022-11-16,-0.8999118782715789,-0.3092089337198427,-1.2051616713848463,-1.4463011970630664,1.0,1
2022-11-17,-0.8811249237899403,-0.2941294142396584,-0.8417199937488431,-1.5319130311298716,1.0,1
2022-11-18,-0.8627791757735983,-0.2309763619836972,-0.5036622047384672,-1.4913263029914916,1.0,1
2022-11-21,-0.8421894000409217,-0.2406463936873034,-0.0482774004289203,-1.4527722089656636,1.0,1
2022-11-22,-0.7701679790669088,-0.2501703319383249,0.417284654861228,-1.0458813556118656,1.0,1
2022-11-23,-0.6924470870659537,-0.2352315295139065,0.5305100630226858,-0.5867565441035388,1.0,1
2022-11-24,-0.775034633292101,-0.2202993070273012,0.3682094270343358,-0.1677854217085454,1.0,1
2022-11-25,-0.6633004018404903,-0.2055258972488118,0.9661398344045008,-0.1864901152369785,1.0,1
2022-11-28,-0.2482472239038486,-0.1905957600007368,1.1427900229824346,0.1752814491344379,1.0,1
2022-11-29,0.2807956756787735,-0.0235981585818686,1.392104903026015,0.0731860231221866,1.0,1
2022-11-30,0.6368550199169435,-0.0097346332577603,1.5908810758908734,-0.1601195539335552,1.0,1
2022-12-01,0.993120473366232,0.0820332423819565,1.6006546560177692,-0.1154531818719577,1.0,1
2022-12-02,1.0087895509162947,0.0435843604853827,1.6368532149460482,-0.0831798990229051,1.0,1
2022-12-05,1.4986584970887302,0.241286672268677,1.7530886403777235,0.2445954870427811,0.0,0
2022-12-06,1.704095505936681,0.2814926363684193,1.7519592498108183,0.0505227478441309,0.0,0
2022-12-07,1.2223235392336989,0.1877970607076319,1.907738934741783,0.2025285791404152,0.0,0
2022-12-08,0.9948737942543064,0.2283056803278002,1.9001102716155247,-0.466606133698015,0.0,0
2022-12-09,1.287334813126456,0.2352804951752454,1.861477210559885,-0.4740411672026062,0.0,0
2022-12-12,1.4004890687863738,0.2208358343731801,1.8240297878162663,-0.3182777887152647,0.0,0
2022-12-13,1.247208359792278,0.2338887028251454,1.7880795599088195,-0.0142202934536538,0.0,0
2022-12-14,1.464642374025562,0.3032800042393064,1.7526830786395764,0.0531396392674678,0.0,0
2022-12-15,1.510933605003946,0.317637810012807,1.7180150845143194,0.1896437461246064,0.0,0
2022-12-16,1.5334015657671245,0.3328213113251673,1.6856719954660908,0.4689666871850765,0.0,0
2022-12-19,1.5685438506408111,0.3489009710034541,1.5510441636604666,0.7249942910523627,0.0,0
2022-12-20,1.3549007501011423,0.3066187825530529,0.8154685648181894,0.9240862308518298,0.0,0
2022-12-21,1.0322707634452253,0.3230372706026805,0.5086926646690234,0.7026081605691059,0.0,0
2022-12-22,0.8920710474451636,0.3376827124358241,0.8036088316637011,0.2431319655843265,0.0,0
2022-12-23,0.9907894860706352,0.3214601033447885,0.514491793396055,0.2415456547785858,0.0,0
2022-12-26,0.9588726959054492,0.3038593613239874,0.037238505395278,0.4984989817755672,1.0,1
2022-12-27,0.4195409841065531,0.2244199207933439,-0.5470308500655053,0.6570580467185821,1.0,1
2022-12-28,0.8119815057789371,0.236376312001435,-0.4212330664021887,-0.4534652185022131,1.0,1
2022-12-29,0.9872045653733158,0.3760293862012009,-0.368967493041185,-0.3615306959323466,1.0,1
2022-12-30,0.922287965817157,0.3915447629552558,-0.3715491606187893,-0.0583104421694999,1.0,1
