timestamp,breadth_mean20,breadth_stability,breadth_pct_high,mcclellan_osc,mcclellan_summation,momentum_mean20,momentum_signflip20,sentiment_mean20,sentiment_mania_pct,cycle_mean20,cycle_skew,mflow_mean50,mflow_slope20,fflow_mean50,fflow_neg_pct,pflow_mean50,pflow_consec_neg,dispersion_mean20,dispersion_spike_pct,ema50_dist,flow_composite,sentiment_breadth_cross,cycle_flow_cross,dispersion_vol_ratio
2016-01-04,,,,,,,,,,,,,,,,,,,,,,,,
2016-01-05,,,,,,,,,,,,,,,,,,,,,,,,
2016-01-06,,,,,,,,,,,,,,,,,,,,,,,,
2016-01-07,,,,,,,,,,,,,,,,,,,,,,,,
2016-01-08,,,0.0,,,,5.0,,0.0,,,,,,,,0.0,,0.0,,,,,
2016-01-11,,,0.0,,,,6.0,,0.0,,,,,,,,0.0,,0.0,,,,,
2016-01-12,,,0.0,,,,7.0,,0.0,,,,,,,,0.0,,0.0,,,,,
2016-01-13,,,0.0,,,,8.0,,0.0,,,,,,,,0.0,,0.0,,,,,
2016-01-14,,,0.0,,,,9.0,,0.0,,,,,,,,0.0,,0.0,,,,,
2016-01-15,,,0.0,,,,10.0,,0.0,,,,,,0.0,,0.0,,0.0,,,,,
2016-01-18,,,0.0,,,,11.0,,0.0,,,,,,0.0,,0.0,,0.0,,,,,
2016-01-19,,,0.0,,,,12.0,,0.0,,,,,,0.0,,0.0,,0.0,,,,,
2016-01-20,,,0.0,,,,13.0,,0.0,,,,,,0.0,,0.0,,0.0,,,,,
2016-01-21,,,0.0,,,,14.0,,0.0,,,,,,0.0,,0.0,,0.0,,,,,
2016-01-22,,,0.0,,,,15.0,,0.0,,,,,,0.0,,0.0,,0.0,,,,,
2016-01-25,,,0.0,,,,16.0,,0.0,,,,,,0.0,,0.0,,0.0,,,,,
2016-01-26,,,0.0,,,,17.0,,0.0,,,,,,0.0,,0.0,,0.0,,,,,
2016-01-27,,,0.0,,,,18.0,,0.0,,,,,,0.0,,0.0,,0.0,,,,,
2016-01-28,,,0.0,,,,19.0,,0.0,,,,,,0.0,,0.0,,0.0,,,,,
2016-01-29,,,0.0,,,,20.0,,0.0,,,,,,0.0,,0.0,,0.0,,,,,
2016-02-01,,,0.0,,,,20.0,,0.0,,,,,,0.0,,0.0,,0.0,,,,,
2016-02-02,,,0.0,,,,20.0,,0.0,,,,,,0.0,,0.0,,0.0,,,,,
2016-02-03,,,0.0,,,,20.0,,0.0,,,,,,0.0,,0.0,,0.0,,,,,
2016-02-04,,,0.0,,,,20.0,,0.0,,,,,,0.0,,0.0,,0.0,,,,,
2016-02-05,,,0.0,,,,20.0,,0.0,,,,,,0.0,,0.0,,0.0,,,,,
2016-02-15,,,0.0,,,,20.0,,0.0,,,,,,0.0,,0.0,,0.0,,,,,
2016-02-16,,,0.0,,,,20.0,,0.0,,,,,,0.0,,0.0,,0.0,,,,,
2016-02-17,,,0.0,,,,20.0,,0.0,,,,,,0.0,,0.0,,0.0,,,,,
2016-02-18,,,0.0,,,,20.0,,0.0,,,,,,0.0,,0.0,,0.0,,,,,
2016-02-19,,,0.0,,,,20.0,,0.0,,,,,,0.0,,0.0,,0.0,,,,,
2016-02-22,,,0.0,,,,20.0,,0.0,,,,,,0.0,,0.0,,0.0,,,,,
2016-02-23,,,0.0,,,,20.0,,0.0,,,,,,0.0,,0.0,,0.0,,,,,
2016-02-24,,,0.0,,,,20.0,,0.0,,,,,,0.0,,0.0,,0.0,,,,,
2016-02-25,,,0.0,,,,20.0,,0.0,,,,,,0.0,,0.0,,0.0,,,,,
2016-02-26,,,0.0,,,,20.0,,0.0,,,,,,0.0,,0.0,,0.0,,,,,
2016-02-29,,,0.0,,,,20.0,,0.0,,,,,,0.0,,0.0,,0.0,,,,,
2016-03-01,,,0.0,,,,20.0,,0.0,,,,,,0.0,,0.0,,0.0,,,,,
2016-03-02,,,0.0,,,,20.0,,0.0,,,,,,0.0,,0.0,,0.0,,,,,
2016-03-03,,,0.0,,,,20.0,,0.0,,,,,,0.0,,0.0,,0.0,,,,,
2016-03-04,,,0.0,,,,20.0,,0.0,,,,,,0.0,,0.0,,0.0,,,,,
2016-03-07,,,0.0,,,,20.0,,0.0,,,,,,0.0,,0.0,,0.0,,,,,
2016-03-08,,,0.0,,,,20.0,,0.0,,,,,,0.0,,0.0,,0.0,,,,,
2016-03-09,,,0.0,,,,20.0,,0.0,,,,,,0.0,,0.0,,0.0,,,,,
2016-03-10,,,0.0,,,,20.0,,0.0,,,,,,0.0,,0.0,,0.0,,,,,
2016-03-11,,,0.0,,,,20.0,,0.0,,,,,,0.0,,0.0,,0.0,,,,,
2016-03-14,,,0.0,,,,20.0,,0.0,,,,,,0.0,,0.0,,0.0,,,,,
2016-03-15,,,0.0,,,,20.0,,0.0,,,,,,0.0,,0.0,,0.0,,,,,
2016-03-16,,,0.0,,,,20.0,,0.0,,,,,,0.0,,0.0,,0.0,,,,,
2016-03-17,,,0.0,,,,20.0,,0.0,,,,,,0.0,,0.0,,0.0,,,,,
2016-03-18,,,0.0,,,,20.0,,0.0,,,,,,0.0,,0.0,,0.0,,,,,
2016-03-21,,,0.0,,,,20.0,,0.0,,,,,,0.0,,0.0,,0.0,,,,,
2016-03-22,,,0.0,,,,20.0,,0.0,,,,,,0.0,,0.0,,0.0,,,,,
2016-03-23,,,0.0,,,,20.0,,0.0,,,,,,0.0,,0.0,,0.0,,,,,
2016-03-24,,,0.0,,,,20.0,,0.0,,,,,,0.0,,0.0,,0.0,,,,,
2016-03-25,,,0.0,,,,20.0,,0.0,,,,,,0.0,,0.0,,0.0,,,,,
2016-03-28,,,0.0,,,,20.0,,0.0,,,,,,0.0,,0.0,,0.0,,,,,
2016-03-29,,,0.0,,,,20.0,,0.0,,,,,,0.0,,0.0,,0.0,,,,,
2016-03-30,,,0.0,,,,20.0,,0.0,,,,,,0.0,,0.0,,0.0,,,,,
2016-03-31,,,0.0,,,,20.0,,0.0,,,,,,0.0,,0.0,,0.0,,,,,
2016-04-01,,,0.0,,,,20.0,,0.0,,,,,,0.0,,0.0,,0.0,,,,,
2016-04-04,,,0.0,,,,20.0,,0.0,,,,,,0.0,,0.0,,0.0,,,,,
2016-04-05,,,0.0,,,,20.0,,0.0,,,,,,0.0,,0.0,,0.0,,,,,
2016-04-06,,,0.0,-1.1980587687479145,1.322625610278569,,20.0,,0.0,,,,,,0.0,,0.0,,0.05,,,,,1.0217127427642958
2016-04-07,,,0.0,-1.2385974990472808,1.3347050944599985,,19.0,,0.0,,,,,,0.0,,0.0,,0.05,,,,,0.10599163840081612
2016-04-08,,,0.0,-1.2768462090999801,1.3458366572615357,,18.0,,0.0,,,,,,0.0,,0.0,,0.05,,,,,-0.855832875534875
2016-04-11,,,0.0,-1.2742097644127923,1.3716072038755849,,18.0,,0.0,,,,,,0.0,,0.0,,0.05,,,,,-0.36017870224049187
2016-04-12,0.03551711046563342,0.7813234669133875,0.0,-1.238635055738568,1.383865640945146,-0.2857214597304989,17.0,,0.0,-1.4171276491578169,,,,,0.0,,0.0,0.11500653908088268,0.05,,,,,0.6633398920146683
2016-04-13,0.05117505194617128,0.8006847529999976,0.0,-1.2331046762338471,1.3828228310372994,-0.19498357833148613,16.0,,0.0,-1.3752716964545588,,,,,0.0,,0.0,0.1267359562314882,0.05,,,,,0.18538304198451586
2016-04-14,0.062224507776593975,0.8157173193399178,0.0,-1.244567251485028,1.389558407754996,-0.12733273340763454,15.0,,0.0,-1.083644193320905,,,,,0.0,,0.0,0.16171345503837345,0.05,,,,,0.37157844787968497
2016-04-15,0.03895228978404212,0.8171300143177458,0.0,-1.2416056986524973,1.3832880754630894,-0.0743811684939562,14.0,,0.0,-0.7619297729813821,,,,,0.0,,0.0,0.09779652643035608,0.05,,,,,-0.3496219738257655
2016-04-19,-0.007167281974243477,0.7799900302304275,0.0,-1.2613837690680003,1.3402114348357106,-0.06328536466299271,13.0,,0.0,-0.7008032724543856,,,,,0.0,,0.0,0.12067510374418054,0.05,,,,,0.3037037222547762
2016-04-20,-0.043767367991985356,0.7624672979076552,0.0,-1.2758431104003805,1.2980914258751823,-0.06944670928028696,13.0,,0.0,-0.6549008660530988,,-1.6358906867310807,,2.5005306732819355,0.0,,0.0,0.04994609140344053,0.05,,,,,-0.5866150196632196
2016-04-21,-0.02683095998903728,0.7677611850197579,0.0,-1.2815967635822534,1.2878532992402065,-0.06420019388445526,12.0,,0.0,-0.6171865321944346,,-1.700032966001875,,2.5005306732819355,0.0,,0.0,0.05255570241858478,0.05,,,,,0.07865181257002725
2016-04-22,0.008698302391740848,0.7466629927086347,0.0,-1.2180247301542508,1.3049320926120054,-0.014008730598035432,12.0,,0.0,-0.4589784226344174,,-1.6931746213217655,,2.5005306732819355,0.0,,0.0,0.04526706711421561,0.05,,,,,-0.0349079212338452
2016-04-25,0.11700073799700816,0.5403112311075788,0.0,-1.1559342539106567,1.3135256087173937,0.05747733710268505,11.0,,0.0,-0.2940808252415451,,-1.7116498822693282,,2.5005306732819355,0.0,,0.0,0.0042678884539294,0.05,,,,,-0.48772225546950515
2016-04-26,0.19001510444213204,0.4806790710868639,0.0,-1.128711612645512,1.322825985595017,0.14012128153352685,10.0,,0.0,-0.13058701702322162,,-1.7088258652457529,,2.5005306732819355,0.0,,0.0,0.07249980475980947,0.05,,,,,0.9595147167362503
2016-04-27,0.21836169859730487,0.4876687645299862,0.0,-1.0880545945709896,1.3168027152991808,0.20671138690770396,9.0,,0.0,-0.0478004705337951,1.1590116508519712,-1.7193536167520116,,2.5005306732819355,0.0,,0.0,0.07019372868033998,0.05,,,,,0.037908663567766995
2016-04-28,0.2428273430812711,0.495459126853002,0.0,-1.089881028564482,1.296573411587389,0.25543211284709,8.0,,0.0,0.03670908455396059,1.2676433263163354,-1.7186505964724705,,2.5005306732819355,0.0,,0.0,-0.04473941015177951,0.05,,,,,-1.7684433979682688
2016-04-29,0.2792209239632828,0.4889542331808694,0.0,-1.0389073895696965,1.2874474353699423,0.3020857009558602,7.0,,0.0,0.09596735604531859,0.9481323438617278,-1.7057551181192534,,2.5005306732819355,0.0,,0.0,-0.04481410612115892,0.05,,,,,-0.046009241631229394
2016-05-04,0.32523771040492666,0.46715783869609395,0.0,-0.9689259851883267,1.2735702207482975,0.3443000343538858,6.0,,0.0,0.12948579907983782,0.5698135315868269,-1.6905098536712044,,2.5005306732819355,0.0,,0.0,0.031146700619115914,0.1,,,,,1.3224804152037881
2016-05-05,0.36561504816926316,0.4530780206383699,0.0,-0.901161942012709,1.255317676682236,0.38053410620042927,5.0,,0.0,0.22000465614643935,1.629339427198828,-1.6930842188476372,,2.5005306732819355,0.0,,0.0,0.029003197706508953,0.1,,,,,-0.009579854720416286
2016-05-06,0.4012290990650008,0.44434946787255336,0.0,-0.8990178001094987,1.2323341412631497,0.41478366819956386,4.0,,0.0,0.2803702228546496,1.1469457674559937,-1.6810026184954463,-0.021119192326375505,2.5005306732819355,0.0,,0.0,0.04678040956957229,0.1,,,,,0.38454743496777555
2016-05-09,0.4726233787175178,0.42240425288855954,0.0,-0.9689120719477119,1.1953810119460322,0.504605652617592,3.0,,0.0,0.447067657264382,0.8462834888290467,-1.6962646106227015,-0.01888115111366263,2.5005306732819355,0.0,,0.0,0.004806973595190635,0.05,,,,,0.18224402327666275
2016-05-10,0.5429133396388792,0.41168610441771614,0.0,-1.0643677722018672,1.1538729660266553,0.5717142138306557,3.0,,0.0,0.5827567552935751,0.001580310844111088,-1.6908776127251615,-0.006758185153730611,2.5005306732819355,0.0,,0.0,-0.04275825609321145,0.05,,,,,-0.8453129553672256
2016-05-11,0.5996115632461639,0.42337860115111736,0.0,-1.1084738209615748,1.141384384237438,0.628056684915162,3.0,,0.0,0.68688047312504,0.6554248764384314,-1.6737949351715191,0.012110594645046545,2.5005306732819355,0.0,,0.0,0.004650289541941006,0.05,,,,,0.09233803716817414
2016-05-12,0.6684294041166394,0.37128612490928603,0.0,-1.1857165906623668,1.1235524374163774,0.6677776429182996,2.0,,0.0,0.7579956506877301,0.21795182426200588,-1.6534677562594104,0.02925920167640982,2.5005306732819355,0.0,,0.0,0.0356246042959358,0.05,,,,,0.259307592839404
2016-05-13,0.7355501434057323,0.3601860150219669,0.0,-1.2668113252090265,1.0912436092382167,0.6945458316124717,2.0,,0.0,0.806967258297842,0.002890092069553707,-1.6358577972411854,0.04638340568423875,2.5005306732819355,0.0,,0.0,0.015255233694929229,0.05,,,,,0.25595247999453685
2016-05-16,0.8014080110036176,0.3580697099507272,0.0,-1.3285174005192264,1.057459924804421,0.7207592626998975,2.0,,0.0,0.909015955746761,0.4931093646475012,-1.6228520899576788,0.05582581641868134,2.483241383089651,0.0,,0.0,0.010283174347628625,0.05,,,,,0.08594185503850377
2016-05-17,0.8660697898544176,0.3643135257578102,0.0,-1.3578578299345356,1.0493523543704903,0.7570202836187515,2.0,,0.0,0.8781889037225783,-0.3199857231954206,-1.6032000754807294,0.06228048577251974,2.458616502381813,0.0,,0.0,0.02347409920479269,0.05,,,,,0.6353969450229663
2016-05-18,0.9659094928499368,0.3712195775317303,0.0,-1.3675652463505674,1.0402818415971637,0.7917821217162696,2.0,,0.0,0.8030941257045571,-0.3677688313308687,-1.5937155460644872,0.05708327828870487,2.435640655098338,0.0,,0.0,0.03389128710188614,0.05,,,,,-0.1412782158838966
2016-05-19,1.0526243674888676,0.4515879462493372,0.0,-1.3247277595960851,1.0267836174238603,0.8285710541652762,2.0,,0.0,0.8299932366370365,-0.028727507542311903,-1.5819629226917933,0.049853764839091104,2.4116938902207217,0.0,,0.0,-0.03571093316702579,0.05,,,,,-1.0883406831234623
2016-05-20,1.1381510425342927,0.563732533635368,0.0,-1.2782529554264224,1.0155799178279419,0.8532051465044909,1.0,,0.0,0.8736815553919064,0.2678330850789744,-1.575449368905737,0.040848871131092236,2.390702109454326,0.0,,0.0,-0.0015807373977720965,0.05,,,,,0.09598889572185422
2016-05-23,1.1730895187459591,0.6238206808116572,0.0,-1.2945654053882494,0.9970301093571635,0.8512690136877975,2.0,,0.0,0.9596104978939662,1.0784337821191934,-1.5617564465371852,0.03390914987747164,2.3750985112979794,0.0,,0.0,0.0012992692281019638,0.05,,,,,0.13625194508750846
2016-05-24,1.2067782662973374,0.6693262461023827,0.0,-1.3467337659180652,0.9830115589821269,0.8084484266796471,1.0,,0.0,0.9726834742111949,1.1069600459762547,-1.5517080650434771,0.035331577298960457,2.362615500138099,0.0,,0.0,-0.0388839896652783,0.05,,,,,-0.8385730991014505
2016-05-25,1.1890071805653217,0.671655334894395,0.0,-1.3825521437082133,0.9703935591769702,0.7336871443274691,1.0,,0.0,0.9086300056175836,-0.031213858223899826,-1.5494913821179122,0.02779783212837524,2.3518901068521942,0.0,,0.0,-0.06353601898126378,0.05,,,,,-0.9807628417892147
2016-05-26,1.1483976852202178,0.6191445411920404,0.0,-1.4472133426724425,0.9406417590300217,0.6236049018430552,1.0,,0.0,0.7753223455940997,-1.0736215539946017,-1.5542304009066572,0.020389866233853,2.3452743864704413,0.0,,0.0,-0.17516782656673754,0.05,,,,,-1.2731214349732252
2016-05-27,1.1701963406149796,0.6393260569424193,0.0,-1.447564592288619,0.9344292149169832,0.513692898468427,1.0,,0.0,0.7417662428442421,0.03670861678165627,-1.551553309012273,0.013539374980227602,2.3429110307867784,0.0,,0.0,-0.19807108025061218,0.05,,,,,-0.42015641010972593
2016-05-30,1.2036409422935619,0.6638452214856518,0.0,-1.3995365658520273,0.9437786405852077,0.41878971014228233,1.0,,0.0,0.7366361997503221,0.7761940671066248,-1.543048925807266,0.011656215003854633,2.3409819365658224,0.0,,0.0,-0.1763007246597028,0.05,,,,,-1.3333293808153843
2016-05-31,1.223655625318711,0.6735095055859015,0.0,-1.3718660493800596,0.9516933698109226,0.3290638273693059,1.0,,0.0,0.7437818965344422,0.7408762576581136,-1.5310678027689664,0.01445285163751427,2.3371528113540965,0.0,,0.0,-0.1354060896470693,0.05,,,,,0.7718834586214415
2016-06-01,1.2305581700483545,0.6746365951281521,0.0,-1.3212108174936399,0.9692179399405657,0.2453629020436054,1.0,,0.0,0.7446913117016892,0.2642094598676368,-1.5026447741559033,0.02699144883731002,2.3306772809577048,0.0,,0.0,-0.2550335620228702,0.0,,,,,-1.0700690323122297
2016-06-02,1.2374352699737057,0.6762607994246986,0.0,-1.245410056482106,0.9981221672257007,0.17154885307385045,1.0,,0.0,0.7360807441532973,1.192473672124906,-1.4656767599491058,0.03876424379179725,2.3247825650641962,0.0,,0.0,-0.31266558926425764,0.0,,,,,-1.162220399548165
2016-06-03,1.2442854503465908,0.6783716654682614,0.0,-1.166964636228728,1.0240121644019324,0.1015283375622563,1.0,,0.0,0.7470252172281433,1.1325077317661694,-1.4288442302077644,0.05353864580407257,2.3163913901834188,0.0,,0.0,-0.41488178531072395,0.0,,,,,-1.659776485961551
2016-06-06,1.2147865383818055,0.6588631509016183,0.0,-1.1042187657177984,1.0260375874377843,0.04359916220466777,1.0,,0.0,0.7795688098370378,1.274284895865016,-1.401078846538986,0.05317551322084735,2.299640839651846,0.0,,0.0,-0.4291509897338364,0.0,,,,,-0.1031400651855873
2016-06-07,1.1860828021566145,0.642231540816891,0.0,-1.0056807871140503,1.0451791779134585,0.0013207017739944864,1.0,,0.0,0.8467571191452867,1.0958238927463073,-1.3662966259438096,0.061933634969975115,2.283858298933186,0.0,,0.0,-0.413317286793624,0.0,,,,,-0.5286388965629774
2016-06-08,1.1944953361872646,0.6442677372693602,0.0,-0.9314083956440943,1.0778745856403222,-0.032369223619013884,2.0,,0.0,0.8653620104016388,0.7890062734863608,-1.3378443673037497,0.069752179651592,2.2687415123447328,0.0,,0.0,-0.43130607476941096,0.0,,,,,-0.2674377223475646
2016-06-09,1.1538023406132623,0.6659407970065301,0.0,-0.82856761206576,1.1222768766477353,-0.05917105597793809,2.0,,0.0,0.9411814837368917,1.4710896421338455,-1.3113401652184495,0.07719106917630875,2.2550224601914093,0.0,,0.0,-0.479698036435708,0.0,,,,,-0.7085316404865368
2016-06-10,1.126833094830133,0.6713238618234865,0.0,-0.7117195379256233,1.1598538480153873,-0.08327724996988681,2.0,,0.0,1.0251637318349427,1.3878615184624725,-1.2824408019535676,0.08497105435992973,2.246873166987789,0.0,,0.0,-0.47937823529668233,0.0,,,,,0.26234850277505145
2016-06-13,1.1007723650530488,0.677407207275469,0.0,-0.6404914614304447,1.1671791314525761,-0.11948994967212623,2.0,,0.0,1.0482656099901753,0.6654108587966905,-1.257325832179896,0.08794774089644296,2.237794779933954,0.0,,0.0,-0.40151530010106457,0.05,,,,,1.643200558950857
2016-06-14,1.0755625858904607,0.684181870576902,0.0,-0.6045236324211077,1.1781252052730944,-0.16987169792481985,3.0,,0.0,1.0879578375845917,0.16815996512192677,-1.226225588512958,0.09714457772744126,2.2254345365476422,0.0,,0.0,-0.4593095629948804,0.05,,,,,-0.5204883128533493
2016-06-15,1.0154387149303479,0.7333130242761547,0.0,-0.5652074917741335,1.1897646510406508,-0.2251444493126123,3.0,,0.0,1.1360402779113756,0.268840042894119,-1.1957069695969877,0.10100683128047322,2.2120075757839275,0.0,,0.0,-0.47517143258702566,0.05,,,,,-0.45851560772680194
2016-06-16,0.9687667866054344,0.7153751214089259,0.0,-0.5275083797945765,1.1956597894575756,-0.27742719144519024,3.0,,0.0,1.1808672663169977,0.5306902979727783,-1.1690714159642472,0.10199058141434893,2.1975612994960096,0.0,,0.0,-0.4147114325888059,0.05,,,,,0.12085931684093298
2016-06-17,0.9351338953247714,0.7215476225680616,0.0,-0.5261010877571354,1.1820201417237404,-0.32733612289578673,3.0,,0.0,1.1759023495447,-0.15616455755409853,-1.1552771612537638,0.09040385346600201,2.175595052430252,0.0,,0.0,-0.3576098058839451,0.1,,,,,1.2380214298190715
2016-06-20,0.9139508494212587,0.6988444870865154,0.0,-0.4805415210315698,1.1871833657000646,-0.3528573735983359,2.0,,0.0,1.169390426944495,0.6465135447698842,-1.141461080458639,0.08004244403777963,2.1490449067458512,0.0,,0.0,-0.3077891383358577,0.15,,,,,1.1326652960492547
2016-06-21,0.8932494962777822,0.6961562029029713,0.0,-0.4443603086320137,1.19090506968708,-0.360851247124453,2.0,,0.0,1.151870048940499,0.48114487587848276,-1.1342161420103296,0.06513033571805292,2.111753730711371,0.0,,0.0,-0.3216028035261821,0.15,,,,,-1.114846402907938
2016-06-22,0.8607272347474609,0.6806644139063834,0.0,-0.40723976387626754,1.1962360083394505,-0.3576768683337272,2.0,,0.0,1.1625675617357867,-0.09187972756764884,-1.1323480479962043,0.04363363107961563,2.0736952086442297,0.0,,0.0,-0.3134768178032369,0.15,,,,,-0.8182431273303103
2016-06-23,0.8770782727959043,0.7017549035247415,0.0,-0.31806300878917526,1.2145231887307493,-0.32589552301441216,2.0,,0.0,1.2012223271719809,-0.5964230911344477,-1.1241655198356701,0.018574983796368325,2.0308767641139447,0.0,,0.0,-0.18568423778823004,0.2,,,,,1.2827301653269119
2016-06-24,0.8077137063847802,0.6003079092322905,0.0,-0.33192604911272655,1.1957518687616242,-0.3023612352495408,2.0,,0.0,1.141430122032944,-1.4275171636331152,-1.1121128829559035,-0.0008183189515542784,1.9864122753865892,0.0,,0.0,-0.11403958729298469,0.25,,,,,1.012736599795181
2016-06-27,0.7394361585374579,0.5695478561966734,0.0,-0.40013716482112355,1.1614148957115642,-0.29115792628989046,2.0,,0.0,1.0595093966022098,-1.0886318396212473,-1.084795564982925,-0.013168496796863983,1.9411274411153912,0.0,,0.0,-0.06966420917433588,0.25,,,,,-0.4458218184424086
2016-06-28,0.6844657402797611,0.5695689273981821,0.0,-0.45304604068716803,1.1352154690354788,-0.2925622983059325,2.0,,0.0,0.9626741234725367,-1.37707016828314,-1.0484327437550816,-0.023268775965093826,1.895125733989304,0.0,,0.0,-0.1516156805922339,0.25,,,,,-0.8671459697365188
2016-06-29,0.6427562380617429,0.5867277671808963,0.0,-0.47256564903729004,1.137893959319126,-0.29043607142010086,2.0,,0.0,0.8809818087143816,-1.5171208472162945,-0.9959975444223376,-0.01935337870690085,1.8467004990895988,0.0,,0.0,-0.09827366401265894,0.25,,,,,-0.003228700720730418
2016-06-30,0.6017290858990102,0.6079019260505236,0.0,-0.5297465959182626,1.130576983314813,-0.29223743828996607,2.0,,0.0,0.7516542054528047,-1.4845852219880848,-0.9373615221045363,-0.007439233092848006,1.8000683460173792,0.0,,0.0,-0.10651061807644768,0.25,,,,,-1.3269594808239402
2016-07-01,0.5613569286594164,0.6336350304315812,0.0,-0.5639742673007958,1.1338158840839077,-0.28861394950325,2.0,,0.0,0.6622121800252716,-0.7058375967791172,-0.8827577154904409,0.0036848581698099253,1.7541447564518051,0.0,,0.0,-0.07679962980179632,0.25,,,,,-1.0655567204685235
2016-07-04,0.5453160936999035,0.6342164993946818,0.0,-0.5324840563904171,1.1510901785754477,-0.2755436199900074,3.0,,0.0,0.5728899905391567,-0.5211212374970008,-0.82579162890732,0.011366389154755891,1.7093985076492937,0.0,,0.0,-0.07732530695994747,0.25,,,,,-0.11365360834861016
2016-07-05,0.5671598504927317,0.6108707522506118,0.0,-0.540734784205184,1.1625243760209436,-0.25416615232588086,3.0,,0.0,0.49114778134880693,-0.5128478803808739,-0.7989371229881581,0.012209654094933523,1.6587230803196495,0.0,,0.0,-0.07892201829437473,0.25,,,,,-0.5605731232515226
2016-07-06,0.5648970371144671,0.6145839527217061,0.0,-0.5740253135712482,1.1732983685251057,-0.23698739035399674,2.0,,0.0,0.4326441063683134,-0.33077388906244815,-0.7559990667843772,0.01733641587902562,1.6095799489824127,0.0,,0.0,-0.058687742227356364,0.25,,,,,0.13724779899280282
2016-07-07,0.5746424853808638,0.6022861650152985,0.0,-0.5970465747266264,1.2014640032643074,-0.20943206775034207,2.0,,0.0,0.35777687853524054,0.01437670808872582,-0.7153426016415163,0.02357462767874613,1.581152237320641,0.0,,0.0,-0.03998565520325096,0.25,,,,,-0.33448990000442885
2016-07-08,0.5592808553239108,0.6110377189080163,0.0,-0.642052259113792,1.2112348878464059,-0.17847540295520348,2.0,,0.0,0.3583775949453475,1.4014761311443564,-0.6659937366323695,0.03497953430075485,1.5471633266711018,0.0,,0.0,-0.07317350172936843,0.25,,,,,-0.40140842774729796
2016-07-11,0.5441521817844427,0.6202525626501859,0.0,-0.6902629059414865,1.1904570176268008,-0.14682594685536327,2.0,,0.0,0.33583331492456225,0.19979131164528485,-0.6231321792275756,0.04126118312148002,1.508048530203595,0.0,,0.0,-0.1403160022998177,0.2,,,,,0.3003505475418715
2016-07-12,0.5165999362065011,0.628878523360353,0.0,-0.7358296044480299,1.1750660359420464,-0.11328019301001457,1.0,,0.0,0.32893484479908747,-0.0054556502482765445,-0.5810991003591877,0.054321680544710725,1.4635184845966471,0.0,,0.0,-0.15117904182853098,0.2,,,,,-0.7377491034276146
2016-07-13,0.5517447974159329,0.5830932850412234,0.0,-0.7483989931364143,1.1787567161678918,-0.04979100985493867,1.0,,0.0,0.33049434599855276,0.24477991488955286,-0.5372807047375449,0.0695731228588526,1.4237730386634644,0.0,,0.0,-0.14150561842945497,0.2,,,,,-0.26504713974528227
2016-07-14,0.6107815789537309,0.5227869863154662,0.0,-0.7917950206835223,1.1602276993962768,0.024727022458710973,1.0,,0.0,0.27768300174199945,-0.5908814177274246,-0.4956375787127789,0.07604577784099018,1.3865898364202283,0.0,,0.0,-0.09926945262738851,0.2,,,,,0.9655826328822623
2016-07-15,0.6567420504181596,0.47540742046977214,0.0,-0.8083955916949341,1.1375668890367323,0.11175631267628913,1.0,,0.0,0.28405605560952085,-0.0971405661005661,-0.45834224287652,0.07387916442288772,1.3488554379914723,0.0,,0.0,-0.14683224967298003,0.15,,,,,0.286765488907241
2016-07-18,0.7140204800535099,0.4414469114342917,0.0,-0.8159040180160227,1.138162526670723,0.19765103767369252,1.0,,0.0,0.22470131782819106,-0.5749948715630906,-0.39742986482406323,0.07813235762581908,1.308327932520105,0.0,,0.0,-0.21282973303404792,0.1,,,,,-0.18728437117210275
2016-07-19,0.7337781103471891,0.4365184962958957,0.0,-0.8524441632422952,1.121696832913189,0.26217377696865357,1.0,,0.0,0.17844891836750518,-0.4764874183734603,-0.34783449250495246,0.07545808111238451,1.266897236142897,0.0,,0.0,-0.1689434622891562,0.1,,,,,-0.23712098801010284
2016-07-20,0.715935999352519,0.42033507453342833,0.0,-0.9355660365458941,1.0817271571018299,0.2934684643895299,1.0,,0.0,0.11095272758775199,-1.4683678869967611,-0.3143493407551001,0.06059319769811933,1.2383470385966466,0.0,,0.0,-0.07812162288373223,0.1,,,,,0.9981936607781681
2016-07-21,0.6984199650432329,0.413118076902678,0.0,-1.0501745597576075,1.0375050214864405,0.28839982420163124,2.0,,0.0,0.046437150938508934,-1.9094967776125817,-0.28594870819509655,0.04298419929824469,1.2081933157525917,0.0,,0.0,-0.13739110060774268,0.05,,,,,0.0973406108467026
2016-07-22,0.7303505339030896,0.4566045880938008,0.0,-1.1305274571595305,0.9756334096139736,0.26568240179707664,2.0,,0.0,-0.019726525522507442,-2.307952069115413,-0.2527344001277283,0.030324328286297345,1.1794953710842262,0.0,,0.0,-0.1396074661773588,0.0,,,,,0.968409288402859
2016-07-25,0.7120118733465167,0.4224579476509245,0.0,-1.171105244429069,0.9197496414837482,0.2266131357919984,2.0,,0.0,-0.07090189459682693,-2.077873041365007,-0.2223712979026642,0.018406049323462403,1.1543507293794806,0.0,,0.0,-0.1402214586776495,0.0,,,,,-0.45810166844822325
2016-07-26,0.6813086630671569,0.37715625130867036,0.0,-1.2094788045282379,0.872543337221439,0.17972336446361092,2.0,,0.0,-0.1038914032502162,-1.9731479623929262,-0.19412835855411423,0.008897807370783639,1.126919568079586,0.0,,0.0,-0.09417573265028786,0.0,,,,,0.05376855081071468
2016-07-27,0.6762218554584912,0.3744262713221054,0.0,-1.26361163954209,0.8446612835204206,0.12786084464310768,2.0,,0.0,-0.19052601186925827,-2.307952069115413,-0.1504157148189359,0.012086714419076668,1.1009809344145642,0.0,,0.0,-0.048951407659392654,0.0,,,,,0.9012577990971736
2016-07-28,0.6330804195489412,0.3270962507674747,0.0,-1.3036391868814876,0.814326411140402,0.07919923077934607,2.0,,0.0,-0.2775075869031694,-2.307952069115413,-0.09995673531201989,0.02361334458218588,1.0772821179679475,0.0,,0.0,0.07174265470949821,0.05,,,,,1.086921766553877
2016-07-29,0.5901323154848647,0.2857937988753423,0.0,-1.3599243981871885,0.7849802391743024,0.020442755538495304,2.0,,0.0,-0.40282837574263136,-2.307952069115413,-0.04610641766822308,0.033218465932198696,1.0550948723890876,0.0,,0.0,0.09311850488362006,0.05,,,,,-0.6380397169860865
2016-08-01,0.5473749548994433,0.24948618233517972,0.0,-1.4645942531152845,0.7418872655667696,-0.05752227682081875,1.0,,0.0,-0.5369507148482849,-2.307952069115413,-0.000642688364449655,0.04081995067003659,1.0286950035014355,0.0,,0.0,0.055285632150990846,0.05,,,,,-0.8703110630011943
2016-08-02,0.4416024903179913,0.19310918339544747,0.0,-1.6057484199681376,0.6710010929557935,-0.1738427869581069,1.0,,0.0,-0.6710663546946787,-2.307952069115413,0.036736346433122555,0.02810134066184624,1.0021850384558286,0.0,,0.0,0.08340840289233482,0.05,,,,,0.0018822915753568302
2016-08-03,0.324023232795057,0.1322855779084211,0.0,-1.7595999063501147,0.5896596566322883,-0.309806084316034,1.0,,0.0,-0.814018940970653,-2.307952069115413,0.0834841556355892,0.025024761516964037,0.9772300036561765,0.0,,0.0,0.05779561064809624,0.05,,,,,-0.3750080458919688
2016-08-04,0.20747176781711202,0.09158294401306466,0.0,-1.9425423988938608,0.505286805111666,-0.46620933795849095,1.0,,0.0,-0.9764227121777405,-2.307952069115413,0.13676686408301236,0.024654043128501456,0.9497151204447666,0.0,,0.0,0.10413649762363705,0.05,,,3.583184390390816,,0.5923278395063876
2016-08-05,0.1169314510186831,0.04639989414541423,0.0,-2.08892756964264,0.41890372476416815,-0.6235624020587467,1.0,,0.0,-1.2117101368063286,-2.307952069115413,0.18581475275756387,0.02772900745981981,0.9197726950284162,0.0,,0.0,0.16781338435082335,0.05,,,3.5537391009511197,,0.8721293067964281
2016-08-08,0.03965580335737533,0.027127643307011673,0.0,-2.1486927255993837,0.34888604267235973,-0.7662598256331967,1.0,,0.0,-1.3884693774193981,-2.307952069115413,0.2289321200448388,0.026436287527771277,0.8879949337829316,0.0,,0.0,0.15437009765488754,0.05,,,2.768036724751914,,0.031484813623155035
2016-08-09,-0.024518252664477984,0.00768609576764101,0.0,-2.1535895932379088,0.31551371237982656,-0.8946572123637193,1.0,,0.0,-1.556194665814825,-2.307952069115413,0.276293648955657,0.03218161239439578,0.8552761854298799,0.0,,0.0,0.15717864817627164,0.05,,,2.7508943864175937,,-0.6815780929999328
2016-08-10,-0.12605500271493925,0.05549499954009063,0.0,-2.1390804935775827,0.31333209157098724,-1.0189899471241264,1.0,-2.9523270385216973,0.0,-1.7253641627936251,-2.307952069115413,0.3182336490495949,0.04480520249680911,0.8254866654271565,0.0,,0.0,0.1993904199918827,0.05,,,1.9724231168288484,,0.5791882965669393
2016-08-11,-0.21349547759642853,0.14779218756427992,0.0,-2.0482133035709493,0.33718379477283156,-1.1071997294328795,1.0,-2.9523270385216973,0.0,-1.7834425407878514,-0.8977002485533412,0.35939884390985055,0.054533472687787375,0.795793560913259,0.0,,0.0,0.14653184724219703,0.05,,,0.4300163899020294,,-0.09158882211145133
2016-08-12,-0.29983432187111986,0.2592992316186341,0.0,-1.9844688360011935,0.34187462515806494,-1.1710855137120904,1.0,-2.9523270385216973,0.0,-1.828865068388709,-0.9982544614031666,0.3880587984132674,0.05493450413168302,0.768529025086544,0.0,,0.0,0.10511320737422818,0.05,,,0.42857976918501295,,-0.5416073084521357
2016-08-15,-0.38511412870375483,0.40032830358370297,0.0,-1.9397111542064573,0.35999261043186775,-1.222807995645563,2.0,-2.9523270385216973,0.0,-1.828865068388709,-0.7503168340899912,0.43153515044242846,0.0700754521904156,0.7513079437630639,0.0,,0.0,0.13063296601757285,0.05,,,0.42715745322653254,,0.32311080169479045
2016-08-16,-0.45784628707132063,0.5050419912340495,0.0,-1.8596991627469972,0.38464589144410327,-1.2480708941173058,2.0,-2.9523270385216973,0.0,-1.828865068388709,-0.07887202859180015,0.46057214870721014,0.07640033165379873,0.731414583358631,0.0,,0.0,0.17654086294366067,0.05,,,1.2006674542181919,,0.6810369505116532
2016-08-17,-0.4804788494866766,0.519538070316182,0.0,-1.7428583899500898,0.41076474420757336,-1.2251670908497705,2.0,-2.9523270385216973,0.0,-1.828865068388709,0.7364678352799869,0.49910941361522687,0.07739868601868227,0.7083985728702231,0.0,,0.0,0.24767708942012606,0.1,,,1.19619134456111,,2.420918190307476
2016-08-18,-0.5155272008698566,0.5555350479498722,0.0,-1.6414341766642302,0.42425962505395,-1.1706578274168677,1.0,-2.9523270385216973,0.0,-1.7787896224736905,1.022653118437139,0.5403118324942979,0.07552711440511972,0.6797525790684159,0.0,,0.0,0.352778454768358,0.15,,,1.1917649746613947,,2.1993679178113408
2016-08-19,-0.5374191793867699,0.5883783383027624,0.0,-1.529688314466124,0.4274914092907524,-1.08124585619562,1.0,-2.9523270385216973,0.0,-1.6250389283771014,1.153038030030566,0.5754510136385727,0.07250348416682964,0.6372978748344336,0.02,,0.0,0.3548143714743396,0.2,,,0.4059971900959483,,1.0091276225224912
2016-08-22,-0.5475864324509945,0.5880459299744464,0.0,-1.451970580517536,0.4154969690883204,-0.9768144392760097,1.0,-2.9523270385216973,0.0,-1.4786404152418178,1.6079608470103193,0.6092186731418612,0.061301217686659595,0.5953567302444824,0.04,,0.0,0.3480745961761658,0.2,,,1.9708955563499622,,-0.5928971744116983
2016-08-23,-0.544641017487919,0.587114436450185,0.0,-1.3672393078109666,0.41803571937460965,-0.8650338411789423,1.0,-2.9523270385216973,0.0,-1.3206090835316484,1.8528537286757782,0.6393031736423086,0.051758479094312006,0.5571558380793344,0.06,,0.0,0.3944627784563444,0.2,,,1.1782571787035068,,0.9815321964142864
2016-08-24,-0.5927893693694898,0.6391055248513258,0.0,-1.3177817766668722,0.4179614667103969,-0.765101966932493,1.0,-2.9523270385216973,0.0,-1.131430599377547,1.225205250058506,0.6632657476550498,0.0445828138611778,0.5190337833737094,0.08,,0.0,0.2949755071153461,0.2,,,1.920604778416535,,-1.0884876277227922
2016-08-25,-0.6026398803454378,0.640423446766531,0.0,-1.2721372251132315,0.41312428686011643,-0.6795869867007085,1.0,-2.9523270385216973,0.0,-0.9514006287876962,1.0462064544993317,0.6964028412369597,0.04789289567751817,0.4832971645799372,0.1,,0.0,0.2157681987505658,0.15,,,1.8439874624837125,,-0.49722440074173013
2016-08-26,-0.5861229322357062,0.6258251599557567,0.0,-1.2009895838548206,0.4269767265573117,-0.5863314776863053,1.0,-2.9523270385216973,0.0,-0.7442609398048822,1.5835321031437615,0.7517238786709878,0.05845794324301724,0.4632576967391842,0.1,,0.0,0.28987393548134816,0.15,,,0.33182861758600485,,0.844075017629561
2016-08-29,-0.5696818600409056,0.6125235618394131,0.0,-1.141791027262147,0.4186735324642473,-0.4864957547628371,1.0,-2.9523270385216973,0.0,-0.5839194885145329,0.6501024197982236,0.8011634585901883,0.059315697016510294,0.44423840095026423,0.1,,0.0,0.4090603373937509,0.2,,,0.3204409332391452,,1.5134169752468614
2016-08-30,-0.5145638904569824,0.5927012059582704,0.0,-1.0078654531727427,0.432175443229895,-0.3579295635999853,1.0,-2.9336437538287004,0.0,-0.4287197319481845,0.5666683417401568,0.857436894192817,0.05382248769263631,0.42204399502092466,0.12,,0.0,0.40150129098012577,0.2,,,-0.3726342307432088,,-0.1492986366971449
2016-08-31,-0.4471219858032954,0.6013682979306025,0.0,-0.8410042223813239,0.4576079391275184,-0.21222964270067926,1.0,-2.9121403233000094,0.0,-0.25723328770720444,0.9061406253997801,0.9216883350375623,0.05341902642948369,0.4024911717578336,0.12,,0.0,0.3965610520231049,0.2,,,-0.36146503691378795,,-0.47381282503238714
2016-09-01,-0.40688263106368866,0.6422479122578505,0.0,-0.6761884100668865,0.47885589995366595,-0.07308182365504434,1.0,-2.884310383179246,0.0,-0.07212506405218247,1.1907464692160918,0.978452562533088,0.04794868143973004,0.38769121040087073,0.12,,0.0,0.3086035514721302,0.2,,,0.9519679256667718,,-1.1668221715131064
2016-09-05,-0.36706709714242336,0.6925852476328718,0.0,-0.524214472812258,0.48944783374221845,0.047590447669287925,1.0,-2.8538151552167674,0.0,0.10763803965347973,1.0953027195403515,1.0237924586599276,0.03637839717584439,0.374489996244638,0.12,,0.0,0.32016728186326315,0.25,,,0.928000019008063,,1.1034039146190866
2016-09-06,-0.3536593941259007,0.7129180464230516,0.0,-0.39060030152890934,0.5049058906577281,0.15417423994397644,2.0,-2.820971010585983,0.0,0.295906891255704,1.2696041567269085,1.0526284872339975,0.015659566854420933,0.36111499529684765,0.12,,0.0,0.3323808033986956,0.25,,,1.5336283683699001,,0.27575524433180376
2016-09-07,-0.32699672316911876,0.7450204240048034,0.0,-0.32202191547483894,0.5148618246382275,0.2395899951953703,2.0,-2.7860995305009917,0.0,0.4675036177320675,0.9570106296267701,1.0823097612401764,0.0022188207262761094,0.34227322981598113,0.14,,0.0,0.3658473992164696,0.25,,,0.8835224566443423,,-0.012246176644452326
2016-09-08,-0.31324406918497616,0.7566299335294806,0.0,-0.28280729052799625,0.5377304013158231,0.29906168237021297,2.0,-2.749335197165231,0.0,0.6240627056947868,0.9238201305144816,1.1099798925354238,-0.0015935913383369452,0.32511846039935555,0.16,,0.0,0.3170985491361368,0.25,,,0.8660746002683467,,-0.3957887050397171
2016-09-09,-0.2846402182962947,0.7070425657266095,0.0,-0.2964686953313983,0.5521269287156808,0.322513306963008,2.0,-2.7109009976460134,0.0,0.7151365121925937,1.0295311505448856,1.1334816983240754,7.66037147418716e-05,0.2993439972864064,0.18,,0.0,0.2926110137919098,0.25,,,-0.956650456762968,,-0.5813395289959905
2016-09-12,-0.2831969693896535,0.7062373312489885,0.0,-0.32638170302364916,0.5353878984514168,0.3168810910512556,2.0,-2.6708841545297117,0.0,0.775248808440302,0.30326417121585214,1.155598190021643,-0.008577249458799818,0.269239718965984,0.2,,0.0,0.2873026989575965,0.25,,,0.2507504782411557,,-0.6477736051384007
2016-09-13,-0.2817608099843322,0.7054435568043504,0.0,-0.37482929818583377,0.5202498838023902,0.29224023235223245,1.0,-2.629136249005904,0.0,0.8350878661586905,0.5420047684532363,1.1748962983571047,-0.01049764825695903,0.2394639405840788,0.22,,0.0,0.2816157062119923,0.25,,,0.24608435443483867,,0.20937094678270463
2016-09-14,-0.28102445937459114,0.7057370193428235,0.0,-0.45472544873503135,0.4907155542084816,0.2482061234378433,1.0,-2.5856419393038834,0.0,0.8196600660668913,-0.27275907796743193,1.2130181757777492,-0.01539234050763453,0.21672491555698012,0.24,,0.0,0.22462405001933047,0.25,,,0.8211492282021157,,-0.4587961733415831
2016-09-15,-0.29391698056089377,0.6948609539496913,0.0,-0.5523449770169147,0.450701865787993,0.18159314720264721,1.0,-2.5402963308927355,0.0,0.7725227251830791,-0.07822195878939614,1.2371944031792217,-0.019147577612442603,0.193940256531723,0.26,,0.0,0.16676607285901063,0.25,,,1.374281433578848,,1.2637586471010793
2016-09-16,-0.306750163423897,0.6850467406401554,0.0,-0.6292754293784165,0.41137330907978525,0.09696599573517388,1.0,-2.49297114090339,0.0,0.7013740812315282,-0.25174314290721966,1.2426593411755493,-0.03197272523893553,0.14419508486036192,0.28,,0.0,0.19034749415764357,0.25,,,1.3428194605877415,,2.6709963437839996
2016-09-19,-0.33254797355105375,0.6787583546934415,0.0,-0.6624166232552511,0.3908863562423592,0.015851120690730573,1.0,-2.443575631044424,0.0,0.6127252779759195,-0.4487809649341253,1.2406824627132627,-0.047046499222798285,0.09608286984438237,0.3,,0.0,0.23683958612463824,0.25,,,1.310451149227761,,1.9389694618623838
2016-09-20,-0.332134218263074,0.6791931570706855,0.0,-0.6440685966032785,0.3893726188146874,-0.04369461753541473,1.0,-2.3922225084666424,0.0,0.5301691213087715,0.15759912332672973,1.2550497834241254,-0.053861202096581684,0.04562740558683994,0.32,,0.0,0.27270016422206705,0.25,,,1.2798250155245403,,0.12431438753687837
2016-09-21,-0.30362007834213395,0.6600893367319136,0.0,-0.6305914019151275,0.39982852912730754,-0.08052088032475836,1.0,-2.339103915560821,0.0,0.4386287504371995,0.2641395102077625,1.262112929186597,-0.06056340920598924,-0.0025744614423856404,0.34,,0.0,0.2561359223709384,0.25,,,-0.3439879097709681,,0.6502473593917127
2016-09-22,-0.26210292750633996,0.6543883055184309,0.0,-0.5897635785031188,0.42618746123951123,-0.09337505180797881,2.0,-2.2874236281485927,0.0,0.37146697587792205,0.1264025036840743,1.2584336673313743,-0.07584999065388641,-0.04690330670237564,0.36,,0.0,0.26698118094393897,0.25,,,-0.3374353869531483,,-0.8715824562627804
2016-09-23,-0.23457022918265907,0.6651874526098922,0.0,-0.5450079428922677,0.45028140743037237,-0.0877326516439811,2.0,-2.239621186688438,0.0,0.3070053747908123,-0.004135401588451826,1.2756552418811455,-0.0756648152840376,-0.0921570133153914,0.38,,0.0,0.23001306297515503,0.25,,,0.18748124164551866,,-1.2365867601174085
2016-09-26,-0.20579166843992008,0.631850198648575,0.0,-0.5305347988104254,0.47339039789038556,-0.08348338871305436,2.0,-2.1953196631489957,0.0,0.2505655949898756,0.6808027066433329,1.2942750850787246,-0.06440984954498913,-0.13616787303724318,0.4,,0.0,0.11152192933238778,0.25,,,-0.8418228865904106,,-1.5257476552257838
2016-09-27,-0.16326254930361586,0.5765388868874175,0.0,-0.46909404881811645,0.5052507312015537,-0.06760096677957439,2.0,-2.154043519181335,0.0,0.2395662271508899,0.6337390571656506,1.2997816828129092,-0.05798544873163491,-0.18114135741315665,0.42,,0.0,0.06820697731827655,0.2,,,-1.3335677490437643,,0.6471179349646364
2016-09-28,-0.10659586083962913,0.4705701380437912,0.0,-0.441112424142279,0.537174971049173,-0.04692498276755519,2.0,-2.1156394650858923,0.0,0.2545007387808633,1.023185071695797,1.310965530011738,-0.04573495847862211,-0.2266727084080889,0.44,,0.0,0.038414030281511455,0.2,,,-2.306955524164493,,-0.7451575774324468
2016-09-29,-0.06409237601975153,0.4178621825256701,0.0,-0.44040852424855703,0.5630243434245631,-0.025082275914892517,2.0,-2.0796924831047567,0.0,0.25819208084859746,1.1082278156994378,1.3320536088630042,-0.028912004138155433,-0.27677735673301673,0.46,,0.0,0.03152316244925578,0.2,,,-1.7747294205179485,,-0.6116301816775006
2016-09-30,0.01858029030211833,0.35275612492578556,0.0,-0.4497153982051089,0.5776955549879792,0.0033509704095074032,2.0,-2.0457750476065306,0.0,0.2597504232667661,1.3213227040151447,1.3554050006060578,-0.015882105061594678,-0.32182693166332427,0.48,,0.0,0.03764433368846822,0.2,,,-2.230753863372671,,-1.0443987467288576
2016-10-03,0.08703340982095334,0.3261977841283674,0.0,-0.4547424400337824,0.5841460878823408,0.037690613508056955,2.0,-2.013503173328522,0.0,0.2577287390804966,1.1289703190747424,1.3666444141562442,-0.013061457277630866,-0.37063729051096345,0.5,,0.0,-0.04225351795755145,0.15,,,-1.7111489527251413,,-0.49455311830130666
2016-10-04,0.18226297226520236,0.30235196651986174,0.0,-0.48896199014466174,0.5758828939895172,0.07560997947284064,1.0,-1.982565845390279,0.0,0.21971393225547672,0.5769049008972533,1.383520318772545,-0.015938575459542813,-0.42367875187035253,0.52,,0.0,-0.09003937910548634,0.15,,,-2.15557768564241,,-0.6799619786268941
2016-10-05,0.2498289297189274,0.2946565183888258,0.0,-0.49889863556485237,0.5783736680213531,0.12158778025255365,1.0,-1.952586825143964,0.0,0.1983183627564827,0.5797209906877647,1.3909794800364275,-0.021565345417243382,-0.4795117079654675,0.54,,0.0,-0.12954117760528044,0.15,,,-1.647826354482927,,-0.8022821466403344
2016-10-06,0.3444201684036107,0.2580070658539215,0.0,-0.5122032554364382,0.5920614184931741,0.16446950258136456,1.0,-1.9234976511466493,0.0,0.16165176764927142,0.2529408719563119,1.3829880190442077,-0.025448033829269027,-0.5376245403500703,0.56,,0.0,-0.08886268263775596,0.15,,,-2.5402201790766332,,0.417781194310773
2016-10-07,0.37055898186987574,0.24577310399097263,0.0,-0.5319115569929991,0.5925860670181556,0.18873841121572457,1.0,-1.8951155529308097,0.0,0.1284937921121965,0.4321937105374718,1.355608644942604,-0.03545096905662447,-0.5999877228008486,0.58,,0.0,-0.06752594733426104,0.15,,,-1.5830099615122533,,-0.1546048229260923
2016-10-10,0.35474594298491474,0.23189170714179574,0.0,-0.5362435501771332,0.5710948080368737,0.1950906637717857,2.0,-1.8672531612274796,0.0,0.12381681402624607,0.2748414446628251,1.323435454597932,-0.04806758395235987,-0.6666868830158867,0.6,,0.0,-0.05845057263016764,0.15,,,0.7066585833089797,,-0.46626611105653265
2016-10-11,0.394230569939865,0.23695717432424945,0.0,-0.5373180513965392,0.5534923996946434,0.1975261717718114,2.0,-1.8399284889452763,0.0,0.11252451283120453,0.38535551698648396,1.3071126322388247,-0.04950925255778977,-0.7301967335046611,0.62,,0.0,0.003003933033626871,0.2,,,-1.09418715797794,,1.4384610600585948
2016-10-12,0.41953072490724475,0.2560205749190081,0.0,-0.512441717265643,0.5385003186375239,0.20324665593976632,2.0,-1.813120107219061,0.0,0.12161075206818198,-0.0414875472996869,1.3083394552369187,-0.04119641914365375,-0.7950291399535909,0.64,,0.0,-0.025116821960774284,0.2,,,-0.1920826703714256,,-1.0212112732296061
2016-10-13,0.4583695351975498,0.2959508555677407,0.0,-0.4446123497846247,0.5417241896085051,0.22317663200621726,2.0,-1.7869075328369306,0.0,0.1374486339268445,0.28507771701327567,1.309075676664102,-0.03182764401676618,-0.8635556483181471,0.66,,0.0,-0.09393848762552638,0.15,,,-0.18856680820673,,-0.11267466619396252
2016-10-14,0.5109676224544301,0.3458978891474177,0.0,-0.3848525173855971,0.5401854925838195,0.26172431255778605,2.0,-1.7614880111749138,0.0,0.18531054643156306,0.7180001139797318,1.3104997936249674,-0.03227131829960644,-0.9256091931444285,0.68,,0.0,-0.19511732774865087,0.1,,,-0.6150186836335056,,0.6474195413215097
2016-10-17,0.5633758692152272,0.4045617859962902,0.0,-0.37118632465004514,0.5270244286995904,0.2824140789150728,2.0,-1.737002361472138,0.0,0.21412739373054532,0.11622948093026911,1.3040636218589743,-0.04045509893673679,-0.9893057352462575,0.7,,0.0,-0.3453119750860696,0.05,,,-0.6041953298347517,,-1.0649234848859903
2016-10-18,0.6016277336496907,0.46502074200923116,0.0,-0.3847780033210411,0.5151479031117397,0.28723398280901435,2.0,-1.7133181325637055,0.0,0.22547987015582574,0.3482908287948541,1.3017243812645498,-0.03684158408146815,-1.0498479463542656,0.72,,0.0,-0.3431417988118327,0.05,,,-0.17443389867485698,,0.1677179130216162
2016-10-19,0.6265380649152976,0.4742886285556921,0.0,-0.40763653963156055,0.5094520037071696,0.29372797041985255,2.0,-1.6902328347132882,0.0,0.22308665997366153,0.16019609734697016,1.29293027881025,-0.03531096151937941,-1.1056698237312654,0.74,,0.0,-0.37730091411156386,0.05,,,-0.9973352749433824,,-0.0329349466029106
2016-10-20,0.6513509798998003,0.48501994172215235,0.0,-0.4808614631860363,0.4861886800096419,0.28942094725111556,2.0,-1.667566990238448,0.0,0.20023707449422692,-0.40041892019564485,1.2665623362646528,-0.04674339046107598,-1.1626065287536735,0.76,,0.0,-0.2852321019831569,0.05,,,-0.9781723692102965,,0.9697937863053587
2016-10-21,0.6758626263147522,0.51167636559562,0.0,-0.5735775960819179,0.4473528655018465,0.2745062407204538,2.0,-1.6450679192733713,0.0,0.1680825259387163,-0.7230944427099482,1.2215588275766853,-0.05617568182621567,-1.2213958913278677,0.78,,0.0,-0.24519825851063365,0.05,,,-0.5579532078730202,,-0.4359098906669427
2016-10-24,0.6866597649952481,0.5144512234622693,0.0,-0.6920029278935288,0.38994491035563683,0.24202879188348972,3.0,-1.6226168054357135,0.0,0.08765768472723064,-0.9885033518649351,1.1919318188289798,-0.05816952370744493,-1.2805533020180966,0.8,,0.0,-0.14211576661279507,0.05,,,-0.9408741701054294,,0.5359021827309874
2016-10-25,0.6694981496359514,0.5100105019029275,0.0,-0.8375687386856816,0.3228661277531091,0.18324394435469343,3.0,-1.600003438645428,0.0,0.004136682894778721,-1.0984786603608596,1.14850687720944,-0.06200409466577589,-1.339840525523388,0.82,,0.0,-0.19864333255130753,0.05,,,-0.5315418564163357,,-0.48343338380561307
2016-10-26,0.6107408583552629,0.5164227410717519,0.0,-0.9780854070833087,0.2586824190235917,0.09474610703809279,3.0,-1.5769560331934034,0.0,-0.10936524392066653,-1.3002319861948546,1.1143099815725233,-0.05990217064295965,-1.3948249845452938,0.84,,0.0,-0.2134882987623225,0.05,,,-0.13844573399059681,,-1.0420569016527468
2016-10-27,0.5519926197410197,0.49461219766957576,0.0,-1.0811941070356608,0.2129892257038882,-0.0075134352642786005,3.0,-1.5532913454276078,0.0,-0.2475861461099682,-1.705473475589029,1.0722018083375462,-0.05754646810926212,-1.4455234914831978,0.86,,0.0,-0.23459504469457998,0.05,,,0.23671755351809312,,-1.0337651003226496
2016-10-28,0.49399478756372456,0.5144342971302822,0.0,-1.130692548223583,0.1918296311704641,-0.10039589033431535,3.0,-1.5289826366623647,0.0,-0.40211707898961874,-1.8121002824218857,1.0274650110380488,-0.05339985630310293,-1.4871677891630841,0.88,,0.0,-0.19988636566239254,0.05,,,-0.13286136454453265,,-0.3502251660851088
2016-10-31,0.4216832054702559,0.4840100660804332,0.0,-1.1792698519440132,0.16236667507220065,-0.18987918353835365,3.0,-1.5041589940577622,0.0,-0.5218277531331753,-1.3126204976254394,0.9863638038378292,-0.0522511283877929,-1.51246147849242,0.88,,0.0,-0.13040638205047986,0.05,,,0.5809531192501682,,0.8950465539369471
2016-11-01,0.33597584937314967,0.4864924218641984,0.0,-1.2081023707097804,0.13082921095637248,-0.2753778714709954,3.0,-1.4787410958936964,0.0,-0.6181926012219753,-1.4125591528624533,0.9527250357357698,-0.045565476686007224,-1.5367381636125992,0.88,,0.0,-0.019092546283541713,0.1,,,0.5643279973212257,,1.5463147367118688
2016-11-02,0.23600463728583554,0.42498866382148914,0.0,-1.2781202556260052,0.08150074709715868,-0.3716769482425567,3.0,-1.4527079499539979,0.0,-0.7498871164484975,-2.1260853759789464,0.905488498912463,-0.050569164414736585,-1.561066837675983,0.88,,0.0,-0.05685518103509864,0.1,,,1.2199445473063897,,-1.5575348416714727
2016-11-03,0.10919662677652986,0.44116950501734276,0.0,-1.3775972972109727,0.022426964601050803,-0.47587888139210416,3.0,-1.4258541252235708,0.0,-0.8619498000442178,-2.099347827501618,0.8733638966985869,-0.0504969409505898,-1.5806249681002604,0.88,,0.0,-0.006488243340885602,0.15,,,1.1765126466216334,,1.4251199481950334
2016-11-04,0.02473591652185709,0.44756040013929255,0.0,-1.4504056208560498,-0.03286641246337518,-0.5643880717635337,3.0,-1.3980581310580766,0.0,-0.9976617795457322,-2.307952069115413,0.830068280041577,-0.06140999176303263,-1.6009650158321294,0.88,,0.0,-0.04706755286847257,0.15,,,0.8171899291778408,,-0.9661910134778318
2016-11-07,0.009497763026002321,0.43041259077502214,0.0,-1.4433114160778846,-0.05555171954687948,-0.6103016845991698,2.0,-1.3694016881135498,0.0,-1.0688529161249423,-1.3036929534895911,0.7755121615977907,-0.0756991741925709,-1.6283925672734003,0.9,,0.0,-0.08480965895147935,0.15,,,0.7859456314806654,,-1.2211082327166682
2016-11-08,-0.046643262951415354,0.44440339323859246,0.0,-1.4250773299401152,-0.06620833754684233,-0.6306360752596467,2.0,-1.3401699710679509,0.0,-1.1318331525700038,-1.0626717548428821,0.7322675993035616,-0.07741959211574426,-1.6574767211067785,0.92,,0.0,-0.24516953658608767,0.1,,,0.4619431128405758,,-1.7684433979682688
2016-11-09,-0.10351592969888648,0.40555547334209363,0.0,-1.4545341740660516,-0.10807263327908129,-0.6422959363746883,2.0,-1.3104753488469887,0.0,-1.2089632725043202,-1.7664643168696754,0.6913147382691304,-0.06797486951569684,-1.679468001197817,0.92,,0.0,-0.23562230134230874,0.1,,,1.0170003456047785,,-0.8302665683540279
2016-11-10,-0.13156318294284403,0.403436660212961,0.0,-1.445023264519595,-0.10328959913454687,-0.6434027333910274,2.0,-1.2801428815395959,0.0,-1.2500999186373876,-0.7351328440917085,0.6395933422653555,-0.058348121762506956,-1.7058887164203935,0.94,,0.0,-0.21452640700790018,0.1,,,0.42408366052094265,,0.309243220494209
2016-11-11,-0.18777534559872996,0.4029994831967918,0.0,-1.4336890273934,-0.1020338937646851,-0.6416162843138254,2.0,-1.2493401408973488,0.0,-1.3265537971162789,-1.0008099446393097,0.5942148861472848,-0.044770329205932866,-1.7315905761061179,0.96,,0.0,-0.2539976995066925,0.1,,,0.6746769485572117,,-0.1420063086543372
2016-11-14,-0.24380165423018046,0.4081986615148282,0.0,-1.4252677102900224,-0.11491970205767592,-0.6399307918252832,2.0,-1.218033412342394,0.0,-1.3801867328909379,-1.1368246722902198,0.5527889738454677,-0.0371557309835412,-1.7589073188738786,0.98,,0.0,-0.23438035325862322,0.1,,,0.6485655488902328,,-0.6725765599246049
2016-11-15,-0.2856753264327539,0.40540101422885055,0.0,-1.4112136209210095,-0.12227192026108824,-0.6390542423092463,2.0,-1.1861751756704884,0.0,-1.4388705109812132,-0.9660386814924604,0.5242624347855894,-0.02361061388367077,-1.7864969196578249,1.0,,0.0,-0.30172307094646034,0.1,,,0.6216744445138198,,-1.1791364407351255
2016-11-16,-0.355393622390235,0.44353874802931537,0.0,-1.3890078904452678,-0.11701755520042213,-0.6579763656061267,2.0,-1.1537798931810754,0.0,-1.4523198402938333,-0.2124316895974525,0.48983788938466566,-0.010127248026850607,-1.8032366604217822,1.0,,0.0,-0.35247069451233964,0.1,,,0.5950366021200122,,-1.047887417920497
2016-11-17,-0.42486559242664984,0.49430698455615907,0.0,-1.351655574199072,-0.11878487650932804,-0.6856352817890017,1.0,-1.120885951071339,0.0,-1.4468033686471022,-0.34667220463562565,0.4427880974792562,-0.00798056463316108,-1.817454312485781,1.0,,0.0,-0.45600056674714073,0.1,,,0.5693186178420114,,-1.100803658390662
2016-11-18,-0.4800738524593025,0.5289144836423693,0.0,-1.3117737010295951,-0.13462281861515707,-0.7156533610144132,1.0,-1.0875058644961393,0.0,-1.4402959196242802,-0.6051183180051,0.3949312026033286,-0.014085039035689263,-1.8229202344599469,1.0,,0.0,-0.518274825826716,0.1,,,0.5434081769235726,,-1.6813950722584499
2016-11-21,-0.5491557176903998,0.6126299580584535,0.0,-1.2416626332640035,-0.1472024040996668,-0.7283568923329903,0.0,-1.053674047353179,0.0,-1.413634315255933,-0.4257394449029843,0.35711400132159754,-0.010988469581711778,-1.823928840129407,1.0,,0.0,-0.5529048339748439,0.1,,,0.517054920146256,,-0.1566979802315688
2016-11-22,-0.5750063943045328,0.6645945865454896,0.0,-1.14148964380501,-0.14703094708256825,-0.7106574256160031,0.0,-1.0195714331215728,0.0,-1.3571863770400927,0.1021486048012,0.31862159041146226,-0.011918039292959065,-1.8249914845922566,1.0,,0.0,-0.5650560754049064,0.1,,,0.09040611926410867,,-0.726458212406865
2016-11-23,-0.5721524232174537,0.6583371800433746,0.0,-1.0470938553214928,-0.14734820153408956,-0.6567581939190447,1.0,-0.9854212676654894,0.0,-1.248995916412335,0.9580519208443092,0.2779407246030666,-0.010470652037574926,-1.8288386735418891,1.0,,0.0,-0.5697436644834338,0.1,,,-0.10581394041487562,,-1.135808683223295
2016-11-24,-0.5696847598012316,0.6551959177754874,0.0,-0.9754061748200189,-0.14453998235990945,-0.5862926455333428,1.0,-0.9513636854089477,0.0,-1.1327280078090065,0.7432075752090074,0.23843325750587202,-0.01280389661765764,-1.832599899465743,1.0,,0.0,-0.5225966342069244,0.1,,,0.08265716056958677,,-0.09082449479245834
2016-11-25,-0.5959918980345226,0.6910884775486437,0.0,-0.9522188368525842,-0.15168912042656157,-0.5242472195890431,1.0,-0.9174545070564681,0.0,-1.038225821521313,0.2221676760325531,0.22303908167204672,-0.009254043585081997,-1.8066297023102955,1.0,,0.0,-0.5227067026147441,0.1,,,0.2536456290847066,,-0.3524265342415048
2016-11-28,-0.6373577495599341,0.6560819737551927,0.0,-0.9545933383296921,-0.18644664403337743,-0.47778741569811894,2.0,-0.8835940850321966,0.0,-0.9869427752885895,-0.10974590841846199,0.20761610481772577,-0.0073093984976930326,-1.7849082461734336,1.0,,0.0,-0.6054256010054647,0.1,,,0.7381331089915862,,-0.7593314138774641
2016-11-29,-0.7070962059024318,0.5639856630567716,0.0,-0.9658568046934204,-0.23001511164236535,-0.45303782067176324,2.0,-0.8497125569093044,0.0,-0.9533990436676139,-0.5206795185507462,0.1716236400971327,-0.007837468356224803,-1.7615167630179558,1.0,,0.0,-0.6080198634094239,0.1,,,1.0007713413039647,,1.4944294886326814
2016-11-30,-0.7333244762526776,0.5290465440779302,0.0,-0.922946792794343,-0.2517134594229976,-0.41990848370969064,2.0,-0.815786480907269,0.0,-0.8577116286296524,0.03705548496360589,0.14404821122884892,-0.012798984883285184,-1.727467480777721,1.0,,0.0,-0.4615759869063458,0.15,,,0.7841138341197808,,1.3713426883900912
2016-12-01,-0.7449600329460281,0.5186552473030872,0.0,-0.8581443472350938,-0.2669636762479598,-0.37238928510508584,2.0,-0.7820428783975849,0.0,-0.7439002657337518,0.4472090511742459,0.12136717699521653,-0.012396683683181682,-1.698485537134308,1.0,,0.0,-0.5153486079155055,0.1,,,0.5931858221529321,,0.3496675280118404
2016-12-02,-0.7706970024833308,0.5054828451307385,0.0,-0.8009588026578403,-0.28365508049154375,-0.3221611037106694,2.0,-0.74860347412817,0.0,-0.6253054510661545,0.25823287241410575,0.08369012509655623,-0.01676333148870941,-1.6733592598939533,1.0,,0.0,-0.4595672243282215,0.1,,,0.5497782802675474,,0.14943665826784755
2016-12-05,-0.8104611489689002,0.4773297425989136,0.0,-0.7990118273532728,-0.30744281951636954,-0.29691164625606375,2.0,-0.7154785768672546,0.0,-0.5907273492053365,-0.2761845775629422,0.036105873196035795,-0.02644907866467436,-1.6476879389789107,1.0,,0.0,-0.4101331843628314,0.1,,,0.6225091413767249,,-0.23242743340886565
2016-12-06,-0.8922376444370211,0.4132102566702036,0.0,-0.8480140391004048,-0.356890277987783,-0.305997655935583,2.0,-0.6824311328780723,0.0,-0.6118560647471512,-1.0928909004595118,-0.020532731347576955,-0.03902681009582932,-1.6198030654512372,1.0,,0.0,-0.27995265070748987,0.1,,,0.7766331372767054,,0.8348741804732592
2016-12-07,-0.9303972616444204,0.3807553939603533,0.0,-0.8428347125405777,-0.39833138685731895,-0.32276649282164527,2.0,-0.6491212197901024,0.0,-0.6113246524015055,-1.3347372875459371,-0.08336396640916345,-0.04738545091766318,-1.59312640832449,1.0,,0.0,-0.214954478135932,0.1,,,0.5943088176697982,,0.46969688307712915
2016-12-08,-0.9965825401715442,0.3652973324454568,0.0,-0.8748617070980522,-0.4190405930457936,-0.3413981351423797,2.0,-0.6156542151617057,0.0,-0.6639355609273028,-1.330467087824288,-0.14147947744598174,-0.05465973779607742,-1.571362607266493,1.0,,0.0,-0.24296577975602673,0.1,,,0.5167152748021652,,-0.2509828119076857
2016-12-09,-1.0477315464611068,0.34726992926578204,0.0,-0.9027774124237066,-0.44044866372162256,-0.3503704858122888,2.0,-0.5817480475012581,0.0,-0.6987708269165034,-1.2105759967804035,-0.1934822203622203,-0.05587247234603332,-1.5596387346788696,1.0,,0.0,-0.25084481408666653,0.1,,,0.4389176118836888,,-0.2995869952671337
2016-12-12,-1.0982638359839128,0.3346807099677013,0.0,-0.9421353775693362,-0.48533015547370184,-0.3458075159895241,2.0,-0.5473094316470286,0.0,-0.72065838563898,-1.085585862071221,-0.23040095692922452,-0.05290167193395787,-1.5409110135343314,1.0,,0.0,-0.16078877149595486,0.15,,,0.35981417602152843,,1.1285442918896287
2016-12-13,-1.1481967734897214,0.3270436316645623,0.0,-0.999622621525887,-0.5382960346852537,-0.3414247012288464,2.0,-0.5121791713248417,0.0,-0.7624037317254829,-1.3136673629340871,-0.2696692229628046,-0.047462042497301314,-1.5174518506831183,1.0,,0.0,-0.001529686356021398,0.2,,,0.27427652106056294,,2.006045262063544
2016-12-14,-1.1699932049868056,0.33467279903376246,0.0,-1.0174006505405762,-0.5483075525913843,-0.3160779776620792,3.0,-0.4761441294627538,0.0,-0.8309616655717209,-1.0971345738862583,-0.29398659519812914,-0.03794152713145972,-1.4911701251746619,1.0,,0.0,0.18706022348978432,0.25,,,0.12390214577468732,,2.7239107789956174
2016-12-15,-1.205437051153051,0.3412731964463699,0.0,-1.008976750511679,-0.5458139803469463,-0.27220504344634827,3.0,-0.43922837585978475,0.0,-0.8852833265624099,-0.9575471372943818,-0.31311910966590384,-0.03370069808994132,-1.465645893149932,1.0,,0.0,0.3014586765803551,0.3,,,0.08072529260734,,1.1871654034207533
2016-12-16,-1.199076861099842,0.3356851727609711,0.0,-0.9505533655614833,-0.5198884624023293,-0.20109537296227567,3.0,-0.40144546640009676,0.0,-0.9064700531606679,-0.5727769215672619,-0.3014153270505857,-0.016290419347865046,-1.429871007535126,1.0,,0.0,0.43588017700739556,0.35,,,0.0033581634198716283,,1.0070349362823592
2016-12-19,-1.2204993908774564,0.3454058791135214,0.0,-0.8645769673327811,-0.4693740768622661,-0.11843921344953641,3.0,-0.36293579569096796,0.0,-0.8952378957045504,0.22235343315325623,-0.2826100529430407,0.007026501111092474,-1.39193601180436,1.0,,0.0,0.45888854678715074,0.35,,,-0.04931395512452361,,0.3034694153635354
2016-12-20,-1.2706947673700906,0.3969286366117504,0.0,-0.8226644540174772,-0.43884701037328544,-0.05751040930087299,3.0,-0.3237843064348421,0.0,-0.8879247318357791,0.6482187735143077,-0.2950552988763279,0.014406178621601656,-1.3574215451120404,1.0,,0.0,0.47058432925833094,0.35,,,-0.1021171375307975,,-0.49254256298326066
2016-12-21,-1.3351523838718258,0.49737438760513564,0.0,-0.7768605902312277,-0.4057327838636739,-0.009896878894197403,2.0,-0.28381293210617237,0.0,-0.9254128318352282,0.5995337959747044,-0.3092060539144519,0.026635976354343557,-1.3221600357247858,1.0,,0.0,0.4918052354546501,0.35,,,-0.15634592392107008,,-0.711390559296913
2016-12-22,-1.3709562161976616,0.5669662296651057,0.0,-0.751959545055756,-0.38517025249971154,0.02906376175202351,2.0,-0.2429709364237223,0.0,-0.956936680073883,0.49606466601170285,-0.33565207485066983,0.030071005248366776,-1.285919850940659,1.0,,0.0,0.45872967940054954,0.35,,,-0.15813698203136925,,-0.7523356158744697
2016-12-23,-1.3920578388414417,0.6072173447345933,0.0,-0.7206768887981726,-0.3699920437804078,0.06544067242869925,2.0,-0.20112832454192803,0.0,-0.9810611860281389,0.12717832303602072,-0.3589698255427936,0.04398280874945139,-1.261785704871178,1.0,,0.0,0.42341003596835247,0.35,,,-0.19938452049099395,,-1.058819402885446
2016-12-26,-1.3556011160810848,0.5658552829326445,0.0,-0.6581332387904567,-0.3594871072444809,0.12339576099582157,1.0,-0.15825685953041826,0.0,-0.9424941246548973,1.0415936883910513,-0.36885850932327335,0.060319716407803266,-1.234849586442712,1.0,,0.0,0.4362479274377059,0.35,,,-0.16145067872212965,,-0.5025735844903936
2016-12-27,-1.2489373731311373,0.4495296805117228,0.0,-0.5836891721528183,-0.3488936148811961,0.20228029009691975,1.0,-0.11448280146070802,0.0,-0.8458740420587423,1.7622193152477024,-0.38532613435758334,0.0670994941765175,-1.2086624518254097,1.0,,0.0,0.333375978631121,0.3,,,0.09250843485264201,,-0.5630094874990174
2016-12-28,-1.199332933240219,0.4342058418186451,0.0,-0.5285148159468585,-0.3302350483657875,0.2839043780514195,1.0,-0.06992322063574548,0.0,-0.7886480897890308,1.5143994551374547,-0.40796760161113843,0.07256348759792672,-1.1863286183690018,1.0,,0.0,0.29348843040400824,0.25,,,-0.21859927335336557,,0.573591723847835
2016-12-29,-1.164499947406014,0.4169220321239969,0.0,-0.4716052652472957,-0.3035132206642174,0.3594469069158648,1.0,-0.02452839477019196,0.0,-0.7388981080878441,1.7585981604895173,-0.4207565861867014,0.07559493834938805,-1.1631866598759404,1.0,,0.0,0.23626604381768218,0.25,,,-0.24589943872718345,,-0.7947802037146797
2016-12-30,-1.1019340490622078,0.3622801497512139,0.0,-0.39978090323552756,-0.26686061533105637,0.4324507422039213,1.0,0.02171089510076515,0.0,-0.6743694683421537,1.8326416675176367,-0.42092654278259006,0.07705739364477786,-1.1379181974768153,1.0,,0.0,0.17771586137711343,0.25,,,-0.0005446711923238259,,-1.0215669905435278
2017-01-03,-0.9694459080296424,0.20108359807445708,0.0,-0.30370723382848697,-0.2190269991130066,0.5305688424280806,1.0,0.06874741551211914,0.0,-0.5799065668110817,1.8601289862545523,-0.4149929013048815,0.07967645529451949,-1.1112028589368335,1.0,,0.0,0.33322294049506745,0.3,,,0.5977271956242793,,2.8767006526828296
2017-01-04,-0.8096724151635538,0.11995088040442814,0.0,-0.16406918047141228,-0.17468886934622055,0.6536294408827881,1.0,0.11652233915025971,0.0,-0.4014106221267487,2.3154856222768245,-0.40521936372009043,0.0720254959037448,-1.0860804506169077,1.0,,0.0,0.31773751945141376,0.3,,,0.6484465010582098,,0.5251657596001841
2017-01-05,-0.65125340636553,0.02390855353733723,0.0,-0.04205120637561279,-0.13453733101800272,0.785406923237677,1.0,0.16462145989828567,0.0,-0.2475110777808347,1.8626202247352097,-0.39572360440425564,0.06023030546989083,-1.0628361748214084,1.0,,0.0,0.2606069988089216,0.3,,,0.8719922905888114,,-0.6729135297727133
2017-01-06,-0.46618318662866703,-0.09729067587859985,0.0,0.04106040735751111,-0.10195869078525689,0.9151536867715399,1.0,0.21284409934714538,0.0,-0.10608380334879901,1.5710627237926307,-0.3879237860274982,0.04576232730341509,-1.0389873986802711,1.0,,0.0,0.23883027104590213,0.3,,,1.3008664071523348,,-0.6865173671680754
2017-01-09,-0.2828556498993945,-0.1751809805874649,0.0,0.12482808619197257,-0.06879071580509391,1.0360597273566223,1.0,0.2610610336344821,0.0,0.04546612957758385,1.8417110373833236,-0.38425271151359874,0.030005985413563526,-1.0203601358821086,1.0,,0.0,0.2130436496261335,0.3,,,1.367873334178386,,-0.8153194236625062
2017-01-10,-0.090011884918853,-0.2391767881714748,0.0,0.2263679248096728,-0.04597974030646929,1.1528553139294169,1.0,0.3091152114027878,0.0,0.20224004071550947,2.0242957611167105,-0.3781917970173956,0.020681212946299442,-1.0102690986067016,1.0,,0.0,0.06817961039997347,0.25,,,1.59960498211259,,-1.7684433979682688
2017-01-11,0.0898065657049783,-0.2501067590133229,0.0,0.35933274487875533,-0.0072731862450991554,1.2730807093273657,1.0,0.35672719651778817,0.0,0.3856059217406348,2.2748701661989634,-0.3694916567807396,0.013692081113033348,-0.9993260603844208,1.0,,0.0,-0.12055947733488233,0.2,,,1.4876745080408285,,-1.7684433979682688
2017-01-12,0.24057082892648599,-0.2501067590133229,0.0,0.4316937177457091,0.029527607867105538,1.3610722921679148,0.0,0.4034976142703777,0.0,0.541552956261979,1.9087132880230313,-0.3479982105922261,0.012348375650311928,-0.9890505908612971,1.0,,0.0,-0.32597738513508007,0.15,,,1.540854983662757,,-1.3844473770083374
2017-01-13,0.4042287324285425,-0.2501067590133229,0.0,0.469977476886397,0.052239750254082964,1.4072241531341523,0.0,0.4494179221547186,0.0,0.7014715030366308,2.0861113825459277,-0.3442538820131532,0.004051526556838764,-0.9834837123239427,1.0,,0.0,-0.4288710691488884,0.1,,,1.592635826408128,,-0.8707082768554133
2017-01-16,0.4976792369267772,-0.2501067590133229,0.0,0.4373291122931115,0.04150229556896606,1.3977105085799628,0.0,0.4944719689811435,0.0,0.8340408757440543,1.8854165625532016,-0.3402015239623281,0.007613805916646186,-0.9772655261548371,1.0,,0.0,-0.5540137319575171,0.05,,,1.148295539586153,,-1.495818319890215
2017-01-17,0.6324249715258909,-0.21041251292209817,0.0,0.3762408529729668,0.0342973684836798,1.3716000582156989,0.0,0.5389141129188049,0.0,0.8980872254530607,1.2889945335303987,-0.33263407475160794,0.016492468791078324,-0.9712733449977313,1.0,,0.0,-0.5658414944416034,0.05,,,1.4495943210711428,,0.06691416568180954
2017-01-18,0.7243005069213412,-0.13674311699081532,0.0,0.3209041120430947,0.00852189322761195,1.3425016690304388,0.0,0.5828752316122335,0.0,0.9214086670002445,0.8857042417576583,-0.33253687889498346,0.008777486969181961,-0.9662673795941603,1.0,,0.0,-0.6066400782063608,0.05,,,0.68152252181145,,-1.3085142382784096
2017-01-19,0.8013649238824845,-0.05369477211874085,0.0,0.2422920237000375,-0.03630481766173457,1.3000806938987284,0.0,0.6263270101864252,0.0,0.9421226592518023,0.768086614557265,-0.3495273446474988,-0.0022673221999843056,-0.9650951944128497,1.0,,0.0,-0.6594604316213124,0.05,,,0.4153248671459516,,-1.7677976275959435
2017-01-20,0.8640112854813132,0.014436981054398279,0.0,0.2055965535566667,-0.05983025326154489,1.2556049849333513,0.0,0.6693876513788778,0.0,0.9875519744039742,1.1189702421736374,-0.36111243341020843,-0.018762399434988655,-0.9569953005194075,1.0,,0.0,-0.6996650728844351,0.05,,,0.42510563342536256,,-1.5564284411369242
2017-01-23,0.9116220578121859,0.0805207769756523,0.0,0.1639122772480978,-0.09560183305547348,1.2123033412697857,0.0,0.7119134940464058,0.0,1.0305166531383037,0.6606369865341892,-0.3714406662473306,-0.029056353920551465,-0.9478376017633824,1.0,,0.0,-0.6929636861052512,0.05,,,0.11728390362038328,,-0.9247916673017661
2017-01-24,0.9741765288338723,0.1459372417629361,0.0,0.17477333634768885,-0.08914596787361875,1.1773001784821688,0.0,0.753860561297819,0.0,1.0483844104655877,1.0314092621157003,-0.37395613061700284,-0.030107714382549777,-0.930719414000373,1.0,,0.0,-0.6728591315872763,0.05,,,0.7736729939034778,,-0.10048249413089703
2017-01-25,1.0384291176819371,0.15304269017251537,0.0,0.22654597392442033,-0.04355431765700412,1.1541356127710107,0.0,0.7949685090950332,0.0,1.04897276946406,1.3623804902730117,-0.37230423876416646,-0.028000151340166608,-0.9091347763218662,1.0,,0.0,-0.6793459977592045,0.05,,,1.8078360897628212,,-0.6927468109375823
2017-02-02,1.1584467917113208,0.22510410219256083,0.0,0.282486778286548,0.01802246479067683,1.1400910568623044,0.0,0.8350111635001415,0.0,1.0654453885626194,1.3779589902666585,-0.3619197856805436,-0.02595325145788237,-0.8925986856601231,1.0,,0.0,-0.6864551161497452,0.05,,,2.181678852001705,,0.43140935603701996
2017-02-03,1.2919906044609462,0.31208964468408606,0.0,0.3105139046289395,0.06410797885251286,1.1286904713425694,0.0,0.8738059481994203,0.0,1.053895964244958,1.0273799225876754,-0.3508105345608563,-0.029430197262461738,-0.8778300061715099,1.0,,0.0,-0.6587565712577752,0.05,,,2.5566879860215663,,-0.24080930587527843
2017-02-06,1.3962528904384326,0.3621946240752917,0.0,0.31995044167802644,0.10611315811443099,1.1149017620697421,0.0,0.9113060667852236,0.0,1.0425859090865588,1.0792092912358333,-0.3332209167533844,-0.02836393683128259,-0.8627632569233374,1.0,,0.0,-0.6113025696651957,0.05,,,2.575607200857424,,-0.07248695869193765
2017-02-07,1.4434520601703145,0.34896463191021343,0.0,0.3114021347112819,0.14613398726527363,1.0801721492327176,0.0,0.947456748750537,0.0,1.0231336899563528,0.9082208555854009,-0.32258587275015466,-0.01958086154892797,-0.8461821972516258,1.0,,0.0,-0.760907980764584,0.0,,,2.5936580035789984,,-0.1143940730375488
2017-02-08,1.4899621507819836,0.34062991707996115,0.0,0.29561629471877215,0.19088022135082147,1.0275874355558001,0.0,0.9821675511850136,0.0,0.9821739350843883,1.2511467544060797,-0.31186609238422763,-0.01208539144349213,-0.8281218954189591,1.0,,0.0,-0.814102271328499,0.0,,,2.608847147015409,,-0.5387200516781191
2017-02-09,1.5217411812683084,0.33055123851094137,0.0,0.28135543937541013,0.23181411791891773,0.9601484718077435,0.0,1.0155114957668967,0.0,0.9878739406527235,1.3462915360389123,-0.305306937448019,-0.005475284385522652,-0.8079543001696069,0.98,,0.0,-0.7523713800846912,0.0,,,2.620862261583195,,0.561704295103445
2017-02-10,1.5310227102328695,0.32324467658133194,0.0,0.28413922988558876,0.2817713316010739,0.8741400410499726,0.0,1.047550908354951,0.0,1.0243710742892884,1.6364898440114783,-0.2941773094679764,-0.0004992889798819673,-0.7826850705086187,0.96,,0.0,-0.7778724858574495,0.0,,,2.78566111393751,,-1.1965394826232416
2017-02-13,1.541283171257851,0.3155668073598753,0.0,0.308320192422101,0.35869493002236574,0.775237814905264,0.0,1.078267803790021,0.0,1.066331221429077,1.9830840201793873,-0.2874820702800782,0.0036824872197204427,-0.7626686385343581,0.94,,0.0,-0.7242465523212538,0.0,,,2.818253023847385,,0.2571992470614065
2017-02-14,1.5325919552088132,0.3222659922807023,0.0,0.3317866924842721,0.4215432631924959,0.6688183427038716,1.0,1.1075368176423672,0.0,1.094250098328039,1.8514944512126577,-0.2734939631513053,0.013127581833421846,-0.7319868663061735,0.92,,0.0,-0.6834215705061297,0.0,,,2.6093715513332305,,-0.9522368563310901
2017-02-15,1.5448917374684132,0.31351875146625274,0.0,0.3561928857465389,0.5129914595869455,0.5611537777631376,1.0,1.1353774455874512,0.0,1.1059939738408446,1.7617813613826256,-0.24826767455537552,0.02961480372527575,-0.6963793072213942,0.9,,0.0,-0.6403709310952627,0.0,,,2.8645682159439843,,-0.9077237044162293
2017-02-16,1.5579843337849753,0.3047372237967315,0.0,0.3649668123777135,0.5850133003748068,0.46121141661350373,1.0,1.161811111945172,0.0,1.1106068049337818,1.2272681314531828,-0.2425177845893127,0.036614276478788677,-0.676006568100326,0.88,,0.0,-0.5677066479356943,0.0,,,2.8798438987438857,,0.06883828618302947
2017-02-17,1.5592873867158383,0.3041406624764321,0.0,0.3978286355507921,0.6669660470450129,0.3793434172930981,1.0,1.186837582033114,0.0,1.1178401008062433,1.4377529083452605,-0.22931138986435967,0.04147490654839634,-0.6492496230474863,0.86,,0.0,-0.517159915822168,0.0,,,2.5531787845955716,,0.14022636541511338
2017-02-20,1.574152752413219,0.307195782708387,0.0,0.4883969538403081,0.7710297597349246,0.31494877990277487,1.0,1.2103274917028721,0.0,1.1551525475167717,1.8081661131136113,-0.21767819680658687,0.03997461975292218,-0.6153120913154342,0.84,,0.0,-0.32896488316077005,0.05,,,2.15668310572792,,2.2680823333377416
2017-02-21,1.5746361161716513,0.3072063484902888,0.0,0.5815913961221119,0.8872005030364729,0.24506771726841475,1.0,1.231902790192188,0.0,1.1995671327672857,1.3354173582038193,-0.19440279255696546,0.0436761830978763,-0.5797738172506132,0.82,,0.0,-0.32786318033787626,0.05,,,2.1338437245276767,,0.08894822213968699
2017-02-22,1.61701651569789,0.33808668395331576,0.0,0.669571004640711,0.9662294651596303,0.17350062011096862,1.0,1.2513880707593592,0.0,1.2448866712587932,0.9375902370145051,-0.15950198726499237,0.045711002386545324,-0.5432946327257439,0.8,,0.0,-0.20843387860931523,0.1,,,2.1074000158837087,,1.080071796292811
2017-02-23,1.659667873098814,0.3947468927687814,0.0,0.7505897524429024,1.003474484844971,0.10425337053770867,1.0,1.268698327153829,0.0,1.2912742428055706,0.8286729145627033,-0.11824421404416299,0.04039853175767961,-0.502581218954213,0.78,,0.0,-0.011108858224190521,0.15,,,1.7127964735327725,,2.1787027801065504
2017-02-24,1.7024006180831417,0.4614459483409562,0.0,0.7766278659544088,1.0008953432440284,0.02595120849287962,1.0,1.2837120307773686,0.0,1.295019641792498,0.33398807681744613,-0.08143530291064591,0.0328804924850267,-0.4530408671295351,0.76,,0.0,0.21059827128016648,0.2,,,1.699114959818316,,2.8767006526828296
2017-02-27,1.773303127211045,0.6093857114403812,0.0,0.8243320063787114,1.0063289507892441,-0.05013324355721442,1.0,1.2965338133938409,0.0,1.3147015267299336,0.20605630313368484,-0.04966793066825621,0.025176514402240526,-0.39060251357079856,0.74,,0.0,0.31476485783847385,0.25,,,2.0495581789131383,,1.1585400638643821
2017-02-28,1.78799223538462,0.6488360828124831,0.0,0.7962697690547403,0.9776159125444482,-0.14036577687712212,1.0,1.3071224211820565,0.0,1.2973912556075295,-0.12317304033868665,-0.03251759930996157,0.014218219810042728,-0.3349628964433054,0.72,,0.0,0.45189327178382205,0.3,,,1.312095256425724,,2.6420857847760666
2017-03-01,1.7453127896521887,0.5754069640972239,0.0,0.707923978060781,0.9296916496091554,-0.2435449535286947,1.0,1.3158118776557637,0.0,1.243433920023319,-0.4711033413579657,-0.01207953276223557,0.009888523333250965,-0.2829466826304902,0.7,,0.0,0.630416319778212,0.35,,,0.9409818701558085,,2.8767006526828296
2017-03-02,1.688607558133801,0.5165173084255734,0.0,0.5976959717347463,0.8757821831893478,-0.3587567905967266,1.0,1.3229277779979125,0.0,1.1795971248472568,-0.6028476898795316,-0.003369152807111917,0.006744426740429723,-0.23064613879962068,0.68,,0.0,0.6864785585999506,0.4,,,0.9339922762983659,,1.5526541324717906
2017-03-03,1.6318735190497757,0.5019737615434038,0.0,0.5160050937588015,0.8327770292181379,-0.4616804813319385,1.0,1.3287629070713909,0.0,1.1237734704471893,-0.7591618148536,0.009403021333837388,0.0019200045204671463,-0.17606354537655972,0.66,,0.0,0.7358210622269438,0.4,,,1.294131576682502,,0.7460407666645857
2017-03-06,1.576336656349374,0.4932062222974166,0.0,0.4508148688382347,0.8039210737660188,-0.5477421675476821,1.0,1.3334137310356744,0.0,1.0469197412512652,-1.0928871291648359,-0.01127893350352162,-0.008639727254084307,-0.13256240607986502,0.64,,0.0,0.843384086485049,0.45,,,1.2934746254959935,,2.0787735264701666
2017-03-07,1.5219469864176676,0.48987395236099973,0.0,0.4028491335396083,0.7935698973421871,-0.6235767678700158,1.0,1.336950703102323,0.0,0.982968618418204,-0.9551445366465696,-0.0320979832139563,-0.01600363337144862,-0.09186160059931163,0.62,,0.0,0.956572804667076,0.5,,,1.2953670694038006,,2.1493802906029913
2017-03-08,1.4955961546743124,0.5048325654592277,0.0,0.36491261307650513,0.8023850798634928,-0.6842521349841768,1.0,1.3394123936367657,0.0,0.8838737040138044,-1.2475051748716113,-0.02455388232757562,-0.01661352257322126,-0.04760000039400445,0.6,,0.0,0.9841489355129088,0.5,,,2.010633954737505,,0.012802565238540254
2017-03-09,1.469788192548895,0.5206129867862741,0.0,0.32523535411656446,0.8000342709644107,-0.7272978711881533,1.0,1.3408502056896645,0.0,0.7826614956812298,-1.1249262645006404,-0.027395909813842392,-0.0228378860695016,-0.006762256223285017,0.58,,0.0,1.0999494282052473,0.55,,,1.9957877622506368,,2.8767006526828296
2017-03-10,1.4252179108696148,0.5436128110705055,0.0,0.2591004159606704,0.7739354482801509,-0.7634901429542029,1.0,1.3413289565561528,0.0,0.6635691123424459,-1.1435471756365132,-0.024645635169817694,-0.029547392869124594,0.03554976895906784,0.56,,0.0,1.182734581488801,0.55,,,1.6275741009874225,,0.45916358304782895
2017-03-13,1.3669910647892114,0.5634086609348572,0.0,0.14377352123690973,0.7217956851811604,-0.8013378602733852,1.0,1.3410024745714997,0.0,0.5269660578438847,-1.1105079023604174,-0.03592787138474402,-0.03867415379413229,0.08898344028943667,0.54,,0.0,1.2115519381873034,0.55,,,1.2657846242807296,,0.8335463810314566
2017-03-14,1.330679924708021,0.5846576206930825,0.0,0.0587735890351976,0.6856337398250976,-0.8318332393836153,0.0,1.340151643543259,0.0,0.4017139675150322,-0.975146917242661,-0.0570598760747712,-0.045302142271004237,0.1407821132977158,0.52,,0.0,1.2343806910010975,0.55,,,1.6161602687960002,,-0.49566180005520993
2017-03-15,1.285356741234597,0.628473107064478,0.0,-0.07106350182143943,0.6308270050496771,-0.86773915233231,0.0,1.3387922381278696,0.0,0.2625015399917362,-1.3165742052480682,-0.07575483583627934,-0.04823365582210946,0.19125665189395197,0.5,,0.0,1.2528776140413798,0.55,,,1.6081688451789111,,-0.5377852436105859
2017-03-16,1.239644746625218,0.6849553032611602,0.0,-0.14163778988126857,0.6208890083492768,-0.8992301249404105,0.0,1.3371473198390942,0.0,0.1770613336582743,-0.7595779509540788,-0.08817413096524104,-0.060072090806758335,0.2437884122409831,0.48,,0.0,1.2327674240160311,0.55,,,1.5996819074041093,,-0.3333655143239419
2017-03-17,1.2059675073832747,0.7226054362316623,0.0,-0.20645277769311277,0.6295636985938837,-0.9197277010203306,0.0,1.3352478068850209,0.0,0.09443093001929108,-0.4736136773417916,-0.10359179121226023,-0.06923193940557879,0.28956546004863065,0.46,,0.0,1.2154637651863058,0.55,,,1.590004452954475,,-0.20584681117938936
2017-03-20,1.1998337299698583,0.7300505617164672,0.0,-0.2529645123514874,0.6868174210702489,-0.9045766467344956,0.0,1.3332076381736926,0.0,0.007534819311651264,-0.17418103787637046,-0.11706386484614083,-0.07766089546863635,0.3358256701155382,0.44,,0.0,1.0640675697417694,0.5,,,1.9297561557210703,,-0.7598415755529894
2017-03-21,1.1938817060412825,0.7373072639216274,0.0,-0.31981764129432133,0.7329897151776624,-0.8625016325632334,1.0,1.331159897333166,0.0,-0.047394976423803095,-0.011929886393495681,-0.1461146856393478,-0.08498208832076598,0.3851331279206491,0.42,,0.0,1.0880488951187899,0.5,,,1.9123056429308931,,0.5685747296800945
2017-03-22,1.1880751637055516,0.7444236956749644,0.0,-0.39799455971709624,0.720244583489742,-0.8066562452919971,1.0,1.3293053261749797,0.0,-0.10623595224264096,-0.4865459061304326,-0.18328937403489223,-0.09526381396038071,0.43395380495727326,0.4,,0.0,1.0160760153953141,0.45,,,1.896371736944178,,-0.35938579817670163
2017-03-23,1.1959117235311632,0.7395757035270243,0.0,-0.40670597935988634,0.7352256113096166,-0.7277303982717437,1.0,1.3278247544477229,0.0,-0.14692467938218026,-0.22622714371331687,-0.21205322132047286,-0.09324415805020513,0.48690960348965034,0.38,,0.0,0.9679958963352387,0.45,,,1.8828587908062215,,1.217100398905044
2017-03-24,1.2163210894827452,0.7190727989583545,0.0,-0.3845280257378353,0.7383125533354353,-0.6128899866835065,1.0,1.3267076359627772,0.0,-0.1486508075722101,0.06245373900658202,-0.22734391443171095,-0.082521084365442,0.5394826589868549,0.36,,0.0,0.7886506425724095,0.4,,,2.212128341661749,,-0.7091909263063715
2017-03-27,1.209801192400047,0.7251912066851094,0.0,-0.3634485696389519,0.750262531535125,-0.48317572355788546,1.0,1.3259146975643339,0.0,-0.14379231701807754,0.06699360157579681,-0.23944842700903451,-0.070873429970964,0.5941036995892306,0.34,,0.0,0.7060185400608713,0.35,,,1.8522871973415744,,-0.49410198636638036
2017-03-28,1.2170205750905845,0.7296509798674877,0.0,-0.33803556343891533,0.7298878756158493,-0.3571942718775738,1.0,1.325429167468537,0.0,-0.11920619807620114,0.11261072460708654,-0.26052334867725213,-0.06744277238147586,0.6506946057653283,0.32,,0.0,0.5201716151601886,0.3,,,1.4942349116087612,,-1.074852713237587
2017-03-29,1.2504765345245208,0.7561276943218376,0.0,-0.28469437983039264,0.7192923833850383,-0.2350974354149375,1.0,1.325221647359363,0.0,-0.07939800730744209,0.04647676837707526,-0.2880420563447116,-0.060809518855527774,0.7073979575695685,0.3,,0.0,0.4156115930090486,0.25,,,1.8272425147907507,,0.7865137059274152
2017-03-30,1.2706964470228637,0.7895218848036576,0.0,-0.20871228761901345,0.7269778078282576,-0.11395710548845246,1.0,1.3251753192743778,0.0,-0.050944461309398004,-0.32905192062301225,-0.3129075222510638,-0.052288593716675595,0.7690655133838626,0.28,,0.0,0.29993999417629347,0.2,,,1.4710421567686096,,-0.7607778441833131
2017-03-31,1.2769037409922759,0.7970556353583729,0.0,-0.15468650832372804,0.7257600317970311,-0.01783300914871754,1.0,1.325118205229587,0.0,-0.02277093103625303,-0.4876668264124927,-0.3324770273215891,-0.04120680373090601,0.8337520633794699,0.26,,0.0,0.22849238968111538,0.2,,,1.457931506126526,,-0.6829113232389757
2017-04-03,1.2827529102235573,0.8047228704023248,0.0,-0.12886258830143033,0.7126864750502733,0.061611957609965615,1.0,1.3250340583454492,0.0,0.0037377620047772146,-0.832431301380269,-0.3385591078327918,-0.032611459859314226,0.8986622099408018,0.24,,0.0,0.16014654034449488,0.15,,,1.447091633289767,,0.7118565397377564
2017-04-04,1.2751348831164884,0.7897165527074846,0.0,-0.12646316703855714,0.697346543990974,0.13665921705379194,1.0,1.3249756948016957,0.0,0.018623994168214725,-0.9136967454277387,-0.3528781630081897,-0.025789253510940302,0.9660083219775892,0.22,,0.0,0.0050901440170601055,0.1,,,1.0921177379419589,,-0.9517476359457038
2017-04-05,1.253198699984325,0.7933502845027381,0.0,-0.15904014611476183,0.6686466813786459,0.19267548126475648,1.0,1.324998553622652,0.0,0.06316755833338636,-0.6112579126542835,-0.3655616550247571,-0.01248919285585622,1.034971202740982,0.2,,0.0,-0.02945370695241037,0.1,,,1.4293864468435715,,-0.6780744541508692
2017-04-07,1.244325425592722,0.8011904036675568,0.0,-0.18996666640831042,0.6311108928217434,0.24301218873123465,1.0,1.3252208951708626,0.0,0.05882848814033135,-1.4444689243879263,-0.3546720637164644,0.007640253728373111,1.104739664694618,0.18,,0.0,-0.12457908331546774,0.05,,,1.7667808441925246,,0.9752066216890681
2017-04-10,1.2357189036529528,0.7969113743156411,0.0,-0.17991270093036602,0.6104964958399233,0.29786748425173176,1.0,1.325656631214439,0.0,0.05633390803376835,-1.395419880893122,-0.33937858688185807,0.02884758759063503,1.1687008894608342,0.16,,0.0,-0.17338775020713953,0.05,,,1.4092522400337422,,-0.5170097547856064
2017-04-11,1.2662973748953221,0.7948896803865534,0.0,-0.1366450466882817,0.5970714897377035,0.3636771434700156,1.0,1.326186882349987,0.0,0.055697463143971046,-1.2683504780200843,-0.32401715570253875,0.044283187064384055,1.23203465800716,0.14,,0.0,-0.21961854050981594,0.05,,,2.090447757374676,,-0.09106942502207169
2017-04-12,1.2309930398205753,0.7349509825468414,0.0,-0.14415072414822516,0.5509207845808024,0.4194230412386242,1.0,1.3266837342937874,0.0,0.049454863540300334,-1.1942738113227847,-0.31339112433566524,0.055799535854852506,1.2870531520852504,0.12,,0.0,-0.14130443776133078,0.1,,,0.6878616262271744,,1.0706202549144934
2017-04-13,1.1958024030642973,0.6899664962816348,0.0,-0.14296110068742388,0.49523289917269414,0.47419725304050964,1.0,1.3272657801869856,0.0,0.05716814943104494,-1.2141345041886824,-0.31867573803238725,0.05864622225409275,1.343291420290849,0.1,,0.0,-0.09707237012753564,0.1,,,0.6834238507368683,,0.34685610906531683
2017-04-14,1.1476866181521435,0.6242961837620407,0.0,-0.24657195186436479,0.3827930396011722,0.50633132009706,2.0,1.327913100234129,0.0,-0.0014331397270073154,-1.9167150771930312,-0.33573147207679327,0.05697047776947122,1.3990381981916125,0.08,,0.0,0.005274246284355721,0.15,,,0.32888844205171097,,1.713566813913885
2017-04-17,1.060478966479711,0.46752008997619154,0.0,-0.42617245692060557,0.2155237446579872,0.49768968246454764,2.0,1.3288663341859335,0.0,-0.07431081328028895,-1.843373226503996,-0.34412413033248773,0.05394027294900858,1.4546259866810793,0.06,,0.0,-0.00968122742878003,0.15,,,-0.7301346601825609,,-0.5049562854421045
2017-04-18,0.9734705799134978,0.39809764401765124,0.0,-0.5984304071322815,0.10471898796766435,0.45516085654754346,2.0,1.3303412604503475,0.0,-0.1533651335186072,-1.5841655203382143,-0.3500298766695987,0.0582374338134153,1.5086016750899287,0.04,,0.0,-0.029890012704941904,0.15,,,-0.38318414446565596,,-1.1640172810762268
2017-04-19,0.8999766953210953,0.3697360607856678,0.0,-0.7105104223534127,0.04168362741425755,0.3865812069619078,1.0,1.332472257971213,0.0,-0.2217247376410195,-1.1368115898249167,-0.3587725301286497,0.05535713959455195,1.561804846055787,0.02,,0.0,-0.003054848996307158,0.2,,,-0.032871484839046575,,1.1052780038527892
2017-04-20,0.8135919148397777,0.3297414449364515,0.0,-0.7859121731307945,-0.04485465534105721,0.3028008284659012,1.0,1.3352520627018536,0.0,-0.2732357089522176,-1.2073344714055538,-0.3727462234817257,0.03951227357080456,1.6147907518629991,0.0,,0.0,-0.031682858724787065,0.2,,,-0.4036904116557988,,-0.9319459927462996
2017-04-21,0.7275769918363085,0.3021123565302971,0.0,-0.8674215519577431,-0.10991598524715174,0.19685604148402225,1.0,1.338643742683805,0.0,-0.35458185687346816,-1.4758095521010197,-0.3811720195918824,0.03164053024544682,1.6674774580128087,0.0,,0.0,-0.16282908716889127,0.15,,,-0.4152303880623519,,-1.4058241699770404
2017-04-24,0.6026715163136986,0.25727352742443943,0.0,-0.970519275214276,-0.20826538987207316,0.05332992150944441,1.0,1.3427609108024472,0.0,-0.45098725478147716,-1.4373766063807296,-0.3936249401233571,0.028365681707809343,1.716395815409744,0.0,,0.0,-0.08670245791555167,0.15,,,-1.168161422463934,,0.8133416587604207
2017-04-25,0.5046951916102963,0.23837049769659058,0.0,-1.0710016664881514,-0.29541608896562843,-0.11148332512655208,1.0,1.347796714073762,0.0,-0.5522201192451018,-1.4898450253965856,-0.41201260814903484,0.02235954793642008,1.760109203888236,0.0,,0.0,-0.034936382041745914,0.15,,,-0.8052950781549499,,0.5412195311097349
2017-04-26,0.4204304614549198,0.21773698587122414,0.0,-1.0667839199618239,-0.3124705778344892,-0.2599475110448692,1.0,1.3539624168076494,0.0,-0.6247986767670382,-0.841525081063754,-0.43147359406679975,0.014240592730944633,1.796687835434442,0.0,,0.0,0.030872436167959087,0.15,,,-0.8119322168933257,,0.24132365095651306
2017-04-27,0.36353723152636525,0.25010827962298654,0.0,-1.016741490705224,-0.27454819872832575,-0.3818902354669002,1.0,1.3611634107737227,0.0,-0.6900808034797978,-0.7265839316293016,-0.45423623148745607,0.005596894275805209,1.8299072063040784,0.0,,0.0,0.0013423919727160324,0.15,,,0.3492910951575783,,0.1959128220225541
2017-04-28,0.2935166976840856,0.2577768215646541,0.0,-1.002052243863505,-0.25263467817363205,-0.4859782450083303,1.0,1.3693676397638663,0.0,-0.7192532089828949,-0.3570175347734639,-0.44855262442757643,0.009521258021416094,1.8662032225068395,0.0,,0.0,0.17404193221101355,0.2,,,-0.4392368876676818,,2.693212960582637
2017-05-03,0.22393720461980998,0.272025757153903,0.0,-0.9779239772936785,-0.23032333001229288,-0.5577671298109385,1.0,1.3787567166024979,0.05,-0.7010551325576279,0.4316723347986335,-0.4460196111337056,0.010940453897622968,1.8998762656534913,0.0,,0.0,0.29971185424181945,0.25,,,-0.4458348030035854,,1.830487117377143
2017-05-04,0.19443787601537746,0.29747466257908384,0.0,-0.9235525250209934,-0.1899414334418826,-0.6079860706041916,1.0,1.3893874416900214,0.1,-0.6859881369245282,0.019689851405085224,-0.43042804368347776,0.024312394863175373,1.929210927770611,0.0,,0.0,0.378995660619163,0.3,,,0.7704765545975554,,2.2975326672846275
2017-05-05,0.16501920767899453,0.3130475819052616,0.0,-0.8422099088954641,-0.12505952899514589,-0.6487607379643593,1.0,1.4012273548887628,0.15,-0.6705094216316945,-0.05302567443001327,-0.42259111754746215,0.029214684133028447,1.9550235895199797,0.0,,0.0,0.5497987251546125,0.35,,,0.3672521398659994,,2.464313654763284
2017-05-08,0.10966368840176384,0.3466725561207886,0.0,-0.7383285626050222,-0.051324077637374364,-0.678795530038192,1.0,1.414192711658905,0.2,-0.6478396768269896,0.3823705202880505,-0.41431242689328046,0.03239114624726447,1.9802214276723291,0.0,,0.0,0.6750879617987544,0.4,,,-0.04677880828544018,,1.8277102787319706
2017-05-09,0.08135740159745361,0.39161906468694097,0.0,-0.6026935782199657,0.04435189727756705,-0.6988981579916742,2.0,1.4281412077678026,0.25,-0.5875213292537407,0.27939238845492664,-0.4057103504027007,0.045485533307579526,2.001750974907103,0.0,,0.0,0.6835706882294615,0.45,,,1.2280007762920555,,1.1448611503032113
2017-05-10,0.07968173411993049,0.39441390740608184,0.0,-0.49208024935725775,0.13209202761149702,-0.7119670215268071,2.0,1.4429149892146413,0.3,-0.4743347318945199,1.3436988668788712,-0.3988038514016914,0.05881197027245973,2.0177542423057466,0.0,,0.0,0.782557483588868,0.5,,,1.6676757620196576,,1.4627261524025237
2017-05-11,0.06537862382542932,0.42906953948321025,0.0,-0.40323085427393607,0.2054709183268301,-0.7222901039222495,2.0,1.4585315852444987,0.35,-0.3948499879480653,0.7584948526653421,-0.3975145097146144,0.06862446120696061,2.028680798647529,0.0,,0.0,0.7480879877598342,0.5,,,2.110356765626888,,-0.7804593416027479
2017-05-12,0.09027499149695166,0.39833552322238586,0.0,-0.26453789026456936,0.29429461530615536,-0.7233369297774249,2.0,1.4750755728822573,0.4,-0.3176955093652484,0.7632822524027525,-0.3856917743347166,0.08002606657515964,2.0415109474317807,0.0,,0.0,0.6611536885397122,0.45,,,1.6866937578544925,,-0.6680657294879486
2017-05-15,0.10228928794014765,0.3871692908382358,0.0,-0.08936809513729845,0.40860621156552535,-0.7126340839328803,2.0,1.4923587988641895,0.45,-0.21401940988261706,1.2525273217089927,-0.37597802287807797,0.08389883964885934,2.0555823608050363,0.0,,0.0,0.6899417976946008,0.45,,,1.2641139590173194,,0.9226182921630899
2017-05-16,0.1276175436751739,0.3706700324383678,0.0,0.09704559624692706,0.4766656511746104,-0.6719554609598177,1.0,1.5101514389705488,0.5,-0.09126808833784372,0.9058031980728868,-0.36492730238800336,0.07949150411131152,2.0667217182355184,0.0,,0.0,0.676863327820347,0.45,,,1.2738827637085095,,1.4519974164288096
2017-05-17,0.1661617769691973,0.39064790492881396,0.0,0.3443068714920286,0.5486045516197433,-0.5817842352668785,1.0,1.52817995527347,0.55,0.04533976723297102,1.2217712916091457,-0.3584676752527869,0.07485049365157256,2.076825036980052,0.0,,0.0,0.715048623749593,0.45,,,0.38742600796736887,,0.2587496331428156
2017-05-18,0.21808648069038222,0.3867059060145722,0.0,0.47344136714151885,0.5627076196662624,-0.4770373028857183,1.0,1.546142553255319,0.6,0.18503210248864102,1.5020500328235042,-0.34154269773575424,0.07279606223735521,2.0916314231906386,0.0,,0.0,0.8333537918180951,0.5,,,1.2941803746666116,,1.2020860802938151
2017-05-19,0.28346781444860214,0.34556017000375994,0.0,0.5874270157423048,0.6099917068183022,-0.3540614461911505,1.0,1.5640291046840171,0.65,0.2727537283570825,0.883606031219055,-0.31136463218422195,0.07944768863771105,2.1126551615348528,0.0,,0.0,0.8483880648679751,0.5,,,2.211572918530254,,1.4059634648503896
2017-05-22,0.3750651310556701,0.30364135181662355,0.0,0.7469688197609768,0.6781593088151613,-0.18569072932011305,1.0,1.5816873019753899,0.7,0.36570021809156505,0.8903698892252657,-0.28193772194259864,0.08526065425877259,2.1345784846733284,0.0,,0.0,1.0102111884339533,0.55,,,2.6632075959631254,,2.304516478573259
2017-05-23,0.46649347526934537,0.2771678885447837,0.0,0.8418808399047398,0.7055223339058596,-0.005905484834406782,1.0,1.5987967202148774,0.75,0.47391919458496723,0.904834534253309,-0.25763622805203945,0.08291484950418695,2.1604104421575574,0.0,,0.0,1.1225390821457557,0.55,,,2.653655894615209,,0.8407337042590138
2017-05-24,0.5709746710336379,0.32492368025643314,0.0,0.984331511739183,0.7464280966651984,0.19504682224442865,1.0,1.615244351312598,0.8,0.5828523404471102,0.9370687846145682,-0.21862658806851343,0.08494971283412567,2.1848495221303077,0.0,,0.0,1.070678236020237,0.55,,,2.188811878839584,,-0.22387526374995795
2017-05-25,0.6489270977509072,0.3746940288416686,0.0,1.1427503666585466,0.8149700900139092,0.3973035924837989,1.0,1.6306486115145138,0.85,0.7098922517994773,1.22079269989181,-0.18063531563852478,0.0752852242219324,2.1998901125140984,0.0,,0.0,1.0317626513648708,0.55,,,1.7275519031076307,,-0.23709216199758482
2017-05-26,0.7522418287728176,0.4155227262026847,0.0,1.2198284932307657,0.8749304974785798,0.5803935550017248,1.0,1.6446243127999014,0.9,0.8146236978715707,1.404421473690496,-0.13667475828795017,0.06729690869118206,2.214955262269221,0.0,,0.0,1.0392503286440493,0.55,,,2.6069117510882536,,0.3910771965400805
2017-05-29,0.8150352944838785,0.40638430104828493,0.0,1.2446448183451693,0.9386407405483598,0.7357681667090329,1.0,1.657112112865328,0.95,0.9074745307162573,1.2534629192568825,-0.09102913511114831,0.056833582469691654,2.2297768433289136,0.0,,0.0,1.1710703966268994,0.6,,,2.57197063396891,,2.8323141816795565
2017-05-30,0.8783382358964869,0.46641131729250607,0.0,1.209756824711996,0.9281026582007491,0.8489333256927027,1.0,1.668079855766796,1.0,0.9742317965598775,1.0862134107243584,-0.06135428013195652,0.04336972643652772,2.2442583475940046,0.0,,0.0,1.0569837408107499,0.55,,,1.6651077952958653,,0.4114798442596449
2017-05-31,0.9415478709879105,0.5432593351946524,0.0,1.1739739097803197,0.9168382840385233,0.9196459131987084,1.0,1.6775663985864573,1.0,0.9906326264529524,0.8570726244552336,-0.02492051213303982,0.033121087708363896,2.2706283365135094,0.0,,0.0,1.030202315826556,0.55,,,1.6549391689070097,,1.29485861769327
2017-06-01,0.9777189916624366,0.5514640078318942,0.0,1.1414995121685882,0.9263012145188118,0.9595506307535443,1.0,1.6855421998547122,1.0,1.041161483249873,1.094480459335068,0.006498053395670927,0.027781509972334795,2.294658699950052,0.0,,0.0,0.8579332328224364,0.5,,,2.0795975396838307,,-1.1478489927977653
2017-06-02,1.0141887675925731,0.5867758029606802,0.0,1.0753070267295932,0.9265266151554109,0.9777972556797032,1.0,1.6919595160418452,1.0,1.0904683542007934,0.9614065924126673,0.04404552198352251,0.02061539824303263,2.311254702147222,0.0,,0.0,0.6741292792253802,0.45,,,1.6313010961067402,,-1.2117654171778396
2017-06-05,1.0892217840474587,0.6557793242707171,0.0,0.9996414514340685,0.9257091691126544,0.9966542473703288,1.0,1.6968691799487026,1.0,1.0880193839319232,0.344741618566286,0.10334632810496423,0.02414173805391566,2.325445801191223,0.0,,0.0,0.5911046506627522,0.4,,,2.477347539287493,,0.16721770747940895
2017-06-06,1.1241805245210308,0.6550362308444515,0.0,0.935419478128114,0.9570387806983813,1.0200638121985262,0.0,1.7002786185374568,1.0,1.1182201579334972,0.8607728155714149,0.15822655157199772,0.033230955700155905,2.334561717311894,0.0,,0.0,0.5201715250761132,0.35,,,2.45147675336418,,-0.27380136142957007
2017-06-07,1.1329082854214725,0.6554555833121539,0.0,0.8996274087882914,1.0077360349940183,1.0471492793148165,0.0,1.7021651593594764,1.0,1.0741683578725516,0.4337105674204821,0.19900045892974613,0.036129477312325714,2.3403193509070075,0.0,,0.0,0.3715459352910825,0.3,,,1.9968105930159725,,-1.5097856432980896
2017-06-08,1.140933420160509,0.6499371411168997,0.0,0.8487864539501212,1.029234472988792,1.0676674130383546,0.0,1.7024356803518033,1.0,1.0608011564428939,0.43498337885660554,0.24332139978236145,0.03550515542730875,2.3442312758614223,0.0,,0.0,0.3964997297591368,0.3,,,2.382061213155413,,-0.2813834522416614
2017-06-09,1.1495073483322915,0.651102034053064,0.0,0.7679099325099592,1.0362393464666302,1.0843270012827997,0.0,1.7010615776972038,1.0,1.0313362725952042,0.09504020182547299,0.2965085721878517,0.0380772378171058,2.3469280375507138,0.0,,0.0,0.41358444447942944,0.3,,,1.939237657306849,,-0.3263714350820962
2017-06-12,1.170876052714784,0.6638361038312548,0.0,0.6287538236889294,1.0112726890562265,1.0846459718385426,0.0,1.6980831228935376,1.0,0.9473780058824829,-0.5167360739867127,0.33874590006559485,0.031255503268670284,2.3467709564209907,0.0,,0.0,0.3433639304134862,0.3,,,1.9116791238835822,,-0.48179198915577565
2017-06-13,1.216837487986834,0.6612059382911547,0.0,0.5617321756346715,1.0117478236022448,1.0773032671523466,0.0,1.6937408486027241,1.0,0.9266859854479723,0.36506757427026637,0.3819164415046555,0.025598141631070256,2.340162095661155,0.0,,0.0,0.2200378314841711,0.25,,,2.684640857008016,,-1.0145245621574905
2017-06-14,1.300671458009445,0.7159036253500684,0.0,0.5012262904637035,1.0224820800189054,1.0663867613995301,0.0,1.6880454678250394,1.0,0.8842609803112529,0.2200816610029417,0.4408645253165418,0.0277317464469176,2.3326552931734987,0.0,,0.0,0.1893270943688556,0.25,,,3.0274883396747136,,-0.3554651091634949
2017-06-15,1.3571576298027732,0.7177075877276248,0.0,0.5080938382392878,1.0425518121601955,1.0496170093437998,0.0,1.6810044086893394,1.0,0.8237566802960423,0.11378779750204843,0.48955942139135616,0.024370817842588377,2.324981535522902,0.0,,0.0,0.05550704541650653,0.2,,,2.9640363275315473,,-1.4743148987531667
2017-06-16,1.3741131484077935,0.7122304536032233,0.0,0.49802248061380744,1.078674775259681,1.0131335252029208,0.0,1.6725171524019546,1.0,0.7924376071853417,0.06186702185359483,0.5464915240616586,0.033194719268545066,2.310552061689039,0.0,,0.0,-0.07168182265362541,0.15,,,2.5204257176951965,,-1.137813896552249
2017-06-19,1.3896130035264778,0.6950530252890883,0.0,0.4832130649248135,1.1307263723732928,0.9515760481826504,0.0,1.6625852469500952,1.0,0.7757494155573489,0.3403144739549151,0.6218998318863594,0.0590891653090294,2.2959758578546916,0.0,,0.0,-0.21032306692594438,0.1,,,2.8324374954199287,,-0.4683084068731201
2017-06-20,1.4045879441150222,0.6807640920699128,0.0,0.5022335813209999,1.17554070434056,0.8951465630612578,0.0,1.6512856798134432,1.0,0.7767048737285492,0.6797627280211577,0.6749614092838742,0.06834741770516121,2.279404469934735,0.0,,0.0,-0.2998446824085687,0.1,,,2.7595157946733693,,-0.9496986053934727
2017-06-21,1.4201737028162575,0.6805831569025332,0.0,0.47663316208774203,1.1906796476275154,0.8297807781351842,0.0,1.6385463322327614,0.95,0.752543385481538,0.19989033335518874,0.7263009777893644,0.08690283301804473,2.2626926209728295,0.0,,0.0,-0.25554630323554256,0.1,,,2.3298253212315765,,0.6620923197105643
2017-06-22,1.448339070790577,0.6955527581306729,0.0,0.42820031106935924,1.2113465537509596,0.7550311203037479,0.0,1.6245453668985939,0.9,0.702266339429796,-0.04141561532475574,0.7676123677309722,0.09079249257467165,2.2432919475433426,0.0,,0.0,-0.2497974094507936,0.1,,,2.269097926635181,,-0.12211428630260539
2017-06-23,1.450224469707343,0.6950563610514129,0.0,0.41196661221104747,1.2550086139164927,0.681625199780305,0.0,1.6094005573512917,0.85,0.6679400643509453,0.4592087518807431,0.8165028159727643,0.10063947498232519,2.2257371624115754,0.0,,0.0,-0.2976276136069088,0.1,,,2.2043806108016453,,-0.5655268865822229
2017-06-26,1.4521455440426982,0.6946518690984004,0.0,0.39631610980880405,1.3034187315026353,0.6113738449656384,0.0,1.5930907157877496,0.8,0.6776164262639435,1.1846830991561612,0.879140446296612,0.11259585740955488,2.2004870075060814,0.0,,0.0,-0.4330978766996645,0.05,,,2.138609602114786,,0.12290891982444224
2017-06-27,1.4794035663255396,0.716196722326085,0.0,0.40365659748954125,1.3007096730333498,0.5465533360916395,1.0,1.5756723453980954,0.75,0.6347727649488195,-0.01782333366284833,0.9374320632772098,0.10303941797677035,2.176968876954634,0.0,,0.0,-0.4413975279878308,0.05,,,2.0704758091473194,,0.24548681849631837
2017-06-28,1.5060470138944841,0.7427526417391812,0.0,0.4233026759586824,1.3085889660331147,0.48702678504757235,1.0,1.5570682006986734,0.7,0.6104570985782382,0.13912015524854643,1.0036699146068628,0.10098874760827493,2.1538030687264453,0.0,,0.0,-0.5943433611076558,0.0,,,2.004709122682012,,-1.7640580447032317
2017-06-29,1.5193212130335172,0.7513780212656406,0.0,0.4450000560438152,1.3385081385129851,0.43478335243042193,1.0,1.537215089391692,0.65,0.5600301240124619,-0.11705208954233279,1.0523169690882255,0.0875003091406895,2.129564818261266,0.0,,0.0,-0.60422352224756,0.0,,,1.9393897821235162,,-1.3454522155958482
2017-06-30,1.5449221672583473,0.7878493154185626,0.0,0.47155493705079726,1.3639037902481377,0.3959717777404528,1.0,1.5160658746593487,0.6,0.5402637286207297,0.3783935449176664,1.1113125388222453,0.07776944476792211,2.1073511038481443,0.0,,0.0,-0.5050106606649385,0.0,,,1.8730044413229634,,0.7724918144745934
2017-07-03,1.5445428064982498,0.7877037421637485,0.0,0.49171537982428476,1.38219046107895,0.3695755161972831,1.0,1.4935813446349058,0.55,0.5220738488964265,-0.19202257272380358,1.1810082938180888,0.07827804640559766,2.085126930822785,0.0,,0.0,-0.5282946780004267,0.0,,,1.8064158363411735,,-0.2984626392303585
2017-07-04,1.5439309495741795,0.7874396388975651,0.0,0.44669127862769725,1.3715821695945127,0.32164973472002945,1.0,1.4697377503471245,0.5,0.47674167469629997,-0.19603064071413823,1.2471339830257226,0.07993821497221351,2.06065656867257,0.0,,0.0,-0.5329479787720973,0.0,,,1.7390292025829448,,-0.3668673768629812
2017-07-05,1.5558584324762572,0.8015231110245348,0.0,0.4170194432645162,1.3954276751457102,0.2602869752294013,1.0,1.4447363679769984,0.45,0.4485976444614191,-0.2656696087987878,1.3195175193418973,0.07868308002903428,2.0351846849847437,0.0,,0.0,-0.4698489546932588,0.0,,,1.674373721773948,,-0.24780516172132017
2017-07-06,1.555146427681887,0.8010758773705098,0.0,0.4335011350006746,1.4338705937668554,0.20630572910136835,1.0,1.4186417967837908,0.4,0.39958697966284357,-0.6520297334099712,1.393924993753099,0.07656595568972978,2.0106004947763987,0.0,,0.0,-0.47191670751942255,0.0,,,1.6123643075729133,,-0.3227385087649354
2017-07-07,1.5669083460958124,0.817809958599035,0.0,0.401733999690321,1.4133236033727972,0.1425535989697833,1.0,1.391343452422718,0.35,0.3603380668153781,-0.7856553816873417,1.4571269755734417,0.06906959774592066,1.9858604753664804,0.0,,0.0,-0.4496737088919759,0.0,,,1.548057634151941,,0.11848853746683596
2017-07-10,1.5671601178827608,0.8183702107705308,0.0,0.3193849729344509,1.3147203839381694,0.05945256709191114,1.0,1.362927628596311,0.3,0.33517856792567613,-1.1084481660321517,1.5078360741205783,0.04272740121021812,1.959614180488726,0.0,,0.0,-0.49462423362870817,0.0,,,1.246382823931915,,-1.3808024838904192
2017-07-11,1.5537701027885247,0.8166288484054491,0.0,0.23514970901352292,1.2403954416049523,-0.039618172440415975,1.0,1.333583093069677,0.25,0.2739804954827501,-0.9281900753307244,1.5483143401140855,0.021745301647067564,1.9358778351337593,0.0,,0.0,-0.46584675890361843,0.0,,,1.4305965314416131,,-0.4389750676556959
2017-07-12,1.5282237870551754,0.8331511159659413,0.0,0.19715892794715975,1.219469535237581,-0.1521321766342562,1.0,1.3034631991810017,0.2,0.2348183667880379,-0.6220064694778847,1.5847225927332727,0.008009263034376383,1.9120753338715495,0.0,,0.0,-0.478647265868164,0.0,,,1.3758874474000218,,-0.611475248454407
2017-07-13,1.5142609777555127,0.8542441804836384,0.0,0.16643236772625977,1.2146282571256346,-0.2562100059713638,1.0,1.2726816092461544,0.15,0.18920831067473104,-0.8403308362700217,1.6127742064953292,-0.006142955991924042,1.8879256524930026,0.0,,0.0,-0.47561768993511233,0.0,,,1.5363071917091609,,-1.413723380092133
2017-07-14,1.5017413108130324,0.8532945225776568,0.0,0.10597902113138945,1.198480273104293,-0.3566549810100508,1.0,1.2413360800418438,0.1,0.15581414871664437,-0.6559359914172345,1.6397052822129132,-0.021510026703180373,1.8658853009346115,0.0,,0.0,-0.4305786757365846,0.0,,,1.2712091514320398,,-0.23703361258169403
2017-07-17,1.421448785192057,0.6970443277808795,0.0,-0.04186377479504228,1.1161528031270638,-0.499050234493597,1.0,1.209577521295635,0.05,0.08734280963680108,-1.0804309180918206,1.656952136051645,-0.028678031846383466,1.8420243380761376,0.0,,0.0,-0.3688679203002982,0.0,,,0.21794520959734257,,0.7659067018526061
2017-07-18,1.3309528422276342,0.5783568548732326,0.0,-0.22043811281426667,0.9972861927093045,-0.6664797307845783,1.0,1.1777576397989518,0.0,-0.01575918178544115,-1.425961529545327,1.6700496139750882,-0.04216106593032922,1.8207365217440081,0.0,,0.0,-0.29898766793614423,0.0,,,0.01729152654180264,,0.44790644188960677
2017-07-19,1.2648723530938049,0.5187358102938142,0.0,-0.33632489671649085,0.9071300317628821,-0.8300363148545815,1.0,1.1461868606353214,0.0,-0.10310003416540028,-1.584585350268,1.684633390082102,-0.05270506974491781,1.7991281335606806,0.0,,0.0,-0.3119306184477911,0.0,,,0.21284986615857754,,0.4032333094776277
2017-07-20,1.2108380069576847,0.493425707216838,0.0,-0.46660351377560044,0.8079940041310986,-0.9723163446651693,1.0,1.1149616553847925,0.0,-0.18014386821094683,-1.611845261550376,1.7121822432067872,-0.06265563995487894,1.7755034074347258,0.0,,0.0,-0.28787553506552943,0.0,,,0.397241342018507,,0.3589873813426274
2017-07-21,1.123322710842753,0.40978854497402906,0.0,-0.6598872637246918,0.670396888707694,-1.1089714632960086,1.0,1.0843252306838211,0.0,-0.3067593204129277,-2.0882820497653953,1.7348385831923177,-0.06749350369002304,1.7525287222704646,0.0,,0.0,-0.26176542549310977,0.0,,,-0.16778677692049265,,-0.043324695133829326
2017-07-24,1.0591262201383733,0.38712399142967924,0.0,-0.8691398875776387,0.5194137905937158,-1.2395322578267665,1.0,1.0546208709109437,0.0,-0.4578165716410851,-1.8342938883086972,1.7599222241297654,-0.06530088549703002,1.7307806034094897,0.0,,0.0,-0.279135297364088,0.0,,,0.19859396581161684,,-0.22448851759512162
2017-07-25,0.9728801706455672,0.33575707365825114,0.0,-0.9463946506354566,0.4410126433651871,-1.32181859450874,0.0,1.026159845892316,0.0,-0.5608739899789115,-2.0762244398689607,1.797403637385994,-0.06314027920019462,1.7216931017268353,0.0,,0.0,-0.3345425851186534,0.0,,,-0.16526807026487808,,-0.8626589365949909
2017-07-26,0.9438829668443092,0.3475637757849892,0.0,-0.9429985776782486,0.45222714262099306,-1.3554985941939057,0.0,0.9989031161805135,0.0,-0.6528484059125009,-1.6914634875040473,1.8350394629847941,-0.053265033416236285,1.7120308242685667,0.0,,0.0,-0.27766934551117833,0.0,,,0.7279868653137371,,-0.6265932525537294
2017-07-27,0.9038980049639747,0.3583325012721935,0.0,-0.9785510974193191,0.4485819974039522,-1.366736828114607,0.0,0.9727947340441967,0.0,-0.7248570627328026,-1.546185143645826,1.8741092408643154,-0.051515899903248334,1.7015785280890576,0.0,,0.0,-0.24149128549700372,0.0,,,0.5379200313711264,,-0.6218910153123562
2017-07-28,0.8756513623955164,0.37258153096134705,0.0,-0.9569955701127006,0.4963775165819779,-1.351225120722438,0.0,0.9479949269210183,0.0,-0.8145849999186124,-1.385901138184015,1.890165250954344,-0.048609137691885594,1.6855656175946103,0.0,,0.0,-0.3512970145242315,0.0,,,0.7042305483265393,,-1.4236227660699632
2017-07-31,0.8813907719886028,0.36642553962654745,0.0,-0.9202952727268027,0.5519940282400069,-1.307131048871231,1.0,0.9244554422133454,0.0,-0.8449584541562158,-0.7538080633175903,1.8988890837535652,-0.04010225275376725,1.6663210669836115,0.0,,0.0,-0.2222251908016676,0.05,,,1.2050167171600028,,2.2829738352209206
2017-08-01,0.8870103127796897,0.36063537393665523,0.0,-0.8840645531495998,0.5764486734295898,-1.2336497448438277,1.0,0.9022314266405598,0.0,-0.8713810163198563,-0.6656270016392244,1.9231394825280375,-0.026897851861573445,1.645226043720224,0.0,,0.0,-0.25988502837951294,0.05,,,1.178828260518841,,-1.120064128419888
2017-08-02,0.88138383429871,0.36526686381670614,0.0,-0.9138462677489948,0.5715067390718712,-1.1545793914170126,1.0,0.8813501236647336,0.0,-0.9014651467395239,-0.7940329393801296,1.9328606604129477,-0.011601874116284026,1.6245741582470123,0.0,,0.0,-0.26908929430132156,0.05,,,0.9895885179816957,,-0.43189048015749354
2017-08-03,0.886819524215826,0.35988042949412313,0.0,-0.9243026535795724,0.6014042909393792,-1.0810891906673168,1.0,0.8619906794982464,0.0,-0.9255626895500069,-1.0458145538345447,1.961936822180006,0.012129041559765233,1.6088050165614405,0.0,,0.0,-0.26189612293205144,0.05,,,1.139257865940568,,-0.1788750813795321
2017-08-04,0.8809656689242977,0.3645048259208068,0.0,-0.8624359071825558,0.640923872250575,-0.9929012631929091,1.0,0.844191855620205,0.0,-0.8974168992136005,-0.12436002894021173,1.9873867097090616,0.029507862285609955,1.5928210564518293,0.0,,0.0,-0.2474808869291591,0.05,,,0.9563222933083625,,0.40679325752468243
2017-08-07,0.8976281221614183,0.351870388960249,0.0,-0.6988895165662908,0.6981592525207466,-0.8684757842235825,1.0,0.8277057860971686,0.0,-0.8243839049256859,0.46333844132333213,2.0152633437901892,0.03912076346111404,1.577973569564902,0.0,,0.0,-0.14343890000572249,0.05,,,1.0962957485770433,,0.7000372545783129
2017-08-08,0.8803847447711644,0.361536374916561,0.0,-0.6185838865415604,0.6986891874462373,-0.7366179677771613,1.0,0.8121225112897663,0.0,-0.7663322717557516,0.3507734718164346,2.062183026965866,0.05297506633254756,1.5628855355649662,0.0,,0.0,-0.08108744664671448,0.05,,,0.7490998986944754,,0.8080539995244643
2017-08-09,0.8067561247229822,0.3392574942202149,0.0,-0.6833276998925861,0.6151051932722692,-0.6493739545750705,1.0,0.79741019690651,0.0,-0.7588519929627092,-0.3323512162845094,2.0977788271021414,0.058258613088917624,1.5398792413803912,0.0,,0.0,0.017996614250774045,0.1,,,-0.05508742558559976,,1.3702059694953637
2017-08-10,0.733576281102166,0.35149112902346424,0.0,-0.7808447775153384,0.5190178551716618,-0.6005341245097064,2.0,0.7837413470138638,0.0,-0.7669823165269841,-0.8273935276684188,2.1367881416814725,0.06435318562630009,1.5183474853019086,0.0,,0.0,0.0701414623167092,0.1,,,0.09725073086755681,,-0.37082641877342987
2017-08-11,0.6718280126314722,0.35673235485274823,0.0,-0.8665685726232649,0.4241817002472698,-0.5711470491059705,2.0,0.7711820585521718,0.0,-0.7941378393387011,-0.9759131933655879,2.175140600798701,0.06644351911971612,1.4998956298823911,0.0,,0.0,0.140988977417073,0.15,,,0.09270211372656231,,1.1799166894255815
2017-08-14,0.6663679791032743,0.35245190636450374,0.0,-0.80689102219752,0.3983057904672422,-0.5049234769370801,2.0,0.7598043905822823,0.0,-0.7734342748313859,-0.40643136062349977,2.204712020697762,0.06444994432623685,1.483583199353977,0.0,,0.0,0.030610521930750468,0.15,,,0.08956134796652604,,-1.4416624078738438
2017-08-15,0.6604543144425817,0.3457315744829579,0.0,-0.742270181162998,0.33844176447555224,-0.4331263372990792,2.0,0.7493428744197708,0.0,-0.7464337145757141,-0.5902468904432048,2.213321305090167,0.0488438112414909,1.4660495158176812,0.0,,0.0,-0.03663405230346185,0.15,,,-0.0652155249225675,,-0.8969850427946399
2017-08-16,0.6543347302241231,0.3411356417831175,0.0,-0.6935900936787346,0.2926605520081882,-0.36247993936066647,2.0,0.7396681539990747,0.0,-0.705297027867082,-0.45135931253213124,2.2277489603390803,0.032713812768942356,1.4502877173038302,0.0,,0.0,-0.07186022119843571,0.15,,,0.08398769193468097,,-0.30129006842184947
2017-08-17,0.6136717085858561,0.30552834668080664,0.0,-0.7107214080577742,0.1768947506684967,-0.3123560938668759,2.0,0.7307087176865483,0.0,-0.6956638669546151,-1.0822410639212992,2.256605134654054,0.033614381375990585,1.4462984091869138,0.0,,0.0,-0.13174564059254407,0.15,,,-0.2188840049090176,,-0.8387210065395393
2017-08-18,0.6185184127790787,0.3112347941926471,0.0,-0.6523923297657198,0.09086337910643599,-0.26122493379249573,2.0,0.7225151181673715,0.0,-0.6836883862851342,-1.4812779662582847,2.2846113718424985,0.033143451110977024,1.4422469844031327,0.0,,0.0,-0.19570738363724677,0.15,,,-0.07095234158694001,,-1.322559556027884
2017-08-21,0.6004968229360066,0.29645935399104106,0.0,-0.6014165465760921,-0.015245963138775784,-0.21375230416290164,2.0,0.7148778538881926,0.0,-0.6834438107392208,-1.427403599236038,2.323606763841623,0.03264214251627867,1.4385938812908536,0.0,,0.0,-0.2008434413859343,0.15,,,-0.07336315380861812,,-0.3272096725688717
2017-08-22,0.5935598175591363,0.28744416386066163,0.0,-0.670967274455158,-0.1557103078888267,-0.2065841991289928,2.0,0.7076245659258337,0.0,-0.6839460638032613,-1.6437811469901715,2.350090195689298,0.033109811106607476,1.4363781983662764,0.0,,0.0,-0.22430878017345562,0.15,,,-0.22536828097553666,,-1.3319657123454178
2017-08-23,0.5298453446483729,0.261942665673625,0.0,-0.802746981910241,-0.26081060952523477,-0.22931887915092702,2.0,0.7009109031351117,0.0,-0.6755394428929404,-1.0502634055628666,2.36154637646665,0.031583515762224824,1.4314321188945698,0.0,,0.0,-0.21978807459083122,0.15,,,-0.22984144346488672,,-0.5361791409012412
2017-08-24,0.5008166124029965,0.2571545241746024,0.0,-0.8755147178846158,-0.32817273720994394,-0.24921915810539597,2.0,0.6948634536840009,0.0,-0.6534867651715152,-0.6095883206815172,2.3755698778419,0.029496949362256313,1.423580317003827,0.0,,0.0,-0.08642284280629084,0.2,,,0.07185367240291649,,2.045413620378451
2017-08-25,0.47206699843027966,0.26277581072663014,0.0,-0.997907453836884,-0.3882408675781716,-0.27686104423354635,2.0,0.6894264506845096,0.0,-0.6559704805462535,-0.9180509132641375,2.387138479552018,0.02155612787195987,1.421226102735925,0.0,,0.0,0.12856482354882853,0.25,,,0.22335780904631083,,2.8761305610324244
2017-08-28,0.40969715520520217,0.3100452980206879,0.0,-1.08656410554366,-0.410905265065488,-0.31910089528020935,1.0,0.684732968310553,0.0,-0.7073676647663005,-1.2427040362203563,2.3813107729823066,0.012808754617849636,1.4182468333929492,0.0,,0.0,0.12087913123744702,0.25,,,0.22161104342684276,,2.12925998899329
2017-08-29,0.33618200069335835,0.3631563849409236,0.0,-1.1567297486663173,-0.4490486757786453,-0.3746520553321178,1.0,0.6807706469286461,0.0,-0.7445936153178012,-0.8432396321715621,2.380548332629394,0.0043951509651505615,1.4149124689774717,0.0,,0.0,0.31637995791910617,0.3,,,0.06281941569754956,,2.7899524052132953
2017-08-30,0.26265162222191574,0.39961415245262155,0.0,-1.1786511822676848,-0.47417874988403386,-0.42571088500224635,2.0,0.6775282618553664,0.0,-0.7498650876819151,-0.31522954796948316,2.375325911136053,-0.007496763533736178,1.4127123269399597,0.0,,0.0,0.45410096754680673,0.35,,,-0.09846206881644003,,2.3225297123965167
2017-08-31,0.20181579925627413,0.47935143968413607,0.0,-1.225671348375686,-0.48783769138532496,-0.45732562327416854,2.0,0.6749107218217113,0.0,-0.706015853387871,0.4007051280208743,2.382473585713694,-0.008814821547139324,1.4123629122577728,0.0,,0.0,0.4917878184429864,0.35,,,0.22144885690675106,,0.5748619365440618
2017-09-01,0.16422978729529597,0.5394417136445342,0.0,-1.241827701155079,-0.46535981123846726,-0.4678228679229187,2.0,0.6730007355347857,0.0,-0.6854939567745844,0.8586855587884037,2.379372646534944,-0.012710084754277574,1.4116605607404245,0.0,,0.0,0.3931330427260261,0.35,,,0.3839367919527902,,-1.566302256814522
2017-09-05,0.127359625683595,0.6336649777384673,0.0,-1.287076050824045,-0.4515726638446182,-0.46745688028784266,2.0,0.6719649898684462,0.0,-0.7041452616327064,0.6548563503530341,2.3709222530613023,-0.014254455482960629,1.413903645854184,0.0,,0.0,0.3313539049613191,0.35,,,0.547656792632715,,-0.535545500715828
2017-09-06,0.12481282120135158,0.6403681076642063,0.0,-1.3098515734888403,-0.4742845554115816,-0.4515412509882174,2.0,0.6720294892028882,0.0,-0.6955199607127591,1.0808417496298761,2.379956263446162,-0.007057446590206475,1.413826668434551,0.0,,0.0,0.2254918053236093,0.35,,,0.7143751612645795,,-1.3091879932297323
2017-09-07,0.16709628832651927,0.6167114523807022,0.0,-1.2173550848906083,-0.4768360101857312,-0.38042910764557747,2.0,0.6732531879329045,0.0,-0.6588427623090095,0.9377575247759453,2.3736484003868004,-0.009404510501058398,1.4116782927381708,0.0,,0.0,0.09756432153562158,0.3,,,0.5500357467777198,,-1.1883437062643911
2017-09-08,0.2096987448162178,0.5745727644383694,0.0,-1.1434644531886518,-0.5076360132570927,-0.2744937119104579,1.0,0.6753407338860974,0.0,-0.5709728570309398,1.4120207248496168,2.375377203329192,-0.011603335603903928,1.4091900875471266,0.0,,0.0,0.0955410487446656,0.3,,,0.7209471140262727,,-0.4112918745925496
2017-09-11,0.2404228156280721,0.5582026539837608,0.0,-1.134293169955742,-0.5947212230510681,-0.16048519141191467,1.0,0.6782084550566402,0.0,-0.501368405034014,0.8695264467259405,2.3580919216673295,-0.02134159972889079,1.4014823182423137,0.0,,0.0,-0.006167548846353954,0.25,,,0.550700374411272,,-0.8542552623948091
2017-09-12,0.25930344977543973,0.5549413172891907,0.0,-1.134866496495285,-0.6218768406278063,-0.05722984075084368,1.0,0.6818550153569969,0.0,-0.4718369531117239,0.6147049582740426,2.3394019554532783,-0.024592854554521097,1.3925701958547005,0.0,,0.0,0.06937452340560779,0.25,,,0.37958032176467105,,0.0691790371653911
2017-09-13,0.28954431449123985,0.5600092562602419,0.0,-1.0275028497942404,-0.5856968887167595,0.05428758243725633,1.0,0.6862569091168209,0.0,-0.3925320971980537,1.3819736492568948,2.3252384550432175,-0.03637973129097654,1.3844290113127238,0.0,,0.0,0.09037309733115322,0.25,,,0.3800604163267949,,-0.4770135642837311
2017-09-14,0.331763791119107,0.5364684195193514,0.0,-0.917764946862607,-0.5331647901030214,0.1685525594074821,1.0,0.6911512978855429,0.0,-0.32516074548310575,1.2508608495980815,2.3041857672468864,-0.04969706953525372,1.3762835996533136,0.0,,0.0,0.022639321330081664,0.25,,,0.7342452023221344,,-1.6559655884432805
2017-09-15,0.3849966737754166,0.55643208647272,0.0,-0.724062437426527,-0.47450237786151633,0.29005886962331956,1.0,0.6964208496160182,0.0,-0.23550552450601847,1.0318966699262777,2.28234418184882,-0.050381264392017934,1.3648642454133122,0.0,,0.0,0.002534100685012042,0.25,,,0.5524779856847764,,-1.240825419440932
2017-09-18,0.4501604614565765,0.5375008069020657,0.0,-0.5438698113338832,-0.3982476103662906,0.417835786805286,1.0,0.7018347894614226,0.0,-0.09955162219156712,1.5159767454022077,2.273110651301601,-0.04429808075046473,1.3545384365011284,0.0,,0.0,0.024711051513386973,0.25,,,0.9065144857631525,,-0.8790205394603852
2017-09-19,0.5032867260485128,0.5446155837411566,0.0,-0.37243508777213213,-0.3496574221705311,0.5402913154725539,1.0,0.7072307784619757,0.0,0.008346627935377982,0.9668143422064068,2.276024662091066,-0.036908289389052565,1.3445141728564014,0.0,,0.0,-0.020982529238137565,0.25,,,0.7193796722611303,,-1.2410812875993624
2017-09-20,0.5795433612757563,0.5672741095586278,0.0,-0.15750158726095126,-0.2960454116196799,0.6651629527678478,1.0,0.7124947829410869,0.0,0.15609810638032634,1.4846351625594214,2.2716638739848425,-0.036519663452803136,1.3341552426278562,0.0,,0.0,0.0008519822426900026,0.25,,,0.8906897067298974,,-0.8952754827288665
2017-09-21,0.6556001059964448,0.6076868997094528,0.0,0.016900332225348712,-0.24376519330675708,0.7745472995356909,1.0,0.7173935528645768,0.0,0.26075190103118767,1.1720785710479327,2.2689718103293117,-0.0372375355136818,1.3226460334174925,0.0,,0.0,-0.01780934602091715,0.25,,,0.8802004007175864,,-0.9094057061733842
2017-09-22,0.6963584275454411,0.6255220943524832,0.0,0.15386735403845814,-0.18769610758692368,0.8586447143775195,1.0,0.7218172248042006,0.0,0.3483119788288456,1.246154329695483,2.2621884678881843,-0.03820332015000039,1.311497008287806,0.0,,0.0,-0.1767977557838059,0.2,,,0.6909014760629996,,-1.1343545748793242
2017-09-25,0.7371978590481221,0.6223188624446307,0.0,0.2396736473927563,-0.17037958072774267,0.9283316220885647,1.0,0.725663022637678,0.0,0.45400202992031147,1.2531376434948658,2.262880636499077,-0.03541796005573547,1.2987629703720958,0.0,,0.0,-0.3266694284116376,0.15,,,0.8543652164233394,,-0.12130289152420884
2017-09-26,0.7660452830464078,0.6331002649609385,0.0,0.28304253082104125,-0.15406840291320992,0.9734744117888958,1.0,0.728911401794314,0.0,0.5763980474961249,1.2160287124648368,2.2735082033607363,-0.030252972021740383,1.2883829056953509,0.0,,0.0,-0.38421028144637176,0.1,,,0.6669153512886601,,0.9784429282986067
2017-09-27,0.8182426910965915,0.6606519865114779,0.0,0.3237947453471445,-0.15554240502301067,1.0032550990928377,1.0,0.7315903547256007,0.0,0.6363615991064401,0.3317991857191911,2.282193215712296,-0.03002889608645268,1.2753624127003669,0.0,,0.0,-0.511508288831484,0.05,,,0.8281650989400073,,0.24399225751104908
2017-09-28,0.8583493528701872,0.7430203567304632,0.0,0.3335935018403936,-0.17198786573903013,1.015179376834834,0.0,0.7336400208742825,0.0,0.6655460990974141,0.2286882707462909,2.2896096132652426,-0.0320033158416423,1.2639326772650197,0.0,,0.0,-0.5540582968873318,0.05,,,0.47506111171212817,,1.4715295512795634
2017-09-29,0.8868024827918202,0.7761904273537797,0.0,0.3387003369883778,-0.18133300015966314,0.9982167299356473,0.0,0.7351008989355764,0.0,0.6885478404502183,0.8078910688694038,2.2869788538355964,-0.03174526452119715,1.253417919064648,0.0,,0.0,-0.5661596265554938,0.05,,,0.6390702167032962,,0.3328353431808201
2017-10-02,0.8799239677546696,0.7636082335001397,0.0,0.24591955977854354,-0.24263217190964734,0.9438582198368355,1.0,0.7360002441812294,0.0,0.6861404118497795,0.744061197207094,2.2866974029817704,-0.03205221943003479,1.2426726902997338,0.0,,0.0,-0.48460003338457,0.05,,,0.2957617658606326,,0.06488960660395537
2017-10-03,0.8615650689080152,0.7422181134234584,0.0,0.09801523069156796,-0.3620166795548594,0.8505379362537289,1.0,0.7365891389820141,0.0,0.6728190541786361,0.3172477970199402,2.2780453428937806,-0.03574294400064821,1.2292974343290701,0.0,,0.0,-0.501996113567559,0.05,,,0.2950032489252895,,-0.8834671043756097
2017-10-04,0.8435156717714338,0.7403952158745913,0.0,0.08639195709382515,-0.3954245447187652,0.7536422933215114,1.0,0.7371101058901826,0.0,0.6259884596907395,0.07235637414879867,2.2605101616699512,-0.03199212735928888,1.1961245183109128,0.0,,0.0,-0.4611464157119142,0.05,,,0.46533897445488903,,-0.49219403611683593
2017-10-05,0.8491954431537204,0.7409332046421615,0.0,0.0456296747139093,-0.43483709708012214,0.6505578202892194,1.0,0.7374148960962115,0.0,0.5810877902536171,-0.030335141248478692,2.2359026627099374,-0.03569264852775263,1.1617911186507377,0.02,,0.0,-0.4802178295815901,0.05,,,0.6369439325512406,,-1.569771983657909
2017-10-06,0.8432129839871795,0.7430898062776466,0.0,0.04101457381802262,-0.4700072033263592,0.55266432448369,1.0,0.7376785796649499,0.0,0.5053729848358041,-0.15630535712890836,2.2151483227187017,-0.03704637677001051,1.1271524166219538,0.04,,0.0,-0.5475111347437832,0.05,,,0.6388119303324602,,-1.7571579778364115
2017-10-09,0.849214484605494,0.7439374792038396,0.0,0.16200206241602405,-0.4488388926900251,0.47639170829282185,1.0,0.7379552759772838,0.0,0.48773372329462034,0.44888304834294124,2.1981335672510527,-0.04789200206103339,1.0909169813300388,0.06,,0.0,-0.57443291462441,0.05,,,0.6434499875617583,,-1.392690860007345
2017-10-10,0.8786527464750582,0.7510697685005447,0.0,0.2437267309804955,-0.403114560116141,0.41561257313383476,2.0,0.7380919655294618,0.0,0.4840348947540572,0.46161202937832946,2.17751017929666,-0.05684440106261338,1.0527061752367155,0.08,,0.0,-0.6485691432225275,0.05,,,0.8195618277383392,,-1.4135455347969583
2017-10-11,0.9079182470417455,0.7630204200498659,0.0,0.24733652708315454,-0.3641084849415892,0.36158856306869513,2.0,0.738143362843112,0.0,0.42500630800285955,0.12654540714464638,2.15199479153355,-0.06087467399738007,1.0141854977657843,0.1,,0.0,-0.6705685081285079,0.05,,,0.8204837105601582,,-0.9170008624033386
2017-10-12,0.9134985734538207,0.760131913231307,0.0,0.23232770844575054,-0.3253378902234961,0.3159365891872151,2.0,0.7383369027978401,0.0,0.3444553428814517,-0.4200445462157282,2.125682312460915,-0.06796802779658967,0.9753041844004241,0.12,,0.0,-0.653996024630834,0.05,,,0.8227345064706463,,-1.3245159184898019
2017-10-13,0.9308009204859724,0.7616557272164486,0.0,0.22756694749083733,-0.27113222370858325,0.29029783926522856,2.0,0.7388409961880373,0.0,0.2933433320497814,-0.05574053794934347,2.091962300185372,-0.07214487967778739,0.9342199806590805,0.14,,0.0,-0.6779252458914549,0.05,,,0.8255283197121699,,-1.7194098446533514
2017-10-16,0.9360206534148,0.7545454695835473,0.0,0.19287024626312446,-0.2261448292275416,0.2693065950990161,2.0,0.7397119704007296,0.0,0.24151175758149632,0.3976719419517637,2.0562942532901194,-0.07321843749233757,0.8943156672795999,0.16,,0.0,-0.679967988856344,0.05,,,1.008378619769881,,-0.919875398758166
2017-10-17,0.9644573883579849,0.7220905656775183,0.05,0.18604547400247518,-0.18380358483133774,0.2723133457036411,2.0,0.741105648430002,0.0,0.2263070605277108,0.55814672027574,2.021952900227737,-0.0695325545718535,0.852843508399634,0.18,,0.0,-0.6436302040187556,0.05,,,1.1925534427411097,,-0.5143255908475952
2017-10-18,0.9807341237937625,0.7002143210015981,0.1,0.1258469599614335,-0.1842882630461164,0.28794773862341977,2.0,0.7430530504636659,0.0,0.16696619790190503,0.18762423826144894,1.9797262411776952,-0.07017973848443597,0.812542147310623,0.2,,0.0,-0.5706532548498653,0.05,,,1.1952795650099426,,0.5642635006489398
2017-10-19,0.9853026379086375,0.6965064679123527,0.1,0.06788621591581195,-0.18398291313050166,0.30686613044905386,2.0,0.7457410401559712,0.0,0.15291271959493113,0.7450813731599277,1.9483288845935183,-0.06749799045931489,0.7735598926641913,0.22,,0.0,-0.48938627955268454,0.05,,,1.0167504723904315,,0.7159337997702288
2017-10-20,0.9787046760465955,0.6936864941045662,0.1,-0.05566828646543972,-0.23866792086128538,0.30893562248502704,2.0,0.749287054332908,0.0,0.07607968153307745,-0.45999730556513446,1.9116721255939608,-0.0688335968987623,0.7328601258920324,0.24,,0.0,-0.3087108104497894,0.1,,,0.6484360314127734,,2.479154807178581
2017-10-23,0.9603880741952585,0.6937168909639221,0.1,-0.2190756259712962,-0.36797597942534793,0.26369479705383664,3.0,0.7539685664362049,0.0,-0.020982974254969217,-0.8595094455117633,1.8686661737673713,-0.07056073931842914,0.6908689706440155,0.26,,0.0,-0.17028901107022693,0.15,,,0.6566358152660658,,2.6471330960670394
2017-10-24,0.9655161720612245,0.6937831256089646,0.1,-0.33545619085800515,-0.4560024915683033,0.19625013884554676,3.0,0.7601623832194094,0.0,-0.1052782082947132,-0.6437077770975944,1.8222198420163445,-0.0676998958303766,0.647833242802161,0.28,,0.0,-0.17894113219194768,0.15,,,0.8674270754878913,,0.8054005058641919
2017-10-25,0.9588254967534754,0.6962764854634862,0.1,-0.3985382536364107,-0.5139687215162627,0.13223198603412276,3.0,0.7679935741159665,0.0,-0.15756157508682772,-0.8939619557249965,1.7965992060058593,-0.060818438769546755,0.6062827420228826,0.3,,0.0,-0.13852313410170408,0.2,,,0.8878323698383169,,1.052352219315921
2017-10-26,0.9642809900161602,0.7010285461886745,0.1,-0.5071202289304985,-0.6275449043606416,0.06502957820771563,3.0,0.7775129788841955,0.0,-0.2254441077339758,-1.3159912368584603,1.7686265217752628,-0.054563047481064594,0.565873068083249,0.32,,0.0,-0.11312220080181568,0.2,,,0.699858515308001,,1.979548217277331
2017-10-27,0.9692110575319663,0.7014901537901713,0.1,-0.568824573117479,-0.6915042891277717,0.014831981448045817,3.0,0.7890668281079174,0.0,-0.3224962323036399,-1.2990124453342193,1.7204640407077818,-0.050969505389984425,0.5029139448088487,0.34,,0.0,-0.08243062014242772,0.2,,,0.9384468429344412,,0.9466669563685796
2017-10-30,0.9746308222264679,0.7112633145297329,0.1,-0.6140795478169705,-0.7921418189645195,-0.012630508218373379,2.0,0.8026307340641754,0.0,-0.4449269976752445,-1.8399363383661451,1.6658707443802194,-0.04806274662862214,0.44254196208548074,0.36,,0.0,0.04183718556712407,0.25,,,0.5149749110666217,,2.550245720794991
2017-10-31,0.9798531752167337,0.7211687745273021,0.1,-0.6344701080339367,-0.9277692592233704,-0.030742354097255065,2.0,0.8181686219402124,0.0,-0.537728551465041,-1.654255213783759,1.6096866763537856,-0.04884741000328004,0.3838670695493521,0.38,,0.0,0.10727945737548508,0.25,,,0.5304967261106249,,0.4253783317916102
2017-11-01,0.9731082052339712,0.7112439969768614,0.1,-0.7298467212110706,-1.0433118069669278,-0.053910233261590036,2.0,0.8356923949009385,0.0,-0.6229427006350157,-1.7279964470014868,1.5640224993075251,-0.04458804353698811,0.326980755484458,0.4,,0.0,0.2098974053007289,0.3,,,0.5479076598251501,,1.5601649223880405
2017-11-02,0.9197021157607258,0.6115243763240585,0.1,-0.8451363284726132,-1.1812994846393794,-0.10331479790627611,2.0,0.8554707916958675,0.0,-0.7135607614894555,-1.9010633861862107,1.5137646146873385,-0.04907230734824959,0.2735779100647609,0.42,,0.0,0.37830620026776784,0.35,,,-0.2108104692245978,,1.7984039156828695
2017-11-03,0.8894836585402862,0.5852261259497249,0.1,-0.895421910701429,-1.2561723239042513,-0.15449508795488337,2.0,0.8777358473561977,0.0,-0.7811636496162023,-1.522083835635111,1.4644639254921472,-0.0484625631647369,0.22634711121279605,0.44,,0.0,0.5308581371697798,0.4,,,0.3178365804422275,,1.2938807602038291
2017-11-06,0.8825217867484652,0.5837480208560712,0.1,-0.9058998312822637,-1.2392865026820006,-0.19675381034553707,2.0,0.9025047331185535,0.0,-0.8588250715572135,-1.0749825968895157,1.4173898881548177,-0.0470179628421298,0.17745705138284543,0.46,,0.0,0.7208568270597442,0.45,,,0.9035861034323385,,2.4072829377919414
2017-11-07,0.8638267952054368,0.5856470081523433,0.1,-0.934869410851821,-1.2140640698537388,-0.23546164966826844,1.0,0.92957340999333,0.0,-0.9412203403436454,-1.1283986328960443,1.3673528156882508,-0.04908519195017045,0.13010678341028195,0.48,,0.0,0.7609779383681083,0.45,,,0.9342359754601602,,-0.6111233086296747
2017-11-08,0.8452447597835002,0.588077401023755,0.1,-0.9368681648716746,-1.1723811163278588,-0.24796486997039713,1.0,0.9588952171875705,0.0,-0.9858312437111447,-0.6961968103056025,1.3353364209712333,-0.03959728866421654,0.08613643172930993,0.5,,0.0,0.8678433552814109,0.5,,,0.9634316398452857,,1.2203074758627146
2017-11-09,0.8267427883005505,0.5910545738484287,0.1,-0.9347140769990758,-1.1278249197045043,-0.2535000684509071,2.0,0.9902015725385608,0.0,-1.0028483374651054,-0.694129120302432,1.3039695727374818,-0.033264219548139955,0.04529024310323038,0.52,,0.0,0.9678514742194506,0.5,,,0.9886948364894009,,0.6756464602709945
2017-11-10,0.8202748576300778,0.5941794580366111,0.1,-0.9220594954044024,-1.0593294332195442,-0.2487281388809932,2.0,1.0232773091020928,0.0,-1.028564390751024,-0.4890679160741831,1.2795390960612054,-0.016870767606234308,0.013001944092492413,0.54,,0.0,1.08156429885759,0.5,,,1.351871961542136,,0.554846648109434
2017-11-13,0.7903414422476807,0.609532705637156,0.1,-0.9231890930270777,-1.0118627637340425,-0.22882014996940309,2.0,1.0579419232084732,0.0,-1.0523255218843521,0.019557829541909988,1.262780593381803,0.00018907717682975608,-0.017345718740737134,0.56,,0.0,1.1754547568206246,0.5,,,1.0288099352658882,,0.9579337605025255
2017-11-14,0.7611056417030291,0.6467971679866338,0.05,-0.9146419305716091,-0.9588673177998193,-0.20611100703478485,2.0,1.0940466559952824,0.05,-1.0629329495009743,0.4595333811604052,1.2444037637374559,0.018069486232508054,-0.04648656952595166,0.58,,0.0,1.1938244370071365,0.5,,,1.407454870154653,,-0.14693198711736052
2017-11-15,0.7562253691778248,0.6570799542246084,0.05,-0.8211187935210542,-0.876509502658023,-0.1762657354324003,2.0,1.131255289131817,0.1,-1.0161231914071354,1.225552519012044,1.2193358485993389,0.03248634645253501,-0.0726674570192984,0.58,,0.0,1.1462808427034232,0.5,,,2.1644440244978713,,-0.38660838542532255
2017-11-16,0.7630160399068014,0.6454062745101873,0.1,-0.6716548649801358,-0.7472462319221135,-0.12378859174208375,2.0,1.1692266447116746,0.15,-0.9484631407085322,2.1823378647267213,1.2070973078800216,0.05378229093348645,-0.09379038990594885,0.58,,0.0,1.0833254425326877,0.5,,,2.18722154015624,,-0.5431742036444785
2017-11-17,0.8047712654383122,0.5960517097647938,0.15,-0.5346728684424427,-0.6842448135114186,-0.05257933808513171,2.0,1.207586538370502,0.2,-0.8121582863311874,2.3069615202649296,1.1969783755720012,0.07114780795785518,-0.11615370910885221,0.58,,0.0,0.9062490192855185,0.45,,,2.580452784919283,,-1.0623736577648073
2017-11-20,0.8342145019426626,0.5764409571423518,0.2,-0.2852098053027494,-0.6033367840278524,0.07183862400143645,1.0,1.246138750996171,0.25,-0.6790743755875213,1.800622201674018,1.2096461874071163,0.0902422858085347,-0.13670286270281232,0.58,,0.0,0.7599344620844996,0.4,,,2.2087894121235263,,-0.279158047953341
2017-11-21,0.8760231249603938,0.5205465236429907,0.25,-0.09977980374139235,-0.5373400342842002,0.2472277387912128,1.0,1.2841693477918459,0.3,-0.5346977030528116,2.1991140101552884,1.2123570344226136,0.10180956854844561,-0.1566434174210328,0.58,,0.0,0.6958801960381413,0.4,,,2.9898088728636765,,-0.47568481506297333
2017-11-22,0.9293518952592011,0.45133187963087684,0.3,0.10176444415648629,-0.43003753318035415,0.4283098048125146,1.0,1.3211778566640067,0.35,-0.3810702589742013,2.09210549530838,1.2162661418848704,0.11844243996049207,-0.1756962165383248,0.58,,0.0,0.6288065296756058,0.35,,,3.3637315402715795,,-0.2891211079347868
2017-11-23,0.9814775601910786,0.4190234246365434,0.35,0.36642097550903024,-0.3277208111119296,0.6189588709976153,1.0,1.3566023426886535,0.4,-0.20641836817445586,2.034331622827942,1.220876834047927,0.12996882015597155,-0.19316027951945444,0.58,,0.0,0.49800126152322355,0.3,,,2.933271856636783,,-0.636557145770316
2017-11-24,1.02152648216553,0.3914884552964897,0.4,0.6244470334565105,-0.1815477460240203,0.7998584246862948,1.0,1.3896090650394384,0.45,-0.031075404573443287,1.993150871069252,1.2263713777374696,0.13637047504127042,-0.20623787422553735,0.58,,0.0,0.4416465790594056,0.3,,,2.88005818464425,,-0.1804266929077784
2017-11-27,1.0958062480519242,0.3654169950714735,0.45,0.9732023340295395,0.0035358102287224155,0.9738059619751593,1.0,1.4197096270297822,0.5,0.1751733252611871,1.993048753380752,1.2286585807173334,0.13813722859557662,-0.21539979991773317,0.58,,0.0,0.30006116364053537,0.25,,,3.1867132609599995,,-0.2814625875824132
2017-11-28,1.1575874844315597,0.36447188546730824,0.5,1.299547324515206,0.13636952246424894,1.1599820749856335,1.0,1.4461722155356105,0.55,0.3731522279586973,1.9488094066297432,1.2322070436350159,0.13657888816024524,-0.21262400903427425,0.58,,0.0,0.2543473508676326,0.25,,,2.723822434292694,,-0.48889792366644486
2017-11-29,1.2310630437646204,0.35808356182245304,0.55,1.6134550239864,0.28243528666703854,1.347427919411535,1.0,1.468454939283521,0.6,0.57457051156337,1.8938338711391913,1.2439131657704492,0.13766029109045358,-0.2076999779899034,0.58,,0.0,0.29676817388827204,0.25,,,3.0026911582814755,,2.4085813828008287
2017-11-30,1.3394324483318303,0.4315705398295768,0.6,1.9558379160328474,0.434871591529597,1.553942319983485,1.0,1.485852402535905,0.6,0.7822915148545225,1.7873930378498217,1.2544579086841436,0.12886547186455327,-0.2017752783735101,0.58,,0.0,0.16439118739292674,0.2,,,2.9042407414714293,,-0.8491358142240364
2017-12-01,1.4245542104971758,0.4742196731915036,0.65,2.2364264172031754,0.6089975730324182,1.7451463550978414,1.0,1.4974731094121272,0.6,0.9772929896299731,1.8441557388381302,1.2710324306325214,0.12031377955630036,-0.1950850953162256,0.58,,0.0,0.06253468881091828,0.15,,,2.7777190732234316,,-0.7432492114363399
2017-12-04,1.4860872900909787,0.48762304616603547,0.7,2.4239096885521167,0.8090010048240829,1.8485866438528755,1.0,1.502804624636023,0.6,1.1382045379764243,1.5611136085508786,1.2881933195675384,0.11273692519194363,-0.18620511123972616,0.58,,0.0,0.030911247511874084,0.15,,,2.630870598048819,,1.7748141118110576
2017-12-05,1.547484043736342,0.5103939201743717,0.75,2.4944925795965722,0.9235498707575029,1.8485866438528755,1.0,1.501462311801054,0.6,1.2944808027222277,1.3770239429624849,1.2885039372151583,0.08833485874027822,-0.17658949918903158,0.58,,0.0,0.1062121329554652,0.15,,,2.4612577439156196,,0.8948944002421475
2017-12-06,1.6089740332091793,0.5436877525865782,0.8,2.4841611009350584,0.9864007713637799,1.8485866438528755,1.0,1.4933201317305884,0.6,1.4303987818709683,1.3868066968273338,1.2991668197993385,0.0768276653894096,-0.1686798612847086,0.58,,0.0,0.033249223472134,0.1,,,2.2913936798106245,,-0.2389507138039094
2017-12-07,1.658755350503601,0.5950816645247267,0.85,2.4650131672231526,1.0449521582239083,1.8485866438528755,1.0,1.4785758253447132,0.6,1.5592369123106553,1.228473070286657,1.3108759779857442,0.061173147701013626,-0.16307116951864636,0.58,,0.0,-0.006509180800139611,0.1,,,1.8638540306537783,,-0.11952162517447772
2017-12-08,1.6971123455480275,0.6314724676384469,0.9,2.393618137195944,1.08176695474339,1.8485866438528755,1.0,1.457204358656419,0.6,1.616631841123111,1.1435757341517236,1.3244625437781132,0.051329391854417,-0.16258558486663013,0.58,,0.0,-0.05561524978540178,0.1,,,1.7162016874571075,,-0.42727473159580953
2017-12-11,1.7224528922329327,0.691034475479021,0.95,2.2621119946032486,1.0364510834020415,1.7813727716245122,1.0,1.42928548953302,0.6,1.616631841123111,0.5828879928402435,1.332153900438858,0.039908163443808195,-0.16210504535515738,0.58,,0.0,-0.038535339850626474,0.15,,,1.099866352177448,,1.2995319591980317
2017-12-12,1.7363134759529977,0.7238051399542677,1.0,2.0917659478861963,0.9549855018313446,1.5570685767275665,1.0,1.3951266933166078,0.55,1.616631841123111,0.5766613474325757,1.3574502464642548,0.03456219593474122,-0.16119590126897826,0.58,,0.0,-0.03706508196191956,0.15,,,0.99815210479519,,-0.1175268293432221
2017-12-13,1.7000764899330683,0.642645721554809,0.95,1.8763989357763289,0.856532949192459,1.3208907682763082,1.0,1.355232157641687,0.5,1.616631841123111,-0.11512835785355469,1.376152163390122,0.023381329803071088,-0.15135233008925858,0.58,,0.0,-0.02759711525365178,0.15,,,0.5051812576680759,,-0.19724905125996697
2017-12-14,1.7186311290190617,0.6496399049004495,0.95,1.7068878815224289,0.8499094246881985,1.0706558657328562,1.0,1.310047429323938,0.45,1.616631841123111,0.1724924654206227,1.4088044387595795,0.02155115627868491,-0.1375372936626977,0.56,,0.0,-0.02367636279375748,0.15,,,1.1702905358402997,,-0.4647591544465926
2017-12-15,1.7256881943503657,0.6501546681102317,0.95,1.6555730152509913,0.8851280743667503,0.8255150579380326,1.0,1.2597271310109925,0.4,1.5785464524384127,0.019073320920623638,1.4358307061411848,0.01634732427789174,-0.12533492766721674,0.54,,0.0,0.1098753526128119,0.2,,,1.0244619780895223,,1.6086606503665801
2017-12-18,1.7456367319682795,0.659921497643539,0.95,1.6354521092793675,0.972942222417902,0.6099909439190506,1.0,1.2041127429895622,0.35,1.4825972550914706,-0.539472586125506,1.4706394372345697,0.02240716057233346,-0.10383222933415409,0.52,,0.0,0.18893473233992666,0.25,,,0.8753781362094964,,1.3020295465889542
2017-12-19,1.7277757307477848,0.6561461563965006,0.95,1.584212015581537,1.0137251677632542,0.3873893652861059,1.0,1.1432501656442262,0.3,1.3753130693099984,-0.3003986477848878,1.500663642983232,0.01741721258184848,-0.07630706639408534,0.5,,0.0,0.2573635780976587,0.25,,,0.5984447316976996,,0.8928921000916669
2017-12-20,1.7130561289320432,0.6653812698498713,0.95,1.4877140791954357,1.0549719569703508,0.1816485205911972,1.0,1.0776379338569935,0.25,1.265157948353041,-0.40205913637813084,1.528938688383854,0.01499234950414861,-0.04593719469147196,0.48,,0.0,0.31290565748849164,0.25,,,0.5555229539934524,,0.8217204798818727
2017-12-21,1.711563040653997,0.665766703293935,0.95,1.3655209614961334,1.062023759551578,-0.022649295027824846,1.0,1.007801060883186,0.2,1.1543166112302272,-0.40481720893307327,1.5520837100898641,0.0045619601726233075,-0.013895614480942889,0.46,,0.0,0.3381708263959537,0.25,,,0.39951383974341226,,-0.1312537676210744
2017-12-22,1.7112657344714068,0.6658379329579925,0.95,1.1836712116259351,1.0546042044023234,-0.21669242311039777,1.0,0.9345014618071185,0.15,1.0031705456132332,-1.1652537740062192,1.5730973922286673,-0.0051700937373793604,0.02169298884451278,0.44,,0.0,0.29950662192079264,0.25,,,0.2544217209676391,,-0.9537107824109996
2017-12-25,1.7000991799216927,0.6726384662094621,0.95,0.9202966119348515,1.0023811774560962,-0.3974166491696399,1.0,0.8585809382166574,0.1,0.8485970109951554,-1.165798260215312,1.5998499457218236,-0.011398623357767429,0.05347151574572526,0.42,,0.0,0.2997255480800046,0.25,,,0.12146798524519838,,-0.27708406439817446
2017-12-26,1.7017701622090329,0.6722651796926451,0.95,0.7699143304189845,1.008297514215363,-0.5599619140993907,1.0,0.7810785667309189,0.05,0.7190029971458556,-0.6600413141811563,1.6204357333596422,-0.01811631350567035,0.08786539167050084,0.4,,0.0,0.27184348632753697,0.25,,,0.005548549351886574,,-1.0465391587157973
2017-12-27,1.6919159755021123,0.6782205331702078,0.95,0.590303191190919,0.9968635487245419,-0.707272889551587,1.0,0.7023186181212078,0.0,0.5915709556964328,-0.6240206452290138,1.6480918478994793,-0.01895758156668332,0.12148110483733042,0.38,,0.0,0.11130443379656282,0.2,,,-0.10725405357915632,,-0.8021996678186545
2017-12-28,1.681534946004517,0.6846884826417631,0.95,0.4581954250689526,1.0446547939506121,-0.826194100118449,2.0,0.6229181467009243,0.0,0.46748285341700135,-0.6249539098236385,1.6778223104467376,-0.017104366423989742,0.1596740929015209,0.36,,0.0,0.08750181899719374,0.2,,,-0.21353548345694673,,-1.3251881102114178
2017-12-29,1.6714007637999173,0.6913557559833909,0.95,0.32808713731604777,1.1202487744774556,-0.9232931867495132,2.0,0.5433526942042407,0.0,0.33831440878774166,-0.633021202829321,1.708902588622867,-0.014986535166549676,0.21111862703572565,0.34,,0.0,0.15731438175872542,0.2,,,-0.3244594266215211,,0.6530020437942933
2018-01-02,1.6617142973338428,0.6980289263505097,0.95,0.19768530380453306,1.2263146792071102,-0.985387612996975,2.0,0.4639266449202938,0.0,0.23168344354043593,-0.44632950079196476,1.7587347781185365,-0.0004937545759761857,0.2671732255354802,0.32,,0.0,0.16380189822855215,0.2,,,-0.4396402164087532,,1.9045644412075926
2018-01-03,1.6520380879808367,0.7048726205603688,0.95,0.1654613859962134,1.3380798477792575,-0.9745843097756314,2.0,0.3850969466596682,0.0,0.15881050877550376,0.053621527498162985,1.8039047317683916,-0.0005024910561469162,0.32588801786206617,0.3,,0.0,0.16817086415885135,0.2,,,-0.5584027117125074,,0.9822737188481316
2018-01-04,1.6416814970763085,0.7123333903216831,0.95,0.23815677463909363,1.5050506149257743,-0.8953844153764818,2.0,0.3065791401053316,0.0,0.10591010422151628,0.45561221864100865,1.8456727613754516,0.005879398624812792,0.38918460268082006,0.28,,0.0,0.12100504905960459,0.2,,,-0.6887066596543854,,-1.1822670157888453
2018-01-05,1.642469455522259,0.7121168039409992,0.95,0.24340726231001117,1.5848264758840247,-0.7761792095174249,1.0,0.22786233595576294,0.0,0.04386221483735579,0.12842687258988064,1.8874590744757378,0.010135556366969351,0.4534346881224871,0.26,,0.0,0.08255679555159792,0.2,,,-0.8348507162218324,,-0.888486695334611
2018-01-08,1.6572662855203468,0.7009160757789461,0.95,0.2946908492040406,1.6871977716446271,-0.609940518277776,1.0,0.1491199331778314,0.0,-0.0015768570762416723,0.3889567567782821,1.93432111891032,0.014576110973719579,0.5341440541964784,0.24,,0.0,0.1416980974815461,0.2,,,-1.150990002844853,,0.7555513070031544
2018-01-09,1.6961578993337671,0.7122180255548621,0.95,0.444357736463457,1.7998156082069843,-0.3588765120392102,1.0,0.0699342054451937,0.0,0.033647600308495354,1.4116180001204965,1.9889144152378824,0.016696176871732703,0.6118566909172042,0.22,,0.0,0.05486324628045054,0.15,,,-1.334288575033287,,-0.4371650648238797
2018-01-10,1.7336660786508264,0.7304971152175926,0.95,0.641508522628919,1.9203762823754738,-0.0727225352210156,1.0,-0.01062492494960619,0.0,0.0665260710806991,1.3224622777340325,2.0450984832643164,0.026633300318034465,0.6928626522179598,0.2,,0.0,0.09932938498484767,0.15,,,-1.5429608682110412,,0.7717959447447205
2018-01-11,1.7965316756192362,0.8883595669805691,1.0,0.8325682885384109,2.0098698886032422,0.21767078035413653,1.0,-0.09350162269561091,0.0,0.14586405654982246,1.5184501691479475,2.097545030661216,0.03141628266343081,0.7732475451790625,0.18,,0.0,0.09381054129338565,0.15,,,-1.7774263482605233,,-0.30762592508920716
2018-01-12,1.8039558930235937,0.8854448780464728,1.0,0.8905525084853354,2.0490032709720927,0.5080640959292887,1.0,-0.17927231571365213,0.0,0.19160064915047734,1.1030691137610273,2.156612492995679,0.040661110302215135,0.8543394760364877,0.16,,0.0,0.14487378560161754,0.15,,,-2.0193109811353582,,0.5565057317180451
2018-01-15,1.8087250417938414,0.8840321675303356,1.0,0.9167272898781976,2.0956217070160736,0.795791803066377,1.0,-0.2681066126213526,0.0,0.26215894451908817,1.418857677819387,2.2131943271081376,0.04679680766911959,0.9313896227506888,0.14,,0.0,0.06814443844808855,0.1,,,-2.2687647949665832,,0.07407370729600048
2018-01-16,1.8087250417938414,0.8835273281810182,1.0,0.8480361907059646,2.0894996109884403,1.0420342300969525,1.0,-0.3603350306303589,0.0,0.34958287310635716,1.1510324379359214,2.267341520648284,0.055950159431199,1.0086353731255835,0.12,,0.0,-0.005616909726772553,0.05,,,-2.531511793610115,,-0.173197416908268
2018-01-17,1.8087250417938414,0.8938600657686532,1.0,0.7277120569095727,1.971939556491803,1.2188093515116873,1.0,-0.45573318771002136,0.0,0.3760025537729502,0.15717279596664974,2.320188246702168,0.05543149983136425,1.0848619130383421,0.1,,0.0,-0.05178036059689443,0.05,,,-2.356827428350724,,-0.03037691731077059
2018-01-18,1.8076950073602613,0.878168633099521,1.0,0.644856189391487,1.900921970355518,1.3582440573736905,1.0,-0.5538738144272267,0.0,0.39428714538621346,-0.13738554660592558,2.365006334490781,0.05763633597291368,1.1594991740610883,0.08,,0.0,-0.11133965979654714,0.05,,,-2.5571803107108884,,-0.36946550411118173
2018-01-19,1.7955630322568013,0.8639505619058478,1.0,0.6206569959678981,1.8609472908108269,1.4939590266159803,1.0,-0.6545405463309784,0.0,0.4416352482145699,0.395281919865948,2.411184253634887,0.052363789575846004,1.2312282955797353,0.06,,0.0,-0.0617093637350571,0.05,,,-2.7489624949289118,,0.8613521536087265
2018-01-22,1.7826075733166236,0.8511111155223019,1.0,0.6136298123568977,1.8277311965214396,1.6394328592096543,1.0,-0.758270811793645,0.0,0.505644103619398,-0.07902025699350118,2.44645457154236,0.04594604896387265,1.2926399689620305,0.04,,0.0,0.04730453061395597,0.1,,,-2.9471168551500515,,1.2265671045692617
2018-01-23,1.7690518659008252,0.8394887348355058,1.0,0.7338650234137859,1.8905853174700251,1.8201570852688964,1.0,-0.8657333550177801,0.0,0.62634847610772,0.9994288558385733,2.4744427818118058,0.038451956147251345,1.3489889813359666,0.02,,0.0,0.17883872721762475,0.15,,,-3.14563259043068,,2.353599867675201
2018-01-24,1.7549662639991621,0.8291344618335644,1.0,0.763585989865386,1.914705650718419,1.8485866438528755,1.0,-0.9783883000169297,0.0,0.7033630882587453,0.5853915015400719,2.501551034065884,0.02618848027968544,1.402192806756907,0.0,,0.0,0.34712542861789997,0.2,,,-3.14563259043068,,2.3191948692897073
2018-01-25,1.74038768248372,0.8196351117621901,1.0,0.7449063627925262,1.8663588089950947,1.8485866438528755,1.0,-1.095890314153735,0.0,0.7029836338956975,-0.9571588963627757,2.5240004687423663,0.012225154889835001,1.4586234699041631,0.0,,0.0,0.501482438331936,0.25,,,-3.14563259043068,,2.2849405264620644
2018-01-26,1.725787210891287,0.8106860169994465,1.0,0.6764227367704166,1.8218688549805624,1.8485866438528755,0.0,-1.2178796939689622,0.0,0.7057269701547868,-0.9353741585561489,2.5349471211970185,-0.0009989292185104868,1.5121802243103435,0.0,,0.0,0.5730631453632012,0.25,,,-3.14563259043068,,0.10642603041388937
2018-01-29,1.710600849610976,0.8024269166735096,1.0,0.5494230838561558,1.738760247562548,1.8485866438528755,0.0,-1.3438369575925238,0.0,0.6976768463287889,-1.186215869125097,2.5349471211970185,-0.01821213470422861,1.5664114693999596,0.0,,0.0,0.6276253007241344,0.3,,,-3.14563259043068,,1.744245151012954
2018-01-30,1.6948476558585068,0.7949518202007537,1.0,0.4017051593929104,1.6628621392311544,1.8485866438528755,0.0,-1.4730103413717486,0.0,0.6988122161004423,-0.8432268408304705,2.5349471211970185,-0.019617628930859533,1.6187034857360771,0.0,,0.0,0.5748789493688163,0.25,,,-3.14563259043068,,0.8496374141012335
2018-01-31,1.6789458532186174,0.7881105161073387,1.0,0.2100017455716963,1.5452123207121278,1.8485866438528755,0.0,-1.6045682824301473,0.0,0.6789725860710609,-0.7852451516801052,2.5349471211970185,-0.030849340640126573,1.6716564489292096,0.0,,0.0,0.6129119686074664,0.3,,,-3.14563259043068,,1.7429341036211354
2018-02-01,1.67746417298106,0.7884766256990448,1.0,-0.10977795333424137,1.344684109724263,1.8485866438528755,0.0,-1.7348087155781973,0.0,0.608245036797761,-1.4000208894960893,2.5348929329687078,-0.04617471961353746,1.7240495820454254,0.0,,0.0,0.7015655451156076,0.3,,,-3.14563259043068,,0.5908045143739769
2018-02-02,1.6620090944710093,0.7809808828285892,1.0,-0.32220926993916965,1.1807710616690994,1.8485866438528755,1.0,-1.860611558022774,0.0,0.5562221803719043,-1.3612516057460213,2.528628326572143,-0.05795492925321681,1.777039498556507,0.0,,0.0,0.7186709085004503,0.3,,,-3.14563259043068,,-0.5463794276377574
2018-02-05,1.5895510587210684,0.6836789739656974,0.95,-0.6746617396965137,0.8901784941799913,1.8485866438528755,1.0,-1.9819640883208234,0.0,0.4295058800354764,-2.307952069115413,2.506987498383241,-0.0782228723624942,1.8292912961896246,0.0,,0.0,0.7227089084454572,0.3,,,-1.6791757840621497,,0.8363113059032925
2018-02-06,1.4474943575573245,0.37910614434195267,0.9,-1.1136720298536498,0.5175761412231071,1.7221261463313131,1.0,-2.0983483667057916,0.0,0.2157419144123331,-2.307952069115413,2.4898982699559222,-0.08862036227383062,1.8818772087770221,0.0,,0.0,0.8361553514858334,0.35,,,2.5695424874827797,,1.831763795983645
2018-02-07,1.3916533434670288,0.37749948673463507,0.9,-1.4050612054830904,0.31450855983007764,1.431732830756161,1.0,-2.2090070094145586,0.0,0.0046426031594592135,-2.307952069115413,2.4731977106272764,-0.09541978948078726,1.9231823299357622,0.0,,0.0,0.8318707303040476,0.35,,,-2.53251183695167,,0.6861035211090034
2018-02-08,1.28023552034874,0.287703747359928,0.85,-1.6961590236791806,0.08063969283051063,1.1413395151810088,1.0,-2.3131766339241886,0.0,-0.21718802036540685,-2.307952069115413,2.4453694869206557,-0.10499843203241452,1.9626178626351145,0.0,,0.0,0.8957048311297487,0.35,,,0.8676622769352481,,0.9690560914248157
2018-02-09,1.141861944413442,0.16041069741567326,0.8,-1.9484906049504134,-0.16194075346082995,0.8509461996058569,1.0,-2.4104989704071036,0.0,-0.4199901727361414,-2.307952069115413,2.42781237269442,-0.10585405478439086,2.0020031934763334,0.0,,0.0,0.8781413091237902,0.35,,,2.552413000485747,,0.20523529159887163
2018-02-12,1.0612294052746987,0.15908567014309694,0.75,-2.056278664033012,-0.23924463085415473,0.5605528840307046,1.0,-2.500629320130087,0.0,-0.6366905102977629,-2.307952069115413,2.415464572771939,-0.09894670354238104,2.0411316126937655,0.0,,0.0,0.9520714536497998,0.4,,,-0.8463086699100668,,1.5526765978161943
2018-02-13,0.9956971276054404,0.17478408836680703,0.7,-2.006903539718086,-0.1917249569000409,0.27015956845555256,1.0,-2.583063627117593,0.0,-0.8392299149521723,-2.307952069115413,2.3987659256515115,-0.0909116677666113,2.074076774185988,0.0,,0.0,0.9261824178992475,0.4,,,-1.6881754427618636,,-0.6909781319193152
2018-02-21,0.9734861125758089,0.1849924091681242,0.7,-1.7848106659462755,-0.05696470013807588,0.0824608018590158,1.0,-2.6577552232678454,0.0,-0.9825762076821227,-2.307952069115413,2.4034707471565424,-0.080113582123514,2.103151608214987,0.0,,0.0,0.9480004931282741,0.4,,,-3.14563259043068,,0.40598458726976233
2018-02-22,0.9236015426491913,0.19162311884438776,0.65,-1.681786347251137,-0.0068308078510525335,-0.06499532672966359,1.0,-2.7252594665867758,0.0,-1.0878583763448513,-2.1555050817609196,2.3916713779577217,-0.07092803758436256,2.1395018492628624,0.0,,0.0,0.9440584082434738,0.4,,,-1.656583702439462,,-0.4483072018071855
2018-02-23,0.9161198865243158,0.19692153311301408,0.65,-1.5315329235889255,0.12860863473493905,-0.17612405329770536,1.0,-2.7858188641764476,0.0,-1.214303667674433,-1.9637098457457167,2.3926648642697903,-0.05142156072307231,2.1761477558663613,0.0,,0.0,0.9038783882667124,0.4,,,-3.14563259043068,,0.05775175407349451
2018-02-26,0.908600679888044,0.20224001581665807,0.65,-1.4352106603878525,0.2111874570708448,-0.278907951911228,1.0,-2.8392172297297065,0.0,-1.2469458009186924,-0.50575241461968,2.388268363674057,-0.03516825102575208,2.219357477983637,0.0,,0.0,0.8640345852421947,0.35,,,-3.14563259043068,,0.42969104407890946
2018-02-27,0.9148232946352589,0.19680027550852242,0.65,-1.4417736928563765,0.27494866595312056,-0.4063474367239917,2.0,-2.885156423071622,0.0,-1.3322897449907933,-0.4054755855981754,2.395774701900076,-0.014756950951799361,2.260731288288742,0.0,,0.0,0.7163553207369313,0.3,,,-3.14563259043068,,-0.5999854224300679
2018-02-28,0.8931943769079043,0.207792796530323,0.65,-1.4346952311074799,0.31614996009694724,-0.5198588879248588,2.0,-2.922656711950068,0.0,-1.4364914343995754,-1.1081429005323575,2.393301138804724,0.005446395762720094,2.3002560178889424,0.0,,0.0,0.6248424601549682,0.25,,,-3.14563259043068,,0.48893765765044783
2018-03-01,0.8717528922417348,0.21916483391070052,0.65,-1.399825339951404,0.315243344738283,-0.635854804796739,2.0,-2.9521499686127255,0.0,-1.4183869271081249,-0.15465239417354962,2.3930913253289665,0.019977990634398177,2.33712536846485,0.0,,0.0,0.506568993496894,0.2,,,-3.14563259043068,,-0.08052880669942299
2018-03-02,0.8505810382869825,0.2308563992064956,0.65,-1.3409599501344598,0.34341788908812254,-0.7553386283881861,2.0,-2.9523270385216973,0.0,-1.3728283796454608,0.4672259033659071,2.3913032542066572,0.035407797119182134,2.3710963629189705,0.0,,0.0,0.4859367033080996,0.2,,,-3.14563259043068,,-0.3062197733619959
2018-03-05,0.8296494484100838,0.24289490953142656,0.65,-1.293104433080097,0.31954166096254183,-0.9091065566000227,3.0,-2.9523270385216973,0.0,-1.3108621798591324,0.5877158751150714,2.37686549617084,0.036592765436857015,2.407937981459833,0.0,,0.0,0.4779369686489116,0.2,,,-3.131314140192764,,1.5842504578291934
2018-03-06,0.8089002697680083,0.2553349012196027,0.65,-1.1817947199515788,0.37117461910278204,-1.053126884401381,3.0,-2.9523270385216973,0.0,-1.2261326494063431,1.4230155653585552,2.3648144156639717,0.049629320225776125,2.43934863992689,0.0,,0.0,0.45356963932133293,0.2,,,-3.080598969305497,,0.3622908275496596
2018-03-07,0.7883283723463359,0.26819275473006765,0.65,-1.0632900320014111,0.38760862737860763,-1.1681436136217205,3.0,-2.9523270385216973,0.0,-1.1779096649798957,0.8015006256851684,2.3585209140775247,0.05464872001710958,2.4652323896049606,0.0,,0.0,0.3740172506019618,0.15,,,-3.0328449345441673,,0.15188632923371284
2018-03-08,0.7538283793145679,0.2984442780284655,0.65,-0.842513366028782,0.43076577241281094,-1.229602082984393,3.0,-2.9523270385216973,0.0,-1.0931439037189217,0.9525758891674848,2.3561829738297346,0.054793127834766676,2.486992831391933,0.0,,0.0,0.2851365955120423,0.15,,,-2.984507010499465,,-1.1868085874244132
2018-03-09,0.7338153114458776,0.31276511022588305,0.65,-0.6704974684701132,0.45601254916343104,-1.252000051006688,2.0,-2.9523270385216973,0.0,-1.0161045565088265,0.8634429874988194,2.3647824555418726,0.05899632258146399,2.5005306732819355,0.0,,0.0,0.2698750753303334,0.15,,,-2.9389765627626723,,-0.8516098312719348
2018-03-12,0.7562516683002425,0.3114242593138369,0.7,-0.423445838826273,0.43381217386412885,-1.1723606797742367,2.0,-2.9523270385216973,0.0,-0.8750596334303575,0.9291210261503645,2.3660474731214185,0.04540222672052012,2.5005306732819355,0.0,,0.0,0.22510996828566054,0.15,,,-2.8943659547198317,,-0.05899083499016467
2018-03-13,0.849112515776145,0.42440536709478394,0.75,-0.08605523764614324,0.4256256271380254,-1.0442241828465313,2.0,-2.9523270385216973,0.0,-0.6939345695415653,1.051779709334759,2.3705428585858224,0.039490184971320716,2.5005306732819355,0.0,,0.0,0.15406132553789872,0.1,,,-2.849134403982081,,0.4107909410284086
2018-03-14,0.8565439282691368,0.4235137618360538,0.75,0.10904975101550946,0.4328333915030993,-0.9139559246963245,2.0,-2.9523270385216973,0.0,-0.5249655907463129,0.8216688230045888,2.373036131275801,0.030342842866584282,2.5005306732819355,0.0,,0.0,0.1078496525590423,0.1,,,-2.8069564262041986,,-0.2381299384681247
2018-03-15,0.9202635743733648,0.490255176773568,0.8,0.31933107955387197,0.4255450479032494,-0.7819203175392558,2.0,-2.9523270385216973,0.0,-0.3442559913753761,1.0794660733108357,2.3739354066762473,0.01570520989851858,2.5005306732819355,0.0,,0.0,0.03511848030113877,0.1,,,-2.7683418232615944,,-0.4855673537332551
2018-03-16,1.0116840415024948,0.7065263948955041,0.85,0.5555294363424105,0.4379053303592206,-0.6381492181384483,2.0,-2.9426361651671105,0.0,-0.18084719832691948,0.7232730573020687,2.3669867989805864,0.004105237654758271,2.5005306732819355,0.0,,0.0,0.052671702536313106,0.1,,,-2.7317476300561347,,0.5562997363023584
2018-03-19,1.0597492600720813,0.7581202919462464,0.9,0.6116489997498691,0.42145343317645917,-0.48249184194790595,3.0,-2.931815192016333,0.0,-0.007889021123203544,0.9750522134460318,2.3641732766045163,-0.0009615016174926172,2.5005306732819355,0.0,,0.0,0.034530665387659774,0.1,,,-3.14563259043068,,1.1898558548431277
2018-03-20,1.0932704152406791,0.7857484318097241,0.95,0.5150081186381891,0.3647732785662484,-0.32487739488208855,3.0,-2.9206031293434473,0.0,0.12064178181579124,0.12892948987579755,2.3423617778692027,-0.011375017010569076,2.5005306732819355,0.0,,0.0,0.061088847123691524,0.1,,,-3.14563259043068,,-0.1598144971986802
2018-03-21,1.0711616374950679,0.7667418943216887,0.95,0.34600739524030855,0.3169777943595495,-0.22021763541187442,3.0,-2.9090380802861886,0.0,0.2663126665085708,0.6594797006621226,2.3245837399615663,-0.01612710586197378,2.5005306732819355,0.0,,0.0,-0.0005602503220735577,0.1,,,-1.8782520756500458,,-0.8269973616455393
2018-03-22,1.077234516134317,0.7797457310340524,1.0,0.21847396675032071,0.22930279216430602,-0.13853147139176314,3.0,-2.8971877523504608,0.0,0.3663458847990611,0.2299848610772515,2.2955008220857334,-0.03390266649778495,2.496792919345481,0.0,,0.0,0.042937800729390775,0.1,,,-1.8612964452595513,,0.42165381922210116
2018-03-23,1.0413252423986776,0.7744460302470046,1.0,-0.07122886806248212,0.05152671421741542,-0.1126818899467883,4.0,-2.8850359491441124,0.0,0.41626939629487375,-0.6267228352591155,2.2737662769422773,-0.03715598369653978,2.4672305289923586,0.0,,0.0,0.032122302193528574,0.1,,,-1.8442283528710985,,-0.15855821664374947
2018-03-26,1.0329942356128747,0.7845697968982396,1.0,-0.284627867449437,-0.09673905037316256,-0.1174509568743258,4.0,-2.8723710841480643,0.0,0.4455189041953975,0.37441049422082706,2.249758547085668,-0.044394985673660195,2.431620843098493,0.0,,0.0,0.043387279035908485,0.1,,,-3.14563259043068,,0.6549905809265076
2018-03-27,1.011035951322477,0.8325126284775419,1.0,-0.4706015332594244,-0.23439583773835224,-0.14744818995350326,3.0,-2.8592196124031877,0.0,0.4372837091017888,-0.30736226866042865,2.2134830423497642,-0.051845666168842064,2.3940146994485203,0.0,,0.0,0.07887764816298952,0.1,,,-3.14563259043068,,0.10982196011155265
2018-03-28,1.0168989156854937,0.8282364997832814,1.0,-0.6459667511566176,-0.38351456508324827,-0.19519458256978198,3.0,-2.845570305261544,0.0,0.44328472494288657,-0.7623981753652138,2.1760352454176837,-0.05690364225679992,2.35045968397924,0.0,,0.0,0.007177702706007783,0.1,,,-3.14563259043068,,-0.945061251489187
2018-03-29,0.9956840883963416,0.8092523731938694,1.0,-0.7843782095908526,-0.5350733965896443,-0.24369492860788378,3.0,-2.83137665685732,0.0,0.39780562822586873,-0.8720549896607769,2.1303264235211867,-0.06859967916893245,2.3033956792895425,0.0,,0.0,-0.0014701069686939045,0.1,,,-1.7384739565342615,,-0.2534850001934566
2018-03-30,1.0151022437262909,0.7846111529042282,1.0,-0.892946263774691,-0.6257353068047461,-0.2860145088150933,3.0,-2.816610025838073,0.0,0.3620366543903146,-0.09368996807379495,2.0889469297480305,-0.0705665083588288,2.251021244565497,0.0,,0.0,-0.0077640606938289645,0.1,,,-3.14563259043068,,-0.4320988478646971
2018-04-02,1.0074432835782419,0.7831151037578912,1.0,-0.9071198244225169,-0.6660741008977054,-0.275916052577245,2.0,-2.8019121185550895,0.0,0.3338186125820458,0.14563579595407877,2.047381042492601,-0.08278540225839298,2.1959671718998766,0.0,,0.0,-0.04576442898911547,0.05,,,-2.4105558172538406,,0.8242430919234632
2018-04-03,0.9998537771431166,0.7816436326326905,1.0,-0.9984327768668744,-0.7152939577641806,-0.26716422143793284,2.0,-2.7881618277798603,0.0,0.30938901403396557,1.0240051631786868,2.0058957433957247,-0.0880051507267047,2.136926546747911,0.0,,0.0,0.018771398225389126,0.1,,,-2.3866313593385704,,1.6530073718397515
2018-04-04,0.978859861449003,0.7652505324290945,1.0,-1.0241234886497406,-0.7285065948967169,-0.24595254594661706,2.0,-2.775322137088645,0.0,0.2912088078569938,0.49385651660922797,1.9754216399375153,-0.08827321463048236,2.076402513254851,0.02,,0.0,-0.009146512743167901,0.1,,,-1.64099937585717,,-0.4064718901374277
2018-04-05,0.9579911292401955,0.7512542223909038,1.0,-1.0326726895913734,-0.6966546207329384,-0.23100123560190983,2.0,-2.763625977254738,0.0,0.2442397034037135,0.04305878593807758,1.9262781406818597,-0.094212163555889,2.0110929216517563,0.04,,0.0,0.06318884294621882,0.1,,,-1.6252655021071631,,0.2598985263633211
2018-04-06,0.9641884535651333,0.7482143369731742,1.0,-0.9997413473945693,-0.6373533368565035,-0.219966843811716,2.0,-2.7532137176986997,0.0,0.2448363712936476,0.8712008126774339,1.8788893711387737,-0.09422109488032394,1.9428517046829927,0.06,,0.0,0.1020530862456344,0.1,,,-3.0602744952979513,,-0.07432496528362326
2018-04-09,0.9703089715397093,0.7456074113411746,1.0,-0.9423362944280116,-0.5981824793047221,-0.2068094136835532,2.0,-2.744214053970077,0.0,0.23104415380372725,0.6303453604699812,1.8317320761456497,-0.09679060492435379,1.8755520351044468,0.08,,0.0,0.14970343925459625,0.1,,,-3.0421490530296733,,0.8940162251890726
2018-04-10,0.9763649866337369,0.7434135590928108,1.0,-0.9786510323790747,-0.6474474273505197,-0.19621961354173886,2.0,-2.73668979468585,0.0,0.20791895770155072,0.5568920242816943,1.7821866063407734,-0.09595124050746515,1.8123336930740934,0.1,,0.0,0.12165768759195728,0.1,,,-3.0251623141923867,,-0.15012409222437112
2018-04-11,0.9556123534652989,0.7284635469306169,1.0,-1.1202224312521727,-0.7970856382302304,-0.21758849305795555,2.0,-2.7304402331338147,0.0,0.14733977648756,-0.4227648208467194,1.7234763522386427,-0.10394492678709273,1.7504182162086268,0.12,,0.0,0.11204446090911904,0.1,,,-1.561258048494142,,-0.43039447212488896
2018-04-12,0.9484039017837738,0.727378118234572,1.0,-1.2065352301466292,-0.9011169524074097,-0.2535192447426834,2.0,-2.7251482518288777,0.0,0.07864801852569009,-0.31983730040336616,1.6771510868762933,-0.10144869204164042,1.678524900459884,0.14,,0.0,0.14760924744280482,0.1,,,-2.27421420470142,,0.22572837694046013
2018-04-13,0.8871835944193028,0.6185322680272023,0.95,-1.3359778834439873,-1.0336729472224309,-0.3273847814691024,2.0,-2.720684653548383,0.0,0.027063700133258272,-0.30632318350681,1.6270215226482336,-0.10357555217788439,1.603819662165291,0.16,,0.0,0.1514263461500506,0.1,,,0.6676105497582694,,0.6326417104472741
2018-04-16,0.825934059678246,0.5821316174280747,0.9,-1.4130413746523107,-1.1376372031134003,-0.4317648858691002,1.0,-2.7166809890863695,0.0,-0.06644875216748217,-0.8529826029661799,1.5815186167078834,-0.09987554826884393,1.5327672372256365,0.18,,0.0,0.0975090508667261,0.05,,,-0.04978932112111548,,0.11150994917663742
2018-04-17,0.7784733335517197,0.5769436849159699,0.85,-1.3959194084374618,-1.177208568111513,-0.5399946248298126,1.0,-2.7129236646052934,0.0,-0.12554522662873505,-0.9668383221497177,1.5196742516177522,-0.10382897822332501,1.4643635721952466,0.2,,0.0,0.10194810011457882,0.05,,,-0.766794907147804,,-0.07103351224162574
2018-04-18,0.7444985825443712,0.5425931728579667,0.8,-1.4439034148856613,-1.2789992011632165,-0.6639521168790921,1.0,-2.7093831128899777,0.0,-0.2085507503838814,-0.8735985841124365,1.4694579459300758,-0.10310856781316775,1.3940682252701495,0.22,,0.0,0.15146050290712215,0.05,,,0.0029867277813659878,,0.16325069420532742
2018-04-19,0.5859485292945781,0.14231054696381518,0.75,-1.542746632668852,-1.4747784314878016,-0.8222693290527706,1.0,-2.705810182900119,0.0,-0.31252816142649753,-1.6671230086812352,1.4168968899307415,-0.11464258405412958,1.3209517745854276,0.24,,0.0,0.17091649811310466,0.05,,,5.2925237221526436,,0.810773723341751
2018-04-20,0.4825701604181602,0.034954933865910864,0.7,-1.4802074232251257,-1.5781812286738675,-0.9588006531281238,0.0,-2.7019478597517828,0.0,-0.36986514564954187,-1.5450663232895576,1.3663687185972109,-0.11361275004868418,1.2640384803664775,0.26,,0.0,0.1646678241193838,0.05,,,3.747940900890759,,-0.28353169651816623
2018-04-23,0.29268388308302357,-0.16717294940811178,0.65,-1.5289312673594067,-1.7718539710524805,-1.0930717076733163,0.0,-2.698019820480945,0.0,-0.4811655546278223,-1.5794808255350117,1.3295550133651073,-0.11090428750791016,1.2054730700915668,0.28,,0.0,0.196496862175398,0.1,,,5.2925237221526436,,1.2915713420467916
2018-04-24,0.10323951854374228,-0.2501067590133229,0.6,-1.5879358413133942,-1.9624695552694504,-1.2260283053565275,0.0,-2.693744836164084,0.0,-0.5600117090890698,-1.5813333405916408,1.28929440255119,-0.10950967732440754,1.1139444990788134,0.3,,0.0,0.2337704700755133,0.1,,,5.2925237221526436,,0.8552941181138589
2018-04-26,-0.0857334677136811,-0.2501067590133229,0.55,-1.7038233691058629,-2.2203360105757386,-1.3551637771145337,0.0,-2.688951156403547,0.0,-0.6105980246010875,-1.4400821767751975,1.2435327814692976,-0.1090721592882252,1.022108431617978,0.32,,0.0,0.33926726983717737,0.15,,,5.2925237221526436,,1.1648747437440945
2018-04-27,-0.2472029189730068,-0.2501067590133229,0.5,-1.6842428758509145,-2.327858279678461,-1.4810608297797039,0.0,-2.683352654241733,0.0,-0.6640417871825081,-1.569601387066364,1.2142473830203993,-0.10554188839845138,0.928488441166076,0.34,,0.0,0.42415606067300915,0.2,,,5.2925237221526436,,1.4442908165231783
2018-05-02,-0.4488885336273989,-0.2501067590133229,0.45,-1.7492726251438875,-2.464772460897536,-1.6096507415561991,0.0,-2.6769879924879496,0.0,-0.7650154219471215,-1.6714598385867483,1.17006654170172,-0.10174515300342077,0.8346549327918855,0.36,,0.0,0.5319192201812448,0.25,,,5.2925237221526436,,1.7231643423000165
2018-05-03,-0.6230839443077902,-0.2501067590133229,0.4,-1.8201515160427844,-2.557230067360197,-1.7563745851573629,0.0,-2.6696247648716076,0.0,-0.8891484848443086,-1.8314662324331374,1.111325027351309,-0.10052244946551632,0.7392398339701323,0.38,,0.0,0.5362952015786624,0.25,,,5.2925237221526436,,0.911762719871813
2018-05-04,-0.7969341010079899,-0.2501067590133229,0.35,-1.8534094818183926,-2.598399024300482,-1.8409500514356287,0.0,-2.6609307673561062,0.0,-1.0563495153937565,-1.7614969877183833,1.0503591531215035,-0.09840586711523974,0.6495167699567271,0.4,,0.0,0.4496278016968461,0.2,,,5.2925237221526436,,-0.0803406257965719
2018-05-07,-0.9569686919577542,-0.2501067590133229,0.3,-1.8156339989845114,-2.565145548681941,-1.8409500514356287,0.0,-2.65078016237678,0.0,-1.1878926545632278,-1.535857179568127,0.9898854227233707,-0.08301694950366442,0.560497107240935,0.42,,0.0,0.48895756578410215,0.2,,,5.2925237221526436,,0.3801233916076926
2018-05-08,-1.1167207773495664,-0.2501067590133229,0.25,-1.8422822226088957,-2.5437220477781812,-1.8409500514356287,0.0,-2.639070152274337,0.0,-1.2806072963130408,-1.183207337108398,0.9386839745858911,-0.07510089987250505,0.4660491558713614,0.44,,0.0,0.495468420246862,0.2,,,5.2925237221526436,,0.39011561561851793
2018-05-09,-1.303171636281244,-0.2501067590133229,0.2,-1.8988350632682514,-2.5308300316674943,-1.8409500514356287,0.0,-2.625597197251843,0.0,-1.4177228689274763,-1.1991947396024099,0.8642031704228315,-0.07195198343644026,0.37325556346332844,0.46,,0.0,0.4906508624673943,0.2,,,5.2925237221526436,,-0.17067612087297548
2018-05-10,-1.4891814152573772,-0.2501067590133229,0.15,-1.9952397325056785,-2.5777221692728025,-1.8409500514356287,0.0,-2.6099945256485677,0.0,-1.530112411530592,-0.9161486669568862,0.7939549730238062,-0.06681320546863889,0.2867982314772241,0.48,,0.0,0.45012129396470746,0.2,,,5.2925237221526436,,0.08342485513533576
2018-05-11,-1.6747392107820844,-0.2501067590133229,0.1,-1.9567788078181179,-2.562215222664923,-1.8409500514356287,0.0,-2.5922523480934476,0.0,-1.629234393298749,-0.7152366808920797,0.7194441601844752,-0.060710405530250255,0.20227575274578466,0.5,,0.0,0.4476516072288804,0.2,,,5.2925237221526436,,-0.1995178269409128
2018-05-14,-1.8240165253447607,-0.23020303120047148,0.05,-1.7738266663643827,-2.4840856136356706,-1.8409500514356287,0.0,-2.5724804031343798,0.0,-1.6206995036840357,0.43901922035419927,0.6403178763699201,-0.06347058649650889,0.12302021053583957,0.52,,0.0,0.4812187894749448,0.2,,,5.2925237221526436,,0.24094917279639744
2018-05-15,-1.9848215765127244,-0.06224157441929257,0.0,-1.5799593662124767,-2.35754551286451,-1.8409500514356287,1.0,-2.550933485261415,0.0,-1.6051264055600503,0.637539673376505,0.5654522744196556,-0.057546512599526825,0.047738324083547515,0.54,,0.0,0.44072129598891074,0.2,,,5.2925237221526436,,-0.5842214927802203
2018-05-16,-2.10051802374453,0.013725022550906685,0.0,-1.4288026685545139,-2.2992102836280344,-1.8409500514356287,1.0,-2.527719002205488,0.0,-1.5859703924263233,0.6487692400688921,0.4729565326173528,-0.06417468799894353,-0.02594006495497799,0.56,,0.0,0.3728394576845259,0.2,,,5.2925237221526436,,-0.7249950556404228
2018-05-17,-2.1566245092909093,0.14626597747917103,0.0,-1.3124245489120694,-2.25277395282206,-1.8409500514356287,1.0,-2.5028988410704516,0.0,-1.5219753169595263,0.91155951593134,0.4074464717734255,-0.058934163317366735,-0.1010219197162183,0.58,,0.0,0.35146135949086166,0.2,,,5.2925237221526436,,-0.31605201469664806
2018-05-18,-2.1566245092909093,0.3819225646636589,0.0,-1.2588126653086762,-2.2162840483740305,-1.787467522594716,1.0,-2.4765200987435274,0.0,-1.4424858781470173,1.011933901015261,0.32811723844984086,-0.06310974424919749,-0.17851470704152006,0.6,,0.0,0.32827171419668755,0.2,,,5.2925237221526436,,-0.534826418125107
2018-05-21,-2.1566245092909093,0.7331367695654272,0.0,-1.19157574672926,-2.2172157311187375,-1.6753953329576419,2.0,-2.44856241950746,0.0,-1.382403489706708,0.6335772218272618,0.24724681041974558,-0.06590863489685632,-0.25618415783179643,0.62,,0.0,0.3028130275628507,0.2,,,5.2925237221526436,,-0.3459230384714099
2018-05-22,-2.1566245092909093,0.7324063009386583,0.0,-1.1350001615444505,-2.303630770951121,-1.5543844681183576,2.0,-2.419162284267833,0.0,-1.325694529297758,-0.3142123658990622,0.15302428588258668,-0.08266602674729587,-0.334113698631688,0.64,,0.0,0.24695771053051985,0.2,,,5.2925237221526436,,-0.30633261730486583
2018-05-23,-2.1566245092909093,0.9324480717937486,0.0,-1.081388134821663,-2.3172202530750816,-1.435230750179652,2.0,-2.3884518837768516,0.0,-1.2591354250045788,-0.0805809009013993,0.06186085849736621,-0.08844221208432147,-0.4130281757718054,0.66,,0.0,0.2621389609524498,0.2,,,5.28393872693182,,0.020093311920433204
2018-05-24,-2.1566245092909093,0.9324480717937486,0.0,-0.9775280091117736,-2.3553679269990746,-1.3184109649755547,2.0,-2.3564440886947873,0.0,-1.1756713427089922,0.15110086324239375,-0.01704962790097034,-0.08938109483409531,-0.4980833402979613,0.68,,0.0,0.20114477259138802,0.15,,,5.102243599641232,,0.07168757482555531
2018-05-25,-2.1566245092909093,0.9324480717937486,0.0,-0.9337939218186605,-2.4476219909941923,-1.2153713851184764,2.0,-2.3233578254603042,0.0,-1.1217404799248079,-0.49195986154924326,-0.11243931264686065,-0.09396484916720545,-0.5870229096487752,0.7,,0.0,0.24378907738338307,0.2,,,5.152113625140289,,1.7081802139537599
2018-05-28,-2.1566245092909093,0.9324480717937486,0.0,-0.9129590016316909,-2.598399024300482,-1.1490248355686006,2.0,-2.2892532219823454,0.0,-1.1458625277041428,-1.9442504783842023,-0.20304870207626538,-0.09856726689157827,-0.6714553323922016,0.72,,0.0,0.2683720605027456,0.2,,,5.0467344554343585,,1.6565344061313458
2018-05-29,-2.1566245092909093,0.9324480717937486,0.0,-0.8680959507610965,-2.598399024300482,-1.0733168618804094,2.0,-2.2542400148261184,0.0,-1.1482086166503118,-1.6478683038527246,-0.28781047305062357,-0.0881035483125968,-0.7533747360040192,0.74,,0.0,0.2647928592859381,0.2,,,4.929812233784773,,1.372706792187028
2018-05-30,-2.1566245092909093,0.9324480717937486,0.0,-0.8065547601535137,-2.598399024300482,-0.9881853699253952,2.0,-2.2183391363178186,0.0,-1.1396932496468435,-1.5622942430710216,-0.36836511263304983,-0.07918547948930148,-0.8235050621552156,0.76,,0.0,0.22490781874242463,0.15,,,4.8144930050637935,,0.9254635314297474
2018-05-31,-2.1566245092909093,0.9127021238933573,0.0,-0.6528646795316123,-2.59682213069221,-0.8722198262275944,2.0,-2.1816979232999487,0.0,-1.095719365654584,-1.0601701617133377,-0.4418082486721309,-0.0674149284394334,-0.8909309516473144,0.78,,0.0,0.1770528640235589,0.15,,,4.1383935528852325,,-0.045336374505501646
2018-06-01,-2.1566245092909093,0.8631387804057625,0.0,-0.4684167427188256,-2.4760860379658074,-0.7204433546155162,3.0,-2.1445811985042345,0.0,-1.0411949023735423,-0.7907512220132911,-0.5020150946788988,-0.05218734912978885,-0.9541848344454344,0.8,,0.0,0.1482895439984266,0.15,,,3.6654710752909434,,-0.6556070262992185
2018-06-04,-2.1566245092909093,0.7689626783471778,0.0,-0.30222188051463855,-2.2943156499364115,-0.5645605315561534,3.0,-2.10714097646592,0.0,-0.9763034961426136,-0.36390997034728223,-0.553891425487782,-0.02501651046723741,-1.0183427237888052,0.82,,0.0,0.11793553291508045,0.15,,,2.907917135436844,,-0.22695683005923017
2018-06-05,-2.1566245092909093,0.7088432735608067,0.0,-0.08504705785724799,-2.099365009865432,-0.4125161690143333,3.0,-2.06942535008525,0.0,-0.8730399188465542,0.7430730148405407,-0.589486213089343,0.007434331946033251,-1.0828243699566595,0.84,,0.0,0.10584195818240336,0.15,,,2.8210287709297655,,0.14824412096497636
2018-06-06,-2.1566245092909093,0.6415738843390875,0.0,0.167395023121696,-1.8891820208251298,-0.2584167911753116,3.0,-2.031576281539747,0.0,-0.7564863387815872,0.9827827948319301,-0.6312088332732962,0.03047852243265831,-1.147587061878841,0.86,,0.0,0.10348889288215268,0.15,,,2.4339189270400885,,-0.2177374268779888
2018-06-07,-2.1566245092909093,0.5918064049641159,0.0,0.46007993671730835,-1.7014435737288367,-0.09110238848005274,3.0,-1.9939192446974943,0.0,-0.6361037069538631,1.3195020781607627,-0.6778315913681362,0.04691543993714558,-1.2111044306810235,0.88,,0.0,0.09980221972187577,0.15,,,2.364688704542838,,0.009691391929796912
2018-06-08,-2.1566245092909093,0.5352109777919278,0.0,0.6589581523607193,-1.546495389462005,0.06699422439496598,3.0,-1.9564693783590255,0.0,-0.5157500920494626,1.5085359944437196,-0.706994826664937,0.07047019510056224,-1.2691171680346565,0.9,,0.0,0.08109444718744892,0.15,,,2.012453624579661,,-0.5736732776294495
2018-06-11,-2.1566245092909093,0.46852162719885493,0.0,0.7377670234251404,-1.440151957281029,0.19879714372911048,3.0,-1.9192187338040394,0.0,-0.4220768188171455,2.1239044508127067,-0.7372476625444015,0.08858598336912091,-1.325894451697591,0.92,,0.0,0.062002142714459266,0.15,,,1.6770550276363931,,-0.1408969166633957
2018-06-12,-2.124199879282695,0.4317535787810116,0.0,0.665654076518083,-1.4150269548400582,0.28875467240881103,2.0,-1.8821352851853193,0.0,-0.35445815839523304,1.8246425722797937,-0.7552740844351046,0.10848586453780545,-1.380444428423447,0.94,,0.0,0.050173197932378254,0.15,,,1.9114162631340883,,-0.8208003884218403
2018-06-13,-2.058159286683492,0.40886620416222796,0.0,0.7187529540762505,-1.3411592256992975,0.3651632646635579,2.0,-1.8451214432403187,0.0,-0.27128110314111936,2.178134641531976,-0.7764324581238295,0.11768569097856264,-1.433042355727562,0.96,,0.0,0.0746844490924537,0.15,,,1.860482528138386,,-0.234770032438914
2018-06-14,-2.0202068159259503,0.416035387958836,0.0,0.7525518427454285,-1.291951237340483,0.42735538658245503,2.0,-1.8083258831463866,0.0,-0.20336841554498103,2.16771892652035,-0.8087828089511099,0.12457995640386937,-1.4856074681112017,0.98,,0.0,0.0813586861303285,0.15,,,2.596797197491827,,-0.18256727393915204
2018-06-15,-1.9780561900620097,0.42899651582228804,0.0,0.7977993144258478,-1.2408420913263563,0.47518852794059246,2.0,-1.7717999269481577,0.0,-0.14505951357764396,2.1148749632833574,-0.843991860058366,0.12302835419931418,-1.5344751670825532,1.0,,0.0,0.06296274008908187,0.15,,,2.519098972911151,,-0.9027453389500396
2018-06-18,-1.9611289162994505,0.4432307899785628,0.0,0.7838850258377325,-1.269986182461521,0.5042252782881944,1.0,-1.735603412269929,0.0,-0.06984777463476372,2.102574088401643,-0.8874823835948584,0.11597905951324552,-1.5836300490419126,1.0,,0.0,0.14260066181887893,0.2,,,3.1844231799237344,,1.246835396124531
2018-06-19,-1.9426119820301184,0.45929656444253564,0.0,0.7579011727955876,-1.3841980293715972,0.523906251202703,2.0,-1.6997430882366455,0.0,-0.006843679742514913,0.945537677539346,-0.9112671891277013,0.103982744709074,-1.627138126732433,1.0,,0.0,0.14661160691664749,0.2,,,3.0762485015986964,,-0.2261137153494945
2018-06-20,-1.9241054509788573,0.47537924253559405,0.0,0.777646782275715,-1.398838567286108,0.5392964367364317,2.0,-1.664267459708834,0.0,0.029031996925261185,0.6660151038479417,-0.9330337547475658,0.09647705504454589,-1.667571100433134,1.0,,0.0,0.12026506199893106,0.2,,,2.966984041484083,,-0.5068375864338955
2018-06-21,-1.9062135347305766,0.4907481078485919,0.0,0.7723557380228248,-1.4564538553956035,0.5488093388226422,2.0,-1.6292519868914053,0.0,0.03557964409399742,0.3553023851614274,-0.9633777269558341,0.0847396329767454,-1.7076920611958581,1.0,,0.0,0.0996210689864729,0.2,,,2.8652298840700237,,-0.34119228542360763
2018-06-22,-1.8748311239303608,0.5163657172807412,0.0,0.9000723046981415,-1.4568218272164806,0.5812014869880903,2.0,-1.594714944148316,0.0,0.09456829899112464,0.7740918350624872,-0.9801876207712251,0.06941677318136327,-1.7471661089337907,1.0,,0.0,0.017542483554392592,0.15,,,2.5482376387319996,,0.06660850531215379
2018-06-25,-1.8171455903802074,0.5377412606676184,0.0,1.1796670791471482,-1.405045781329993,0.6642365186487179,2.0,-1.5608759170464142,0.0,0.2328910796023167,0.8804204724721969,-0.9752182579138647,0.058683136996513105,-1.784042049122241,1.0,,0.0,-0.08695185001761292,0.1,,,1.8264956203305636,,-0.4333522653087645
2018-06-26,-1.7672183398162435,0.5729483072537387,0.0,1.2512639624912998,-1.396940969211971,0.7446193669036094,3.0,-1.5280892300645958,0.0,0.3253400243984074,0.23926261740146776,-0.9834020811662835,0.04647445743436097,-1.814560636234279,1.0,,0.0,-0.18503044612236924,0.05,,,1.9855562910229636,,-0.5888651299080984
2018-06-27,-1.7495965938612497,0.6024015534610865,0.0,1.3118465946302047,-1.4092521902169688,0.8124241688182432,3.0,-1.4963499055708587,0.0,0.40976678829444707,0.13497656526479923,-0.9798755644754286,0.03557089061114739,-1.8330357197848226,1.0,,0.0,-0.23190434461181342,0.05,,,2.7392382534669273,,-0.012014438359136442
2018-06-28,-1.7458369731603973,0.6073630909697068,0.0,1.1920007349765842,-1.4636972651293514,0.8357931907756274,4.0,-1.4656998935390324,0.0,0.4109151856111636,-1.0269261711467137,-0.9817783436807315,0.02590857278948488,-1.8536380150074547,1.0,,0.0,-0.21361283485440413,0.05,,,2.6499922179169357,,0.3204938206426839
2018-06-29,-1.7511882707048099,0.6020471806352725,0.0,1.0323537151614461,-1.504033001918822,0.8169342787238669,3.0,-1.4359838254889206,0.0,0.4056450251007065,-0.8986431296430167,-0.9770600495259041,0.01839288767774052,-1.873566784904527,1.0,,0.0,-0.22558142668644127,0.05,,,2.5624752723310826,,-0.8949788629399609
2018-07-02,-1.7825057269051663,0.5838329700434451,0.0,0.7280155597997846,-1.5976878184214909,0.7413139461218725,3.0,-1.407106884943825,0.0,0.3613669727224619,-1.2492584205572985,-0.9674647661366464,0.02072973970832482,-1.890386801020214,1.0,,0.0,-0.19341095323014384,0.05,,,2.661796742501648,,0.4164526390667179
2018-07-03,-1.8128364715614722,0.5709726867900962,0.0,0.3171237636906191,-1.756779450958015,0.602923107093458,3.0,-1.3788541152069274,0.0,0.25387201756785494,-1.3814462168185233,-0.9395583985731366,0.03212343494749957,-1.9038339378842692,1.0,,0.0,-0.18395473424628622,0.05,,,2.565724211998462,,0.3373685006421289
2018-07-04,-1.8435856140916869,0.5750206648028833,0.0,-0.04039452828184308,-1.8497659288529968,0.4295321371791907,3.0,-1.3509524051452353,0.0,0.1388429141097237,-1.263657655307126,-0.923131367534722,0.0382691688339392,-1.9488011526563596,1.0,,0.0,-0.15573921374207036,0.05,,,2.2920296763437316,,0.34657298320632846
2018-07-05,-1.8736023142021865,0.5827610512624212,0.0,-0.4441349390075089,-1.9933951536215435,0.22731206450962133,3.0,-1.3232361804448414,0.0,-0.009920049155205812,-1.5601607245942721,-0.8935268072446065,0.04726536799288636,-1.9927463702461465,1.0,,0.0,-0.09084661299926958,0.1,,,2.200713876143075,,1.307543406785813
2018-07-06,-1.9196075657385965,0.6033589704329128,0.0,-0.6796428029970745,-2.029258944177143,0.03345222098813102,3.0,-1.2954529538525017,0.0,-0.1649832461150923,-1.4628158972877228,-0.8695840205535217,0.058956047261003175,-2.006215417053947,1.0,,0.0,-0.033384167792364285,0.1,,,2.264672292504912,,0.5755756265086562
2018-07-09,-1.9736103115383206,0.6543353787596926,0.0,-0.8474951560949185,-2.055955971105648,-0.1430641170334372,3.0,-1.2675310285034431,0.0,-0.34599909935391227,-1.3088457978851018,-0.8429039595273441,0.06679168536507232,-2.018130507269245,1.0,,0.0,-0.051652814326115695,0.1,,,2.161198659311393,,-0.506269847338424
2018-07-10,-2.0174568155179085,0.6984107424160292,0.0,-0.8977936364150568,-2.0661712491310467,-0.28634723140021084,3.0,-1.2394177195479945,0.0,-0.4798883529866741,-0.6274496410769029,-0.8337649881929188,0.0705624896990267,-2.0284310902113702,1.0,,0.0,-0.031430347863478994,0.1,,,2.0597018075619182,,-0.41635105916910636
2018-07-11,-2.060321743173081,0.7601302012189675,0.0,-1.0870319153385861,-2.1374296327019517,-0.4229185085668542,3.0,-1.2111492849978946,0.0,-0.6491479295576303,-0.9349721637731212,-0.8200659154765789,0.0733418695174732,-2.036163895585181,1.0,,0.0,-0.018436138651937654,0.1,,,1.9611480819527873,,0.025114151791912686
2018-07-12,-2.0755691122645503,0.7704122947393073,0.0,-1.175356692848494,-2.151318155893807,-0.5303202548901585,3.0,-1.1824926324010978,0.0,-0.8066570123661911,-0.6796066062052313,-0.8017852512544088,0.06536315078296571,-2.0390352023701355,1.0,,0.0,-0.037946382944090105,0.1,,,1.8590230705481765,,-0.5727721597822011
2018-07-13,-2.0904355690972922,0.783606884189625,0.0,-1.1469848189261618,-2.072665611098322,-0.6045677228515892,3.0,-1.1534032017016043,0.0,-0.9669288978743704,-0.7586335670706862,-0.7784440391004915,0.05582927607604856,-2.0394740952632113,1.0,,0.0,0.014909562965740197,0.1,,,1.7590297138798765,,0.15437357924656644
2018-07-16,-2.0787931044774295,0.7864429216661686,0.0,-0.993949692660006,-1.9739159329169096,-0.6298422912805716,4.0,-1.1238875307114324,0.0,-1.082217973757514,0.14894548308504996,-0.7701800497884059,0.03785801176083958,-2.0363934956933134,1.0,,0.0,-0.06188763669823032,0.05,,,1.6637711313261276,,-0.2891085971548791
2018-07-17,-2.060214972271568,0.783145110986823,0.0,-0.6817346458694562,-1.8335927112185793,-0.5966481005072114,3.0,-1.0940097872938161,0.0,-1.0808037967902233,1.295838691368565,-0.7536222936232777,0.03000382768278195,-2.0313888620154774,1.0,,0.0,-0.034498565309430254,0.05,,,1.4571999931932775,,0.3216677124265066
2018-07-18,-2.0204636307618893,0.7393630924430372,0.0,-0.3993751063587244,-1.6255397750325666,-0.5262317734978227,3.0,-1.063925641622831,0.0,-1.0449528598295381,1.6749092821730156,-0.7183059558653035,0.02934156924574563,-2.0256731343776324,1.0,,0.0,-0.026669655443900635,0.05,,,1.0507740914967232,,-0.3502593891233031
2018-07-19,-1.9963316928387123,0.7305798399415844,0.0,-0.08613762791702871,-1.4360891885330922,-0.4268804935292624,3.0,-1.033629127754177,0.0,-0.9695332574711306,2.105276180611243,-0.6758924276587939,0.02467500968668716,-2.0317512237272193,1.0,,0.0,0.04149896155674795,0.1,,,1.2092422105534473,,1.022180054589364
2018-07-20,-1.9740976314514285,0.7100067719972869,0.0,0.11481038382973288,-1.2812279823511592,-0.3260627055772604,3.0,-1.0031782571474914,0.0,-0.9244233349658572,1.8705427212121948,-0.6397979019335762,0.021673208875520805,-2.0371131730883256,1.0,,0.0,0.11288766891247229,0.15,,,1.046713136187234,,1.4943826524266406
2018-07-23,-1.9847542175634139,0.7274441790931663,0.0,0.2286222731246354,-1.1449811831460495,-0.2360938126803272,3.0,-0.9724800199668577,0.0,-0.8804674060300549,1.9216350068646015,-0.6088106477874259,0.01937675013129714,-2.0436970876170943,1.0,,0.0,0.24796297132358047,0.2,,,1.0853794669911971,,2.268153782913399
2018-07-24,-1.9942070513181023,0.7387844022486143,0.0,0.33933024778743826,-1.0520533133883239,-0.15862483431212787,2.0,-0.9414157195906748,0.0,-0.8132182699941168,1.6896588985539711,-0.5779005473131922,0.013369109759736602,-2.0516189493654626,1.0,,0.0,0.349623770544723,0.25,,,1.1157366272260654,,1.444350854514752
2018-07-25,-1.9776040317732135,0.7445321070856533,0.0,0.46946773139348935,-0.9633239950752661,-0.08850377321127093,2.0,-0.9099451275739977,0.0,-0.7160522764260162,2.1278331246702864,-0.5339019538906693,0.010463756083241106,-2.0602447470687046,1.0,,0.0,0.38374703960456374,0.25,,,1.1336797488190062,,0.6704509428376786
2018-07-26,-1.9617060064003558,0.7496166624380651,0.0,0.6411685977647296,-0.8828572828327858,-0.012807966728560527,1.0,-0.878060674037434,0.0,-0.5547340018253074,2.1817047104624527,-0.4912800776882238,0.01111443352292264,-2.0665597286369297,1.0,,0.0,0.45052814893033427,0.3,,,1.0642955493292645,,1.6561160071580951
2018-07-27,-1.932295066438893,0.7415803559224641,0.0,0.8470375268119863,-0.7632154504444864,0.06808674189304414,1.0,-0.8457945537494156,0.0,-0.40422328839535987,2.0290890758489026,-0.4446255926521603,0.007108884957692268,-2.069989917132888,1.0,,0.0,0.5261708690032249,0.3,,,0.8454564421336461,,0.6178755385178499
2018-07-30,-1.8676483532852977,0.6843266556795596,0.0,1.170251402224617,-0.603144831895145,0.16855973876068522,1.0,-0.8131888893497876,0.0,-0.24500617527088253,1.770001541400108,-0.3856794666965321,0.01395692779062954,-2.069339506029495,1.0,,0.0,0.5203671935754928,0.3,,,0.5087447239796579,,0.30037913051207615
2018-07-31,-1.7973316554095657,0.6274434329613388,0.0,1.5525278620028424,-0.4578323611811758,0.3041759590431711,1.0,-0.7804242544173791,0.0,-0.05886499255824098,2.0777953763911117,-0.3098156539583893,0.02967606082658817,-2.0639624846100197,1.0,,0.0,0.45779688110250394,0.3,,,0.41027962057045525,,-0.914037748817647
2018-08-01,-1.7431666562354224,0.5938227851330093,0.0,1.795217146076709,-0.35564316071582747,0.44791973238821886,1.0,-0.747758235230185,0.0,0.11041865222850467,1.7516126475318308,-0.24625588508192864,0.03491934057339577,-2.0532175336364045,1.0,,0.0,0.4502471672905689,0.3,,,0.4469524124700362,,0.19557870696762675
2018-08-02,-1.689960987445788,0.5680270852523835,0.0,2.0485367116798736,-0.2905986929260808,0.6014206676680153,1.0,-0.7152724324519087,0.0,0.30056402461718057,1.7702207932807044,-0.1859420142922066,0.04954092196616159,-2.0382642229786017,1.0,,0.0,0.33741278672722874,0.25,,,0.4172953206347734,,-0.9491442044809888
2018-08-03,-1.6089546595868374,0.516614549518168,0.0,2.1682634737695854,-0.2248943901453153,0.7366795236368044,1.0,-0.683161385165116,0.0,0.4974436919114587,1.91031681741546,-0.11243373728679686,0.06316341566729093,-2.019905782042011,1.0,,0.0,0.31154821886368855,0.25,,,0.22251549419394753,,0.058284269237851356
2018-08-06,-1.5432521598608855,0.5053949336129924,0.0,2.232722959655267,-0.192231604777335,0.8514462180045591,1.0,-0.6514946026334144,0.0,0.6720639226307817,1.520134438228894,-0.03707853899386406,0.07652075292720385,-2.0036418851587383,1.0,,0.0,0.3381155826346389,0.25,,,0.31079105266097945,,0.025077428080584212
2018-08-07,-1.4646723074327332,0.47856034944397174,0.0,2.231652113130659,-0.19588926155294595,0.9454831007626308,1.0,-0.6203176737521834,0.0,0.8121367061832105,1.4304348814911019,0.022554458359496054,0.0762060695012911,-1.9870333361849473,1.0,,0.0,0.3395907698428454,0.25,,,0.19132475876724123,,-0.38684731500497627
2018-08-08,-1.3661722992283503,0.4214029197885668,0.0,2.348664503313466,-0.1617540648201501,1.0447223712714682,1.0,-0.5896505566277573,0.0,0.9704857915047921,1.406701547482781,0.08224246485419258,0.07418856529216329,-1.9731885289299038,1.0,,0.0,0.3315434235337915,0.25,,,0.040935388472041985,,-0.13583277438916602
2018-08-09,-1.275980670934393,0.39682830995686313,0.0,2.397775714151778,-0.12574686583330072,1.1349933352256771,1.0,-0.5597330557343037,0.0,1.1239395878478349,1.5181553233439211,0.1186730612169012,0.05857033885689939,-1.9532086425465036,1.0,,0.0,0.347385511851206,0.25,,,0.07978610635239121,,-0.2559303934339113
2018-08-10,-1.1730693790343842,0.3602256487054727,0.0,2.338986024009528,-0.08782533858256923,1.2052610084188076,1.0,-0.5306442078706864,0.0,1.2674236306874709,1.19912664329425,0.14629680925693278,0.04274904760452306,-1.934791089046301,1.0,,0.0,0.2916345886128746,0.25,,,-0.0040661255299180125,,-0.9606448855200611
2018-08-13,-1.0433710528621587,0.282327582403608,0.0,2.2883697779498458,-0.022514946845449864,1.2617325320377422,0.0,-0.5023889948322467,0.0,1.3577816985049744,1.0215823661236012,0.16606350524162136,0.021033769821511773,-1.9147928715155356,1.0,,0.0,0.3048469176485644,0.25,,,-0.14941396580030075,,-0.02486201644108278
2018-08-14,-0.9153649090432365,0.20874679956588338,0.05,2.1798337830427332,0.03473350146387329,1.2940838435553759,0.0,-0.47502033131744437,0.0,1.3757415071325532,0.7351247610337609,0.17544707293619655,0.0028648210920969542,-1.8936111124367014,1.0,,0.0,0.23756871539618016,0.25,,,-0.1720419308275315,,-1.023896332621178
2018-08-15,-0.8383790815009124,0.18317571870945926,0.05,1.945203820379831,0.04920148824525935,1.2824982758022891,0.0,-0.44852344102527975,0.0,1.3721420140968432,0.7093867572544165,0.17173836475068693,-0.018713586004968658,-1.8712512438247586,1.0,,0.0,0.22198386940172438,0.25,,,-0.03291532008078782,,-0.6619563090124198
2018-08-16,-0.7614401678504891,0.1937682793258021,0.05,1.7538402329142748,0.08007046233241483,1.2416572619126136,0.0,-0.4227940663450078,0.0,1.3455697396441517,0.7078074441444411,0.18128193462525954,-0.02889609411245124,-1.8504838271203858,1.0,,0.0,0.138364024382907,0.2,,,0.028310569597753656,,-0.6502168457869825
2018-08-17,-0.6924518643744623,0.20284228971624718,0.05,1.589321646479278,0.09769106157469133,1.1839821136026552,0.0,-0.3978249444095846,0.0,1.3182898145219228,0.4855841096185116,0.17510301068919604,-0.04570837801383702,-1.8313962290960577,1.0,,0.0,0.01861756883313162,0.15,,,0.026158104577363266,,-0.9005464585688677
2018-08-20,-0.6310256769752478,0.23367330381712936,0.05,1.4320142348571554,0.10108631113862414,1.1166825446083373,0.0,-0.37364326105403245,0.0,1.266232317540597,0.07878102198564749,0.17110485597275202,-0.06725553815839198,-1.8110458645072582,1.0,,0.0,-0.11342010150568287,0.1,,,0.0734012763780924,,-0.3725996238628908
2018-08-21,-0.5278829730608332,0.25799762474137655,0.05,1.376052952927331,0.14910959509341956,1.0550747418539574,0.0,-0.3502503846769299,0.0,1.230660926325505,0.2143160682094391,0.16571770746761913,-0.08544117274756366,-1.7884699166935176,1.0,,0.0,-0.2436828261664738,0.05,,,-0.04500293196921956,,-1.160903638701066
2018-08-22,-0.41159743327636844,0.30435675083929215,0.05,1.3366690022474674,0.2072314629810689,1.0043936260941393,0.0,-0.3277318756464524,0.0,1.1933845543239248,0.647345356305745,0.15325074756221635,-0.10632173299444904,-1.7644614935271314,1.0,,0.0,-0.3569994114932739,0.05,,,-0.060937427806690335,,-1.5958807636983243
2018-08-23,-0.2823188996693765,0.3546451283529426,0.1,1.3197761346542276,0.2767648347147595,0.9626143844850465,0.0,-0.30611748632997726,0.0,1.1614687564366384,0.8109026307672763,0.15829499521054965,-0.11384120055170183,-1.7359450326358519,1.0,,0.0,-0.52345642378028,0.0,,,-0.09184296758725304,,-1.6730242385820258
2018-08-24,-0.1823811747706303,0.4153924100408587,0.1,1.2586135327815664,0.3463318385366292,0.9199269975020623,0.0,-0.28544932262091127,0.0,1.1383536301156307,0.8408937726776555,0.1666062635696048,-0.12146392535844364,-1.705084378466842,1.0,,0.0,-0.618539686126668,0.0,,,-0.04919112150390807,,-1.283789708409912
2018-08-27,-0.08327702786963384,0.3957586361158302,0.15,1.142987919412753,0.4076074171814795,0.8734485453581599,0.0,-0.26572695566615573,0.0,1.1062153993934254,0.41425005424480416,0.18418031373765825,-0.11538119426189292,-1.6708819977178668,1.0,,0.0,-0.6861641190962653,0.0,,,-0.10502836541482913,,-1.0521095288798694
2018-08-28,0.008159526369416742,0.38204699813705023,0.2,1.040190300503168,0.46439583614148433,0.8231943055279679,0.0,-0.24688787694250128,0.0,1.0677606755364275,0.6218818385555963,0.19111916801085968,-0.10537530087721306,-1.6359505468451794,1.0,,0.0,-0.708966618801177,0.0,,,-0.09407586537401515,,-1.370087742915877
2018-08-29,0.09203306344888088,0.41287035674890726,0.25,0.9624839798464605,0.4991246635272286,0.7735450798375944,0.0,-0.22889575282635916,0.0,1.0368966073477854,0.4746196933712623,0.1871026569280834,-0.1032354344554846,-1.6010809547235016,1.0,,0.0,-0.7867097327369856,0.0,,,-0.05940501597493633,,-1.3592835717485499
2018-08-30,0.1892623356044728,0.44142784398481316,0.3,0.9658193325415146,0.568154124417902,0.7335331213664251,0.0,-0.21174903457978483,0.0,1.00772921772925,0.5570213457125822,0.198419337350486,-0.09185664860637571,-1.56631014898451,1.0,,0.0,-0.788356175022423,0.0,,,-0.07428867901527961,,-0.9820730501897338
2018-08-31,0.25081289178248156,0.4612637081349904,0.35,0.9174835394085323,0.5912995328494443,0.6911777350905972,0.0,-0.19549197356359796,0.0,0.9779709921975369,0.7275297953386286,0.19230854435311787,-0.08241086002287724,-1.5328472964107036,1.0,,0.0,-0.8571541106594834,0.0,,,-0.046583469624628,,-1.3176744435033592
2018-09-04,0.30504868579431393,0.526137170531132,0.35,0.8518868939878154,0.5653452713040805,0.6401380478206298,0.0,-0.1800712435403874,0.0,0.9162402176170076,-0.24550535700029796,0.17254690774003403,-0.07068195841738277,-1.5010975936453215,1.0,,0.0,-0.8706117410852758,0.0,,,-0.015110558227043304,,-0.24407518043526283
2018-09-05,0.34490740832014577,0.5707106589334376,0.35,0.7833058205251946,0.500074732960401,0.5803223126503535,1.0,-0.16545090765758122,0.0,0.8304267625138717,-0.7513994489740674,0.1544612172468827,-0.06449161799521573,-1.4711334004854197,1.0,,0.0,-0.8847642899563765,0.0,,,-0.013007904367202151,,-0.6698982924269885
2018-09-06,0.35644530769295985,0.5810921823611297,0.35,0.6452146627461545,0.41086924576292805,0.5033207744086248,1.0,-0.15158808244058258,0.0,0.735388484125681,-0.891250869860446,0.1323838850023302,-0.05396039887980688,-1.4581696539960105,1.0,,0.0,-0.9096588298935837,0.0,,,-0.004609718036288749,,-0.6337235731333122
2018-09-07,0.37496127810652297,0.6024213111252208,0.35,0.5704549591099385,0.3798522414629742,0.4262584678803372,1.0,-0.1383529834073566,0.0,0.6200563311901262,-1.1193236560044022,0.12117922001917729,-0.04663508329392427,-1.4448089846445107,1.0,,0.0,-0.9174654828437457,0.0,,,-0.003644594942172411,,-0.41206345243715203
2018-09-10,0.3864236192770731,0.6101282474386494,0.35,0.4856261381467078,0.3419966606928265,0.3495608338589137,1.0,-0.12573186835900357,0.0,0.5280455587222133,-0.9212487162600249,0.11115080131994817,-0.03969413547518901,-1.431034839117808,1.0,,0.0,-0.9410791351661796,0.0,,,-0.0064687310271768364,,-1.4329179319687373
2018-09-11,0.3767962545330509,0.612687762218366,0.35,0.4372768979413244,0.3639082706688849,0.27574235929846286,1.0,-0.11365961166526603,0.0,0.4554365336145012,-0.6613021476990898,0.09929645951616298,-0.02757682715586371,-1.418138144239889,1.0,,0.0,-0.99432338919729,0.0,,,-0.00688014765969226,,-1.0897470970632912
2018-09-12,0.3532938804082352,0.619949539019967,0.3,0.4052839214496737,0.39215234226678575,0.20803506184535459,1.0,-0.10211276531785263,0.0,0.3804530757877401,-0.9498845514801033,0.08433254426783574,-0.014443484423501783,-1.4037388449562704,1.0,,0.0,-0.9946611945074654,0.0,,,-0.0025381984778570406,,-1.0306524388246867
2018-09-13,0.365014448243757,0.6230543343096706,0.3,0.4465864832998145,0.4422388961923332,0.1576534688677102,1.0,-0.09106039582172995,0.0,0.29327803945628317,-1.1732687481156516,0.06977904530225805,-0.014770318014692104,-1.3734381263443498,1.0,,0.0,-1.044591218367494,0.0,,,-0.0012686272779148535,,-1.6605567862129904
2018-09-14,0.3977879303848423,0.6408955020657172,0.3,0.4847130829610064,0.5057881555001541,0.12083787511195525,1.0,-0.08055704124355186,0.0,0.21338664896672827,-0.9799360556788769,0.04483740022426956,-0.008389068112094517,-1.3418407338835825,1.0,,0.0,-1.1005172007098234,0.0,,,0.001508853620480822,,-1.7684433979682688
2018-09-17,0.4305236895280256,0.6630784999717095,0.3,0.4982145257446075,0.5344671317002796,0.08930298425478772,1.0,-0.07060526398163637,0.0,0.14227137620831526,-0.9840594585500112,0.013924457820371028,-0.01339817228493359,-1.3104349376034514,1.0,,0.0,-1.0978197920809616,0.0,,,0.004362668046822602,,-0.8465982859916341
2018-09-18,0.47731248972896134,0.7288942010727837,0.3,0.5728466530762799,0.6027516990869584,0.0658594746827924,1.0,-0.061171916024534256,0.0,0.12905129920160102,-0.2173726776014437,-0.007048841324866313,-0.011581211890157076,-1.2801283140454953,1.0,,0.0,-1.1293784794897321,0.0,,,0.0072164666094881435,,-1.082209939029068
2018-09-19,0.4958648364085766,0.7301979500015152,0.35,0.6208228794964925,0.6919240128810062,0.04760821866360008,2.0,-0.052302751842749504,0.0,0.11762242203769666,-0.040306801399981634,-0.018945569631891465,-0.0071660677759783145,-1.2490977574925974,1.0,,0.0,-1.1293784794897321,0.0,,,0.012013522422207958,,-1.7684433979682688
2018-09-20,0.5213014649812877,0.7141368679732851,0.4,0.6877060107106348,0.8074838906499386,0.0382896602723202,2.0,-0.043974900216169385,0.0,0.12409765253707512,0.7674755683422186,-0.022689006481740392,-0.0030184512643576175,-1.2205791089468914,1.0,,0.0,-1.1293784794897321,0.0,,,0.020236561029454005,,-1.4527781888151041
2018-09-21,0.5396189143258916,0.6913833531374911,0.4,0.7282530629387446,0.910980338147745,0.036862676855106004,2.0,-0.036198751743203667,0.0,0.11218811834197069,0.6110303472652978,-0.02519600085224726,0.004422973447122937,-1.1975209621695837,1.0,,0.0,-1.1293784794897321,0.0,,,0.025494492120043188,,-1.2482469869389727
2018-09-24,0.5857702390163659,0.6458334289262294,0.45,0.7638702701451555,1.0097316181215261,0.045846157639297294,2.0,-0.028936452529531604,0.0,0.11018670153633528,0.869168078743383,-0.032030132650286654,0.010365419172649517,-1.1768759303609655,1.0,,0.0,-1.0733412481039797,0.0,,,0.034469602143580545,,-0.04465548629786285
2018-09-25,0.5967088851914294,0.6303009739701927,0.45,0.8031226943597073,1.1029049933219301,0.05557410460118567,2.0,-0.022154963054941794,0.0,0.13815216709595013,1.0597862293096396,-0.032231834839317845,0.02105939938290345,-1.15747095789534,1.0,,0.0,-1.0934171347202988,0.0,,,0.03253060337313637,,-1.4536272612062484
2018-09-26,0.6076428261366098,0.6159168534449775,0.45,0.8549398058305885,1.2019193514617077,0.06395303537393998,2.0,-0.015863853143122587,0.0,0.15706006791210653,1.080628781132393,-0.04999610064311362,0.02226608698225416,-1.1376612903217467,1.0,,0.0,-1.0779739518162026,0.0,,,0.03337055705005093,,-1.0612240848339543
2018-09-27,0.6461226896290758,0.5723650703060769,0.45,0.937683628770112,1.3054320408143099,0.07495702661017015,2.0,-0.010064052591050745,0.0,0.18997519695075943,1.2013888862554145,-0.0818314763453525,0.01382231223796619,-1.1177654184694337,1.0,,0.0,-1.0852858972987114,0.0,,,0.04118125623033479,,-1.505522481398724
2018-09-28,0.6771345136314015,0.5286739868778436,0.45,0.9528976251882963,1.382857766277609,0.08417413634138161,2.0,-0.004773967195398484,0.0,0.19915527792993454,0.792118741420697,-0.1186341363053229,0.012022971332211838,-1.0926539060122118,1.0,,0.0,-1.064913672357966,0.0,,,0.043829042016602794,,-0.5746285513748302
2018-10-01,0.7217422919637924,0.48907239434297767,0.45,0.9697555981612906,1.4163638251775132,0.09757633325458479,2.0,6.421756305213001e-05,0.0,0.20950691434526658,0.9486466833984717,-0.1577239064958505,0.00011420287995008974,-1.067320331337388,1.0,,0.0,-1.0224090681032072,0.0,,,0.04208602939479121,,-0.46758235840818013
2018-10-02,0.7734253708645541,0.48756134085451597,0.5,0.9952890653165692,1.4096306093054398,0.12245015982684795,2.0,0.004470598062584067,0.0,0.25591495225198607,0.6454896747397224,-0.1852728998443642,-0.011143170931889537,-1.007063854806995,0.98,,0.0,-1.0456434201421676,0.0,,,0.033810812393736726,,-0.70876222121447
2018-10-03,0.8313869071261062,0.48506325788988613,0.55,1.073234935218997,1.4104695347796634,0.16139848745191449,1.0,0.008435945454546612,0.0,0.3346595535692383,0.7141022272997254,-0.21107447641694674,-0.022954940629256456,-0.9456725805574239,0.96,,0.0,-1.1005853301524966,0.0,,,0.03641936891695312,,-1.7684433979682688
2018-10-04,0.9024525086298061,0.4927801593179486,0.6,1.2137240912597775,1.4427694935698694,0.21597232382177028,1.0,0.011897985080361821,0.0,0.42898376417439354,0.8066723865952035,-0.23125010468149967,-0.030217043434866593,-0.8849722932552868,0.94,,0.0,-1.1228936262990126,0.0,,,0.03769475457529301,,-1.0798894960636325
2018-10-05,0.9662219396211086,0.5189346192674344,0.65,1.2194753347440135,1.4154250233273766,0.2579907967239832,1.0,0.014755425930624937,0.0,0.5094092227364042,0.2176273177468213,-0.2718209510900668,-0.04005042866591165,-0.8257817904080899,0.92,,0.0,-1.1293784794897321,0.0,,,0.030543499416910216,,-0.8191756739471828
2018-10-08,0.995971526952774,0.5484689217139223,0.7,1.1957210475313929,1.3566826501295606,0.282412907068348,2.0,0.017086110519798425,0.0,0.5847192706244195,0.24698156733803023,-0.31272984233306933,-0.05164490144476497,-0.7679390980221993,0.9,,0.0,-1.1174231735390467,0.0,,,0.016846153834699083,,-0.9163966552593883
2018-10-09,1.0118971793776106,0.565929203332346,0.75,1.0887586062884973,1.2836638774209252,0.28524941342359705,2.0,0.0189103943502043,0.0,0.6267192447460581,-0.22633986345796558,-0.3684634803663404,-0.06209456587519629,-0.7121089807399406,0.88,,0.0,-1.1041477717260395,0.0,,,0.013018050995656236,,-0.824239060803147
2018-10-10,1.0280726057458554,0.5907878839329043,0.8,0.9556838980923922,1.1943527841137378,0.27376760930987376,2.0,0.020302249442756333,0.0,0.6380456721207803,-1.1819917768386656,-0.4326227115068405,-0.06884715209184551,-0.6597211881082569,0.86,,0.0,-1.0931296205214118,0.0,,,0.009837754149431393,,-0.8102894147321346
2018-10-11,0.9573892827755734,0.3969660047703353,0.8,0.6980063679748544,1.01914075936503,0.2211663031604829,2.0,0.021302984203710178,0.0,0.6160767979601525,-2.1151877220693294,-0.49478038314870687,-0.08062299745493413,-0.6096076444302229,0.84,,0.0,-1.0303692672384643,0.0,,,-0.017229172867552153,,-0.4053497205540392
2018-10-12,0.9067026102426171,0.3204168897114553,0.8,0.5483411357059731,0.949775978510904,0.15674559897408424,2.0,0.022131387190948128,0.0,0.5967933214115,-1.8986250454357392,-0.5546223316700144,-0.08598836010881011,-0.5584207489485342,0.82,,0.0,-1.0056066173823774,0.0,,,-0.009639340531691765,,-1.2734834955118326
2018-10-15,0.8363529540927832,0.2135773169931311,0.8,0.39380307220047156,0.8436237861296139,0.08088484056959237,2.0,0.022776792837726958,0.0,0.5732992635898584,-1.9790526976431866,-0.6185959120354053,-0.09739407519097883,-0.5062735104963442,0.8,,0.0,-1.0252822902425722,0.0,,,-0.01898114333201077,,-1.2401117431955293
2018-10-16,0.773014166543223,0.1389107846135662,0.8,0.27007317378358575,0.8017258551455859,0.004254424648577848,2.0,0.02330115255207737,0.0,0.5099193142838092,-1.978581877726664,-0.681481264319671,-0.09795479190623427,-0.4531485716298427,0.78,,0.0,-1.0181305262523974,0.0,,,-0.018393798650551806,,-0.9391746592255723
2018-10-17,0.7030143438401664,0.07425451898965196,0.75,0.18973433776587248,0.8169499829558304,-0.06851150098417857,1.0,0.023724783548613355,0.0,0.4295028164035206,-2.0927751951564373,-0.7363515857728895,-0.09614551127459331,-0.40068939493593725,0.76,,0.0,-0.9795161724568082,0.0,,,-0.020021275840875312,,-0.9964494167217876
2018-10-18,0.6261328361250681,0.03121474593922835,0.7,0.0048542557113820245,0.7684036024291669,-0.14669673544926418,1.0,0.0240536719366566,0.0,0.2976110266925014,-2.2583076422776442,-0.7962941469787894,-0.08999417354676356,-0.3487939108367204,0.74,,0.0,-0.9953140876477317,0.0,,,-0.017235504726331886,,-1.7684433979682688
2018-10-19,0.5427503867943434,-0.00033173479601367184,0.65,-0.18694445162479253,0.703370567719071,-0.23098844873581528,1.0,0.024421392467382133,0.0,0.1781612591536906,-2.114037595632741,-0.8342937232267105,-0.07656836048943526,-0.30024424349429796,0.72,,0.0,-1.0075819352696693,0.0,,,-0.018885639970271685,,-1.49360393937773
2018-10-22,0.44606148791395317,-0.013107297665687634,0.6,-0.4028342409444334,0.6141686120623803,-0.320499984957015,1.0,0.024892050299756427,0.0,0.03445509330041093,-2.274057893336347,-0.8778120080520827,-0.06803509289564512,-0.25230735911109187,0.7,,0.0,-1.0484616636719373,0.0,,,-0.021100193756455,,-0.8622500543432196
2018-10-23,0.32389030352197484,-0.06482520217045007,0.55,-0.6816798981995738,0.4666721314500333,-0.41584997256133843,1.0,0.02553060173735238,0.0,-0.12338746420885793,-2.2852124803097564,-0.9275275554115342,-0.0618280922950339,-0.20556879106156903,0.68,,0.0,-1.0298497089103817,0.0,,,-0.05035050689207347,,-1.0813881659751359
2018-10-24,0.19597353119908556,-0.10899638890288132,0.5,-1.0099426333638928,0.28250770888387655,-0.5178222007482411,1.0,0.026527383239034447,0.0,-0.29121933113138826,-2.307952069115413,-0.974519730597816,-0.06027183310244245,-0.15978484724542436,0.66,,0.0,-0.9887176597451136,0.0,,,-0.06625125065334261,,-0.23858310152859494
2018-10-25,0.04885708868559151,-0.12913274983097245,0.45,-1.3872439505547607,0.05890844589918134,-0.6245099596382828,1.0,0.028032691308126134,0.0,-0.45630784764597215,-2.0838466633217823,-0.9982221718937794,-0.054400691870971025,-0.11460578473914226,0.64,,0.0,-0.9451957434708612,0.0,,,-0.08748139670222314,,-0.6350841559136746
2018-10-26,-0.09737086240195894,-0.110533564987356,0.4,-1.726902031405561,-0.16146789523679916,-0.7343086829996379,1.0,0.030287049141315144,0.0,-0.6112804507787497,-2.191055773454581,-1.037999600407719,-0.053148824408054254,-0.0668522990961533,0.62,,0.0,-0.9356423486585456,0.0,,,-0.09856436580526999,,-0.383560655128518
2018-10-29,-0.2423705841084478,-0.07141674856115743,0.35,-2.0158250720098523,-0.3861731324919096,-0.8441562056942529,1.0,0.03340798200058837,0.0,-0.7805902315177826,-2.208429807902967,-1.067411388775915,-0.05270465059485395,-0.020214650239951348,0.6,,0.0,-0.9592184302395523,0.0,,,-0.11982228588351697,,-0.9391039900283135
2018-10-30,-0.37275937327050235,-0.03462104488735562,0.3,-2.2103328660185504,-0.5737460114412062,-0.9453968243173563,1.0,0.03753319981636923,0.0,-0.938877561150799,-2.1871470089113005,-1.094435629813657,-0.046906490268572895,0.02579478192093316,0.58,,0.0,-0.9502931421823302,0.0,,,-0.14480737529369023,,-0.5302564600700272
2018-10-31,-0.4959901703489781,0.04425303540928538,0.25,-2.2845309601130808,-0.6519987588725291,-1.0217519940280635,1.0,0.042766608198132494,0.0,-1.0960502752834587,-1.9859824363373915,-1.124053919813318,-0.038259612003579385,0.06902920491367975,0.56,,0.0,-0.8366384020080299,0.0,,,-0.13866693887243597,,0.5043583108524333
2018-11-01,-0.631387485683217,0.16091385131771296,0.2,-2.2999949234431822,-0.763267862250504,-1.0863084576019342,1.0,0.04915314211243324,0.0,-1.2416798125375506,-1.5538156586615521,-1.148137314973544,-0.023625654010132575,0.11828717215452227,0.54,,0.0,-0.7990903922476436,0.0,,,-0.18036361019020447,,-0.32892930085590627
2018-11-02,-0.7590985041765375,0.30027816726809375,0.15,-2.2999949234431822,-0.7948631403933248,-1.1200835589694762,1.0,0.056886479952919775,0.0,-1.350711010099794,-1.3208458612026293,-1.1760283707005574,-0.014158031823365554,0.1650753366661169,0.52,,0.0,-0.7662729615674687,0.0,,,-0.20770029416552402,,-0.16282706034368413
2018-11-05,-0.8466506499793109,0.4097540289094078,0.1,-2.2999949234431822,-0.8102340610957662,-1.1228755786352536,0.0,0.06595079057461362,0.0,-1.4464991903332514,-0.951754768595731,-1.2021682829106453,-0.0047630953095712655,0.20979070224345345,0.5,,0.0,-0.7526788338082684,0.0,,,-0.18369487687556568,,-0.6445141000753817
2018-11-06,-0.9462510728451095,0.5287596846440439,0.05,-2.2681798912832636,-0.8258804781913387,-1.1056728054578815,1.0,0.07635503342666529,0.0,-1.5098085617482373,-0.7051322589789435,-1.2373870180045115,-0.0009617733982460311,0.2526884533356413,0.48,,0.0,-0.7697612291287763,0.0,,,-0.29235494785045885,,-1.165886967213307
2018-11-07,-1.0322000492745695,0.6899197020454899,0.0,-2.1910353331721657,-0.8568508554308855,-1.072431082007582,1.0,0.08813409900510552,0.0,-1.5354498927755074,-0.8505677686147539,-1.268266004932623,0.001668272982362984,0.2931005921966799,0.46,,0.0,-0.7789821601680724,0.0,,,-0.29161663335108967,,-0.9947080355180554
2018-11-08,-1.0250877689963933,0.6883012333121329,0.0,-1.9767328839508334,-0.8411118678365638,-0.9941087367233676,1.0,0.10133891291758883,0.0,-1.4674164305389703,0.11368471670155605,-1.291546065012608,0.0009380018421613192,0.33372059411593213,0.44,,0.0,-0.8219363113222722,0.0,,,-0.24998388208850333,,-1.2644327436380338
2018-11-09,-1.063577335032474,0.7104734653220017,0.0,-1.9272449499397721,-0.8731771896907125,-0.9124731590504794,1.0,0.11577515174500226,0.0,-1.4259215346325056,-0.1850118151993131,-1.3286463508799498,-0.001519865944036092,0.37491365318329634,0.42,,0.0,-0.7759174456205702,0.0,,,-0.38978701898855006,,-0.353106181477795
2018-11-12,-1.0692162799510423,0.7129543648470502,0.0,-1.8351282161763638,-0.9000830946179069,-0.8178140403215298,1.0,0.13158756353467835,0.0,-1.3630964365080867,0.14692162790571686,-1.3522048591854168,-0.0012097467987785516,0.4155451393041271,0.4,,0.0,-0.7637047122401472,0.0,,,-0.33836145970648046,,-0.9958570755870686
2018-11-13,-1.094015777934769,0.7205476838394289,0.0,-1.8481591746102524,-0.9625690173270539,-0.7300647814506209,1.0,0.14877179970091364,0.0,-1.300641726609523,0.11901509507202615,-1.368475183850296,0.004409731035954176,0.4557976918753561,0.38,,0.0,-0.7675688384851069,0.0,,,-0.459188472766113,,-1.0164571841247692
2018-11-14,-1.1060246193489154,0.731340609001048,0.0,-1.9180779046859895,-1.0235687228159152,-0.6593221918605214,1.0,0.16749262782152793,0.0,-1.2362556613730318,0.014573221007412485,-1.3811601724368705,0.00987436865356277,0.4970701013604926,0.36,,0.0,-0.7508724708703058,0.0,,,-0.3956861476912898,,-0.6625220644257627
2018-11-15,-1.1371272459486206,0.7572724439043926,0.0,-1.9262692407372521,-1.0892242217391626,-0.5980869851014995,2.0,0.18787920184094076,0.0,-1.1572842631781177,0.10701685422382767,-1.391874341115055,0.01391138412681196,0.5442866092080534,0.34,,0.0,-0.6507987762717097,0.0,,,-0.5364097112781359,,0.23273739933835033
2018-11-16,-1.155436735978998,0.7877679039098792,0.0,-1.8599576964350026,-1.0986855398604487,-0.5341152709518963,3.0,0.2099842946872827,0.0,-1.0718101969442286,0.337679447929108,-1.4124341861800476,0.02133189636048904,0.5899488134067579,0.32,,0.0,-0.5941037788263862,0.0,,,-0.4589413029905836,,-0.35970399047126106
2018-11-19,-1.1610417781906743,0.8022551477864989,0.0,-1.7104696266552057,-1.0495095435399917,-0.45907203542926267,3.0,0.23379003489294128,0.0,-0.9698279510755743,0.4641549216243819,-1.4295629684591544,0.02515066678339069,0.6337777209106069,0.3,,0.0,-0.5638756425332676,0.0,,,-0.363544511892635,,-0.25768732848084624
2018-11-20,-1.1398534997242205,0.7904524622033887,0.0,-1.5093572692417778,-1.005178411757528,-0.3717131874024996,3.0,0.25923897004394336,0.0,-0.8596297281136351,0.5705025447822234,-1.4532814132644833,0.022562147093859525,0.674927242320379,0.28,,0.0,-0.5726159304601314,0.0,,,-0.4562016553143459,,-1.2561939245124136
2018-11-21,-1.106005323635056,0.7763680025973885,0.0,-1.2598923280638195,-0.9473313765796071,-0.2695229652021043,3.0,0.28622775636369446,0.0,-0.7245235147516568,0.9411879640465519,-1.4734997882026732,0.023685073020520905,0.7128574962314009,0.26,,0.0,-0.6221970665290517,0.0,,,-0.41086323570991057,,-1.230205822906999
2018-11-22,-1.0470447123263509,0.7328949734121387,0.0,-0.9582326605598176,-0.8752167076062788,-0.15574789016900287,3.0,0.31464063223236727,0.0,-0.6016689238123043,0.9256332678233414,-1.4869237102227943,0.03257456761023967,0.7488450166247482,0.24,,0.0,-0.6788796833650464,0.0,,,-0.19747335241351063,,-1.7684433979682688
2018-11-23,-1.013925095300942,0.7315334619702709,0.0,-0.7057132701732141,-0.8463106224983009,-0.040955980030704456,3.0,0.34426991969580806,0.0,-0.4679293648445128,0.9834639024847229,-1.5023253741513454,0.033295872521214444,0.7832669320685177,0.22,,0.0,-0.7126441427137095,0.0,,,-0.4584377507952651,,-1.0588498421017767
2018-11-26,-0.974745468085288,0.7245782429010819,0.0,-0.4556175565374514,-0.8233212774468627,0.07384983644826773,3.0,0.37506419857869505,0.0,-0.3227207068579945,1.1371660129049936,-1.5060679414252265,0.037305385399179755,0.8160993898966583,0.2,,0.0,-0.7272997430328028,0.0,,,-0.39261711521034875,,-1.23221599641018
2018-11-27,-0.9358544228307023,0.7223486019647782,0.0,-0.2681640512972005,-0.8246153258964649,0.17989913108678857,3.0,0.4068679650825103,0.0,-0.1728961066753384,1.1934061737967805,-1.5239149320531802,0.03802126389827636,0.849490877545826,0.18,,0.0,-0.7452327229195296,0.0,,,-0.41075207394875934,,-0.8889160578045638
2018-11-28,-0.9100648866015616,0.7109201398462327,0.0,-0.1801856935727996,-0.8151415507323201,0.26204514593848355,3.0,0.43960703617756425,0.0,-0.023435644282985935,1.3305807359579869,-1.539809081981494,0.039992260112011804,0.8823162110254578,0.16,,0.0,-0.8573377202647702,0.0,,,-0.4286524686486669,,-1.7377416360523776
2018-11-29,-0.8779320371762237,0.7071728535124996,0.0,-0.06620584393627298,-0.8132195299800887,0.3301958894700828,3.0,0.4733079718378807,0.0,0.09503880568107871,1.095969272847188,-1.5676959698649247,0.03646725091635498,0.915492550339134,0.14,,0.0,-0.89060798165376,0.0,,,-0.44665388054830735,,-0.9943345286357016
2018-11-30,-0.8522931328238897,0.7121198248553715,0.0,-0.014795465771477752,-0.7939237424342733,0.37881707072445847,3.0,0.5078733832523252,0.0,0.20767761599048667,1.1568708534383934,-1.5933549233852011,0.035107360689122444,0.9530027749805373,0.12,,0.0,-0.9587881676614753,0.0,,,-0.5746454982430561,,-1.5264307804979915
2018-12-03,-0.7503707515047714,0.47295350093462485,0.05,0.0952451037969572,-0.7029543232478523,0.42846093994018364,3.0,0.5433156998301701,0.0,0.3019070137161509,1.100617233154926,-1.6118337083047316,0.03859183782391095,0.9903846686327802,0.1,,0.0,-0.9353024660807435,0.0,,,1.0251029689557922,,-0.17480006846074803
2018-12-04,-0.6169250276747908,0.30550257155264593,0.1,0.2008639752720685,-0.6177471437690539,0.4805816890856085,2.0,0.5794437592376906,0.0,0.39465739434641733,1.25804395355631,-1.6284744809502762,0.04039719899475249,1.0270332142513767,0.08,,0.0,-0.9454358897927913,0.0,,,1.3088389139915781,,-1.3685554414542598
2018-12-05,-0.4904767064062229,0.18793512663864798,0.15,0.3151084731067788,-0.5410390567950264,0.5306348761876025,2.0,0.6161417592233047,0.0,0.5083762170677508,1.4592626902952086,-1.6311047255300914,0.04475206529277607,1.0626675128727392,0.06,,0.0,-0.9312875820750379,0.0,,,1.3581364272899794,,-0.7117418811629888
2018-12-06,-0.38358697295617217,0.10670149750028102,0.2,0.3584066362196171,-0.48707979752287783,0.5702944994259358,2.0,0.6532749284260548,0.0,0.5666879272354886,1.267651501480666,-1.626840404616443,0.048256346070088336,1.0968565144451514,0.04,,0.0,-0.9553385905034679,0.0,,,1.2767301468524945,,-1.745452912206632
2018-12-07,-0.2517480553228612,0.050763561763259246,0.25,0.49423052802258965,-0.3938640974866807,0.6116690168100908,2.0,0.690838333657642,0.0,0.6635509956288208,1.6861814694881847,-1.6244866667987594,0.044058647815818405,1.1289743275229098,0.02,,0.0,-0.9701138437545944,0.0,,,1.4536575123098978,,-0.6486112465003274
2018-12-10,-0.13950920974026368,0.012248655914291362,0.3,0.5872317906549137,-0.33727780087644016,0.6450415642118434,2.0,0.7285800619939236,0.0,0.7448913629644056,1.6580342802756145,-1.6127863628399766,0.044152049763545156,1.1599042428381026,0.0,,0.0,-0.9734304662913255,0.0,,,1.3573149506863338,,-1.062189526321692
2018-12-11,-0.02142995648322843,0.010483219089122309,0.35,0.6898026088318464,-0.30805389577272785,0.6760111551304415,2.0,0.7663957757065366,0.0,0.8165426840294912,1.3859257561917646,-1.6034976434826027,0.04627707659594462,1.1227209931957618,0.02,,0.0,-1.0062672354492608,0.0,,,1.2530857766318388,,-1.6731925672834738
2018-12-12,0.07715326640499524,0.013439358674226076,0.4,0.8319802024571451,-0.24141335760003899,0.7121334790077369,2.0,0.8040938687957825,0.0,0.8979573566125965,1.4255426384962289,-1.5943276162448443,0.048671723306996977,1.084898145388731,0.04,,0.0,-1.0504935140181793,0.0,,,1.138523191061615,,-1.5470476358041296
2018-12-13,0.19412370267835272,0.0382133780830215,0.45,0.9857919288350655,-0.16916938471588638,0.7493503470837136,1.0,0.8414378116012887,0.0,0.9729527464169185,1.3432162788154738,-1.5954749265857413,0.04815918624939538,1.0489666041472696,0.06,,0.0,-1.1227073095789433,0.0,,,1.3122920114274288,,-1.21153851187693
2018-12-14,0.26639586129966614,0.07671226359446115,0.45,1.0249070937867917,-0.14723145029635593,0.7705281466226523,0.0,0.8781601851195677,0.0,1.042708401216506,1.442742670265333,-1.582291275752705,0.04681955253730614,1.0130270446085476,0.08,,0.0,-1.1293784794897321,0.0,,,0.5749422479718795,,-1.7684433979682688
2018-12-17,0.2879702721733143,0.09591017174198213,0.45,0.9199771062138182,-0.19973202862812275,0.7584589602088523,0.0,0.9141926959804682,0.0,1.0487133650720408,0.288669772374969,-1.5676808645494718,0.04490957465114075,0.9780259350582117,0.1,,0.0,-1.1293784794897321,0.0,,,-0.34429854448141767,,-0.9626259449736604
2018-12-18,0.29679447496325706,0.1066064199583483,0.45,0.7774596931821672,-0.2914517087205369,0.7210734747345112,1.0,0.9496169084599904,0.0,1.032922655723275,-0.033827516220458424,-1.5429278655671033,0.04380033999265433,0.9448203936265187,0.12,,0.0,-1.1293784794897321,0.0,,,-0.8228631867753324,,-1.4240231886884427
2018-12-19,0.2929909312505635,0.10199451761901723,0.45,0.6071963741384854,-0.39466602826803243,0.6629248719151992,1.0,0.9844491228396693,0.0,0.9988592796530996,-0.02156246570969493,-1.5163621205467386,0.04680174574180123,0.9136140323537589,0.14,,0.0,-1.1293784794897321,0.0,,,-0.9954174718026927,,-0.36762040172765437
2018-12-20,0.2576913965906028,0.06377281293459425,0.45,0.46429830469116345,-0.4572722318314902,0.5906446375839172,1.0,1.0187440514602897,0.0,0.9645967162090946,-0.030859275556048945,-1.4789527471015265,0.054371779992419766,0.8841547105622226,0.16,,0.0,-1.1293784794897321,0.0,,,-1.3403195679825892,,-1.1595357366250951
2018-12-21,0.2541061948571808,0.059828434416244525,0.45,0.3739291434878367,-0.5144461406060421,0.5158817654188382,1.0,1.0524501384556397,0.0,0.9234087523346165,-0.08958317984251066,-1.4511468792570354,0.05610922261310112,0.8515525473744937,0.18,,0.0,-1.0688330514780098,0.0,,,-1.0188520046821488,,0.8286495255602242
2018-12-24,0.23790958745078034,0.04249524533530724,0.45,0.26956139376163973,-0.5898358524562087,0.4384754906751889,1.0,1.0854905624771363,0.0,0.8496944251464565,-0.5570044537897408,-1.4199264428832552,0.06020115371746258,0.8151639946176507,0.2,,0.0,-0.9521157361707362,0.05,,,-1.202996258394224,,1.1021303097352928
2018-12-25,0.209174226898869,0.00950764412948124,0.45,0.13218254780957162,-0.7194700686270471,0.35758472048864276,1.0,1.1178769549180427,0.0,0.7536611380595121,-0.9062074857544151,-1.3922168813741138,0.0588664470925346,0.7788241391207261,0.22,,0.0,-0.868418578976225,0.05,,,-1.5682865350599713,,0.785027086085661
2018-12-26,0.18691517246542383,-0.013095279015349348,0.45,0.010517667168788767,-0.8229693498982477,0.27308278798384633,1.0,1.1498106919088777,0.0,0.6488600439729544,-0.9082045635646037,-1.363859658748286,0.058480764567709946,0.7435034848005809,0.24,,0.0,-0.757345991657819,0.05,,,-1.411196964349011,,0.48371011031574074
2018-12-27,0.17109796120801324,-0.027417187444906288,0.45,-0.00019943719657361872,-0.8325672459793654,0.1982775115544202,1.0,1.1813076317139368,0.0,0.5483108536626933,-1.0225713394905467,-1.3317564313109187,0.052317734975671805,0.7083854646338966,0.26,,0.0,-0.6235822432161721,0.1,,,-1.2478218318336125,,1.680940440197237
2018-12-28,0.1617021911087896,-0.036257574306674645,0.45,-0.035432606112953416,-0.8465203553997732,0.1337599014005335,1.0,1.21224477365132,0.0,0.4358670280347071,-1.1491333022269568,-1.3085862234181524,0.04429681303032124,0.6763800916186452,0.28,,0.0,-0.48515514174362595,0.15,,,-1.2636232172702802,,1.2421112489529313
2019-01-02,0.06324219844128419,-0.033338246961225115,0.4,-0.18723301067453532,-0.8928717726518878,0.05762537166012267,1.0,1.2426271948828396,0.05,0.32375841234896535,-1.1380944008074416,-1.276223108874164,0.03994689615386867,0.6462484535669212,0.3,,0.0,-0.42615991233258566,0.2,,,-1.2795294693352528,,1.0051045197600568
2019-01-03,-0.05384350194115491,-0.008793553741049065,0.35,-0.39864519247568747,-0.9990357189180002,-0.033862563925439744,1.0,1.2727237995466363,0.1,0.19382701544932623,-1.2659310483332762,-1.2399641595262814,0.03368181454366014,0.6172686461064155,0.32,,0.0,-0.3904450378761579,0.2,,,-1.4934421169772887,,-0.6542579523257048
2019-01-04,-0.17041017810587158,0.03123924425528679,0.3,-0.5635206605221721,-1.0714327786120514,-0.12925654314464355,1.0,1.3028818427258364,0.15,0.05808712046768215,-1.112258351474587,-1.198086819322259,0.033862648354759856,0.5890627057958554,0.34,,0.0,-0.4027184803280929,0.2,,,-1.5188339344688768,,-0.9572107302016876
2019-01-07,-0.28016577592637276,0.0770705608625144,0.25,-0.625191723927406,-1.0733512409085086,-0.21562774598200835,1.0,1.3333301656891698,0.2,-0.07405485522178801,-1.1660533691829567,-1.1703656660424502,0.03034344519101759,0.5615389431151153,0.36,,0.0,-0.3469724462603301,0.2,,,-1.546922201033286,,-0.6305322308513767
2019-01-08,-0.39577483221115073,0.15325549481729683,0.2,-0.7419821493512644,-1.086241073556224,-0.29505589496888346,1.0,1.3640383545583956,0.25,-0.23316460033299785,-1.2230344342982167,-1.131288208820712,0.02704458724928757,0.5327326102819073,0.38,,0.0,-0.3298741164376994,0.2,,,-1.5734143860209986,,-0.30664465004771335
2019-01-09,-0.47908820043052713,0.24604121533792467,0.15,-0.7594289812720577,-1.046345618835383,-0.3551583996170795,1.0,1.3952220128027095,0.3,-0.37056138659407134,-0.7697087278935217,-1.094237788175391,0.02610783848502336,0.5047192597719956,0.4,,0.0,-0.32381684203221367,0.2,,,-0.7272545125375477,,-0.941044038211977
2019-01-10,-0.5812369485673021,0.34085735296643105,0.1,-0.7527071090487912,-1.0128447646242154,-0.3975024969589834,1.0,1.4268468144256528,0.35,-0.4553842095940305,0.029615647797084144,-1.0593330642242182,0.025182529346942328,0.47767024303290306,0.42,,0.0,-0.3231690510254356,0.2,,,-1.6315486696454058,,-1.660236747147913
2019-01-11,-0.663815692199079,0.4536772779237075,0.05,-0.7634019985239943,-0.9573808038276075,-0.4288626898521094,2.0,1.458985851134385,0.4,-0.5338758933610963,0.21465157101922835,-1.0280228577843715,0.0225187059515313,0.45283837884367634,0.44,,0.0,-0.29935921789216235,0.2,,,-1.1975165140375952,,-1.0708509731386653
2019-01-14,-0.7522776936345503,0.6467925757376868,0.0,-0.803439809739706,-0.9237795461049413,-0.4532478505305558,2.0,1.491739167996181,0.45,-0.6255115628667381,-0.1089222457555854,-0.9936899612618739,0.018191084991883058,0.41572621271028576,0.46,,0.0,-0.3094496310497234,0.2,,,-1.2129265990284555,,-1.41334677502815
2019-01-15,-0.7894862147436109,0.7628730180084072,0.0,-0.7396881296685128,-0.8454531710854056,-0.46182144509955625,2.0,1.5252644941561935,0.5,-0.7125487071614117,0.09008487054494618,-0.9622412814335125,0.01528320543372153,0.38022778915247313,0.48,,0.0,-0.30944963104972334,0.2,,,-0.5037166938728054,,-1.7684433979682688
2019-01-16,-0.807998476729369,0.792139318962306,0.0,-0.601514512414085,-0.7743182152322501,-0.4479744311465018,2.0,1.5594835058361443,0.55,-0.7213567560283648,0.4778610402523794,-0.9352475296505698,0.008873628056742317,0.34638894258924674,0.5,,0.0,-0.3472172565326031,0.2,,,-1.2450881225077413,,-1.7179784546312542
2019-01-17,-0.8074639121640809,0.7917099755111872,0.0,-0.46454950853376753,-0.745062520731816,-0.4188454768068624,1.0,1.594258678165678,0.6,-0.6905401388219287,0.8962036106112597,-0.904830886055107,0.006391586702869217,0.3129930645502141,0.52,,0.0,-0.3313060344640203,0.2,,,-1.257059649338229,,-1.1057987473167865
2019-01-18,-0.8005963287318465,0.7883426920266282,0.0,-0.33141680611136287,-0.7315352814201809,-0.37708679097712616,1.0,1.6295221894261498,0.65,-0.666177863705218,0.7337272026114734,-0.8750570501194942,0.003284398842136503,0.2803382092441448,0.54,,0.0,-0.38040010367344707,0.2,,,-1.2686229895940102,,-1.3495017859161904
2019-01-21,-0.7681393438587248,0.7746004804734995,0.0,-0.21934202455705798,-0.69481056576218,-0.3210850254455449,1.0,1.665156002999328,0.7,-0.6504304796239918,0.5015123974730469,-0.8421279431654698,0.007390207913266792,0.24737157909012733,0.56,,0.0,-0.3334906116919942,0.2,,,-0.7532373843584798,,-0.2213458969960367
2019-01-22,-0.7484442774344372,0.7573517659453235,0.0,-0.13179023246529137,-0.6754152060677572,-0.2603503424105902,1.0,1.7011226440332443,0.75,-0.6180283986854958,0.715487307015231,-0.8015756820507691,0.007968677647426772,0.21411126036155304,0.58,,0.0,-0.4192846569508504,0.2,,,-0.7548927783980209,,-0.8872313796168988
2019-01-23,-0.7224816421172712,0.7447835286184019,0.0,-0.010134742733820822,-0.642550618607183,-0.19397887186355162,1.0,1.7374026720646227,0.8,-0.5566848021727991,0.754142229175751,-0.766598109617851,0.009070550389011422,0.1824572196063544,0.6,,0.0,-0.5258699464874577,0.15,,,-0.7558477497408208,,-1.0295754809968527
2019-01-24,-0.6905301510685095,0.7583228735240367,0.0,0.1645138284146006,-0.6166751708519258,-0.11914133598529161,1.0,1.7739176366042517,0.85,-0.4732959690622369,0.7669622308746898,-0.7328380683206553,0.01155788197591979,0.15153847501738357,0.62,,0.0,-0.6392602161533258,0.15,,,-1.0339372220641865,,-1.4827783072317045
2019-01-25,-0.6650545115259775,0.7648926292969556,0.0,0.309477074333571,-0.5919955765372532,-0.04075547066506704,1.0,1.810346079696457,0.9,-0.39191133467801753,0.6498471348814583,-0.6979893700607568,0.014724373577496282,0.12033608398942883,0.64,,0.0,-0.7046421414187407,0.15,,,-1.0363710826688508,,-0.8239283949925558
2019-01-28,-0.632843810053527,0.7489526693047248,0.0,0.34788137686658327,-0.5694713273208519,0.030698178659223512,1.0,1.846525973778487,0.95,-0.3040293304656152,0.5837795698203019,-0.6635734845682484,0.01862338240290013,0.09263807351571417,0.66,,0.0,-0.8541048789015784,0.1,,,-0.46339547624137956,,-1.3083143094595167
2019-01-29,-0.580901084122989,0.6946244859492616,0.0,0.39700341515969306,-0.5408733229221894,0.09606105786312094,1.0,1.882454115081337,1.0,-0.21134099006458223,0.47366951497268206,-0.6248150405223631,0.0217814476115611,0.06688763310115288,0.68,,0.0,-0.9514734145030923,0.05,,,0.41681062446655137,,-0.7052594630773487
2019-01-30,-0.5356891281997469,0.6695591845863365,0.0,0.4823190227821314,-0.511677022880095,0.1590329655385167,1.0,1.9179847380001427,1.0,-0.13387567091675087,0.10575972679467517,-0.591967686641189,0.02320107380042072,0.04263025040749305,0.7,,0.0,-1.0478954516178776,0.0,,,0.13651412635444207,,-0.92333622253565
2019-01-31,-0.4709436138620595,0.6328338707382704,0.0,0.6461965537214662,-0.4697337961721491,0.2257924659401555,1.0,1.9528995169281824,1.0,-0.027159742281669858,0.4828255973029852,-0.5612984583069988,0.019696855997701646,0.020309353509331017,0.72,,0.0,-1.052757252758075,0.0,,,0.7470239270318779,,-0.7514939751296552
2019-02-01,-0.3996813217040054,0.5953679040420463,0.0,0.812511258741414,-0.3856037936028032,0.2901326993245896,1.0,1.9867978638784909,1.0,0.057610821857630154,0.13606663545191336,-0.5411091988763005,0.017274243241249175,0.0005611163225752328,0.74,,0.0,-1.0499704015479758,0.0,,,1.066098578939207,,-0.9014737059996967
2019-02-11,-0.30191380945174917,0.507948536718084,0.05,0.9569896391764935,-0.24037174800090894,0.35610162178977245,1.0,2.0193617276916935,1.0,0.16223555803673562,0.41573191047217267,-0.5207390096973722,0.013202180401784084,-0.018625168363923326,0.76,,0.0,-1.0168891701969698,0.0,,,2.3013205302679522,,0.031092396168742223
2019-02-12,-0.1910486134919362,0.41778088658835566,0.1,1.1399883630028729,-0.06269989356052279,0.4252380949055552,1.0,2.0504124749297823,1.0,0.2857431372286702,0.6771007371668532,-0.49645565523349694,0.013275253124036043,-0.037676318965512386,0.78,,0.0,-1.0417350498403148,0.0,,,2.930689532684799,,-0.8035622429146148
2019-02-13,-0.07302296661185789,0.2518348594111065,0.15,1.2853573465709827,0.1419373617174226,0.4897555533605142,1.0,2.0796500456160922,1.0,0.4020153209795495,0.9406666252970636,-0.47325019179579875,0.015378658170932624,-0.05583465350240439,0.78,,0.0,-1.017620983028317,0.0,,,4.456113903254714,,-0.45876270197201585
2019-02-14,0.06293826644878506,0.17261735302303782,0.2,1.39650349757423,0.307905245279582,0.5468182113072964,1.0,2.106933686598117,1.0,0.4816063825137896,1.0026994775127558,-0.44272881910883327,0.018761081454532758,-0.07066612408831005,0.78,,0.0,-0.9824869109825023,0.0,,,4.123164421777095,,-0.9575553062316271
2019-02-15,0.19138208895132836,0.09589810594876458,0.25,1.4501454022761031,0.4404720583539061,0.5925629059302971,0.0,2.1321248578576766,1.0,0.5618466740340461,1.1884198748635475,-0.41840253918504994,0.01646535449375298,-0.08528865114277369,0.78,,0.0,-1.0022151769975536,0.0,,,4.380022077341322,,-1.46541629343969
2019-02-18,0.3252699908584168,0.03254607909334162,0.3,1.5378681440464028,0.5856616293777857,0.636114245192391,0.0,2.155170943427141,1.0,0.6589862063390637,1.1919374026155118,-0.38323427504300006,0.019329338097823584,-0.1004482063532008,0.78,,0.0,-0.9639996114428613,0.0,,,4.638926193803341,,-0.6490354639343031
2019-02-19,0.43210815711203177,-0.015272096665251977,0.35,1.520766043500456,0.6690588417016466,0.6711120184012246,0.0,2.17587990189144,1.0,0.7420930929002234,1.1037353574793332,-0.35289682619559287,0.018568035541966288,-0.11714784207852244,0.78,,0.0,-0.8758581185953311,0.0,,,4.283832210358835,,-0.00590663568296549
2019-02-20,0.5570542928936287,-0.028806231123283066,0.4,1.4942101040909426,0.731459810645176,0.7008614133922018,0.0,2.1943195167908685,1.0,0.8131389280832876,1.2481762869434005,-0.3317521873556887,0.012651310230293854,-0.1336107657795572,0.78,,0.0,-0.8743705447390717,0.0,,,4.2257727248514465,,-1.6882269775060665
2019-02-21,0.6809288730453087,-0.025776601965120438,0.45,1.497859114252404,0.7774781144376495,0.7326594162683298,0.0,2.2104824992742294,1.0,0.8509296295010931,1.0144894190692075,-0.307451394771361,0.010451930424337686,-0.14924014500063212,0.78,,0.0,-0.8396975952541366,0.0,,,4.174545719373288,,-0.4123397576180848
2019-02-22,0.8038056134283018,-0.006537318040131135,0.5,1.524043664645201,0.830393822221095,0.7668539554221432,0.0,2.2242778133296595,1.0,0.8972870759781066,1.0357658867795756,-0.2889923592787779,0.006581730799032417,-0.1661959583802573,0.78,,0.0,-0.7917759882668323,0.0,,,4.123636477180345,,-0.39106964617010515
2019-02-25,0.9285295864935177,-0.0077330086161946365,0.55,1.5474611707237496,0.9075082211080618,0.7954284252297763,0.0,2.235660360344747,1.0,0.95630219943167,1.0703449774943965,-0.272622078365208,0.0037107184075819534,-0.18188373396416252,0.78,,0.0,-0.7641443662344211,0.0,,,4.782231911553078,,0.33128654365218885
2019-02-26,1.0424955718673654,0.017887814828959403,0.6,1.5695381729031126,0.9640924649590839,0.8164325910745509,0.0,2.2445977389365264,1.0,0.9935010095662703,0.8711680374278998,-0.2547464113068252,0.0014763069171264305,-0.19770592178585106,0.78,,0.0,-0.7430142277542455,0.0,,,4.280080016332814,,-0.46462861001339123
2019-02-27,1.1617647220757639,0.05313695407264818,0.65,1.584790894009739,1.0291122312033467,0.8280010359103617,0.0,2.2510719627899998,1.0,1.0142805486135005,0.6177317201631627,-0.2409704183905053,-0.002091405984264402,-0.21364009825587618,0.78,,0.0,-0.7056531061307107,0.0,,,4.495728982959299,,-0.2823530485261547
2019-02-28,1.2184628166241465,0.12590697960441755,0.65,1.540866489197233,1.0212299923231334,0.8182122312460937,0.0,2.25502564894441,1.0,1.0274853092996152,0.5138656245614586,-0.23563085985309962,-0.009020623625657349,-0.19778695354894296,0.76,,0.0,-0.5853480314177523,0.0,,,1.4246776924696667,,0.9233231870274643
2019-03-01,1.3310776488327265,0.2159966821780661,0.7,1.5750977287206633,1.0984722726078708,0.8011904615590311,0.0,2.2565730542376294,1.0,1.0442087944875336,0.5042729785344101,-0.2326562619032888,-0.014373134524786715,-0.18227538902848633,0.74,,0.0,-0.5614209789808081,0.0,,,3.8668408690794758,,-0.34538734625367196
2019-03-04,1.4419754397075812,0.2927273616191727,0.75,1.6542161849391461,1.2240123047190825,0.7851434455181805,0.0,2.2556372215232385,1.0,1.0670488558332807,0.5993841101665842,-0.22004532859327305,-0.013694877901259044,-0.16802653980350232,0.72,,0.0,-0.49854254954320654,0.0,,,4.3342280321103175,,-0.05074572070748519
2019-03-05,1.5259269350649458,0.3521268168261993,0.8,1.7114850768458405,1.3322450043884384,0.7660223984180998,0.0,2.2521630059875872,1.0,1.100859515198821,0.7455158381964543,-0.2099950202364881,-0.010604929967011621,-0.15334540893154336,0.7,,0.0,-0.5383527532210006,0.0,,,3.9899812799047836,,-1.501463536633231
2019-03-06,1.615634786587408,0.4485705516684121,0.85,1.772480298193911,1.4457238649506619,0.7443527692799841,0.0,2.2461896879757055,1.0,1.1458559164838702,0.6344840824109435,-0.19156420746751487,-0.004607395313951586,-0.13874011126609143,0.68,,0.0,-0.5164814119194112,0.0,,,3.913091480073639,,-0.48590939650386294
2019-03-07,1.6911798278686399,0.5373135377846712,0.9,1.8023849633002293,1.5371627584113812,0.7220266689499987,0.0,2.237714666282744,1.0,1.1602850028924387,0.43323392953424095,-0.1828852097680106,-0.005410321966376776,-0.12696523176536922,0.66,,0.0,-0.5315071669556433,0.0,,,3.833282744307375,,-1.052009075854296
2019-03-08,1.7471814320198777,0.6355364955891594,0.95,1.7423244067391257,1.5697206674889606,0.6938870112157443,0.0,2.226752479104323,1.0,1.1659368314659668,-0.05510606783164401,-0.17569624521033247,-0.009787176459238524,-0.11551866506309993,0.64,,0.0,-0.5299942500075948,0.0,,,3.2577665357297425,,-0.8712153670387268
2019-03-11,1.7759311405926166,0.6765681391211533,0.95,1.6211497689188483,1.5923547784435732,0.6503276586754049,1.0,2.2134637402731308,1.0,1.1471993825013143,-0.22736385256220115,-0.17334158894081597,-0.011928174744470608,-0.10654569484995688,0.62,,0.0,-0.56081777423938,0.0,,,3.1937829348201836,,-0.585378088466959
2019-03-12,1.7968311178095882,0.6976764398728057,0.95,1.5242694401926264,1.6709305535260275,0.603360756071169,1.0,2.1980373766853214,1.0,1.130558504240221,0.1106637719787022,-0.1625905630319246,-0.009460465413368088,-0.0944356720021794,0.6,,0.0,-0.5446586338558524,0.0,,,3.366840733823021,,-0.48037943524406534
2019-03-13,1.7961722211553515,0.6979831803427189,0.95,1.4134455986131738,1.7554726538467955,0.5537296690105715,2.0,2.1805776448885164,1.0,1.092484924494289,-0.006236305312543655,-0.15274066845760792,-0.00511543112477603,-0.07704245336795947,0.58,,0.0,-0.5814704326203758,0.0,,,3.7541000235390944,,-1.1949986772624843
2019-03-14,1.7961952194259747,0.6979836082846559,0.95,1.3349699795329248,1.8327957597758637,0.5042046276861367,2.0,2.16122168825864,1.0,1.0601699781483036,0.19973958204929926,-0.1452734463539819,-0.0011190475347119054,-0.060485935814839416,0.56,,0.0,-0.5905176194154953,0.0,,,3.430864201651793,,-1.1384990421340144
2019-03-15,1.7723092827271145,0.6881323441232681,0.95,1.2606784512400038,1.878354214052675,0.45890336322490893,2.0,2.1400716468316423,1.0,1.000743627914617,-0.10715240990091351,-0.13752258502256393,0.0008714916768051183,-0.04588048215479686,0.54,,0.0,-0.5361291684774077,0.0,,,2.6775667464835893,,-0.3776472746779405
2019-03-18,1.754220499588897,0.6926648009083027,0.95,1.1828497044302648,1.9298599342007072,0.4157269909790961,2.0,2.117225636923408,1.0,0.9393237653773531,-0.09818442032435215,-0.12583298930950673,0.009703798821840703,-0.033346184825556555,0.52,,0.0,-0.5220017209741097,0.0,,,3.050530028131849,,-0.3664865138683414
2019-03-19,1.7254883641234742,0.6774364362104137,0.95,1.1188421596766565,1.9345040916727485,0.37022982059365594,2.0,2.092805729213106,1.0,0.8726666289991207,-0.24722449547249759,-0.11516869299681953,0.013897368766325493,-0.024052761667671493,0.5,,0.0,-0.5710077659187712,0.0,,,2.3344759149779324,,-0.9860275345761964
2019-03-20,1.703441259066636,0.6713268839149445,0.95,1.0445465000687844,1.9066391473632334,0.32147266753422643,3.0,2.066868321596682,1.0,0.7994054987509512,-0.1857600139369273,-0.10210754852453016,0.01769568099566012,-0.016327124199760415,0.48,,0.0,-0.5279389321799748,0.0,,,2.4876055832359625,,-0.8268503027301378
2019-03-21,1.6583892434030552,0.6308806257575086,0.95,0.9228932709061811,1.8095554865330212,0.2582010209233084,3.0,2.0395232549256344,1.0,0.7215915133867544,-0.4619930713797581,-0.09094836129032341,0.021319769462838544,-0.00908014032236883,0.46,,0.0,-0.48152351540011545,0.0,,,1.613288447591226,,0.5159685779791016
2019-03-22,1.6199886054009671,0.6092606555161598,0.95,0.8183076659305993,1.7388867187934178,0.18796370291249287,3.0,2.010962579325998,1.0,0.64829269589489,-0.30499912803497575,-0.08634056970747983,0.023086382163268988,0.0006097387652702901,0.44,,0.0,-0.499395235254714,0.0,,,1.782608973681262,,-0.7485040432620761
2019-03-25,1.5070662330547406,0.4631342384020719,0.9,0.6245684911794923,1.5916550665308358,0.10037961072750332,3.0,1.9813014540472538,1.0,0.5440596387419976,-0.854108633395186,-0.07725141667846143,0.023746360488012437,0.010971637414650562,0.42,,0.0,-0.5002296293580237,0.0,,,-0.22551410904999583,,0.31459866158599537
2019-03-26,1.410768262256152,0.37433359933723465,0.85,0.48922037644740884,1.4910081839923608,0.011313447500437163,3.0,1.950827769649187,1.0,0.43867746536564783,-1.0478261633188943,-0.07262202281364077,0.023177057744934327,0.02171704277307351,0.4,,0.0,-0.5386476095031835,0.0,,,-0.021612179623327354,,-1.2329882129165883
2019-03-27,1.3328875788171985,0.3579587032745569,0.8,0.41525256726304594,1.4671052503903788,-0.06779140332319289,3.0,1.9196082651543034,1.0,0.3385877610612301,-1.1744523600230112,-0.07076135829762771,0.020751575900241438,0.03240870233040261,0.38,,0.0,-0.5174170728519303,0.0,,,0.7447638723111893,,0.1422576844989096
2019-03-28,1.3299801237245146,0.35456630908554476,0.8,0.41069570987086323,1.450068308282372,-0.12288395947503014,3.0,1.8877166596805073,1.0,0.2346422490796069,-1.333313038204502,-0.06785965777849279,0.013316677249503545,0.04238844232797291,0.36,,0.0,-0.6291037862819737,0.0,,,0.9210660607127679,,-1.3104110815734047
2019-03-29,1.2710195297407751,0.3431996504043524,0.75,0.3287180932256425,1.427563880172418,-0.1677062238505496,3.0,1.8551056548271059,1.0,0.13651795584477897,-1.2084062841018837,-0.06540691484478468,0.0021388037991025427,0.051121835753785747,0.34,,0.0,-0.6702642544827524,0.0,,,0.906032679831612,,-1.168596710269244
2019-04-01,1.2183712389569348,0.3632684581842789,0.75,0.20536651302802345,1.4049842609568348,-0.20685281257552623,3.0,1.8219850575142378,0.95,0.031076055425623427,-1.249575050686103,-0.06479435564557302,-0.0043704137703823665,0.06616665519127914,0.32,,0.0,-0.6701201159089918,0.0,,,1.4275669392365735,,-0.04786294923227192
2019-04-02,1.1606277014616928,0.37299268232393645,0.7,0.0963916455440824,1.3823773762724085,-0.24150128973627277,3.0,1.7885420627153228,0.9,-0.08559950480595138,-1.3215634163190217,-0.06890274990863392,-0.013951412178208328,0.08103613262438315,0.3,,0.0,-0.6834837637090088,0.0,,,1.0462503812307353,,-1.7684433979682688
2019-04-03,1.0976950406097898,0.38331839271527235,0.65,-0.03464745456167655,1.3412360802472283,-0.2731433651928761,3.0,1.75486824540642,0.85,-0.19961146716259986,-1.3763991294408982,-0.06920578649543378,-0.016635243978362975,0.0919086233680678,0.28,,0.0,-0.7188763131455755,0.0,,,0.8566732249852083,,-1.1937603852351986
2019-04-04,1.035488436720276,0.3999302552927605,0.6,-0.11859223857953298,1.33282007778361,-0.2975673894199607,3.0,1.721112249583061,0.8,-0.29931380169147076,-1.291725568867252,-0.06871551234249351,-0.021115130495721352,0.10239818188649628,0.26,,0.0,-0.7547126839845394,0.0,,,0.8412845838202332,,-1.7684433979682688
2019-04-05,0.9860329752432577,0.40732986710317265,0.55,-0.13853601761893244,1.3394064089950144,-0.3107643447697001,3.0,1.6873386273497637,0.75,-0.3634309041586013,-1.083702741874791,-0.06721915696961227,-0.026062182531455952,0.11301151600346179,0.24,,0.0,-0.7716144344749121,0.0,,,0.825335970800093,,-1.2092503768461826
2019-04-08,0.9490037353120201,0.4236614843408464,0.55,-0.1387119093232439,1.358348125768172,-0.3117446919035186,2.0,1.6534871041537613,0.7,-0.3941882182347436,-0.6145905688203778,-0.06969950774624308,-0.030025285474520363,0.12442561661113812,0.22,,0.0,-0.7346932654338829,0.0,,,1.1291985290273445,,0.1530452923536241
2019-04-09,0.8883591475902979,0.4428156285149282,0.5,-0.24405568741258837,1.3158406837492254,-0.3183677889014178,2.0,1.619573647608922,0.65,-0.45942998539348584,-0.9867883963254078,-0.07426661698897849,-0.032014022278495695,0.134374823016591,0.2,,0.0,-0.7670066863948849,0.0,,,0.6307671335947331,,-1.1266478544641036
2019-04-10,0.8044220272214145,0.4818930006593024,0.45,-0.39105741738198624,1.2355284231099646,-0.3341677161633295,1.0,1.5858072367419107,0.6,-0.5377944790898543,-1.384357417475617,-0.08011314134017194,-0.03395290399923879,0.14368417863063118,0.18,,0.0,-0.7110828508126708,0.0,,,0.31245414586801185,,-0.07652196561820222
2019-04-11,0.7453993807257048,0.5357709552867813,0.4,-0.5207150331389164,1.1696459690422514,-0.3540514761162554,1.0,1.5523474007225226,0.55,-0.613393027320649,-1.1410129152336232,-0.090161554708539,-0.03820855151224392,0.15263581302377546,0.16,,0.0,-0.6837958949040638,0.0,,,0.7610406966064903,,-0.592759923961873
2019-04-12,0.6806491257523477,0.5453550163766253,0.35,-0.6205974784923537,1.1076490415878908,-0.3773880983619453,1.0,1.5192397308424679,0.5,-0.6729337697870815,-1.1583579990854118,-0.10158078810468144,-0.041223305394043924,0.1618276975181217,0.14,,0.0,-0.7138777481625448,0.0,,,0.15831955577718576,,-0.9792843398475614
2019-04-16,0.5984487367750866,0.5840198825068056,0.3,-0.759921260963054,1.0099875938573208,-0.4063041550697356,1.0,1.4865044758470325,0.45,-0.713678457547103,-0.8041521212539777,-0.11251438982178916,-0.03860777463204649,0.1693039324584039,0.12,,0.0,-0.734275000291282,0.0,,,0.014326749351798845,,-0.7744315564430854
2019-04-17,0.5284800062074011,0.5895095581306435,0.25,-0.8796093007934265,0.8900596741519383,-0.4325111875738606,1.0,1.4542731000185667,0.4,-0.7503767035280007,-0.8875410043177594,-0.1300185357212981,-0.04053488793841088,0.1759436540054523,0.1,,0.0,-0.6597881304413542,0.0,,,-0.12223849012417509,,0.5037098624223568
2019-04-18,0.4347074681149018,0.5868617085365664,0.2,-1.0200174580322543,0.7167765956087488,-0.45944925474496434,0.0,1.4225823505886601,0.35,-0.801829740766985,-1.129756045254427,-0.14490187740583316,-0.03831826072094719,0.1821798037179909,0.08,,0.0,-0.684137061419847,0.0,,,-0.5291306432110862,,-1.3138289222999922
2019-04-19,0.3770559762193031,0.5796437248832663,0.15,-1.0487856545523573,0.5973216912872986,-0.47333045278084124,0.0,1.3915050860524902,0.3,-0.8381305884961574,-1.1205119225887878,-0.15442085200085023,-0.036594242720071404,0.18838892111833633,0.06,,0.0,-0.7736486226085473,0.0,,,-0.24396387773697287,,-1.274262645794903
2019-04-22,0.3075516971546667,0.5821972603625969,0.1,-1.1177440250033026,0.4587120886554893,-0.48195432402539984,0.0,1.3609409265570886,0.25,-0.8880068008567529,-1.2468223931213815,-0.16060777232304344,-0.035025986358512666,0.19305950039393907,0.04,,0.0,-0.7732389062695184,0.0,,,-0.3662615673711733,,-0.7403097164815022
2019-04-23,0.2976233420394603,0.5689561052827725,0.1,-1.0773288984475258,0.3638068815952501,-0.4714594939710589,0.0,1.3309484344938796,0.2,-0.9107940682238012,-1.2497151514677562,-0.17138665396307695,-0.03403760304459894,0.19661425520216358,0.02,,0.0,-0.8379418016095705,0.0,,,-0.35448621338763187,,-0.9794592452150452
2019-04-24,0.28762038287214314,0.5591517836149391,0.1,-1.0204290956908861,0.3313477815475789,-0.4447100585277662,0.0,1.3013481128553654,0.15,-0.9002811061723532,-0.7709824882104398,-0.18559891088958685,-0.0333835203927689,0.20076514854648406,0.0,,0.0,-0.8272007047946198,0.0,,,-0.22106616036996624,,-1.0181662766175743
2019-04-25,0.2597664871707933,0.5534805919643121,0.1,-1.051222960350805,0.2781162503660796,-0.4155073151700909,0.0,1.2720578952631647,0.1,-0.888608323949535,-0.8703838710446387,-0.20505909574100564,-0.0352167988492103,0.2032382986440112,0.0,,0.0,-0.9088070120021017,0.0,,,-0.0916610121316023,,-1.4898684596507286
2019-04-26,0.25002389063352165,0.5589454897859485,0.1,-1.0442833635054987,0.272988877153771,-0.38339709228074437,0.0,1.2431255481495298,0.05,-0.8778975888592295,-1.0468865556887952,-0.22444225689153646,-0.03329110022995214,0.19660587965937257,0.02,,0.0,-0.8679148330575795,0.0,,,0.38829984376289123,,-0.49256750268295907
2019-05-02,0.22770771707277665,0.5659038589150465,0.1,-1.0452296316633147,0.25466720460503484,-0.3509249564439564,0.0,1.21451700197956,0.0,-0.870259890564687,-0.9755788287255738,-0.23799059154643104,-0.0315547053339289,0.18963157292732322,0.04,,0.0,-0.849930229699089,0.0,,,0.13939368608416985,,-0.8089046430994362
2019-05-03,0.1810121308412717,0.5989953777216137,0.05,-1.0706141832755998,0.2106623856907128,-0.3259964958566324,0.0,1.1862147425310232,0.0,-0.8615949129516698,-0.9794786378610383,-0.25851781175129096,-0.02989320621503126,0.18333455702190748,0.06,,0.0,-0.9241997668569422,0.0,,,0.01726874591941872,,-1.5332536923893338
2019-05-06,0.12155986706609023,0.5939310383262859,0.05,-1.1639714107803287,0.09298946726743684,-0.31696326126163543,0.0,1.1582367775405922,0.0,-0.8583820130669363,-1.135055880845081,-0.2729153288891982,-0.02961624534732015,0.17603871527858836,0.08,,0.0,-0.8819969387439974,0.0,,,-0.43188109968728816,,-0.9246799303746756
2019-05-07,0.06772087542806009,0.5889005547066889,0.05,-1.2150785473600874,0.0025369630905075448,-0.3168369978067872,0.0,1.130776199094868,0.0,-0.8317994354504125,-0.7051005609922023,-0.28576062462183843,-0.02960812965455023,0.16663346955195085,0.1,,0.0,-0.8833921941277948,0.0,,,-0.42544990162248814,,-1.221665492911147
2019-05-08,0.0012782398802569871,0.572215989078045,0.05,-1.2946670249464614,-0.08695258450056408,-0.32984162641998055,0.0,1.103883686662913,0.0,-0.822165295914893,-0.9345551700777252,-0.30900927422929414,-0.03174431055363058,0.15540154346698418,0.12,,0.0,-0.8530802021650132,0.0,,,-0.6328607896226164,,-1.1624966533779395
2019-05-09,-0.05312411674496451,0.5834576736251156,0.05,-1.3980344753700138,-0.18800661076023625,-0.3541934788956041,0.0,1.0777227082549778,0.0,-0.8131721591027737,-0.7127824916520288,-0.33512658164613,-0.035021196431408524,0.14728384245579956,0.14,,0.0,-0.8331966529212579,0.0,,,-0.4140652523609201,,-0.8115793919710783
2019-05-10,-0.10736801619699701,0.6392790677019184,0.0,-1.445702640224181,-0.21703930647942285,-0.38098703020433317,0.0,1.0524249881766319,0.0,-0.8293376311543248,-0.7171184351728039,-0.35638546036477114,-0.0348918784698663,0.1371558352365954,0.16,,0.0,-0.9122318500007467,0.0,,,-0.20267760498594883,,-1.427658649236147
2019-05-13,-0.14373044905301477,0.6661974643130034,0.0,-1.4129965794272472,-0.2199266967247724,-0.3973071676985833,0.0,1.0280037752422024,0.0,-0.8191747795308997,-0.5320980186984204,-0.374956847794323,-0.03244184447242227,0.1283182015167986,0.18,,0.0,-0.7635954572667837,0.05,,,-0.20072368156693451,,1.8460800002151547
2019-05-14,-0.14981951485607473,0.6726088584661307,0.0,-1.328843248611784,-0.2045361593964919,-0.39654648177737956,0.0,1.0043727473572115,0.0,-0.7539713694546719,0.17735592414808357,-0.3868237805118071,-0.02649332697518803,0.12026166976888833,0.2,,0.0,-0.6911429937256175,0.1,,,0.09887687856398712,,1.372527305205119
2019-05-15,-0.1682164116404548,0.7093081663122579,0.0,-1.2131605066591005,-0.1396802738596943,-0.3764264898429518,1.0,0.9814622066772584,0.0,-0.6970286461759285,0.2706238373928841,-0.380028488127014,-0.01344077195046696,0.11278116356237215,0.22,,0.0,-0.5676087162819619,0.15,,,0.191265618868983,,1.877925624911242
2019-05-16,-0.16283180772079744,0.7025716437210865,0.0,-1.1113781431457022,-0.08625432358316892,-0.3459500822886711,1.0,0.9591924648575454,0.0,-0.6227752609597127,0.6151282443463258,-0.3776820126672699,-0.004337906937825814,0.10527738591594545,0.24,,0.0,-0.6070813239212622,0.15,,,0.18342243842392722,,-1.7684433979682688
2019-05-17,-0.1579675272142107,0.6987892545400752,0.0,-1.0015826720040106,-0.06153815718734715,-0.30498824546124553,1.0,0.9375166268357876,0.0,-0.5682118169960041,0.5951253732505289,-0.3867075843693935,0.0020212124949336636,0.09838172362064375,0.26,,0.0,-0.47846915726793293,0.2,,,0.08242992684011202,,1.7978117766235018
2019-05-20,-0.1286714474642478,0.6666324644408043,0.0,-0.8290545207529896,0.007538107289618587,-0.25220547533092236,1.0,0.916350963840749,0.0,-0.49485173238124724,0.8896473911186601,-0.39150477951957063,0.008481559577758362,0.09097715592844428,0.28,,0.0,-0.4308748050590784,0.25,,,0.35374500626958205,,1.4555969065994476
2019-05-21,-0.08777961608535784,0.6602422555812943,0.0,-0.6313300375551109,0.048080164393046985,-0.1869727606701968,1.0,0.8955212203296797,0.0,-0.39389082234587014,1.1928708844626117,-0.40720485675623896,0.011175366588886482,0.1033453966369485,0.28,,0.0,-0.3840025184269348,0.25,,,0.25107606538142635,,-0.3763831896571206
2019-05-22,-0.05320648968097991,0.6398570163164665,0.0,-0.5111029729780708,0.05824926114914488,-0.11995527166278483,1.0,0.874833685219859,0.0,-0.2914055801140869,1.2309046002859725,-0.41640482600619566,0.016008081908501816,0.11734059540694075,0.28,,0.0,-0.37172795376759876,0.25,,,0.32713196670496203,,-1.0287713526081816
2019-05-23,-0.012996989813513585,0.6286223821247018,0.0,-0.3677527639435469,0.07303987140675786,-0.05455902653106408,1.0,0.8542505350168292,0.0,-0.17577229536423883,1.3572291394198532,-0.42151392569662177,0.022795502871524844,0.1304191899944861,0.28,,0.0,-0.2729879833340564,0.3,,,0.31301406931831455,,1.2344896921893451
2019-05-24,0.0016208895555244363,0.6362653463647905,0.0,-0.3038751398634473,0.04559744983456323,-0.0031721284013161684,1.0,0.8336445959399775,0.0,-0.07248661666765277,1.097149389051565,-0.4318316716894523,0.02439204663300981,0.1453099208921611,0.28,,0.0,-0.24273704398766913,0.3,,,-0.027259228957097432,,-0.3744404582872995
2019-05-27,0.02255901400745052,0.6372386412004296,0.0,-0.2864610817781192,0.031806815898641316,0.034021644428664885,1.0,0.8130105725148878,0.0,0.013946652889062567,1.2233917843880036,-0.4503137385116567,0.022020408985697282,0.1590438934334594,0.28,,0.0,-0.26070257209290093,0.3,,,0.12810043945005217,,-1.3774768387222114
2019-05-28,0.018182517881746164,0.6352780694226117,0.0,-0.26203786596809114,0.003753344089174373,0.061647185367969294,1.0,0.7924139443047573,0.0,0.09678721274926509,1.0405542668669807,-0.4710897677060783,0.016065489088963585,0.16944905465330495,0.28,,0.0,-0.21879821504934713,0.3,,,-0.10674829707698087,,-0.6517813187796516
2019-05-29,0.0020416109055699377,0.6457916078463855,0.0,-0.29454525390944364,-0.03673315727420299,0.07594550694324273,1.0,0.7718327846287425,0.0,0.17805394450331702,0.8255110174647363,-0.4897679287423697,0.011420139599308194,0.18067722725525479,0.28,,0.0,-0.21791403472343118,0.3,,,0.04083421733098904,,-0.4748838961646407
2019-05-30,-0.008260323111031753,0.6471846340640792,0.0,-0.32399609916667726,-0.08811436529669624,0.08279838156982697,1.0,0.7513557774826743,0.0,0.24943616308599478,0.6882766053026719,-0.5100959884994264,0.008143881087697518,0.1911237701055363,0.28,,0.0,-0.2658827291794112,0.3,,,-0.03337412814879748,,-1.768278532219036
2019-05-31,-0.012514319455931483,0.6470115531445658,0.0,-0.37470739085616456,-0.190852998820638,0.07914217361171831,2.0,0.7310388489154087,0.0,0.29110031958738347,0.08338551725439214,-0.5407740979576539,-0.0006833948538229285,0.20413584549008568,0.28,,0.0,-0.22447176375651137,0.3,,,-0.03504752646696736,,-0.7050343839313374
2019-06-03,-0.011549538864887115,0.6483207650025464,0.0,-0.4182948362581579,-0.36529420344633134,0.0718143917568925,2.0,0.7109566313674922,0.0,0.31787207841059445,-0.3743466628287918,-0.5677868771945357,-0.005928850961371206,0.21745274000408532,0.28,,0.0,-0.20918228099249814,0.3,,,-0.23098041997508537,,-0.618890275094411
2019-06-04,0.002177972932311904,0.6624967371281943,0.0,-0.4476838303256098,-0.4969852252128899,0.06539457204201571,2.0,0.6911975293279016,0.0,0.31785504142321874,-0.47485280770342553,-0.6015697681142593,-0.014231404944424505,0.2314429877426193,0.28,,0.0,-0.22211355703860686,0.3,,,-0.10091306405009551,,-1.4802910138333205
2019-06-05,0.02819976740241232,0.7044647034754947,0.0,-0.417706008396994,-0.5624307764887854,0.0650827739093508,2.0,0.6717632629628371,0.0,0.3276450836099173,-0.5040229700823686,-0.6248525340960961,-0.021847012282758364,0.2449629097071121,0.28,,0.0,-0.2424768084261469,0.3,,,-0.10022058125144231,,-1.569761681128741
2019-06-06,0.03544667070349723,0.7162216729892419,0.0,-0.38174228995408943,-0.6338295105990245,0.07101711580430917,2.0,0.6525035584748553,0.0,0.31724506601601643,-0.6720163517259815,-0.6466005754398185,-0.03248602821205253,0.2529923657634326,0.28,,0.0,-0.26463051498133017,0.3,,,-0.1590637588737833,,-1.2546535230747442
2019-06-07,0.03038584745847764,0.7101614824475726,0.0,-0.3253670405213703,-0.6040122941133594,0.08431755367636204,2.0,0.6334347389997759,0.0,0.32838952016625933,-0.23471621047981572,-0.6661071721102946,-0.03912356124983296,0.25888311603586056,0.28,,0.0,-0.25839675365680953,0.3,,,-0.15600626385976007,,-1.3029834227457335
2019-06-10,0.03827798127844746,0.7159625536296002,0.0,-0.27058097535043624,-0.5467455250262206,0.09742940752936469,2.0,0.6143920047314332,0.0,0.3134082313241933,-0.5628740267879171,-0.68231316455025,-0.042642847785719154,0.2654948548465459,0.28,,0.0,-0.3689129593429965,0.25,,,-0.038205543386509354,,-0.364244113508585
2019-06-11,0.02766467053435035,0.7153308776731275,0.0,-0.23149124547322159,-0.4866112671730102,0.10743894020715043,2.0,0.5952488317827473,0.0,0.2739160971025051,-0.3293055747734713,-0.6972602974971345,-0.04200398675620584,0.27209323728425244,0.28,,0.0,-0.4945419100872927,0.2,,,-0.03755549927112742,,-1.1400517096808052
2019-06-12,0.010962009240638672,0.7188323376995818,0.0,-0.28128906096738787,-0.4739473820709895,0.10405061341667377,2.0,0.5758552417187637,0.0,0.2170322306459287,-0.5717623324194736,-0.7154098586033589,-0.033697061608708945,0.27792059066206865,0.28,,0.0,-0.6584681684726095,0.15,,,-0.03657091235839908,,-1.4005995427950928
2019-06-13,-0.005576834663043182,0.7231839495453846,0.0,-0.32889501361893514,-0.4711713835118111,0.09297935267395006,2.0,0.5563004662215774,0.0,0.13623733285786668,-0.6851121966903568,-0.7255209003075623,-0.025027982682138093,0.28323586459250705,0.28,,0.0,-0.6496037895701925,0.15,,,-0.03534113317305945,,-1.5914489145852344
2019-06-14,-0.01574514021989656,0.7238936144396899,0.0,-0.3428709795375385,-0.4609330243136277,0.07489948844629961,2.0,0.5366141680130302,0.0,0.10036476031498134,0.19263270467196722,-0.7373773268199622,-0.020978227853112104,0.2874062791254906,0.28,,0.0,-0.8011603178425595,0.1,,,-0.033852302503064584,,-1.2333187888238368
2019-06-17,-0.05751784125721406,0.7402060591924031,0.0,-0.434903405778321,-0.49285620904708966,0.043980687861053955,3.0,0.516837434421704,0.0,0.038339290910153215,-0.02647130261658437,-0.7419413024450496,-0.011240322130458523,0.2899748954737735,0.28,,0.0,-0.946723227480103,0.05,,,-0.12092156838263472,,-1.4556612861514222
2019-06-18,-0.09930854594112723,0.7421033868977955,0.0,-0.528217863164088,-0.5574488039922147,-0.0002126790637491549,3.0,0.4972172578655979,0.0,-0.04363821461157522,-0.11512943469380105,-0.7490279589562507,-0.005032238510759737,0.29503529304688225,0.28,,0.0,-0.9716260196636789,0.05,,,-0.1570015972433953,,-0.8744390333286397
2019-06-19,-0.14074554204070702,0.7739976764526241,0.0,-0.5465097147873391,-0.5684396464505651,-0.0450616281270179,3.0,0.4780317984917414,0.0,-0.11030111875915276,0.23086076626664584,-0.7575179998539616,0.0028614115543792997,0.30034439224244186,0.28,,0.0,-0.966160336874785,0.05,,,-0.11098046151031293,,-0.9194576968303032
2019-06-20,-0.1365530392428688,0.7617047827572417,0.0,-0.5143672315909059,-0.5161485744016161,-0.07657825394765667,4.0,0.45929994720744605,0.0,-0.16886971956655156,0.5165035831339954,-0.7633781385343893,0.015342653476105366,0.305507110872397,0.28,,0.0,-1.0709322571936672,0.0,,,0.16330371115661035,,-0.860948714188297
2019-06-21,-0.12678661586574272,0.7537587022890208,0.0,-0.45686036853925616,-0.47987156870845327,-0.08995261061150282,4.0,0.44096364482955874,0.0,-0.2264913377061347,0.27039856164310444,-0.7741785050271132,0.021223490249745493,0.3077460342828369,0.28,,0.0,-1.1257387538491777,0.0,,,0.04308059944397024,,-1.4705703913975117
2019-06-24,-0.1296570586570555,0.7575294505458257,0.0,-0.429223135188363,-0.4635850882938039,-0.0952240928056724,4.0,0.42305376982500054,0.0,-0.2747064142391786,0.5753753101163105,-0.7798932036506812,0.026302083880403258,0.31215499794999935,0.28,,0.0,-1.0817979177274109,0.0,,,0.03928104625354522,,-0.4986601162868752
2019-06-25,-0.126735074275972,0.7577931779096467,0.0,-0.4171680605257789,-0.4805260771088158,-0.09742673993588126,4.0,0.40560510976250724,0.0,-0.3241548768857222,0.3602985291045574,-0.7833723045862044,0.030256412664180932,0.3155943057899103,0.28,,0.0,-1.0949415841410093,0.0,,,-0.029948437381948526,,-0.9146546470516198
2019-06-26,-0.13653615121477175,0.7622974489286467,0.0,-0.40052441142323114,-0.5053649950368548,-0.09696992220046097,4.0,0.3887363633872095,0.0,-0.3569030500011464,0.45656745634455176,-0.7854966012721966,0.03321738375885556,0.3199958347861667,0.28,,0.0,-1.1293784794897321,0.0,,,-0.029553457833381574,,-1.2105899000556157
2019-06-27,-0.1663593035652569,0.7363135220050372,0.0,-0.41337399239398204,-0.5757820321523913,-0.10652129500476444,5.0,0.372469014277453,0.0,-0.39494705301184885,0.19203924933544722,-0.7908191844491641,0.03258755505747209,0.32389918725175937,0.28,,0.0,-1.0940873119087413,0.0,,,-0.14741885727987522,,-1.0154870836827021
2019-06-28,-0.18933638628689284,0.7256602678765571,0.0,-0.33909179995173777,-0.598041664005841,-0.10904742444808024,4.0,0.3570024365456281,0.0,-0.40648191368975545,0.089218359172763,-0.797929275884741,0.027011896195437077,0.3273815465584166,0.28,,0.0,-1.0522198769266398,0.0,,,-0.11425118544636571,,0.1323143157106957
2019-07-01,-0.16648019135934974,0.7300920913531204,0.0,-0.14563247930948037,-0.5554555973303442,-0.08673116121565913,5.0,0.3422005823561181,0.0,-0.3530200455653903,0.8814501582759706,-0.7938375068647738,0.026016572485276914,0.3294741831189546,0.28,,0.0,-0.9763064997808296,0.0,,,0.00011058602011528574,,0.8993772678217937
2019-07-02,-0.15647148531568403,0.7279112700841386,0.0,-0.02013000491136958,-0.5451676765474891,-0.054983045010434106,5.0,0.3275500436206681,0.0,-0.3122164188644271,0.48367508336637943,-0.7879410529321521,0.02277053709921031,0.3300337504191889,0.28,,0.0,-0.9695457411996349,0.0,,,-0.0010486445716901425,,-1.3450758422094298
2019-07-03,-0.1532231205228586,0.728190659194679,0.0,0.047172508842831855,-0.5325070269681127,-0.02031061371244011,5.0,0.3128601632219931,0.0,-0.2634303656632512,0.5651921958741266,-0.7821773647629082,0.02424322274041871,0.3306811177855842,0.28,,0.0,-0.9711838067560341,0.0,,,-0.026670672327486294,,-1.6025229922567223
2019-07-04,-0.10346854966237731,0.6781260216346068,0.0,0.18341590849008887,-0.44499070550884734,0.024352369693538944,5.0,0.2981294745972514,0.0,-0.192679561160906,0.7769934070050346,-0.7736245421678184,0.026580066411081082,0.33152574655440614,0.28,,0.0,-0.9878568830025491,0.0,,,0.11119986180883554,,-1.5881150480050434
2019-07-05,-0.06064733926467569,0.6556233430468101,0.0,0.22954730652308553,-0.35788424768476196,0.06441834570711363,5.0,0.2829785247130086,0.0,-0.14621227202363174,0.6776774468247273,-0.7617745923916154,0.03018342901536555,0.3342000439602221,0.28,,0.0,-0.9724983798149752,0.0,,,0.07714274098537773,,-0.9958133589942604
2019-07-08,-0.04448922795600858,0.6494052542415414,0.0,0.20702484696812368,-0.32399507242420406,0.08954005079935945,5.0,0.2674873662158635,0.0,-0.10337929949701011,0.231583994476433,-0.7538358789427023,0.030906855834598637,0.3360628805469947,0.28,,0.0,-1.0285730762479681,0.0,,,0.030391159691129852,,-1.4857380421684379
2019-07-09,-0.008160970706285232,0.6180458225701144,0.0,0.20632271993726178,-0.2621545379508917,0.10304411246986452,5.0,0.2518273577509191,0.0,-0.07105012355388832,0.224458648658897,-0.7399879402038279,0.03254224177435838,0.3391865209250804,0.28,,0.0,-1.0383091920554461,0.0,,,0.06860114994365847,,-1.334774025830366
2019-07-10,0.021157324697575912,0.6025778011942378,0.0,0.25032798015210533,-0.1970172571297301,0.11372113664098316,4.0,0.2360152868817961,0.0,-0.002623562466645532,0.6724626493990016,-0.7322161370727714,0.02890323218582504,0.3480128897053074,0.26,,0.0,-1.041216792067502,0.0,,,0.04158609866626047,,-1.4587515430362137
2019-07-11,0.057095643569992485,0.5815007347794574,0.0,0.31390663911511163,-0.11838374270957702,0.12878191150869722,4.0,0.2198478351765254,0.0,0.07936493943347094,0.7836118334303991,-0.7266251166792721,0.02791444169188752,0.35721227141011574,0.24,,0.0,-1.0328606874321087,0.0,,,0.03556418115384475,,-1.4243268218773681
2019-07-12,0.09965559056676836,0.5552200476116657,0.05,0.34193028717075935,-0.07431971575017339,0.14339155222051012,4.0,0.20313073923662497,0.0,0.10782812474029049,0.5569368540368835,-0.7229314839614296,0.02293693696198918,0.36714372840487647,0.22,,0.0,-1.0208644101070288,0.0,,,0.01948629000474712,,-0.993393242322236
2019-07-15,0.14112884239497148,0.5612097792930678,0.05,0.4015176774073287,-0.036198847890813006,0.16169050749954056,3.0,0.18578237895612387,0.0,0.14284167606651293,0.4337252148960675,-0.7208976290261532,0.019977359105126942,0.37707499806892214,0.2,,0.0,-0.9860799234740145,0.0,,,-0.0029891077534698954,,-0.7599715534911401
2019-07-16,0.20964728334842553,0.5571781375802283,0.1,0.49291445999665595,0.005995842164989472,0.1921845660449628,3.0,0.16755830541240424,0.0,0.18118070234223077,0.3805036393509325,-0.7124640683761588,0.018832486781989975,0.391292872522476,0.18,,0.0,-0.9574054899110104,0.0,,,-0.03617950592362302,,-0.3009503620685557
2019-07-17,0.27842602103488034,0.5432909327501281,0.15,0.529220524320638,0.038383572154988166,0.2265077259603469,3.0,0.14810469220396666,0.0,0.21292926559457528,0.5716708493637964,-0.698203214915213,0.017430801211701333,0.40775756852944156,0.16,,0.0,-0.8735996597114779,0.0,,,-0.0800415441995385,,0.7566589071603459
2019-07-18,0.29450534118085503,0.5278297674452062,0.2,0.47902431313174876,0.032281786365740195,0.24604113462046512,2.0,0.12734820039563477,0.0,0.2186436446304741,0.323165656500075,-0.6803243157263651,0.017838374071578643,0.42333722416013986,0.14,,0.0,-0.8773392858298678,0.0,,,-0.10299128407324908,,-0.9357412365560944
2019-07-19,0.34415274533874224,0.49257708171535075,0.25,0.4603946728150856,0.04885689609438642,0.2595640213541288,2.0,0.10537618855039924,0.0,0.2373899341005982,0.3154133431511161,-0.6649199450625196,0.014199560478602739,0.4413633416834276,0.12,,0.0,-0.8359002676509013,0.0,,,-0.18147679836724895,,-0.6417900278181815
2019-07-22,0.36545284619917134,0.49230234017329244,0.25,0.4331329402497848,0.03288590080247772,0.26928564582284314,2.0,0.08198053480419723,0.0,0.22771003757528666,0.04341527609533528,-0.6545841963829614,0.011305738607155426,0.46143200656614525,0.1,,0.0,-0.8253656489018673,0.0,,,-0.11626194629074199,,-0.2879677413061938
2019-07-23,0.39984911020990344,0.5037304019448388,0.25,0.4533697593754088,0.04069732703528854,0.28206853265656456,2.0,0.05720170460305194,0.0,0.23319795349900593,0.11411883032314682,-0.6493543034419065,0.008821505416367652,0.4820824878050306,0.08,,0.0,-0.7990768492874435,0.0,,,-0.1394835318576841,,-0.3888786547631454
2019-07-24,0.4341987829677148,0.5184033272875717,0.25,0.45598768988402527,0.017147281981546164,0.29690523150482073,2.0,0.030751713620174453,0.0,0.22778791079920033,-0.013087994166798855,-0.6588961850729466,0.0033048129341641344,0.5039558553242739,0.06,,0.0,-0.787905097114838,0.0,,,-0.16433446864958834,,-0.9871548566035069
2019-07-25,0.4948642889807887,0.5923801260491373,0.25,0.5156579962163892,0.016082868261409713,0.32525831546837264,1.0,0.0024592085943662993,0.0,0.22881435485443893,-0.1458748730603504,-0.6615852690775644,-0.0032339639781028373,0.5266197091838394,0.04,,0.0,-0.7889079359127281,0.0,,,-0.18993497256327252,,-1.0355438596405033
2019-07-26,0.5486730676483559,0.6707522522515144,0.25,0.5031322186546591,-0.02446497745452572,0.3527183993204023,1.0,-0.028091798844385858,0.0,0.23033811832666057,-0.23552746416889803,-0.6574473530955446,-0.009249256095416278,0.5491554579522454,0.02,,0.0,-0.873672541430382,0.0,,,-0.2166478155883863,,-1.5629777946423808
2019-07-29,0.5686184737833762,0.6944781010030894,0.25,0.41202462039896665,-0.09444863211005897,0.3639753788837502,0.0,-0.06085731062144154,0.0,0.18535912748802047,-0.3556714732102443,-0.659958712187448,-0.011914943557901621,0.5714667995583046,0.0,,0.0,-0.9596342631844896,0.0,,,-0.17793775952746343,,-0.8198571672603597
2019-07-30,0.588533839374046,0.7221265704792981,0.25,0.30245085426679824,-0.22667776579899013,0.35423590240635383,1.0,-0.09559109083544252,0.0,0.14517571988035174,-0.6423535800393876,-0.6623601492445252,-0.016347428308204362,0.5488629946621668,0.02,,0.0,-0.9357813677719469,0.0,,,-0.19514981977441795,,-0.8680179339585758
2019-07-31,0.6077537370174284,0.7656122510519587,0.25,0.21698048476332996,-0.3246674927685973,0.3375427458573527,1.0,-0.13180502826332405,0.0,0.10017468208910463,-0.6401522409161411,-0.661480290353444,-0.01577813542808493,0.5257278358904861,0.04,,0.0,-0.8447321399331571,0.0,,,-0.1294548341700193,,0.2184615645190775
2019-08-01,0.5867809228072675,0.7515268037021077,0.25,0.08571213867050216,-0.3975025095110792,0.30822398840031673,1.0,-0.16927276110268932,0.0,0.06028140872389596,-0.3125112418200378,-0.6623808431776622,-0.011956706118527696,0.5032136442288402,0.06,,0.0,-0.8111132218220891,0.0,,,-0.13520912144753636,,-0.9157366857836867
2019-08-02,0.5725948358190515,0.7392636019498067,0.25,-0.03385221380575063,-0.45521589374414295,0.27025089692873916,1.0,-0.2076767821877418,0.0,-0.0011238852344313433,-0.8141349562199081,-0.6540655639266814,-0.0034296415642385333,0.47798752000465716,0.08,,0.0,-0.7741714200402006,0.0,,,-0.14125619878644544,,-0.25697732335648843
2019-08-05,0.5423700626761071,0.6718704532351172,0.25,-0.12738498835999426,-0.5387107620737872,0.22773061891511034,1.0,-0.24685868002309924,0.0,-0.045864382016482644,-0.909670675735517,-0.6454671530015891,-0.0014905749606466514,0.4511289707275493,0.1,,0.0,-0.6529118838093919,0.0,,,0.24129145359231377,,0.939452682447734
2019-08-06,0.47706032397420106,0.5758297477825312,0.25,-0.2870880322375065,-0.6771737007062324,0.1751889289059396,1.0,-0.2868062894151858,0.0,-0.10078984058939171,-1.1002036397876593,-0.6327176725693296,0.00444583558799811,0.42343030659808406,0.12,,0.0,-0.5437156076872997,0.0,,,0.46239801158715554,,0.8491514966114782
2019-08-07,0.4187248364894729,0.5042397868492833,0.25,-0.4256990997424061,-0.7824946379838003,0.11517354391816137,1.0,-0.3269612115747188,0.0,-0.17985201263699246,-1.1149667021934366,-0.6178963171091753,0.008457368963986455,0.39369930217883264,0.14,,0.0,-0.3871350740070703,0.05,,,0.48301914766576287,,1.6728591305683755
2019-08-08,0.3761413731349751,0.4866965586930416,0.25,-0.5210471769992626,-0.8149804264466939,0.05533385602208816,1.0,-0.3670943940441033,0.0,-0.2520094844450099,-0.8395900773603913,-0.5972518960912209,0.015745613748519703,0.36881940390161455,0.16,,0.0,-0.28143819912189605,0.05,,,0.1684558172089284,,0.6896106758261161
2019-08-09,0.3193705684594967,0.46858910004626875,0.2,-0.5674558340970328,-0.8216598988028886,0.0025834326397895678,1.0,-0.40718211843466057,0.0,-0.2968327774898334,-0.484652369388106,-0.5673306147055334,0.021479397665144125,0.34121130909649805,0.18,,0.0,-0.2592318370365879,0.05,,,0.293514708233283,,-0.5492660006160733
2019-08-12,0.276662137890315,0.44779648686312556,0.2,-0.6032409764343595,-0.8212189426586808,-0.042459975322495805,1.0,-0.4473000834043603,0.0,-0.3332111349957771,-0.4093395578196799,-0.5332747361365447,0.03046593057788887,0.3142101636866446,0.2,,0.0,-0.24770277513779818,0.05,,,0.30701373713390984,,-0.5293903155153448
2019-08-13,0.2283609466962501,0.46175534685176867,0.15,-0.6868924249380073,-0.8775221618449156,-0.0946888545479605,1.0,-0.4873601848310048,0.0,-0.37423279933568987,-0.5188320162168544,-0.4979885995492485,0.03991884964104965,0.2848299081924683,0.22,,0.0,-0.22572083919928784,0.05,,,0.06804882327630209,,0.13868835670165097
2019-08-14,0.1658968601354901,0.4862980095094439,0.1,-0.7549252513606788,-0.9233076973715343,-0.14965699889561793,1.0,-0.5270632002733247,0.0,-0.4112004672439028,-0.2175273817376368,-0.4712291184422091,0.046549750801204104,0.25467558834870624,0.24,,0.0,-0.3169771647861027,0.05,,,0.20175085954971678,,-1.0684676045759516
2019-08-15,0.12570870963095385,0.513696015726373,0.05,-0.7886225665497923,-0.9654362952056262,-0.1920964913284988,1.0,-0.5662780241602678,0.0,-0.4242419169083343,0.03992084877559964,-0.43854236615635583,0.056307613949015546,0.22752429685034556,0.26,,0.0,-0.2852757729636296,0.05,,,-0.06114364699820358,,-0.3017134001066323
2019-08-16,0.06441479015454989,0.575798952595735,0.0,-0.8178110578047422,-0.9776061156631657,-0.22621647587969057,1.0,-0.6048647262355992,0.0,-0.430102295466474,0.209701477740896,-0.41242312921141955,0.06230893003734527,0.20121812887000964,0.28,,0.0,-0.28126114506688643,0.05,,,0.07410662727766658,,-0.5614974698833185
2019-08-19,0.054277316962862907,0.586326449289068,0.0,-0.802536091790402,-0.9677845576616405,-0.25247794853257927,1.0,-0.6427015667811034,0.0,-0.42590311249921414,0.17009656476914267,-0.38651123826489153,0.06647321562749486,0.1777961697589401,0.3,,0.0,-0.30358707815095526,0.05,,,-0.35615389263067687,,-0.7344864029875712
2019-08-20,0.04436812555142863,0.5970495111436365,0.0,-0.7826721874222903,-0.9294117593752194,-0.2713588254300345,2.0,-0.6799325544382406,0.0,-0.4027457613645611,0.6493209215877397,-0.3595409901522729,0.07034954093015734,0.1528394078560041,0.32,,0.0,-0.33546946161035407,0.05,,,-0.36632926935258714,,-1.0265263239511213
2019-08-21,0.04209709971722676,0.6000039087489879,0.0,-0.7430371388680226,-0.899425358798728,-0.27773581351832927,2.0,-0.7164544988376093,0.0,-0.3799445445414339,0.5405420336842474,-0.3253393154548807,0.07376269458965952,0.1290037145855232,0.34,,0.0,-0.29814266609329815,0.05,,,-0.5284650024479076,,-0.24061894626238817
2019-08-22,0.0399656007055184,0.6027833282490909,0.0,-0.7274623973917995,-0.877408185040667,-0.27910341916413023,2.0,-0.7522596719962579,0.0,-0.35154051336866743,0.5382334222228284,-0.2957754874446747,0.0763463685861857,0.10564162430112704,0.36,,0.0,-0.25762511486899237,0.05,,,-0.543094792960204,,-0.22519283515438748
2019-08-23,0.023016731378173193,0.6187847767026424,0.0,-0.6961567657839212,-0.8759797104279629,-0.2745268591736775,2.0,-0.7871440320683154,0.0,-0.3025898875139318,0.8702714339617514,-0.2645141654763768,0.07848792002251594,0.08243969504403942,0.38,,0.0,-0.17707703835303792,0.05,,,-0.2304128766377969,,0.047983735676707905
2019-08-26,-0.0013257773628995739,0.6286703059256372,0.0,-0.6768486932618578,-0.9180930572890289,-0.2705064137103258,2.0,-0.8210326757333247,0.0,-0.2833480803287079,0.17564150377424081,-0.23144568367205132,0.08031966928328521,0.058995276018428626,0.4,,0.0,-0.15695638832993308,0.05,,,0.09818862776319491,,-0.41744416679826307
2019-08-27,-0.017794266107594544,0.6399472464629767,0.0,-0.5970000180947753,-0.9472890912708035,-0.25762371574426596,1.0,-0.8537495943197488,0.0,-0.23626833778945117,0.4534331757855704,-0.2014032913432964,0.07387170850512419,0.03493171273542312,0.42,,0.0,-0.14684633543471665,0.05,,,-0.0732478245171229,,-0.6658168760542467
2019-08-28,-0.0339522402493882,0.6448991797655623,0.0,-0.5686579245736014,-1.0048887927492895,-0.24730007007150956,2.0,-0.885741514306354,0.0,-0.19456997398904397,0.3479960806718213,-0.17398637874391717,0.06738508264163354,0.010802706657672755,0.44,,0.0,-0.18003459612400996,0.05,,,0.09831907192760607,,-0.4453036492667891
2019-08-29,-0.04970630178354657,0.6504432195544423,0.0,-0.5558858750360086,-1.056585304622156,-0.23810535529716095,2.0,-0.9170007607770557,0.0,-0.18774139739449783,-0.015427495387815626,-0.15149886583780972,0.05856419346142001,-0.012951792072540153,0.46,,0.0,-0.16350768680144415,0.05,,,0.0982425023960388,,-0.5851984993323702
2019-08-30,-0.06502105170836599,0.6566295093546661,0.0,-0.4988345952337802,-1.040977785298387,-0.22670815048498172,2.0,-0.9473808285082003,0.0,-0.13968003776174812,0.2923414679223776,-0.11868692080620975,0.05603464922721402,-0.03262163962292866,0.48,,0.0,-0.1901754173580792,0.05,,,0.09501890232266182,,-0.7903319344891897
2019-09-03,-0.05777516017659266,0.6618805760159582,0.0,-0.48770912294561625,-1.1059746985185752,-0.2140358897185982,2.0,-0.9770508537080399,0.0,-0.10481563108871064,-0.07509342649742531,-0.09147298250311305,0.04708595605128654,-0.052085055901512044,0.5,,0.0,-0.2203336457847347,0.05,,,0.27902852637288666,,0.3362881139146247
2019-09-04,-0.03533796201748487,0.6909247024954321,0.0,-0.4392990924179428,-1.1798561702160284,-0.19505066960871859,2.0,-1.0057794608080433,0.0,-0.06066312422846813,-0.09718264853694125,-0.06271756893824976,0.03999154821148897,-0.0705847119481045,0.52,,0.0,-0.25943240873484286,0.05,,,0.2786532402448406,,0.06717623760931446
2019-09-05,-0.020057001412370434,0.7176434410239968,0.0,-0.41717351400493413,-1.2531300837498187,-0.174022577764514,2.0,-1.0337727801109864,0.0,-0.02434337599785849,-0.2765930403862857,-0.035159230408974305,0.03148096627824314,-0.09183470302730365,0.54,,0.0,-0.3362555066661718,0.0,,,0.46821640975961726,,0.1363971719417961
2019-09-06,-0.026871415612130568,0.7108521813450401,0.0,-0.4496841402920447,-1.3206002856021533,-0.16178932399117657,2.0,-1.0610186003583957,0.0,-0.0020532196907928706,-0.2936404588333689,-0.00029646059963886365,0.02823652458264966,-0.11150619113371935,0.56,,0.0,-0.43719993507089433,0.0,,,0.4674460629786334,,-1.329277892268335
2019-09-09,-0.01842296009920589,0.7193140081876366,0.0,-0.5090226541429491,-1.3940193496885656,-0.16058355520465425,2.0,-1.087124244788439,0.0,0.00466826732893178,-0.2647471274781929,0.030563888524131118,0.023442169159257654,-0.13042285559047115,0.58,,0.0,-0.39939756179619407,0.0,,,0.27164984666974495,,0.20678146487793259
2019-09-10,-0.00981356537149381,0.728486355445153,0.0,-0.6044108603458679,-1.5013866868835126,-0.1736574923244342,2.0,-1.1117483970969144,0.0,0.000574817529208127,-0.4224919147294798,0.047916650038552916,0.01677342109809918,-0.1474879459653311,0.6,,0.0,-0.36568909988205256,0.0,,,0.26994802396532613,,0.14477892276748658
2019-09-11,-0.03112454407372182,0.706762665828141,0.0,-0.6234303267431378,-1.5724650911388578,-0.18604135954472062,2.0,-1.134555948716738,0.0,-0.003954181857753159,-0.5649067611892167,0.06544577005854141,0.010207061515145641,-0.16312142408177457,0.62,,0.0,-0.3294325268185686,0.0,,,0.6582393724567328,,0.8638198179713289
2019-09-12,-0.029753168941624906,0.707684844479259,0.0,-0.5721632249245809,-1.5514716297447426,-0.1876977428429438,2.0,-1.1555193314539083,0.0,-0.0206222738971011,-0.5124806402350457,0.08448220495344164,0.004039620353171818,-0.17944288271510347,0.64,,0.0,-0.2083234616877739,0.05,,,0.26324463176271273,,1.3537136980399433
2019-09-13,-0.02819608692139235,0.7070558644571374,0.0,-0.4785473934131277,-1.47889390996388,-0.17679504040606378,2.0,-1.1748456252828863,0.0,-0.034996006927910196,-0.2242727649078636,0.10352725201075882,0.004002593546414751,-0.19641646373689642,0.66,,0.0,-0.22493920065744705,0.05,,,-0.12747278324830524,,-0.6340281795000962
2019-09-16,0.010856625473881729,0.6652078084008866,0.05,-0.3967780762492491,-1.3929583986584388,-0.15757700167685976,3.0,-1.1927655271867934,0.0,-0.060093809284084296,-0.28703057107385305,0.12128198691440709,0.00015124572508830628,-0.21536520640162649,0.68,,0.0,-0.2379684081312105,0.05,,,-0.9036946758383253,,-0.8220816193585874
2019-09-17,0.027241970552445476,0.6395999996174841,0.1,-0.3446516983083129,-1.3214121070303855,-0.1309751515782672,3.0,-1.2092431803646286,0.0,-0.04659061366349243,0.4199349200077545,0.14996852586740497,0.0016936093011783362,-0.23592277864121858,0.7,,0.0,-0.21574599051353469,0.05,,,-0.9008663453266151,,-0.29003805063405447
2019-09-18,0.036113627623836055,0.6286998776167323,0.1,-0.3192630228682224,-1.254210858204684,-0.10607728607382345,2.0,-1.2242129743655994,0.0,-0.06582288446322744,0.2319622246078572,0.1716826123457203,-0.0002054662181450099,-0.25739102734788144,0.72,,0.0,-0.21176496414811008,0.05,,,-0.7059037498677655,,-0.9469057966426296
2019-09-19,0.060105809721608026,0.5832866151131257,0.15,-0.27704920767844343,-1.1765303887154652,-0.08248153296220621,2.0,-1.237614001230328,0.0,-0.07319791453755493,0.34437685341402136,0.20250133025874298,0.005228592012745686,-0.2805828287086004,0.74,,0.0,-0.24025206155114193,0.05,,,-1.2863364474764263,,-0.8103608943230245
2019-09-20,0.06915910695817043,0.5711284676092532,0.2,-0.24198833149977447,-1.1152305050337097,-0.06561634537990338,2.0,-1.249459657694566,0.0,-0.07624341522418306,0.4143192818188388,0.21916169827217985,-0.00020733799087676092,-0.30663337122868023,0.76,,0.0,-0.24590461609606873,0.05,,,-0.8991479713894589,,-0.3382439260529237
2019-09-23,0.08580800914787204,0.5590360669885887,0.2,-0.23774175094829902,-1.109298446253143,-0.057120749376521875,2.0,-1.2598312537116023,0.0,-0.11107026268596502,0.10608857545634778,0.23972991095400417,-0.00453035283900033,-0.33545327426407645,0.78,,0.0,-0.29025141351802436,0.05,,,-0.7067302014457851,,-0.8389522127624045
2019-09-24,0.11742208607486562,0.5495456045115178,0.2,-0.1772584472560814,-1.0816153469359056,-0.04739017439167538,2.0,-1.2687105392010738,0.0,-0.09071475658600467,0.49824740564165726,0.2597925339125345,-0.0049658780175862735,-0.3638494684420887,0.8,,0.0,-0.33963358122946286,0.05,,,-0.7087798097568858,,-1.405087521027033
2019-09-25,0.14910610269736266,0.5315989058048017,0.25,-0.12015342207696174,-1.0466234437524131,-0.03491219970481382,2.0,-1.276390742491663,0.0,-0.08004843378755414,0.5667918161278206,0.2742714563762927,-0.008986189041998187,-0.3977033082085921,0.82,,0.0,-0.34249142079490047,0.05,,,-0.909652587931503,,-0.7229736673629985
2019-09-26,0.19578592063674574,0.5099633904900418,0.3,-0.01875651605854847,-0.9897838011195519,-0.0102833421161235,1.0,-1.2828979518395247,0.0,-0.07109493874670941,0.4205939259512409,0.2932475381731341,-0.010953618097708904,-0.4339671133995978,0.84,,0.0,-0.3655947732062078,0.05,,,-1.1136554515203754,,-0.9073706974929363
2019-09-27,0.24261595229558192,0.4933921913406576,0.35,0.08200340784844007,-0.9293974643402272,0.025535290865637376,1.0,-1.2886077183306346,0.0,-0.04635920006256862,0.38193462892902513,0.31779734890278344,-0.010387536175519898,-0.4713043740860429,0.86,,0.0,-0.3719457887672287,0.05,,,-1.1272864644009744,,-0.7122188105527895
2019-09-30,0.28188549543906904,0.4890950839440886,0.4,0.12493748037104767,-0.8706775439456809,0.06355649370572355,1.0,-1.2938764287772777,0.0,-0.045089634916083136,0.23293061721769237,0.33509483541041013,-0.011052264812581498,-0.5106895137326304,0.88,,0.0,-0.38601865221915554,0.05,,,-0.9417881681221826,,-1.0717892035277254
2019-10-01,0.3362130314529315,0.48789910669908776,0.45,0.25065098534388996,-0.7967431824618447,0.11417347466680379,1.0,-1.2987689200396682,0.0,-0.01981782837657196,0.3530053908684556,0.3582233554934679,-0.01005995610095032,-0.5539570233876899,0.9,,0.0,-0.43448912889575075,0.05,,,-1.1617473403081575,,-0.6331214196172783
2019-10-02,0.37551499974900665,0.50290016549399,0.45,0.336551022235928,-0.7788843993500841,0.16390517762358542,1.0,-1.3037065561877668,0.0,-0.0011119360973575938,0.2161200779795529,0.37007552146861156,-0.015188468900884747,-0.6000652531112265,0.92,,0.0,-0.4866334518934171,0.05,,,-0.77226795460928,,-0.9757102223440152
2019-10-03,0.4148812456731165,0.534553471203203,0.45,0.44095572009954814,-0.7404493212727487,0.2129220495696623,1.0,-1.3088869432210974,0.0,0.03361879313772474,0.3609323172800099,0.3946058321904023,-0.013967761683273067,-0.6496455078023908,0.94,,0.0,-0.5138189995668492,0.05,,,-0.5823771328794838,,-0.4073137815268434
2019-10-04,0.43906325567073407,0.5655145936176549,0.45,0.5140922549213672,-0.7337257952159539,0.25223167512084566,1.0,-1.3145248550821835,0.0,0.06476870368178692,0.275977433578415,0.41101089425846743,-0.013578560396647973,-0.7012900848686818,0.96,,0.0,-0.4669173597569697,0.05,,,-0.17051184656144802,,-0.39124509607074626
2019-10-07,0.44817025282173895,0.5780921696171037,0.45,0.5583902768373388,-0.7684573206099351,0.2783718828918028,2.0,-1.3209038125128585,0.0,0.08631329879022986,0.11618813267666048,0.42185436359201545,-0.01841044878387237,-0.7535341410829648,0.98,,0.0,-0.5202232547241399,0.05,,,0.038668341912786154,,-0.8593364344654724
2019-10-08,0.4730786156527456,0.6049888021493434,0.45,0.6476124139690934,-0.7881822127059928,0.30792209480439486,2.0,-1.3282163483308511,0.0,0.11827282660696378,0.17831883555008432,0.4373165455051889,-0.025752508501343224,-0.8053253842794663,1.0,,0.0,-0.5593467852001368,0.05,,,-0.42075282880509246,,-0.6376916867524526
2019-10-09,0.505544855630498,0.6681498324164266,0.45,0.7235496429874131,-0.7898881232453228,0.3368361836127973,2.0,-1.3368887163425451,0.0,0.1529294864793449,0.10487261179939789,0.46565133013937976,-0.02538527003600265,-0.831014255770299,1.0,,0.0,-0.655407056679905,0.05,,,-0.20941023281339427,,-1.0573856116240317
2019-10-10,0.5232032605198378,0.7000130610452588,0.45,0.713051292147754,-0.7986388215981326,0.3524435194123086,2.0,-1.3472890277532685,0.0,0.17594211384146477,-0.07385158159619551,0.48326454315421735,-0.027296989941103397,-0.8570575524891788,1.0,,0.0,-0.78836679377718,0.0,,,-0.22410797543619373,,-1.3054810439055584
2019-10-11,0.5417209364064025,0.7166121190474537,0.45,0.6894276143648437,-0.7665532066399775,0.3498117494714458,2.0,-1.3593626721001613,0.0,0.20073450002468296,0.2531962844840655,0.4975724107536286,-0.028203726188278388,-0.8828318148423309,1.0,,0.0,-0.8312852590419805,0.0,,,-0.7181678242312124,,-1.4923974847961068
2019-10-14,0.530240516934919,0.7187777370477909,0.4,0.6729590278588751,-0.7079501381058344,0.3380178463359398,1.0,-1.3731489650151212,0.0,0.23123956331010148,0.307178992739955,0.5047617907913161,-0.03015194974651044,-0.9055543155725571,1.0,,0.0,-0.8266716103880476,0.0,,,-0.7379314459683957,,-0.7298086462799281
2019-10-15,0.5189617049578317,0.7213900944975449,0.35,0.6548971201080362,-0.6636122751211115,0.31672740742747935,2.0,-1.3887703613141404,0.0,0.20792582459026926,-0.04475146041926925,0.5215280337191794,-0.022422795703499723,-0.9254905344814888,1.0,,0.0,-0.8814309697905797,0.0,,,-0.758042015324375,,-1.385225238684696
2019-10-16,0.5149938143098272,0.7212516504590174,0.35,0.6272439312893857,-0.6317487076857659,0.28965553654512777,2.0,-1.4061893939576628,0.0,0.20401225405557266,0.15833569981072027,0.5325388349896449,-0.019415632354858048,-0.9429960098121195,1.0,,0.0,-0.8953131554139648,0.0,,,-0.7666345282758197,,-1.224549509110335
2019-10-17,0.4883817930777378,0.7452721007286787,0.3,0.5609092597724606,-0.6336536593806016,0.2484446678179529,3.0,-1.425394580547525,0.0,0.1887583809956677,0.05473798050320056,0.5381022204090015,-0.01423173229265164,-0.9577798077875741,1.0,,0.0,-0.8115889281614981,0.0,,,-0.777649876893182,,0.8641236507263134
2019-10-18,0.47661724805344097,0.7499045556587742,0.25,0.5187000400279624,-0.6222113958752483,0.2027426309385906,3.0,-1.4461143855108995,0.0,0.1748009802027559,0.15196779211061276,0.5341301319714258,-0.021860921054444735,-0.9746013274933125,1.0,,0.0,-0.7737456887542631,0.0,,,-0.7848748433669975,,0.4186208620917751
2019-10-21,0.4721455291303888,0.7503749277069184,0.25,0.5070858089917856,-0.6346041265070945,0.15183418927341477,3.0,-1.4682491945089873,0.0,0.1798266687626591,0.22354561165007747,0.5240286540642045,-0.030786252976819754,-0.9892920412576797,1.0,,0.0,-0.7126180186113866,0.0,,,-0.7918210534080317,,0.38360119009512494
2019-10-22,0.45945118664472223,0.7478251787484631,0.25,0.48452774327207876,-0.6352019240133346,0.10317852089944735,3.0,-1.4917634325346854,0.0,0.15419781228826857,0.00903221218906286,0.5075511537191698,-0.03910629565230516,-1.0037744070939765,1.0,,0.0,-0.6269697879348795,0.0,,,-0.5153589479587215,,0.30787709250311107
2019-10-23,0.4309932526352777,0.7439963887254764,0.2,0.46805424397294226,-0.618078013941688,0.06087955085710352,3.0,-1.516486339811126,0.0,0.12947173141577048,0.10380753945203966,0.4959838939031244,-0.045113444422949366,-1.0144108199033028,1.0,,0.0,-0.503045045563668,0.05,,,-0.23056463055991672,,1.7555211800612303
2019-10-24,0.43450788074040386,0.7375365223220793,0.2,0.47249229764928424,-0.547044223754596,0.02532054431659962,3.0,-1.5423187862314875,0.0,0.12177599584090226,0.30114338032237137,0.49631029285783684,-0.03993839202897749,-1.0227085966239644,1.0,,0.0,-0.5036255588767444,0.05,,,-1.6813220461798444,,-0.9189809637544651
2019-10-25,0.4136092928793558,0.7568522776090698,0.15,0.4688409774221971,-0.4802374770234794,-0.00893492413142459,3.0,-1.5692650952503568,0.0,0.10647465056659747,0.10095041452909509,0.4864425447930931,-0.033115367124658575,-1.0307763133259378,1.0,,0.0,-0.5241296344093653,0.05,,,-0.8117554675324142,,-1.1223003212052072
2019-10-28,0.41573375549214553,0.7539776104239935,0.15,0.4619489332731654,-0.4178846604282104,-0.040788371814408544,3.0,-1.5971665448580283,0.0,0.10895808527345885,0.29409697313488603,0.4795331023618403,-0.031073546574458998,-1.0372147202313584,1.0,,0.0,-0.5102064789119025,0.05,,,-1.4170230293460473,,-0.7933260935784705
2019-10-29,0.40177520538139777,0.7735499177906171,0.1,0.40550212054353313,-0.4009115775530366,-0.07681580219183183,3.0,-1.6259090466768764,0.0,0.08797765136799851,-0.0627312139959555,0.4689559354992992,-0.0270650422830661,-1.0522011348706908,1.0,,0.0,-0.48513233857710925,0.05,,,-1.121571142646403,,-0.13163861292141094
2019-10-30,0.4265078958969255,0.7315595378524055,0.15,0.4262585930877526,-0.34877633088082416,-0.10323754272240956,4.0,-1.6551939369068258,0.0,0.0743331697269739,-0.06123043134985298,0.45892343081908704,-0.029323576508887617,-1.0654192076691107,1.0,,0.0,-0.4639860285480372,0.05,,,-2.0684636575322437,,-0.5527840217625758
2019-10-31,0.43388802143863625,0.72968976977972,0.15,0.3875674833201518,-0.34979115983913117,-0.12487687919358008,4.0,-1.6850835077458914,0.0,0.03979367468742639,-0.3428472850734349,0.4349951130583697,-0.03031633754851995,-1.079965841829302,1.0,,0.0,-0.4352146158127215,0.05,,,-1.126490261915376,,0.16811447317947284
2019-11-01,0.4883931318628337,0.6891353980500904,0.2,0.39218141283299063,-0.3321170937774092,-0.12045077746981306,4.0,-1.715204102007018,0.0,0.024849143907257704,-0.04536192041344768,0.422300526970508,-0.02688564828793134,-1.0916957355888155,1.0,,0.0,-0.33515994004012095,0.1,,,-2.4303574364652833,,1.6098484193812626
2019-11-04,0.5499314761578211,0.6750555727681719,0.25,0.42307061315900046,-0.3290034159730912,-0.08345623008509354,3.0,-1.7454495514123658,0.0,0.033732911843946264,0.25115785571730853,0.4100391652713654,-0.025790423231423696,-1.1012721434433508,1.0,,0.0,-0.25651423666409573,0.1,,,-2.44414549553661,,0.7135776330550325
2019-11-05,0.6113169987997397,0.6160065361380058,0.3,0.447600059407975,-0.31759202118762686,-0.033161606795696394,3.0,-1.7758386793107181,0.0,0.033580877483975945,0.10752167529640225,0.39103491867085055,-0.024437789331249914,-1.1090395204702452,1.0,,0.0,-0.26878905270494885,0.1,,,-3.1205932693258824,,-0.8831880075695139
2019-11-06,0.6876099950391495,0.5657990776612969,0.35,0.4656873509017411,-0.29514731626926416,0.01946324342673167,3.0,-1.8062353692218185,0.0,0.05105746380920358,0.35819260869943853,0.3775033840138964,-0.014701743624277263,-1.1166830007401232,1.0,,0.0,-0.2775745301053156,0.1,,,-3.14563259043068,,-1.2330951596313675
2019-11-07,0.7548061736417264,0.5497776524127784,0.4,0.4776456505030625,-0.2887229843030664,0.07186569623180875,3.0,-1.8365139920312252,0.0,0.06800752649674095,0.14932735342865536,0.36649243415287386,-0.00852050038238709,-1.1238888183732272,1.0,,0.0,-0.28347690823681143,0.1,,,-3.144251897995943,,-1.4235286065354744
2019-11-08,0.805379049626232,0.5272959034626572,0.45,0.4644591948948956,-0.2688882118942001,0.11618532633012113,3.0,-1.8667169067962057,0.0,0.07580789581208049,0.2793563594232822,0.3525440800160281,-0.007228956893794078,-1.1313166762659947,1.0,,0.0,-0.279399786472722,0.1,,,-3.14563259043068,,-1.4108550495143186
2019-11-11,0.8309790521792915,0.5324784330674951,0.5,0.3809400940480837,-0.3048201777924263,0.13831477459434224,3.0,-1.8967577237656073,0.0,0.07400169826628707,0.1287583759186971,0.32629860799197663,-0.011925054744178295,-1.1410174810273161,1.0,,0.0,-0.2631962869978927,0.1,,,-2.1298584906931084,,-0.4057386567833429
2019-11-12,0.8724602131740162,0.5290821664819239,0.55,0.341820573315793,-0.30282643307975304,0.14636137026284338,2.0,-1.92640787991653,0.0,0.07508770221370989,-0.1774085781240235,0.30334796531722774,-0.010612272120723116,-1.1531003396165647,1.0,,0.0,-0.23883185969282694,0.1,,,-2.859181109196196,,-0.8979366925833798
2019-11-13,0.8891980258396048,0.5383543596172189,0.6,0.28560580375224115,-0.3339159932313118,0.13988445630475038,3.0,-1.9558502039377816,0.0,0.047537429315373574,-0.542440979179405,0.27196469520617506,-0.015026047202111694,-1.1694348081677521,1.0,,0.0,-0.24714994242013,0.1,,,-1.7876657093707142,,-1.3909111636563962
2019-11-14,0.8728012070916872,0.5171320945271249,0.6,0.2552906114215623,-0.3700415218747414,0.1210240791472836,2.0,-1.985048712952802,0.0,0.03802127564999815,-0.2841957503016006,0.23991353628449058,-0.022446127110492032,-1.1825877514926442,1.0,,0.0,-0.3307607146207504,0.1,,,-0.3080112763825163,,-0.8080917932860949
2019-11-15,0.8729575081898009,0.517272509635772,0.6,0.20175089657106451,-0.4184036713794438,0.09530864884112789,2.0,-2.0141497610322836,0.0,0.013184482318526123,-0.48416096176255496,0.20322918429440712,-0.03260933484938077,-1.1999087011265905,1.0,,0.0,-0.35640044761372053,0.1,,,-1.0593442277684506,,-0.09417379776762703
2019-11-18,0.8396009405319778,0.46646869830254,0.6,0.14738065065083844,-0.4916757372054264,0.0659478704064536,2.0,-2.0431234013697805,0.0,-0.01968281104473678,-0.5554075414309978,0.16481762883568968,-0.04793559607778181,-1.2205733190221095,1.0,,0.0,-0.3964589622339244,0.1,,,0.49324099059914406,,-0.41756910230895267
2019-11-19,0.8225082982593805,0.4430074625668238,0.6,0.11452108404626475,-0.5275383751413071,0.037754464071809615,2.0,-2.071974445986714,0.0,-0.0335679108555675,-0.3786306201183026,0.13762785274160486,-0.06002581792000457,-1.242023293651796,1.0,,0.0,-0.38684720021647323,0.1,,,0.11945727736490534,,0.500112332852134
2019-11-20,0.8047054307268745,0.41467678439954603,0.6,0.04677332304009501,-0.583053565149379,0.0006121997512713362,2.0,-2.10083779341874,0.0,-0.07606967017179753,-0.8336787082049008,0.10206430801150468,-0.07331297464783511,-1.2637428179288017,1.0,,0.0,-0.4734560751318574,0.05,,,0.5415173941686252,,0.023343681753547462
2019-11-21,0.7214823121565954,0.3211557691360971,0.55,-0.09952687668347804,-0.666965877049573,-0.06506707415854289,2.0,-2.1296651986223694,0.0,-0.12264707620370185,-0.6875294423189628,0.04644653701636599,-0.08933169772993803,-1.2867036836138956,1.0,,0.0,-0.4960694246397602,0.05,,,1.7876333139331726,,-1.371247953912522
2019-11-22,0.6200107020883774,0.1470513972280012,0.55,-0.30988774053568413,-0.8205893874940777,-0.15853018553401327,2.0,-2.1580715336310488,0.0,-0.19102761671795632,-1.2959684794419468,-0.024326361763649065,-0.11388677996891175,-1.3087798834130029,1.0,,0.0,-0.42757296348491164,0.05,,,3.8623047405259356,,0.24762890189176373
2019-11-25,0.4946199214112362,-0.0037820273759243683,0.5,-0.5196998137651331,-0.9747374891944327,-0.2628243588828489,2.0,-2.1855498900498698,0.0,-0.2655427575365412,-1.1869123766504344,-0.09234356318493653,-0.13337298887848203,-1.3296045133368444,1.0,,0.0,-0.3847024971566194,0.05,,,4.284974062946084,,0.06408323298737395
2019-11-26,0.40303537589035876,-0.07616371675390043,0.5,-0.6150910428532119,-1.052685314695752,-0.3632744946232138,2.0,-2.211808284404965,0.0,-0.3352719432651982,-1.4126476367353962,-0.1693848154675284,-0.15221224058017602,-1.3487498286512953,1.0,,0.0,-0.44618409626572964,0.05,,,3.052412194384631,,-1.361270595103615
2019-11-27,0.2794609194570857,-0.13687278361908217,0.45,-0.7406487878241435,-1.1275765485418154,-0.4629433690576623,1.0,-2.237004124505447,0.0,-0.3928801249729104,-1.1482706599236479,-0.24191172563207725,-0.15810094378154288,-1.367329462259357,1.0,,0.0,-0.4312307532141218,0.05,,,3.462756859317608,,-0.2537171607304179
2019-11-28,0.14734325729337044,-0.2494376464038679,0.45,-0.8601103815325141,-1.250127862918001,-0.5682995080541591,1.0,-2.2610296740857723,0.0,-0.44932072072629337,-1.37336057062854,-0.31963280622334256,-0.15810094378154288,-1.3847171657503867,1.0,,0.0,-0.48877943774753085,0.05,,,5.102645889469109,,-0.9828592174887081
2019-11-29,-0.007853340204826476,-0.2501067590133229,0.4,-0.952385166414921,-1.3260261414224177,-0.6848221904989963,1.0,-2.283906666025987,0.0,-0.5053673422812424,-1.0391350781179711,-0.380306489233262,-0.15810094378154288,-1.396756143954565,1.0,,0.0,-0.5549164860674446,0.0,,,4.661705402110525,,0.2871074529829879
2019-12-02,-0.17833977166440684,-0.2501067590133229,0.35,-1.0810733438071214,-1.4544211895695598,-0.825942205323622,1.0,-2.3055374955922154,0.0,-0.590660698769778,-1.286456075786322,-0.4422847430098142,-0.15810094378154288,-1.4073748246308968,1.0,,0.0,-0.5820692676479415,0.0,,,5.2925237221526436,,0.1705220014450936
2019-12-03,-0.3635144897097787,-0.2501067590133229,0.3,-1.2207115598760712,-1.5852802847851253,-0.98639912174927,1.0,-2.325381326668303,0.0,-0.672082581711652,-1.3152844896636842,-0.5035843962941378,-0.15810094378154288,-1.4198223068735447,1.0,,0.0,-0.5557107795104621,0.0,,,5.2925237221526436,,-0.35601824481992617
2019-12-04,-0.5390662091456837,-0.2501067590133229,0.25,-1.2519630640165151,-1.5926400763237876,-1.1242030037300086,1.0,-2.3430365182771236,0.0,-0.7627343599641188,-1.2133568800726526,-0.5579739841732704,-0.15810094378154288,-1.4305019965638104,1.0,,0.0,-0.469713532199619,0.0,,,4.483191565264562,,0.4868497865854941
2019-12-05,-0.6892450727340951,-0.24092843662881824,0.2,-1.2811430105825516,-1.613682546802193,-1.2451695724702454,1.0,-2.3584827653994838,0.0,-0.8450756340608916,-1.227738159811615,-0.6249157106554447,-0.15166990663213564,-1.439786994561451,1.0,,0.0,-0.4334701210755658,0.0,,,3.6464085756351365,,-0.6986603840544107
2019-12-06,-0.8461889558040548,-0.14697956341600626,0.15,-1.2849518364474566,-1.5949311406119446,-1.3455849034564693,1.0,-2.371390744757961,0.0,-0.9150608306732748,-0.8296695892680392,-0.6974319971735841,-0.13937106497693044,-1.4490090657558576,1.0,,0.0,-0.39072080802553905,0.0,,,3.9674925598819772,,-0.5558687885137832
2019-12-09,-0.9695099208672963,-0.06987128883867988,0.1,-1.2104521252672138,-1.5493741545273318,-1.4175175465947474,1.0,-2.381667728826159,0.0,-0.9587433238436466,-0.44178382336623445,-0.7575033171271797,-0.12471841907429938,-1.4567471510234007,1.0,,0.0,-0.3470727050773618,0.0,,,3.514691769940492,,0.46722340218020203
2019-12-10,-1.124300364017556,0.06017880781900864,0.05,-1.214033715141998,-1.5469589409295157,-1.473363103785017,1.0,-2.38936982042459,0.0,-1.0052966160103423,-0.7958793922156379,-0.8238014329674193,-0.10771196926853153,-1.463925664598715,1.0,,0.0,-0.28072182550439667,0.0,,,4.209990667064687,,0.42908089887592266
2019-12-11,-1.2290936440658284,0.17674995816029504,0.0,-1.1704445390856915,-1.5277219747073123,-1.5046698746924634,0.0,-2.394132618132436,0.0,-1.0115150699826432,-0.3568040068620161,-0.8690464908142249,-0.08518657134862086,-1.4680325553698277,1.0,,0.0,-0.24087533325982577,0.0,,,3.0024501317496837,,-0.5939813187649784
2019-12-12,-1.3000839529101185,0.24206710197659587,0.0,-1.0737252124851584,-1.4582278501319246,-1.5011094521156054,0.0,-2.3958754611526505,0.0,-1.0107016998981742,0.03385193412241483,-0.9284768970399674,-0.06592938607099723,-1.4701443682855517,1.0,,0.0,-0.21319967999006106,0.0,,,2.9439070967313263,,-0.2545787278908005
2019-12-13,-1.3949510710080002,0.36560760858846775,0.0,-0.9672861161052769,-1.3904669864046775,-1.4710549782030635,0.0,-2.394693692550892,0.0,-0.9945840729670122,0.13914188140148048,-0.9772406024158591,-0.04148382866725853,-1.4695134559472083,1.0,,0.0,-0.22861121087221487,0.0,,,3.2534822940310804,,-0.4024044154107028
2019-12-16,-1.4473985608241189,0.42824207239765355,0.0,-0.8255371433725528,-1.3103887839194812,-1.4129202676077506,1.0,-2.39073461662482,0.0,-0.9410606517731793,0.7929141419091366,-1.0166030477727643,-0.015999534836202308,-1.467553810399555,1.0,,0.0,-0.20539871892101041,0.0,,,2.82812303769992,,0.046680736715136874
2019-12-17,-1.5315121023477172,0.5297760300200723,0.0,-0.7622950322795604,-1.274405935449135,-1.3536147222138657,1.0,-2.3842344428587117,0.0,-0.908993480530351,0.5280447304502616,-1.068071364884263,0.00725833139078748,-1.4654137164511978,1.0,,0.0,-0.2352966829777985,0.0,,,3.844346120098269,,-0.09784694828362767
2019-12-18,-1.59794230223717,0.6435528030960693,0.0,-0.7246103608944897,-1.2821656207388141,-1.291522608163707,1.0,-2.375094135992825,0.0,-0.8743312845174867,0.11292644039946723,-1.129706389583541,0.026178146045351562,-1.4645373869677354,1.0,,0.0,-0.23816230781122508,0.0,,,3.4140273627672943,,-0.03396881491498401
2019-12-19,-1.6378392559517951,0.7047755395470959,0.0,-0.663133240703841,-1.29243771883235,-1.2131222365248975,1.0,-2.363302922790998,0.0,-0.8430808701713911,0.16986316443959404,-1.1807423735800235,0.03651772344698066,-1.4608865061383165,1.0,,0.0,-0.18506112334124097,0.0,,,3.3414683608814566,,-0.3092242645128399
2019-12-20,-1.6268632194118795,0.6989729170330046,0.0,-0.49447979960421895,-1.261999102068399,-1.1050832431369375,1.0,-2.349040327632576,0.0,-0.770038614599265,0.38053499962382886,-1.2272778401613023,0.038767869973045085,-1.4595545958140417,1.0,,0.0,-0.2009006066061309,0.0,,,2.9382484698234927,,-0.0691607634060359
2019-12-23,-1.5995065622461984,0.6868519441898714,0.0,-0.3144797887299968,-1.222660239840037,-0.9839076608353249,1.0,-2.332842563017545,0.0,-0.7105785659003638,0.20245689323641883,-1.273903137597952,0.040265551514509564,-1.4592240975503588,1.0,,0.0,-0.11618808490981869,0.05,,,2.5588966382231164,,1.7583336669136194
2019-12-24,-1.5976325367250888,0.6845330755793813,0.0,-0.1983809761252016,-1.177396869863924,-0.8623739896348152,1.0,-2.3149751184510805,0.0,-0.6251666388833458,0.4714866814261193,-1.3211009538685292,0.04229900411957402,-1.4596584760688154,1.0,,0.0,-0.04269963904756839,0.05,,,2.5282083766515413,,0.10849832214139025
2019-12-25,-1.587775105725448,0.6754426325206571,0.0,-0.0714183675029635,-1.1203126917007413,-0.736502747926498,1.0,-2.2954379586903557,0.0,-0.5560218434509561,0.3964229132918895,-1.3621743899709162,0.04530511022765643,-1.4607326866067012,1.0,,0.0,0.02884235063388214,0.1,,,2.504630995189879,,1.1771226328985929
2019-12-26,-1.544787750438332,0.6864142749648844,0.0,0.0781382105094511,-1.0870501904802548,-0.6006057233080961,1.0,-2.2744676643867887,0.0,-0.4805660132154957,0.2740025033820675,-1.3964662677218729,0.048866339575311474,-1.4623187539263502,1.0,,0.0,0.22187101895582834,0.15,,,2.477863477161772,,2.8767006526828296
2019-12-27,-1.502947979795412,0.6794791249889895,0.0,0.20619358303198557,-1.03310026406334,-0.4577869596125731,1.0,-2.252333244738105,0.0,-0.41492598816109905,0.39909658480632054,-1.4205768639274594,0.0570799422376764,-1.464629529976594,1.0,,0.0,0.35140135375418974,0.2,,,2.133015416133934,,2.8767006526828296
2019-12-30,-1.4215829668018167,0.6613328486372771,0.0,0.3892361104095579,-0.9762439504645722,-0.2986954093134464,1.0,-2.229258902047443,0.0,-0.32130006830052366,0.6877093475214281,-1.4379146142179595,0.06505612026121473,-1.4667299673979652,1.0,,0.0,0.39585387481505735,0.25,,,1.1585801577568766,,1.059572422662446
2019-12-31,-1.3415823068966728,0.6622036473409797,0.0,0.5492478064220021,-0.946635892656467,-0.12738125783436488,1.0,-2.205939975620218,0.0,-0.22798599293283717,0.6340461561251441,-1.4548451863031344,0.07110773750404444,-1.4697551684911414,1.0,,0.0,0.38234107031926656,0.25,,,1.1617648344463984,,-0.6262743347357427
2020-01-02,-1.254533134256437,0.5831199660410229,0.0,0.6393594703620865,-0.8705772670446367,0.03871812777641405,1.0,-2.1827402652333836,0.0,-0.1240627766291511,0.9250539476870809,-1.472495901479685,0.08107715438008244,-1.4744750339594868,1.0,,0.0,0.5018842884375025,0.3,,,0.20060585650877652,,2.8767006526828296
2020-01-03,-1.1925726932959453,0.5339364581958431,0.0,0.7302023351374567,-0.8071343022894235,0.19578871442400164,1.0,-2.159817203284845,0.0,-0.029775533621708927,0.69486029792832,-1.5079514034307702,0.0768391632182854,-1.479183845901112,1.0,,0.0,0.6682340106580984,0.35,,,0.5301413095477174,,2.628334060357504
2020-01-06,-1.1725588030956016,0.5465592931579983,0.0,0.7232792162032576,-0.8026520330755582,0.3230813166052653,1.0,-2.137423613421969,0.0,0.047728882028366906,0.742813626774302,-1.5449791987006742,0.06635772415800086,-1.4838149364456512,1.0,,0.0,0.8354459559279344,0.4,,,2.446376500740819,,2.7883701168829353
2020-01-07,-1.1369836033208796,0.5442633944193612,0.0,0.710068118773471,-0.7795920350377326,0.42643873479411576,1.0,-2.1154792775444355,0.0,0.10454103474984448,0.7098206443107775,-1.5773478407472195,0.06157971332264808,-1.4902958225377125,1.0,,0.0,0.9007371327747832,0.45,,,1.4895940049757035,,1.7730469391171817
2020-01-08,-1.118999141456912,0.5648737568733794,0.0,0.6493712538495259,-0.8451899324161986,0.49949337537062544,1.0,-2.0939792361099987,0.0,0.1637751688278774,0.3926658115715559,-1.6065950446072066,0.05399918533040565,-1.4924700994867082,1.0,,0.0,1.023168795278498,0.5,,,2.7491011814285735,,2.8767006526828296
2020-01-09,-1.0932915483146597,0.5605313131467853,0.0,0.6628086651267795,-0.8220396488434573,0.56328368458472,1.0,-2.072791391033991,0.0,0.23077508092475152,0.9736575427262383,-1.6352925046647824,0.05437934536784409,-1.4935218384870184,1.0,,0.0,1.1562041730721515,0.55,,,1.4785296763234987,,2.0667262371080883
2020-01-10,-1.0518245656680585,0.5407372850333779,0.0,0.6600774339689208,-0.7660959853042419,0.6281956268758121,1.0,-2.0520966644687415,0.0,0.2695597678976087,0.7973805292660644,-1.6481124565831595,0.05492321630232266,-1.484882505856807,1.0,,0.0,1.3025107181047644,0.6,,,0.8536604647807551,,2.671552172761459
2020-01-13,-1.0194962588387626,0.5464034057938981,0.0,0.6287478847966012,-0.7387298916706295,0.6890182956521708,1.0,-2.031900394663916,0.0,0.28210738775652927,0.3665445759874275,-1.6808009479135817,0.05061525785293548,-1.4811524844763313,1.0,,0.0,1.349924094866148,0.6,,,1.469060083781645,,0.5458631198169696
2020-01-14,-0.9711819191207492,0.5226894829513036,0.0,0.5972442801537523,-0.6982149585497065,0.7437951232213221,0.0,-2.012115371015747,0.0,0.2762379869950421,0.6525973225716255,-1.7162927336795497,0.04818286670444473,-1.477596174412234,1.0,,0.0,1.4114745049531972,0.65,,,0.5449467930210063,,1.2776889384561267
2020-01-15,-0.916250176966981,0.5527220568869741,0.0,0.5904892356114333,-0.6757162723830329,0.8017096276322329,0.0,-1.9927330853956575,0.0,0.2697717592121594,0.3730016420254679,-1.7464571441469963,0.039964858258401056,-1.475179102869515,1.0,,0.0,1.5479359468111724,0.7,,,1.1614617883292457,,2.6313818888758744
2020-01-16,-0.8284278559125244,0.5142649950198914,0.0,0.639340643077613,-0.6417850834735992,0.8780171149711533,0.0,-1.9738615481222666,0.0,0.29690241152299623,0.6167771274669211,-1.7693345096232296,0.03570714816808768,-1.471149722165112,1.0,,0.0,1.6286391962081397,0.75,,,-0.3631073289632602,,1.5800961730243552
2020-01-17,-0.7331262156892799,0.47612271914088355,0.0,0.6944550808093162,-0.6039632717661946,0.9607231385917535,0.0,-1.9556560750279786,0.0,0.33268344754549356,0.83695792337118,-1.7923822522940653,0.03322649161326215,-1.4682151359590319,1.0,,0.0,1.66596723986132,0.75,,,-0.6566284889806436,,0.4373366085507688
2020-01-20,-0.6465507799622496,0.44524559834056243,0.0,0.7106002355975323,-0.5630583763859477,1.0339116278641158,0.0,-1.9382392875948409,0.0,0.353856766818847,0.7406175900018254,-1.8052969499712344,0.034542685603923436,-1.4614857207219587,1.0,,0.0,1.6396518445266974,0.75,,,-0.6426561231701157,,-0.5954686700984851
2020-01-21,-0.5599286459495698,0.40417886086213406,0.0,0.7851221030661029,-0.45542022531451215,1.1099853075010757,0.0,-1.9215884009955961,0.0,0.3992044121739591,1.0237803778757435,-1.8026479064229153,0.03838939981625695,-1.4539609962865574,1.0,,0.0,1.5361336670399912,0.7,,,-0.9299057997246041,,-0.31202988282050337
2020-01-22,-0.456675646559463,0.3466706499616501,0.05,0.9325852869565304,-0.2691950034158277,1.1897267088361012,0.0,-1.9059643568802034,0.0,0.4604582441396407,1.5890451466766602,-1.7969219323512855,0.04628597579793647,-1.4429471656458819,1.0,,0.0,1.4985533233819313,0.7,,,-1.518227596621476,,-0.6431085510198108
2020-01-30,-0.4468234727104267,0.3572891141613852,0.05,0.9582550084927068,-0.18874387986365593,1.2138324350894893,0.0,-1.8917372804242851,0.0,0.4404059101682634,-0.11063368981872385,-1.7856227861633267,0.0532926359190516,-1.4238359234750495,1.0,,0.0,1.464588395033598,0.65,,,1.8087282937286324,,0.49782406593193207
2020-01-31,-0.453808051177316,0.34782634473366403,0.05,0.8952516826296434,-0.2186522045749381,1.1633348044836471,1.0,-1.8785322751417386,0.0,0.3682645318988057,-1.2511445688722767,-1.7795049642057634,0.055008119048582535,-1.40667777938802,1.0,,0.0,1.4410203253435407,0.65,,,2.405587687361435,,2.406352755149068
2020-02-03,-0.4769007861499121,0.31790751172238774,0.05,0.7322640451761224,-0.3257371858922061,1.0455732736112178,1.0,-1.8658798015821112,0.0,0.2638761997774411,-1.7445108666398434,-1.7583635927935535,0.06971111166617674,-1.385440191065789,1.0,,0.0,1.4179566632707121,0.65,,,2.6823415008625253,,2.4164409074936453
2020-02-04,-0.5236268449820345,0.2796258368496545,0.05,0.5789831638861235,-0.41999303161120666,0.8961491786537168,1.0,-1.853130967551568,0.0,0.13380584866164905,-1.9325778903292299,-1.7207064833861003,0.09299258654203495,-1.3626009353897945,1.0,,0.0,1.5028570423379788,0.65,,,2.6434005542274996,,2.757580004007775
2020-02-05,-0.5614922112682055,0.25668783402236495,0.05,0.506025921864702,-0.46245723593951543,0.741471866875078,1.0,-1.8399805171161128,0.0,0.015889916760020228,-1.7166839873273032,-1.6923499761395076,0.10905331816721377,-1.3410487976859187,1.0,,0.0,1.5683288786005092,0.65,,,2.3124713208590846,,0.6831623905148684
2020-02-06,-0.5897726196354552,0.2643741745908421,0.05,0.5030852000361742,-0.38851786552888284,0.601463127572032,1.0,-1.826528317784683,0.0,-0.11572291118796907,-1.662576562036125,-1.6417604694775727,0.13582425119659924,-1.3209608685315102,1.0,,0.0,1.5259392922012553,0.65,,,1.1345388223181134,,2.0299224209651388
2020-02-07,-0.617899343174002,0.26645121427302354,0.05,0.514255227923801,-0.3131392374273704,0.47570588126093327,1.0,-1.8127325243087253,0.0,-0.23792926420398927,-1.6630248017419456,-1.5644489813284363,0.13859963507283626,-1.2972598946523533,1.0,,0.0,1.4619313829597984,0.65,,,1.400457644654637,,1.3481758755283657
2020-02-10,-0.6049500566084003,0.2761214626175248,0.05,0.5309969957547355,-0.291948712248029,0.36166304975010194,1.0,-1.7985877265931163,0.0,-0.3606134247518644,-1.5857285358543631,-1.4747202816263343,0.13859963507283626,-1.273461894741343,1.0,,0.0,1.348067227847777,0.6,,,1.6601091674537514,,0.5110870146425084
2020-02-11,-0.6244135412187122,0.2662515488334961,0.05,0.5956337153692614,-0.2041423511318047,0.2681313051820733,1.0,-1.7841920672067775,0.0,-0.47787810068774866,-1.4675568221856528,-1.3878386931862454,0.13859963507283626,-1.250262230055036,1.0,,0.0,1.324811705274953,0.6,,,1.9074296007425269,,1.3079364876606991
2020-02-12,-0.5937421553852543,0.2893777219964888,0.05,0.8300991241439549,-0.03830567989550343,0.22125581470116593,1.0,-1.7697378365595067,0.0,-0.5715915554584166,-1.278555956236988,-1.296370646584143,0.13859963507283626,-1.225885703940298,1.0,,0.0,1.2108227039162585,0.55,,,1.33541007935619,,0.5979341217763228
2020-02-13,-0.6037965516842833,0.28520980954458275,0.05,0.9557723769786048,0.11022034916697326,0.19110416562092286,1.0,-1.755810517020226,0.0,-0.6683913812921852,-0.7260852351858778,-1.1997352619049308,0.13859963507283626,-1.2018846523123472,1.0,,0.0,1.1269474710114857,0.5,,,1.5872714457553856,,0.3892215790126353
2020-02-14,-0.5962997884966807,0.2827751546553976,0.05,1.028093783477627,0.2385382854341598,0.15921960251488923,2.0,-1.7424724977980728,0.0,-0.7155583467924183,0.10469520181972103,-1.099365758847694,0.13859963507283626,-1.1788401387207479,1.0,,0.0,1.042756955126519,0.45,,,0.49066271884259505,,0.9877418550621223
2020-02-17,-0.5801831945147152,0.2836974653009944,0.05,1.0967566295391598,0.3330074684325197,0.12716921563725078,2.0,-1.7297421179931327,0.0,-0.7100651759350671,0.7256628750864444,-1.0050440841694948,0.13859963507283626,-1.1597167518186566,1.0,,0.0,1.0766350763156602,0.5,,,0.7497678898448163,,1.2234255435997965
2020-02-18,-0.5799481849014563,0.2835982676607999,0.05,1.1584855893397448,0.432737280929193,0.0872846007375542,2.0,-1.7172403400434966,0.0,-0.7116802179896677,0.8613179568145468,-0.9071435172545513,0.13859963507283626,-1.1421910156801882,1.0,,0.0,1.0556945260713884,0.45,,,0.4636432365941208,,0.85887793357069
2020-02-19,-0.5624097281393869,0.28071644540902874,0.05,1.255313228125862,0.5479661071925734,0.04683269065825685,2.0,-1.7048345736048056,0.0,-0.7233164195228746,0.38197211776541534,-0.8106555590824669,0.13859963507283626,-1.1225787642682021,1.0,,0.0,0.9701671899337555,0.4,,,0.44898265324172865,,0.9208351661232178
2020-02-20,-0.5862404359533623,0.29965773553434694,0.05,1.3692848894936516,0.6903940442753446,0.002116469834498169,2.0,-1.6924797137165082,0.0,-0.7366585599899116,0.5879797283828289,-0.7251373331094861,0.13859963507283626,-1.102690325889893,1.0,,0.0,0.9479271926039813,0.4,,,0.4340502881081593,,1.1352962264288715
2020-02-21,-0.6439425593501789,0.33545855159423255,0.05,1.4107391830299367,0.7656635095216298,-0.04890345835593769,2.0,-1.680113220827181,0.0,-0.7234594136562422,1.324361993730761,-0.6314003493680669,0.13859963507283626,-1.0830348498831368,1.0,,0.0,0.9775567323172287,0.45,,,1.2288214750857516,,1.029927402815717
2020-02-24,-0.7443895364871277,0.34319512775357475,0.05,1.3100163697081744,0.705271576209515,-0.15259076770512178,3.0,-1.667664200148907,0.0,-0.7397486959329138,0.6390163206834245,-0.5493296574182238,0.13859963507283626,-1.0630187753570046,1.0,,0.0,1.079771484217649,0.5,,,2.5462679985696197,,1.4488263679099158
2020-02-25,-0.8352033045545113,0.40485087923254737,0.05,1.210691951930614,0.7134931591291925,-0.27740861445510534,3.0,-1.6551285735633674,0.0,-0.750037656940825,1.031959248755305,-0.4649459998202999,0.12221979288710198,-1.044905289274352,1.0,,0.0,1.1949337564994669,0.55,,,1.9806734273341533,,1.9912155628158574
2020-02-26,-0.9423114472284524,0.5499025104901261,0.0,0.9598276006717851,0.654313019531007,-0.4213797479675755,3.0,-1.6422253530002613,0.0,-0.8470553718323874,-0.12133826365341543,-0.37755540784142133,0.105589509230377,-1.025386658259159,1.0,,0.0,1.2227372404360566,0.55,,,1.9547058739806167,,-0.08703887228801863
2020-02-27,-0.9380658995919967,0.5502410652887373,0.0,0.9053791727954665,0.6789001311011785,-0.5042665446618135,3.0,-1.6285967453496686,0.0,-0.8498123104880525,0.043365535090224894,-0.2956569315976802,0.08881490976526828,-1.0073630001615264,1.0,,0.0,1.2363903685008983,0.55,,,1.4036867730061298,,0.7708866272287708
2020-02-28,-0.9256761221312079,0.558957948103742,0.0,0.8758812473922025,0.6159244627892745,-0.5242968860732097,2.0,-1.614469749728683,0.0,-0.8225791923813134,-0.5296452432947082,-0.2063154027524278,0.06468982436760368,-0.9905932272381497,1.0,,0.0,1.1438275268757319,0.5,,,1.6527712585515737,,0.5550959226457356
2020-03-02,-0.8959162322244897,0.5814809061804753,0.0,0.9411110521117426,0.56479493791653,-0.47536433938072226,2.0,-1.600259301631315,0.0,-0.7455678054371626,-0.07403047309906219,-0.11332377626642827,0.05396359906396375,-0.9772307874267437,1.0,,0.0,1.0819062478612556,0.5,,,1.3680988104102396,,1.1780153272041216
2020-03-03,-0.8660215410487894,0.6073474847614977,0.0,1.0755558242774184,0.5918242015743873,-0.3815084716805444,2.0,-1.586544260052127,0.0,-0.6403393511896525,0.2505496791342241,-0.02676172258746087,0.04732002388760069,-0.9678333609519488,1.0,,0.0,0.9401288372919575,0.45,,,1.3479175415184013,,-0.07796820737818597
2020-03-04,-0.8353214438704901,0.6228555155887978,0.0,1.1894576578550438,0.6508080264292976,-0.2692158110850634,3.0,-1.5734955438869815,0.0,-0.539719044421713,0.32442002856971464,0.07904040714150697,0.04117328843908525,-0.9619743133501782,1.0,,0.0,0.95723639774878,0.5,,,1.0646640391140678,,1.0253135996513185
2020-03-05,-0.8565533015802064,0.6208527583843633,0.0,1.1770210757356712,0.7082510401001533,-0.1715913551907479,3.0,-1.5610691250404423,0.0,-0.4695482713770428,-0.27053223476310134,0.18480902761707987,0.04239395506261513,-0.9575502010518009,1.0,,0.0,0.8896504583790309,0.45,,,1.5848538829183356,,0.6782036335701567
2020-03-06,-0.8600220818909727,0.6207567603587647,0.0,1.1390622495242906,0.7430747533750285,-0.09020437702533089,3.0,-1.5491059676545877,0.0,-0.4363679664362352,-1.0484005227142208,0.28676896433734145,0.04926139166076787,-0.9563452430251465,1.0,,0.0,0.9097182320696445,0.45,,,1.3009722963318624,,1.7495313493406366
2020-03-09,-0.901657637017688,0.5633423672810595,0.0,1.0078885341812571,0.634678897153204,-0.09087178313679263,4.0,-1.5375438848126957,0.0,-0.470790105050577,-2.307952069115413,0.3694885996349288,0.042246119881070784,-0.9520636638720075,1.0,,0.0,0.8800708564009311,0.45,,,2.6204616603390622,,-0.08186049873176067
2020-03-10,-0.9348970402939667,0.5195059680651795,0.0,0.8642692425637303,0.5856303887641646,-0.14662758034924991,4.0,-1.5263932662169895,0.0,-0.5093137441812363,-2.307952069115413,0.46102474745409916,0.039055169967030526,-0.949920195749817,1.0,,0.0,0.8796916319451469,0.45,,,2.593126908191224,,1.3003519985450152
2020-03-11,-1.003203551110688,0.44536565607991196,0.0,0.5121028072432153,0.43070707367841915,-0.2772793725117502,4.0,-1.5154799218699704,0.0,-0.5557632052184767,-2.299390392487324,0.5415549222071714,0.03180950293569794,-0.9497934844582282,1.0,,0.0,0.9429098204937952,0.5,,,3.0840448004531797,,1.8622978927492904
2020-03-12,-1.0626284595050657,0.38734941251811605,0.0,0.04776884596081469,0.1620852378870259,-0.4265488830096979,4.0,-1.5045617292482225,0.0,-0.6286182332270671,-2.27411995327712,0.613594276301016,0.024373491316858224,-0.9526806497890813,1.0,,0.0,1.022801949986451,0.55,,,3.0387537548052332,,1.9870641688657478
2020-03-13,-1.1551595668633925,0.3684681043901247,0.0,-0.41652582251532866,-0.12205236393486771,-0.5935062763479368,3.0,-1.4935000299878793,0.0,-0.7425564023495415,-2.2426989493580516,0.6918801522904257,0.026751718092665924,-0.9610821568511625,1.0,,0.0,1.083460171383924,0.6,,,2.9991657495376085,,2.200906283011583
2020-03-16,-1.2392960685908812,0.3532011737769598,0.0,-0.856376043269419,-0.41890868821991034,-0.7697650239293828,3.0,-1.4809416534759128,0.0,-0.8878252854400172,-2.217007272618409,0.7586857395954799,0.022467933716007454,-0.9721629544940967,1.0,,0.0,1.1447241610027465,0.6,,,2.917233547523544,,2.4487053359762503
2020-03-17,-1.3411143320463834,0.35015291425708306,0.0,-1.2071119104365295,-0.6304228386965713,-0.9450382343138457,3.0,-1.4657944755283308,0.0,-1.0405733458662378,-2.1844184022230166,0.82898049812382,0.025333309849407584,-0.9876414312699043,1.0,,0.0,1.2019617261939732,0.65,,,3.009249865514652,,2.003629237395224
2020-03-18,-1.4328256741872507,0.3784161321967836,0.0,-1.477481224220517,-0.7543338945536088,-1.121198248608703,3.0,-1.447942615627912,0.0,-1.169471431935299,-2.145586514080207,0.8981371464139193,0.02642159657979047,-1.0051049971807706,1.0,,0.0,1.2074639061480066,0.7,,,2.5952210904550994,,1.0308787652038862
2020-03-19,-1.5243404074485896,0.42457315329210643,0.0,-1.8902852577857148,-0.9892852872318687,-1.3055198462498623,3.0,-1.4273612206644177,0.0,-1.3091229308119545,-2.105196643485222,0.9606615304064059,0.020085022113613245,-1.0259907836480977,1.0,,0.0,1.2661907096730853,0.7,,,2.438279561703933,,2.309832296930447
2020-03-20,-1.5892552823505421,0.4387338002717516,0.0,-2.2216763805834763,-1.2385996393119045,-1.4880158608344822,3.0,-1.4038161936056353,0.0,-1.4867187289252901,-2.0543291821384573,1.0305531113257245,0.013020676403134679,-1.0542310634488516,1.0,,0.0,1.3585800469798106,0.7,,,2.265303871579055,,2.8767006526828296
2020-03-23,-1.610362406501317,0.42847372395269756,0.0,-2.2999949234431822,-1.606039236083387,-1.617730307557998,2.0,-1.3771141279047139,0.0,-1.6305052300043017,-2.007662351857457,1.10161142412358,-0.006871080224128327,-1.0844048761592056,1.0,,0.0,1.4001638717012024,0.7,,,2.090832368463341,,2.2805028623377512
2020-03-24,-1.6481124027542768,0.4255295344118466,0.0,-2.2999949234431822,-1.9164247745755343,-1.7354640325502628,2.0,-1.346826949298403,0.0,-1.7951039235588848,-1.967705848037503,1.167824271207764,-0.021866431620673088,-1.1163424405732953,1.0,,0.0,1.4048200938780393,0.7,,,1.8948647492168769,,2.0843400063526016
2020-03-25,-1.685145056813988,0.42612969244444177,0.0,-2.2999949234431822,-2.0363004112753518,-1.8409500514356287,2.0,-1.3126559795461294,0.0,-1.828865068388709,-1.912827926369629,1.2428160332867426,-0.02965352468806909,-1.1475511990075284,1.0,,0.0,1.5044447782849633,0.75,,,1.6931583164454362,,1.9054548158504596
2020-03-26,-1.7480526445756261,0.44438678948954424,0.0,-2.2999949234431822,-2.2105164125886803,-1.8409500514356287,2.0,-1.2746029873934321,0.0,-1.828865068388709,-1.5896815571495457,1.3124789250956803,-0.036689903626869094,-1.1801166180668325,1.0,,0.0,1.6097861543710354,0.8,,,1.632263039131462,,2.8767006526828296
2020-03-27,-1.8008353349560913,0.45866495243967176,0.0,-2.2999949234431822,-2.397736175335501,-1.8409500514356287,2.0,-1.2325384601709077,0.0,-1.828865068388709,-1.2504636360090835,1.3719113481050937,-0.04407398646899105,-1.2216939896093773,1.0,,0.0,1.7009705746675838,0.85,,,1.4124796030003728,,2.3787843285767014
2020-03-30,-1.8613407728506377,0.4956771487303042,0.0,-2.2999949234431822,-2.598399024300482,-1.8409500514356287,2.0,-1.1863284440228574,0.0,-1.828865068388709,-1.4320853093844739,1.4385176149614776,-0.046055263536338965,-1.2609699806401289,1.0,,0.0,1.7268287279965269,0.85,,,1.1926300667042946,,1.6951783937829796
2020-03-31,-1.9207996688375668,0.5454227822857647,0.0,-2.2999949234431822,-2.598399024300482,-1.8409500514356287,2.0,-1.135649321922802,0.0,-1.828865068388709,-1.4084797919959064,1.505076391441303,-0.04928701190591275,-1.3015733050879694,1.0,,0.0,1.8081031534904022,0.85,,,0.9657750426365219,,1.734179202881446
2020-04-01,-1.9882645996565302,0.6417967592100537,0.0,-2.2999949234431822,-2.598399024300482,-1.8409500514356287,1.0,-1.0802504617586866,0.0,-1.828865068388709,-0.8950211324974473,1.5714918986284172,-0.041713173253988,-1.3418319464345831,1.0,,0.0,1.8081031534904022,0.85,,,0.7349005830633888,,1.182418745860686
2020-04-03,-2.0274658473545117,0.7083010412541944,0.0,-2.2999949234431822,-2.598399024300482,-1.8409500514356287,2.0,-1.0201545002072934,0.0,-1.828865068388709,0.47806061924311327,1.6308242046102912,-0.03230352016126293,-1.3833442762419108,1.0,,0.0,1.8081031534904022,0.85,,,0.4675844177333258,,1.6465036391347612
2020-04-06,-2.075103708038799,0.8669694154972317,0.0,-2.2999949234431822,-2.588224377737351,-1.8409500514356287,2.0,-0.9554515509172508,0.0,-1.828865068388709,1.4678035138831362,1.701795642761374,-0.01231855107662842,-1.4241962900800473,1.0,,0.0,1.8081031534904022,0.85,,,0.27232651404754865,,1.0309520021485998
2020-04-07,-2.0752811833937654,0.8673094071312573,0.0,-2.2999949234431822,-2.29070558034243,-1.8409500514356287,1.0,-0.8862858247573444,0.0,-1.828865068388709,2.3154856222768245,1.7699026037444796,-0.0034425359175358386,-1.4688187218543134,1.0,,0.0,1.8081031534904022,0.85,,,0.08692154155367125,,2.429140768987388
2020-04-08,-2.07477650262403,0.8662929002306885,0.0,-2.222101741029923,-2.0112149966938078,-1.726064010635112,1.0,-0.8127261839097901,0.0,-1.828865068388709,2.275846529417306,1.8308079156678434,0.010879066359737281,-1.5139028464927813,1.0,,0.0,1.8081031534904022,0.85,,,-0.0915941200587611,,1.9383545826964368
2020-04-09,-2.046485410747216,0.834854436406224,0.0,-1.7529024214059876,-1.6608928874768412,-1.4356706950599598,1.0,-0.7348232314647015,0.0,-1.6310072173315047,2.3154856222768245,1.8815898717939568,0.01563370624304023,-1.5609842313432254,1.0,,0.0,1.8081031534904022,0.85,,,-0.23831399318159463,,1.2490502074521252
2020-04-10,-2.0183230656030333,0.8105208755075071,0.0,-1.2247272085169978,-1.352599845307629,-1.1452773794848077,1.0,-0.6527181998822029,0.0,-1.3923908545417578,2.3154856222768245,1.9367384691659444,0.01815088842674681,-1.6120846249019345,1.0,,0.0,1.8081031534904022,0.85,,,-0.38649722941973336,,0.6685674862929265
2020-04-13,-1.972523350522262,0.7456466323394277,0.0,-0.6435365736907918,-0.9741977983404811,-0.8548840639096553,1.0,-0.5665200103582966,0.0,-1.1539017657149797,2.3154856222768245,2.0080213190013843,0.0331028060269958,-1.662542721672371,1.0,,0.0,1.8081031534904022,0.85,,,-0.4114180256796841,,0.9500190930212362
2020-04-14,-1.9177554229420566,0.6769452216817952,0.0,-0.11446819749051529,-0.6561325542952956,-0.5644907483345033,1.0,-0.4776466048157898,0.0,-0.9152854029252329,2.3154856222768245,2.0589665296704287,0.03797850551286324,-1.7142879961241166,1.0,,0.0,1.801881190144329,0.85,,,-0.4422662443912819,,1.764409070080487
2020-04-15,-1.836057875933226,0.5907372790271979,0.0,0.40426127900495074,-0.22664883915097364,-0.2740974327593512,1.0,-0.3877210396432801,0.0,-0.6766690401354859,2.3154856222768245,2.095319740471558,0.0449569485904769,-1.764913190184823,1.0,,0.0,1.7426085080680498,0.85,,,-0.3500593866569984,,0.8181755958696357
2020-04-16,-1.7469508060667684,0.47711092953106815,0.0,0.8334432589758952,0.2122693494493503,0.016295882815800876,1.0,-0.2971564246670443,0.0,-0.4380526773457391,2.3154856222768245,2.1436160851436794,0.054898946312156395,-1.8140399589724825,1.0,,0.0,1.6883426624320936,0.8,,,-0.19677906393460515,,-0.05443814751523389
2020-04-17,-1.6583200866766004,0.39721719936565114,0.0,1.4184484334229799,0.754172219818682,0.306689198390953,1.0,-0.20612869623760663,0.0,-0.1994363145559923,2.3154856222768245,2.1690426934463245,0.05554806521120204,-1.8616532900574532,1.0,,0.0,1.6124761199545543,0.75,,,-0.22177065196921755,,0.7925014473796657
2020-04-20,-1.5529263335677232,0.2999077254578806,0.0,1.9749977270004964,1.2719903965383914,0.5970825139661051,1.0,-0.11509202096567661,0.0,0.03918004823375452,2.3154856222768245,2.1827768695361307,0.05361927027905205,-1.9111111279202166,1.0,,0.0,1.5382039840456456,0.75,,,0.014504362430595963,,1.3922714307720463
2020-04-21,-1.510175539650612,0.3072337978569042,0.0,2.4290948620221675,1.535321181365911,0.8838403914826237,1.0,-0.024414984758637563,0.0,0.27779641102350133,2.3154856222768245,2.1900185437180086,0.04280951177154859,-1.9608178366339521,1.0,,0.0,1.484313191780535,0.75,,,-0.9796149857974972,,1.2026870170355322
2020-04-22,-1.4419379357093676,0.29599834930661373,0.0,2.6641302656444186,1.8710121459696603,1.1463020549781544,1.0,0.06543156544816878,0.0,0.5164127738132482,2.3154856222768245,2.199687972534899,0.03188967731068028,-2.010273064917661,1.0,,0.0,1.4426032822628154,0.75,,,-0.5969975202123653,,1.250141815998212
2020-04-23,-1.374704722689459,0.29073647456616325,0.0,2.6641302656444186,2.2064922289300593,1.3907563734210875,1.0,0.1539394515396416,0.0,0.7543154295465977,2.3154856222768245,2.2044373314909604,0.026058723745367274,-2.0606914372275527,1.0,,0.0,1.3506937001635317,0.7,,,-0.6392418050707801,,0.06726317386478312
2020-04-24,-1.2817360274030096,0.28142382954128187,0.0,2.6641302656444186,2.497374054879119,1.5903240596358,1.0,0.2409477667739468,0.0,0.9780290158280549,2.3154856222768245,2.2055539840815066,0.01896637728514981,-2.1107519540464295,1.0,,0.0,1.251919954995726,0.65,,,-0.32888692159071464,,0.9022392455941058
2020-04-27,-1.199001107242903,0.29285943444942764,0.0,2.6641302656444186,2.7329257744387956,1.747324580329274,1.0,0.32619915456970955,0.0,1.1863571308370384,2.3154856222768245,2.1972162243243205,0.005328086674483581,-2.1599546508061644,1.0,,0.0,1.1841661003035047,0.65,,,-0.5327161560917183,,1.0237072347322722
2020-04-28,-1.1264228990737457,0.31971066510475643,0.0,2.6641302656444186,2.9225354678281943,1.8485866438528755,1.0,0.4094584080559319,0.0,1.4057283435353172,2.3154856222768245,2.188855654690044,-0.01186345658101094,-2.2079546368200074,1.0,,0.0,1.1311394158040198,0.6,,,-0.7528177769561346,,0.6346447037932827
2020-04-29,-1.0461898240214476,0.3470706100241375,0.0,2.6641302656444186,3.0,1.8485866438528755,1.0,0.4902766198128764,0.0,1.616631841123111,2.3154856222768245,2.180119945196261,-0.02879970812015658,-2.254073604516258,1.0,,0.0,1.0491132166523127,0.55,,,-0.5786530207773152,,0.09365521984730432
2020-05-04,-0.9759340631957976,0.38969670830289027,0.0,2.6641302656444186,3.0,1.8485866438528755,1.0,0.5682500703583282,0.0,1.616631841123111,2.3154856222768245,2.169544774965749,-0.045547425509555296,-2.299435095743028,1.0,,0.0,1.0713403871096137,0.55,,,-0.8109464217090094,,1.6269621550067048
2020-05-05,-0.9155837794788427,0.42472986843651517,0.0,2.6641302656444186,3.0,1.8485866438528755,0.0,0.643361697513412,0.0,1.616631841123111,2.229630349128041,2.1633342352000677,-0.06173446216615338,-2.3420650697248133,1.0,,0.0,0.99787512826039,0.5,,,-0.8384655474101917,,0.17719846215028906
2020-05-06,-0.8386987872464691,0.455030966297571,0.0,2.6641302656444186,3.0,1.8485866438528755,0.0,0.7156032883958304,0.0,1.616631841123111,1.9933478820864292,2.1664672969198406,-0.06139564908756609,-2.3875169514117416,1.0,,0.0,0.9664767539965154,0.45,,,-0.41279266476460474,,0.4029845168711059
2020-05-07,-0.7101735173894168,0.4018852517592876,0.0,2.6641302656444186,3.0,1.8485866438528755,0.0,0.7849665836213934,0.0,1.616631841123111,2.3154856222768245,2.1933778248397204,-0.0499098302601627,-2.4329762071046774,1.0,,0.0,0.8458438107413363,0.4,,,0.9852761145612774,,0.01648190388380475
2020-05-08,-0.5134279309121924,0.1788723557761197,0.05,2.6641302656444186,3.0,1.8485866438528755,0.0,0.8513810076405537,0.0,1.616631841123111,2.3086059796129823,2.204822704642522,-0.042907611116079575,-2.4771420945274363,1.0,,0.0,0.7728441794632753,0.35,,,2.9226738648159527,,0.47836195713522
2020-05-11,-0.3263003179011513,0.03115582452256538,0.1,2.6641302656444186,3.0,1.7891319950853652,0.0,0.9147668912723244,0.0,1.616631841123111,2.243081745252927,2.221647069966329,-0.03555088568064819,-2.521621071525054,1.0,,0.0,0.7250814226844965,0.3,,,3.0030842297821048,,0.2937950718765486
2020-05-12,-0.13990958073509988,-0.06378249305085237,0.15,2.6641302656444186,3.0,1.729038857949357,0.0,0.9751090191136118,0.0,1.616631841123111,2.1782581820226397,2.232839743916245,-0.026360562081268215,-2.5634992928405427,1.0,,0.0,0.7255633061673621,0.3,,,3.072679309175558,,0.6782051559502376
2020-05-13,0.02815959093975253,-0.14357184963209924,0.2,2.6641302656444186,3.0,1.6727788131497938,0.0,1.0323808894214574,0.0,1.616631841123111,2.1147366824483265,2.243198866202244,-0.009073594077518506,-2.601820878695317,1.0,,0.0,0.7253051331647729,0.3,,,3.1362102194726185,,0.9448556329694502
2020-05-14,0.1869593058463245,-0.20437405959651533,0.25,2.6641302656444186,3.0,1.6100166236723563,0.0,1.0866498434275933,0.05,1.616631841123111,2.05373131681261,2.239963461240041,0.00042655788825363974,-2.6285214346070505,1.0,,0.0,0.6298332901528247,0.25,,,3.19494872774791,,-0.14502779015847517
2020-05-15,0.3190776295982801,-0.2469567426670385,0.3,2.6641302656444186,3.0,1.5306417467727582,0.0,1.1379666134497992,0.1,1.616631841123111,1.7158244988889864,2.235068952075298,0.005378016153783923,-2.6509860525236433,1.0,,0.0,0.5760171920126811,0.25,,,2.985765357281165,,-0.25814636693323484
2020-05-18,0.44199788805398094,-0.2501067590133229,0.35,2.6641302656444186,3.0,1.4423007164761326,0.0,1.186551114328838,0.15,1.616631841123111,1.9132386678756805,2.220281667084451,0.01629016792635748,-2.66838607916886,1.0,,0.0,0.6005476287146105,0.25,,,3.3062284011156913,,0.43617058652335483
2020-05-19,0.5648440162731866,-0.2501067590133229,0.4,2.5203461153045637,3.0,1.351012670515217,0.0,1.232467043322354,0.2,1.616631841123111,1.6446519071984094,2.203043904072988,0.019507455348993345,-2.68322713608756,1.0,,0.0,0.5440374885648078,0.25,,,3.357117870592924,,-0.3377013556163896
2020-05-20,0.6699875204213903,-0.2501067590133229,0.45,2.304685005033183,3.0,1.2552761181742056,0.0,1.2758374540102717,0.25,1.616631841123111,1.2748665079173773,2.187285470354846,0.023405156457969353,-2.6962960809724588,1.0,,0.0,0.548918303331709,0.25,,,3.4031575531307783,,1.4898877261100703
2020-05-21,0.8369875386637343,-0.2501067590133229,0.5,2.2015637104056105,3.0,1.1608373372393912,0.0,1.316768744396256,0.3,1.616631841123111,1.1709364294254572,2.2020151642697785,0.03228921327096853,-2.709680766121877,1.0,,0.0,0.47216357159998124,0.2,,,3.445562614131191,,-0.3324076175990218
2020-05-22,0.9773385220415797,-0.2501067590133229,0.55,2.006078500263582,3.0,1.0791295727617414,0.0,1.3552135451120406,0.35,1.616631841123111,0.7087308573440283,2.203100727632493,0.03660542380590315,-2.719819068808271,1.0,,0.0,0.4221681887922891,0.15,,,3.48344684033944,,0.25023415984436975
2020-05-25,1.117640063376643,-0.2501067590133229,0.6,1.8623572921673253,3.0,1.0112026297991463,0.0,1.3913431078405796,0.4,1.616631841123111,1.1435017432858938,2.2139831104068945,0.04062578311275605,-2.7276326054221105,1.0,,0.0,0.4175677760330391,0.15,,,3.5190371483095495,,-0.02474508132021748
2020-05-26,1.2402988445745968,-0.24811428056681795,0.65,1.7866032954656461,3.0,0.9599478140351405,0.0,1.425171511207426,0.45,1.616631841123111,1.1364397998304079,2.2350740263771645,0.04841855156928238,-2.727965850439421,1.0,,0.0,0.39368186159638185,0.15,,,3.5476765331626656,,0.42452095686095925
2020-05-27,1.3717590260093138,-0.19161633906843556,0.7,1.6700208680287645,3.0,0.9104020415456432,0.0,1.4566668313670625,0.5,1.616631841123111,0.34081368764390874,2.2302811445420554,0.03857129735413903,-2.727965850439421,1.0,,0.0,0.39841474976515057,0.15,,,3.5689235194423867,,1.118364998107648
2020-05-28,1.5119253172315164,-0.0987328310120934,0.75,1.5696209522401914,3.0,0.8665387936142877,0.0,1.4858825571061958,0.55,1.616631841123111,-0.18638597454118766,2.2317534258468874,0.026252608542763615,-2.7202930118164947,1.0,,0.0,0.3784474526754354,0.15,,,3.5875545051173403,,0.23529876199897815
2020-05-29,1.643050670591339,0.0021461691743760447,0.8,1.4567590929469778,3.0,0.8241505997552796,0.0,1.5128368560107215,0.6,1.5680371914428897,-0.308112394570249,2.2218108202865117,0.011894114475777828,-2.7072770541470925,1.0,,0.0,0.38278159676415524,0.15,,,3.6010839754154356,,0.18033810162170213
2020-06-01,1.7814405828135462,0.16089315924723935,0.85,1.4650609931316825,3.0,0.8014683596342123,0.0,1.5375876805765514,0.65,1.4730553732479446,-0.06770737144353076,2.220067628953722,0.0002537936744219015,-2.6893017604251153,1.0,,0.0,0.30766068651854744,0.1,,,3.563520577532565,,0.12454395009454747
2020-06-02,1.8087250417938414,0.38873986541865757,0.9,1.4128334642840372,3.0,0.7879927712360999,0.0,1.5599972491940592,0.7,1.3660798131075442,-0.5802451770274876,2.2150001731388906,-0.018404160623975176,-2.6654532656267467,1.0,,0.0,0.33803899054736886,0.1,,,3.6109340114375583,,0.7847645427267185
2020-06-03,1.8087250417938414,0.6897635813761871,0.95,1.331138608821355,3.0,0.7754186723113181,0.0,1.580109687437417,0.75,1.2658076044664557,-0.6172223084039463,2.2153002820740095,-0.026665330018482716,-2.6320337167526615,1.0,,0.0,0.38059136844070723,0.15,,,3.6090845921367567,,1.2540320747378733
2020-06-04,1.8087250417938414,0.9324480717937486,1.0,1.2415457679588937,3.0,0.7529125579532985,0.0,1.5979750436285998,0.8,1.1371641712394056,-0.7316580714783993,2.221018846868076,-0.024898896905278824,-2.595705967443982,1.0,,0.0,0.440120884717624,0.2,,,3.6024607877586696,,1.2070722294221394
2020-06-05,1.8087250417938414,0.9324480717937486,1.0,1.1717518025927711,3.0,0.7115550861295565,0.0,1.6136493970475292,0.85,1.0245849531778064,-0.417306389414192,2.2299713148072753,-0.026542469254947493,-2.554939178122694,1.0,,0.0,0.47817276701454103,0.25,,,3.591807732234194,,1.239399603073562
2020-06-08,1.8087250417938414,0.9324480717937486,1.0,1.1226984370261457,3.0,0.6554740828488566,0.0,1.6271688338766246,0.9,0.9192490282880186,-0.2939913540425915,2.223431685282329,-0.027609205536762608,-2.5124793487913504,1.0,,0.0,0.519887811616886,0.3,,,3.5297649498951946,,1.1280959639234476
2020-06-09,1.8087250417938414,0.9324480717937486,1.0,1.0215863423199807,3.0,0.5876176366682269,0.0,1.6385468718436342,0.95,0.7916317304629124,-0.7748566111504356,2.216642515929127,-0.03079285121972018,-2.4707608503182037,1.0,,0.0,0.5360353634444901,0.35,,,3.46324929645352,,1.0011561925023205
2020-06-10,1.8087250417938414,0.9324480717937486,1.0,0.9275394081161217,3.0,0.5145961996390552,0.0,1.647886614260813,1.0,0.7056621156886037,0.009637764781251668,2.2152886130853107,-0.02974791639463513,-2.4287012549136278,1.0,,0.0,0.5826541698424842,0.4,,,3.3975948800441995,,1.8772317609293319
2020-06-11,1.8087250417938414,0.7636414445969728,1.0,0.7827949760864906,3.0,0.41694601252921065,1.0,1.655231395518919,1.0,0.5770739841328159,-0.8776621680654619,2.204261274772906,-0.04006161548860252,-2.3855658802208684,1.0,,0.0,0.6454002904606042,0.45,,,1.7569845865307168,,1.1098946222039263
2020-06-12,1.8087250417938414,0.7302669351758728,1.0,0.6780112015261924,3.0,0.3188444448558479,1.0,1.660704609094249,1.0,0.4702831393789091,-0.7688499747942219,2.2044667128382294,-0.044326333643296106,-2.3417923904416864,1.0,,0.0,0.7976628074670232,0.5,,,2.4052762096478135,,2.7871039731951446
2020-06-15,1.8087250417938414,0.5163707759747851,0.95,0.4962767919528509,2.9337376854485977,0.20048244725445605,1.0,1.6643307443881152,1.0,0.32251253288045684,-1.3802905843886024,2.1924852733048166,-0.05468391820447316,-2.2511940855285384,0.98,,0.0,0.8668434666192238,0.55,,,0.36538945871009326,,1.8197837695673678
2020-06-16,1.8087250417938414,0.4906365676173797,0.95,0.3844295009938737,2.836302416863611,0.08267100991795037,1.0,1.6662906024051771,1.0,0.20531959870287936,-1.046236898303265,2.17670894124771,-0.06806187957665286,-2.1588685616108663,0.96,,0.0,0.9903933608530029,0.6,,,1.912273040800337,,2.13329652905919
2020-06-17,1.8087250417938414,0.4488450463528353,0.95,0.2579667181045982,2.724189440818822,-0.03574245519358727,1.0,1.6666079609764086,1.0,0.09638864094030128,-1.264692960606102,2.140033876290895,-0.08473418179314333,-2.0643579772523557,0.94,,0.0,0.967876962539402,0.6,,,1.4463211264901052,,1.0395597598380528
2020-06-18,1.755577447267899,0.40482367984276946,0.95,0.1553401386713747,2.627554117638592,-0.1527569394290123,1.0,1.6653922612936072,1.0,-0.01045455429324108,-1.3338693411635036,2.0986574904836615,-0.09023127076923672,-1.9700921745015663,0.92,,0.0,0.9865293719396501,0.6,,,1.2081097466352868,,0.040640570405938756
2020-06-19,1.7073464903453643,0.3970950573759905,0.95,0.17456256747908663,2.5908612518602596,-0.2487305648308169,1.0,1.662747258500037,1.0,-0.08659006101972311,-1.2020849501355269,2.0560757298538284,-0.0976969344234521,-1.8753808300860326,0.9,,0.0,1.0045171018849823,0.6,,,1.8391172299171012,,0.6099887587510139
2020-06-22,1.6656103985309891,0.3984621841018786,0.95,0.13517544633640233,2.5481394641219084,-0.3328544059861299,1.0,1.658647933084108,1.0,-0.19406818291489106,-1.4164259473191796,2.0211173694228197,-0.09826668605779593,-1.779905782785559,0.88,,0.0,1.0476440657916488,0.6,,,2.029560008004693,,0.8377941968131118
2020-06-23,1.6166839524044068,0.3977920125772294,0.95,0.03350134324682386,2.495842118383496,-0.41373913137791796,1.0,1.6532525860995722,1.0,-0.30662398616268927,-1.5349560250752734,1.9822363163954526,-0.09236977794086199,-1.6847364957909945,0.86,,0.0,1.0835321033365135,0.65,,,1.7887137203925143,,1.1422817077582545
2020-06-24,1.5606618435491353,0.3952206980706593,0.95,-0.0665991335841687,2.3961094292739142,-0.4822601584652991,1.0,1.6467431293650683,1.0,-0.3870985140797279,-1.715662714975962,1.9306156719347713,-0.0990632491874859,-1.5889503776757596,0.84,,0.0,1.0434063433996634,0.6,,,1.554535097195234,,0.31584979937064833
2020-06-25,1.4773284009441305,0.362767661956079,0.9,-0.19022579840467696,2.280181580217846,-0.5433842245597614,1.0,1.6392380840006873,1.0,-0.43536938885285864,-1.6172348916254986,1.8831396444658717,-0.10440543200586835,-1.4930235525126287,0.82,,0.0,1.0779156814681121,0.6,,,0.7021414707279611,,0.9254855233679503
2020-06-26,1.3870953854754995,0.33192042026789614,0.85,-0.33064727067975264,2.1478989056616005,-0.598132745763912,1.0,1.630896309431685,1.0,-0.47817538440633856,-1.648207333859605,1.8359302426787898,-0.11278585313729313,-1.3967897792942698,0.8,,0.0,1.0418137748136167,0.6,,,0.4863290724310219,,-0.5417000314682073
2020-06-29,1.2439138442766322,0.19819504117100994,0.8,-0.5930024019307094,1.9649702853221107,-0.6723129519725715,1.0,1.6218715302212723,1.0,-0.5429598742307826,-1.8450478629485505,1.7760109840786817,-0.11800595226430514,-1.3006199433968118,0.78,,0.0,1.1041557028175273,0.65,,,-1.1681734479754993,,1.371382510172763
2020-06-30,1.0926670029604866,0.09411729388615331,0.75,-0.8046402042231205,1.784121240143869,-0.7544444136312303,1.0,1.61247806179646,1.0,-0.5839173090729741,-1.8972939529055357,1.7202637469069915,-0.12778919383982648,-1.2035573994351392,0.76,,0.0,1.1044154739815977,0.65,,,-1.365565347464738,,0.7899599660081207
2020-07-01,0.9753671758990757,0.08268074405116976,0.7,-0.9525681046552923,1.6774564410900394,-0.8329705928111248,1.0,1.6028429989131048,1.0,-0.6176299273755099,-1.8136043551984704,1.6700569116914665,-0.12814485828301755,-1.105139719222048,0.74,,0.0,1.0810192444290376,0.6,,,-0.33682955572933587,,0.7861074836866764
2020-07-02,0.8445931874741384,0.06851298063246258,0.65,-1.116459995075444,1.5681285918211423,-0.9042970639000698,1.0,1.593040465459163,1.0,-0.6354453244365332,-1.6332316762797485,1.6316954570205104,-0.12084525729080937,-1.006915925101034,0.72,,0.0,1.074012689023903,0.6,,,-0.7399209610390534,,1.066941121319443
2020-07-03,0.7273823221783275,0.09055237799108584,0.6,-1.276497302986411,1.4829316276562992,-0.9635569766085753,1.0,1.5832015253882212,0.95,-0.6748588856715465,-1.7361806964862523,1.5891928557968895,-0.11074632546710944,-0.9075121122251373,0.7,,0.0,0.9810244546983664,0.55,,,-0.33153933898147847,,-0.6203650834371663
2020-07-06,0.6589907151296839,0.14923819923235326,0.6,-1.4365349035589698,1.437280046022181,-1.0086956019303932,1.0,1.5734341175738076,0.9,-0.7131724473475572,-1.548487149646061,1.5553541385085743,-0.09773182529111037,-0.8074328995434142,0.68,,0.0,0.9162369503999575,0.5,,,1.0827094968175532,,-0.16765412204473104
2020-07-07,0.5918798534386464,0.21585377249999982,0.6,-1.5563375910200092,1.3886914085226725,-1.038359826182213,1.0,1.5638742149813596,0.85,-0.7506764362320968,-1.9346308874052887,1.5157146747611518,-0.0882665504757922,-0.7064290884155249,0.66,,0.0,0.830745913913197,0.45,,,1.0761464331320583,,-0.708664537232894
2020-07-08,0.519196121474702,0.2937848751488865,0.55,-1.647785675879808,1.356614886205647,-1.0547875469060537,1.0,1.5545897766753656,0.8,-0.8156705436956158,-1.6150202257504627,1.4861841413354966,-0.0713656084726105,-0.6053304671244506,0.64,,0.0,0.7067237969011867,0.4,,,0.8690491000342417,,-0.603210579310871
2020-07-09,0.5155722911994974,0.29654419269594323,0.55,-1.5716541150705052,1.3795465866372039,-1.023319226825203,1.0,1.5456596621589611,0.75,-0.7993415804235743,-0.8151037397382621,1.4632278964257948,-0.05884037783130807,-0.5038870003408814,0.62,,0.0,0.6730143416841445,0.35,,,1.460250158520889,,0.4357055178630851
2020-07-10,0.484950621290659,0.3274293434634591,0.55,-1.510267479056039,1.3642071732451422,-0.9694445278285908,1.0,1.5369597227224574,0.7,-0.79015916962362,-0.7763864206739117,1.4361311142126831,-0.03925249049763803,-0.40182436824671947,0.6,,0.0,0.4952739653612924,0.3,,,1.251787032572153,,-0.7677035532618991
2020-07-13,0.5096148726218621,0.32845299658415794,0.6,-1.4069604157764692,1.3296884342344903,-0.8857484748790526,1.0,1.528514143181296,0.65,-0.6935010470391276,0.4067129089914505,1.410827462898088,-0.02576368186928821,-0.30104778159757783,0.58,,0.0,0.34968596074506975,0.25,,,1.048345674408093,,-1.0919763227570858
2020-07-14,0.4797812642644422,0.34679073731251375,0.55,-1.3742817236221092,1.3047586026987323,-0.7992485814546488,1.0,1.5202504500998364,0.6,-0.613223486445802,0.46342164166501676,1.3899504967444858,-0.01054657225912753,-0.20246885190076008,0.56,,0.0,0.21845000467188186,0.2,,,0.8487966389528857,,-0.49142259240456726
2020-07-15,0.4974464113599367,0.3303011675606977,0.55,-1.3180430403689385,1.2821263534617469,-0.7071288450281108,1.0,1.5122500008531323,0.55,-0.529540344600414,0.3622623539095714,1.3508347293157978,-0.00794682144489137,-0.09493746338179612,0.54,,0.0,0.14339899386299107,0.15,,,1.8147145376875826,,-0.46146045633976346
2020-07-16,0.5353564660093993,0.29442254119785394,0.55,-1.2793294255823233,1.2546648763446555,-0.6096435191520617,1.0,1.5044822768489088,0.5,-0.45633389876558306,0.13606313788862134,1.2979982157567,-0.007528655460516807,0.01229585297306536,0.52,,0.0,0.09633758964710888,0.15,,,2.1852868564169787,,-0.9005875139117051
2020-07-17,0.5395918775577496,0.2902466126741037,0.55,-1.3029061084339943,1.226808066054815,-0.5215582516815027,1.0,1.496947637689108,0.45,-0.3956947032141268,0.07300321126126053,1.2516481198105114,-0.007050881682981083,0.11893964395436438,0.5,,0.0,2.9912693730849148e-05,0.15,,,1.7863928689361457,,-1.3161647803165468
2020-07-20,0.5172155591938247,0.30825255939604224,0.55,-1.3637100922867706,1.1615172132816014,-0.44899538099709824,1.0,1.4897230120435505,0.4,-0.33961619089564726,-0.17460292662279459,1.1897270165620397,-0.01103894236354602,0.22576769998933519,0.48,,0.0,-0.06448406279833555,0.15,,,1.2028729670061669,,-0.45248531302821604
2020-07-21,0.5021267148166678,0.3194443837385884,0.55,-1.4001901744497995,1.1057976859111318,-0.3887000026871828,1.0,1.4828662601856337,0.35,-0.2573099372664257,0.2810440787123081,1.1248881742112284,-0.016347092918999506,0.32888267722935444,0.46,,0.0,-0.14771547174340435,0.1,,,1.2013828387490453,,-0.5223464711431217
2020-07-22,0.4740282814638387,0.32965050162191245,0.5,-1.416288173571568,1.0207806775493982,-0.33673063350613786,2.0,1.476377571694415,0.3,-0.1956024870205834,-0.2554771193182157,1.0511962256482035,-0.027988105065750887,0.42898355788111475,0.44,,0.0,-0.18518379725739825,0.1,,,0.6256760456649173,,-0.4335167109092298
2020-07-23,0.486631272756125,0.327642614245524,0.55,-1.4188451933709227,0.928434908531693,-0.2897045296295533,2.0,1.4702464743121197,0.25,-0.1553847556819316,-0.5240865552561048,0.9848972220963534,-0.03720369564730604,0.5129289152130521,0.42,,0.0,-0.23516394509683985,0.1,,,1.0035223184453448,,-0.07411743342088137
2020-07-24,0.4126293932258108,0.23327043565447925,0.55,-1.4682881028964199,0.7779844233605882,-0.26452606662597333,2.0,1.4644500753118037,0.2,-0.18318512308308582,-1.8355752727045491,0.9223257058728298,-0.046679733661348484,0.5964862381998433,0.4,,0.0,-0.18897942050022049,0.1,,,-1.6429988287649557,,0.38199046046418
2020-07-27,0.3735954698089243,0.15418688367894096,0.55,-1.515343735534552,0.5771616059409499,-0.2684587033544208,2.0,1.4590448020436702,0.15,-0.22470347858450773,-2.227459223954276,0.847291567747993,-0.06797600224073948,0.6791964586956993,0.38,,0.0,-0.2723457290078687,0.05,,,-2.1875579723574963,,-0.29594365998020034
2020-07-28,0.36172517879331983,0.13391451336604077,0.55,-1.4440398162210781,0.47280006471373487,-0.2661742821673923,2.0,1.4540309204782118,0.1,-0.25926961183106245,-2.0600458383552396,0.7856232281727745,-0.08298997797123364,0.7614511099870171,0.36,,0.0,-0.3134963194342529,0.05,,,-1.6105462808450277,,-0.03305184251956439
2020-07-29,0.2901216602607598,0.03002466716307961,0.55,-1.500490362750036,0.32849883045752754,-0.2848678010194483,2.0,1.4492754684989817,0.05,-0.30856827116899416,-2.185482646029978,0.7167940868721484,-0.09761920117690008,0.8432268551989465,0.34,,0.0,-0.34555707438346805,0.05,,,-2.3384073274727912,,0.1448923847023727
2020-07-30,0.2458420305443764,-0.02618680581080257,0.55,-1.476934356064436,0.24660560605104892,-0.30816228101760534,2.0,1.4449096103670356,0.0,-0.36798534413028755,-2.1264390583089883,0.6312892294453001,-0.10842150487373392,0.924023619530973,0.32,,0.0,-0.4469276024767043,0.0,,,-1.9489693679022855,,-0.9604694405452815
2020-07-31,0.18858396612581782,-0.0839685534312149,0.55,-1.507098855159441,0.14052967230173846,-0.337059257572049,2.0,1.4408605015384797,0.0,-0.42352800184515305,-2.098039557372287,0.5548044762316539,-0.11707343274499853,1.002773229429239,0.3,,0.0,-0.3996362776640006,0.0,,,-1.9333895511308405,,0.3254614128169088
2020-08-03,0.09096743101481468,-0.1202575993846402,0.5,-1.4820696455619602,0.1181466007893484,-0.3640696652609202,2.0,1.4371886058544596,0.0,-0.4807763816450585,-1.9085830201736367,0.477651498036485,-0.11710355801079056,1.0805194367701312,0.28,,0.0,-0.37847599075746197,0.0,,,-1.7359991639565568,,0.2555516160860409
2020-08-04,0.019902253860141113,-0.12298604586430217,0.45,-1.379938105995623,0.15892265475235862,-0.3798772286582841,2.0,1.4338513122962506,0.0,-0.5149841860625632,-1.8139284388542636,0.393750315354368,-0.11950424552087778,1.1561701230554826,0.26,,0.0,-0.37186179505180755,0.0,,,-0.986573508335653,,-0.5763806231198058
2020-08-05,-0.018068790482614002,-0.11559043804134306,0.45,-1.2477094606321504,0.24226266509198535,-0.3809707749276689,2.0,1.4307693056565731,0.0,-0.5470357432806805,-1.4295521167139758,0.3405106353071815,-0.10633519913533446,1.2295765776727772,0.24,,0.0,-0.3679430200716086,0.0,,,-0.2432875504899423,,-0.5248350797068926
2020-08-06,-0.06972664472873852,-0.09003355782020472,0.4,-1.2117264559637786,0.29728518331317433,-0.3813779046205543,2.0,1.4278919999585558,0.0,-0.6167034901267365,-1.3500302539594438,0.28745352673923613,-0.08853430876768993,1.2995288314436957,0.22,,0.0,-0.43231292740617777,0.0,,,-0.0596942428211663,,-0.8516926288282972
2020-08-07,-0.12111133296412209,-0.06823754963453132,0.35,-1.1490594392290514,0.3387396066560642,-0.3764441876014505,2.0,1.4253186241894518,0.0,-0.64967966801296,-0.5670129277980565,0.23777086391689337,-0.07136852767402681,1.3680189042191229,0.2,,0.0,-0.4207950459556379,0.0,,,-0.24689134309919106,,-0.5373459242511017
2020-08-10,-0.13954561573388422,-0.05611792259927961,0.3,-1.0313119739598304,0.40942433382197774,-0.36123358246886406,2.0,1.4230326011798318,0.0,-0.6316902570643017,1.629727658886944,0.1731483230326554,-0.059042098618820454,1.4335309634425635,0.18,,0.0,-0.39215075032486235,0.0,,,0.49365640261957805,,-0.5190904101415748
2020-08-11,-0.1579027303551131,-0.04603783788701965,0.3,-0.940574212256184,0.4664713109558958,-0.3387797702016323,2.0,1.42099858637529,0.0,-0.6621290907906271,0.7275346198787203,0.12300724000788082,-0.03693834566028136,1.4957320919649169,0.16,,0.0,-0.443156878912392,0.0,,,0.30561741058688363,,-1.5115451641551625
2020-08-12,-0.20324286196095182,-0.0003732766098785145,0.25,-0.8508393524096471,0.5250336289281904,-0.3103229183288808,2.0,1.4192387582996926,0.0,-0.6469635658133275,1.529046696209747,0.0663111736380971,-0.021318682857613146,1.5538128128082545,0.14,,0.0,-0.46551010482084604,0.0,,,0.4880241430684808,,-0.9085249745088422
2020-08-13,-0.21621135152745335,0.021617274226682026,0.25,-0.7141260037421024,0.6194945927423096,-0.27918633410885124,2.0,1.4177599429220271,0.0,-0.6165363578729596,1.5975686280088708,0.014453199171842608,-0.0017259786257809559,1.6097667990970286,0.12,,0.0,-0.48627127354487276,0.0,,,1.773754982094674,,-1.3158108883922401
2020-08-14,-0.23547956420705848,0.04843336276417021,0.25,-0.6246678965817135,0.6726180522853639,-0.2497583321821822,2.0,1.4165256163502264,0.0,-0.5729717642024642,1.7787054716968809,-0.04416751176791444,0.014673475732985322,1.6629258006704324,0.1,,0.0,-0.46362327186971475,0.0,,,1.2112503524379585,,-0.8632047468133868
2020-08-17,-0.23481915364809644,0.047643171430515774,0.25,-0.5052193180338347,0.7140967676119837,-0.21555147368619232,2.0,1.4155783185081445,0.0,-0.5109459913906335,1.870310529992043,-0.09430528795359844,0.026338707398950358,1.713312779592803,0.08,,0.0,-0.485398170324775,0.0,,,1.2056084282352215,,-0.8879832821294198
2020-08-18,-0.2409401187923553,0.054561915561496366,0.25,-0.40718834157217687,0.74593341457147,-0.18182687569067063,2.0,1.4148741244031764,0.0,-0.47524425760842115,1.7765402293478076,-0.13924367857420733,0.03641143381646899,1.7639180764968205,0.06,,0.0,-0.5083097950008135,0.0,,,1.0166309177508548,,-0.9805789646638938
2020-08-19,-0.20766355941594491,0.01830989119029036,0.3,-0.24652489543192066,0.8016841738878766,-0.14090294450084948,1.0,1.4144127706757372,0.0,-0.40460561846502036,1.8975941966578045,-0.18836088216800406,0.03924230538836654,1.8140498456979606,0.04,,0.0,-0.5237830285899471,0.0,,,1.5614900494314643,,-0.7429813826919
2020-08-20,-0.20089310847499506,0.011221300742767393,0.3,-0.12161563463740066,0.8184155731515889,-0.09841945992476227,1.0,1.414112028478489,0.0,-0.314821360919962,1.9716788662692077,-0.21599631241002548,0.05004747721339003,1.8658126184163288,0.02,,0.0,-0.5760599007913981,0.0,,,1.190386818808598,,-1.1196548774499042
2020-08-21,-0.07501085425580895,-0.019740564185806164,0.35,0.1252719902230748,0.8807762244254913,-0.03186754011078484,1.0,1.4139859314915368,0.0,-0.15023904831031026,2.0923702741446073,-0.2595941921602278,0.05553559789572337,1.9165752324784728,0.0,,0.0,-0.638333274283492,0.0,,,1.9130207393955034,,-0.863477009377696
2020-08-24,0.08259657386635852,-0.023509334195237486,0.4,0.4861248442605702,0.9891854792970057,0.0856848845904051,1.0,1.4138621591693732,0.0,0.04267115149278489,2.181630416183152,-0.28369606488434274,0.05759107024004842,1.884375707699781,0.02,,0.0,-0.6656915752475496,0.0,,,2.259849408311766,,-0.843109679261351
2020-08-25,0.22540709406787748,-0.043053832391419355,0.45,0.7129352463746096,1.0779684834670533,0.2114237531403631,1.0,1.4135007636762482,0.0,0.23008814591460708,2.1472902894059387,-0.309348156191036,0.0622413193700459,1.8490570036112701,0.04,,0.0,-0.6803954473338816,0.0,,,2.413026054001454,,-0.32712928424620513
2020-08-26,0.3931782555919443,0.006738668779173396,0.5,0.9726168132214408,1.1552384955792738,0.348700755099431,1.0,1.4129304660187558,0.0,0.42091539380758636,1.9952279618725612,-0.3276207531064139,0.06050704196642359,1.8104913501159328,0.06,,0.0,-0.742881203524291,0.0,,,2.3818026474972123,,-1.1048227391058136
2020-08-27,0.5400751824251773,0.0671328469310345,0.55,1.1825010897881596,1.2523427042771198,0.48135578230388,1.0,1.4120118539145134,0.0,0.6161972990669191,2.0512174831256105,-0.3426686857731157,0.05528502642363755,1.772289474079997,0.08,,0.0,-0.7428576908860794,0.0,,,2.176157827132011,,-0.959999187781051
2020-08-28,0.6919321576257554,0.15040757736484967,0.6,1.4000070484361393,1.333317474717584,0.6090424594055401,1.0,1.410713052004581,0.0,0.812138390768478,1.9966366964490732,-0.36224293835329624,0.04668497231554368,1.7308801807265544,0.1,,0.0,-0.8079441186133348,0.0,,,2.3191856822773715,,-0.9762671417281981
2020-08-31,0.842112497807831,0.24725800115993468,0.65,1.4642613135016984,1.3667523448464038,0.7163438363841175,1.0,1.4089292317749944,0.0,0.9923584770314692,1.7826279518909438,-0.3852539113744178,0.037719498864284176,1.6881204605026898,0.12,,0.0,-0.8519342751678662,0.0,,,2.454967987795257,,-0.6242515150045878
2020-09-01,0.9649202416009557,0.3140299377164403,0.7,1.476637770362411,1.4176887145770465,0.8010625573236971,1.0,1.4067301649630592,0.0,1.1782190356181015,1.8902494425994318,-0.40333017325621,0.029347121520439775,1.6455833887677043,0.14,,0.0,-0.8442757728976673,0.0,,,2.416960307530449,,-0.423210577715831
2020-09-03,1.0666832037376253,0.34108882366890514,0.75,1.4367359346479123,1.4646960663894084,0.8659756650144583,1.0,1.4041158603243915,0.0,1.336366470050804,1.6344183126153102,-0.4118024287962004,0.03450157662608748,1.6033059550888575,0.16,,0.0,-0.8140678033517499,0.0,,,2.543261456212694,,0.07932431121145478
2020-09-04,1.1609469636461902,0.37403872356403345,0.8,1.3910788903371216,1.4785208788853803,0.912210484204931,0.0,1.4010891062616888,0.0,1.4987459587369591,1.713592240256057,-0.41638144960398626,0.040566365722441,1.561077690138541,0.18,,0.0,-0.8284201241189681,0.0,,,2.498219812327795,,-1.138739044172657
2020-09-07,1.254806986669799,0.4484979568216374,0.85,1.3252956519349055,1.4615928645151204,0.9332770886631796,0.0,1.397620516846695,0.0,1.598480001889337,1.171525626860164,-0.4242528840230148,0.040260259608148,1.518526340124192,0.2,,0.0,-0.7989210758448102,0.0,,,2.29227295477318,,0.052635041232054806
2020-09-08,1.3276189613965539,0.4791383405232432,0.9,1.2712243500603764,1.4823790836232,0.9352385598950276,0.0,1.39369649170505,0.0,1.5829998956945626,1.0416056048308335,-0.42278786580104066,0.03484502828295281,1.4755241039312934,0.22,,0.0,-0.831185202495458,0.0,,,2.4133614298704793,,-1.1643729431545333
2020-09-09,1.4001778441905768,0.5452611095074997,0.95,1.2377719898933557,1.507049423250795,0.9205688708550289,0.0,1.3893006986285499,0.0,1.610499301204213,0.9494512008427112,-0.413354456139114,0.037022103163210994,1.431384716484665,0.24,,0.0,-0.8048786351838914,0.0,,,2.2122655433186784,,-0.9854138179238258
2020-09-10,1.4595599432071158,0.6186832584651989,1.0,1.1999782565253028,1.5290494850338665,0.8899556586855921,0.0,1.3843951795137937,0.0,1.6004231678561176,0.9687494170328552,-0.4149595200957308,0.03108785914681722,1.396854601063663,0.24,,0.0,-0.8240794005297529,0.0,,,2.01751799895926,,-1.292540281426073
2020-09-11,1.4727635177318148,0.6216009349463216,1.0,1.1194317704151764,1.5485650308320127,0.843808630696763,0.0,1.378954138834823,0.0,1.5919473525345056,1.0250571407340776,-0.4229280982096806,0.027940878917644414,1.3621856914784578,0.24,,0.0,-0.7994418793410984,0.0,,,1.981924547586196,,-0.8230604646191532
2020-09-14,1.5110158310408184,0.6494475813176056,1.0,1.099037107488907,1.5792490845040197,0.7938350534135077,0.0,1.3730063519275573,0.0,1.573614002758476,0.9776593002856211,-0.428868366807926,0.0204030649391446,1.3248566396885995,0.24,,0.0,-0.7704736092304676,0.0,,,2.0991648830268512,,-0.2838393446007691
2020-09-15,1.5487316943854572,0.6851477746471288,1.0,1.0784316141144197,1.5981841031571744,0.7436333323559143,1.0,1.366481499668087,0.0,1.5538006559219153,1.0113731123142882,-0.44506982640445153,0.011187515410131434,1.2859299732584715,0.24,,0.0,-0.7716141394478211,0.0,,,2.0612465200987438,,-0.9107938864764887
2020-09-16,1.5925579564075993,0.7528771065554176,1.0,1.0610930113213706,1.610323503876889,0.6966531343259842,1.0,1.3593592992462824,0.0,1.531514675314288,0.841306576050012,-0.45542003238408035,0.00415538271627565,1.2455084059644634,0.24,,0.0,-0.7264466369798392,0.0,,,2.027128817968798,,-0.07722891530425871
2020-09-17,1.6107399268997817,0.7785377261730508,1.0,0.9935923751487965,1.6024088186359715,0.6463375621134524,1.0,1.3516350853641017,0.0,1.4909301364627223,0.5851033569336517,-0.47158637230317885,-0.0054951424351613355,1.2053478402766633,0.24,,0.0,-0.7095825396498319,0.0,,,1.8480385219320334,,-0.40569943609175085
2020-09-18,1.6415406418902165,0.8648674366754048,1.0,0.9874157154068266,1.6092217915030047,0.6028377466117365,1.0,1.343353174363603,0.0,1.4629777698443793,0.8865851996930552,-0.48955200271464056,-0.00632480023859103,1.1649634648973177,0.24,,0.0,-0.6772335168394046,0.0,,,1.8181277541624765,,-0.47267442124136066
2020-09-21,1.6463706064636034,0.8742260219072812,1.0,0.9189595234072263,1.6063791530648857,0.5641566991114655,1.0,1.3344547090587788,0.0,1.4414065962931442,1.1060164594831308,-0.503277087786307,-0.010391826833743434,1.1245874943921543,0.24,,0.0,-0.658937366604122,0.0,,,1.7909149911428177,,-0.497554004672045
2020-09-22,1.6383749862148391,0.8664841593358841,1.0,0.7746795638494175,1.58327574138389,0.521784200003153,2.0,1.3249945642270669,0.0,1.3983514513759552,0.7537180049962982,-0.5111774349535146,-0.003251895353183247,1.0847537073799745,0.24,,0.0,-0.6128711285118402,0.0,,,1.761370880592941,,0.07821508258428757
2020-09-23,1.6299357185918701,0.8663444696532129,1.0,0.6653481727898586,1.5716319692811256,0.47993905325104136,2.0,1.3151137715818093,0.0,1.356372036994469,0.7388951999199201,-0.5231740317284715,0.0002484279401956324,1.045559466140313,0.24,,0.0,-0.6390818310428782,0.0,,,1.8699006920939538,,-0.8513433348669646
2020-09-24,1.6217513256778102,0.8658457574906107,1.0,0.5323037668719661,1.5302052586980919,0.43669908626441156,2.0,1.3048442493276695,0.0,1.2958747302729086,0.22209131484476452,-0.5246920253368839,0.0034152966977438297,1.000356300143395,0.24,,0.0,-0.6114047547433588,0.0,,,1.8369267512975747,,-0.5512812131154263
2020-09-25,1.614408473033326,0.8584412903429178,1.0,0.3587065669497369,1.4749606450172628,0.3916885353565899,2.0,1.294269125974004,0.0,1.2252192022894803,0.07678023249823385,-0.5258590753084011,0.005937297606982119,0.9552098498371763,0.24,,0.0,-0.5318508928802599,0.0,,,1.6724573955159057,,0.6310780494809279
2020-09-28,1.60113823336029,0.8516762691298536,1.0,0.22189274753478025,1.4365644444455576,0.3488843880230011,2.0,1.2834710752217293,0.0,1.146571894497947,-0.12567111130886593,-0.521891592657048,0.007569343762806893,0.9097092278718487,0.24,,0.0,-0.4596291776494077,0.0,,,1.6472725523726852,,0.46816716288884563
2020-09-29,1.5595090930037014,0.7971202327218436,1.0,0.09060443489289025,1.3593711924593639,0.29972744294370857,3.0,1.2724690358779867,0.0,1.0465841385066381,-0.7454490936121073,-0.5133157689766183,0.0035439719954794436,0.8630962682689725,0.24,,0.0,-0.39003236967841104,0.0,,,1.097347710250519,,0.7676846444153443
2020-09-30,1.5186261547393214,0.7605632443846468,1.0,-0.03439179505997795,1.305078341106947,0.24412129706571234,3.0,1.2612866573625607,0.0,0.9537731731812972,-0.47048367267495445,-0.5002824676303805,0.002903300434961364,0.8181528788314245,0.24,,0.0,-0.3953163086786374,0.0,,,1.0833509661669705,,-0.5288893577203566
2020-10-01,1.494989013646876,0.7734187213377586,1.0,-0.10890160225424475,1.289527879955757,0.18492803283429915,3.0,1.2499782013109548,0.0,0.8735928873318676,-0.46075939580293857,-0.47485943566085737,0.010022620236686786,0.7736602233197928,0.24,,0.0,-0.414022641511621,0.0,,,1.583534974634011,,-0.2948023454482179
2020-10-02,1.460711862806723,0.7770296894687945,1.0,-0.18320041530734005,1.2434321449266221,0.12547979679978968,3.0,1.2385481933362992,0.0,0.7799736335530124,-0.6328074641783707,-0.4520250318674151,0.01824342998750804,0.7353687578535237,0.26,,0.0,-0.3581533371086245,0.0,,,1.3043913261070323,,-0.02135295611272818
2020-10-05,1.427519100221687,0.7658317008853177,1.0,-0.16389175346987467,1.2451646325981538,0.08418134546777772,4.0,1.227038067827697,0.0,0.7214305510017957,-0.46667157566699374,-0.42431155844614415,0.025028408391939542,0.6950446092292872,0.28,,0.0,-0.3501949357682698,0.0,,,1.159433972291408,,0.211803068039149
2020-10-06,1.400084806236332,0.7807130598915553,1.0,-0.19274227988385612,1.2428935470390914,0.05535790858868408,4.0,1.215396391772274,0.0,0.6834791058209216,-0.19334382244269005,-0.37541611750290654,0.03981845971590302,0.6528516806775285,0.3,,0.0,-0.26378518594126177,0.0,,,1.3872298255844207,,0.5638220533856276
2020-10-07,1.3846380780345933,0.7898264271016556,1.0,-0.25326847575824374,1.2186570943107033,0.035832683047402995,4.0,1.2036739814964739,0.0,0.6391397795624097,-0.3939960735294258,-0.3442839032538142,0.050927422971760325,0.6089710925062485,0.32,,0.0,-0.13070718847184315,0.05,,,1.483886452309254,,1.676146131464547
2020-10-08,1.3698869937741558,0.7904105301610185,1.0,-0.34335571433213313,1.1680532604049911,0.023829801675854967,4.0,1.1919255806582232,0.0,0.6046409350764447,-0.16402115671821454,-0.30640392975521674,0.05689489328540955,0.5640084501664675,0.34,,0.0,-0.08771943147135845,0.05,,,1.3383607473562331,,-0.43278514141637936
2020-10-09,1.3554156038941867,0.7912180880208376,1.0,-0.422048163106566,1.1247497565234565,0.02094342308691761,4.0,1.1802184186401592,0.0,0.5656161204526795,-0.15515888745290934,-0.2649495478015825,0.0612498052293681,0.5190841472959814,0.36,,0.0,-0.04517076940127273,0.05,,,1.3163879046927447,,0.02791277678256144
2020-10-12,1.3408310942246984,0.8008819294708721,1.0,-0.5583700200462834,1.045666889489833,0.02260362938578528,4.0,1.1685663709283194,0.0,0.4939592273787149,-0.8069651370109785,-0.22981566712188037,0.061125734182727175,0.474299593857278,0.38,,0.0,0.03330775535903986,0.1,,,1.4116475924195595,,1.2857311506054827
2020-10-13,1.3265246295735498,0.8110582447067094,1.0,-0.6713918941399493,0.975044926154264,0.02680174233670237,3.0,1.1570378419711411,0.0,0.4327115420714714,-0.519057383250227,-0.199952593336314,0.0546693815119214,0.4295866921146947,0.4,,0.0,0.1181339985213068,0.1,,,1.3896818979723524,,0.7857309767688501
2020-10-14,1.312350431820197,0.8220546322590864,1.0,-0.7674189945605696,0.9121700538225153,0.039533452975877445,3.0,1.1456617844337116,0.0,0.3769341417748657,-0.5387709665616088,-0.16064642210339497,0.05374344820172073,0.3844491882221592,0.42,,0.0,0.19787480336123714,0.15,,,1.3684411944888304,,1.5175871814943482
2020-10-15,1.3095363127571429,0.8242363404408065,1.0,-0.8454433170197393,0.8448156007773291,0.06159434739821951,3.0,1.1344413341483164,0.0,0.31712737122106216,-0.8373247761853375,-0.14238385759484667,0.04503085424139857,0.3388064179475865,0.44,,0.0,0.19044267024019512,0.15,,,1.46014751694376,,-0.5543420985125911
2020-10-16,1.3012829444205796,0.8278042615977352,1.0,-0.9398913306792444,0.7780458882029493,0.08425157582091322,3.0,1.1233799805615527,0.0,0.25432648189690615,-0.557985816248018,-0.1237284391462224,0.03722158229575361,0.29336238039393225,0.46,,0.0,0.20951367916164468,0.15,,,1.3261450768794527,,-0.09125424281237048
2020-10-19,1.2821255690847808,0.8241939480020126,1.0,-1.0123538366301632,0.7198521282655185,0.10364824486563404,3.0,1.112517854264206,0.0,0.15387053497055964,-1.033635962293637,-0.10651793212338136,0.028339458118444974,0.24742234083505474,0.48,,0.0,0.2449398496023135,0.15,,,1.0861494895017025,,0.2109694041413314
2020-10-20,1.2522779177771433,0.8035151551852949,1.0,-1.0499744613391395,0.6703123246498486,0.11898604496124014,2.0,1.1018705702638378,0.0,0.07273610401467752,-0.9541574684182523,-0.07130776219231844,0.02974737690496639,0.20079283883770238,0.5,,0.0,0.23629794936047058,0.15,,,0.8525968368039534,,-0.09462292225257042
2020-10-21,1.21701824103226,0.7961751762485749,1.0,-1.1309896831142412,0.5953392999894448,0.12198575550917165,2.0,1.0914129771750916,0.0,-0.019900473668093277,-1.156847236914492,-0.052573848756656855,0.022688591422944708,0.15457471734103329,0.52,,0.0,0.24770009468583654,0.15,,,0.8416749956564755,,-0.6233004283596443
2020-10-22,1.2091091036559598,0.8064019374618736,1.0,-1.1442793445541435,0.5466343134715249,0.12716745645923516,2.0,1.0811901907989123,0.0,-0.08772900106488266,-1.1647827638904527,-0.02238146546884213,0.023292353877800577,0.10791194437123541,0.54,,0.0,0.2248307487436329,0.15,,,1.3660306898431374,,-1.0086681319595
2020-10-23,1.2068454274786142,0.8086548023191193,1.0,-1.121514533521036,0.5137235005438102,0.1368950761152123,2.0,1.071159919423647,0.0,-0.13697539593781943,-0.9359978499277042,0.007965468742965,0.025872373180549645,0.06183384529766709,0.56,,0.0,0.16821782988872408,0.15,,,1.3445642093214814,,-0.5011803276172488
2020-10-26,1.1885155101686968,0.8110798025897554,1.0,-1.1604631848218057,0.44512625054327043,0.13395609235006647,2.0,1.061288402062684,0.0,-0.18839855224458218,-1.176632986519194,0.033847141226421754,0.02375377583861524,0.01610086473810931,0.58,,0.0,0.13472322873321319,0.15,,,1.012434006128643,,-0.20172486022137154
2020-10-27,1.1821569509812884,0.8006164323850455,1.0,-1.1957314456207342,0.3400832594374788,0.12307785743522177,2.0,1.0516410441605553,0.0,-0.2059980418734622,-1.130000863743845,0.048656459253416384,0.010982611716421743,-0.028763796770571667,0.6,,0.0,0.10326616308256983,0.15,,,0.7918619380503888,,0.1385433314024773
2020-10-28,1.1328078359582447,0.663291309187924,0.95,-1.3084000993191756,0.1908105336859637,0.08684918430392748,2.0,1.0422372687768864,0.0,-0.2619126643947934,-1.622449989684275,0.05164225533289112,-0.008776052944219603,-0.07368161420113392,0.62,,0.0,0.136035085018289,0.15,,,-0.04289668623614544,,0.12648908099402612
2020-10-29,1.0718682551466172,0.6068801005322126,0.9,-1.4228540453477596,0.07662858338472557,0.030671830977143842,2.0,1.0331548599698526,0.0,-0.31604801970773594,-1.5775871313117626,0.055684105176057305,-0.024485430528201794,-0.11888530867937977,0.64,,0.0,0.1364185229722268,0.15,,,0.164621209100748,,-0.2871335863694617
2020-10-30,1.0280692396553253,0.5698750022353093,0.85,-1.4648740259706823,-0.00801421767290531,-0.02901770615528858,2.0,1.024434826601214,0.0,-0.36228264846586766,-1.5951170974931295,0.05555034903430653,-0.03563912970711836,-0.17127920724209175,0.66,,0.0,0.1012215005557557,0.15,,,0.2681987957412189,,-0.7252934044421501
2020-11-02,1.0009683665281084,0.5538197106320142,0.85,-1.5140906810882102,-0.051938448812894354,-0.08817854242184497,1.0,1.0160350857866647,0.0,-0.4132687682087311,-1.5186845793667487,0.062095571996989375,-0.041760354275378185,-0.22375577419899526,0.68,,0.0,0.08897851058526937,0.15,,,0.47107108872723064,,-0.0330567313705775
2020-11-03,0.9630552825234566,0.5445381748599075,0.85,-1.5236778999926006,-0.06629039276929312,-0.14323374239790693,1.0,1.0079863087789558,0.0,-0.4802124094907668,-1.5534304048421075,0.056662424234029146,-0.04155600255415552,-0.24052412932144715,0.68,,0.0,0.04164358602102587,0.15,,,0.4697686891145647,,-0.3828764378992426
2020-11-04,0.9308639073128553,0.5512367549081714,0.85,-1.464663510929801,-0.043139397111746615,-0.18789880940552448,1.0,1.000272577075795,0.0,-0.5274597007644959,-1.3672732607063058,0.05596219175033208,-0.04531496400435263,-0.25602726751412475,0.68,,0.0,-0.056453324634574,0.1,,,0.6702876262285631,,-0.28579208164745035
2020-11-05,0.8939999729180086,0.5474974671301216,0.85,-1.4150340261408365,-0.05444297754532541,-0.22713085120377205,1.0,0.9928335081846033,0.0,-0.5879566257015494,-1.393554272066082,0.05377671847942164,-0.04879874286229989,-0.2694080212908061,0.68,,0.0,-0.05586759960371881,0.1,,,0.46664033568702423,,-0.4210706407992756
2020-11-06,0.852316437066824,0.5416239048138985,0.85,-1.365273972405873,-0.05799293421383303,-0.2642928942695224,1.0,0.9856702819758392,0.0,-0.650207289808082,-1.394293746490297,0.04795117529656177,-0.05253596877791658,-0.28227841958523875,0.68,,0.0,-0.08599917056327895,0.1,,,0.36681825980007554,,-0.5747186424086413
2020-11-09,0.8326835253345894,0.554975803369104,0.85,-1.2157767243148843,-0.009337282698510765,-0.2882119408158834,1.0,0.9787852617384922,0.0,-0.653621711745014,-0.8779543310021933,0.056477861910422276,-0.0508346283844764,-0.28986585253281755,0.68,,0.0,-0.15632266383981014,0.05,,,0.8659279876793411,,-0.12073871492514071
2020-11-10,0.8134972601139289,0.5691226932687803,0.85,-1.0919986859889244,0.026227695814029294,-0.3043603640730538,1.0,0.9720813801369894,0.0,-0.6524809010946098,-0.4944896352322116,0.0563220069463827,-0.05786114517725708,-0.29779487518073694,0.68,,0.0,-0.18867168869866677,0.05,,,0.8604629150974957,,0.13875047959171707
2020-11-11,0.789257267798636,0.58536557333263,0.85,-0.9724244586832687,0.0667320886675974,-0.32087546198300004,1.0,0.9655290746702956,0.0,-0.6157743600440455,0.1951179503770038,0.04723365860334459,-0.06096277903207209,-0.3064019147896515,0.68,,0.0,-0.32605244671669137,0.0,,,0.7546119167316805,,-1.2300279788661441
2020-11-12,0.7707701521327516,0.6069621678721664,0.85,-0.8294581883347676,0.12413014574101253,-0.3338186011225977,1.0,0.959114803969775,0.0,-0.5571666866049287,0.32981120764539895,0.03512949702939392,-0.06566642079255323,-0.31694261638315235,0.68,,0.0,-0.31378933535808756,0.0,,,0.9442413881457329,,-0.30907987134051496
2020-11-13,0.7633867963057277,0.6160326789414649,0.85,-0.6710659732930265,0.19646668862465166,-0.34137963156254253,2.0,0.9528057191757305,0.0,-0.5187473306020295,0.21287791943263262,0.023975047556513383,-0.06618800244101558,-0.3270925926998618,0.68,,0.0,-0.32035371856477196,0.0,,,1.0301604161532754,,-0.2225419069460582
2020-11-16,0.7454778262849879,0.6227417734819614,0.85,-0.5778490986223361,0.21980822695969582,-0.3567270507991799,2.0,0.9465664082120124,0.0,-0.46036965361399645,0.12919548096085687,0.016319042012007547,-0.06948096687378304,-0.3379253684382716,0.68,,0.0,-0.3458524494156119,0.0,,,0.6335187556962094,,-0.29900521287546705
2020-11-17,0.7546608836562958,0.6179558072239315,0.85,-0.445334954287144,0.28735130323616154,-0.36499803375633755,2.0,0.9404365268583119,0.0,-0.3918338321052985,0.41250442640341506,0.015380933688303828,-0.05700463571284392,-0.3474802683857963,0.68,,0.0,-0.38467729782954757,0.0,,,0.9113845153110156,,-0.8711198905312845
2020-11-18,0.7636907586701625,0.6136610493434218,0.85,-0.2842771674797354,0.35466313248480136,-0.359567656556668,2.0,0.9343605385917307,0.0,-0.2929770350221414,0.8133539981144216,0.011897276286352714,-0.04904390294722568,-0.355179890578162,0.68,,0.0,-0.3602087604301851,0.0,,,0.8977796401841869,,-0.13392968037239492
2020-11-19,0.7615643222475316,0.6171190218005131,0.85,-0.1456424536933475,0.42901032297051883,-0.3459127919606854,2.0,0.9282727217368514,0.0,-0.1957889323490804,0.793439570217995,0.027197761722798433,-0.02506058973615483,-0.38377538913928516,0.7,,0.0,-0.3527025199010083,0.0,,,1.1612633149361524,,-0.858543321375963
2020-11-20,0.7594473715471726,0.6205427565407957,0.85,-0.03183649500994615,0.497478737426967,-0.33027765917532353,2.0,0.9221482560168728,0.0,-0.10020847582339405,1.0209698924324297,0.047840412757183516,0.006767525287228211,-0.4110029482550068,0.72,,0.0,-0.32860989867592505,0.0,,,1.1406342503335385,,-0.01932790311558367
2020-11-23,0.7732257798319722,0.6051927442777565,0.85,0.11783769985653868,0.5618384067252588,-0.3015508344250937,2.0,0.9159951282039426,0.0,-0.0008082971136287199,0.8846710457803141,0.0759879945314367,0.03676991009951655,-0.43521178413004696,0.74,,0.0,-0.3112645286661444,0.0,,,1.1194578121060248,,0.14518253997424121
2020-11-24,0.7974576999404996,0.5877952926970589,0.85,0.27351557931655335,0.5946571449828932,-0.26058946067652367,1.0,0.9097384696161488,0.0,0.09000012047067718,0.7912199556682762,0.11158104498668012,0.061501049691047825,-0.45726857646600794,0.76,,0.0,-0.3024031525258935,0.0,,,1.0978455062968508,,0.31577085420749523
2020-11-25,0.8642996884082305,0.6248019523745472,0.9,0.4596396381432447,0.6101248307974948,-0.1934549622712144,1.0,0.9033222396672649,0.0,0.21252444673038093,0.9561866473626693,0.14085700686316288,0.07300635390905728,-0.47848894575618983,0.78,,0.0,-0.27463574285357756,0.0,,,1.0766876500946025,,0.6818372744403449
2020-11-26,0.9250109874646129,0.6450209611874511,0.95,0.6040899291315348,0.6246368373133884,-0.10948709319614343,1.0,0.8966574760658809,0.0,0.32528967332312175,0.8322725489384051,0.17978611001341693,0.08764538903960423,-0.5006964737488335,0.8,,0.0,-0.2824570692206295,0.0,,,1.14174313655448,,-0.4435601137105003
2020-11-27,0.9796441575730117,0.6657818742030568,1.0,0.7284417362075836,0.6519536201608497,-0.018011296363968067,1.0,0.8897296068341897,0.0,0.44653046743891256,1.002977518026672,0.21722693707430715,0.10412260437547637,-0.5229415943789788,0.82,,0.0,-0.2753268047644494,0.0,,,1.1184717987502257,,-0.582688115318549
2020-11-30,1.0229705919915792,0.6756330190599447,1.0,0.7825905551208293,0.6580204776504796,0.06611092892992002,1.0,0.8825105297661858,0.0,0.5626620724833827,0.999362430454314,0.2446444836002894,0.11265068643182778,-0.5462683176810904,0.84,,0.0,-0.2843350755285147,0.0,,,1.0956761854303088,,-0.2132221466518839
2020-12-01,1.0656910722979114,0.6925865962893382,1.0,0.8107818890644594,0.6711816889806457,0.14240720192645215,1.0,0.8750108903891674,0.0,0.6661941820057784,0.7299648929216851,0.27839786920737253,0.12588536980358397,-0.5693142104456733,0.86,,0.0,-0.28771096739517105,0.0,,,1.072831639020725,,-0.4503942752323685
2020-12-02,1.0970877822929486,0.6983385103255315,1.0,0.8067110277497919,0.6937151789387632,0.20927172778022246,1.0,0.8672274342837054,0.0,0.7460571843902686,0.46893560423641456,0.3160843231613496,0.13859963507283626,-0.5950177445922384,0.88,,0.0,-0.2778566336756309,0.0,,,1.0504686156095333,,-0.08870540725664787
2020-12-03,1.1386904188716582,0.7291645195539653,1.0,0.8623275763616323,0.7357182703674291,0.27369578007647494,1.0,0.8591491653973626,0.0,0.8387893543592619,0.7022607614503179,0.35534656492354183,0.13859963507283626,-0.619195788190265,0.9,,0.0,-0.248428131694396,0.0,,,1.0273345384086872,,0.16749939882542225
2020-12-04,1.1850164261595588,0.7907689596930445,1.0,0.8828828042934389,0.7538175889418867,0.3338822631948415,1.0,0.8506891931653232,0.0,0.9252408785134782,0.5435491230007268,0.39190255992325745,0.13859963507283626,-0.642758024835413,0.92,,0.0,-0.25379084065071356,0.0,,,1.0027984102698142,,-0.6819728215349921
2020-12-07,1.2036640570060517,0.7974290487499875,1.0,0.8686642372222017,0.7940030277918356,0.3813425568308834,1.0,0.8418405085155068,0.0,0.9975182552062039,0.7621903603119996,0.42403450407059035,0.13859963507283626,-0.6638744769940034,0.94,,0.0,-0.2662487396803688,0.0,,,0.9782190750438233,,-0.3698966955182453
2020-12-08,1.2217843441773133,0.8064349442864515,1.0,0.8611513882576132,0.8268458537477845,0.42059434102724264,1.0,0.8326336700736281,0.0,1.0388666429961975,0.5107500332216044,0.47117511212333374,0.13859963507283626,-0.6828382662455232,0.96,,0.0,-0.2960156321144483,0.0,,,0.9534576480038273,,-0.4565873690898733
2020-12-09,1.244868012360266,0.8297284645990657,1.0,0.8647616524430948,0.8752480467946777,0.457092539788366,1.0,0.8230666881392615,0.0,1.068521527944233,0.9543825777790698,0.5179255479179723,0.13859963507283626,-0.7011776538510008,0.98,,0.0,-0.2747940702660489,0.0,,,0.9285330273958152,,-0.8055967418981564
2020-12-10,1.256691562040524,0.8363805579512638,1.0,0.78945987831394,0.8676275531942327,0.47589058938316775,1.0,0.8131035039059513,0.0,1.055573525222075,0.23530844765823755,0.54581174284434,0.13418662372395007,-0.7182721066396263,1.0,,0.0,-0.27563036070472113,0.0,,,0.9032422371864802,,-0.3258056801139587
2020-12-11,1.2628206087090619,0.8384362232440468,1.0,0.7360816758231912,0.895885455493015,0.4873184442171231,0.0,0.8028073405708136,0.0,1.0469388015766907,0.2010919717139113,0.5838470728963228,0.12237222070887996,-0.7339676302299236,1.0,,0.0,-0.3083355550459391,0.0,,,0.8789211586150446,,-0.876645793770419
2020-12-14,1.2902219238533932,0.9036929378440907,1.0,0.7816689428147177,0.9657081470392933,0.5123584085866435,0.0,0.792180071712136,0.0,1.0748766402611296,0.8329167102220671,0.6224161392240941,0.1085666762980263,-0.7493586735794743,1.0,,0.0,-0.33043646708190233,0.0,,,0.8544042445992274,,-0.7410234535947308
2020-12-15,1.301163906612555,0.9246859411728794,1.0,0.748943205997505,1.0081857569330122,0.5263663795247137,0.0,0.781097591008096,0.0,1.0766135083482191,0.578770876435521,0.6426091520608521,0.09146848606847294,-0.7656620249711119,1.0,,0.0,-0.30340094496183057,0.0,,,0.828270521453703,,-0.3304094481298486
2020-12-16,1.311937901716623,0.9324480717937486,1.0,0.7358227427451635,1.0686790599858496,0.5353735539550348,0.0,0.7696023585319609,0.0,1.0600141079991745,0.609290963147881,0.6791259202944191,0.07875058294281521,-0.7809299656177173,1.0,,0.0,-0.3036407919851466,0.0,,,0.8021240366428127,,-0.1387266208387159
2020-12-17,1.3066203091605597,0.9324480717937486,1.0,0.6734737147532606,1.0898300045478257,0.5279702424983457,0.0,0.757678156057181,0.0,1.0155296091859194,0.03894863747899324,0.7016879896945615,0.0627455805027777,-0.7968473676608455,1.0,,0.0,-0.28213999871302214,0.0,,,0.7756482802128931,,-0.42852745593347435
2020-12-18,1.3013544193439839,0.9324480717937486,1.0,0.6407340189825589,1.1327139161491393,0.5221609179775192,0.0,0.7453569339538262,0.0,0.9722544928676387,0.2907364417837409,0.7314813207503392,0.05396472198953103,-0.8124325422615771,1.0,,0.0,-0.2886054053653322,0.0,,,0.7494155093182601,,-0.14863603616178417
2020-12-21,1.2961744871065028,0.9324480717937486,1.0,0.6323934791433745,1.1943427981060994,0.5249250945166022,0.0,0.7325974818405372,0.0,0.9484104367214243,0.5373015419903306,0.7714850399477836,0.05323493913929793,-0.8263772109091307,1.0,,0.0,-0.280434237607023,0.0,,,0.7223451258718078,,0.30860589514042447
2020-12-22,1.2910666277366825,0.9324480717937486,1.0,0.6573883083409361,1.2542665466964666,0.534134934333337,0.0,0.7193559715203919,0.0,0.9310527952302831,0.5598836131605681,0.8156508811428367,0.054132381635162256,-0.8402448631357662,1.0,,0.0,-0.27284738262897534,0.0,,,0.6937780424345475,,0.4675079537684481
2020-12-23,1.2860114259307887,0.9324480717937486,1.0,0.6709991436494048,1.2848595785335444,0.5376177239864365,0.0,0.7055723164875846,0.0,0.8944430762030334,0.32900056081337464,0.8345967579590744,0.03691423729497441,-0.852166784978883,1.0,,0.0,-0.26246484259907304,0.0,,,0.6640869418150112,,0.8894880750383918
2020-12-24,1.270543287742864,0.9278334130451984,1.0,0.6202632485050881,1.252849909239253,0.5218239428754641,0.0,0.6912318643500903,0.0,0.8628966337320628,0.2913993378573683,0.8658180008045872,0.029075150027443753,-0.8628731221590171,1.0,,0.0,-0.2568123376116103,0.0,,,0.5780837377566912,,-0.330510013961246
2020-12-25,1.2604915232904237,0.9290491759330007,1.0,0.6096047141070777,1.2723384104384603,0.5025649875246194,0.0,0.6764100940993764,0.0,0.8239548196997836,0.29481721160548596,0.9089697238367072,0.0300657398978377,-0.8723600995897628,1.0,,0.0,-0.2066957006603256,0.0,,,0.6070699265041808,,0.4196446237071449
2020-12-28,1.2452767453772022,0.9202119773066125,1.0,0.6154346328166396,1.2850162073699152,0.48741074079629654,0.0,0.6610864260819997,0.0,0.7838942111389882,0.25208008845818586,0.9549567225201447,0.023666167544068153,-0.8813282045233699,1.0,,0.0,-0.16081353086288586,0.0,,,0.5265406916688458,,0.7044212492969115
2020-12-29,1.235433123738164,0.9220050257222433,1.0,0.6274376308726535,1.3107611728757567,0.4710593373741295,0.0,0.6452311337560145,0.0,0.7591181503184713,0.2707848628648074,0.9878239230759169,0.021791132588811612,-0.8876617492204487,1.0,,0.0,-0.1397928119750905,0.0,,,0.5502234955716448,,-0.029979897476461154
2020-12-30,1.225629388483004,0.9238509154372316,1.0,0.6100666198593481,1.317563625539017,0.44623951313833815,0.0,0.6288043301624038,0.0,0.7296973665087487,-0.10351935226144421,1.028488162745237,0.0201903914306061,-0.8934209266539898,1.0,,0.0,-0.17873777974848953,0.0,,,0.5204347664694552,,-0.8676047627246285
2020-12-31,1.215862563715752,0.9257660410787704,1.0,0.5951166006948911,1.3464896691323622,0.41973985976845035,0.0,0.6118200856186873,0.0,0.7151569327061134,0.4134437102533807,1.052728733908168,0.015541155762678146,-0.8962314569276226,1.0,,0.0,-0.17968973919020031,0.0,,,0.4904741248454353,,0.1484602099912065
2021-01-04,1.2061873709750837,0.9277262974716819,1.0,0.6430197455396649,1.410479046428319,0.40466594796529953,0.0,0.5942806950173021,0.0,0.7033142978564527,0.3003995396470277,1.0685312038762476,0.005833900118746277,-0.8991146741406056,1.0,,0.0,-0.11314937025006241,0.0,,,0.46018366089178914,,0.6488345572677662
2021-01-05,1.1966180383227873,0.9296843796003345,1.0,0.6566917542240834,1.463606795089273,0.40190860167554054,0.0,0.5760622285432222,0.0,0.6775684930961341,0.23507467350762012,1.1123213097948084,0.00948694005653613,-0.8995366116821654,1.0,,0.0,-0.0905899047581088,0.0,,,0.42747226476769024,,0.0812926143208267
2021-01-06,1.1871381137554733,0.9316607626264438,1.0,0.6565430965125049,1.4952914189703361,0.40864720621446154,0.0,0.5571176115015161,0.0,0.6739452744252888,0.41628428223364,1.1670335036421886,0.02126129626364356,-0.8989774907312534,1.0,,0.0,-0.0827393696019514,0.0,,,0.39356701224857804,,-0.2995766659667253
2021-01-07,1.1777464261254076,0.9324480717937486,1.0,0.6549915294931928,1.5109802504404513,0.4227120473181022,0.0,0.5373874483330926,0.0,0.6567619513778833,0.581780932410257,1.23493759247527,0.03459361116985342,-0.8977987493692132,1.0,,0.0,-0.04146134456485893,0.0,,,0.3584800343131331,,0.01996375884369296
2021-01-08,1.1684326457504501,0.9324480717937486,1.0,0.7181197642186182,1.4992190869322983,0.4556207856835301,0.0,0.5168355933727887,0.0,0.7011314631597932,1.056929719556412,1.3035471862436545,0.0359958232828049,-0.8960714942100416,1.0,,0.0,0.008748164973330641,0.0,,,0.32230013019189957,,0.6783845106498326
2021-01-11,1.1592106268757023,0.9324480717937486,1.0,0.7453413739625808,1.4876049135506706,0.4965568694346918,0.0,0.49530270544015886,0.0,0.7373617884764021,0.8289841141080141,1.3666454681141673,0.04296762785699923,-0.8897190547131817,1.0,,0.0,0.13000247471236873,0.05,,,0.2840226884243475,,1.5484404010103425
2021-01-12,1.1500830434084384,0.9324480717937486,1.0,0.7250595832226767,1.476049363658235,0.5301392567434574,0.0,0.47270795840339774,0.0,0.7448343695511855,0.865574608614145,1.429424929171551,0.053281116166100345,-0.8826749189885406,1.0,,0.0,0.1819724301041457,0.05,,,0.2441380016371589,,0.29837565424080914
2021-01-13,1.1410336477364984,0.9324480717937486,1.0,0.6929981518308767,1.4646230669419864,0.5592807325278897,0.0,0.4490473061630051,0.0,0.7551960567457944,0.6469351963515906,1.4946127934897373,0.05531272772651644,-0.8750156499078123,1.0,,0.0,0.17841545243869444,0.05,,,0.20296084811213883,,-0.4015490014388739
2021-01-14,1.1320799365734817,0.9324480717937486,1.0,0.6326971152275291,1.4532912045942967,0.5781562595991463,0.0,0.42427605578764654,0.0,0.7693587022807786,0.7290415816622088,1.5586945865300157,0.06209507897603458,-0.8640725373222292,1.0,,0.0,0.21296238015636176,0.05,,,0.1612607573485336,,0.5522119335146302
2021-01-15,1.123175666023854,0.9324480717937486,1.0,0.6210713708183973,1.4420951666024353,0.59985643866383,0.0,0.3983893000430831,0.0,0.8157511656856187,0.756677070428158,1.6258610845806616,0.058266547783277674,-0.8588646249966587,1.0,,0.0,0.2754315307640748,0.05,,,0.11908058704388774,,0.8208555562207874
2021-01-18,1.1143740361942487,0.9324480717937486,1.0,0.5743446966450513,1.4310051307083138,0.6031015611351425,0.0,0.3712953008601633,0.0,0.8267182333795307,0.27071838951440563,1.695837908977601,0.05854711983536744,-0.8556090061990501,1.0,,0.0,0.35730384620865874,0.1,,,0.075732838853429,,1.4888102727298935
2021-01-19,1.0746295043105436,0.8379606202766687,1.0,0.42090516045770726,1.4200109008418693,0.5386524616952684,1.0,0.34296766818343605,0.0,0.7714007616544548,-0.8202546338834216,1.7377532035044014,0.04926182574388351,-0.8540133873349302,1.0,,0.0,0.379500312821785,0.1,,,0.012587324058077982,,0.7525352274029501
2021-01-20,1.0507784136664344,0.8230735277107715,1.0,0.2562916114288586,1.4091043974431272,0.4354883905002289,1.0,0.313542999029517,0.0,0.7115950491325137,-0.8899843040075874,1.8070673018734535,0.05396140695842838,-0.8496479685416822,1.0,,0.0,0.3401201311052963,0.1,,,-0.007736951635287148,,-0.3200956805613256
2021-01-21,1.03237388071192,0.8193354495470502,1.0,0.19443644142067124,1.3981432241013207,0.3368920151560285,1.0,0.28309419877767283,0.0,0.6792102752229499,-0.5778014796511596,1.8819898468689837,0.044790559817704904,-0.8437664785664838,1.0,,0.0,0.31203963402044577,0.1,,,-0.04234149782858363,,0.32787813334138133
2021-01-22,1.0091535583704574,0.7969068861670041,1.0,0.1902984138566829,1.3869932093563961,0.25534756188568664,1.0,0.2515488949780628,0.0,0.6431652543141628,-0.6934895903370237,1.954254055381073,0.037601199398037355,-0.8369277134547957,1.0,,0.0,0.42927116459578396,0.15,,,-0.057636212144839244,,2.0141205975455176
2021-01-25,0.9704722834299785,0.7595611576216893,1.0,0.13059935110491921,1.375868809465155,0.16985933773006887,1.0,0.21878171973241395,0.0,0.6045824915538567,-0.7341651970696272,2.0139562635564228,0.03195390458616167,-0.8321553350063303,1.0,,0.0,0.5426234065316263,0.2,,,-0.05510647670259111,,2.6866894624239923
2021-01-26,0.9164162671827588,0.6741774018127318,1.0,0.020163236823649972,1.3224554652075167,0.05996654523843907,1.0,0.18477638423831394,0.0,0.5554973378853322,-0.989118223731391,2.0825098448471464,0.030851614493112113,-0.8263356249616035,1.0,,0.0,0.6512880515142916,0.25,,,0.004020224724080962,,2.8767006526828296
2021-01-27,0.8363823624998599,0.55957611659798,0.95,-0.16002429658158057,1.1712844980578032,-0.08775476555493003,1.0,0.14957520206540179,0.0,0.49550506601462746,-1.18669647477861,2.1243826128847796,0.014406425343233586,-0.8208732207794107,1.0,,0.0,0.7944690189708774,0.3,,,0.10142882538440244,,2.8336394516552543
2021-01-28,0.6941422146082018,0.2887906813041379,0.9,-0.38510133517612183,0.9576505674942126,-0.24118702355337787,1.0,0.11329923643266941,0.0,0.4274133815466478,-1.7160501940059611,2.1426393721904415,-0.017944493009735902,-0.8167698291422475,1.0,,0.0,0.7494124324754301,0.3,,,0.46114666160548706,,-1.7684433979682688
2021-01-29,0.57846763565595,0.18417945456018725,0.85,-0.5549665311949546,0.8203022473000124,-0.3936516811748783,1.0,0.07610002040741029,0.0,0.33778561198709456,-1.617541642904614,2.155244130090269,-0.049591255902880584,-0.8011079489202574,1.0,,0.0,0.8567226384601814,0.35,,,0.3677927462925211,,2.294664329686228
2021-02-01,0.4478690371112357,0.07507312385692921,0.8,-0.8021924340622862,0.6408950015928853,-0.5531282212506647,1.0,0.03799674928356281,0.0,0.24308515998837094,-1.823227776352566,2.151844367390376,-0.09061180307244872,-0.7861748364735504,1.0,,0.0,0.9365663278163658,0.4,,,0.5255441650939475,,2.2457083443914585
2021-02-02,0.3489858587807577,0.04542349019100789,0.75,-0.971800396710463,0.5260903347003202,-0.721657489441845,1.0,-0.0007920160457560582,0.0,0.1556586160723048,-1.730319162539672,2.1489696122482167,-0.10954379609623216,-0.7728477028938783,1.0,,0.0,1.0286367403532926,0.45,,,0.33805218157392575,,1.9227008650593593
2021-02-03,0.3025187610785808,0.061983810570520714,0.75,-1.0421474552173464,0.4876238826957615,-0.8957154745072016,1.0,-0.04021298128828212,0.0,0.05935694407431025,-1.7152455290836668,2.1517299569104713,-0.11759062588548995,-0.7592571225533724,1.0,,0.0,1.0639369836367163,0.45,,,-0.0787774376397958,,0.4064281997017527
2021-02-04,0.25624946809332994,0.08085860988320959,0.75,-1.12495267228603,0.45050934493652034,-1.0397956361237144,1.0,-0.08025688613328247,0.0,-0.05610172804399305,-1.9159974501983772,2.162621197117543,-0.11873470050610835,-0.7457708259784033,1.0,,0.0,1.0788851133246409,0.45,,,-0.08395992877743394,,0.31892635260218233
2021-02-05,0.21542251941418003,0.10211698675643943,0.75,-1.1644205405048016,0.46152265605545195,-1.1517504264617313,1.0,-0.12083183713441237,0.0,-0.20149604627280615,-1.994488602312615,2.16907345390876,-0.11507208872576231,-0.7301174902777743,1.0,,0.0,1.034306723670051,0.45,,,-0.14312760063332158,,-0.21318328244196483
2021-02-08,0.12236522615714937,0.10051833075814243,0.7,-1.2718426816819273,0.4042755584151212,-1.2689930147938355,1.0,-0.1618631447883423,0.0,-0.34593387129186165,-2.157088903670793,2.162496675221513,-0.11855530237888005,-0.7174352270134184,1.0,,0.0,0.9700575286378553,0.4,,,0.433826580222122,,0.2634565003664268
2021-02-09,0.07168644350684984,0.12898939960494815,0.7,-1.305306482567567,0.41818672954979,-1.363626285190799,1.0,-0.20316027825920352,0.0,-0.47801938482072737,-1.8198674001293014,2.181247210299308,-0.106909685192135,-0.7051616507031748,1.0,,0.0,0.9368449007141241,0.4,,,-0.037562902963632835,,-0.3658769042338138
2021-02-17,0.05275175888329751,0.14787006524370727,0.7,-1.2404035437512166,0.49309587979758635,-1.4072893917902296,2.0,-0.24470856027230187,0.0,-0.5662287845472123,-1.1143759416884949,2.1906879743852126,-0.09199548655501853,-0.6926313785327122,1.0,,0.0,0.9256634906569079,0.4,,,-0.4415834948681059,,-0.6251772025831956
2021-02-18,0.03919251910996572,0.16270382126085436,0.7,-1.1592932038375214,0.5763495488962909,-1.4081222853590976,2.0,-0.28656000053367,0.0,-0.6191055442271215,-0.29663386157880245,2.2029690901500434,-0.07177428564480039,-0.6746752972809545,1.0,,0.0,0.8960529998668785,0.4,,,-0.5398347774610214,,-0.03999788228596077
2021-02-19,0.02574827571942389,0.17778399069318207,0.7,-1.108784692771407,0.6360736566436886,-1.3847829597273429,2.0,-0.32873802988925604,0.0,-0.6879892277170143,-0.5487364171147711,2.2154524779689195,-0.04834519085895714,-0.6591975933841921,1.0,,0.0,0.8145560719501732,0.4,,,-0.5712271182901828,,-0.8090830021133188
2021-02-22,0.012375596039215836,0.19317943788354353,0.7,-1.062837576685094,0.6785629054870019,-1.3409022752739126,2.0,-0.3711848408268394,0.0,-0.7058310069830481,0.013564447012061054,2.230289871552398,-0.02547248284777892,-0.6452417380339458,1.0,,0.0,0.7122620270798034,0.35,,,-0.6025962279996717,,-0.5570706246775031
2021-02-23,0.024857569316011918,0.18473017923780477,0.7,-0.9458243296673652,0.706957496634828,-1.237068187553197,1.0,-0.41386661995711327,0.0,-0.6575517894735535,0.26106773359263485,2.2461463633209657,-0.01578573022755536,-0.6347617362232971,1.0,,0.0,0.6232098557227292,0.35,,,-0.5475116347982452,,-1.0285081997385312
2021-02-24,0.011084404017962656,0.1948942598265223,0.7,-0.8795185685070358,0.6693551430876373,-1.110737463908032,1.0,-0.45692730851626734,0.0,-0.6225784096292271,-0.0550279841749825,2.244207671330592,0.0012137067546214735,-0.6265983916154313,1.0,,0.0,0.5644040740662939,0.35,,,-0.3908165981036224,,-1.4962113136900317
2021-02-25,-0.007940283198937876,0.21075103880640278,0.7,-0.8844352423905475,0.6308384878985164,-0.9893053888053668,1.0,-0.5003804224355416,0.0,-0.573214071539281,0.5596457887242358,2.2430593396504652,0.021060672735828463,-0.6201640990026438,1.0,,0.0,0.4758481996561791,0.35,,,-0.40736004639141454,,-1.4432393548609144
2021-02-26,-0.016723172531351523,0.21706657534087392,0.7,-0.8812785403450911,0.593575654516293,-0.8740687983840841,1.0,-0.5441939935999167,0.0,-0.5361908323301463,0.21693790343821423,2.271025105624434,0.05303057444037635,-0.6157786989634214,1.0,,0.0,0.3248364602158479,0.3,,,-0.4238911308958143,,-1.0061141912611078
2021-03-01,-0.004503898048713406,0.20836833212585992,0.7,-0.8234149721086278,0.6120462178742277,-0.7496589274939568,1.0,-0.5883901237557341,0.0,-0.4663343552733402,0.8395784633503102,2.289272648197593,0.07756608045108282,-0.6129496391896622,1.0,,0.0,0.16137209971453925,0.25,,,-0.6580388082859902,,-0.5825977476021797
2021-03-02,0.028490916487733435,0.19548743061963691,0.7,-0.7192429159499732,0.6210184876598657,-0.600491451342052,1.0,-0.6330836093807852,0.0,-0.3944642759974958,0.6409781943975221,2.2942574933771724,0.10074190807913377,-0.6096738759591221,1.0,,0.0,-0.026286830332838396,0.2,,,-0.6869427778979356,,-0.8754644519973371
2021-03-03,0.08234465316328204,0.1928134428612085,0.75,-0.5548831490055305,0.6369844629924148,-0.4159826800833784,1.0,-0.678411428229636,0.0,-0.3344882550722356,0.22227725432829254,2.311996043748222,0.1134506835931964,-0.6034635296332391,1.0,,0.0,-0.18404589743350577,0.15,,,-0.7169233290050665,,-0.32154189035809333
2021-03-04,0.17181594281721738,0.3099224521740426,0.8,-0.38387226868097696,0.5940424547472193,-0.23873583283546607,1.0,-0.724601430903102,0.0,-0.2481705442096293,0.23084402694411482,2.3127371659168516,0.10156911147866544,-0.5970406837856601,1.0,,0.0,-0.11474113640664081,0.15,,,-0.10865578085658105,,-0.38264127209627247
2021-03-05,0.2456919365277881,0.38707807797497507,0.85,-0.28113870974550004,0.5583243391553048,-0.07601671453918082,1.0,-0.7718920915945432,0.0,-0.1739300201630179,0.10110759759790028,2.338068039443612,0.10081940698795169,-0.5900935362635071,1.0,,0.0,-0.25876291233598075,0.1,,,-0.37893650605462803,,-0.5857711889005714
2021-03-08,0.32388492109242245,0.5381713196014438,0.9,-0.10849917906510474,0.5541697326785515,0.0720882591037739,1.0,-0.8204223565932495,0.0,-0.06077527381043586,0.6706511049264448,2.344663192379776,0.08031919021841442,-0.5859824691587957,1.0,,0.0,-0.3848286679864944,0.05,,,-0.10633225099695078,,-0.27560676861881467
2021-03-09,0.370556325521189,0.6248813887312354,0.95,-0.015717344487355452,0.5327637703727545,0.20216862231709412,2.0,-0.8705275669010877,0.0,0.03470034521727781,0.4050207860060265,2.342437955615506,0.06123275298903605,-0.5855632036659608,1.0,,0.0,-0.4740586274654108,0.0,,,-0.10516920956649853,,0.13810167548103233
2021-03-10,0.36490513183314044,0.6210510224702028,0.95,0.025227230739827414,0.5359793939227815,0.3238467820776392,2.0,-0.9223396482884979,0.0,0.11036625245141637,0.029318044776198704,2.3408812075940797,0.04865096010015055,-0.5858394233521032,1.0,,0.0,-0.5381749361820379,0.0,,,-0.10063660932878082,,-0.8758979746307892
2021-03-11,0.370092292239072,0.6230602755673013,0.95,0.08569444865200226,0.5621691031733982,0.41115394281022005,2.0,-0.975982065705046,0.0,0.18412025683312927,-0.20564097472908818,2.364366576642036,0.04258452834990468,-0.5874592408279008,1.0,,0.0,-0.6176067376321683,0.0,,,-0.43400784463855774,,-1.269709676400425
2021-03-12,0.37542399322159525,0.6236931494311528,0.95,0.07780649781087409,0.5652445849766605,0.4596931043243111,2.0,-1.0316898713737113,0.0,0.26564344470891993,-0.13168363511512426,2.3796468443647787,0.03558497943946758,-0.5900354492544531,1.0,,0.0,-0.6608731055702993,0.0,,,-0.6256278315339487,,-1.078510641204587
2021-03-15,0.427534201126492,0.7362565532149974,1.0,0.13885014530158363,0.57275895996115,0.5059647430731364,2.0,-1.0895733877972522,0.0,0.34069153384661566,-0.4344842291233606,2.3737189740010027,0.011316596743847976,-0.5933888062664849,1.0,,0.0,-0.691943530723159,0.0,,,-0.4563394876490024,,-0.35795200269076555
2021-03-16,0.4317294131634294,0.7417552300861905,1.0,0.09912066382759388,0.5454751067343883,0.527381009591485,2.0,-1.1499715963533481,0.0,0.39669316741596095,-0.4865558841302464,2.369051796249426,0.0005050041567987399,-0.5962629029565915,1.0,,0.0,-0.7006587521379172,0.0,,,-0.2649209887179838,,-0.5401813325289766
2021-03-17,0.4098811782182462,0.7462236276239946,1.0,0.0031577806224850156,0.5207073611008581,0.5102969590915339,1.0,-1.2129198797933836,0.0,0.42660274684840493,-0.31651109006384637,2.3721359579070707,-0.0058344689413526276,-0.6017183644040203,1.0,,0.0,-0.6274052593269316,0.0,,,-0.47888262872428383,,0.8398926536365157
2021-03-18,0.4055321753682473,0.7523790839654297,1.0,-0.09023968285652735,0.5077312064350527,0.4687660481740535,2.0,-1.2783407677187082,0.0,0.44353630914401415,0.23359373113740614,2.38441101458199,-0.002614400293497891,-0.6073452187559555,1.0,,0.0,-0.6633763295340437,0.0,,,-1.3978714428534291,,-0.7594192864282039
2021-03-19,0.38970439699462467,0.7681060237808114,1.0,-0.17632180860199623,0.4782397761729714,0.4060336213979768,2.0,-1.3461977378978265,0.0,0.46930018135778334,0.15878752205056482,2.399219806527427,-0.000472871213463139,-0.6173599673946828,1.0,,0.0,-0.6097015144216706,0.0,,,-0.9720204834488474,,0.26441330013414266
2021-03-22,0.373863615983801,0.7857452425238431,1.0,-0.2610287410100275,0.43238355733002387,0.3302872255432438,3.0,-1.4163948809538598,0.0,0.4582524139175564,-0.011085792449411047,2.4099964597787786,-0.004585877988533678,-0.6271463278965252,1.0,,0.0,-0.5822990154932907,0.0,,,-1.001540833128914,,-0.009020646109903422
2021-03-23,0.3632652345603031,0.7959025774520034,1.0,-0.3829316319632894,0.32939001478487934,0.2388922275748259,3.0,-1.4887735253125034,0.0,0.4267079910289853,-0.16877116323586877,2.3936833410493694,-0.013578556290278404,-0.640566383251803,1.0,,0.0,-0.4950237182058677,0.0,,,-1.0287837655008811,,0.7169977460099276
2021-03-24,0.30981078635962966,0.701267021474923,0.95,-0.4980430837514747,0.16084248271002452,0.1324509513115085,3.0,-1.5629274767746701,0.0,0.39053700862356827,-0.5800372828984501,2.3718088296246727,-0.03005240325324203,-0.6558381965644141,1.0,,0.0,-0.35661735108839704,0.05,,,1.4621052276214197,,1.2719160286593807
2021-03-25,0.2560021417398359,0.6365261418221454,0.9,-0.6140800230025167,-0.013248822951510293,0.017198794362377055,3.0,-1.6383634845028865,0.0,0.32823247236991004,-0.48199350127028495,2.3366164519489696,-0.05235815066692623,-0.6697469670385674,1.0,,0.0,-0.2847607584786811,0.05,,,1.539243034994946,,-0.00610750266659441
2021-03-26,0.20786332177038974,0.5998327204941487,0.85,-0.7437777453945932,-0.2069305311269087,-0.09501068349899638,3.0,-1.7145802957190504,0.0,0.27643526183026274,-0.6056808550083312,2.3092930744370146,-0.055428769827313505,-0.6832413385221291,1.0,,0.0,-0.21534429640422886,0.05,,,1.3120749353572372,,0.38221505022793606
2021-03-29,0.16702599112934352,0.6050404759271752,0.85,-0.8522103726799601,-0.31741637345071677,-0.20074302083044238,3.0,-1.7909816579483657,0.0,0.19780789143870509,-0.5001927845470093,2.2863659173076876,-0.05330484228492478,-0.6961352043103994,1.0,,0.0,-0.1712985934569725,0.05,,,0.4405246346404683,,0.29831631134294795
2021-03-30,0.14452082704414745,0.6207746805264558,0.85,-0.9162407463887927,-0.38916618251626517,-0.2883815611935761,3.0,-1.8671429787781595,0.0,0.10871141608048522,-0.8915126905057479,2.265451066437501,-0.05377657788494264,-0.708683494068762,1.0,,0.0,-0.06106625978888554,0.1,,,-0.48834733234844285,,1.329182221364402
2021-03-31,0.1093164967760755,0.6360330294754922,0.85,-0.9790185709798688,-0.45431857767187367,-0.35283269263183137,3.0,-1.9426214780998374,0.0,0.034907739791889034,-0.990942654319767,2.248209311274718,-0.047890490250146654,-0.7205687362401547,1.0,,0.0,-0.03215597286501277,0.1,,,0.1906838250815981,,0.25666384811936227
2021-04-01,0.14515852347977273,0.6040511153262367,0.85,-0.9400685890895919,-0.4653276860305867,-0.36802128822434627,4.0,-2.0168589542026156,0.0,-0.023852103938696086,-0.6752077925442606,2.238155156681319,-0.04290858662417589,-0.7371732929886967,1.0,,0.0,0.10297106971693626,0.15,,,-2.164790569336706,,2.319899579542708
2021-04-02,0.17031963669402045,0.5784573974412216,0.85,-0.8894793003987816,-0.45310424163162605,-0.3466751885085861,4.0,-2.0894848352345137,0.0,-0.06104192006423805,-0.3744550324674703,2.2276447089685005,-0.028638852554169914,-0.7431596905479155,1.0,,0.0,0.08585919406414519,0.15,,,-2.1805293001167163,,-0.928008701956393
2021-04-05,0.20633343578192465,0.5563674044574632,0.85,-0.8888645632467251,-0.4664737502674598,-0.3001121436621376,4.0,-2.1600553720678737,0.0,-0.12281534671147107,-0.28483854007220255,2.2215244265083736,-0.019220705093536985,-0.7461309638971068,1.0,,0.0,0.056363955582490924,0.15,,,-2.190469166365932,,-0.8655115382518999
2021-04-06,0.23581947056920588,0.5460545963507258,0.85,-0.8940872116607818,-0.5114184301162739,-0.23266585007081417,3.0,-2.2280210732287657,0.0,-0.16613060971786756,-0.17689464039916747,2.239921146739536,-0.007863696775801576,-0.7502177027526933,1.0,,0.0,0.034771854123511824,0.15,,,-1.8324716771575522,,-0.2937403536985497
2021-04-07,0.26543136715510973,0.5382973064797911,0.85,-0.8944162280828313,-0.5196751053919141,-0.15814803864135024,3.0,-2.2928931604360114,0.0,-0.17115915516920627,0.21011732237651015,2.240975430358497,0.004067963313263211,-0.7566745494664099,1.0,,0.0,0.10990575729607141,0.15,,,-1.8286323283656838,,0.626780088820403
2021-04-08,0.29101444539540394,0.5234921961391995,0.85,-0.9383990675437538,-0.5594331082618137,-0.09699732720903045,3.0,-2.3543151265774753,0.0,-0.2089630463752778,-0.6721069435388587,2.231345639524787,0.014071487549898962,-0.7633026021122779,1.0,,0.0,0.14645909526034276,0.15,,,-2.19913675713076,,-0.5386429171149987
2021-04-09,0.31125055955656344,0.5109250821898046,0.85,-0.9611085306319709,-0.6038511395232192,-0.048765481033129054,3.0,-2.411673672131917,0.0,-0.22382650254724093,-0.1427956170802992,2.224348145562148,0.023948860631057254,-0.7646172711184512,1.0,,0.0,0.18758055777720667,0.15,,,-2.190042228704394,,-0.2560813908673087
2021-04-12,0.3302486523298665,0.505432189779653,0.85,-0.9656425912517724,-0.618160500152002,-0.0021955516974319854,3.0,-2.464548696993879,0.0,-0.2374500644533164,-0.41762361363261463,2.233765046774347,0.03202462006721725,-0.7635673686551465,1.0,,0.0,0.24591782089631803,0.15,,,-1.7914901241562016,,0.8087932596914617
2021-04-13,0.3338202437990031,0.5065716031490982,0.85,-0.9892891111027126,-0.7145293412570857,0.03432186691128695,3.0,-2.5126661331844526,0.0,-0.25104541671174907,-0.4702701140323503,2.2330530176078724,0.037251975369174566,-0.7619334108075203,1.0,,0.0,0.3043451094671123,0.15,,,-0.6038283646070519,,0.6283644388869086
2021-04-14,0.33885375381494615,0.5069361603815137,0.85,-0.9927709431772489,-0.7798683818955243,0.060503405235699706,3.0,-2.5556201448359097,0.0,-0.23860060272397088,0.23071282965481688,2.2534090442339583,0.04800714178280225,-0.7633366401890338,1.0,,0.0,0.33755743043092956,0.2,,,-0.9731674464726771,,1.5041390729128616
2021-04-15,0.2995196755538217,0.5059948236239374,0.85,-1.04727699796255,-0.9103336007715357,0.05824197367450816,3.0,-2.5932814624942133,0.0,-0.2844649532099256,-0.35930383677650424,2.29526867295666,0.06417362806332418,-0.7677643814212541,1.0,,0.0,0.47285231320965504,0.25,,,0.2344785522567686,,1.9464783691463061
2021-04-16,0.24989113509633776,0.4746976742578942,0.85,-1.1312594357395245,-1.1165243217382133,0.03458946536185873,3.0,-2.625375741212902,0.0,-0.3412331484972735,-0.63179304463339,2.331511421577682,0.07680812599364778,-0.7771953547069136,1.0,,0.0,0.4969373634809955,0.25,,,1.4380974042821633,,0.7461143055609504
2021-04-19,0.21470714549211717,0.46597251087344416,0.85,-1.147967649583162,-1.238184878272597,0.01599131745880479,2.0,-2.6516582897970244,0.0,-0.393241421227367,-0.6866679207105943,2.379322900936547,0.08353737566604583,-0.7888117940936331,1.0,,0.0,0.6358514397142911,0.3,,,0.6611293878555033,,2.7692608785560093
2021-04-20,0.1722044588084684,0.4522864796342787,0.85,-1.1310225869706938,-1.3867374775932169,0.012593346450388506,2.0,-2.6722881781913927,0.0,-0.44091606892059054,-0.7380499040205416,2.4195482993825363,0.08276531477912971,-0.8017149221750544,1.0,,0.0,0.6640859559361003,0.35,,,1.0654180994467837,,1.28168807044611
2021-04-22,0.14574265769608313,0.40152253579818675,0.85,-1.1064305119158122,-1.615208664396062,0.006987460549805558,2.0,-2.6875200072381995,0.0,-0.4745549664398351,-0.8431942389577987,2.4394361908518625,0.06971003691965522,-0.8178309597613181,1.0,,0.0,0.6341491403947487,0.3,,,3.0588074567905363,,0.6731797178323499
2021-04-23,0.14905043905469678,0.40588998078977134,0.9,-1.0129671350262552,-1.7246541838436578,0.01631540739273718,2.0,-2.697569039261407,0.0,-0.5039623974472645,-0.6477038259183027,2.4661744930573173,0.05479652952683724,-0.833155967982499,1.0,,0.0,0.6675276517478005,0.3,,,1.4925882093380218,,0.6614627243944411
2021-04-26,0.13885950277138973,0.3921138786244278,0.9,-0.9441916000762146,-1.8900657785663837,0.010139812511080547,2.0,-2.7029446383368523,0.0,-0.5459699891855927,-1.027619753000279,2.4762036104247254,0.03431050296180741,-0.8508463810775756,1.0,,0.0,0.7540737008661645,0.35,,,1.8990014740297776,,2.1131360325952175
2021-04-27,0.10297187807406279,0.3528307257608384,0.85,-0.9392094133497578,-2.0261169872200377,-0.016691481066476676,2.0,-2.7039481737865843,0.0,-0.5946944531975242,-1.059986984680866,2.5057425309840706,0.02127646671230906,-0.8617245008999894,1.0,,0.0,0.803370759532329,0.4,,,2.28856282538472,,1.2842574846662334
2021-04-28,0.056097738009160326,0.3259090205874433,0.8,-0.9166046998817495,-2.066075372465308,-0.058479147070018576,2.0,-2.7007238234497795,0.0,-0.6165121886529285,-0.9165269348913305,2.5135962629547546,0.005525685847035334,-0.8697701116918729,1.0,,0.0,0.7616473415019124,0.35,,,1.9008272551136738,,0.49471386075607326
2021-04-29,0.013875936326088079,0.29186920268128647,0.75,-0.8831804775956467,-2.0689866547474405,-0.10734909668058808,2.0,-2.693646000434664,0.0,-0.6449670853779972,-1.1511096873315676,2.514118582700219,-0.011456475526717297,-0.8806703247186681,1.0,,0.0,0.7535363400215724,0.35,,,2.2936293975858764,,0.09444381851256294
2021-05-04,-0.057440537277853344,0.30431412685605663,0.75,-0.9262651453162903,-2.1134022671911814,-0.17535493718926415,1.0,-2.6831539928055874,0.0,-0.680805225582011,-0.9839110038829904,2.512476774728459,-0.020338663367469968,-0.8970654671106371,1.0,,0.0,0.731856409401705,0.35,,,1.5280368816179144,,1.8863009671453597
2021-05-05,-0.12140592685423161,0.32935841713764125,0.75,-0.9330636313150189,-2.065465992818987,-0.24547382076557192,1.0,-2.669381962887901,0.0,-0.7224124314156066,-0.8009135080914659,2.5028571455653528,-0.03270413971555446,-0.9138214154422968,1.0,,0.0,0.808190990650079,0.35,,,1.1568109142467422,,0.5986829230110877
2021-05-06,-0.20166602502680248,0.3497581391733493,0.7,-0.9504784296112915,-2.0657027640821606,-0.31910601860369353,1.0,-2.6528231166780714,0.0,-0.7800557030003267,-1.0327640450951898,2.493657987184251,-0.041926725467432806,-0.9304835695228824,1.0,,0.0,0.8241585393076697,0.35,,,1.9352811613496124,,-0.5461605651000878
2021-05-07,-0.2916177212787249,0.3515339470819423,0.65,-0.9849273812707079,-2.126872868406494,-0.39581071241879806,1.0,-2.6336994022805835,0.0,-0.8416445112875479,-1.005795284608927,2.484910480189348,-0.04442563560662665,-0.9446160178064507,1.0,,0.0,0.8759551770510653,0.35,,,2.6908225494033524,,0.742192401169362
2021-05-10,-0.3734019052234504,0.37524644872943147,0.6,-1.0449853730033816,-2.178246732402989,-0.4531252217365786,1.0,-2.612176651948089,0.0,-0.8934412740477848,-0.4349522547219176,2.4964633586446783,-0.03676206404738847,-0.9560698242853283,1.0,,0.0,0.912264878504178,0.4,,,2.278912296972103,,1.352974117882661
2021-05-11,-0.4614379227910316,0.42612036905518147,0.55,-1.0556859117577466,-2.1871938232906745,-0.4935983169946126,2.0,-2.588453431419283,0.0,-0.8991962558504796,-0.4245775586915322,2.496504112988279,-0.04369807293655238,-0.9662728047085765,1.0,,0.0,0.9364350886094807,0.4,,,2.230469841050708,,-0.05523871500894889
2021-05-12,-0.5409828160999992,0.5034154078269655,0.5,-1.007812488367717,-2.1140342330869464,-0.5074576362223894,2.0,-2.5630330243450383,0.0,-0.892059548588449,0.33254746932245666,2.4859525357068684,-0.04472607681430522,-0.9756795143926081,1.0,,0.0,0.9760592743799579,0.4,,,1.8215771116757493,,0.5364023245422381
2021-05-13,-0.613085035042183,0.587179082928918,0.45,-1.0234649653285048,-2.100903873028121,-0.5149758147296406,2.0,-2.536292511732677,0.0,-0.8728509039679109,0.26248827815663395,2.466731988432497,-0.046154640466994065,-0.9864060296692269,1.0,,0.0,0.9213602691602093,0.4,,,1.7828784682341083,,-0.2851868447035115
2021-05-14,-0.6634956129314744,0.6352521507436505,0.4,-0.9803684262646418,-2.0882052446862556,-0.49959398249152925,2.0,-2.5081643241191642,0.0,-0.8466007676973641,0.305684687459018,2.4575449205375355,-0.04761944388467755,-0.9985229904355546,1.0,,0.0,0.86405248206597,0.4,,,1.7438070414592957,,-0.5177913029978761
2021-05-17,-0.720357766473489,0.7242203922079156,0.35,-0.99209396169021,-2.118914817475988,-0.4792765213421556,2.0,-2.4789353988823306,0.0,-0.8534804230375137,0.3000988900787194,2.439665618912028,-0.048490141212576277,-1.0132726152451776,1.0,,0.0,0.7697439852333166,0.35,,,1.7057927793731436,,-0.38203086374020756
2021-05-18,-0.7630034819916476,0.7645887323286963,0.3,-0.9874581999318319,-2.188414137329287,-0.44874815142867835,1.0,-2.4485931231036426,0.0,-0.8370035173623023,0.12612940246436738,2.435256637170512,-0.04447816442741531,-1.029125372390061,1.0,,0.0,0.7310560480078148,0.35,,,2.007580755048919,,1.1727196246362706
2021-05-19,-0.7752972749269517,0.7712408115918866,0.25,-0.9272821731758132,-2.2521356180864474,-0.39337311026313243,1.0,-2.417240225674332,0.0,-0.7996047105579345,0.21827367105308076,2.422845639077336,-0.03600558211950432,-1.0418343877236849,1.0,,0.0,0.7038843027580046,0.35,,,1.6245822604281999,,0.20267940056474526
2021-05-20,-0.7934655252426943,0.8034719595316719,0.25,-0.921016908380507,-2.308672836693571,-0.3281837331121076,1.0,-2.385174898458673,0.0,-0.7540646989318958,0.28376276082119045,2.4301359040016934,-0.020419796441686826,-1.0503032566191872,1.0,,0.0,0.6419498762559901,0.35,,,1.254667267931585,,1.5305723485157208
2021-05-21,-0.8037503488459128,0.8206818553171235,0.25,-0.8405886906599119,-2.2972490737431137,-0.2592529232245183,1.0,-2.3523894649484696,0.0,-0.6890502888095467,0.5844429792462602,2.439432935814314,-0.004929129698310376,-1.053953857001567,1.0,,0.0,0.6036700781688547,0.3,,,1.222194933136633,,0.5160921087034008
2021-05-24,-0.7602061421204587,0.804226821957846,0.3,-0.6418154118847862,-2.2129991293723332,-0.1503558705179296,1.0,-2.3191050577907375,0.0,-0.6005604483523185,0.8988474021344789,2.4462018210416883,0.0015298769358268152,-1.0567376641772643,1.0,,0.0,0.5996405232440866,0.3,,,0.5567211347500053,,0.5925886193369868
2021-05-25,-0.7376436676023872,0.7598688433415282,0.3,-0.4963911479092216,-2.1009536225715837,-0.025548187756891994,1.0,-2.2857586908743515,0.0,-0.516349705536643,0.976358236285237,2.447001310522442,0.01663500105284498,-1.0582600105960815,1.0,,0.0,0.5545695625792048,0.3,,,0.22819119773947968,,-0.23995648890319435
2021-05-26,-0.7068134200352607,0.7221787742230454,0.35,-0.3191247270013215,-2.008628658324299,0.1317096239220637,1.0,-2.2524437746828876,0.0,-0.4195016482255453,0.8337699198096087,2.4545643829064954,0.024396963611668158,-1.0584677960104396,1.0,,0.0,0.4451618441727917,0.25,,,0.2190629319531786,,-0.07501833553304199
2021-05-27,-0.6837552824127477,0.7191075306812489,0.4,-0.20697019707200745,-1.9786664096501816,0.2862166793030809,1.0,-2.2195243680129684,0.0,-0.31234155890820503,0.9847269125481546,2.468772757770037,0.03522463013371796,-1.0566620731041978,1.0,,0.0,0.40372974906491504,0.2,,,0.8207269639224699,,0.4556155825086991
2021-05-28,-0.6595453472853193,0.7045954308755855,0.45,-0.10806138218249375,-1.8894492278335338,0.43863005511798614,1.0,-2.187141405919607,0.0,-0.20738123755767882,1.0665420845059872,2.48302574226426,0.043573737667069505,-1.0545664288542451,1.0,,0.0,0.4184235212350278,0.2,,,0.5011731570138317,,0.7885893041583288
2021-05-31,-0.6348021064019171,0.7065370602415624,0.5,-0.044527627023489114,-1.8155953159718419,0.5833029599137922,1.0,-2.1554346092826675,0.0,-0.09831903575348126,0.8911274292042353,2.4932761904144045,0.04726690633164339,-1.0518747048578398,1.0,,0.0,0.5321511813884641,0.25,,,0.7878483371696022,,2.368997021581289
2021-06-01,-0.6247476826929974,0.7025347604741492,0.5,0.03396527631718213,-1.7645453809836507,0.7190226838319641,1.0,-2.124558669589749,0.0,0.00784155664976297,0.9887688086507507,2.4956960669093267,0.05248639116627217,-1.049550293481937,1.0,,0.0,0.5263582311022583,0.25,,,0.773493755466044,,1.7704419614212445
2021-06-02,-0.6056566488463624,0.6809473077610998,0.5,0.0644906581928051,-1.6927197756150836,0.8286663174820836,1.0,-2.0948064029087505,0.0,0.10758459459026257,1.0345666568811427,2.502359330886412,0.05305465779433926,-1.0448095991168929,1.0,,0.0,0.5468974114369294,0.3,,,0.1714451164568765,,1.0094665297045096
2021-06-03,-0.5618769561690381,0.6510220100806143,0.55,0.1971199131787414,-1.5493270000261583,0.9383746444136964,1.0,-2.066014589982581,0.0,0.24007395076805774,1.4346223781939538,2.515867979420957,0.05136562190314459,-1.0413385251656282,1.0,,0.0,0.607918709170742,0.3,,,-0.12974469647527637,,0.674265389576163
2021-06-04,-0.49343566715719944,0.6352573323603856,0.6,0.3718904117868627,-1.4169146474535195,1.053599717769277,1.0,-2.0385735655445427,0.0,0.37383073128441635,1.4718796033391828,2.5349471211970185,0.04931407181291823,-1.0389233483177467,1.0,,0.0,0.595780938861779,0.3,,,-0.4283767554865801,,0.49943699499010225
2021-06-07,-0.4247599485190522,0.6028360263079906,0.65,0.4969218371151377,-1.3376317187931157,1.1291111958041289,1.0,-2.0128811130763156,0.0,0.4652593192469593,1.1907022539225982,2.5349471211970185,0.05539859381221403,-1.0360055356931404,1.0,,0.0,0.6374721923741504,0.3,,,-0.7266842382687932,,2.186799188130087
2021-06-08,-0.3804284580776959,0.6175433731980573,0.7,0.5201072967188923,-1.33843387952103,1.145042165544193,0.0,-1.9889219752426492,0.0,0.5346305476917174,0.7738292890918346,2.5349471211970185,0.05209259508914421,-1.03581247151441,1.0,,0.0,0.7295823851369241,0.35,,,0.14975039967972353,,1.7869651402465285
2021-06-09,-0.3603458003053506,0.6305524715769167,0.75,0.5115407731549253,-1.3031122063268,1.1190315234827537,1.0,-1.9664172823853818,0.0,0.5661997391970175,0.7952013330856857,2.5349471211970185,0.05067196220080902,-1.036338311319905,1.0,,0.0,0.7613625005010938,0.4,,,0.729503039599683,,1.172004631825632
2021-06-10,-0.3484140865401615,0.641684790216072,0.8,0.5339421148835808,-1.2868002265873082,1.0574517669456251,1.0,-1.9452556066185154,0.0,0.596560627315222,0.7153586199290394,2.5349471211970185,0.041024211142896984,-1.0366308149577868,1.0,,0.0,0.816585105444563,0.4,,,1.0125458735702266,,0.8192652541658708
2021-06-11,-0.31228709731591614,0.6523020359379437,0.85,0.6229819900067224,-1.1978551137351852,0.9891902078861403,1.0,-1.9254811193457084,0.0,0.6300705340726915,0.8343113060244223,2.5349471211970185,0.03163080626003194,-1.035799488694017,1.0,,0.0,0.8629502430052653,0.4,,,0.12251621721589266,,0.40951144821617064
2021-06-14,-0.2522279125813854,0.6348587787104064,0.9,0.7709343399155182,-1.0832996268446875,0.9300380431099204,1.0,-1.9072931392310983,0.0,0.665357611708799,0.8789470564516993,2.5349471211970185,0.01650084979381149,-1.0350963280361158,1.0,,0.0,0.8919058222446365,0.4,,,-0.7544259355468917,,0.19708072104721722
2021-06-15,-0.17644510034922112,0.6275315827314292,0.95,0.9511743859639354,-0.9694778863256333,0.8823712272829842,1.0,-1.8909393015095364,0.0,0.7072457121378124,0.847525005237904,2.5349471211970185,0.0030903888315035686,-1.0325693751008835,1.0,,0.0,0.9164361123538349,0.4,,,-1.0465023686162191,,1.6633254268202353
2021-06-16,-0.11731645213691297,0.6333624119161716,1.0,1.1105492830234722,-0.8733694036572964,0.8207571855856713,1.0,-1.876675261422696,0.0,0.7455157111716383,0.872936336251608,2.5349471211970185,-0.008240809837047667,-1.0374640745112587,1.0,,0.0,0.9380571961238052,0.4,,,-0.7445615141017293,,0.6351010759641554
2021-06-17,-0.05038045345993296,0.606389108961836,1.0,1.291713124010052,-0.7458232263394474,0.7441679826521713,1.0,-1.864544812306375,0.0,0.7849545574459359,0.9587772067523717,2.5349471211970185,-0.01375937751453516,-1.0440613614461165,1.0,,0.0,0.8977266460426895,0.35,,,-1.3319746974645315,,0.7239613468934025
2021-06-18,0.00798256875859174,0.6060603340364712,1.0,1.4352209336009745,-0.5925985546598438,0.665036704378821,1.0,-1.854610485771984,0.0,0.8082250932364566,0.934079477884469,2.5349471211970185,-0.019971820347014023,-1.0496190861878478,1.0,,0.0,0.846643020361469,0.35,,,-1.0326010587489436,,-0.505580404921006
2021-06-21,0.04994510151108856,0.5937555739792979,1.0,1.4791200611398458,-0.4765426161518512,0.571022214369679,1.0,-1.846863872896518,0.0,0.8153643574890129,0.9317710439693421,2.5349471211970185,-0.02675025496179406,-1.0563534525967153,1.0,,0.0,0.83837524964172,0.35,,,-1.0299189763363357,,0.4272332049420055
2021-06-22,0.08361297028406381,0.5805639112259333,1.0,1.4790615721208027,-0.37910956112833044,0.4648789168876638,1.0,-1.8411130645719616,0.0,0.8280909151622897,1.113480341736573,2.5349471211970185,-0.032541635905480974,-1.0645779930561554,1.0,,0.0,0.8370233320320338,0.35,,,-1.0297201543126913,,-0.26699484109692057
2021-06-23,0.1089415133814455,0.5777856851420743,1.0,1.4299730447728056,-0.3539542074306175,0.34424728335471666,1.0,-1.8371566306044087,0.0,0.8356744506125227,0.8556100067242544,2.5349471211970185,-0.03534363401688008,-1.082160135375302,1.0,,0.0,0.8636581887524066,0.35,,,-0.7304887238933571,,0.4576787988744179
2021-06-24,0.15804768518187343,0.586667850518255,1.0,1.4006322553356685,-0.3664254282568829,0.23369588762055557,1.0,-1.8347003703729574,0.0,0.8266646790478245,0.6660782525480764,2.5349471211970185,-0.042472483880772134,-1.0999111999067943,1.0,,0.0,0.8306910195584308,0.35,,,-1.0294841235735541,,-0.20372780137081892
2021-06-25,0.1907191961088878,0.5961905777110006,1.0,1.3499650772944118,-0.3421160255792332,0.12484561588691453,1.0,-1.8336351955244807,0.0,0.8037372861665798,0.4570403177392953,2.5349471211970185,-0.0441316975046123,-1.1184802997121075,1.0,,0.0,0.779255958813594,0.35,,,-0.7241862087257134,,-0.24011191073840701
2021-06-28,0.23097081117766888,0.6210934908795738,1.0,1.3334191904906678,-0.291302139021393,0.026443748867882692,1.0,-1.8337996078870258,0.0,0.7850105305260942,0.35513985014187766,2.5349471211970185,-0.04525913586635143,-1.1321976684384232,1.0,,0.0,0.6508005682579416,0.3,,,-0.7174611534096775,,-0.20011078953175643
2021-06-29,0.2788555659828307,0.6477827290184117,1.0,1.3116914275109608,-0.2682621042444427,-0.06310221720427975,1.0,-1.835079110122416,0.0,0.7776954294786335,0.6583755057840998,2.5349471211970185,-0.045785807179260916,-1.1413649327787536,1.0,,0.0,0.5270189099737616,0.25,,,-1.0146413048154344,,-0.7051912042623572
2021-06-30,0.31023340213345574,0.6547840228752694,1.0,1.2349722249981208,-0.2874568209649904,-0.14552108207839973,1.0,-1.8373380491218534,0.0,0.7316918348351235,-0.08327679749846642,2.5349471211970185,-0.045644151853474924,-1.1425885083080671,1.0,,0.0,0.4389107292888544,0.2,,,-1.0077077436110249,,-0.752697083993635
2021-07-01,0.32483877463925875,0.6592915946215672,1.0,1.1119779414819246,-0.28658663857183225,-0.231925806340262,1.0,-1.8404758037844988,0.0,0.6587299302343691,-0.2226545044377942,2.5349471211970185,-0.044770745569372994,-1.1408513778953127,1.0,,0.0,0.3827024269674411,0.2,,,-0.6868613084916824,,-0.44990065685210184
2021-07-02,0.3309303186863803,0.6598967022055053,1.0,0.9821397377244784,-0.3044715836120634,-0.3177433850659961,2.0,-1.844234994492199,0.0,0.5669935664220875,-0.5504177269892355,2.5349471211970185,-0.04310825642802162,-1.1325397832118533,1.0,,0.0,0.32435570695683963,0.2,,,-0.6774223022380973,,-0.6674974052219271
2021-07-05,0.3284989959504206,0.6602316143576259,1.0,0.8533973952884214,-0.37604939905926005,-0.3840015019029358,2.0,-1.848377762601396,0.0,0.4899791794512769,-0.5245128186731431,2.5305821341091193,-0.04098145518586615,-1.122316121991294,1.0,,0.0,0.32023926854617246,0.2,,,-0.6670042057180444,,2.1044704199167414
2021-07-06,0.2904365069345285,0.578903289067523,0.95,0.7237421550038222,-0.531967831400924,-0.4459595284003443,3.0,-1.8528136106599469,0.0,0.39369661749118706,-1.3157940022377899,2.5098763896921734,-0.04192004675242431,-1.113597371224379,1.0,,0.0,0.2735695851959021,0.15,,,1.6124837048398022,,0.8535714732411223
2021-07-07,0.30223730525597386,0.5963519210008559,0.95,0.5795572255371151,-0.6663849226882246,-0.48635210340192725,2.0,-1.857513140681689,0.0,0.3165320571007039,-0.9013161181584448,2.505739572693927,-0.03968172293885468,-1.09912430394286,1.0,,0.0,0.2590278592619929,0.1,,,0.31555109966205064,,0.8811701131474476
2021-07-08,0.3217631942456899,0.6322882310652398,0.95,0.4482508006871868,-0.8037249545236937,-0.5078718551991588,2.0,-1.8624019940637748,0.0,0.23418737630450961,-1.060216434557932,2.4941133125300308,-0.0375637887335064,-1.089676762978349,1.0,,0.0,0.20635209430564966,0.1,,,0.3197276147362494,,-0.23425004496099358
2021-07-09,0.28270062843820215,0.5553059908321758,0.9,0.21007026352667438,-0.9888458533030131,-0.5641403416706107,2.0,-1.86743117159985,0.0,0.1279231750470209,-1.3979207259260815,2.4860691986386216,-0.03575360226840744,-1.080997224643243,1.0,,0.0,0.2239116762896652,0.1,,,1.6230323427104945,,0.7607030878964817
2021-07-12,0.1775439096234149,0.3760994703559768,0.85,-0.11236806987889637,-1.2420018882190935,-0.6855049118494567,2.0,-1.8722100947285423,0.0,-0.0031408970704261963,-1.8123933082708346,2.476330124203798,-0.03830562564100914,-1.0664581761248852,1.0,,0.0,0.26306054040622373,0.1,,,3.214668528784121,,0.9800580033783879
2021-07-13,0.06501832790441628,0.25988144878756647,0.8,-0.3558167343123506,-1.3998684460018247,-0.8182895709727227,2.0,-1.876260774280136,0.0,-0.13510611402033984,-1.8242694767549645,2.4596839243164594,-0.04257670610962246,-1.0482718503334474,1.0,,0.0,0.19571105474628364,0.05,,,3.168191925662003,,0.31633571362143326
2021-07-14,-0.07136102147123954,0.09403396746150527,0.75,-0.5999800537893435,-1.573674530214491,-0.938706090184899,2.0,-1.8793382225058601,0.0,-0.2745037315549557,-1.907568930363501,2.4461677069995633,-0.047004863084657136,-1.026379333342719,1.0,,0.0,0.2321480869351517,0.1,,,4.354000559711268,,1.3638417197415174
2021-07-15,-0.2062354554793167,0.02185873709345587,0.7,-0.7783874854581102,-1.638099214209406,-1.0537065911020036,2.0,-1.881180466709657,0.0,-0.41896307405935496,-1.8731517159275552,2.4372879089924977,-0.04795320107969049,-0.9991920608218375,0.98,,0.0,0.2152915797305553,0.1,,,3.655431645005775,,0.3868312028014739
2021-07-16,-0.31543789592808963,-0.008991044930939163,0.65,-0.9554205515991654,-1.6752818108911236,-1.1725941199538927,2.0,-1.881641256913697,0.0,-0.5644090504130389,-1.885968907219967,2.4231586730218044,-0.05098148482542113,-0.9713071644384236,0.96,,0.0,0.21395798476602906,0.1,,,2.9771811842945546,,-0.5322523042115302
2021-07-19,-0.47290668640656885,-0.10623587952052826,0.6,-1.1647465006488165,-1.7857430485754116,-1.287211178795803,2.0,-1.8804698920145824,0.0,-0.7170087044441878,-2.000928209368902,2.3867357047985633,-0.06009514279618153,-0.9448843383199642,0.94,,0.0,0.23059587595919678,0.1,,,4.701121624105379,,0.7599910288053596
2021-07-20,-0.6104588682331101,-0.14187951035207624,0.55,-1.2730611108002643,-1.8005553165301447,-1.400932516867837,2.0,-1.8774183557069495,0.0,-0.8697254776453421,-1.7895903424712847,2.3703640304026456,-0.06056741962211298,-0.9178896329593591,0.92,,0.0,0.28518125311807513,0.1,,,3.9210421098781154,,0.8247127020806457
2021-07-21,-0.7595962092022754,-0.19730464772421263,0.5,-1.3119579403216721,-1.807847258406545,-1.5087484298357405,2.0,-1.8724527289444315,0.0,-1.0108469339260953,-1.7858886855557286,2.3409994984587907,-0.06599440826823141,-0.8923226930716973,0.9,,0.0,0.2176336196768292,0.1,,,4.550704264111807,,-0.8932738699505002
2021-07-22,-0.8783147537926984,-0.17788617906621562,0.45,-1.2377435221486972,-1.7257356489586622,-1.5842890282780517,2.0,-1.8655802594943005,0.0,-1.1346294027423982,-1.6000236836819242,2.3243586978610966,-0.07056873289519164,-0.8632572813577949,0.88,,0.0,0.17233207030527295,0.1,,,3.1421958670228727,,-1.1097587888019442
2021-07-23,-1.0186807290806634,-0.18628513207776054,0.4,-1.2506615802847505,-1.7061022956967817,-1.6501032578608459,2.0,-1.8568925771114846,0.0,-1.247596013993067,-1.5662177432912916,2.299210404176537,-0.07479093634121783,-0.8285142228405717,0.86,,0.0,0.19108586751880166,0.1,,,4.095633331630314,,0.1349640335321674
2021-07-26,-1.142087607602877,-0.16086459335315006,0.35,-1.266388026623151,-1.6656804193602264,-1.7181932606504895,2.0,-1.8461833707434745,0.0,-1.2990736018386404,-0.4353313948162382,2.2824434249265457,-0.07520713886650585,-0.7890096128402007,0.84,,0.0,0.1989091388838215,0.1,,,3.4553677535214153,,-0.04364536223135953
2021-07-27,-1.2816629223906564,-0.11485637366760026,0.3,-1.236369327213804,-1.6024685531799903,-1.7745982025407738,2.0,-1.8332937425001397,0.0,-1.35686289560102,-0.2554521337798454,2.25757934492717,-0.07684856221197492,-0.7459338768917051,0.82,,0.0,0.2072870905618062,0.1,,,3.648216378305311,,-0.5376321707026637
2021-07-28,-1.422287043652083,-0.04917081074865193,0.25,-1.1950202112848376,-1.5677219778320535,-1.8150812561158514,2.0,-1.8181323673226548,0.0,-1.3811629716665101,-0.32653203848649837,2.222690125175809,-0.0809345657406637,-0.7039273890965031,0.8,,0.0,0.18733544433747434,0.1,,,3.604914335980078,,-1.1517300084802717
2021-07-29,-1.516229573897338,0.03866062153203631,0.2,-1.1223555483500283,-1.4823517311580057,-1.835794658481953,2.0,-1.8006204165824955,0.0,-1.4185635317424443,-0.7250795325074455,2.176485559129536,-0.08500978614890954,-0.6617242441651272,0.78,,0.0,0.15222404985117835,0.1,,,2.337014987604353,,-1.1521285465780224
2021-07-30,-1.6037239846054807,0.1442594398412067,0.15,-0.9904145317340389,-1.352000802109955,-1.8358014087752856,2.0,-1.7806848154682438,0.0,-1.390339882987298,0.23930434570267156,2.1332302116496598,-0.08527537647553797,-0.619384111069085,0.76,,0.0,0.15443545696941233,0.1,,,2.090586583222675,,-0.6232692628572468
2021-08-02,-1.6923927298158763,0.2755330017133302,0.1,-0.8030198873357507,-1.2134956493244367,-1.8149632626045424,2.0,-1.7583649957674474,0.0,-1.3177804713262384,1.1156811415038053,2.087343580011622,-0.08585580189486378,-0.5749825802208978,0.74,,0.0,0.01245301441694619,0.05,,,2.0782243203680015,,-0.7351784311325813
2021-08-03,-1.6981410461597837,0.2821985988786686,0.1,-0.5282057033263367,-1.0613587255608248,-1.7248341418753281,1.0,-1.7337569304681684,0.0,-1.206969590061866,1.0359518411644302,2.04176888520774,-0.08632446446335844,-0.530578013345296,0.72,,0.0,-0.07662176001575975,0.05,,,1.360625952970213,,-0.9279240154129966
2021-08-04,-1.7391295394356068,0.35460529442512845,0.05,-0.269664159764627,-0.9093757729163214,-1.615924846759377,1.0,-1.7071268383239915,0.0,-1.1138741104537824,1.047015568976638,1.9879228242986744,-0.085093829170195,-0.4849505132107844,0.7,,0.0,-0.15883783411584457,0.05,,,1.3598050348788713,,-0.7631513688542481
2021-08-05,-1.7722946853286614,0.426615592640465,0.0,0.013860169563318635,-0.7356805805475353,-1.482206887749078,1.0,-1.6785718505077845,0.0,-1.0119995343314243,1.0149126308364163,1.9407755112959988,-0.07818785113318834,-0.4379444042173104,0.68,,0.0,-0.21277739053248929,0.05,,,1.1148700251733459,,-1.313041173293889
2021-08-06,-1.7631864499887624,0.4099700007428182,0.05,0.3154157685682158,-0.5894048546545136,-1.3155100707513283,1.0,-1.6482378516707237,0.0,-0.885574797722019,1.1262497338402895,1.8822170528647546,-0.07641248418048205,-0.3908245577233595,0.66,,0.0,-0.28301653205573357,0.05,,,0.8702545030946635,,-0.6440797425684043
2021-08-09,-1.712573096584481,0.3616072951252588,0.1,0.7235606695288482,-0.39548725196991047,-1.0811217634569492,1.0,-1.6163654025306795,0.0,-0.7346596594668566,1.1559412380636551,1.8222764230526445,-0.077820377095369,-0.33785738602188636,0.64,,0.0,-0.3520247878108874,0.05,,,0.8553580319491965,,-0.4001071117246892
2021-08-10,-1.645610471334519,0.29092769846447153,0.15,1.0446741040037435,-0.2063053536538914,-0.8371475756496002,1.0,-1.583494433713992,0.0,-0.5797252402390307,1.1813631415384178,1.7616324883674477,-0.07988275520624946,-0.283882217019997,0.62,,0.0,-0.40750038507493436,0.05,,,0.41273585839338445,,-0.7931762316595043
2021-08-11,-1.5466351645338219,0.2525764987626955,0.2,1.330119890302981,-0.07021345255850543,-0.6007105339300346,1.0,-1.549931509033144,0.0,-0.41489869118084516,1.251913772540998,1.6940098773167422,-0.08580198112405427,-0.22688646699218581,0.6,,0.0,-0.4858309197118228,0.0,,,0.4084059450515361,,-0.2027689729962516
2021-08-12,-1.4654997770868616,0.2134946881108527,0.25,1.4899506327236096,0.036389211297282446,-0.3784901630047933,1.0,-1.5160048835964441,0.0,-0.25985065825443915,1.039355049018635,1.6165981199476422,-0.0932422759925285,-0.16529439166044255,0.58,,0.0,-0.4896540163586315,0.0,,,0.4057476481147911,,0.310369269865299
2021-08-13,-1.3931083282080843,0.16338217490926354,0.3,1.6029172510151164,0.1203838822232442,-0.16878156080215598,1.0,-1.481811332281323,0.0,-0.09636408079587364,1.1486390112953346,1.5396770160854718,-0.09968613249914901,-0.09791212066797134,0.56,,0.0,-0.4552633120526912,0.0,,,0.19819754679123205,,0.15556178190727563
2021-08-16,-1.2721900682964362,0.1706404286813803,0.35,1.7993068313472316,0.22685156050666783,0.04070799243034377,1.0,-1.4475026518799836,0.0,0.07449492747721057,1.138760007510196,1.4653972703474054,-0.108986354403562,-0.030155909125237405,0.54,,0.0,-0.4510530582919908,0.0,,,0.1930906549389758,,0.8441961040193676
2021-08-17,-1.1887726378613483,0.18444055718711894,0.4,1.863059005640647,0.28361033074929065,0.23935633725591926,1.0,-1.4135728274365813,0.0,0.23227754723279478,1.0529375300484345,1.3944282102771877,-0.10663597849302667,0.03624224165090518,0.52,,0.0,-0.4816073200403269,0.0,,,0.5826637541662459,,0.2136274671139225
2021-08-18,-1.0855843537052237,0.24247900300411263,0.45,1.899994205185669,0.319829622014164,0.42514154342538346,1.0,-1.380086695270133,0.0,0.39535032115299484,1.131312630955403,1.3180462653592429,-0.11241903559230146,0.10101914411011854,0.5,,0.0,-0.4830595109791721,0.0,,,0.5716902554134758,,-0.9223176887274023
2021-08-19,-0.99432819851068,0.22605593162053395,0.5,1.867913647640014,0.3692982209487753,0.5772966720835958,1.0,-1.3472376914956499,0.0,0.5376934362195293,0.8854881781021466,1.2473801945489464,-0.10876624874600695,0.1635693369265612,0.48,,0.0,-0.4619602440768307,0.0,,,-0.003760724076102699,,-0.687773450755115
2021-08-20,-0.9869372529143872,0.23979691506848888,0.5,1.8162963752012848,0.3346851968303546,0.6823585924541251,1.0,-1.315097698505447,0.0,0.6624984310133899,0.5556446489192438,1.1672140265955322,-0.11429929091707947,0.22117356599885687,0.46,,0.0,-0.4371085618563315,0.0,,,2.3852547268575246,,0.6319976779421496
2021-08-23,-1.0121640989415146,0.19443004980555623,0.5,1.6946846558704498,0.24039714520164746,0.7301005436113576,2.0,-1.283765069974722,0.0,0.6722309243374656,-0.5872632974023496,1.081171440781908,-0.11901281653918978,0.27841181701658474,0.44,,0.0,-0.40337430058693124,0.0,,,2.6689817175787858,,0.6310398631566472
2021-08-24,-1.0290652879164222,0.16408940498653768,0.5,1.5420286516162143,0.13200462706426846,0.7325060797469666,2.0,-1.2532099283928606,0.0,0.6645450485882962,-0.7192923813018021,0.9972706958508565,-0.12166071604990343,0.33614758305375586,0.42,,0.0,-0.33096752654087314,0.0,,,2.613630800644587,,0.9105033102184976
2021-08-25,-1.044628038400532,0.13714847158252075,0.5,1.465589574333604,0.08034723163547061,0.7154950688717732,2.0,-1.2234184677931508,0.0,0.6628942186775456,-0.6358265593158675,0.9198452610004735,-0.1210798688080501,0.3957373489210065,0.4,,0.0,-0.27967639441984743,0.0,,,2.554655606465104,,-0.12590736605975802
2021-08-26,-1.0898042247076116,0.08887759086823932,0.5,1.351475695583882,0.03620927750527921,0.6684378237862271,2.0,-1.1945077732149927,0.0,0.6844427182555595,-0.5426053358706735,0.8395457537597015,-0.12247425589139169,0.4541753015997667,0.38,,0.0,-0.20671155099184393,0.0,,,2.3311318666446486,,0.3071683219820477
2021-08-27,-1.1392377483854568,0.04574986185859409,0.5,1.2561575928336144,0.05925313849223938,0.5977720192272673,1.0,-1.1664645261316693,0.0,0.6610651569049671,-0.4356194528187651,0.7652280932742929,-0.11539791058704713,0.509373228257734,0.36,,0.0,-0.1705706370898813,0.0,,,2.238223418079438,,0.0995490151820063
2021-08-30,-1.169510828674691,0.026840897022773147,0.5,1.2267942436059687,0.1660915198960602,0.5202344690001783,1.0,-1.1393035882481617,0.0,0.5897784027310736,-0.46313134138384526,0.6940934643605827,-0.1063557804277124,0.5688179185607307,0.34,,0.0,-0.1422487162409692,0.0,,,1.860004672759257,,-0.16874001415433973
2021-08-31,-1.213878606238448,0.0167985069563118,0.5,1.1768148109251395,0.26268106379217826,0.43343099258007944,1.0,-1.1131454241880125,0.0,0.5209579928051324,-0.4296258945090208,0.6229945285726667,-0.09415648992590536,0.6303272034741534,0.32,,0.0,-0.11122878217301788,0.0,,,1.6548476237719618,,-0.3075253340539705
2021-09-01,-1.2559196248427196,0.009168246242573286,0.5,1.114613274350528,0.3447036529471387,0.3442570406532635,1.0,-1.0879521641001557,0.0,0.4582908382878202,-0.23314025375164,0.5517082334167869,-0.08371255472083626,0.6939229066280348,0.3,,0.0,-0.11686312990554593,0.0,,,1.6011542415299698,,-0.8758383235048085
2021-09-06,-1.2968266874130756,0.010774360791770965,0.5,1.0550191441901478,0.45117881098408474,0.2538331695905587,1.0,-1.0637039375032518,0.0,0.41483671184164317,0.1618372788669431,0.48896976699806344,-0.0648900983158622,0.7549832831960931,0.28,,0.0,-0.008939921974933384,0.0,,,1.4138428805568812,,0.8454229853183618
2021-09-07,-1.3293777113297174,0.021951544834825754,0.45,0.9616465655630456,0.4910733141867785,0.16998095998618204,1.0,-1.0404711122826245,0.0,0.37920017865961014,0.46286204449553725,0.4177924271359141,-0.054462304264555374,0.8128130019607479,0.26,,0.0,0.08480075793784018,0.05,,,1.1077129774423953,,1.2307338556870673
2021-09-08,-1.3923779304242565,0.025802510032024273,0.4,0.7835957365468464,0.48351015627833255,0.07849569513284282,2.0,-1.0181116713821292,0.0,0.3533429022587214,0.7063693090739107,0.34205229302354206,-0.046904273556057745,0.8673239348660595,0.24,,0.0,0.13229426389341337,0.05,,,1.5889937568526262,,0.5497630073867744
2021-09-09,-1.4479182303175884,0.05819869051993365,0.35,0.6464075773918035,0.5177756221271936,-0.00405960589303974,2.0,-0.9962856599257103,0.0,0.31557933081235456,0.5152921241992927,0.2674125827471476,-0.03732676680815597,0.9177869118233829,0.22,,0.0,0.13645082651701895,0.05,,,1.1552035261407556,,-0.7100449791873923
2021-09-10,-1.5026109432282766,0.09498575708567025,0.3,0.5373890735139867,0.5305987844304307,-0.07316646175138525,2.0,-0.9747848721279079,0.0,0.2775922648718786,0.6040703169698315,0.19322770054329236,-0.03121322361385354,0.9561135245111378,0.2,,0.0,0.07288251726296444,0.05,,,1.1131099279919066,,-1.4741351580773423
2021-09-13,-1.5485935840450107,0.13446283937127546,0.25,0.4254509115335292,0.5110887812651316,-0.12811933668321357,2.0,-0.9534266185204856,0.0,0.23549217288901483,0.333818428034308,0.11390338191172869,-0.03527382504418439,0.9934906640783965,0.18,,0.0,0.06391810788939165,0.05,,,0.9515877449680904,,0.1310810823938432
2021-09-14,-1.610444223098878,0.19602595109175147,0.2,0.2934547216045573,0.44741378333920534,-0.1751671247219528,2.0,-0.932101703430436,0.0,0.16178637617390368,-0.15231522905009215,0.03261623428803383,-0.039416204695462906,1.0179450124447482,0.16,,0.0,0.0586894272006802,0.05,,,1.025462526592483,,0.050988168133046616
2021-09-15,-1.6639366535305136,0.2641362281617088,0.15,0.18309086801343713,0.43154683784546954,-0.22090694786267276,2.0,-0.9106683392971316,0.0,0.08923450167067506,-0.1039342414429596,-0.05072543186888538,-0.042148228787366744,1.042780222430408,0.14,,0.0,0.007873317271585956,0.05,,,0.8694792317112122,,-0.17212609456251726
2021-09-16,-1.6914079901362207,0.29946301478448833,0.1,0.11912717771225032,0.4178327003267892,-0.2543363492038292,2.0,-0.8889304260282567,0.0,0.03089002080637105,0.12543347994951787,-0.1223220845130021,-0.03626130371032374,1.0642400146793156,0.12,,0.0,-0.038861250966472194,0.05,,,0.7244166924505074,,-0.7210638976472405
2021-09-17,-1.7184525135912714,0.3374276901541289,0.05,0.11246367797973512,0.44718523994058895,-0.2730683717434573,2.0,-0.8668489771916719,0.0,-0.042416611749400535,-0.06477503445023283,-0.20485270516005127,-0.03923358312947594,1.0711303398396332,0.12,,0.0,0.004121772490960242,0.05,,,0.6890700158982318,,-0.06265721957875355
2021-09-20,-1.7715284844398085,0.44960759447915477,0.0,0.06457098480458134,0.444864946085498,-0.2857354296332399,2.0,-0.8444392286029313,0.0,-0.10768885804755912,-0.12692398102401808,-0.28651012307632817,-0.03672769728453712,1.0799008288913179,0.12,,0.0,0.06340294508534283,0.05,,,0.6557345893579669,,0.49785000113253697
2021-09-21,-1.702647709142349,0.42963500251171327,0.0,0.05449063572606656,0.39933635551079194,-0.27152763048333417,2.0,-0.8215609174375483,0.0,-0.1498352235693487,0.02317008093794093,-0.3645551543763912,-0.038622942641707,1.0841372444542694,0.12,,0.0,0.07192768769744061,0.05,,,0.5296440830638629,,0.802492530184105
2021-09-22,-1.6253110630030552,0.45175678354394266,0.0,0.15978092708542915,0.41965282631421164,-0.21414992069836353,1.0,-0.798190014806252,0.0,-0.14148915460630915,-0.11013124981812022,-0.4301799447212542,-0.040807558371250885,1.0793599732260484,0.12,,0.0,0.015426927388619652,0.05,,,0.5873406673836962,,-0.49897534301977203
2021-09-23,-1.5319907301111895,0.46581943087628364,0.0,0.24691665408003013,0.4051226943308821,-0.1316145608310375,1.0,-0.7745374200275055,0.0,-0.11800563790091512,0.05027329151996415,-0.4942505810396204,-0.04344536675695864,1.072851263132758,0.12,,0.0,-0.037347274097080524,0.05,,,0.3877284213673054,,-0.14498071949550587
2021-09-24,-1.4305670395876606,0.48491094559499004,0.0,0.2435884871091313,0.34900794185807144,-0.04536509826129691,1.0,-0.7507160329170205,0.0,-0.10086274862711644,-0.005794159619673278,-0.5551925601088812,-0.04038439517534083,1.0638460108278545,0.12,,0.0,-0.07595063043505502,0.05,,,0.2861390064363936,,-0.897974492819248
2021-09-27,-1.3917982461571419,0.5366696060030501,0.0,0.14740804640863667,0.19870845962823214,0.0316361471095344,1.0,-0.7266598672267507,0.0,-0.0978635351571304,-0.2023435853016744,-0.6254300700449198,-0.04399163161481915,1.0476671657172967,0.14,,0.0,-0.06580803336234256,0.05,,,0.7930766451898307,,0.5100202634362969
2021-09-28,-1.31542845763993,0.5851051995582202,0.0,0.0693881703355401,0.13699339501843716,0.1003114179948362,1.0,-0.7022325220872315,0.0,-0.09762713279895732,-0.15301122715448134,-0.6875430304211083,-0.03990959467377989,1.0319042995118728,0.16,,0.0,-0.08137688792464956,0.05,,,0.38549300099134287,,-0.21182807606413362
2021-09-29,-1.2641371694327899,0.6156742017991705,0.0,-0.09427469957219707,0.06732668591666219,0.15246507100595136,1.0,-0.6774136353241357,0.0,-0.1133084266070287,-0.5085031662937958,-0.7351322803042986,-0.029943579997086214,1.0142528380517357,0.18,,0.0,-0.09856506503778864,0.05,,,0.4216681655277626,,-0.5125035564171215
2021-09-30,-1.2138452669126465,0.6302480742506817,0.0,-0.2102155574100468,0.039469752713517575,0.19123283802157615,1.0,-0.6519818044413855,0.0,-0.1333187647274618,-0.5783886267710702,-0.7987950460114299,-0.02455941737384379,0.9955545814080957,0.2,,0.0,-0.15811301432478703,0.05,,,0.32583234535612204,,-1.4984843197939386
2021-10-01,-1.1875233367003848,0.6584165699951499,0.0,-0.34357317759211353,-0.02284143367860271,0.21119292555155753,2.0,-0.6259101247016419,0.0,-0.1778179137771514,-0.8866751457932925,-0.8527238171467084,-0.017884139128066568,0.9816090662807722,0.22,,0.0,-0.0818820535427726,0.05,,,0.46204059870963565,,0.6487808921354803
2021-10-04,-1.1618309042367962,0.6760455899745808,0.0,-0.46972091329268756,-0.052342863813416005,0.2175101905306594,2.0,-0.5991294018473711,0.0,-0.22820783335858802,-0.6179652356792924,-0.9117969958097089,-0.008587564817553359,0.9669920606231507,0.24,,0.0,-0.09177308654681934,0.05,,,0.3653984075037157,,0.6476023252374271
2021-10-05,-1.1290434704793904,0.6598755346929324,0.0,-0.5012902614704108,-0.04649131815856508,0.2246997616030617,3.0,-0.5715657810508236,0.0,-0.271048123567888,-0.18291368316377066,-0.9592950129743157,0.0023912491192353974,0.9511912382642074,0.26,,0.0,-0.12949179773080505,0.0,,,0.19154215903362964,,0.47635963200735315
2021-10-06,-1.0651802427567083,0.7016664105523973,0.0,-0.4484697893334207,0.003696908306397209,0.24276120820104632,2.0,-0.5433303854793303,0.0,-0.3287350163880415,-0.24252185733273374,-1.009591697191008,0.009794409892574853,0.9306446726881696,0.28,,0.0,-0.20758106183496777,0.0,,,0.16871235770037665,,-1.0120222746964802
2021-10-07,-1.010066311207908,0.6748559372375387,0.05,-0.4187360657402699,0.07189740933598075,0.25929985256279464,2.0,-0.5146304762469227,0.0,-0.3787062783337746,-0.2895637005444857,-1.0554408257863008,0.018104889604032635,0.9047434004114026,0.3,,0.0,-0.20204688468356063,0.0,,,0.07725587993655329,,-0.599361436159249
2021-10-08,-0.955378517327213,0.6580374995943646,0.1,-0.38286960278573834,0.12480471148514828,0.27814600626509056,2.0,-0.4855846883183988,0.0,-0.4227232495090387,-0.10146071778749499,-1.0947386916849928,0.026844631891538927,0.8773496292828772,0.32,,0.0,-0.2021127375165674,0.0,,,0.06643157968886407,,-1.4754522147374778
2021-10-11,-0.8855782868941062,0.5887623354919318,0.15,-0.31909040092453556,0.17529352221820363,0.3128058985080487,2.0,-0.4562815179366967,0.0,-0.3901741382088393,1.1076683496377926,-1.1279787578494598,0.033241623365581216,0.8406241781736675,0.34,,0.0,-0.2243198481946235,0.0,,,-0.02216206997785171,,-0.3130611311672788
2021-10-12,-0.8083820140639373,0.5491277980149956,0.2,-0.22657818746548242,0.21199597560080527,0.3593853498168199,2.0,-0.42678973140876036,0.0,-0.3407784078651521,0.9008921695204177,-1.166147446163055,0.034913217304609674,0.7997115215809045,0.36,,0.0,-0.30717604823606387,0.0,,,-0.01867775170987237,,-1.6061358326957609
2021-10-13,-0.7316559844793712,0.49882840116886307,0.25,-0.19912618711492436,0.22578769447630312,0.4033201114880146,2.0,-0.39721352504911966,0.0,-0.3005245978987943,0.7094025503743036,-1.2016668319275243,0.033298357377086835,0.7539319619000874,0.38,,0.0,-0.3414013955112766,0.0,,,-0.0320747317439366,,-0.8566330400667704
2021-10-14,-0.6708780552167639,0.46979173067716506,0.3,-0.152436632178029,0.26322982569454556,0.4371858975600894,2.0,-0.3675217867675016,0.0,-0.26523210448658846,0.7824798657895822,-1.2444208578853262,0.032304379071471476,0.7045750568072917,0.4,,0.0,-0.35317831813678874,0.0,,,-0.011251512377918575,,-0.9566023501574842
2021-10-15,-0.625996791812998,0.46705507687292436,0.35,-0.15401925675646227,0.29128276311499285,0.4571455035501909,2.0,-0.3378185696745547,0.0,-0.2044120958851375,1.0373403901096117,-1.2823310366983356,0.02566889089506496,0.650694709254741,0.42,,0.0,-0.4368322323744607,0.0,,,0.008790329180451202,,-1.7357355043321931
2021-10-18,-0.58133427434474,0.4677354091925342,0.4,-0.14277387547071632,0.3007065153212515,0.4672444318378958,2.0,-0.3080510987437769,0.0,-0.1339149061848621,1.0979106706769417,-1.3289339367774529,0.01583410898212898,0.5877588470139938,0.44,,0.0,-0.4637532553036083,0.0,,,0.004026212280429744,,-0.040570457450413426
2021-10-19,-0.5524926724884405,0.469941004723197,0.45,-0.10498869891170982,0.2950793421994254,0.47556580527193876,2.0,-0.278315048742721,0.0,-0.09706084865668589,0.5149608730923679,-1.3632820446674054,0.00983834511497906,0.5225121017471741,0.46,,0.0,-0.525620418794462,0.0,,,-0.0007050551341695636,,-0.4348507396329695
2021-10-20,-0.5238472949228924,0.48248936555963684,0.45,-0.1470542020011612,0.2682974596810245,0.47502754982577383,2.0,-0.2487035436045389,0.0,-0.05752404521595751,0.3779626321043399,-1.3993050634341622,0.005982926890751009,0.44756277115966214,0.48,,0.0,-0.5375353206340657,0.0,,,-0.013568360787440718,,-0.7372733798118456
2021-10-21,-0.5266695045113092,0.481194275304374,0.45,-0.15576979334377047,0.24286491285059456,0.4552696886590497,3.0,-0.21911057573507967,0.0,-0.022272038524434424,0.40218410337646937,-1.4358965266483972,6.82583163239716e-05,0.3714584842121333,0.5,,0.0,-0.5697832162146191,0.0,,,-0.04327639124445474,,-0.7899386311065767
2021-10-22,-0.5295026172377746,0.48084315273668354,0.45,-0.11514684340469307,0.22975758398750812,0.4228072469823895,3.0,-0.1895163320518456,0.0,0.028118067492696287,0.5970193634258731,-1.462966310138862,-0.0024981689381632123,0.29379018460311823,0.52,,0.0,-0.5109577239111259,0.0,,,-0.0504545452821886,,0.2785353532506165
2021-10-25,-0.4858073878126235,0.5470208032857864,0.45,0.002897305160915862,0.20629144804289906,0.3951693865923216,3.0,-0.1600535821354489,0.0,0.0919957049871564,0.6335998608333064,-1.480142645935449,-0.009404275413103886,0.20959397822992656,0.54,,0.0,-0.5258211591310433,0.0,,,-0.08227097829363461,,0.21275155903794948
2021-10-26,-0.4655696648515658,0.5553949941526573,0.45,0.05791675084123346,0.2036517413220601,0.368104639873246,3.0,-0.1309281050437326,0.0,0.129732619287765,0.12979197476601326,-1.4985720657198203,-0.013784447409271584,0.12498376079955362,0.56,,0.0,-0.5745719275210995,0.0,,,-0.05908116781870831,,-1.1868434438652586
2021-10-27,-0.40612011040544527,0.5515807355054434,0.5,0.18181154120868287,0.2689064826300653,0.3606319014633408,3.0,-0.10209717477711214,0.0,0.18694113542060317,0.13785632871626538,-1.5167404506532123,-0.012652920843158607,0.047034055773400876,0.58,,0.0,-0.5481647021964474,0.0,,,0.02904420298951873,,0.01564095007591992
2021-10-28,-0.34684768490063467,0.5339321699391606,0.55,0.2960386227077329,0.36551222481041634,0.37316345101221476,4.0,-0.07380354273256329,0.0,0.2539972011925872,0.2317610274193928,-1.5321705912795085,-0.012816620536065564,-0.021787733301475876,0.6,,0.0,-0.4931178846417456,0.0,,,0.061484281619210636,,-0.39754796869990167
2021-10-29,-0.2410046729524506,0.5213595581060276,0.6,0.431417742794949,0.44985047346602497,0.4028538922078952,3.0,-0.04623340046853118,0.0,0.3495776090298976,0.47257825158237776,-1.5384994743430749,-0.010554635586936435,-0.08361640363720442,0.62,,0.0,-0.535006191699184,0.0,,,0.16006769531211978,,-0.18898524901328664
2021-11-01,-0.14371050399951232,0.5148495675070326,0.65,0.5307344272816548,0.5270946587455052,0.4329825557145609,3.0,-0.01960925733002314,0.0,0.41611733821031416,0.16238559886981563,-1.5551328460241234,-0.01385746902147631,-0.14658772319068641,0.64,,0.0,-0.5050668259522483,0.05,,,0.17072168306253507,,1.2463896401761414
2021-11-02,-0.04685323203972639,0.43669371834277404,0.7,0.6330580084435359,0.6423313034192616,0.45592456947567916,2.0,0.005924719945028294,0.0,0.48452309044345376,0.6482195581639997,-1.5565532685044834,-0.009532416724682495,-0.20790574656932045,0.66,,0.0,-0.5079446943683099,0.05,,,0.2822405063356339,,0.4188022636861208
2021-11-03,0.04923007524579064,0.3847383804549367,0.75,0.6150607397931858,0.6708225152950167,0.4698065469474041,2.0,0.030159506195485204,0.0,0.5456951706034708,0.45407235505578103,-1.5456090968909029,-0.0012299497464987308,-0.2681669062527954,0.68,,0.0,-0.31345787318597507,0.1,,,0.28820400170355503,,2.8767006526828296
2021-11-04,0.12133751574778309,0.3495523549491999,0.75,0.6021636689345757,0.7227519543257496,0.4750451262730384,2.0,0.05313116193325235,0.0,0.616069402820312,0.6010736621568653,-1.535309918569653,0.00758408634438132,-0.3295444086092929,0.7,,0.0,-0.2754129131517974,0.1,,,0.2571336105136377,,0.16153776452430507
2021-11-05,0.2006221721628892,0.31292856163644833,0.75,0.6402354107308957,0.813810192364692,0.4728037179039184,2.0,0.07488343138127176,0.0,0.6834574669862868,0.7481950846722217,-1.530729792078071,0.01649220445218314,-0.39045608463242104,0.72,,0.0,-0.20989049335787396,0.1,,,0.2977690733459074,,-0.16500381885900978
2021-11-08,0.2559512785171882,0.2751756810323891,0.75,0.7085495091753291,0.9341736347035873,0.45680526156443674,2.0,0.09529699646838047,0.0,0.6981787926687012,0.9472255134017764,-1.5198373911572167,0.02941723198645726,-0.4470163419659729,0.74,,0.0,-0.1679668750236714,0.1,,,0.2988169270611764,,0.5254112355167733
2021-11-09,0.31068673659212126,0.24410394325567408,0.75,0.7542823099569765,1.015922312046949,0.42570414269080026,2.0,0.11422814979513987,0.0,0.7207191679629961,0.9388601807390049,-1.520166440467288,0.035588422220826824,-0.4999582760311456,0.76,,0.0,-0.12419804046042926,0.1,,,0.29580828272849446,,-0.7307591414309185
2021-11-10,0.34933057179549126,0.22549102019476763,0.75,0.8260246493537736,1.101740669231058,0.390118439521107,2.0,0.13164451966596233,0.0,0.7406591691740575,0.7413588094034992,-1.5248404872057608,0.039868296723154964,-0.556972032906427,0.78,,0.0,-0.02215461608547179,0.15,,,0.25504070777481114,,1.1842354474323793
2021-11-11,0.38001443113211697,0.22204860612369104,0.75,0.8392970326840483,1.1494356696177082,0.3483369527098242,2.0,0.1473759764415687,0.0,0.7516359763971396,0.6809091421078662,-1.5297388612199387,0.0391143413292196,-0.618447194650862,0.8,,0.0,0.0945794779176647,0.2,,,0.17693313186525148,,1.3780795299052455
2021-11-12,0.44913245554804127,0.21203375147682813,0.75,0.8691999402658083,1.2053550854861694,0.3107838448490382,2.0,0.16134610525589294,0.0,0.7464250525395848,0.665569807137738,-1.530459821930018,0.04056669751566178,-0.6757352855385307,0.82,,0.0,0.17179267949337323,0.2,,,0.2758800203491547,,-0.19147147281802224
2021-11-15,0.4947042467882629,0.22312772598970199,0.75,0.9061858698534967,1.250094123392146,0.27906271996238413,2.0,0.17343820920806835,0.0,0.7326269347859187,0.6130175196325989,-1.5359626373510344,0.03732310789817663,-0.7302314964921475,0.84,,0.0,0.2486261664094978,0.25,,,0.16233255099597105,,1.496099280872077
2021-11-16,0.5401622381431348,0.2468931311706435,0.75,0.9031428520866761,1.238257808459061,0.24806389859561334,3.0,0.1834943213276807,0.0,0.7340509497645057,0.3841480290032462,-1.5376236317693968,0.035013617795696686,-0.7790278508861448,0.86,,0.0,0.30576653025449574,0.25,,,0.12039574604677221,,0.7079565372669897
2021-11-17,0.6009812600348076,0.2845650297417658,0.8,0.9321772714768871,1.239321184455759,0.22591227149251636,3.0,0.1915195498453163,0.0,0.7389031684188914,0.3659426092346275,-1.5319956720547034,0.03126078439446767,-0.826014823318235,0.88,,0.0,0.3399314533449532,0.25,,,0.1414169990329193,,-0.05397491800269624
2021-11-18,0.6386612860470451,0.34368864086751316,0.85,0.9493320790982603,1.2297531125353856,0.21488546116864113,2.0,0.19743687117986577,0.0,0.7294758734278737,0.15275489015664045,-1.5287570502504473,0.024240332646993865,-0.8699095698541406,0.9,,0.0,0.5233140923477928,0.3,,,-0.004480699269716724,,2.8767006526828296
2021-11-19,0.6606656217486251,0.38174773502979353,0.9,0.8963895265407115,1.159948946650403,0.20405407072944884,2.0,0.20111073888488487,0.0,0.6957958709537224,-0.08715130191122415,-1.5242011394242427,0.019219210412808822,-0.9064415205412035,0.92,,0.0,0.6212995151584216,0.35,,,-0.02753470287691841,,2.238243809463194
2021-11-22,0.698154776040009,0.4546327972927927,0.95,0.7966544838816054,1.0319326266546842,0.2002359672531011,2.0,0.20255562788922568,0.0,0.6356128859223995,-0.5584350656931303,-1.5108185688090798,0.01576144539339956,-0.9404494802340877,0.94,,0.0,0.754547644654035,0.4,,,-0.0027520424119847715,,2.8767006526828296
2021-11-23,0.7507317617642785,0.5249690400271989,1.0,0.7282129248227012,0.9573590814233074,0.2084316198955957,2.0,0.2019400667990296,0.0,0.6057936123358062,-0.44794224736188876,-1.490939329332756,0.01357544094233241,-0.9644045734324983,0.96,,0.0,0.9577755242948086,0.45,,,0.07165026762689834,,2.8767006526828296
2021-11-24,0.7793865189986979,0.5439294452515431,1.0,0.6189946083630797,0.9074989167567583,0.2239036312675396,3.0,0.1992109752153143,0.0,0.589833262918824,-0.15815670541426088,-1.4645898221445597,0.014747141669991675,-0.9917041447560418,0.98,,0.0,1.0045195975716108,0.45,,,0.07717281715963295,,0.9505224156119617
2021-11-25,0.8001603362379056,0.5554113309509473,1.0,0.5136339729441329,0.8923902789272611,0.23725569645618244,2.0,0.19449150550913483,0.0,0.5710985982699837,-0.10695000524453303,-1.4441107664467947,0.01915917381801255,-1.0139868794821703,1.0,,0.0,1.0436292776276566,0.45,,,0.06356895281487436,,0.3846456324210099
2021-11-26,0.7896918276555814,0.5533883598823561,1.0,0.3680303682815183,0.8235006951868659,0.2385304464732651,2.0,0.18790345809236375,0.0,0.5244986140238685,-0.41606697528243236,-1.4185762290442716,0.022808323596139088,-1.0300503789944029,1.0,,0.0,1.0507341912418424,0.45,,,0.03891986021061186,,-0.0468869767295685
2021-11-29,0.7641733328087625,0.540294118620729,1.0,0.22098397480656562,0.746198542971043,0.22408051062557516,2.0,0.1797290664118801,0.0,0.46448743215987004,-0.9980631271177106,-1.3903040646986096,0.02336021796242943,-1.0485236698793023,1.0,,0.0,1.0464364646480162,0.45,,,0.014128866579687701,,1.1604351082996165
2021-11-30,0.7078976893634524,0.537257596857347,1.0,0.05015994249775779,0.6819137994960558,0.18450396896224047,3.0,0.17024595745986199,0.0,0.38969946330063704,-0.8058704445747891,-1.367698350845285,0.02409738345016884,-1.0644736615107921,1.0,,0.0,1.0904849080331407,0.5,,,0.004740035462000376,,1.2997711313886118
2021-12-01,0.6601976574465563,0.5486484067898654,1.0,-0.026006564812287303,0.6303082604384996,0.1333019485485169,3.0,0.15964591540519565,0.0,0.32371397314585254,-0.8229146337091247,-1.3509791396031243,0.028295579080318257,-1.077819788380931,1.0,,0.0,0.9556411153567088,0.45,,,0.004933301914859836,,0.18083829542157856
2021-12-02,0.613144147044075,0.547828706774246,1.0,-0.131232050651036,0.5721960886015302,0.07298930805444585,3.0,0.14797364939540572,0.0,0.24154829749853404,-0.9872276557599463,-1.3343618310532557,0.031024375680257135,-1.0917331887206252,1.0,,0.0,0.9306902445991353,0.45,,,5.870297403704957e-05,,-0.3374796506271627
2021-12-03,0.4728311514923231,0.3589953975038166,0.95,-0.3600744195333437,0.4266880106940171,-0.01928210694465447,3.0,0.13533764274590465,0.0,0.11641309657336966,-1.6710844633274966,-1.3239094336539556,0.03005835597906007,-1.1070606471028348,1.0,,0.0,0.9446415536377428,0.45,,,0.021808385046043342,,0.11402236191314015
2021-12-06,0.31049927722255344,0.17779730134532712,0.9,-0.6891016679674723,0.2087792358826234,-0.1449942440915029,3.0,0.12214170743986275,0.0,-0.020791539620208133,-1.678094371778056,-1.306417898261003,0.031993934387544345,-1.1176987082993348,1.0,,0.0,0.9978716284668501,0.5,,,0.04572733425105455,,1.590012732098918
2021-12-07,0.1882017471719343,0.1406840938813667,0.85,-0.8573648596876117,0.11820762209803809,-0.25853254307191664,3.0,0.10887048069986116,0.0,-0.15544628160821514,-1.6047027185701608,-1.2929044207549163,0.02942210107714474,-1.1306144825135207,1.0,,0.0,0.9922840046322134,0.5,,,0.03030100460293844,,-0.8425116181236487
2021-12-08,0.0900723643990867,0.13423527303676464,0.8,-1.0067761088047384,0.05133952077313039,-0.3544726703319982,3.0,0.09551302850591938,0.0,-0.28205729306027755,-1.6131948933100804,-1.284744928390085,0.024438917783880652,-1.1404137983166451,1.0,,0.0,0.9091024073946098,0.45,,,0.0251143392883234,,-0.47939649731969425
2021-12-09,0.023524105000151514,0.13682518278787426,0.75,-1.0460504655217766,0.06001833766782445,-0.4184323880526753,3.0,0.08229449563607803,0.0,-0.39715628888289334,-1.4202299928295579,-1.2672517933629275,0.020398741820164587,-1.1485206006688373,1.0,,0.0,0.8185610342389353,0.4,,,0.017178620973034915,,-0.4327479332082476
2021-12-10,-0.07352548563874998,0.16915245935101464,0.7,-1.0984907371746466,0.0639013518080292,-0.46377283107143574,3.0,0.06931184629203702,0.0,-0.5015816529836015,-1.2123444497470581,-1.2518025812229252,0.017804122322872692,-1.159298662747737,1.0,,0.0,0.8228571273869016,0.4,,,0.023508603365153598,,-0.10554960985869254
2021-12-13,-0.13120442333713064,0.18929238462734388,0.65,-1.0850228141088574,0.12476475956650278,-0.4946348864652327,3.0,0.05676517643712238,0.0,-0.5669288933758531,-0.4856214485151237,-1.2365187957708899,0.012721686044405864,-1.169759695730482,1.0,,0.0,0.7998124518647486,0.4,,,0.013643031100338642,,1.0352057704290136
2021-12-14,-0.18087260746642583,0.20567255203866885,0.6,-1.0470071724646817,0.15507919390150177,-0.5098470322315012,2.0,0.0447898115325714,0.0,-0.6342228237776963,-0.7505836442450258,-1.229305388737678,0.0050270476385301955,-1.1871037511707394,1.0,,0.0,0.7983799052107177,0.4,,,0.01451124210856899,,0.6793056041863712
2021-12-15,-0.24590229053704427,0.23283250482785534,0.55,-1.039428378008659,0.1673210801941802,-0.5158529592756553,2.0,0.03341663059967022,0.0,-0.7074945567473904,-0.888356194604336,-1.2236968343596977,-0.0023023780119365823,-1.2016338996236753,1.0,,0.0,0.828909416395039,0.4,,,0.021087897535397918,,0.5566153056837283
2021-12-16,-0.27201477205337893,0.23183223449982893,0.5,-1.0204360052679968,0.18124801526164427,-0.5098688314390787,2.0,0.02277369776168623,0.0,-0.7594097407652384,-0.6786532718772463,-1.2187640425490318,-0.011092032627470808,-1.2123253726796717,1.0,,0.0,0.7919596346009307,0.4,,,0.02136445856270324,,2.1387185130680515
2021-12-17,-0.2822884210817194,0.23178972752516447,0.45,-0.9538945932217869,0.18362753882457028,-0.4888306586671868,2.0,0.013006069462319086,0.0,-0.7669127938055544,-0.04131472137271915,-1.215868537118353,-0.019995045410251624,-1.2241364291689876,1.0,,0.0,0.7234927654410269,0.35,,,0.015381495134196307,,0.8689064262651175
2021-12-20,-0.31610807256733675,0.2290478338304337,0.4,-0.8635783530698468,0.15165699801272062,-0.46233281639647233,3.0,0.0040847269245954405,0.0,-0.7232221014137876,0.5000559081128368,-1.2203256548040524,-0.02939942452724881,-1.2220149239908884,1.0,,0.0,0.6388050283995883,0.35,,,0.029741958009764452,,1.183959408121446
2021-12-21,-0.3966942596501183,0.24599680170025662,0.35,-0.8087919088158797,0.13597222728144687,-0.4475219840343939,3.0,-0.004042570205823879,0.0,-0.7157388316570722,-0.1085202827811828,-1.2224885147612117,-0.03542016661052403,-1.2182071762850082,1.0,,0.0,0.5622393049832757,0.35,,,0.04391872966384404,,1.3463996806239618
2021-12-22,-0.48475635999590744,0.28629979486216794,0.3,-0.7773172364120542,0.12087924681611421,-0.46353589655200683,3.0,-0.01134474103821411,0.0,-0.7259287810301804,-0.16352203179608704,-1.2241634845460654,-0.03761346278252753,-1.2103582239873356,1.0,,0.0,0.5447713180425325,0.35,,,0.04446245306740948,,0.6011626767971
2021-12-23,-0.572544684001607,0.3417781785296281,0.25,-0.8219602529871703,0.0630762572893077,-0.5136118590344415,3.0,-0.017861833676483436,0.0,-0.7523886755032555,-0.4283621358659954,-1.2202444822965013,-0.03771764645664688,-1.2000991962058605,1.0,,0.0,0.6636322098381261,0.4,,,0.04656687808474807,,2.7618634683328818
2021-12-24,-0.6442954896793402,0.40181347921956845,0.2,-0.789737705810103,0.029002826457933544,-0.5562083398421128,3.0,-0.023420617532548177,0.0,-0.745629012935096,-0.07515884133634029,-1.2151036985985184,-0.037354352399441744,-1.187852122730341,1.0,,0.0,0.7014249257628331,0.4,,,0.039021751790268795,,0.708967341764571
2021-12-27,-0.6841875487300215,0.4429734553462077,0.15,-0.7131873399908701,0.031163152210257405,-0.5715286597366982,3.0,-0.02815217912033351,0.0,-0.697326068343357,0.15339819066510985,-1.205237213599795,-0.03312020178068094,-1.1668824343338313,1.0,,0.0,0.6956171130190008,0.4,,,0.02369048653848592,,1.044278853422968
2021-12-28,-0.7162346625920802,0.47601259984698474,0.1,-0.6454694432170921,0.03691772518885935,-0.5527975779525116,3.0,-0.03217562153210883,0.0,-0.6697735333329823,-0.08451664322268726,-1.1971047409360265,-0.02937524123678558,-1.1425974822273017,1.0,,0.0,0.6491851784422871,0.35,,,0.023971726488306224,,0.3711324398543383
2021-12-29,-0.7722956203485409,0.5350123762774679,0.05,-0.6070540770793155,0.025346649841343355,-0.5233804623631113,3.0,-0.03555575653222113,0.0,-0.6246468670224525,0.22146915384918572,-1.1880381190261837,-0.026381710868762953,-1.1089171289709134,1.0,,0.0,0.6830499573649065,0.35,,,0.04192349648716653,,0.8581338738739674
2021-12-30,-0.804128604081205,0.5827582986867472,0.0,-0.5654069498211675,0.010102803882269275,-0.48193403020403663,3.0,-0.038344433324798526,0.0,-0.5733632370970246,0.14801808679256132,-1.1752270977352886,-0.02227792670182265,-1.071746729914335,1.0,,0.0,0.7062090117481419,0.35,,,0.026482911421570624,,0.12570143703754633
2021-12-31,-0.7497847429756875,0.6168592845594421,0.0,-0.4363194892972903,-0.006174154857110783,-0.3987896622206285,3.0,-0.04053739192418172,0.0,-0.47279100527381057,0.4044055324085054,-1.1631065262740603,-0.01989992777162204,-1.0344615649709619,1.0,,0.0,0.7112645800601878,0.35,,,0.02730919476485378,,0.21513372815405887
2022-01-04,-0.6151398024719894,0.6090017360401325,0.05,-0.17228465181380265,0.039851235355794656,-0.26250744136176785,3.0,-0.042407451590606306,0.0,-0.3579458355850756,0.62808229793221,-1.147536987141088,-0.013966272140596966,-0.9886885017006738,0.98,,0.0,0.6656250048510006,0.3,,,-0.04125013416350074,,0.6772212279151745
2022-01-05,-0.5362732585282595,0.5786772027100391,0.1,-0.04821063036403152,0.073593701488232,-0.12344287124401251,3.0,-0.044564988111754314,0.0,-0.2556021884120052,0.40308956142401775,-1.1352247153220714,-0.010829362559723069,-0.9459453801145118,0.96,,0.0,0.7464195569526241,0.3,,,-0.024594793632028364,,0.7733794239088175
2022-01-06,-0.48968765208940823,0.5691445236867647,0.15,0.04390104047671417,0.0988875390111994,0.007087507336881282,3.0,-0.04717020316034688,0.0,-0.1585885221560432,0.24322613741138396,-1.129155935929925,-0.010776906021935127,-0.913397995929364,0.96,,0.0,0.84897604094307,0.35,,,-0.002861209345488533,,1.5717331824892244
2022-01-07,-0.4587587827384098,0.5537924767824556,0.2,0.04781299639964803,0.11248993323210163,0.11449405666533422,3.0,-0.05054939133613738,0.0,-0.05047637870608419,0.6341723175973191,-1.1307661137461782,-0.009978783453895699,-0.8902833575336796,0.96,,0.0,0.9457872798992574,0.4,,,-0.004075348621125686,,1.503476845915502
2022-01-10,-0.45346985471694623,0.556526560495882,0.2,-0.0025940850031492303,0.06502329973705602,0.18644537820924625,3.0,-0.054964086794729715,0.0,-0.011711438429330225,-0.5415113487947796,-1.1381008771530243,-0.011021249971816383,-0.8728892641157543,0.96,,0.0,1.0220557729553583,0.45,,,0.07498128781395552,,1.4198202512633282
2022-01-11,-0.48902461613932885,0.5325976453770913,0.2,-0.15503196479142248,-0.028032292261801733,0.2227470752389312,3.0,-0.06068966062809507,0.0,-0.02078722366378382,-0.7559426688343577,-1.1391228527294484,-0.011536919857450909,-0.848860199009658,0.96,,0.0,1.0888307009931388,0.45,,,0.1655082470459277,,2.37070433118462
2022-01-12,-0.47400007968273095,0.5248633853730411,0.25,-0.2705567178962582,-0.11595534198078786,0.25935152215270457,3.0,-0.06759698623872086,0.0,-0.014225205920434868,-0.6990280190815875,-1.1408087263784175,-0.010044271234185076,-0.8178798394425414,0.94,,0.0,1.1934941889883106,0.5,,,0.017570073428545947,,2.7725753640898096
2022-01-13,-0.4764407590687755,0.5243062780981609,0.25,-0.4114976462343801,-0.25068167611130066,0.28516277140798785,3.0,-0.07573616947705102,0.0,-0.004459703196803289,-0.756523090191493,-1.1511247525330544,-0.011336472666491432,-0.789154061789064,0.92,,0.0,1.2568931448480247,0.55,,,0.12105912709829847,,1.824594422878008
2022-01-14,-0.4788706216721688,0.5237975613343556,0.25,-0.5463261411217457,-0.3785538462494126,0.3043641000770723,3.0,-0.08504423513866236,0.0,0.009109507279134144,-0.4526736380613536,-1.1613942903604473,-0.011420058919587561,-0.757626553552598,0.9,,0.0,1.185522268230375,0.5,,,0.13432596697125374,,0.7113009807150577
2022-01-17,-0.5232806880530936,0.4928099120633198,0.25,-0.7560017915145265,-0.5992208248371926,0.28919004583642005,4.0,-0.09545499065343765,0.0,-0.06062007611754009,-1.4474748885249802,-1.1737240811876133,-0.0133465241219014,-0.7271504014234051,0.88,,0.0,1.1583310777766367,0.5,,,0.3157248448624573,,0.32508261719035286
2022-01-18,-0.5515643807710604,0.46749139067011314,0.25,-0.9433356348062778,-0.8366641876980507,0.24439485082193246,3.0,-0.10649009632068995,0.0,-0.16808817169948104,-1.6142062808328004,-1.1882728396505984,-0.01750100012363767,-0.6998307278735172,0.86,,0.0,1.2341081514399819,0.5,,,0.3324930878734346,,2.699500881388346
2022-01-19,-0.5637541607642975,0.4538317319626167,0.25,-1.0870023647090323,-1.0122929351092567,0.19106691948706267,3.0,-0.1179380234008286,0.0,-0.24681249493520338,-1.6117240629207825,-1.1964080129608743,-0.02125815508860997,-0.6878158220028431,0.86,,0.0,1.2576639775227232,0.5,,,0.3415688197749887,,1.8175162022787925
2022-01-20,-0.5673572520960102,0.45055860647202617,0.25,-1.1320801435061236,-1.0842931622354213,0.1524060939849583,2.0,-0.12968083809341938,0.0,-0.3047229999076156,-1.2160683003235973,-1.201703386632199,-0.024043974903491413,-0.6720936826817376,0.86,,0.0,1.2590955126607115,0.5,,,0.2999752828589404,,0.6297933795568648
2022-01-21,-0.5623692482961538,0.4542017054934715,0.25,-1.130550418801353,-1.1553403786722238,0.14101207675791955,2.0,-0.14168657716381222,0.0,-0.34524461424280717,-1.0999879720206318,-1.2035203622419934,-0.02469055004077207,-0.6526370322567765,0.86,,0.0,1.2144236540389355,0.5,,,0.25678766942501124,,1.8684262958973568
2022-01-24,-0.5910558260590558,0.4252735109264162,0.25,-1.2383328425278513,-1.319059986496717,0.11143046436306867,2.0,-0.15398315684146052,0.0,-0.4213565398636446,-1.422448414339943,-1.2110794506579856,-0.025836481912797055,-0.6363297295516998,0.86,,0.0,1.2435498976537707,0.55,,,0.41048749620260094,,1.291492214061279
2022-01-25,-0.5928737774618479,0.4255292507513935,0.25,-1.3004585982356915,-1.3948049358477896,0.09236175412259788,2.0,-0.1660623594976754,0.0,-0.5074558274369941,-1.3481440805296274,-1.2146535667712448,-0.024146256382154393,-0.6168176782899457,0.86,,0.0,1.2597717492558167,0.55,,,0.15427354163801688,,1.368715885463889
2022-01-26,-0.5774790704461056,0.4185807044518435,0.25,-1.3698465484974092,-1.4755583767853806,0.08172868443214536,1.0,-0.1779348957131389,0.0,-0.5890516311765743,-1.4487981680558266,-1.2156082283624914,-0.02000927798657586,-0.5985683245866721,0.86,,0.0,1.3144633764427585,0.6,,,0.052500175093409956,,1.4649649835931733
2022-01-27,-0.554586681600001,0.41922466798039015,0.25,-1.4315944794164028,-1.5687734960323836,0.07791557556158012,2.0,-0.18932460224224637,0.0,-0.6745778425026583,-1.1639263579002543,-1.2190156314214473,-0.017646871656997784,-0.5792825607808054,0.84,,0.0,1.2722650499133459,0.6,,,0.09856954323896004,,0.014167343285713613
2022-01-28,-0.5396223394387812,0.4133217371661153,0.25,-1.4242966782391902,-1.589811050057831,0.08583869600463062,2.0,-0.1999448324794092,0.0,-0.7510227811859862,-1.0103600140497755,-1.2178228288312334,-0.011372221106975737,-0.558291748354227,0.82,,0.0,1.3008936467070962,0.6,,,0.04786092788938978,,0.6982733729125529
2022-02-07,-0.4905398556584041,0.368056903539137,0.3,-1.3315018619231707,-1.51399544539609,0.10344005536379682,2.0,-0.20991012621899005,0.0,-0.7883504021693825,0.06193993579227436,-1.2178281734332495,-0.003625602159229474,-0.5333594570871173,0.8,,0.0,1.3629300531173958,0.65,,,-0.13103702179967444,,1.4558618563600547
2022-02-08,-0.5083641690082129,0.39868687163595795,0.3,-1.269879667189833,-1.3996953729257167,0.11400307985471189,2.0,-0.2194464191439575,0.0,-0.7942290625495987,0.935881862757431,-1.2209032165082148,0.007126324463709255,-0.5136448946875127,0.78,,0.0,1.3767037288761697,0.65,,,-0.08253795173845922,,0.9526947430906476
2022-02-09,-0.492676113837058,0.371332130701308,0.3,-1.1730472113195647,-1.2576399432790213,0.12451270309924226,2.0,-0.2282179610839798,0.0,-0.8012265723032426,0.7130745965490939,-1.2313197202043211,0.01273643267082212,-0.49655364290107107,0.76,,0.0,1.3459591253836822,0.65,,,-0.164382435614501,,0.15848735405906822
2022-02-10,-0.4609433423839363,0.3286866284900217,0.3,-1.0778343130090857,-1.1243187301120492,0.13356813214419666,2.0,-0.23602293190872162,0.0,-0.7973760072555933,0.790343303203062,-1.247036557891864,0.014698150726911963,-0.4769291817639039,0.74,,0.0,1.2544591691574303,0.6,,,-0.15836132030214883,,-0.2582659420358116
2022-02-11,-0.43878065940580885,0.30433844654782494,0.3,-0.9897815362163351,-1.0106065022912978,0.13926897207734812,2.0,-0.2424432010280571,0.0,-0.8245940734571446,0.5732309510665602,-1.2637270016748365,0.014780448961627838,-0.4571779226217951,0.72,,0.0,1.1503261663517166,0.55,,,-0.10952556225821236,,-0.5791832101987753
2022-02-14,-0.428304957595241,0.30566145940245737,0.3,-0.9022311784705768,-0.9638240075544934,0.13237694638078396,2.0,-0.246950644282323,0.0,-0.7651527153505165,1.1190211731198487,-1.2779415271334953,0.012482822822424544,-0.4285256295943624,0.7,,0.0,1.1675543667172739,0.55,,,0.08686860524709734,,1.7643842585744773
2022-02-15,-0.3749420186650907,0.320605248374605,0.35,-0.7302341529836253,-0.8695220967434983,0.13853109228124535,2.0,-0.2489948874323106,0.0,-0.6935508802654191,1.1313988104674262,-1.2949959133304936,0.010560524523792829,-0.39353021486435596,0.68,,0.0,1.0041424505077796,0.5,,,0.009583686267949747,,-0.8975339930052646
2022-02-16,-0.363361791397273,0.3137473414886899,0.35,-0.5328737886928923,-0.739611975162828,0.12512878348939024,2.0,-0.24867810270533428,0.0,-0.6255688758178075,1.097819959462693,-1.3089660913409387,0.01170781754443767,-0.35641783895476076,0.66,,0.0,0.8625706160013002,0.45,,,-0.021971712641618568,,-0.05886132603977742
2022-02-17,-0.2999748302570646,0.27933398240828733,0.4,-0.2745586660024423,-0.5899496439675921,0.1174273691022933,2.0,-0.24609317748751663,0.0,-0.5466505192958506,1.2323442217827023,-1.3227477812884023,0.010561128651122879,-0.3110809891568357,0.64,,0.0,0.6829040702257212,0.4,,,-0.09919202968608465,,-1.7684433979682688
2022-02-18,-0.2549898807514955,0.27079570347196014,0.45,-0.012598765193090033,-0.42841056510954656,0.1054929877213886,2.0,-0.24151648890891422,0.0,-0.4866693393334452,1.1340281434468715,-1.3342991158021662,0.009835429287676146,-0.26258999123458526,0.62,,0.0,0.6502633130521079,0.4,,,-0.04049554834090879,,0.05848583724279174
2022-02-21,-0.17605931758492935,0.3017940912341127,0.5,0.35769927462536105,-0.24403088419681454,0.1201987439221895,2.0,-0.23517458957083576,0.0,-0.35545112450937955,1.522763082328994,-1.3363143136260114,0.01069629999474553,-0.21049563431107834,0.6,,0.0,0.596302491050247,0.4,,,-0.03737611258772288,,-0.7541338228468659
2022-02-22,-0.08825072296375637,0.33600598792036995,0.55,0.6703050484462013,-0.1402309002446393,0.15585923251754025,2.0,-0.2277788297173478,0.0,-0.2238610517479284,1.3232346093698155,-1.3361764706417254,0.013469305239904262,-0.1614236102737855,0.58,,0.0,0.47470253401126905,0.35,,,-0.05702680352427604,,0.2675017406087859
2022-02-23,-0.000607470743604277,0.3839860751583798,0.6,0.9740790988871355,0.021970896476403944,0.20470107517825403,2.0,-0.21966126891905008,0.0,-0.08477229738295027,1.4285425071758673,-1.3387194382360976,0.013779135018729767,-0.11202950354264064,0.56,,0.0,0.34708397740048297,0.3,,,-0.05495418651682389,,-0.7348549299369296
2022-02-24,0.0418893393413298,0.43473110500407663,0.6,1.0812325481307024,0.07521398082154795,0.2354695605739713,2.0,-0.21147959656595652,0.0,0.02749658106391913,1.2414677733407122,-1.3398694946619463,0.014494031851837959,-0.0641643766934751,0.54,,0.0,0.4161409096199855,0.35,,,0.025937795467033634,,2.010932023946917
2022-02-25,0.08481571270145742,0.47873338171348767,0.65,1.2324348512959187,0.18172295468229901,0.2507435658306983,2.0,-0.2029408280379506,0.0,0.1340491360576635,1.190289715112902,-1.3467677065121944,0.014480536455757101,-0.019000085072375078,0.52,,0.0,0.27770921009697747,0.3,,,0.004230755166992536,,-0.9002076945628052
2022-02-28,0.14403403599958126,0.6041412304282279,0.65,1.4362810236791934,0.25407706069584085,0.26644212801675815,2.0,-0.19443505652055898,0.0,0.2534769740439947,1.0779548972253516,-1.3532149035363776,0.012083551858656299,0.024410295025459133,0.5,,0.0,0.19849781838860533,0.25,,,0.026566497836077636,,-0.2927356201061629
2022-03-01,0.1784467160050378,0.6376278830225631,0.7,1.5790751918880401,0.3526929184320073,0.25627142416676635,2.0,-0.18654684950778588,0.0,0.360032103518515,0.8559112579767492,-1.3582964767871235,0.011236625941624662,0.06570881862481202,0.48,,0.0,0.07934688041003489,0.2,,,-0.020367284726838332,,-1.0143028741075204
2022-03-02,0.17715317138980893,0.6362247297373671,0.7,1.665789508368684,0.38429717585955425,0.21089835403957333,2.0,-0.17940619670707528,0.0,0.4547387746785191,0.48227488168122756,-1.3626928776918592,0.010448239769793945,0.11039757909829612,0.46,,0.0,0.023681059520674584,0.15,,,0.030017274432931583,,0.3516485658059671
2022-03-03,0.19379401718309672,0.6545865678061742,0.75,1.8130075820002376,0.4769845794308527,0.1585793809818679,1.0,-0.17304088522524164,0.0,0.5544822163792722,0.8214238721924589,-1.3620671690030632,0.011934690040672291,0.1559772768068278,0.44,,0.0,-0.009191661511465627,0.15,,,0.003017045581531102,,-0.6432870773570906
2022-03-04,0.22970712339309457,0.6580329551425145,0.8,1.90116605960337,0.5798957153568715,0.09402196080476607,1.0,-0.16810621350532493,0.0,0.6505373274909456,0.85167874934843,-1.3615822152353747,0.01518887193430388,0.2028003049248318,0.42,,0.0,-0.09564852618369742,0.15,,,-0.09124561252080697,,-1.0308639205320829
2022-03-07,0.15737883563391222,0.576969351628968,0.75,1.8781683908197866,0.6527059711923378,0.0013997504874564194,1.0,-0.16481922892741754,0.0,0.672750097877698,0.4163379992171434,-1.3598552917309112,0.01832413293914528,0.24982237385325248,0.4,,0.0,-0.11249967725247215,0.15,,,0.1793552273070784,,1.11883883498456
2022-03-08,0.08521099597189825,0.49299884526414695,0.7,1.735625463311413,0.6182934764980144,-0.11949497630781147,1.0,-0.16301728957824738,0.0,0.6325772046697679,0.03437217906742665,-1.3562349965711198,0.019756744049858235,0.2864246124962525,0.38,,0.0,-0.16901952415601523,0.15,,,0.23944718000380522,,-0.17770219498021422
2022-03-09,-0.040297792147328815,0.3548347131812136,0.65,1.5611007757428605,0.5691279121877234,-0.2578648448757811,1.0,-0.16245809521162982,0.0,0.589889781915261,-0.2512584567685767,-1.3519890808861703,0.018720565144087445,0.3205720661958981,0.36,,0.0,-0.1696409583030869,0.15,,,0.42632176504023844,,0.14605867111763535
2022-03-10,-0.1645539805137825,0.2657468925721661,0.6,1.4311453842709514,0.5602016392288283,-0.39946327340814775,1.0,-0.16300406667897877,0.0,0.5535356041360937,-0.07550930240019305,-1.3480236158308756,0.016024598520049813,0.35139009379286135,0.34,,0.0,-0.18055748874023328,0.15,,,0.44852286765814486,,-0.4765965507787395
2022-03-11,-0.3052260362698588,0.1383145906508424,0.55,1.2807033540572799,0.5027296384388021,-0.5412940271931315,1.0,-0.16494037323754712,0.0,0.5163695963940468,-0.3406165485408096,-1.3434922002421137,0.013573485997136458,0.383569464160413,0.32,,0.0,-0.1439931217056249,0.15,,,0.6158485232008,,0.15210413049339283
2022-03-14,-0.4140841239837528,-0.0020042559759585465,0.55,1.1381214410058733,0.3821674634533579,-0.6595216177186517,1.0,-0.16831257772071948,0.0,0.4271756820802768,-0.849816466707453,-1.341285655758159,0.010288272824937751,0.41453713380676704,0.3,,0.0,-0.21336098717618152,0.1,,,0.7203594065366434,,0.377026949163345
2022-03-15,-0.5324832856724625,-0.09261561592295409,0.5,1.0037368107560432,0.31974994767789067,-0.7631204553652374,1.0,-0.17322121132134322,0.0,0.34416664502082767,-0.7275831809060349,-1.339195628396196,0.007314027465866094,0.4413120984690569,0.28,,0.0,-0.19899007193416487,0.1,,,0.6944092738417567,,-0.6101156881649321
2022-03-16,-0.6581291320781455,-0.15503026218585458,0.45,0.8796949168105507,0.3068657142264566,-0.8436468147294043,1.0,-0.17964358026432567,0.0,0.2758752987249489,-0.48166778791768855,-1.3387305027985368,0.003685419523580788,0.46527457076990814,0.26,,0.0,-0.2679585867055977,0.1,,,0.7061047539760099,,-1.4382316214684332
2022-03-17,-0.7917543038665772,-0.14847089560664517,0.4,0.75515371286696,0.313342828237858,-0.9144188556317809,1.0,-0.18756115082912436,0.0,0.216769864917662,-0.1778125552840722,-1.3354263274103155,0.0003967193049363832,0.48476486348822767,0.24,,0.0,-0.1999468695948053,0.1,,,0.6173169114725493,,-0.4085021504177243
2022-03-18,-0.8975856281117036,-0.13976231750567258,0.35,0.6270543651641083,0.3276114362654076,-0.9628517005151824,1.0,-0.19669314104774444,0.0,0.13979720012097002,-0.6297826424859598,-1.3343906599148034,-0.0029259345029532388,0.5005115979414937,0.22,,0.0,-0.251073402560578,0.1,,,0.573537346077844,,-0.9640448220726622
2022-03-21,-0.9429954636055896,-0.10683928604346238,0.3,0.5399586404023314,0.41744878227911447,-0.9809376083410587,0.0,-0.20678032401607185,0.0,0.06044551897169934,-0.2848001732752752,-1.3344367099483398,-0.0021648910882665043,0.5174027872174942,0.2,,0.0,-0.18038767338001124,0.1,,,0.1941990887801741,,0.6595807607644684
2022-03-22,-0.988798694324139,-0.062309717502713635,0.25,0.5267761073214756,0.5141530236262745,-0.9703129383346667,1.0,-0.21780562666839937,0.0,0.017796021507989205,0.23999368287168288,-1.3379457776888057,0.001229937785082065,0.5292304207113279,0.2,,0.0,-0.2138081926109947,0.1,,,0.14186439257451994,,-0.4009086440108833
2022-03-23,-1.0173070640947222,-0.027352493075842865,0.2,0.43737612707841794,0.5766512682643591,-0.9496641188192418,1.0,-0.22991509689492196,0.0,-0.013224060026940898,0.5712565333857423,-1.3367834514516483,0.0033225050019837134,0.5443539242633972,0.2,,0.0,-0.20121916206176063,0.1,,,0.025017171687855742,,-0.4830743189522476
2022-03-24,-1.0354111187255877,-0.01576956862729162,0.2,0.4522193049676693,0.6538847968816558,-0.9165221460056335,1.0,-0.24262229868935442,0.0,-0.05213114303851692,0.23641130334187832,-1.3323414917225431,0.005494287718015071,0.5634424501034537,0.18,,0.0,-0.3306574777751524,0.05,,,0.21684087116628686,,-0.5778342903209183
2022-03-25,-1.0885909673275354,0.011817054525271486,0.15,0.4163885957695658,0.7225902966344706,-0.879083794620953,1.0,-0.2565222077922047,0.0,-0.0752479433449558,0.5222476270575114,-1.323804108676611,0.00637856905066721,0.5858680778953628,0.16,,0.0,-0.3316529174593722,0.05,,,0.4335754187219225,,-0.9201164882472015
2022-03-28,-1.1837564929043842,0.00863649289433599,0.15,0.365107019142524,0.7338027044105216,-0.8423567212803551,1.0,-0.2716146652202961,0.0,-0.09057815903019058,0.5728868779248205,-1.3104124696607193,0.008085080281728716,0.6098709154509714,0.14,,0.0,-0.23110592369789523,0.1,,,0.9004162787465267,,1.7182042551233772
2022-03-29,-1.2794081254318912,0.053311713286684936,0.1,0.3470322428478241,0.813631066248863,-0.7980104048811367,1.0,-0.28792050030826216,0.0,-0.07726365508665176,0.9162759000400563,-1.2954677368423435,0.011014223085273112,0.6294548286258398,0.12,,0.0,-0.17470658718592214,0.1,,,0.8045289538393042,,0.1136838561319411
2022-03-30,-1.3307238194323925,0.08716059417714239,0.1,0.3189076580172682,0.8088336413465449,-0.7343758939290386,1.0,-0.3058232323839933,0.0,-0.06373598393017899,0.5342084027239918,-1.2881370500055893,0.009548268363024632,0.642228558422241,0.12,,0.0,-0.16773663403702554,0.1,,,0.6196319822370121,,0.49104762878389874
2022-03-31,-1.37410487645492,0.13328709210659762,0.05,0.22395300310604466,0.7831922497730209,-0.6675066407795791,1.0,-0.3253749431885856,0.0,-0.07659022694813253,0.35194574644070115,-1.274837833215949,0.012643786708738586,0.6569239696378404,0.12,,0.0,-0.16362759649235678,0.1,,,0.48210163502444414,,-0.5611063264637157
2022-04-01,-1.4110948389303808,0.206568646326996,0.0,0.18003747390562103,0.8321705768275828,-0.580674739588525,1.0,-0.3460897168350602,0.0,-0.06143677885942889,0.9528780954133195,-1.2598102088598333,0.017118479414793976,0.6687197916467517,0.12,,0.0,-0.16419518944496975,0.1,,,0.1168282471198628,,-1.0422157795843419
2022-04-04,-1.357080289870861,0.13872396665148456,0.05,0.17293404330964818,0.895167115265922,-0.46800591984365425,1.0,-0.36816820252263077,0.0,-0.04290677352884849,0.5879327852560103,-1.2398153380789374,0.023185394877129478,0.6802335791908809,0.12,,0.0,-0.14414030439794445,0.1,,,-0.0907011587219806,,1.5199365359250658
2022-04-05,-1.3024190747847944,0.08924181901539341,0.05,0.21961220065004558,0.9139797197775814,-0.3395130862853827,1.0,-0.3919158399962338,0.0,-0.002814840444371869,0.6388038481924889,-1.2208880679998446,0.02638296483608635,0.6892583971107519,0.12,,0.0,-0.1982731850131089,0.1,,,0.014605293429108735,,-1.260359807283503
2022-04-06,-1.2027646289484766,0.0427403134657901,0.1,0.2409754980360303,0.886257285976542,-0.19298260231821937,1.0,-0.4177538705963812,0.0,0.03596707450092932,0.3309416479793664,-1.2000831668701313,0.030662031439006376,0.7262913011093295,0.1,,0.0,-0.12398590296169998,0.15,,,-0.118350484532616,,1.6318043121458135
2022-04-07,-1.1384431249318152,0.04280707658480909,0.1,0.16892465010319238,0.7843764811561641,-0.05412850389817201,1.0,-0.4461380374925419,0.0,0.03229616738019675,-0.3092725789907197,-1.1833229744747773,0.03155691063317914,0.7599292261228645,0.08,,0.0,-0.13003858641793248,0.15,,,0.4305043492448374,,-0.5976502199033897
2022-04-08,-1.0914367611898705,0.08203605249617385,0.1,0.06754211472634297,0.5975174384468467,0.06832328544775242,1.0,-0.4769816187452238,0.0,0.04189888848430724,-0.2754969594964992,-1.1712076969137377,0.030758031673024582,0.7950420544706895,0.06,,0.0,-0.1072901536230233,0.15,,,1.223528042913126,,0.6070727863915765
2022-04-12,-1.0308729291740577,0.14851223395820667,0.1,-0.03976399467306789,0.34020596064309105,0.1667796894539309,1.0,-0.5102781622178092,0.0,0.05402718962073781,-0.7055454846241568,-1.1559260390158776,0.029315856476399532,0.8302132111840824,0.04,,0.0,-0.0807464045188856,0.15,,,1.3010691143015494,,0.9079019312460992
2022-04-13,-0.9783869862654646,0.20830851050802712,0.1,-0.09112986392247939,0.21221527145684907,0.2533547125754244,2.0,-0.546244593119438,0.0,0.06334871515535354,-0.6116089360268621,-1.1444881769152893,0.02688919182011855,0.8617779712541507,0.02,,0.0,-0.031742919263671746,0.15,,,1.3777908162071824,,0.36995401693934493
2022-04-14,-0.9272866252454486,0.2733721082171372,0.1,-0.19206698487574256,0.07408028723169893,0.31972165585374795,2.0,-0.5854661187386434,0.0,0.04939682306775076,-0.7924114080106441,-1.1357829725171478,0.022971719770348425,0.8899623988976613,0.0,,0.0,0.055690818146942364,0.15,,,1.470068875540331,,0.31044312674384916
2022-04-15,-0.8857422200772558,0.3158722493269873,0.1,-0.3244448281525894,-0.08255788378935808,0.35946712587119667,2.0,-0.6282055163648871,0.0,0.0024686852161978634,-1.120876938869266,-1.1278052201170774,0.01838186738531034,0.915903459219317,0.0,,0.0,0.10696210853824532,0.15,,,1.3675517510507633,,0.6169236574083348
2022-04-18,-0.8880340042607413,0.31253197022689694,0.1,-0.4902969053260102,-0.27166541172932873,0.36198359894879745,2.0,-0.6748728646100771,0.0,-0.04212395443031551,-1.5148618700935188,-1.124574777951242,0.012170999287593574,0.9377595526133201,0.0,,0.0,0.27508924204504154,0.2,,,2.3234795645113513,,2.3984978480632617
2022-04-19,-0.9414407942836543,0.2947689331787797,0.1,-0.7570374187212124,-0.5079628149475506,0.3069975068414193,2.0,-0.7256444250147475,0.0,-0.12249855180975981,-1.8579196301056453,-1.1211174377872943,0.006575161411415767,0.9552322039275376,0.0,,0.0,0.32178846265978944,0.25,,,2.234099997156301,,1.5935651730594262
2022-04-20,-1.0199929167637813,0.26863349524457725,0.1,-1.0798887937077586,-0.8055569113464566,0.20329886172071449,1.0,-0.7800718079445541,0.0,-0.2353072851995724,-1.9428960382570228,-1.1175023179294161,0.0010999568474299567,0.977061188551069,0.0,,0.0,0.42990276620382506,0.3,,,2.8394877691095464,,1.7613774268698297
2022-04-21,-1.1233183046308715,0.2637995828929621,0.1,-1.3760950567510148,-1.1039290248060647,0.07118437490246118,1.0,-0.8373448291891055,0.0,-0.38089763510352287,-2.2167386734606778,-1.110320387486456,-0.0038170548748641744,1.0011221624296278,0.0,,0.0,0.5852123120856801,0.35,,,3.2014620361347776,,2.6231165986848546
2022-04-22,-1.1910999777689293,0.2534925938689425,0.1,-1.660668069444988,-1.3738758797206627,-0.05742513197635689,1.0,-0.8967811720358607,0.0,-0.5026447374182804,-2.0582054536514502,-1.101517579427524,-0.009088104506724587,1.030035725256592,0.0,,0.0,0.7314783153464096,0.4,,,3.0267078464386774,,2.34748577489367
2022-04-25,-1.2650276119120567,0.1922847720402815,0.1,-1.9980470662767937,-1.7181593145271978,-0.2116428349071445,1.0,-0.9576526520479796,0.0,-0.6522682033866997,-2.307952069115413,-1.0927900090905691,-0.01338696958867458,1.0594224367509524,0.0,,0.0,0.7774929706429108,0.4,,,4.15558154628677,,0.00017661768282358905
2022-04-26,-1.2615540112618666,0.19601095815195646,0.1,-2.161397356666854,-1.9090277481932911,-0.35096330758971284,1.0,-1.0186176024767242,0.0,-0.8008456317047485,-2.222778152953762,-1.08088450049533,-0.013977795597382143,1.0864282681064532,0.0,,0.0,0.7031019469483648,0.35,,,3.370197272658538,,0.2303837812324556
2022-04-27,-1.274849937188676,0.18523992669742095,0.1,-2.284409953706408,-1.9883827518823933,-0.476264269898315,1.0,-1.0792777573903853,0.0,-0.9670838070246554,-2.1982143342574303,-1.0694211395166477,-0.013171247676086477,1.1047894075130709,0.0,,0.0,0.71741314447904,0.35,,,3.3818004422484,,0.39990780674544457
2022-04-28,-1.3290849742041284,0.15254450727289337,0.1,-2.2999949234431822,-2.0331007937239636,-0.5899965109139483,1.0,-1.1390964785138993,0.0,-1.114545456752704,-2.1708021021513026,-1.057351060877131,-0.014611070329454195,1.1207570719632833,0.0,,0.0,0.6839484533377453,0.35,,,3.9395362111137078,,-0.1782461940419942
2022-04-29,-1.3911314301615696,0.14122944513836555,0.1,-2.2296877049342196,-1.9702672838892408,-0.6843479122693019,1.0,-1.198040733914197,0.0,-1.251615954728372,-2.1258897956552874,-1.0457881562171187,-0.014351489942101052,1.1288438386592536,0.0,,0.0,0.6850733244206928,0.35,,,3.6653397497345095,,-0.5386089048047645
2022-05-04,-1.4782593494048366,0.18093198074644745,0.1,-2.24945728573595,-1.9587103454705144,-0.7900932622445656,1.0,-1.256403460569321,0.0,-1.4182448160671908,-2.090559769893149,-1.0349102478847314,-0.012665121042535515,1.13351566009879,0.0,,0.0,0.8050367341054946,0.4,,,3.401207166837826,,1.3570524141116922
2022-05-05,-1.5814639482649047,0.2709065380245623,0.05,-2.2985865835759256,-1.9727987902255824,-0.8906828229590882,1.0,-1.3133249919186523,0.0,-1.5525182764102228,-1.7916739945463311,-1.0284299402818717,-0.008299806391746394,1.1358896639080316,0.0,,0.0,0.7525507533038811,0.35,,,3.402534535193108,,0.4702169198927973
2022-05-06,-1.6831130660473796,0.3641315441186769,0.05,-2.2752593098904064,-2.072688212379571,-0.9976212032618939,1.0,-1.3681433963935006,0.0,-1.6888338699513075,-1.765521982169314,-1.0276001933354424,-0.005885182047002163,1.1394963692736422,0.0,,0.0,0.9173969375769729,0.4,,,3.66910674312152,,2.036563878178334
2022-05-09,-1.8154157012107177,0.5084706159171222,0.0,-2.252698826571181,-2.2662405565740116,-1.1489301389316313,1.0,-1.420210284611164,0.0,-1.8222988182019626,-1.9982696862350129,-1.0248006844482254,-0.0016837040256091568,1.1442425961915312,0.0,,0.0,0.816831942373146,0.35,,,4.4546541727489215,,-0.3794955919307222
2022-05-10,-1.9038409753229129,0.6020297539653146,0.0,-2.231049310873981,-2.3660630570274845,-1.2881596241758737,1.0,-1.4681765147490755,0.0,-1.828865068388709,-1.631531067490301,-1.0212286292484802,0.0016352576290697433,1.1513271727305179,0.0,,0.0,0.8789780411031799,0.35,,,4.074959104492042,,0.645271754697286
2022-05-11,-1.9476655344765337,0.6137118546333129,0.0,-2.2105623203314533,-2.3889420193006203,-1.3915389856946228,1.0,-1.511465928554252,0.0,-1.828865068388709,-0.6480892362980051,-1.0131101469173702,0.004797826241272025,1.1592746906543645,0.0,,0.0,0.8667908445909269,0.35,,,3.9567924786432975,,0.36332885614651533
2022-05-12,-1.9904106657426603,0.6332542394542711,0.0,-2.1916402983415777,-2.508512274630294,-1.487615773868098,1.0,-1.5502192516304203,0.0,-1.828865068388709,-1.410369260383538,-1.0053542657387629,0.008118189698902956,1.170570318407206,0.0,,0.0,0.7839908398850527,0.35,,,3.838902870483464,,-0.7480981628713852
2022-05-13,-2.0394091367586817,0.6558820516205894,0.0,-2.173353973400302,-2.598399024300482,-1.609243819488185,0.0,-1.583638598270952,0.0,-1.828865068388709,-1.751375427715352,-0.9991544784964378,0.009408388412033007,1.1830016132670995,0.0,,0.0,0.781841320468197,0.35,,,3.9340738636619133,,0.32696362860222905
2022-05-16,-2.0870958908085337,0.6906456484757306,0.0,-2.154684165936116,-2.598399024300482,-1.720618601418002,0.0,-1.6099822244356896,0.0,-1.828865068388709,-1.593439513082931,-0.9903852286793641,0.01082893615176873,1.1990749227194952,0.0,,0.0,0.8926693481499373,0.4,,,3.7200119641024125,,2.5270036803786557
2022-05-17,-2.1422631344477017,0.7745634401994057,0.0,-2.1366946053807387,-2.598399024300482,-1.8074871510890649,0.0,-1.6283119348123922,0.0,-1.828865068388709,-1.3834901733710452,-0.9858443276393395,0.010924951553714124,1.2107655455105597,0.0,,0.0,0.7995307401216973,0.4,,,3.48577772344985,,-1.2458485031564626
2022-05-18,-2.1566245092909093,0.7836817454309966,0.0,-2.100251502879915,-2.598399024300482,-1.8329075243547668,0.0,-1.6382384780300872,0.0,-1.828865068388709,-0.6818296294834971,-0.9804213467385974,0.009929288997765368,1.2186291865937968,0.0,,0.0,0.7282842054499772,0.35,,,3.2542238591715895,,0.9735671546288592
2022-05-19,-2.1566245092909093,0.8173065064804674,0.0,-1.8980279938149405,-2.598399024300482,-1.7948696022973452,0.0,-1.6396618188863605,0.0,-1.828865068388709,-0.826989709687225,-0.973777717601216,0.009700874612676588,1.2299972978369895,0.0,,0.0,0.6503807110774529,0.3,,,3.029038410039143,,0.035495285608939144
2022-05-20,-2.1566245092909093,0.8231815702205156,0.0,-1.6270618254352451,-2.598399024300482,-1.704992523054478,0.0,-1.632603884339486,0.0,-1.828865068388709,-0.5042805392495529,-0.9629495824137513,0.010643735543130724,1.2473027978715634,0.0,,0.0,0.5431287556000804,0.25,,,2.804463416703258,,-0.3836616826776177
2022-05-23,-2.1566245092909093,0.8234633052268979,0.0,-1.4094635625189844,-2.5906628413390216,-1.59287334144717,0.0,-1.617684669074619,0.0,-1.828865068388709,0.15864337984406662,-0.9530974419913839,0.010694238452992059,1.2682395665449877,0.0,,0.0,0.46406655649388523,0.25,,,2.5852611418861806,,1.041872616560949
2022-05-24,-2.1566245092909093,0.8330592280183562,0.0,-1.1788171881643592,-2.5340182801171838,-1.4660315252684488,1.0,-1.5952788737414896,0.0,-1.828865068388709,0.026460180716522563,-0.9402064725013595,0.01233441839128108,1.2930546629344604,0.0,,0.0,0.4208477673478047,0.25,,,2.361229682121973,,1.483109991972059
2022-05-25,-2.1566245092909093,0.8487745779914407,0.0,-0.7966758685409397,-2.37225659867704,-1.2739435863997899,1.0,-1.5657156107687165,0.0,-1.772401673777619,0.7709855221297699,-0.9256030831874057,0.015075830687497495,1.317647487708586,0.0,,0.0,0.43427054959556866,0.25,,,2.0020025928008196,,0.26863226263810364
2022-05-26,-2.1566245092909093,0.8497696468959403,0.0,-0.5106288214189418,-2.2006155447945948,-1.0583287551901472,1.0,-1.5304015424805133,0.0,-1.61976763997753,1.317202631808204,-0.9099557954220926,0.019795891809834217,1.3435922638083593,0.0,,0.0,0.3846809700196865,0.25,,,1.9454188250257436,,-0.7614078102851896
2022-05-27,-2.153271743297678,0.7893877276560586,0.0,-0.27021226768400575,-1.9936216286668627,-0.8338585406588402,1.0,-1.4897666819573987,0.0,-1.4400511703290053,1.862003233758435,-0.8944373062693781,0.024104521048786083,1.3715327169800369,0.0,,0.0,0.3257422080112124,0.25,,,1.2933999218475274,,-0.7788674334240361
2022-05-30,-2.098335539789674,0.7077673395920236,0.0,-0.033351487891599786,-1.765951955196055,-0.6095472601755088,1.0,-1.4439726597334201,0.0,-1.2564465847530175,1.9427168223242313,-0.8774933726641437,0.028951053085251307,1.40215141368759,0.0,,0.0,0.2835082686694873,0.25,,,0.9552433469341318,,-1.0229249808764957
2022-05-31,-2.0525011699696454,0.6471296782641108,0.0,0.08288950886644658,-1.5855629279166825,-0.4128286125858723,1.0,-1.393382477528737,0.0,-1.0878063008556405,1.6727200965461018,-0.8604485546840419,0.03344269734240452,1.4324870525005202,0.0,,0.0,0.3080005370032747,0.25,,,0.8606953854658566,,-0.04876353812901704
2022-06-01,-2.0086615393929454,0.5839715718727878,0.0,0.21040002293220686,-1.43674530037227,-0.22857295934199356,1.0,-1.3378169077481201,0.0,-0.9176841864690564,1.7175067368822063,-0.8426763453691798,0.03746699274114516,1.4650803008351891,0.0,,0.0,0.2445792351789476,0.2,,,0.6815611186410702,,0.08862637762514956
2022-06-02,-1.9790563823834433,0.5571850992118788,0.0,0.3045208544378024,-1.348700581296884,-0.06862189508896085,1.0,-1.2777730920248538,0.0,-0.753999620130138,1.865743806774471,-0.8274367626991734,0.03977580778587222,1.490784638383557,0.0,,0.0,0.2064346020798919,0.2,,,0.758072976062298,,-0.292675742088317
2022-06-03,-1.9489518097044527,0.5423416777024729,0.0,0.4342226037437795,-1.2958171287926343,0.0910396824574318,1.0,-1.2135174745297723,0.0,-0.586138693451906,1.9537984275322064,-0.8124812785302408,0.03939591973889512,1.5139354579791404,0.0,,0.0,0.091988648686643,0.15,,,0.7275935135593098,,-0.252355189686643
2022-06-06,-1.8830552281922714,0.5293532312632043,0.0,0.6058305229982536,-1.2810995808513184,0.27825413235965424,1.0,-1.1456113898481433,0.0,-0.3977673914170571,2.101951503321648,-0.7969366584151786,0.03862757113652369,1.5317240369514442,0.0,,0.0,0.20166188411006422,0.2,,,0.5058369509952463,,1.8139691165377025
2022-06-07,-1.826248739905837,0.5136230489787639,0.0,0.6958227446239799,-1.2803446072294606,0.45497593103899814,1.0,-1.075226031851229,0.0,-0.2282178661483789,2.0454810137645563,-0.7784632119837327,0.03968208277458598,1.5489534482142102,0.0,,0.0,0.2661531984311747,0.25,,,0.4253452258187815,,1.9350980411194953
2022-06-08,-1.7571010546683143,0.4819615380289669,0.0,0.8026894214657059,-1.1932524808646272,0.6240897309190839,1.0,-1.0029775632740963,0.0,-0.10582526792493448,2.0341762115342807,-0.7604607470928464,0.04158155686478174,1.5663572853616827,0.0,,0.0,0.2959848081973466,0.25,,,0.2664562006014763,,0.9599610514699531
2022-06-09,-1.6959515023758225,0.46906758694326844,0.0,0.9926412664298442,-1.0997732386175025,0.8199938380804802,1.0,-0.9293707589247691,0.0,0.060750884138686435,2.089134383357634,-0.7425819793203199,0.04318548511763676,1.5834611224474537,0.0,,0.0,0.3045041665442988,0.25,,,0.24952662777741202,,-0.5777109959323402
2022-06-10,-1.6286034137744472,0.4708333952568796,0.0,1.168900957898673,-1.0960025349931624,1.0314954329855923,1.0,-0.8555635812296545,0.0,0.24491190196411816,2.029820707260576,-0.7286316166212979,0.04121642681341258,1.6003051903460124,0.0,,0.0,0.32060462295927245,0.25,,,0.19906814761076708,,0.6489727569017012
2022-06-13,-1.6028675978615081,0.4938998051120609,0.0,1.221293335850971,-1.1860023327626996,1.193621904735417,1.0,-0.7828380737054264,0.0,0.390799157536507,1.3641692297481924,-0.7126016213246439,0.03778349588983693,1.6184444173354806,0.0,,0.0,0.206513278692087,0.2,,,0.275648284239755,,0.2451767950349468
2022-06-14,-1.5645709678498394,0.5194987824405732,0.0,1.1545069279976867,-1.274750020691423,1.3153360141337385,1.0,-0.7116876163472715,0.0,0.518270442454043,1.1370165534324452,-0.6990285054590369,0.033273033355009855,1.6350836309862484,0.0,,0.0,0.38334158346351055,0.25,,,0.1603044368669699,,2.2907175922720078
2022-06-15,-1.5272161772697541,0.5471129263055252,0.0,0.9952687113621208,-1.4129515520066087,1.369677924439653,2.0,-0.642148347178517,0.0,0.5613019523976999,0.10986872577793588,-0.6906165928546922,0.026472436363227995,1.650122195137744,0.0,,0.0,0.4338312683529203,0.3,,,0.08602239064881434,,1.9833608524170547
2022-06-16,-1.4775218113989466,0.5728151829821577,0.0,0.9065723003976054,-1.4845206823775856,1.3912336051861947,2.0,-0.5738373744569848,0.0,0.6167375937430386,0.17351286483285727,-0.6830913355276336,0.021369674883131514,1.667109121290957,0.0,,0.0,0.5535545795446672,0.35,,,0.0011845144188142901,,2.4299615094438805
2022-06-17,-1.4288923246630232,0.6033515316171452,0.0,0.7463741605323503,-1.6038868955171441,1.3765403923035768,2.0,-0.5070137910636376,0.0,0.633283406554457,-0.3055908041757235,-0.6723588464801196,0.018925717274132045,1.6876040036906275,0.0,,0.0,0.6898363518380839,0.4,,,-0.06438865811088863,,2.341973763190715
2022-06-20,-1.387953590269075,0.6419179678725535,0.0,0.5864941450407541,-1.7779354933332967,1.3319267312655199,2.0,-0.44132416340531505,0.0,0.5841933194237747,-0.9642364958815814,-0.6674057431853382,0.012671792884694832,1.6925466036637513,0.0,,0.0,0.6834549675030752,0.35,,,-0.15296823332674506,,0.914244929860773
2022-06-21,-1.3479928501272407,0.6869176954706357,0.0,0.3828700182015624,-1.958475115085677,1.25243518425103,1.0,-0.3764709389185182,0.0,0.5526142906613078,-0.761364449037453,-0.6567026473284598,0.009908242866804137,1.7002140830525447,0.0,,0.0,0.7272309270634193,0.35,,,-0.24785355573369705,,2.358629183178941
2022-06-22,-1.3423669273624832,0.6977094555790404,0.0,0.1501208580909,-2.061818746242488,1.1346741889594978,1.0,-0.3119988418139244,0.0,0.46522780597753427,-1.1187860078852394,-0.6414184223001435,0.010239581981282721,1.7063101087150352,0.0,,0.0,0.8300250284101933,0.4,,,-0.49778012573279556,,2.3245142895735844
2022-06-23,-1.3170291540189198,0.7446978354894436,0.0,0.001417982064127125,-2.056883414386955,1.0094233773753283,1.0,-0.24755758970142389,0.0,0.3555099947361454,-0.9942120231030915,-0.6238556034373716,0.012328131585023017,1.7146281463741575,0.0,,0.0,0.9102066623624431,0.4,,,-0.5500849737357911,,0.8422248687598057
2022-06-24,-1.3194134772777661,0.7426134941397149,0.0,-0.16831917453720185,-2.036742762716501,0.8714824370735684,1.0,-0.18325238618026496,0.0,0.22036478943705054,-0.9274075174538021,-0.6069867809308961,0.012690772036283205,1.7185621329160563,0.0,,0.0,0.8921852789137492,0.4,,,-0.6655105606128816,,-1.1392951023979134
2022-06-27,-1.3354327058310298,0.7390776286580056,0.0,-0.2814875832467482,-1.9343378423326127,0.7398198671070774,1.0,-0.1188906418027258,0.0,0.10517737940885649,-0.41830925847895506,-0.5872663739672,0.014623273194903289,1.7252749616272862,0.0,,0.0,1.0085779420386878,0.45,,,-0.7790843673062873,,1.304928281622277
2022-06-28,-1.3246808363902387,0.7294567398646916,0.0,-0.32377377714471056,-1.8009452834185276,0.6386588221359041,2.0,-0.05447064179671113,0.0,0.023713999901958972,0.007169281350325796,-0.5632253550045714,0.018840433609797435,1.732367311646644,0.0,,0.0,1.0490282066111598,0.45,,,-0.5761314859355475,,0.7602417533204251
2022-06-29,-1.3074062827271309,0.7023948349360589,0.0,-0.35540283671948936,-1.687128018869341,0.5576218767356342,2.0,0.009871249211059674,0.0,-0.049429594184716416,0.24579864533856033,-0.5341231979019913,0.025099903151260622,1.7408773549882535,0.0,,0.0,0.9948752416638772,0.45,,,-0.4665289700200998,,-0.9944329213205052
2022-06-30,-1.3169626855297745,0.6986303218161709,0.0,-0.40551992560447425,-1.6491121204726618,0.47731491849197794,2.0,0.07423596014662154,0.0,-0.15916001225014095,-0.29857121221022276,-0.5039941999011555,0.029856542837174413,1.749236967682885,0.0,,0.0,1.0441844711107724,0.45,,,-1.0893437380818691,,0.6935088468495857
2022-07-01,-1.299673736574028,0.6968754934187897,0.0,-0.41658163411907584,-1.6035197798198273,0.40454749259345857,2.0,0.1387879397919317,0.0,-0.23021984303583456,0.5813731185128432,-0.4712329443658481,0.03527020658606033,1.7541726727086102,0.0,,0.0,1.0958509365289724,0.45,,,-0.8739250227133762,,0.7809741186773571
2022-07-04,-1.3162511174856304,0.6952714793040683,0.0,-0.3836016519848717,-1.5489850878333813,0.3435084672680973,2.0,0.2035597751116732,0.0,-0.28648419211011245,1.0481081450902758,-0.4380223756073001,0.04068932871714717,1.7545700823941086,0.0,,0.0,1.0232125691400902,0.4,,,-1.2961604399117441,,0.36120176876005905
2022-07-05,-1.3259993689859833,0.6973981264739467,0.0,-0.39369876570513496,-1.5520353017695616,0.2869121104394863,2.0,0.2686803116363681,0.0,-0.34413500276177234,0.9880928100116516,-0.4059268877389044,0.045941891075667395,1.747451175758662,0.0,,0.0,0.972442337678061,0.35,,,-1.2688529020016888,,0.9196934118789113
2022-07-06,-1.355899422323699,0.7145470728854288,0.0,-0.5549020701542579,-1.6281384122871922,0.20774729558718508,2.0,0.3344391910953758,0.0,-0.4129353446813465,0.788366358614852,-0.37132167830915686,0.05256325506830989,1.7366089234165698,0.0,,0.0,0.9488282286285085,0.35,,,-1.4989593918611124,,0.48767887047890346
2022-07-07,-1.3720990419960077,0.7262590389071124,0.0,-0.6660128785694088,-1.64707890826812,0.12717997281927246,2.0,0.4017193508774322,0.0,-0.49189393023665506,0.6775375943903801,-0.3426382371062517,0.05731684140963522,1.721362986623958,0.0,,0.0,0.9379664844777466,0.35,,,-1.4654075769651955,,-0.7949458789475788
2022-07-08,-1.3881299178347535,0.7400320921102089,0.0,-0.6317412501854437,-1.602220155540453,0.06436621255083107,2.0,0.47092327333978423,0.0,-0.5622498762435948,0.8114465628753658,-0.31503391135361464,0.058783251043390564,1.709549029476939,0.0,,0.0,0.9133488948597384,0.35,,,-1.5678396646895087,,0.15662096454153715
2022-07-11,-1.370448218809784,0.7580555838920645,0.0,-0.5467539421718586,-1.5921914045026766,0.039193082026009525,2.0,0.5420991193557578,0.0,-0.6056824045020246,0.7011000274323999,-0.2882234937761032,0.058051414279762965,1.6993123718313492,0.0,,0.0,0.9223448921838321,0.35,,,-1.8362108581495604,,0.42509674151682086
2022-07-12,-1.3597182091775175,0.7600066038838573,0.0,-0.37730687974065574,-1.500005517193501,0.04858046459073397,2.0,0.6152612771310044,0.0,-0.631339173076283,0.8414578050256983,-0.2611593820209129,0.05644999096145,1.6902404062413838,0.0,,0.0,0.7984933270181066,0.3,,,-1.7637665270188971,,-0.18631371104250194
2022-07-13,-1.3424613078434349,0.758229601770265,0.0,-0.16801542962428453,-1.4162261723733505,0.08916836972304008,1.0,0.6900968237515268,0.0,-0.5931529221831309,1.0820069618436696,-0.23166119889850972,0.0529249838136716,1.682130366521634,0.0,,0.0,0.6759999764146587,0.25,,,-1.6624054987574535,,-0.4665061596519027
2022-07-14,-1.3320892816056835,0.7485187079389879,0.0,0.013037855064198748,-1.3043388324112977,0.13773132222887127,1.0,0.7661927755023881,0.05,-0.5645570417247907,0.9403364628226891,-0.202993409480899,0.049200359174628644,1.6738481437527915,0.0,,0.0,0.5310799473310737,0.2,,,-1.5425390758367499,,-0.468439072227819
2022-07-15,-1.3218777754035023,0.739430825217021,0.0,0.21402382336732123,-1.2192126814582032,0.19756636937048327,1.0,0.8435493393557205,0.1,-0.522429764939959,0.7035891601419132,-0.17083210370523477,0.04696277403222801,1.6648839942858373,0.0,,0.0,0.35540536004444934,0.15,,,-1.6136834654055345,,-1.1715179825417734
2022-07-18,-1.3119664130774038,0.7362757245713993,0.0,0.4800592366146823,-1.1246282022808922,0.27995731741444974,1.0,0.9217867138153458,0.15,-0.4597138499894745,0.42265002394053913,-0.13549950600708796,0.04260338889217098,1.6534124616528478,0.0,,0.0,0.2844297370957046,0.15,,,-1.9117987131702416,,-0.5052675291141202
2022-07-19,-1.3022315996729028,0.7332976375533105,0.0,0.7424933600846169,-1.0449029722749692,0.37610059316633654,1.0,1.000172234644886,0.2,-0.3887822508359863,0.741802041659686,-0.10446374758513059,0.03654761177448655,1.6372924311850172,0.0,,0.0,0.1333041394391726,0.1,,,-1.9872023697647583,,-0.6638827699516999
2022-07-20,-1.2394935997353431,0.7215181289138797,0.0,1.0071597208546408,-0.8975487990614828,0.4804883195660234,1.0,1.0780481854512547,0.25,-0.2659996359723499,1.3466098928074182,-0.07546885007904386,0.030965593120660002,1.622015338382345,0.0,,0.0,-0.005901670017544552,0.05,,,-1.0865987580781296,,-0.4596018995607589
2022-07-21,-1.1843994240177607,0.6834312021865587,0.0,1.1258205052907533,-0.7951244898559688,0.5744666304081651,1.0,1.1550108523940799,0.3,-0.14469340520342877,1.3569271224657764,-0.041943485020099786,0.029545429803702544,1.605753108336562,0.0,,0.0,-0.055484550768421736,0.05,,,-0.8800856588323533,,-0.14943274625773798
2022-07-22,-1.1166088790895847,0.6268475289895157,0.0,1.1829563571336688,-0.7386034277942196,0.6564387332148776,1.0,1.2311975762257272,0.35,-0.03583432563030124,1.1015802924887552,-0.0038328796846307566,0.02762219006477816,1.590130150182739,0.0,,0.0,-0.06356353962281236,0.05,,,-0.3886703210929346,,-1.3008748794857259
2022-07-25,-1.0763918668503092,0.631791131382081,0.0,1.1176096884410458,-0.7230249289042642,0.7097526994631865,1.0,1.3065276987148582,0.4,0.04984932936492614,1.0724693865838066,0.0364619729277487,0.028043600337607694,1.5714318002365126,0.0,,0.0,-0.17164361552139556,0.0,,,-1.483981982558144,,-0.8566732363493872
2022-07-26,-1.0699931616375555,0.6292293352959999,0.0,0.9824952718661907,-0.7427226568529868,0.7262475238492252,0.0,1.3811923244819744,0.45,0.09147932477625852,0.5564914256147488,0.07246939330615089,0.02594208534913757,1.5548421890152988,0.0,,0.0,-0.24680964523832266,0.0,,,-1.799335500782064,,-0.7430788410181166
2022-07-27,-1.0573854750186784,0.612797584239799,0.0,0.9061352458735086,-0.7210857689939847,0.720711674747464,0.0,1.455368510558865,0.5,0.1613572006396396,1.2851209220778337,0.10901128521395309,0.02622656372480461,1.54062180801067,0.0,,0.0,-0.22308438151784,0.0,,,-0.9981036874998769,,-0.5199276469108522
2022-07-28,-0.9713968718116485,0.5372996485425435,0.0,0.9696024013322877,-0.6342653500761599,0.7259271207466638,0.0,1.5287341782522381,0.55,0.2730967493350499,1.4956984264320312,0.144933754949374,0.027087131172748136,1.5257325813580145,0.0,,0.0,-0.2695690575179951,0.0,,,0.43669705807066067,,-0.23618467315351535
2022-07-29,-0.9129600757379084,0.48444761231272426,0.0,1.008840819859179,-0.5625158256405502,0.7320443786578608,0.0,1.600604770813161,0.6,0.3393932298242385,1.402220447486262,0.1788547394724873,0.029331840316719083,1.5095783984416025,0.0,,0.0,-0.33848630654213674,0.0,,,0.13910269270050957,,-0.5973708618054772
2022-08-01,-0.7947373294435598,0.3684924939379681,0.05,1.106902846879451,-0.4232896776315281,0.751791113578119,0.0,1.6707530130992496,0.65,0.40220804745624406,1.7264829537546926,0.2202763496779713,0.03630930451067946,1.494683491446242,0.0,,0.0,-0.3627986934226633,0.0,,,1.9551564976386735,,-0.1250459688504718
2022-08-02,-0.6774020514930456,0.26816004771428636,0.1,1.268189437457047,-0.2767176546213773,0.785205837864377,0.0,1.7386516344362797,0.7,0.472323108492758,1.747587241883841,0.2581121284109687,0.04081743898252929,1.4785609521830607,0.0,,0.0,-0.4677177095096436,0.0,,,2.273358284987132,,-1.1786869098606945
2022-08-03,-0.5541452954969849,0.20549633213028118,0.15,1.5121398355818467,-0.11872757241799638,0.8414117797892,0.0,1.8036606323811082,0.75,0.5535752236603985,1.7015327592337866,0.293659470063673,0.046341966208307044,1.4632559839767652,0.0,,0.0,-0.5410825857986794,0.0,,,2.279370951022391,,-0.979618655301811
2022-08-04,-0.42521668790694933,0.13280699788384098,0.2,1.6686015899277515,0.013325575980262959,0.9001609069322132,0.0,1.864834615934069,0.8,0.6437727190527005,1.6986076491397017,0.3301807397422417,0.049794887947491775,1.4500099980946366,0.0,,0.0,-0.5747811797322452,0.0,,,2.8900125981658973,,-1.4689177576188972
2022-08-05,-0.30377782944198284,0.0958198867358031,0.25,1.758299313466457,0.14725894813534315,0.9524145808946536,0.0,1.921762554039617,0.85,0.7292860900879055,1.6850661240363103,0.3647235772416035,0.04998196829908521,1.4352893639187325,0.0,,0.0,-0.6145089541047449,0.0,,,2.5706796869651067,,-0.6379345229084575
2022-08-08,-0.16985598548041064,0.0756905140484686,0.3,1.8730980095871979,0.27539615927201966,1.0074743744664194,0.0,1.974148755977443,0.9,0.8230654583464865,1.6985653287143205,0.3976987500091013,0.04843872870095502,1.417130241040882,0.0,,0.0,-0.6936280276433052,0.0,,,2.8580082998782848,,-1.1572847292543844
2022-08-09,-0.03695983223416412,0.05578162321292379,0.35,1.900259278520486,0.40187836187948084,1.0496358902817668,0.0,2.0214950313273623,0.95,0.908706410831978,1.6317527098507167,0.4307093976696873,0.04630270998215794,1.3981316175656147,0.0,,0.0,-0.7521567926640758,0.0,,,3.1304111806298347,,-1.3568890114579122
2022-08-10,0.06874627814280564,0.06928741847681108,0.4,1.8979950252428277,0.49199496564051776,1.074809710284447,0.0,2.0637158117715733,1.0,0.9811555801727675,1.56093941633867,0.4603221818575824,0.04274682439440505,1.3760947979680191,0.0,,0.0,-0.7856835560116897,0.0,,,2.1905251992485364,,-1.137041426604182
2022-08-11,0.16732008050210587,0.08576493897954685,0.45,1.7992095310192155,0.5117770430342807,1.0795645086411516,0.0,2.100610234881942,1.0,1.0489243883946715,1.284828026614751,0.4917069756306688,0.03807698898598482,1.3595904455572032,0.0,,0.0,-0.8045114923716113,0.0,,,2.1623430249943616,,-0.8449977994262519
2022-08-12,0.28524107732354953,0.09332861234212741,0.5,1.770507947284521,0.5742117924061891,1.077394822659572,0.0,2.1322617615297705,1.0,1.1380189582036926,1.4350603468430907,0.5256596813760113,0.03510642651146337,1.3459681193247925,0.0,,0.0,-0.8015487659204462,0.0,,,3.014928193006187,,-1.1122634535184688
2022-08-15,0.41597551778055236,0.121354776134878,0.55,1.7674352560341544,0.6712575388439339,1.0780471255319728,0.0,2.1583338932680007,1.0,1.227327037847645,1.13591161624257,0.5607189923479782,0.0349067955769853,1.3345494752595621,0.0,,0.0,-0.8356742865902517,0.0,,,3.248465080747448,,-1.1877779425102304
2022-08-16,0.5590634579122197,0.15442970571481673,0.6,1.765468034075847,0.753411241575089,1.076329907317513,0.0,2.178657099088627,1.0,1.3008638790294382,1.1251043332689423,0.5911534926308276,0.029854895016743543,1.3246109489665452,0.0,,0.0,-0.8810484668451659,0.0,,,3.7363809532042755,,-1.5713663750499858
2022-08-17,0.6683788122537596,0.1702863313644799,0.65,1.6598131572506507,0.7960268187416942,1.060765405021389,0.0,2.1931792491794706,1.0,1.3080019676103738,0.41479516082910695,0.6194527620182533,0.022556793375999123,1.3132074600810617,0.0,,0.0,-0.9244338410201735,0.0,,,3.3692316948162158,,-1.3273093830609064
2022-08-18,0.758020695852642,0.20304802977337533,0.7,1.5523243729025682,0.78849990062726,1.0310492398211868,0.0,2.2022334508926678,1.0,1.3062834444735212,0.27869575891207127,0.6446391070905462,0.01636861630617727,1.3009849373431812,0.0,,0.0,-0.9997788662411565,0.0,,,2.7490523805604132,,-1.6563332506774022
2022-08-19,0.8147024867127282,0.23503549462018014,0.75,1.445178494874317,0.7335723251687307,0.9898025924938454,0.0,2.205862792966534,1.0,1.3011846731721404,-0.017341578132489988,0.6743497024404204,0.014085980538463173,1.2887390572739938,0.0,,0.0,-0.9980645073500035,0.0,,,1.891711138022269,,-1.2665877016626683
2022-08-22,0.9047316068672762,0.32690517572626654,0.8,1.3433799144250271,0.6420741899692002,0.9436670352796345,0.0,2.204104974864855,1.0,1.2568196906477955,-0.7764878399111552,0.7094138006663105,0.01651938822021759,1.2756838523028073,0.0,,0.0,-0.9854096374382972,0.0,,,2.1011662377166798,,-0.6035758381152605
2022-08-23,1.0078341098637271,0.47016246725606936,0.85,1.3466473497631228,0.6220602435253376,0.9029983519973449,1.0,2.196969108431103,1.0,1.240507359032302,-0.6777790159045973,0.7472449166909889,0.016860180457503843,1.2620650455826334,0.0,,0.0,-1.0098709151897935,0.0,,,2.30160209999438,,-1.2323043960480413
2022-08-24,1.0904484716148977,0.5993986608405358,0.9,1.3226423693346394,0.6162089512408124,0.8642743256020033,1.0,2.1841255832743824,1.0,1.1873163482877358,-0.6127842193584815,0.787041925894523,0.016599878885320236,1.2505420968051226,0.0,,0.0,-1.0504989865756522,0.0,,,2.218820980435218,,-1.3324890746280258
2022-08-25,1.1648443567423654,0.6370904004127778,0.95,1.2483695624407631,0.625772029323645,0.8218518958443919,2.0,2.165783060320584,1.0,1.1532681182137279,0.049745030359252596,0.825098731455583,0.016060647057210217,1.2360267138722532,0.0,,0.0,-1.0972140959784444,0.0,,,3.0672184211739024,,-1.1704868612093575
2022-08-26,1.2261295583848701,0.7458572730459652,1.0,1.133213299732611,0.5797076724756665,0.7739568332461019,2.0,2.1422877294219624,1.0,1.0923542811226625,-0.508170764804345,0.8558646308508026,0.01123183269941877,1.2195457248839623,0.0,,0.0,-1.109171863332663,0.0,,,2.2638935693846993,,-0.8365262088898536
2022-08-29,1.2340277205476307,0.7554708667031167,1.0,0.8907913260555461,0.47381359108205556,0.6994872906409305,3.0,2.1138935848233857,1.0,0.9943832227648055,-0.8399437401433563,0.8969332905091579,0.016110937071909564,1.2051335278883761,0.0,,0.0,-1.089890485215568,0.0,,,1.733454980677036,,0.26058159349143045
2022-08-30,1.2286863113021687,0.7488076166532103,1.0,0.6424320852319182,0.370376819087159,0.6112447539968018,3.0,2.081293862012731,1.0,0.8958141667282267,-0.7475442873742023,0.9346912054950338,0.019311216244327706,1.1884130852188468,0.0,,0.0,-1.072034069820099,0.0,,,1.451805857221079,,-0.8215586019513142
2022-08-31,1.2297069056339844,0.749808682133774,1.0,0.42285689461103215,0.3081818013883186,0.5162498761721589,3.0,2.04490152520228,1.0,0.8040804490047296,-0.5744810055398448,0.970924810953121,0.02271678559347979,1.170884354252341,0.0,,0.0,-1.0944327800078921,0.0,,,1.5945170354002354,,-1.4275928590576752
2022-09-05,1.2109715731745694,0.7372681013960503,1.0,0.22893202605647497,0.2465726913722836,0.4152131394174485,3.0,2.005125441204598,1.0,0.7106276471346167,-0.5223198290726154,1.0008921397676829,0.024120945308036743,1.1507115827266474,0.0,,0.0,-1.0376311458431144,0.0,,,1.3279081076358519,,-0.3328850743233406
2022-09-06,1.1988531224779195,0.7267982750432447,1.0,0.038757408128486354,0.19166968923578637,0.3167591535200166,3.0,1.9622898821685837,0.95,0.610104239500511,-0.5915360304391022,1.0326172141014316,0.023985585750911326,1.1339028897580463,0.0,,0.0,-1.0675926218857987,0.0,,,1.2674024454290063,,-1.237164043762148
2022-09-07,1.1286677061248263,0.5899741134584807,0.95,-0.22060925776347828,0.06363454853054758,0.2024833215268945,3.0,1.9167643082381436,0.9,0.4721411905672451,-1.2441770653453417,1.0552314671228735,0.0178865892330348,1.1149361674557554,0.0,,0.0,-1.008908833353275,0.0,,,-0.24034812964630212,,0.0163910413960941
2022-09-08,1.0328838630397696,0.4474936894511615,0.9,-0.4954863646680419,-0.08046327507079007,0.07614224593173993,3.0,1.8691908117560214,0.85,0.32418178600598085,-1.4110642391102157,1.0704453260079545,0.009593279176549252,1.095830368326812,0.0,,0.0,-0.9529772938734971,0.0,,,-0.7537375490901354,,-0.23825822186235276
2022-09-09,0.9764686676666035,0.38544965061631464,0.85,-0.6551434636518865,-0.14695060142586996,-0.04083536385578124,3.0,1.8200675683583765,0.8,0.1736812600290441,-1.4264582009984532,1.0850008004442302,0.0015275842653245562,1.0773585199669178,0.0,,0.0,-0.9197679874621135,0.0,,,-0.2201024645471676,,-0.47285529837651014
2022-09-12,0.9265018976734416,0.34454284212594455,0.8,-0.7346105370196679,-0.20536684505695268,-0.1450018842520613,3.0,1.7694852782489474,0.75,0.033227218705077,-1.4107378986482644,1.0994428477785698,-0.005590876371544578,1.0599657668411624,0.0,,0.0,-0.9246853153034602,0.0,,,-0.05244967319216476,,-0.9433443562531865
2022-09-13,0.8440020603072643,0.29843629849132003,0.75,-0.8487244766341813,-0.2558709068228467,-0.2421612650161446,3.0,1.7174120227715126,0.7,-0.10916830100117152,-1.213663144597685,1.1086479099859499,-0.012491826972410199,1.0442261743061823,0.0,,0.0,-0.9170138938620115,0.0,,,-0.3575198996399338,,-0.9588350246894937
2022-09-14,0.7487916379495988,0.26055358858701105,0.7,-1.0202935369398947,-0.32956249422235234,-0.344373557281915,3.0,1.6641572253309778,0.65,-0.23774406602860002,-1.181938281630984,1.1202388486710226,-0.014948760923736478,1.0312586850281225,0.0,,0.0,-0.8854614290539615,0.0,,,-0.48606318144409527,,-0.5567286463492304
2022-09-15,0.6281763660792048,0.23265465973037425,0.65,-1.1721936816931144,-0.40031729500850605,-0.4410436943398932,3.0,1.6101462751703686,0.6,-0.3651180814867441,-1.1106757615352774,1.1330380584720128,-0.018595830914368075,1.0213320100528875,0.0,,0.0,-0.8830017987159536,0.0,,,-0.7383426092319266,,-1.5221737682898293
2022-09-16,0.5145751471334711,0.21479463290945044,0.6,-1.3330869688941716,-0.5222987738050399,-0.5347154991728571,3.0,1.5555593677102304,0.55,-0.4809030628479909,-1.5471944761093384,1.1433832125232177,-0.022986743146294772,1.0139140523006602,0.0,,0.0,-0.8281139503949744,0.0,,,-0.6978300728468619,,-0.22955241664132287
2022-09-19,0.3951663957587022,0.16487979400933384,0.55,-1.5010508689545834,-0.7053030167724528,-0.6378268573270848,3.0,1.5006330558083323,0.5,-0.6061088245093509,-1.8475457778284219,1.1513910612168354,-0.032022575200196454,1.007007504211942,0.0,,0.0,-0.7281545919468594,0.0,,,-1.0320285437538392,,0.3428539182848986
2022-09-20,0.29574067165563733,0.11555407426817677,0.5,-1.5240994635100007,-0.7918013164577811,-0.7278485942668935,3.0,1.4456711152438722,0.45,-0.7100281461106824,-1.6948891413426161,1.161928095923509,-0.03767562971976537,1.002422634893089,0.0,,0.0,-0.7212084198980271,0.0,,,-0.975049521510864,,-1.1276642606860212
2022-09-21,0.19023476840963693,0.08651197434443691,0.45,-1.5311927552294133,-0.8996933171576267,-0.8064207023873063,3.0,1.3905845310122447,0.4,-0.7665596315918635,-1.5160739185603642,1.1720454882116993,-0.040158604481395514,0.9969777968551226,0.0,,0.0,-0.7696327270931241,0.0,,,-0.9162285355113755,,-1.5720619820172022
2022-09-22,0.0722157640220554,0.07059796876104707,0.4,-1.534491672917257,-0.9311543164550051,-0.8759746033902557,2.0,1.3354063619627123,0.35,-0.8210235979403298,-1.3935556150401205,1.1825937737484555,-0.039143204994225654,0.9920345822050836,0.0,,0.0,-0.7657372212300726,0.0,,,-0.9628725202869244,,-1.1543942787870112
2022-09-23,-0.032257544203233846,0.08481145528739797,0.35,-1.5815728672528684,-0.9933329971213942,-0.9422788162420632,2.0,1.2802515342089777,0.3,-0.8811486249347737,-1.4655979610340863,1.1893841590055494,-0.0391322422531296,0.9872051721472758,0.0,,0.0,-0.7733408122079843,0.0,,,-0.6982167162501564,,-1.4845608941862602
2022-09-26,-0.18057506635813808,0.13951860000364502,0.3,-1.7138955465765016,-1.1290731931689506,-1.0268795932763866,1.0,1.22521867338545,0.25,-1.0035278787620778,-2.045870122957957,1.1944779589194694,-0.039424887609289506,0.9810826142633162,0.0,,0.0,-0.6749342596626138,0.0,,,-0.9161139444085822,,0.7976441896980533
2022-09-27,-0.3146585104364821,0.1721104981529613,0.25,-1.785983604438986,-1.259980444272225,-1.112910693101538,1.0,1.1707048510830556,0.2,-1.0960951181860392,-2.0040205951604007,1.1988752758825334,-0.04200553836559786,0.9751993090303269,0.0,,0.0,-0.631012982381915,0.0,,,-0.9297422113410053,,0.04189933672412258
2022-09-28,-0.4409983193606057,0.1941170128596228,0.2,-1.8386150590458015,-1.430980077398123,-1.1959300902155938,0.0,1.1167002101761132,0.15,-1.1711325593220339,-1.9845963834545788,1.2015424972479731,-0.03782741340394983,0.9709297600244635,0.0,,0.0,-0.6143564896121809,0.0,,,-0.9309403007553507,,0.5937114488861124
2022-09-29,-0.5661638798529676,0.21668881369683068,0.15,-1.9200106299948854,-1.6282465198243032,-1.2836809805211962,0.0,1.063196795806584,0.1,-1.2547485801026308,-2.072058808429793,1.203955654281482,-0.035253574549362295,0.9692112613749002,0.0,,0.0,-0.5421896203584511,0.0,,,-0.9259145149630825,,0.6217787831232833
2022-09-30,-0.6904673474912089,0.2849942446978674,0.1,-1.971229266403379,-1.7773855654626838,-1.3626822329921624,0.0,1.010380849162503,0.05,-1.3440940412552693,-2.00777937201502,1.2088643182236383,-0.028969373957027162,0.9666498848717832,0.0,,0.0,-0.4261341023557243,0.0,,,-0.783060459326748,,0.8935175009968578
2022-10-03,-0.807338514191103,0.3671576764071277,0.05,-1.9485091339219949,-1.9793513108296688,-1.452802330762657,0.0,0.9585363192137631,0.0,-1.434319793939178,-1.9624426282018756,1.206521020429719,-0.026295092443898178,0.9609862384926502,0.0,,0.0,-0.43051897243424647,0.0,,,-0.718506541797718,,-0.42058247589378256
2022-10-04,-0.9232595295847059,0.4887139907332614,0.0,-1.926846183009844,-2.166821185522546,-1.5461593147705188,0.0,0.9081888535584868,0.0,-1.5187728196924093,-1.9076956512400345,1.2022093840226267,-0.021712779252375157,0.9523957914330875,0.0,,0.0,-0.33998399838420573,0.0,,,-0.6695739899898254,,0.5735354372386665
2022-10-05,-0.9868811157825276,0.5084945206297236,0.0,-1.9063681114719973,-2.2226715555064547,-1.5993678561839988,0.0,0.8597847411267052,0.0,-1.5626936869885502,-1.757591762916664,1.1963991072183995,-0.020339500019862525,0.9439716654160962,0.0,,0.0,-0.3660167555647508,0.0,,,-0.6341886071366478,,-0.5042641022148078
2022-10-06,-1.0305938442582068,0.5098490676889329,0.0,-1.887087230672841,-2.3287099427187474,-1.6330864599537798,0.0,0.8128210000695889,0.0,-1.6005038274217367,-1.8153273978739184,1.1940311286979102,-0.022735595290048895,0.9353582436436354,0.0,,0.0,-0.34157246267161634,0.0,,,-0.5919520073969592,,0.25062763600033644
2022-10-07,-1.0991233203443693,0.5418632367400591,0.0,-1.8684359370862533,-2.4736063465012763,-1.6772814119294452,0.0,0.7675192836758422,0.0,-1.6343771039185282,-1.7635658808787504,1.1865794017741356,-0.025574780589939762,0.9248709567768333,0.0,,0.0,-0.2700709065613842,0.0,,,-0.6086277448512712,,0.9571758238281323
2022-10-10,-1.1672684129821254,0.611266559832714,0.0,-1.849885586104583,-2.534043317786729,-1.7199878383165135,0.0,0.7247738916532971,0.0,-1.6664045443766056,-1.714549520548044,1.1781069294432098,-0.02700185159787077,0.9125941491852402,0.0,,0.0,-0.1706264471721003,0.05,,,-0.5511421211151825,,1.045544831532492
2022-10-11,-1.227898854489439,0.6624619412416317,0.0,-1.8315772050372565,-2.598399024300482,-1.763572937972778,0.0,0.6850427801815558,0.0,-1.7059818282687114,-1.6640524239660073,1.1682836899746005,-0.030421180306451606,0.8999289859985535,0.0,,0.0,-0.0985417750610655,0.05,,,-0.6007604382986134,,0.48285841753120284
2022-10-12,-1.2814217632765539,0.7152206614680788,0.0,-1.8134758660240913,-2.598399024300482,-1.794772918591876,0.0,0.6488966865121311,0.0,-1.7456488811199655,-1.6094076056602495,1.1494916323777862,-0.032199766560996705,0.8862122471271848,0.0,,0.0,-0.06396952073399294,0.05,,,-0.6182916320027048,,0.13471644019222087
2022-10-13,-1.3155455968203085,0.7521827814262286,0.0,-1.795448116203193,-2.598399024300482,-1.7971438104191209,0.0,0.6163891286028769,0.0,-1.7829642211897412,-1.4701866329419193,1.13304582922839,-0.03153345244370556,0.8714262238807963,0.0,,0.0,-0.012919554689207819,0.05,,,-0.5879729602908214,,-0.5011744473941272
2022-10-14,-1.3432497694681145,0.8006772145740466,0.0,-1.7773956969469307,-2.498036310288717,-1.763387451951894,0.0,0.5874518183920977,0.0,-1.7919961958748423,-1.324797007609806,1.111848579088607,-0.03298317555978238,0.8535422195575265,0.0,,0.0,-0.022387322900205935,0.05,,,-0.551403684684837,,-0.4189077808612852
2022-10-17,-1.3514432887626122,0.8097301116118474,0.0,-1.759610339821339,-2.3969629538210007,-1.6903090996269643,0.0,0.5617177904200671,0.0,-1.73730473330771,-0.3481321190831633,1.090661098551849,-0.0359711576086879,0.8335381554342765,0.0,,0.0,-0.03243277432030202,0.05,,,-0.5610438111357335,,0.14194488988297696
2022-10-18,-1.3535078215768366,0.8129300630206601,0.0,-1.595859615425009,-2.2547962697243475,-1.5961946693017695,1.0,0.5388676496381348,0.0,-1.6743023135268011,-0.026739138521005845,1.069553337892723,-0.03797617493954875,0.815191330642455,0.0,,0.0,0.017960879139490786,0.05,,,-0.5126863780766705,,-0.11979119149016516
2022-10-19,-1.3674179008399956,0.8271024753683184,0.0,-1.4011728827170093,-2.1425611958136432,-1.4867336854204027,1.0,0.5188529687403005,0.0,-1.6357276026235978,-0.3097454253689169,1.04916853595426,-0.03914710185787548,0.7986737184734467,0.0,,0.0,0.013784619063207649,0.05,,,-0.6291159490615058,,-1.655587183542865
2022-10-20,-1.3688186809274545,0.8287056031941908,0.0,-1.3151688144292142,-2.0735859741926053,-1.3730170991553534,1.0,0.5016905972752107,0.0,-1.575050352003322,0.27407096777805384,1.027998088786996,-0.038838406117697205,0.7835321902552227,0.0,,0.0,0.006563099131823402,0.05,,,-0.5758008141177956,,-1.2988246774146959
2022-10-21,-1.3887487355434787,0.8664032129959963,0.0,-1.2782071021738461,-2.0791668199661224,-1.2756987641330062,1.0,0.48771906535309534,0.0,-1.531545400071814,-0.12067000988281218,1.0079737864343308,-0.03971279863698194,0.7690870669647212,0.0,,0.0,0.08083535594359778,0.05,,,-0.6411346502652655,,0.000884242049227479
2022-10-24,-1.3953996596495828,0.8688935265456367,0.0,-1.2374981099291937,-2.141446685788073,-1.1928149917403044,1.0,0.47745579119343134,0.0,-1.4696535032553808,-0.32565033500379176,0.9881302380515499,-0.04089529855435254,0.7535142475413281,0.0,,0.0,0.07777250609211202,0.05,,,-0.7216966708923684,,0.7363871926683379
2022-10-25,-1.3897921691018518,0.8664333376331407,0.0,-1.1837718926471272,-2.1853088861857572,-1.1108951237504905,2.0,0.4713833203310781,0.0,-1.3635933485487532,0.579110331773737,0.9650028291859226,-0.0413990065358941,0.7368164297619915,0.0,,0.0,0.18705544032187693,0.1,,,-0.6992957905490609,,2.2275580213194206
2022-10-26,-1.3780294373131072,0.8668523961796278,0.0,-1.1011162142915896,-2.233415662313528,-1.0204926306244215,2.0,0.47005730911441157,0.0,-1.2999596455952251,-0.2480122144681824,0.9380360804553617,-0.041170505282898506,0.7198042516504353,0.0,,0.0,0.22790565553261147,0.15,,,-0.7518198059998751,,1.4107157531008039
2022-10-27,-1.3365488604712972,0.8236812122853846,0.0,-0.8947479399877775,-2.1858268597095734,-0.8945362004458731,3.0,0.4736855431429593,0.0,-1.1834010521263196,0.7214933153804962,0.9163376471867636,-0.04000365023466105,0.6998661519966547,0.0,,0.0,0.18910914464770628,0.15,,,-0.5087763169600052,,-0.1541514345748207
2022-10-28,-1.3135002386367902,0.8136149125838834,0.0,-0.7199024384638897,-2.1325440023085385,-0.7558807049274945,3.0,0.4820194797210591,0.0,-1.068531113970049,0.7365795002514303,0.8954586939255591,-0.03671461484488548,0.6729472234430521,0.02,,0.0,0.16024250377599825,0.15,,,-0.709100999837472,,0.31618468356269697
2022-10-31,-1.2670715030835835,0.7494056444109788,0.0,-0.5197975844079485,-2.1038211917065595,-0.5856606541294178,3.0,0.4948707493636541,0.0,-0.9592625361299121,0.6551418122790137,0.8780132164545279,-0.03364948653973516,0.6458683083864054,0.04,,0.0,0.28238468846099124,0.2,,,-0.4023923096083551,,2.0222612178060775
2022-11-01,-1.2150678115414508,0.6895951626045691,0.0,-0.29611057683035596,-2.0479130774157666,-0.39331367550105384,3.0,0.5117599359250343,0.0,-0.8404203391015364,0.8858922409447159,0.8580123649345842,-0.028922533415625368,0.6175854965713689,0.06,,0.0,0.3214483013724795,0.25,,,-0.33085196164033603,,1.3548076954684305
2022-11-02,-1.1930901422543436,0.6910396634599036,0.0,-0.19220905231135607,-2.0011641616946823,-0.21566130574681514,3.0,0.5321519044619831,0.0,-0.7548071221819515,0.37003205034562164,0.8344357685266433,-0.022037137255057473,0.5900510411344411,0.08,,0.0,0.3726515561389776,0.25,,,-0.8503570093707679,,0.5198009931151557
2022-11-03,-1.1713452856062847,0.6934008423681133,0.0,-0.04553689320824256,-1.96112746597661,-0.03819332885940554,3.0,0.5562967576248949,0.0,-0.6565382601817018,0.5628469783959636,0.8043978993697337,-0.01780613394739719,0.5641533593270325,0.1,,0.0,0.3516150072044394,0.25,,,-0.8933192211050083,,-0.1701033426904277
2022-11-04,-1.1498791904872023,0.7057704144986907,0.0,0.08202841046148586,-1.9773544003030104,0.14009001620105271,3.0,0.5837903904712195,0.0,-0.5567518682141974,0.6404279769799395,0.7765813464560116,-0.01452261266633399,0.5383912203590405,0.12,,0.0,0.34600569002701065,0.25,,,-1.0495060411535437,,0.8449894802795567
2022-11-07,-1.1408637374162058,0.7112868497976464,0.0,0.0843335896996497,-2.040867622217404,0.29583955080655316,3.0,0.6140961637852249,0.0,-0.4712518772036175,0.4063446919016848,0.745181871726588,-0.013351913222723697,0.5152117940192721,0.14,,0.0,0.3629081641223363,0.25,,0.9625681595828613,-1.2226872038871905,-0.17371299445701227,1.3835943134390054
2022-11-08,-1.120075518110349,0.724809771070482,0.0,0.16591985058938066,-2.0793314497324618,0.44673629678337035,3.0,0.6472404869777026,0.0,-0.3864923845588209,0.44231164968890746,0.7237363479476154,-0.008703391686080149,0.4944462817362454,0.16,,0.0,0.41592492020795396,0.3,,1.0730203322126002,-1.1627033005392688,-0.1884208217874245,1.5431935392435565
2022-11-09,-1.087518746922473,0.7335596287494115,0.0,0.18851223905612724,-2.081945943205979,0.5894276067925638,3.0,0.6829721278962597,0.0,-0.2977598436281918,0.5712481093970809,0.69217411301941,-0.007779963596109484,0.47492225761601775,0.18,,0.0,0.4353225258461106,0.3,,1.043513798671907,-0.9551913007294622,-0.0793809389047394,0.5226685529553539
2022-11-10,-1.0736096383134037,0.7417093808076047,0.0,0.09640850517530636,-2.1465679588849937,0.6793744100111249,3.0,0.7211327893070333,0.0,-0.2701877651534858,-0.49997930041663863,0.6590770971483394,-0.006819162956432241,0.45637552907706663,0.18,,0.0,0.43319859125281673,0.3,,1.0084402582014784,-1.2982125728315694,-1.2010027281847566,-0.5436531392600056
2022-11-11,-1.0536183057565824,0.7393682127879129,0.0,-0.05247411956348677,-2.197668837403684,0.7299669839782338,3.0,0.7623593999329181,0.0,-0.2364029351323432,-0.2127759966040853,0.62306663897989,-0.010233273831937395,0.44443210799962757,0.18,,0.0,0.5583974132404281,0.35,,1.0773066523318866,-1.0611878644721995,-1.0200488405400148,2.085068658890941
2022-11-14,-1.0338375425819686,0.7380358572139496,0.0,-0.23390273522631277,-2.280331665819547,0.7495173996551883,3.0,0.8072637143581985,0.0,-0.25609469650822725,-0.2710398118846935,0.5929228070617849,-0.010336859136120116,0.43890996991063264,0.18,,0.0,0.6503535525353487,0.4,,1.2035306787095086,-1.1245201284681319,-1.2585896006966932,1.9810676757813888
2022-11-15,-1.0264846890908395,0.7377884202171268,0.0,-0.5064763981203109,-2.399200607930071,0.724871168313661,3.0,0.856481829059763,0.0,-0.32286639801475703,-0.8467032394312216,0.5634730270474158,-0.010747865728378506,0.43710492913451593,0.18,,0.0,0.7312813557298155,0.45,,1.2651892336501036,-1.3772781271406898,-1.7498229853443956,1.4987648723991709
2022-11-16,-0.9884218108521223,0.7283726438238313,0.0,-0.6448562187985125,-2.4211855038133527,0.6976291282367693,4.0,0.9108187071415905,0.05,-0.3548986344041894,-0.42248520013706803,0.5519086253724451,-0.003149262653832053,0.439289487005463,0.18,,0.0,0.8236086279053902,0.45,,1.488106464197891,-0.880789413875862,-1.7498229853443956,0.1909582599686334
2022-11-17,-0.9565711664070479,0.716772899465689,0.0,-0.6577983731545436,-2.3710221291392086,0.6858619779075146,4.0,0.970463771467303,0.1,-0.39726304674266905,-0.03240886908163809,0.5495021671387549,0.007512980831448138,0.44498687534896475,0.18,,0.0,0.8837012899523708,0.45,,1.6248032342027645,-0.9345111472165697,-1.4934327896796127,-0.09697143647508417
2022-11-18,-0.912550719860238,0.7054466118877643,0.0,-0.545026127139573,-2.2798968666340107,0.7060632708867827,4.0,1.034968887629888,0.15,-0.3944101615372365,0.4746717687367526,0.5445150604860693,0.016053544096519996,0.44954482003535196,0.18,3.0,0.0,0.9684747922332203,0.5,,1.609563019107479,-0.7549877607224975,-0.6864360123124628,1.696354287666217
2022-11-21,-0.8757451664407789,0.7257865099085592,0.0,-0.33723287277502184,-2.162315071329024,0.7594919562096678,4.0,1.1035117214374706,0.2,-0.3550391514664754,0.9734710861302454,0.5393493549892436,0.024425855317486853,0.4533607466978971,0.18,3.0,0.0,1.0126330383858602,0.55,,1.6169880375919714,-1.27119389236501,0.12621219313900137,1.6195521157211352
2022-11-22,-0.8515944149105115,0.7426382425377122,0.0,-0.13055263038394602,-2.035108950942142,0.8171676035181816,3.0,1.1750067520723526,0.25,-0.3548356801351491,1.0896378660724708,0.5353792884063518,0.030173585726827722,0.4581127633718171,0.18,3.0,0.0,0.9245098353819898,0.5,,1.6123254681112555,-1.5772527094420297,0.3232979374033477,0.465093961242012
2022-11-23,-0.8211759010092885,0.7593851728053408,0.0,0.03366270319110257,-1.951769014383657,0.8719964529715508,3.0,1.248606838250881,0.3,-0.32086861072947237,0.9101180495238307,0.5252345042312792,0.03148336075636548,0.462994748666089,0.18,3.0,0.0,0.9432814265343892,0.5,,1.564873467919223,-1.3669932673311516,0.03720168190690129,1.7861475761487897
2022-11-24,-0.81451626514333,0.7566346889678062,0.0,0.10007453027461445,-1.8662718754980487,0.9001892665825169,2.0,1.3238009439543532,0.35,-0.30186268972659464,1.5635580236730742,0.5170733782716159,0.035914285524155105,0.46890468603824276,0.18,3.0,0.0,1.0542589423293793,0.55,,1.6216259511830717,-1.4099450876422812,1.102811165867187,2.065398881324983
2022-11-25,-0.7830072292852848,0.7440720153328428,0.0,0.2312026115607497,-1.7216161844671316,0.922078980941901,2.0,1.400481529537636,0.4,-0.2729305010056463,1.7486470150285895,0.5146993964243334,0.0433641576624026,0.47735965048727264,0.18,3.0,0.0,1.0831448968616395,0.55,,1.772075144086073,-0.8674475130973702,1.5599439455636002,0.8939037742078983
2022-11-28,-0.7356702760698229,0.6330701768788417,0.0,0.45378520998294897,-1.523431211572031,0.9542874124135714,2.0,1.4782683594796513,0.45,-0.22475369815768528,2.005705463181882,0.5247078552876361,0.05633299803382215,0.4902005293005561,0.18,3.0,0.0,0.9882282279319623,0.5,,1.9576302364869038,0.9388962322658037,2.275921499178345,0.12392783921253954
2022-11-29,-0.6874479751216916,0.5376742165919328,0.0,0.6814953671082452,-1.2958672697264608,0.9807600706990047,2.0,1.5566967641176208,0.5,-0.17559370366660332,2.2092216134313807,0.5367839570079154,0.07007989739020347,0.5060838357569902,0.18,3.0,0.0,0.9336842639000814,0.45,,2.0940079081394374,1.3014037969300944,2.9188983325141162,0.2639284148308103
2022-11-30,-0.5760762476454985,0.37735874551175486,0.05,0.9463569064801468,-1.0432110091343128,1.0033962345375866,2.0,1.6354655953419137,0.55,-0.0979299740136467,2.209659158648683,0.5540539638004937,0.08547205121299294,0.5263200684652456,0.18,3.0,0.0,0.9054340664680783,0.45,,2.2409132230449065,2.9648297305543103,3.1826003657750674,-0.04520295552490802
2022-12-01,-0.4515924711879672,0.23356633988499143,0.1,1.1869625172704494,-0.8133495089521909,1.025391374799105,2.0,1.7141304020185868,0.6,-0.025679298686391606,2.2416087217096394,0.5646630862279198,0.0914326267632566,0.5506666999832269,0.18,3.0,0.0,1.0169134915990619,0.5,,2.1960504340317115,3.6877038218551395,3.2469237074176296,2.0594851599292445
2022-12-02,-0.2899431948742357,0.05881631264845555,0.15,1.5133871005512582,-0.5577926205829867,1.05862729508684,2.0,1.7924067420591314,0.65,0.05150460153426493,2.3154856222768245,0.5851257945178452,0.10212454712104622,0.5810259798112336,0.18,3.0,0.0,0.9746561622852965,0.5,,2.428633143862569,5.2925237221526436,3.955290968187653,-0.00015710599574911743
2022-12-05,-0.1225818613631295,-0.05673546460309353,0.2,1.8841583027160669,-0.3014862546990138,1.111401787356591,2.0,1.868092131753808,0.7,0.1429413592656264,2.3154856222768245,0.6099994890737326,0.10920492173181483,0.6171494967525891,0.18,3.0,0.0,1.007320023813288,0.5,,2.51800116833416,5.2925237221526436,4.180842487516497,2.0368715439988363
2022-12-06,0.012330023673201051,-0.09727099587899923,0.25,2.1246918380028084,-0.1253827317412622,1.166556250160776,2.0,1.9406945593449172,0.75,0.24418375659315122,2.3154856222768245,0.6274558075900765,0.1123264821694095,0.6560460958357957,0.18,3.0,0.0,0.9442065145175398,0.45,,2.4593331610118883,4.022911038430285,4.23336503086037,0.28092335332859214
2022-12-07,0.09486576939458874,-0.09126759332449264,0.25,2.251556366163164,-0.007142763639233759,1.2190463761477779,2.0,2.009938068127886,0.8,0.3412280732414996,2.3154856222768245,0.6454049077317876,0.11164697742862424,0.6970561087654097,0.18,3.0,0.0,0.9575566267332887,0.45,,2.5179371911476163,2.0180794069983685,4.23336503086037,0.7896707972703274
2022-12-08,0.2412184660387977,-0.12024236509128161,0.3,2.4671255439106137,0.13775514668800484,1.2817720187952113,2.0,2.075856294542569,0.85,0.4929701478731162,2.3154856222768245,0.6684506421322206,0.10806931368512865,0.739102122575115,0.18,3.0,0.0,1.0830726562091328,0.5,,2.51800116833416,4.62112126931961,4.23336503086037,1.9666674502568782
2022-12-09,0.3740271313742495,-0.1431729381388771,0.35,2.6511537203328213,0.27641556254096405,1.3363587781495168,2.0,2.1379048987207496,0.9,0.6314835901753785,2.3154856222768245,0.6868364197232544,0.09835212565808185,0.7816195726156826,0.18,3.0,0.0,1.049639981761781,0.5,,2.51800116833416,4.575398554583523,4.23336503086037,1.4164151699439047
2022-12-12,0.47369043463454846,-0.11939345359511488,0.4,2.6641302656444186,0.37749768829762154,1.3747595600376268,2.0,2.1957027631672767,0.95,0.7739453930739714,2.257024989229206,0.7061340169756134,0.08621792281135694,0.8277387129032318,0.18,3.0,0.0,1.0492713170611307,0.5,,2.51800116833416,2.92425840394454,4.23336503086037,1.973694381768384
2022-12-13,0.604782527711164,-0.09741126927053356,0.45,2.6641302656444186,0.5042122722833755,1.4243727465560074,1.0,2.2486863315727144,1.0,0.9467665433726118,2.1932484570624293,0.7282765617690113,0.07485439205344953,0.8776403254341599,0.18,3.0,0.0,0.9874789879473148,0.45,,2.51800116833416,4.204233045496281,4.23336503086037,0.26291829012285356
2022-12-14,0.7224093115152129,-0.09159371953848683,0.5,2.6641302656444186,0.633032284000791,1.4520288398036096,0.0,2.2962209535586924,1.0,1.09912428053451,2.123073561074703,0.7458952569385363,0.06729141954172921,0.9272178024170253,0.18,3.0,0.0,0.9352466861095492,0.45,,2.51800116833416,4.492750435315663,4.23336503086037,-0.8536877767866786
2022-12-15,0.8328135939660732,-0.06665464843687263,0.55,2.6641302656444186,0.7584311978894466,1.4488317364382102,0.0,2.3380895437199856,1.0,1.2324227691506626,2.049900079857285,0.7685964363242336,0.06462515593652658,0.9773374202681001,0.18,3.0,0.0,0.9318372233757028,0.45,,2.51800116833416,4.145179594486865,4.23336503086037,-0.16516069115201637
2022-12-16,0.9234079039328117,-0.03065134615657472,0.6,2.6641302656444186,0.8767972592068838,1.4206823855795538,0.0,2.37460927649811,1.0,1.3340771165814853,1.8588364117366427,0.7962369871247077,0.06111877842354004,1.0278135293744632,0.18,3.0,0.0,0.8298935363873241,0.4,,2.51800116833416,3.487165769174549,4.23336503086037,-0.34251945210135687
2022-12-19,1.0199526673794965,0.038906766371790136,0.65,2.6641302656444186,0.9427315481108652,1.3721067056828724,0.0,2.4061070187870763,1.0,1.3676063604421715,0.9665429499998319,0.8170228620080178,0.05153411170404051,1.0763886967639038,0.18,3.0,0.0,0.7547907517673256,0.35,,2.4860107157815543,3.153955113683291,1.8611239771279806,0.11749642332116761
2022-12-20,1.0843769112502417,0.12816648023111588,0.65,2.6641302656444186,0.9497748460919934,1.302795063240112,1.0,2.4329301920423596,1.0,1.3771825966818756,0.5833193544785521,0.8404121567556037,0.040809451714476724,1.1258649505337999,0.18,3.0,0.0,0.7622820424855217,0.35,,2.51800116833416,1.2312749436844217,0.9911940822108429,0.6149197756059339
2022-12-21,1.1484724376422704,0.22118787481592628,0.65,2.6641302656444186,0.9188929487126503,1.222020330002319,1.0,2.439099497593592,1.0,1.4131743847514415,0.9015972999036541,0.8636158563947103,0.024661094360984074,1.1734191463542871,0.18,3.0,0.0,0.7452802853931685,0.35,,2.478657138843627,1.5462712245365922,1.8431510777400937,1.446112434301725
2022-12-22,1.2313174745237203,0.344986758592033,0.7,2.628901166060006,0.9132115428518269,1.1355925952305372,1.0,2.439099497593592,1.0,1.3992920994965985,0.5231123254782171,0.8820389414930832,0.0066015538688501685,1.2169713431011373,0.18,3.0,0.0,0.6241557604244055,0.3,,2.35247579292996,2.4749392771114263,0.9466818143407584,-0.35709161805027656
2022-12-23,1.2815669158866387,0.4449145959651368,0.7,2.4484088860894815,0.8993749567870233,1.0311699810267732,1.0,2.439099497593592,1.0,1.3472701258720228,-0.06746396351309997,0.9053797021844083,-0.007491413311162316,1.2611838279764356,0.18,3.0,0.0,0.5590534567987615,0.3,,2.3437454495152665,1.5079351262807692,-0.37534441680420927,-0.408142298304982
2022-12-26,1.2346746366816161,0.33791486806921034,0.7,2.167220486057603,0.821561772899819,0.8776386174898472,1.0,2.439099497593592,1.0,1.2465538462071355,-0.7761396239346555,0.9225972692767967,-0.019654177338842668,1.3054354793711758,0.18,3.0,0.0,0.5283429791106531,0.3,,2.258150447109165,-1.2841405985547572,-1.7498229853443956,-0.4902817145496267
2022-12-27,1.199932091239,0.28405014812991003,0.7,1.921998640486875,0.806073748197771,0.7127357650804329,1.0,2.439099497593592,1.0,1.1416275025879723,-0.6500595709171483,0.9431561216571049,-0.027357032888748745,1.3503519765786394,0.18,3.0,0.0,0.5052935738824218,0.3,,2.3133030662255485,-0.3478701089268679,-1.6299484372777646,-0.19705968973381688
2022-12-28,1.1379816505443587,0.23434408694608788,0.65,1.6883936515433953,0.8230932456536136,0.5544065102770672,1.0,2.439099497593592,1.0,1.0383510014814423,-0.6122026230808733,0.9645816287167722,-0.030144108398073924,1.395547883382248,0.18,3.0,0.0,0.45278079887919886,0.3,,2.3327485760367406,-0.036143254873498246,-1.505335013170201,-1.095458455589365
2022-12-29,1.0563435654373428,0.1885317868221823,0.6,1.4532327695692904,0.8087988886556553,0.3979791433791998,1.0,2.439099497593592,1.0,0.9318435552505118,-0.6397031709056982,0.9843362495149015,-0.038216087984668225,1.4394529076933051,0.18,3.0,0.0,0.3336843178505954,0.25,,2.292165705066623,-0.32830243982976764,-1.4936214125524494,-0.3224444606428271
2022-12-30,0.9497825823260009,0.19601786373290297,0.55,1.2041440365496143,0.8003868423673546,0.24472451739918766,1.0,2.439099497593592,1.0,0.8125661643396068,-0.764216232401465,1.0077463619368776,-0.0377685751080125,1.4842472335349666,0.18,3.0,0.0,0.2961883664130542,0.25,,2.3313854609893316,-0.020123265403079727,-1.7498229853443956,-0.750076134746573
2023-01-03,0.9069352082205002,0.2401887961600152,0.55,1.0074913342773326,0.8478538058010492,0.11648203932907344,1.0,2.439099497593592,1.0,0.7234141801953797,-0.16920048266747192,1.0360888717106362,-0.030845280418729533,1.5282955267282865,0.18,2.9990386260299777,0.0,0.19102107811711302,0.2,,2.391832647912216,2.9209155485569567,-0.32235393901573817,-0.0664742219199871
2023-01-04,0.8836020569050641,0.25562942107102227,0.55,0.8702048134155116,0.8766994492903311,0.00757899924212138,1.0,2.439099497593592,1.0,0.6413029848321627,0.13864718648583704,1.0621996284664639,-0.03095393945552891,1.5721854388241894,0.18,2.996338493693783,0.0,0.13524749586372203,0.2,,2.3026276591008656,2.593776508400398,0.4767026020387211,-0.8345482917392276
2023-01-05,0.9251570016850333,0.23737146823300737,0.6,0.7942064992498338,0.9137898545263078,-0.0823619329339244,2.0,2.4381845443272594,1.0,0.5845260347162541,0.6189922807292905,1.09172415772183,-0.028153651846326056,1.6158063061832868,0.18,2.9943753525980443,0.0,0.05385459706254615,0.2,,2.3317925282354905,3.7005407784521314,1.7005215441153114,-0.8381871787531903
2023-01-06,0.9149020246913395,0.24902425244655046,0.6,0.6619250378733325,0.9129541327192918,-0.15314617278406417,2.0,2.424675905196652,1.0,0.5005672979084171,0.021809750835762837,1.1133540638090205,-0.0269007013813355,1.6604032759000125,0.18,2.992158144029297,0.0,-0.07092869106757722,0.15,,2.2337203320850176,3.6643079532008387,0.36792939001905967,-0.5289983123455894
2023-01-09,0.917846553644036,0.2451775130639109,0.6,0.5203023535082038,0.8940093954678294,-0.20527985547785738,2.0,2.4101127515174694,1.0,0.42059049120889325,0.04772680730650308,1.1360576571238452,-0.02633111114044051,1.7120361077079438,0.16,2.988696512988727,0.0,-0.20894687358106193,0.1,,2.210236708486151,4.17569666755593,0.49483166148882657,-1.3439484803257888
2023-01-10,0.9406713890994226,0.2305795388490398,0.6,0.4203276192579454,0.8835246485846359,-0.23183584930417891,2.0,2.3945265504323276,1.0,0.3784930201803539,0.7407448063408577,1.1561744820363875,-0.027437909871506013,1.7635362696452839,0.14,2.9814180583865912,0.0,-0.3547979456498934,0.05,,2.126023910094869,3.565858951306578,2.0442544860135805,-0.9433270596082468
2023-01-11,0.9500753015857806,0.22007270279376667,0.6,0.3240423337238748,0.9029382090093514,-0.24835545612239135,2.0,2.3778983443425914,1.0,0.32832920125096016,0.519720198334649,1.1755497708149414,-0.025228137298812348,1.8161143997248528,0.12,2.9752880096290277,0.0,-0.402686066070782,0.05,,2.1200641941813627,4.057582415804468,1.6548395868376704,-0.6948441182949181
2023-01-12,0.9467763891747193,0.22367420169739805,0.6,0.22169876999205793,0.9169777464657815,-0.2562791993588259,2.0,2.360190888307679,1.0,0.27328237139471107,0.366492974340339,1.1957396253134844,-0.023641484899880293,1.8683348860981386,0.1,2.967423832044282,0.0,-0.40635903215496966,0.05,,2.0960382414040137,3.716998105795693,1.3909776370657554,-0.9271470984704314
2023-01-13,0.9496047457988679,0.22087901085287465,0.6,0.1070397866083695,0.9127784151937127,-0.26025680971325516,2.0,2.3414198524939676,1.0,0.2047997227702978,0.06370601020139827,1.2186489983805144,-0.018947544801869984,1.9193275416217315,0.08,2.960104305679569,0.0,-0.42737031483203475,0.05,,2.079577522732917,3.646571436724667,0.7843541306101326,-0.5853863446933174
2023-01-16,0.965046756513153,0.20876343327774194,0.6,-0.009220803057487187,0.899231273726476,-0.255422467263437,2.0,2.3216199971817657,1.0,0.14661215920469753,0.1170170538432086,1.2400785827558298,-0.012374228564852369,1.9695485412048166,0.06,2.9434840710933026,0.0,-0.4507639409357447,0.05,,1.907029667047374,3.591004936823089,0.844551265411421,-0.8103919741755548
2023-01-17,0.9985749944744944,0.1820512607942304,0.6,-0.0236265393883052,0.9486449448371949,-0.22533104277839183,2.0,2.300812374395479,1.0,0.15432155614319032,0.5524613145580097,1.2706472733154832,-0.006330397470088597,2.0181519739338247,0.04,2.9281305496687686,0.0,-0.48228195827916426,0.05,,2.02621152398498,4.036948608991441,1.8293178591863175,-0.512863923547224
2023-01-18,1.069464140643205,0.16713386082136594,0.65,0.04677834544963331,1.0346146780924226,-0.16573848750756595,1.0,2.2788860835204243,1.0,0.16214864156510084,0.1883693189267867,1.2944879546758619,-0.0002946837179723926,2.064687403672197,0.02,2.9183815125532293,0.0,-0.5838554285766548,0.05,,2.0834715652661466,3.9562262462433435,1.1429570429549483,-1.4165496303438794
2023-01-19,1.1328441774817615,0.1550355170176433,0.7,0.17336524165953596,1.1450299267332515,-0.08667366784980095,1.0,2.2565390082022025,1.0,0.16173629525791164,0.3558006292107507,1.3233105371570932,0.005393976090949927,2.1090493151015512,0.0,2.9099258932422596,0.0,-0.7187269521117357,0.0,,2.1223283753321565,3.8668668876059957,1.5606792144272168,-1.2513180363998901
2023-01-27,1.1879464799388695,0.12859365478230655,0.7,0.2890228624779956,1.2667759896713968,0.0020737345887104075,1.0,2.233998674153423,1.0,0.20954352155049555,0.9461784307566014,1.3565370757411896,0.010069049611788592,2.152703620749321,0.0,2.9038746902154795,0.0,-0.7346338885068256,0.0,,2.1889342782862524,4.252921264277092,2.9738070695289474,-0.6752303459520757
2023-01-30,1.2609732205202047,0.11792485712383505,0.75,0.3916592562528513,1.3636582976980873,0.0863296197484361,1.0,2.2112950003427576,1.0,0.27986876139003575,0.8173068301225321,1.3897371823641658,0.013119665497868636,2.189817295388551,0.0,2.8892052339754075,0.0,-0.7544516602525495,0.0,,2.004712069367456,4.141129377465019,2.498587992537439,-0.8044977332194603
2023-01-31,1.384255474520664,0.21439075589333167,0.8,0.561529573160598,1.4706722686512292,0.18985369237476496,1.0,2.188436957760488,1.0,0.3870486225601368,0.8318994191005845,1.4225830637216048,0.013652384493384724,2.2214774589707518,0.0,2.8720319702896533,0.0,-0.7849035420944444,0.0,,1.9924103662742683,3.804448001304433,2.57391866904053,-1.0993193513875228
2023-02-01,1.469907594984752,0.30131616502459513,0.85,0.6062359934140095,1.4977799621444374,0.27108865738021526,1.0,2.165179040045193,1.0,0.44211301093367056,-0.06480801394170715,1.4514224440225942,0.012478691315248517,2.2494696653863615,0.0,2.8535768301568862,0.0,-0.7525266841925516,0.0,,1.904796676713973,3.033628284186427,0.7556135785021636,0.45047746830403623
2023-02-02,1.5541394916752496,0.39444037647432895,0.9,0.581939264256081,1.479490766534852,0.3307375904585924,1.0,2.1416591913374763,1.0,0.46300582349598807,-0.6805485742046943,1.4653751818750609,0.008742896747648294,2.27452641368227,0.0,2.8368234445224068,0.0,-0.709695540203658,0.0,,1.859041472762818,3.1809528748577733,-0.42283720938246544,-0.23883557581149112
2023-02-03,1.6208988734431522,0.5333205954741094,0.95,0.5872409469812298,1.46345823607222,0.3756107852948985,2.0,2.117955606044248,1.0,0.5015376686121236,-0.33281236532649283,1.470236564468236,0.0008196590191865882,2.2957296601871757,0.0,2.8158719304609447,0.0,-0.7290503831492687,0.0,,1.710021818146407,2.244808332972757,0.20352120440916519,-0.709541319555043
2023-02-06,1.6866783002718173,0.7195273813275685,1.0,0.6017582764901819,1.4633390448975192,0.41381637671940963,2.0,2.0939957003907206,1.0,0.562065552081987,0.0011078207470694434,1.4744531143654718,-0.005680146926181207,2.3173714105280294,0.0,2.7932378222758723,0.0,-0.7444426009584195,0.0,,1.6632995533244344,2.4177062117489996,0.754502096002041,-1.057920490929589
2023-02-07,1.6595843292193877,0.6574171638553126,0.95,0.5167977989637526,1.4084077685812326,0.4132040646186482,2.0,2.0696873762994987,1.0,0.5544600149388993,-0.7369515865199754,1.4757627096572719,-0.009087478151231388,2.339071421878344,0.0,2.765197913716528,0.0,-0.7218480324910438,0.0,,1.5331496723048168,1.3184635296553973,-0.4398353814764751,0.38541714742752986
2023-02-08,1.6505978609715222,0.6409631078421172,0.95,0.4658600793458631,1.3736350262745938,0.3871158445532562,2.0,2.0451940456271203,1.0,0.527378657022098,-0.7788266122323482,1.4798202762267485,-0.012885913877260197,2.359402995014695,0.0,2.7416198483449716,0.0,-0.6491976302491659,0.0,,1.6258433736824298,1.7151244931252645,-0.5440099175548126,0.6184597530983298
2023-02-09,1.605145867155122,0.5855470142221482,0.9,0.3955983605276658,1.326683464182001,0.3343846077010385,1.0,2.02051928694378,1.0,0.4680271008369319,-0.8933654998156584,1.4857630174785192,-0.015422533485851727,2.3789924145813792,0.0,2.7182089451478464,0.0,-0.6715269874721511,0.0,,1.600227761608057,1.284399315282006,-0.7325116222684028,-1.2847743232128965
2023-02-10,1.5423837763501695,0.5033288680263712,0.85,0.3232564043402264,1.2420185069216227,0.26304023703188395,1.0,1.9957659263235237,1.0,0.41732733659692745,-1.2742741732660858,1.4870639478349879,-0.022613113037967203,2.3970217417786115,0.0,2.68925653179541,0.0,-0.6787050858496207,0.0,,1.4612566878708113,0.6624091198261787,-1.2410150924834338,-0.672560279894982
2023-02-13,1.461744211571745,0.43486124071389476,0.8,0.22543033132230655,1.1138983945307634,0.17754202064817243,1.0,1.970993342848891,1.0,0.3600304201403447,-1.3352028883963172,1.479849783252921,-0.030490813662873054,2.409759802672367,0.0,2.6591000847608455,0.0,-0.5466559377460142,0.05,,1.3615326320381396,0.4614355217052261,-1.2554101215175326,1.2970344817463437
2023-02-14,1.3943430022858627,0.3773408685329347,0.75,0.1483198379364446,1.0174939192319168,0.08620929257764294,1.0,1.946311539082883,1.0,0.2510230980830485,-1.613618441697522,1.4606431261238546,-0.04120834225938689,2.4154919612012575,0.0,2.626773049713806,0.0,-0.4837989639428423,0.05,,1.1942713423666529,0.4651540596749394,-1.4553481796292906,0.313812416455192
2023-02-15,1.3268489023987617,0.35780830608508096,0.7,0.10943954087139685,0.9913483750213523,-0.0014632564825776463,1.0,1.9217907011330049,1.0,0.16330822370695644,-1.3721950634286026,1.4344139213884475,-0.053792687782631,2.410359454306908,0.0,2.595039396502993,0.0,-0.4257677330612566,0.05,,1.0424184941299381,0.8644684556550442,-1.0150408446442556,0.4657804993367941
2023-02-16,1.2839212296314393,0.35695035139749653,0.7,0.12457128038310439,1.0181013525137435,-0.07707252357747674,1.0,1.8974482386245242,1.0,0.08182120989932284,-1.364270839917624,1.4009835278547924,-0.06580349763717426,2.3977192042345425,0.0,2.5530052364880857,0.0,-0.44701115813623016,0.05,,0.7724998293627928,1.4436829770531276,-0.7463260017897738,-1.3520155999699035
2023-02-17,1.2417842011881983,0.35849896951828253,0.7,0.14261768247602416,1.0308148777419621,-0.14280335950696035,1.0,1.8732344003850838,1.0,0.01391440184641889,-1.380147324937521,1.3774049323095698,-0.07403030126112936,2.379229177900508,0.0,2.5111508845757182,0.0,-0.4879950563153326,0.05,,0.7973342041712935,1.427528683723411,-0.7821579207508587,-1.4050643082753649
2023-02-20,1.2351215477089887,0.3627979350747982,0.7,0.21888764487174017,1.0965375556502797,-0.18710759764556537,1.0,1.8491546392605316,1.0,-0.0344387848256657,-0.9416110012458139,1.3431785070122748,-0.08280427100202767,2.3502705941634288,0.0,2.462546026205006,0.0,-0.48685436724134645,0.05,,0.5654686871111243,2.5559415099087097,-0.29641957910983124,-0.7875781926958332
2023-02-21,1.1994459282989047,0.3838937013324222,0.7,0.21346692930765537,1.1351036025758954,-0.23136436649580583,1.0,1.825117773805136,1.0,-0.11003640050972933,-1.0372250416294406,1.3022842721728367,-0.08855276138033755,2.314575299541587,0.0,2.410247766363923,0.0,-0.525970691285421,0.05,,0.3883783640672897,1.9585387616088483,-0.23657121021844119,-1.2951904044287144
2023-02-22,1.129584934661541,0.38926365105190597,0.65,0.11202075115522071,1.1073013834286387,-0.2929148623121234,1.0,1.8012791384599147,1.0,-0.18564529090712611,-1.3909887289689404,1.271606033239647,-0.09090135992309463,2.274369392992692,0.0,2.360780531474415,0.0,-0.4769705160262129,0.05,,0.4534768214853358,0.8154892234885871,-0.43696791913850963,-0.43654612515971736
2023-02-23,1.0667976807274981,0.40694471915068475,0.6,-0.017580512884809198,1.0744080789379422,-0.36536562804644357,1.0,1.7778652138061743,1.0,-0.25671192509196866,-1.109245780341741,1.2417684508089168,-0.08841830794228542,2.228732394198177,0.0,2.310513838096641,0.0,-0.44278677311145714,0.05,,0.42224928109729626,0.9980491169840939,-0.2896507124644537,-0.5676431781047743
2023-02-24,0.9639890502015709,0.4178409654720884,0.55,-0.198918165672417,0.9996771272198732,-0.4538140210979374,1.0,1.7550309602565446,1.0,-0.3727195610973339,-1.3683614608964625,1.208402533689215,-0.08346630786292238,2.180497727306284,0.0,2.253867001564653,0.0,-0.48026738276903325,0.05,,0.2652199906821573,0.07277235243391628,-0.25503258038349536,-1.4248425391035984
2023-02-27,0.8450105992239971,0.4140082197271957,0.5,-0.4068308829480768,0.875786996621636,-0.5473779728139487,1.0,1.7329826781904658,1.0,-0.49173315793007444,-1.5195055897719845,1.1766649351129226,-0.07850466317429641,2.130169465060054,0.0,2.193608009408182,1.0,-0.4573428992183734,0.05,,0.15924595420792498,-0.4709288087993665,-0.18057128093120703,-0.34600806220626423
2023-02-28,0.7332698887915429,0.4198680967565208,0.45,-0.5910290537886207,0.788357322569346,-0.6408535113667876,1.0,1.7118910849746762,1.0,-0.600762415474452,-1.2598305556774478,1.1509571859444736,-0.06705011531394692,2.0776392743932277,0.0,2.1372547991052424,1.0,-0.4649483897976167,0.05,,0.27482574758808315,-0.4619001997392586,-0.2442440831797377,-1.251429162972389
2023-03-01,0.6697297535726157,0.4471635029417542,0.4,-0.652095086392531,0.7560218117356243,-0.6997776192327643,1.0,1.691891032253275,1.0,-0.6517061161290857,-0.9726206218272425,1.1204503885604025,-0.057013285486227125,2.020739627782018,0.0,2.08186169826724,1.0,-0.46126206995223684,0.05,,0.2339616179375327,0.4562083223018026,-0.14556720478850405,0.5242038652116332
2023-03-02,0.589376570128826,0.4845896386322809,0.35,-0.6887275867881502,0.7065179021706367,-0.7361404696224032,1.0,1.672842586429135,1.0,-0.6869678490132336,-1.254342803948736,1.0943124587135524,-0.04734577157929967,1.963803971197882,0.0,2.0252170634440603,1.0,-0.5332818013541709,0.05,,0.2319809274918153,0.09506660816598876,-0.21636483062790546,-1.679230203850173
2023-03-03,0.5269700155456132,0.48629320548427346,0.3,-0.771424418225347,0.6105472728496487,-0.7589284625030255,0.0,1.6546952676410036,1.0,-0.7425679689102221,-1.2804292804876807,1.0611418947568318,-0.041967908658111126,1.9056726889488758,0.0,1.964541921775754,2.0,-0.5742066446570858,0.05,,0.09454642188625056,-0.07959154329780689,-0.0938832419220522,-1.5280381856133398
2023-03-06,0.4651063674044895,0.5112740401666763,0.25,-0.8348990466845408,0.550225485903655,-0.774922687038652,0.0,1.6375052812707689,1.0,-0.8162139829657903,-1.2684409431264565,1.0248089604266906,-0.0373385292165084,1.847218582415492,0.0,1.9022115379003761,3.0,-0.5300639292127783,0.05,,0.02165993830711724,0.1049374615431492,-0.022078031306886955,-0.1750661820434381
2023-03-07,0.4444879426696148,0.5140696203059747,0.25,-0.8264254907904396,0.5126864407827197,-0.7665109744117276,0.0,1.6212735603537844,0.95,-0.8597282239950843,-1.3653956928260351,1.0008013930032649,-0.029229736238253184,1.791206429231925,0.0,1.84495559582573,3.0,-0.5593822076167773,0.05,,0.198083004420905,0.4661640181633485,-0.22921538240241263,-0.2009484206524502
2023-03-08,0.42448281109526553,0.5281621155279703,0.2,-0.7917765958325734,0.5223577566786531,-0.7376159405785451,0.0,1.605844962504717,0.9,-0.8604797483339286,-0.5288410832481123,0.9788424543277167,-0.016724633204072394,1.7305128022221905,0.02,1.7845525816295804,4.0,-0.6561262718020127,0.05,,0.1440304683849258,0.8253449341546244,-0.050357684150107836,-1.3164215306063765
2023-03-09,0.4515554126192069,0.49557926686211484,0.25,-0.7145868104486615,0.5648177046292306,-0.6856138631507414,1.0,1.5911233745533704,0.85,-0.8549058934958198,-0.49413903955186644,0.9585746524985755,-0.004990848627806736,1.6673231601542624,0.04,1.721693369045505,5.0,-0.6508752238300559,0.05,,0.04004619749122507,1.8700970195420679,-0.013867097365130103,-1.1797533637737623
2023-03-10,0.4896251126219574,0.4730966620286423,0.3,-0.6355886705583905,0.5707977175369349,-0.6171812254786873,1.0,1.5769594616498828,0.8,-0.8223022175724308,-0.31577412246876413,0.9426202767065724,0.006218901383731004,1.6144744280606356,0.06,1.6467749581956692,6.0,-0.6890899102183846,0.05,,-0.04288285266113845,1.669358569032016,0.00845674751482713,-1.4368540076615561
2023-03-13,0.5269632044036416,0.46330228879430857,0.35,-0.5504248040836173,0.5385540928187941,-0.5358157670902013,1.0,1.5632436051407808,0.75,-0.7685186020921322,0.06196223349069907,0.9275397152325694,0.01659432585888286,1.5638678206018866,0.06,1.5685204371350159,7.0,-0.7611435518181863,0.0,,-0.055282717041493346,1.4716806070957411,-0.008492294942892924,-0.14403835024968975
2023-03-14,0.5222888759958465,0.46056961805699626,0.35,-0.5460232309252052,0.45068168351824434,-0.4551644286660784,1.0,1.5498483044693285,0.7,-0.714570956314819,-0.1994912310540155,0.9199943875723422,0.02540596449232992,1.5133402726463863,0.06,1.4923579373699383,8.0,-0.820200603347393,0.0,,0.02089419076241339,0.2576270627752762,-0.0029179724114139476,-0.8673286141289422
2023-03-15,0.5704466224176991,0.4200831935361433,0.4,-0.5331062862985108,0.4412741926564948,-0.3698495393671439,1.0,1.5367696081941151,0.65,-0.64688761826796,0.3433313058073314,0.9117309506678488,0.03174366820836771,1.4602057903289287,0.08,1.4201167594477924,9.0,-0.8771772158882817,0.0,,0.08598478049060665,2.1055534453785865,0.032668227624750745,-0.6737517514809793
2023-03-16,0.5532778130915701,0.42415993911611294,0.35,-0.6212601289318885,0.37692660405470746,-0.29993726577195023,1.0,1.5239181659363328,0.6,-0.6124497383663255,-0.2806137725066162,0.9003676433825936,0.033747000173275324,1.4062533651977378,0.1,1.3516394196299506,10.0,-0.8980132605214651,0.0,,0.10286403879860544,0.7360724471675631,-0.028530412699839813,-1.7684433979682688
2023-03-17,0.5417807045337674,0.42840850328098623,0.3,-0.6833773182014411,0.32585299605771234,-0.2405121045106414,1.0,1.5114062367605614,0.55,-0.5575214941153858,0.1411054607763093,0.8920630082053239,0.03876874968918464,1.3543359707914195,0.1,1.2881591960402372,11.0,-0.8717410514215651,0.0,,0.23046148551159396,0.8889274600871098,0.027101962916415343,-0.8796201262773627
2023-03-20,0.4476338999872363,0.4509691364541878,0.25,-0.8440191410588916,0.2225422858352333,-0.21695696399159853,1.0,1.4992026168208457,0.5,-0.5435253286654683,-0.18857916144172635,0.8799430916069112,0.04003019119724846,1.3005462596385249,0.12,1.2266392803528336,12.0,-0.8645995746172049,0.0,,0.2075597370108253,-0.44383686706420894,-0.05070233364459056,-0.6447486566086349
2023-03-21,0.3709920461213641,0.4564068337788155,0.2,-0.9147982014521958,0.18741907354829618,-0.21002487042050766,1.0,1.4875059198870764,0.45,-0.5223855194094703,-0.09966384065424803,0.8605734919941481,0.035662865831645366,1.2470505065583641,0.14,1.1637004565283298,13.0,-0.8554734154092088,0.0,,0.12842970595508615,-0.44240179565068977,-0.02393023400708878,-1.1126672202687893
2023-03-22,0.3412748391173276,0.44826153159357673,0.2,-0.9111449566104765,0.1641234027197442,-0.1950231241073476,1.0,1.4762652485970704,0.4,-0.4976169158489686,-0.34639771013997644,0.8459192198139052,0.03407854406310817,1.1938426616516482,0.16,1.0995410159357286,14.0,-0.893190547388375,0.0,,0.10226836444152758,-0.11476035111666716,-0.04788437538177425,-1.190888764743042
2023-03-23,0.3234145519616445,0.45237921323584374,0.2,-0.8842295346546697,0.16022333718956555,-0.17290617703044514,1.0,1.4653925477100322,0.35,-0.48717716128759286,-0.3222747278859456,0.829593752274342,0.03366832462548592,1.1405710181395523,0.18,1.031512316169957,15.0,-0.9089585469880006,0.0,,0.03802901461164967,0.37375119097594006,-0.018146525181420244,-0.8830031700972875
2023-03-24,0.34078087224791465,0.45612954726628074,0.2,-0.7890536597076431,0.18715587148842583,-0.13650598432682762,1.0,1.4548606616896298,0.3,-0.4328954154691398,0.2888613208412697,0.8191159913033226,0.03208622543280883,1.0874800465582235,0.2,0.9638909079597912,16.0,-0.920579581649408,0.0,,0.047217986043117534,0.5337261795313446,0.0058572064014351475,-1.6572632323317429
2023-03-27,0.3934985128371072,0.47093413360271996,0.2,-0.6204767568469401,0.2430833112467342,-0.08216508675770522,1.0,1.444563555539849,0.25,-0.3343755368128164,0.9942437717654963,0.8097404391460938,0.030172658669278943,1.034404850686897,0.22,0.8973237940879875,16.0,-0.9423447843381773,0.0,,0.05993901014683815,1.0122049976829945,0.050137973283838046,-0.781312115981652
2023-03-28,0.45182925779803823,0.48726866722328266,0.25,-0.4949536531433051,0.290019834814626,-0.020257685547602582,1.0,1.4343391089234245,0.2,-0.2330938631424555,1.2884277583310069,0.799559352030757,0.029086371374485356,0.9813505274674692,0.24,0.8364076755741919,17.0,-0.9682101508212366,0.0,,0.0568317626188661,1.16161454639737,0.06461260126526197,-1.7684433979682688
2023-03-29,0.47420264643541377,0.48461158021900475,0.25,-0.4310462148662065,0.32681607348162317,0.033149835136691286,1.0,1.4241772923996323,0.15,-0.18234255538675628,0.5445117729322515,0.7917239449368075,0.028036000638039654,0.9278163935668209,0.26,0.7723524636518856,18.0,-1.0828571687134967,0.0,,0.029651645566291,0.9915366301150992,0.011648412608993469,-1.7684433979682688
2023-03-30,0.5139350760922704,0.48740936741746166,0.3,-0.361149139431399,0.35243893658704023,0.08285756610872266,1.0,1.4141693367901111,0.1,-0.10474103750113899,0.7586434786439783,0.7809973442715872,0.02604186160178961,0.8731461019527796,0.28,0.7126752728824783,19.0,-1.0404976560297123,0.0,,0.011470190592868523,1.1349298493503377,0.007104024165215921,-0.8320399501744887
2023-03-31,0.5767512414362607,0.48351937410434664,0.35,-0.24313323312410756,0.3827239971154923,0.13746485882257153,1.0,1.4043370342700392,0.05,-0.01671034589209326,0.8812208031533065,0.7727426504797533,0.022209831915888413,0.8261142750380079,0.3,0.652728716212972,19.0,-1.0170797981253348,0.0,,0.1590262331310511,1.5865664858466992,0.12207301534735442,-1.0596810275257842
2023-04-03,0.6388731522589167,0.4731053118107317,0.4,-0.1085439192116252,0.46865898086200763,0.1980147920662363,1.0,1.394649234417144,0.0,0.10014320228077259,1.3992599569363204,0.765895253739228,0.01689240866234992,0.7786976142453896,0.32,0.6019876266743663,19.0,-1.0403180588407266,0.0,,0.15694388251821698,1.721927059084109,0.20681568412927326,-0.6398313963512795
2023-04-04,0.6826285533302376,0.46545202097827676,0.45,0.014938499951743076,0.5663884136139044,0.252920814177374,1.0,1.3850781302801385,0.0,0.23097305923560257,1.5075119041263867,0.749784364724812,0.011942315178507686,0.729434339062855,0.34,0.5453882932316781,20.0,-1.0918814833606443,0.0,,-0.006680103342334376,1.5491410508809504,-0.009749135165207267,-1.2322169110507981
2023-04-05,0.7139672975818915,0.45506171880058344,0.5,0.10973092386388573,0.6819670122123042,0.2956256543904948,1.0,1.375655908606983,0.0,0.3143138475763133,1.334015860605531,0.7355616812213128,0.00935642584054525,0.6794321317966211,0.36,0.48239264071498655,20.0,-1.0834565353313121,0.0,,-0.036870822840932536,1.534889065191691,-0.04856564331781419,-1.1479225700197342
2023-04-06,0.7037396466625562,0.464140721898169,0.5,0.13290737531237867,0.7526545436913059,0.31667677398718036,0.0,1.3664482053394074,0.0,0.392476170532119,1.2024693223602743,0.7137353312107728,0.0017457269126475862,0.627492809233097,0.38,0.4175218776085717,20.0,-1.0472627648850685,0.0,,-0.1882788860091583,1.3725140185124862,-0.22912955892697423,-0.4558779548488904
2023-04-07,0.6880456387694387,0.47308673771059395,0.5,0.17695192304404406,0.8086721964139414,0.3251743706247564,0.0,1.3575923756841155,0.0,0.45878060193925646,1.0943251654378348,0.6919259795494151,-0.003343896206448014,0.5744328483432579,0.4,0.3450129565085319,20.0,-0.9956271658358485,0.0,,-0.2673696159010224,1.0635425137076815,-0.301828966602151,-0.404142026677155
2023-04-10,0.6844969414217721,0.4751640520076603,0.5,0.236275305214158,0.8419627192170419,0.32416089707589496,0.0,1.3491233285157107,0.0,0.5199622671459181,1.3241164003814685,0.6739231694033222,-0.0062089415765904515,0.5198875293404205,0.42,0.2832138615494578,20.0,-0.9981037310369338,0.0,,-0.23440833243261813,1.2089275581780845,-0.32283864947029145,-0.1935696542713956
2023-04-11,0.7167010700735574,0.48821231621196626,0.55,0.3747130611352601,0.9054757471629372,0.3242302883400751,0.0,1.3410801896685332,0.0,0.597395993986668,1.345097604405296,0.6514506095404746,-0.008615975460788001,0.46465212922875226,0.44,0.22552832321724195,20.0,-1.0041444319840767,0.0,,-0.26414793883792725,1.0519480555073988,-0.37218967975046297,-0.9881426330718062
2023-04-12,0.6780343860347523,0.520306754817392,0.5,0.4263553040060772,0.9537234587493559,0.310694923012531,0.0,1.333399043618833,0.0,0.6446745542529885,1.2431541757862592,0.6370603436094116,-0.0064009344893311585,0.4119591590210018,0.46,0.1716163241684939,20.0,-0.9467340701405826,0.0,,-0.11179057641205681,0.8937961744962232,-0.1481785827467684,0.47445548538890725
2023-04-13,0.6810546264000507,0.5211612212223147,0.5,0.4980387456067266,0.9668061756245133,0.2945424795793333,0.0,1.326229441181014,0.0,0.718568549796615,1.102669929290445,0.6254681848987805,-0.0067359491462349935,0.35789999350022567,0.48,0.11233055353747438,20.0,-0.9023398483933607,0.0,,-0.223243441610958,0.7381881367104479,-0.2680081035236983,-0.8808520576891318
2023-04-14,0.6665826351867085,0.5153248034610378,0.5,0.5145519292110307,0.9320010216504251,0.26825457632586763,1.0,1.3195354480328616,0.0,0.757188266360899,0.7932790789888026,0.6163909692029172,-0.007030071084337295,0.3026691757357559,0.5,0.057843894555560826,20.0,-0.8546136104328947,0.0,,-0.2698897225577016,0.4369582373746253,-0.24019996271272914,0.07490463293195401
2023-04-17,0.7054732919533515,0.5705256154163084,0.5,0.584201573566783,0.9026416763969205,0.24773360763529612,1.0,1.3133816592516108,0.0,0.7937849705864632,0.3955911867725718,0.6066312573600137,-0.009342234006284797,0.2471965827698842,0.52,0.006958316273515747,20.0,-0.8697347813982719,0.0,,-0.271998498189239,0.5812242856149138,-0.13264164896287317,-0.9471720759161778
2023-04-18,0.7442930188987467,0.6383966628040532,0.5,0.6176156797862844,0.9035011283953724,0.22772831940098728,1.0,1.3076433468577866,0.0,0.8173512353595482,0.19894118053290172,0.6023779023839294,-0.010529703123057975,0.1923843748493552,0.54,-0.031635086001969494,20.0,-0.831323812971215,0.0,,-0.09449974723015826,0.5776731979109795,-0.026932037173152578,-0.34444785172765213
2023-04-19,0.7361255973395319,0.6174726860920255,0.5,0.605211928712241,0.8650462558000405,0.20145342215953463,1.0,1.3023029052028172,0.0,0.8443312013392094,-0.009824256759106323,0.5938849960829553,-0.012550460513867738,0.1359392116445237,0.56,-0.0781722437930286,20.0,-0.832688169087693,0.0,,-0.23207708126531565,-0.3124926086422623,-0.016564864705250922,-1.2181758870726016
2023-04-20,0.7100186020597798,0.5694762647199925,0.5,0.5824355943695293,0.8346406724084532,0.16960532496737984,1.0,1.2973799649130524,0.0,0.8778301370365492,0.11557129468566031,0.5889112833449714,-0.012578317449174195,0.08003973248245026,0.58,-0.12479001900065778,20.0,-0.8769748352145073,0.0,,-0.19128835685338327,-0.3137105545286398,-0.03688095405964542,-1.7684433979682688
2023-04-21,0.6719930379242698,0.5105265466909026,0.5,0.5054997011663758,0.77474908021282,0.13016473665723396,1.0,1.292851471855242,0.0,0.8620525448282177,-0.25136702766981744,0.5859661747146245,-0.012048036343742996,0.023809774013702142,0.6,-0.1638806662989251,20.0,-0.8198080883337973,0.0,,-0.17650521875189495,-0.4638054629349724,0.03380176557303374,-0.5139282947175439
2023-04-24,0.6276615591373174,0.47894518787884777,0.5,0.4040994607347308,0.7168461251526301,0.08519180195833637,1.0,1.288752053121613,0.0,0.8018929079169711,-0.4120423843489174,0.583928413915385,-0.011252970702105972,-0.029476621120669944,0.62,-0.20313334365268867,20.0,-0.8029044867499777,0.0,,-0.21474792275144738,-0.17139066510778103,0.07875011778020684,-0.44324008430525996
2023-04-25,0.5540303584470551,0.41453674123233586,0.45,0.28757223954007316,0.6327330701193121,0.03207577027651093,1.0,1.285121541409274,0.0,0.7115922012366115,-0.6921438057456116,0.5849920240508828,-0.012270130365770038,-0.07982214295359252,0.64,-0.2411957137362308,20.0,-0.7554227622559401,0.0,,-0.2614666873161285,-0.7665741415845215,0.17494843196161763,-0.8191020027528189
2023-04-26,0.5097665865136387,0.39652629710454956,0.45,0.21622088922982227,0.5887409868779332,-0.020846867402618298,1.0,1.2820058992535504,0.0,0.6565509736843291,-0.6982199057749297,0.5909638359828963,-0.010641861840327518,-0.12323245855505334,0.66,-0.2804770746810779,20.0,-0.67960638185026,0.0,,-0.23624591610830295,-0.17833822198916147,0.16725797949704804,-0.2524088845199704
2023-04-27,0.453873494946235,0.37887097741992926,0.4,0.16989247733988316,0.5614286438442356,-0.07470762177413999,1.0,1.2793553903387893,0.0,0.6000059906597721,-0.4738870482819987,0.5949500227235971,-0.013179019363610926,-0.16362344631750736,0.68,-0.30932897979222124,20.0,-0.6738593787745232,0.0,,-0.31511193951881683,-0.3316159141867102,0.16119646002066224,-0.7170998886597528
2023-04-28,0.40987944868422455,0.4041345664748457,0.35,0.1585759244960935,0.5775405893031518,-0.12431040898894083,1.0,1.2771413229336446,0.0,0.5566749564516549,-0.039249510815870116,0.5973126500241819,-0.012246575161303626,-0.2012204036407953,0.7,-0.3342278926210177,20.0,-0.6147465002517596,0.0,,-0.20488651002036673,0.41254760051085265,0.02028223199849593,0.12257654292948526
2023-05-04,0.3425612760832284,0.4362416630375229,0.3,0.08709161641220937,0.583786685600971,-0.18033004441539424,1.0,1.2752873066450094,0.0,0.46492785419732224,-0.4429248955356193,0.5959226691531792,-0.014229002315320052,-0.23481450795225114,0.72,-0.3556361415775766,20.0,-0.5806869619801558,0.0,,-0.3744035485391668,-0.04367687668799213,0.19363165944553093,0.041359369080798035
2023-05-05,0.2813328538241286,0.46706706867535086,0.25,-0.011843800171878438,0.5723301135010996,-0.23826468117423388,1.0,1.273886918260923,0.0,0.3581217938520102,-0.5953127854325587,0.6003386769317164,-0.01676243075146566,-0.2659054610484513,0.74,-0.37912055673880635,20.0,-0.5816248350928989,0.0,,-0.4476109772475874,-0.04864761221489891,0.3028949522028944,-1.2509743733056589
2023-05-08,0.2378989440748008,0.5106951499375879,0.2,-0.09063685378183332,0.6011911812499168,-0.2876132947080588,1.0,1.2730033277145667,0.0,0.2684257010511947,-0.38590219618508736,0.6084736680775177,-0.013292237798623804,-0.29406384082146514,0.76,-0.4066190876101634,20.0,-0.5472889495427425,0.0,,-0.3385551701574909,0.40103614770386653,0.1614021999791768,-0.46120485901660985
2023-05-09,0.20021977463798152,0.5500906336127548,0.15,-0.1378197955251342,0.6195342364531814,-0.3226114175562582,1.0,1.2726358810888634,0.0,0.1955141087087322,-0.13939698691016436,0.6094078470818278,-0.017817754346079826,-0.318050791539115,0.78,-0.433286022427061,20.0,-0.562297835041176,0.0,,-0.4064124944066578,0.3965989232846391,0.09805225417670556,-0.7560556648175578
2023-05-10,0.18001039808617425,0.5711270137202475,0.1,-0.14209677040141827,0.6691991310371056,-0.34321143154033507,2.0,1.2727706339995823,0.0,0.15593888910765277,0.42933541653727647,0.6154055112043978,-0.01795544593219758,-0.340193738859503,0.8,-0.450344078148737,20.0,-0.5949159894021603,0.0,,-0.28816899130941004,0.5447050359163023,-0.09722200194992836,-1.056505113896841
2023-05-11,0.15963026956530071,0.600634422094051,0.05,-0.12232883682842834,0.7214378389399511,-0.35468257594591607,2.0,1.273358133102497,0.0,0.11139240163542943,0.5652457796311822,0.6213585519166483,-0.017200955485870695,-0.3589564544375568,0.82,-0.46787323087330734,20.0,-0.6100411974130853,0.0,,-0.346401172298301,0.6927990742449175,-0.16846157037871806,-0.49607381448989407
2023-05-12,0.14496821216674913,0.621434709399532,0.0,-0.11940362245575205,0.7857769891421119,-0.35573659383418577,2.0,1.2743575863775014,0.0,0.09162064914317776,1.0691566662090735,0.6287502081069833,-0.014255920953719975,-0.3770123526997749,0.84,-0.48906101083103015,20.0,-0.6261653424879194,0.0,,-0.25604128623868255,0.6877842090575792,-0.2595195468236464,-1.3106255345684905
2023-05-15,0.15397606413782156,0.6056771360828153,0.05,-0.1317317925319582,0.8195639020656336,-0.3489070552721157,2.0,1.2757835053544355,0.0,0.07231034380913495,0.9664772731650195,0.628941869391599,-0.013736129369520834,-0.3926972531278456,0.86,-0.5138963130614984,20.0,-0.6948960741598369,0.0,,-0.4381807382945235,1.148450030592987,-0.41158117254391335,-0.9001591480494422
2023-05-16,0.1567297815055822,0.6023602219766293,0.05,-0.12280329432090499,0.8419306516537088,-0.33479782838921,2.0,1.2776424710290855,0.0,0.05444431306420733,0.8423607769557458,0.6274229998540913,-0.013694814925009626,-0.4077184962792856,0.88,-0.536495014469582,20.0,-0.6969600448027168,0.0,,-0.4203326407920402,0.8318168782680158,-0.35442401149422575,-0.9221314705467284
2023-05-17,0.17099870265726644,0.5903284554187607,0.05,-0.0969642387819433,0.8347128405660432,-0.31373348874567564,1.0,1.2799210869879947,0.0,0.04620368526980774,0.6934885589145381,0.628238347855827,-0.015047762059865038,-0.42135047478111465,0.9,-0.5502830241438913,20.0,-0.7483861147546509,0.0,,-0.3488642476871249,0.8276074493961346,-0.2529895286046963,-0.9536167661067274
2023-05-18,0.17324332524718966,0.5885505577132575,0.05,-0.06566203853099603,0.8386947328503107,-0.2851722862404865,1.0,1.2825966594448786,0.0,0.06169966689785924,0.7377675040349024,0.6338776636689021,-0.014986115909930358,-0.4335208168796564,0.92,-0.5589958711568108,20.0,-0.6932123736266821,0.0,,-0.2324046166659847,0.6650625211567907,-0.1853602158532492,0.15630274664319774
2023-05-19,0.16927708172217099,0.5910460661026018,0.05,-0.06814280546162477,0.8380824253670766,-0.2531093398072014,1.0,1.2856513970376038,0.0,0.09657362920838838,0.8917371190263209,0.6349744767673093,-0.011500398805577744,-0.4440214061292864,0.94,-0.5751853538349573,20.0,-0.6859707413396507,0.0,,-0.22847130940191654,0.5002265418951282,-0.22446737503815664,-0.19961520598702656
2023-05-22,0.20624265274452203,0.5972875824494359,0.05,-0.0017846349750678765,0.8696218774920654,-0.21378362359948247,1.0,1.2891195936395055,0.0,0.14342677218149363,0.8861235645013881,0.6286554776405114,-0.012664662857726884,-0.45261690501486984,0.94,-0.5875662118990121,20.0,-0.6923198680059437,0.0,,-0.31089213288901124,0.657023503284875,-0.31351588333172914,-1.3451584203984615
2023-05-23,0.23687543847198894,0.6105772137187716,0.05,0.023831591899743362,0.8669370692388385,-0.17507189635694487,1.0,1.292883767201335,0.0,0.17649398615085093,0.7099527896358165,0.619534544169116,-0.013986768002111107,-0.45980725514762205,0.94,-0.5968365265997442,20.0,-0.6756881194300786,0.0,,-0.38631377425677,0.48870862882104027,-0.32996882896450913,-1.4361015211162689
2023-05-24,0.27315262562025155,0.6368569701640769,0.05,0.0613128619408585,0.8467272997230141,-0.13854517143570547,1.0,1.2969892951051638,0.0,0.2007452898015798,0.13499819127767773,0.6043955048506269,-0.0182182040784255,-0.47522059853580734,0.94,-0.5907625993875335,20.0,-0.7214605722151483,0.0,,-0.45085711090220015,0.48329812168777864,-0.13233572156342358,-1.4293773504189358
2023-05-25,0.2914312159378116,0.649526034132567,0.05,0.09107610641791748,0.8204360240293856,-0.10393443537309707,2.0,1.3014135411778522,0.0,0.2166347633770671,-0.22196086658018443,0.5853667678816569,-0.024429157026824987,-0.49491453519423945,0.96,-0.5808326182283245,20.0,-0.7623596557200133,0.0,,-0.5351609248447128,0.31159443857244357,0.026180123580630533,-1.2612217544025623
2023-05-26,0.3329059257908094,0.7190319074971956,0.05,0.16986216829650502,0.817330603808344,-0.06717392794742015,2.0,1.30613310426318,0.0,0.25944389962937703,0.00017992732555616175,0.5644155042900408,-0.029851161375625813,-0.5161109658565312,0.98,-0.5750015667489103,20.0,-0.7875116244413572,0.0,,-0.5843831888124803,0.305221433620107,-0.10932560465893618,-1.3221413771796975
2023-05-29,0.3570601970676404,0.7420522929929705,0.05,0.26424663770742324,0.869558691957148,-0.0277268355141365,3.0,1.311012288652917,0.0,0.30701331522938374,0.03738019151830932,0.5392933449356826,-0.035196162082100836,-0.5361188947997607,0.98,-0.5733492968299131,20.0,-0.814039027466443,0.0,,-0.6386455258192364,0.4681541270514008,-0.1554500187461603,-0.7829569450216864
2023-05-30,0.39315259565109045,0.7863675855716152,0.05,0.3455981682942773,0.9246932731230204,0.013343037578178748,3.0,1.3159422222864028,0.0,0.3606961683604715,0.3291575298030759,0.518281967129743,-0.0411689682624454,-0.5571040746452991,0.98,-0.5753603285246125,20.0,-0.8408510940864831,0.0,,-0.6305957836376845,0.6315086528455136,-0.3544604478045176,-1.253341221060554
2023-05-31,0.38728974196914423,0.7827878550801233,0.05,0.3829164184356148,0.9781495273697189,0.045152798510422795,3.0,1.3208538250861863,0.0,0.39900296837446964,0.4095006533215776,0.49406424011411587,-0.04581584764867613,-0.5819243619476141,1.0,-0.5824163783167549,20.0,-0.8965287709485896,0.0,,-0.7044395829898124,0.2834943511387503,-0.46996227484483627,-0.9909769943126437
2023-06-01,0.41162249716839766,0.8065351741381593,0.05,0.43400542698014083,1.0350606076712439,0.07727476089905974,3.0,1.3257482958546292,0.0,0.4770727321544347,0.7601278885451028,0.47721588628815487,-0.04992325956783725,-0.6042843303857082,1.0,-0.5891309669493716,20.0,-0.9227812083509089,0.0,,-0.5578221112670382,0.6212158715170234,-0.5824898974083915,-0.48368937896558784
2023-06-02,0.4608307239880037,0.8018320672866788,0.1,0.5046568668675195,1.0934793361497774,0.11838843803030255,3.0,1.3305344266166448,0.0,0.5658954113602983,0.7834064303121631,0.46251386450889387,-0.05238038511113318,-0.626872457088167,1.0,-0.592803738878431,20.0,-0.892872897311243,0.0,,-0.5542856342245672,1.2993224482332995,-0.6095818183224807,-0.652808152512341
2023-06-05,0.4921223994379803,0.7783788778954426,0.15,0.5204334690069768,1.1362294849910266,0.15917505102511226,3.0,1.335083212913171,0.0,0.6452303365768488,0.7602254175151077,0.4417664011439502,-0.051999194286680074,-0.6495844009190688,1.0,-0.5917538624558297,20.0,-0.8922843299841595,0.0,,-0.604557148445875,1.2882803414055493,-0.6710344051219064,-0.44943351247494323
2023-06-06,0.5294624108005027,0.7498325382825607,0.2,0.5726712695885446,1.2046787191183457,0.2028219309756524,3.0,1.3393421857729295,0.0,0.7235008075683067,0.9372140867176918,0.42202508570178787,-0.053238462613153306,-0.672120418427069,1.0,-0.5861689929679962,20.0,-0.8884813606012439,0.0,,-0.5735120430938354,1.445901392284315,-0.7594139799223865,-0.6799962771592452
2023-06-07,0.5606953472662305,0.7260252881849196,0.25,0.5976135298042862,1.2760278697511507,0.24173234438053987,2.0,1.3431435663088669,0.0,0.7918288369440967,1.2715921751834973,0.4022963804926408,-0.050088566679504946,-0.6946350495965753,1.0,-0.5819611495289284,20.0,-0.8518115403533624,0.0,,-0.5867068962833075,1.4296097457993029,-0.9997127726004169,-0.3231087089392106
2023-06-08,0.5734490056467433,0.7213567180512497,0.3,0.5633305596832496,1.2898731523307465,0.2687266659254109,2.0,1.3464308828782734,0.0,0.841851860573781,1.0252835192382934,0.36952947628587596,-0.05468405312528134,-0.7172342594090583,1.0,-0.5730090020160188,20.0,-0.8255245200651894,0.0,,-0.7136270982921326,1.0747074930972458,-1.0610063240945555,0.029666591273565718
2023-06-09,0.5861730327510097,0.7176644775997547,0.35,0.5270305885170368,1.3133089260583297,0.28457490998195584,2.0,1.3492053476405397,0.0,0.8564518887939518,0.8178690457585935,0.3449163348793786,-0.04858112070070918,-0.7390870374014099,1.0,-0.5633019054571202,19.0,-0.7616710936386233,0.0,,-0.5558152847136407,1.0616160721914185,-0.725664281322233,-0.033557006037166756
2023-06-12,0.5934186488948655,0.70798591129229,0.35,0.5395529789356285,1.3547352021206263,0.2968252335693732,2.0,1.351386276173294,0.0,0.8730967833213074,0.761153258666497,0.32248098764454086,-0.04416453519767291,-0.7594371218807622,1.0,-0.5549167781695181,19.0,-0.7438622241145362,0.0,,-0.5436867615435078,1.3819729092566067,-0.6916746758732465,-0.5439817575677
2023-06-13,0.6125521198647094,0.6929012451146686,0.4,0.5465311834510959,1.3785825504393756,0.3083192687447375,2.0,1.3528187604194783,0.0,0.8957432611439119,0.7669532339678232,0.3065891346207076,-0.0356669337920574,-0.7764297722911482,1.0,-0.5490585238702026,19.0,-0.6977772594553453,0.0,,-0.43896729498886083,1.3614826394163804,-0.5689579932385429,-0.00043217736291126783
2023-06-14,0.6377732099043094,0.6714379524702172,0.45,0.533037105782611,1.3526276795886094,0.32043548707160624,2.0,1.35343857292303,0.0,0.9215326417762478,0.6898782039132979,0.2794821990440544,-0.03409451751755229,-0.7992643164822429,1.0,-0.5429033074688958,19.0,-0.7114648977208422,0.0,,-0.5707448229763014,1.5044104200849229,-0.7082760914725813,-1.2273695314166666
2023-06-15,0.6750809514130978,0.6461014057454018,0.5,0.491331297357925,1.3098843289020115,0.32633642375003036,2.0,1.353212024668973,0.0,0.9356443132782178,0.5176098446945688,0.2459831345332373,-0.03266548573377514,-0.8194109121579569,1.0,-0.5339046333564487,18.0,-0.7863899848936439,0.0,,-0.5871725520498478,1.644980211316156,-0.6340341336303601,-1.342198996812834
2023-06-16,0.6996579456813645,0.6508714728436058,0.55,0.42853298638586595,1.242789689120406,0.32574826595786177,2.0,1.3521459540976655,0.0,0.9358431863567391,0.40419301719259393,0.20760157485572805,-0.035000071718925434,-0.8355530082266925,1.0,-0.5149447204924088,17.0,-0.8206457256499329,0.0,,-0.599409151379087,1.134286993875128,-0.5912886993298241,-0.8847300211128079
2023-06-19,0.7056635353214455,0.6536034040656485,0.6,0.32068744971582674,1.164004751863311,0.31517135600320834,2.0,1.3502485404548261,0.0,0.9147275001833451,-0.003570792077198681,0.1635278999330621,-0.04192254005576934,-0.8515799670784062,1.0,-0.4964960559320149,16.0,-0.7586512907445722,0.0,,-0.7310703097406935,0.7940781159439564,-0.42849909723512686,-0.10526972229124634
2023-06-20,0.7240045442195091,0.6630267033052162,0.65,0.3003534239890886,1.1383130429320896,0.30559733248680815,3.0,1.3476226017290118,0.0,0.8910071666694129,-0.21986102201897723,0.13489108392834293,-0.04221684618569972,-0.8654607539125513,1.0,-0.4783763341516765,15.0,-0.7090626513320964,0.0,,-0.594910236984589,0.9419103757151764,-0.22591152908612663,-0.4443287328667541
2023-06-21,0.7547876287236914,0.6700950344650753,0.7,0.33873591770962935,1.1533258518665443,0.30356497511635805,4.0,1.3441297032966322,0.0,0.9069498547312534,9.469088251112812e-05,0.10580375538994645,-0.0435956477798426,-0.8772944483081866,1.0,-0.45860572054185134,14.0,-0.6916192733483749,0.0,,-0.6198764379711327,1.244439691547055,-0.3795962615666978,-1.0805097907445036
2023-06-22,0.7916217354538626,0.6913125592786187,0.75,0.4106836346762345,1.1952591036470313,0.30739878213641625,3.0,1.3396479923250066,0.0,0.947614663668889,0.13253163613510988,0.07598196712624648,-0.04529655609875604,-0.8873647233871167,1.0,-0.4405499962652098,13.0,-0.6779891363712197,0.0,,-0.5983473168657583,1.2223716822258355,-0.4573623784577909,-0.9886190148594598
2023-06-23,0.8345975450332233,0.715580197525463,0.8,0.44123364158535194,1.2196381333421267,0.31752958756997424,3.0,1.3341200366331925,0.0,0.959754336260753,-0.2163699533921935,0.04792548062065448,-0.04598479966413269,-0.8949502890141042,1.0,-0.4291810503713389,13.0,-0.6700643525794867,0.0,,-0.6686997094830741,1.3551825212919184,-0.28745533429518394,-1.163645701345036
2023-06-26,0.8837594973567825,0.7201661063132956,0.85,0.4015007374397951,1.2293928046159794,0.32550572943849365,2.0,1.3276185053350835,0.0,0.9625212251767383,-0.3502714398908329,0.018928880958913204,-0.04548106292860951,-0.9075389920873846,1.0,-0.41938263006480675,13.0,-0.6652517082639461,0.0,,-0.641571950220213,1.639497243440419,-0.19166549374680325,-0.6867040587108759
2023-06-27,0.938926347766148,0.699875738686272,0.9,0.35258828027192524,1.2334754500833944,0.33180625443152184,2.0,1.3202956288746357,0.0,0.9444871215615087,-0.4375126880171746,-0.006143915038308392,-0.04118799976289689,-0.9186040338484373,1.0,-0.4070641633108047,13.0,-0.6483383423950346,0.0,,-0.6202329583488281,1.9138382677063714,-0.12492855294711046,-0.9150739036823261
2023-06-28,0.9875112811852345,0.7502341854905711,0.95,0.284085188294957,1.2176559771423308,0.3403123525098765,2.0,1.312201682385607,0.0,0.9220567231845752,-0.40582178606694624,-0.01963610282237501,-0.03080813940360565,-0.9270957858649492,1.0,-0.3966359362752162,13.0,-0.6330845886606747,0.0,,-0.462484935307538,1.4258619564100468,-0.10106938234259343,-0.6859019196254437
2023-06-29,0.9983114537720701,0.7707642578213448,1.0,0.1508533884305521,1.1434285484224629,0.3365934865235771,2.0,1.30340877886853,0.0,0.8615495739510207,-0.7814094228998816,-0.04099095281618301,-0.023051012639634025,-0.9352180003939585,1.0,-0.38830597486539553,13.0,-0.6314383126253756,0.0,,-0.6244502167391812,0.8002736788364698,0.10360964476981396,-0.4507638582596048
2023-06-30,0.9778441265146439,0.7486486509865763,1.0,0.017831480412253676,1.0717692091175026,0.3121606495850042,3.0,1.294098273957261,0.0,0.7900912624098506,-0.9298335465147304,-0.0666703529634098,-0.01522484949900552,-0.9428545831146624,1.0,-0.38712579155670357,13.0,-0.6639350481249938,0.0,,-0.6300964065508039,0.6371944438681716,0.20755694431341373,-1.3027428625047057
2023-07-03,0.9763649358825047,0.7483202221503398,1.0,-0.07033298034201098,1.0291859520862792,0.27473255701360416,3.0,1.2843909210898536,0.0,0.7197267759482943,-0.8808538742050305,-0.08645682085383637,-0.0079700875528722,-0.9470036443856727,1.0,-0.3813201941047846,13.0,-0.7104508787493006,0.0,,-0.5342426097572831,1.071155292724194,0.15884607562229602,-1.3797501249610793
2023-07-04,0.9624047030807714,0.7452173000996934,1.0,-0.13304894061430894,1.036476230911487,0.22890398673851683,3.0,1.2743231691228112,0.0,0.6427193339703368,-0.7751811438540188,-0.10223138220895957,0.0048652943826041645,-0.9522140644140329,1.0,-0.3735834668434148,13.0,-0.7169788872256257,0.0,,-0.4120925922219414,0.9071179606501549,0.08901295300399331,-0.810556446685749
2023-07-05,0.9674326895479339,0.7424786640265431,1.0,-0.19994984681484218,1.04333767185273,0.18025550573647323,3.0,1.2639402877623487,0.0,0.5449015673477033,-0.7844230011142822,-0.11914645934637315,0.0171558634887327,-0.9555426544534719,1.0,-0.3649035867749024,12.0,-0.7557501443511765,0.0,,-0.3692350038908947,1.32855582371275,0.09320093891601108,-1.098533851450225
2023-07-06,0.9469329567288172,0.7130340017950613,0.95,-0.25578756369965894,1.0061279840226223,0.13659269040517122,3.0,1.2533153264938797,0.0,0.45924375178947463,-0.7338822853272853,-0.13550168553633965,0.01960624468400139,-0.9606797371726492,1.0,-0.3527904097286111,11.0,-0.7710140410614994,0.0,,-0.37106678713232505,0.436547611321761,0.08400082047621896,-0.27561134293289224
2023-07-07,0.9582168556485231,0.7153347175355648,0.95,-0.2882734008893727,1.0009998873253187,0.10005635097557841,3.0,1.2425354930377612,0.0,0.3972661487587364,-0.42320364286461987,-0.14256018309431354,0.03208814143035544,-0.9680065552779783,1.0,-0.33687496648080884,11.0,-0.7847120220812653,0.0,,-0.2359645609078068,1.1492977257414325,-0.01558151116545733,-0.3075166264324849
2023-07-10,0.9570177930122894,0.7155878579598214,0.95,-0.29648028866705955,1.0372866880840566,0.0727803790099879,4.0,1.2316237269557946,0.0,0.3478430801346087,-0.1920898529256933,-0.14876352584988464,0.04822570437910397,-0.9769793352884925,1.0,-0.32284907646960126,10.0,-0.7908128168411908,0.0,,-0.255416462022933,1.1308693739587476,-0.07246981473834122,-0.6659976527662089
2023-07-11,0.9685461806950508,0.7083754344351934,0.95,-0.2982604678082507,1.06324750581236,0.05285007630664316,4.0,1.22058374526413,0.0,0.2965266087087338,-0.1884442394902498,-0.1486403776079486,0.06866222843796864,-0.9846855035585474,1.0,-0.30950648322472984,9.0,-0.8392865950159223,0.0,,-0.21911905257293932,1.3938070911542912,-0.059118102769650224,-0.9699077408575408
2023-07-12,0.9738258589367398,0.7042889236749836,0.95,-0.2662232418385372,1.0728700362401915,0.04077443640333798,4.0,1.2094512719559591,0.0,0.23699917776044055,-0.38625872736170164,-0.15183125811008588,0.08014304285858373,-0.9941187465267279,1.0,-0.3019759069891921,8.0,-0.8443186765958121,0.0,,-0.28977896393337044,1.3683876855007084,-0.014610491226466273,-1.3280111630144635
2023-07-13,0.9792571325043513,0.6980249721323581,0.95,-0.1718715519876736,1.124664827997965,0.04082488285874235,4.0,1.1982086748332308,0.0,0.23085968768238505,0.5261898420447613,-0.14286803534486547,0.09054587104743607,-1.001596763094345,1.0,-0.28820342445551467,8.0,-0.8219145599129561,0.0,,-0.1201087363511504,1.482557074834847,-0.11494635173231019,-0.8941166631557159
2023-07-14,1.0095872775906993,0.6798375027399479,0.95,-0.051860697844573284,1.175519199945335,0.050426563795409406,4.0,1.1867766792664631,0.0,0.24352719623907415,0.8083499672335321,-0.12831293446421876,0.09734464198199715,-1.0089068035294075,1.0,-0.2633299451452708,8.0,-0.7922373480983572,0.0,,0.08769801868287806,1.5894591111355258,0.10872824417016501,-0.2911857848208303
2023-07-17,1.0457608214389347,0.6862659072500936,0.95,0.07801125494221224,1.2225841863398856,0.06965036136765032,4.0,1.1750846673156294,0.0,0.28180477507482343,0.9128961786968581,-0.1257190357378493,0.09312934324555064,-1.0156411053328893,1.0,-0.23441398577967604,8.0,-0.7829961889311895,0.0,,0.07437076798388276,1.419744808298657,0.10052527715489822,0.0795534610521094
2023-07-18,1.0817832719828326,0.6829091397198159,0.95,0.12510570501737725,1.2419537316684595,0.09128349181775093,3.0,1.1630276241033228,0.0,0.30665692502888453,0.43182580104877705,-0.11343583403089438,0.09651741946782633,-1.0216543438282422,1.0,-0.20333937801519567,8.0,-0.8188911855995016,0.0,,0.21599702186138137,1.519512379874894,0.1893826312406809,-1.1622286662329953
2023-07-19,1.0987071218268611,0.6799183875517336,0.95,0.09847699943555432,1.230985430015038,0.10776528205433315,2.0,1.1506952995299096,0.0,0.2986803532181238,0.005220677569336141,-0.11248485782673524,0.09276651301295563,-1.0272879040969989,1.0,-0.173446830140768,8.0,-0.822809237968816,0.0,,0.13199707218775894,1.3528404955572082,0.059773902747510675,-1.1588708381307922
2023-07-20,1.1155075251728674,0.6783907853673716,0.95,0.06086959664092798,1.2356689364001827,0.1173412444853618,2.0,1.1381963646053501,0.0,0.3110510063389314,0.5492399985513505,-0.10433850469870481,0.09220898775733674,-1.0346638121363319,1.0,-0.1361744136152051,8.0,-0.8202931131266025,0.0,,0.28764652127270657,1.3215161628272618,0.2910376279973516,-0.9382965180151907
2023-07-21,1.1259595903265605,0.6760874987043355,0.95,0.07516287173950133,1.2713554885381888,0.1269321925852947,2.0,1.125514352733906,0.0,0.33746841930578897,0.4835217083991674,-0.09775319488519664,0.0912658874582516,-1.0416712390989702,1.0,-0.09789462923902544,7.0,-0.7625583256880141,0.0,,0.37491983421214287,1.288659731956502,0.35925581036171605,-0.008949952573266173
2023-07-24,1.123768057087668,0.6773649650065137,0.95,0.11972624293574922,1.320028592830135,0.1362199916203803,2.0,1.1125498188556358,0.0,0.3798261579324661,0.6499710745143772,-0.07680453865930656,0.09481023642617431,-1.0482121447579684,1.0,-0.055164631831190476,6.0,-0.7611423259925904,0.0,,0.5141150612842539,1.2528938499557771,0.5891235957366457,-0.6583840648024019
2023-07-25,1.1154330250199451,0.6873467806019374,0.95,0.14035921540894353,1.3400999694708013,0.14478287909696477,2.0,1.0991495121484411,0.0,0.4090478645390852,0.27163415629866383,-0.05677058127333796,0.09656520927776033,-1.0547744977422928,1.0,-0.01338859349069045,5.0,-0.7753694341736106,0.0,,0.5004614049103684,1.3353191094760686,0.3932906558840051,-1.1996160673027303
2023-07-26,1.1194864850913369,0.6859658725452715,0.95,0.1670103769811767,1.346014762445773,0.1507731145141284,2.0,1.085317150084124,0.0,0.4385133205808233,0.27017904291251127,-0.029730810602927833,0.10768117311066626,-1.0634773408027818,1.0,0.020911741223149097,4.0,-0.8009816345221124,0.0,,0.5284234577088823,1.1755499871647157,0.4268840544173319,-1.1981459265954795
2023-07-27,1.1485196128234414,0.7035123094580358,0.95,0.24305058481502423,1.3408869514158601,0.1612519026497114,2.0,1.070991840850889,0.0,0.4805757523090636,0.11570436130786488,-0.007209147462935466,0.10772962998808186,-1.0723725164592723,1.0,0.05271917640013922,3.0,-0.7826827221702537,0.0,,0.5248274276755491,1.1376235703131234,0.35443026327461064,-0.0847856112224323
2023-07-28,1.1899295893230382,0.7375756072466355,0.95,0.34622860104412084,1.362989774507589,0.18142686181977138,1.0,1.0560088102393048,0.0,0.5330438883506499,0.14078698457386007,0.01959370935810554,0.1075470488142962,-1.0844096980627258,1.0,0.08859567609924451,2.0,-0.7225647337510966,0.0,,0.6155649392096311,1.2113744563939715,0.4431806940088884,-0.10038309412156327
2023-07-31,1.2246418043828613,0.7308263367476694,0.95,0.4239600166295707,1.38924576100265,0.21405096061659612,1.0,1.0402041343913477,0.0,0.5910471438658762,0.2682994305711701,0.05835590792993134,0.11196315402991779,-1.0938319916060595,1.0,0.1264489598623218,1.0,-0.6751897189527196,0.0,,0.8089943469704767,1.382153471868249,0.6979482504671103,-0.4322498289935397
2023-08-01,1.2652502501048697,0.7409498988473224,0.95,0.40113072828874907,1.3710616809546656,0.24399439403763673,1.0,1.023523722833601,0.0,0.6319711850758574,-0.009729948504723307,0.09470038140018763,0.1132596109122158,-1.1031192060726318,1.0,0.17173901983959194,0.0,-0.6007699530821291,0.0,,0.8194748754258004,1.3262052385969378,0.4937160030832731,0.6778388707260623
2023-08-02,1.2865339388461972,0.7337264056262081,0.95,0.3991211521103947,1.3715559916998106,0.26997702101409116,1.0,1.0060813485083309,0.0,0.6855406097575506,0.1830230112797282,0.13908409253315565,0.11256991785930036,-1.1086572628446003,1.0,0.21206151572049672,0.0,-0.5626126941360896,0.0,,0.8686120597962065,1.272406766775224,0.7113691113168579,-0.3353886725294374
2023-08-03,1.3455927741446847,0.8325650575926768,1.0,0.41743959914469186,1.3483899946512017,0.2888806078329039,1.0,0.9878045005912026,0.0,0.7230949724311608,-0.12713448308681696,0.18031556382186045,0.10348216418672937,-1.1106635433775771,1.0,0.2502341385224884,0.0,-0.5731277642981754,0.0,,0.7548026344506157,1.2200689068962312,0.39605301848670926,-0.485912746174605
2023-08-04,1.3726591058572069,0.8464862619852058,1.0,0.43181439561755014,1.3519616366145433,0.30451922160968914,1.0,0.9686040546254464,0.0,0.7475030862479508,-0.11027596257301664,0.23306872117920135,0.10642283060317757,-1.1100660382041507,1.0,0.29960186104268416,0.0,-0.5729747041802716,0.0,,1.1275898953702368,1.1695087008172935,0.6249052962179641,-0.30445542407441284
2023-08-07,1.3995752581038006,0.8692646041616496,1.0,0.42371066167503824,1.3739943524166092,0.3203092119028918,0.0,0.9484613536528508,0.0,0.7540920544796641,-0.2502003820603193,0.2933274851613373,0.11097965355258826,-1.1103360194941696,1.0,0.3425623040226342,0.0,-0.5615257922161844,0.0,,1.077174902048548,1.1172022430961859,0.447578376116108,-0.43701941348446194
2023-08-08,1.4137516824659007,0.8710635527697559,1.0,0.40505776155944906,1.3765360995438547,0.3315739542984079,0.0,0.9273589057312531,0.0,0.7671327070292158,-0.13580271402105193,0.34932982149586855,0.11186581283894695,-1.1063517683095332,1.0,0.37628518143435286,0.0,-0.5135697485580426,0.0,,0.9312286318770878,1.0632384315288226,0.4941211406959152,-0.010786867694705785
2023-08-09,1.4279353881385033,0.8756720705829106,1.0,0.3728501601082815,1.3519402953001294,0.3319314955073568,0.0,0.9052643465442269,0.0,0.7787232174607638,-0.3725763181966416,0.4063008374893812,0.10795203176565693,-1.0980693563851731,1.0,0.4049047569507098,0.0,-0.47501022325781445,0.0,,0.8601104742473508,1.0081911658017544,0.24274867141331943,-0.5568206570098992
2023-08-10,1.4357981497878944,0.87533691850138,1.0,0.24131386472851749,1.2803267823983946,0.30915266609538977,1.0,0.882204380858154,0.0,0.7221130178220911,-0.8123007139074097,0.4467088221562171,0.09781887531794609,-1.0905128846181935,1.0,0.43180128273014473,0.0,-0.47311463984235075,0.0,,0.6898609256204639,0.9552364338728467,-0.12085322970159837,-0.8562049948464433
2023-08-11,1.4374847348087165,0.8745539207229451,1.0,0.11649859301018253,1.2160018278835958,0.2769061542011363,1.0,0.858367853509091,0.0,0.6406255882541328,-1.0074879178367198,0.49753941355845754,0.09883109714810819,-1.0818122488905295,1.0,0.46009260257475865,0.0,-0.4597409646324834,0.0,,0.9094234820174094,0.9065852796535315,-0.35462591067930826,-0.023712280623482088
2023-08-14,1.439618263305134,0.8760182295577761,1.0,0.03705073932961917,1.1896306658669442,0.23962697053267604,1.0,0.8337872482196209,0.0,0.5532363987583148,-0.9958503774063318,0.5590804418474999,0.0981614125853513,-1.074056105666337,1.0,0.4850390206800595,0.0,-0.469776018107679,0.0,,0.9661693451963892,0.7873710919131988,-0.3827059702378272,-0.12114760845180216
2023-08-15,1.4355607531497572,0.8751173575960017,1.0,-0.0130295806112759,1.1640403197529807,0.19806806365207535,1.0,0.808409300479207,0.0,0.4960932075859156,-0.8489407337287485,0.6067249299712557,0.0891625034704086,-1.066599005641258,1.0,0.5047291736169706,0.0,-0.46734144101754715,0.0,,0.6730169750019225,0.7388383775657873,-0.1790765543798086,-1.1135371244303598
2023-08-16,1.4382056259764233,0.8773094544738765,1.0,-0.04667370680112908,1.1250340132791052,0.16244127645924653,1.0,0.7821821528008702,0.0,0.45484994522721073,-0.9333830826266092,0.6627251712591843,0.07891591657524806,-1.0581775368270174,1.0,0.5267946436515626,0.0,-0.3994252197617529,0.0,,0.8547461059960496,0.6908888676676461,-0.31798487413986903,0.19945358698509258
2023-08-17,1.4351845445928988,0.8731278362183083,1.0,-0.13531538475515154,1.054631049640163,0.12729152029032884,1.0,0.7550486154965316,0.0,0.3840745939485003,-0.9426631609171463,0.7261421521259873,0.067763136670301,-1.0482043576361553,1.0,0.5358504180588514,0.0,-0.37936091000321903,0.0,,0.6604718094570994,0.5860112045393883,-0.266644278687502,-0.5370103228445123
2023-08-18,1.336155717709722,0.508156159666614,0.95,-0.328792701049511,0.9257255518699234,0.04788954381089374,1.0,0.7270929955845283,0.0,0.2761075958406217,-1.7074416219138864,0.7570253765505186,0.03868228926406038,-1.0374019231145142,1.0,0.5515906203065067,0.0,-0.3998264648766714,0.0,,0.4012824018501561,-0.301006607141484,-0.48198816758421914,-0.4182610500423142
2023-08-21,1.2440165518080568,0.3502196877738708,0.9,-0.5289149004032152,0.8056193559225303,-0.05527448574611162,1.0,0.6985986202561749,0.0,0.15550226940638887,-1.7477725905527597,0.7825293782729895,0.013585366143006752,-1.0262423727783732,1.0,0.577624327085607,0.0,-0.3416089758820474,0.0,,0.5012675524183569,-0.22849645640991967,-0.6347090791630644,0.5059657150900779
2023-08-22,1.1584648351066744,0.2645213767063035,0.85,-0.6578981918070912,0.7201454776286302,-0.16682722567313307,1.0,0.669740171375765,0.0,0.05155996796650915,-1.7548071755431978,0.8088879521097359,-0.007884770265703679,-1.0184991274850923,1.0,0.6053267430790114,0.0,-0.27206750107101485,0.0,,0.5911032904016661,-0.11854308340922176,-0.7642905918951837,0.19121342891792084
2023-08-23,1.0618233615143384,0.1590580013492946,0.8,-0.787439744461736,0.6210601929247492,-0.28382802798676166,1.0,0.640498670575806,0.0,-0.05914125594625528,-1.8427072907155924,0.8376794152728395,-0.029486943562197214,-1.0141814459205687,1.0,0.6224611982317367,0.0,-0.2623741060044269,0.0,,0.26664850836291387,-0.23474700707644855,-0.37495575814864235,-1.0042780252637202
2023-08-24,0.9780697811886883,0.09752535661650119,0.75,-0.8275680776347198,0.587061059725539,-0.3839666096082242,1.0,0.6109922920019414,0.0,-0.15156575840376152,-1.5872050295460238,0.8779359037102933,-0.04674183078218231,-1.0117925471274927,1.0,0.6373012993261887,0.0,-0.2542835383832204,0.0,,0.37091892003317745,-0.13659602666543075,-0.4351482786125564,0.07702574120169714
2023-08-25,0.8766287514525455,0.03167886987344093,0.7,-0.9081545483001023,0.5448723021682605,-0.4778261859660528,1.0,0.5811209629856351,0.0,-0.25139295171059595,-1.6614428751910606,0.9237541668988409,-0.06174119528320447,-1.0133681614460983,1.0,0.640666211604117,0.0,-0.2637246073074545,0.0,,0.19405020108541518,-0.19256836064941413,-0.2477218097522946,-0.28920447260624504
2023-08-28,0.7817247405735962,0.013818990062143377,0.65,-0.9238683751816196,0.5618798018269824,-0.5618948130941981,1.0,0.5510358654752249,0.0,-0.3492874258723943,-1.452037546554681,0.9778182469710256,-0.06742671714266552,-1.0125307753516415,1.0,0.6461536140746276,0.0,-0.28519657764501594,0.0,,0.27541083421185025,-0.07666511970538081,-0.3016172353339765,-0.8616892357447676
2023-08-29,0.706110459022536,0.020981306769619956,0.6,-0.8725863130325617,0.592826214866662,-0.6283064136145988,1.0,0.5206894901317608,0.0,-0.43066671246227217,-1.349144428043009,1.016803315606193,-0.08031404699961196,-1.010658353014508,1.0,0.6521620691028039,0.0,-0.36475670881590216,0.0,,0.18618886302336268,0.017369476711638486,-0.1908635478412622,-0.9133637526916629
2023-08-30,0.6436254287281294,0.03954528522450995,0.6,-0.8199211969033501,0.6426929903937663,-0.6732127219137165,1.0,0.48997982237497323,0.0,-0.5096259550391558,-1.0547264858454184,1.0549098969378963,-0.08876513766583471,-1.0079141917990628,1.0,0.6648077910795042,0.0,-0.3720654175144473,0.0,,0.2717313040930058,0.06296178266962414,-0.20657358089672812,-0.4815628465003408
2023-08-31,0.6061755368639006,0.06291603837213433,0.6,-0.7036298159013608,0.7228459963151781,-0.6887102788688599,1.0,0.458859366959361,0.0,-0.5638746768454018,-0.8282660578078475,1.0911093041852218,-0.10091724801660877,-1.003031738305686,1.0,0.6754701566857721,0.0,-0.3808128142364743,0.0,,0.2640564555837502,0.12904131405779287,-0.14794125642242423,-0.6608606806151437
2023-09-05,0.5813142683731809,0.08293045450037428,0.6,-0.5965885590060545,0.8205841029092473,-0.685444396137541,2.0,0.42713763566054846,0.0,-0.5492227561974378,0.5868016769785631,1.1239100313693284,-0.10500990360170497,-1.0000762710624478,1.0,0.6929557221213417,0.0,-0.42551356819214814,0.0,,0.21866295489883378,0.12588353048990797,0.18525868066369286,-1.1984705031878893
2023-09-06,0.5568315290647775,0.10359658897960122,0.6,-0.4930825961640534,0.9329149377427992,-0.6750852339286885,2.0,0.3947241670841527,0.0,-0.5168400669208302,0.812903849143237,1.1575765772604094,-0.09986647531824418,-0.993621381903856,1.0,0.7111944555046736,0.0,-0.4468833258736358,0.0,,0.331097523663198,0.08064788043042413,0.35201133697421605,-0.8644145671142155
2023-09-07,0.5325818242169653,0.12508507398494684,0.6,-0.3904639768519461,1.0248927358754114,-0.6603393226294922,2.0,0.36159094870446473,0.0,-0.4905462636056391,0.8130568837683011,1.17812134312012,-0.101667343349467,-0.9875005789454637,1.0,0.7305423495293347,0.0,-0.49516398905052805,0.0,,0.14665808903057528,0.03248570844131796,0.15494252937296357,-0.97640013123255
2023-09-08,0.5025736570428105,0.15095423401540875,0.6,-0.2670791446379563,1.1068069674810945,-0.6390468793645009,2.0,0.3276813440636378,0.0,-0.4454814263375317,0.9420325906993097,1.1741802840055677,-0.11144055932706433,-0.9816684672666487,1.0,0.7530816559837603,0.0,-0.4777104509173206,0.0,,-0.0553122849960704,-0.015211286797885016,-0.06546354885010858,-0.20774989434575342
2023-09-11,0.46055469263778626,0.18355467596350405,0.6,-0.15879877639293474,1.1287535732310485,-0.6139382380967976,1.0,0.2928771323745915,0.0,-0.4140116426981736,0.22570080840974568,1.171582433249134,-0.1313732964503506,-0.9776869907159826,1.0,0.7714809792007238,0.0,-0.44517407221254207,0.0,,-0.29473439988591754,-0.0444171956592529,-0.13387153422735568,-0.2054774207508703
2023-09-12,0.4367260802246545,0.2092027815293741,0.6,-0.01302451337155127,1.1877090228108007,-0.5770800905767108,1.0,0.2570729601730879,0.0,-0.32144536633873544,1.2302466974417734,1.1827268681985295,-0.1299591836367999,-0.9749231934842743,1.0,0.7912817014197114,0.0,-0.46368937683520456,0.0,,-0.06828049988261287,-0.11885846109633007,-0.09978373502884924,-0.39401837307673393
2023-09-13,0.40092890981673773,0.23841664547499986,0.6,0.04789794181743307,1.211947696093651,-0.5383637518952098,1.0,0.22009052388494021,0.0,-0.2382968527407797,1.0353197340819977,1.1823111619459263,-0.1259341861271219,-0.9760713453485518,1.0,0.8006816346328235,0.0,-0.48976788444436625,0.0,,-0.4036413581534279,-0.11165194879837752,-0.5113586082847618,-0.6427177606350335
2023-09-14,0.365306722489701,0.27016729570157993,0.6,0.041684018770783836,1.1809627312867355,-0.5045159203766144,1.0,0.18198647643711777,0.0,-0.17248025755526544,0.8191767480239129,1.1590037443319445,-0.1389923426977974,-0.9755845998729327,1.0,0.7978488303672207,1.0,-0.4282555526692147,0.0,,-0.8396505322880313,-0.14686256736437844,-0.8818443233737489,0.11670951107266983
2023-09-15,0.32968099745770896,0.30502076388114097,0.6,0.05076011717864925,1.1494592840467288,-0.47727600871660325,1.0,0.14288380726577504,0.0,-0.10603418730675826,0.7262930441414694,1.1362972575264876,-0.14023469881642653,-0.9764398346846606,1.0,0.7941201922708626,2.0,-0.4758343021407388,0.0,,-0.8240743324499425,-0.18047444370706756,-0.7885557386760482,-0.7521214024453878
2023-09-18,0.2878818215299028,0.33847034588144664,0.6,0.06551678409783564,1.09181694750624,-0.4602914937267001,2.0,0.10279626266145221,0.0,-0.057862316150522806,0.3295329340595846,1.114566551575221,-0.13884713669656418,-0.9763163207983908,1.0,0.7832323726542121,3.0,-0.4817118369141751,0.0,,-0.9126503151597799,-0.13414970795109954,-0.510828217470171,-0.6545610183132381
2023-09-19,0.32417710743499345,0.37596547345863085,0.6,0.15416362004750106,1.0373720755029021,-0.41205496437708333,2.0,0.06176231935853642,0.0,0.034802706645954806,0.4176697737056526,1.0829920264502333,-0.15374182127946118,-0.9714250072801747,1.0,0.7706919401001504,4.0,-0.46976930896519686,0.0,,-0.8896919635883592,-0.014612995825915397,-0.58024004507133,-0.1794104910627512
2023-09-20,0.3721439855349238,0.4117260743870951,0.65,0.2986861381134151,1.0363665415769465,-0.3411123880166777,2.0,0.0194777928039408,0.0,0.12858313235189325,0.37493647035310745,1.0493482579321842,-0.15810094378154288,-0.9654447435905571,1.0,0.7613423453910748,5.0,-0.5286989148817457,0.0,,-0.8723014543147211,-0.1746538031314417,-0.5315807908860182,-0.6726264032408992
2023-09-21,0.4013763301325287,0.4334604210014733,0.7,0.3606288040317672,1.0011988424719924,-0.27037638832760486,2.0,-0.02438159134876123,0.0,0.2074101366913706,0.05671847536619673,1.0040557509124592,-0.15810094378154288,-0.9608118702297932,1.0,0.7532969238391956,6.0,-0.5581231214821425,0.0,,-1.0308699727536133,-0.13533536352835443,-0.29230336016463854,-0.39727070309001516
2023-09-22,0.4177900695124944,0.4622125794405889,0.7,0.3751525118310326,0.9145637025740081,-0.21144841603455364,2.0,-0.0698401714424132,0.0,0.2576084814996781,-0.615836948593546,0.9573753253519964,-0.15810094378154288,-0.9542134370073875,1.0,0.7459627309343522,7.0,-0.4210559471055513,0.05,,-1.08004871798171,0.1934856275705616,0.4344095797007039,1.7370654622681045
2023-09-25,0.3727619400984247,0.3598797392959344,0.7,0.24976012804690154,0.7790935612706673,-0.19831618788183297,2.0,-0.11693802648491744,0.0,0.26129612961435117,-1.290840925804185,0.8907516920796208,-0.15810094378154288,-0.9477208517724168,1.0,0.7384299728767794,8.0,-0.4208068942394968,0.05,,-1.2478388379341137,0.8242057146147118,1.3718862936694969,0.08200679852278625
2023-09-26,0.33349393306337183,0.2745400973404162,0.7,0.11392166121169384,0.6285136717303759,-0.21543824162000735,2.0,-0.16540089558365498,0.0,0.2510521271779478,-1.6461848304640305,0.8152179387382448,-0.15810094378154288,-0.9390827326558501,1.0,0.7278176332082761,9.0,-0.3508861750266773,0.1,,-1.2041015462056652,0.9843118245100545,1.7838358065742255,1.1092099116501453
2023-09-27,0.294107672522403,0.21936168296741243,0.7,-0.013718378662089819,0.5429551187993539,-0.25189928381243804,2.0,-0.21519319449165603,0.0,0.22695887113273128,-1.7132366826806473,0.7475461454918935,-0.15810094378154288,-0.931980340927458,1.0,0.7156402640667686,10.0,-0.2950855449697013,0.1,,-1.1380754096738925,0.796129709501024,1.7947665110248499,0.2543233653947518
2023-09-28,0.22984918148072692,0.15061272051104024,0.7,-0.16146466830290596,0.4561598973902185,-0.30287625036960536,2.0,-0.2662893502487986,0.0,0.20220417714913674,-1.634922308730174,0.6741585468722792,-0.15810094378154288,-0.9278942572060451,1.0,0.6906900501881579,11.0,-0.23782383735980828,0.1,,-1.3548651244188232,0.959879483340957,2.059667452575591,0.2318703995061992
2023-09-29,0.15905548326832258,0.10127655867900986,0.65,-0.3101505807339549,0.3885204588203693,-0.36481364992218457,2.0,-0.31860991441474257,0.0,0.15719991190612795,-1.753893901656794,0.6098160978436356,-0.15810094378154288,-0.9257099237098443,1.0,0.6602952584707286,12.0,-0.26648379156783225,0.1,,-1.4105513819767754,0.9304249579675482,2.341935606511974,-1.0547619306608207
2023-10-02,0.05728050619520235,0.06470532572434773,0.6,-0.45415785011713083,0.35580853782506416,-0.43512091483236925,2.0,-0.3720664208449285,0.0,0.10853920652586813,-1.607452365596401,0.5371871844165892,-0.15810094378154288,-0.9226960409793203,1.0,0.6165223648128407,13.0,-0.2886566639664502,0.1,,-1.6021522179674637,1.113053185100462,2.4568649289558464,-1.1043181285875026
2023-10-03,-0.08154084933952246,0.015692090230471467,0.55,-0.6994766024411155,0.26297057357097997,-0.5359018542952635,1.0,-0.4265544052775255,0.0,-0.025218644075138307,-1.8763115324874464,0.4596400609406597,-0.15810094378154288,-0.9202727213571538,1.0,0.5731254239533201,14.0,-0.22002711213122222,0.1,,-1.6004259110092482,1.6711965475513602,2.925455419594082,0.17412053351666892
2023-10-04,-0.2142029677264285,-0.0022174974927127167,0.5,-0.9026804005841192,0.21998686457852568,-0.6504931966905387,1.0,-0.48168209613321,0.0,-0.1705540845789194,-1.8666761825429807,0.37571232799463283,-0.15810094378154288,-0.9169391139039598,1.0,0.5250798345886681,15.0,-0.19882873213973865,0.1,,-1.6298801863404968,1.6432823605841445,3.0047553405054215,-0.44044696728454275
2023-10-05,-0.35911828139924834,-0.019527576106331823,0.45,-1.1227065011130333,0.14540094281991112,-0.7747245488421086,1.0,-0.5373582298803546,0.0,-0.31693704189327726,-1.8681956613497284,0.29288583242324007,-0.15530708306775226,-0.9152581400859701,1.0,0.47410886341731023,16.0,-0.12170834077103873,0.1,,-1.7014801438356475,2.0032270171749755,3.183760339868145,0.5660076961414481
2023-10-06,-0.4917011452241808,-0.01637281066020968,0.4,-1.2526859531463659,0.1322023938692177,-0.884613080231411,1.0,-0.5933468774369459,0.0,-0.46145197904962015,-1.6756572229645774,0.20400271322738206,-0.1442313630218066,-0.9102230112076167,1.0,0.4274985961793663,17.0,-0.13687691877937094,0.1,,-1.6458808348819245,1.96369098134959,2.8091439095034114,-0.5111214545123973
2023-10-09,-0.5935211833897756,0.00489454337614148,0.35,-1.2580258243189784,0.15778093170812557,-0.9624737013556594,1.0,-0.6496613263428116,0.0,-0.523040487334596,-0.729598383490024,0.11662254159027985,-0.13570256725092025,-0.9070927927441425,1.0,0.374197871207831,18.0,-0.1656721997657877,0.1,,-1.7508743904699544,1.6227080597608166,1.3744792323644828,-0.7813830404792058
2023-10-10,-0.7073102706185893,0.07276248816010933,0.3,-1.296373983891357,0.1958662591412736,-1.0241290857219703,1.0,-0.7064121563803885,0.0,-0.6127713106858811,-0.2757037634269078,0.024286467290467257,-0.1137209564864137,-0.9039281275816016,1.0,0.31541344343523464,19.0,-0.20070777064693796,0.1,,-1.7508743904699544,1.5548394993752592,0.6166099137575709,-1.0947297906997386
2023-10-11,-0.7968427382662646,0.12714731350326003,0.25,-1.2617002256678433,0.25700962896392476,-1.062134215959167,1.0,-0.7634466160052299,0.0,-0.727994116936124,-0.9627893132414128,-0.07597637827006687,-0.09414857665194586,-0.9016989025522847,1.0,0.2560928196774773,20.0,-0.19819527448954083,0.1,,-1.7508743904699544,1.4767919183979183,1.8817530186242208,-0.592467837487091
2023-10-12,-0.8802921433771111,0.19657002244502608,0.2,-1.1648479595235233,0.310994765493591,-1.075052998159867,2.0,-0.8207713240048802,0.0,-0.8061342473168838,-0.41442143578199037,-0.1704523995319545,-0.08412749922218542,-0.896057786675961,1.0,0.1806321002435508,20.0,-0.2732600041780313,0.1,,-1.7508743904699544,1.38418357376836,0.9834754418285859,-1.3845850826971402
2023-10-13,-0.957683422930568,0.28207739289065814,0.15,-1.0869729297089838,0.34957965212477105,-1.0697696308211049,2.0,-0.8784974601223426,0.0,-0.8618518643859139,-0.03714530973913241,-0.2650087525216083,-0.07032450964315404,-0.8924038894662631,1.0,0.10339834742556593,20.0,-0.261849238209812,0.1,,-1.7508743904699544,1.2797698430489217,0.304461315779487,-0.5239060830810016
2023-10-16,-1.029627973147679,0.3578761963159345,0.1,-1.034944846347351,0.3401416140194383,-1.0503454512616492,1.0,-0.9365686902605173,0.0,-0.8956382061958402,0.02759752048666274,-0.35331590842788574,-0.0542832695976678,-0.8907321840361995,1.0,0.02750014461643764,20.0,-0.23538626809864405,0.1,,-1.7508743904699544,1.539929588844578,0.22668887534515889,-0.1253016160898796
2023-10-17,-1.109101603201267,0.4000078104825372,0.1,-1.0611760858113413,0.27133946264887526,-1.0303693948030594,1.0,-0.9949333410619312,0.0,-0.9119804133068434,0.47769462778264343,-0.45724743318202776,-0.04013956099878452,-0.8898422114607825,1.0,-0.0575862495266759,20.0,-0.16190757358855307,0.15,,-1.7508743904699544,2.4050189100985637,-0.6532356912796765,1.2901633991390689
2023-10-18,-1.2131262788414021,0.503769066301994,0.05,-1.2199329803029282,0.1540023796868705,-1.0273626049275715,2.0,-1.0532474746237805,0.0,-0.9887006890052135,-0.7507766492576751,-0.5658106019212561,-0.02388125029222529,-0.8860276676536633,1.0,-0.13249097185985892,20.0,-0.08053263567076127,0.15,,-1.7508743904699544,2.698790862775368,1.7732789309618333,0.9548723551149367
2023-10-19,-1.3172248762441836,0.6289633272715178,0.0,-1.3708169078143242,0.004418240530625209,-1.0342647500527336,2.0,-1.110963024396598,0.0,-1.0471970523072713,-0.6820189307872794,-0.6719743227880299,-0.013143046801958548,-0.8857896327728583,1.0,-0.18797392264695487,20.0,-0.052330114780320444,0.15,,-1.7508743904699544,2.9935890219512733,1.559062241439554,0.16677971471880146
2023-10-20,-1.384066054792186,0.6996096868654245,0.0,-1.3607717030706912,-0.07693781733859349,-1.0171171070095961,2.0,-1.1678110012127645,0.0,-1.0551581966613708,-0.33295614806691387,-0.7773549907686647,-0.0031644023489629134,-0.8858980805834598,1.0,-0.22938690390503286,20.0,-0.14699010715381208,0.1,,-1.5882578099078863,2.85522394822519,0.8917048510923521,-0.1561343852017282
2023-10-23,-1.4147119550904403,0.6754883926171664,0.0,-1.3240474543620808,-0.19509542301428004,-0.9701887948485899,2.0,-1.2239897036567509,0.0,-1.047760420176919,-0.6896833078264549,-0.87206202565944,-0.003112195240406737,-0.8853583062622264,1.0,-0.2772199959143336,20.0,-0.19367239781236817,0.1,,-1.676811617360249,3.3841675785717924,1.5954096362279029,-0.8516390146483352
2023-10-24,-1.4327863376818883,0.663614412745686,0.0,-1.1802278024383097,-0.24642844388537127,-0.8899305604280816,2.0,-1.279527020389669,0.0,-1.0075067467062377,-0.3914114844645878,-0.9772116865795171,-0.0042963998076972045,-0.8860275825390401,1.0,-0.32419307229912525,20.0,-0.27491692112097016,0.05,,-1.6371100776772984,3.2410897515462094,1.1073294434093472,-0.5156805545218952
2023-10-25,-1.475645326197475,0.6560973690057276,0.0,-1.1386904856970648,-0.3088956383687936,-0.8032406615535199,2.0,-1.3347119759377588,0.0,-0.9902044637924341,-0.9136298230162392,-1.0886001215439363,-0.0031852073727781298,-0.8845445215917326,1.0,-0.3728393261343292,20.0,-0.31278592509087233,0.05,,-1.6763577856755358,3.567265698073268,2.0635516960667655,-0.5030567140032904
2023-10-26,-1.5186082925124946,0.6379703452124177,0.0,-1.1762081909326891,-0.43955086273851446,-0.7468057011665195,2.0,-1.3893946727638287,0.0,-1.0024608176512797,-1.4092441256022188,-1.1873488388967026,-0.0026003821509839576,-0.8810849212453075,1.0,-0.41344371628792326,20.0,-0.3385847831159694,0.05,,-1.5918748109969958,3.9040309088672367,2.8101814584880573,-0.28410676099574267
2023-10-27,-1.5672804872531914,0.6329200583012196,0.0,-1.1784547567211001,-0.522120723652397,-0.7097677322910544,2.0,-1.4431799043387112,0.0,-1.0143902258547253,-1.5012331405811392,-1.2952782821164297,-0.0007731374385644976,-0.8784828287380563,1.0,-0.4552318524345475,20.0,-0.2293414787410913,0.1,,-1.5971786749889603,3.9816931293362225,3.032860451382994,1.1301041568367416
2023-10-30,-1.6092983909105905,0.6264100707253974,0.0,-1.2854883528642478,-0.6541064693668117,-0.6994769174300534,2.0,-1.4959244738764133,0.0,-1.0407145032850689,-1.615918343679162,-1.398327377060369,0.00036914934886874903,-0.8769368407584649,1.0,-0.4852994157271607,20.0,-0.1196126996918894,0.15,,-1.5323726948255814,4.054318713689994,3.1566316551588733,1.0902574523965352
2023-10-31,-1.6257501595096209,0.6141300752845943,0.0,-1.3521638086208836,-0.8275672088011634,-0.6900857155708321,2.0,-1.5470950075942125,0.0,-1.0485607899932519,-1.4997350523434545,-1.4738409650712756,0.0016560221588751006,-0.8766336703902,1.0,-0.53461110610991,20.0,-0.05689667504081168,0.2,,-1.674086065239693,4.089805760367528,3.3228076985435195,1.428441026538223
2023-11-01,-1.6353250181103616,0.612381628991868,0.0,-1.408640575700458,-0.9376973639585098,-0.6777387951747207,2.0,-1.5964827078603305,0.0,-1.039644150770434,-1.1406656963317008,-1.5465549559712741,0.0037363108068942962,-0.8774673068771637,1.0,-0.5904758742160184,20.0,0.04638936722094347,0.25,,-1.6556057057994842,3.611144879368912,2.7569326842176585,1.6252738779505604
2023-11-02,-1.6257381299952045,0.6156267283873582,0.0,-1.3132120534162823,-0.9580333211576413,-0.6278024887747637,2.0,-1.6438628550248726,0.0,-0.9895249420771272,-0.32212262573493466,-1.6234910824893054,0.00645383443916013,-0.8752611982857359,1.0,-0.6518098041899028,20.0,-0.005365997185963858,0.25,,-1.676629174606466,3.3675387280312066,1.4566333763069987,-0.46909959199669854
2023-11-03,-1.628108050944275,0.6148162851901477,0.0,-1.3039678831147323,-0.9798670121755585,-0.5636515506505401,2.0,-1.6894836315434323,0.0,-0.957289585189536,-0.48974606253418673,-1.6851134968740613,0.014753257135212123,-0.8694716710175269,1.0,-0.6890919624865453,20.0,0.030562385190167157,0.25,,-1.2852689151902439,3.637656027722158,1.3650394103387131,0.207446193010223
2023-11-06,-1.6362231686013353,0.6190480672554401,0.0,-1.3013174725348438,-0.9613191290753917,-0.48691235112316206,3.0,-1.7330598775691244,0.0,-0.9507788660281523,-0.05815513660907623,-1.753892409440265,0.021425041985372394,-0.8629772365033785,1.0,-0.726454201526075,20.0,0.0365990775187243,0.25,,-1.2898596981599109,3.1439938773546627,0.8349842620434283,-0.660649193908063
2023-11-07,-1.650302335158782,0.6292519741587066,0.0,-1.3576725909179268,-0.9812894342967647,-0.41751082548055296,3.0,-1.774411475746851,0.0,-0.9775429603217312,-0.2571203580759607,-1.810423960565987,0.029313357597480858,-0.8528247362873626,1.0,-0.7684261796434777,20.0,0.025176740815879638,0.25,,-1.3829060540743179,3.168321429763004,1.201079731633202,-1.3231765247566318
2023-11-08,-1.6197250969276649,0.5643690662408263,0.0,-1.357648562848453,-0.9245126384943034,-0.33511639845095187,3.0,-1.813154836733294,0.0,-0.9123206547832394,0.8784961220503279,-1.810423960565987,0.040844554383815575,-0.8446520980849118,1.0,-0.7999713022507277,20.0,0.03885818579062085,0.25,,-1.0952437966825916,1.0763657152248112,-0.29226990859338886,-0.3188389379922666
2023-11-09,-1.6082717211762276,0.5449353545924663,0.0,-1.3361179366257365,-0.8577633612963796,-0.24900286527739873,2.0,-1.8492951768780714,0.0,-0.8337685141439224,1.6505520220729246,-1.810423960565987,0.050698081779904966,-0.8381777880355433,1.0,-0.8273864006595378,20.0,0.13440821682801457,0.25,,-1.0490156750937614,1.6354001316838245,-1.110374506074087,0.5264155380507343
2023-11-10,-1.6222775919389818,0.564155936509265,0.0,-1.343030995444195,-0.8376567433624814,-0.17559196490110263,2.0,-1.8826681569869863,0.0,-0.7795367818309911,1.4983345333719154,-1.810423960565987,0.05749078345004402,-0.8340936370315617,1.0,-0.8635153990614728,20.0,0.0964756653290612,0.25,,-1.2495285038167194,2.46454050942101,-1.1585392169923998,-1.282557113060069
2023-11-13,-1.616744735716744,0.5556550382210077,0.0,-1.2966403287935775,-0.8270791250738757,-0.10535698657233575,2.0,-1.912906096941283,0.0,-0.7141402733257778,1.7378694912525472,-1.810423960565987,0.06472694471833898,-0.833439057952798,1.0,-0.8979141839580822,20.0,0.06767548014636497,0.25,,-1.241963506696845,1.9323589530658274,-1.4803247161183488,-0.7013053197438044
2023-11-14,-1.5597718844506259,0.4801848235960985,0.0,-1.1364663977963616,-0.7789868044240951,-0.023286966654470997,2.0,-1.9398257740389648,0.0,-0.6607869870648412,1.9120239068587574,-1.810423960565987,0.06857334588180568,-0.8323086219357597,1.0,-0.9360082906846304,20.0,-0.04862196158208874,0.2,,-1.2647490027478592,0.8602571386136284,-1.7498229853443956,-1.0357854354300053
2023-11-15,-1.4900758308003277,0.4088754930932156,0.0,-0.8800098355023824,-0.6915789372406916,0.08196796893033587,1.0,-1.9635883512685495,0.0,-0.5430322625838642,1.9211058428415706,-1.810423960565987,0.0663123479453465,-0.8314362394810807,1.0,-0.9711828375994898,20.0,-0.17240927395179112,0.2,,-1.289614915148294,0.5990881238571208,-1.7498229853443956,-1.5208738922791112
2023-11-16,-1.401159620075541,0.33102564359896613,0.0,-0.568860928774914,-0.5828663913061856,0.20671562883308664,1.0,-1.9844865424346962,0.0,-0.4259412666084823,1.9169488809606703,-1.810423960565987,0.06892482030973987,-0.8288160333445522,1.0,-1.001052251260129,20.0,-0.22529086353263392,0.2,,-1.0449179092734806,0.0671132106199853,-1.5208182763625906,-0.8908520768980542
2023-11-17,-1.3716958609167866,0.33106773890393637,0.0,-0.4110766792629479,-0.5390303150167969,0.30481873397952797,1.0,-2.002674431220678,0.0,-0.3254769001614528,1.867310385953699,-1.810423960565987,0.07111289726690731,-0.828597916353146,1.0,-1.0339870366642463,20.0,-0.23193785502771522,0.2,,-1.067689680638457,2.2523807292718394,-1.5458560982419554,-0.289074215103354
2023-11-20,-1.3360343642351724,0.34404441846196043,0.0,-0.21373664592807623,-0.49853836995725975,0.392146914357011,1.0,-2.017447664011983,0.0,-0.19432699687199312,2.044371667892385,-1.810423960565987,0.07891063657967363,-0.8240835638425529,1.0,-1.0584712650780683,20.0,-0.20708216312344838,0.2,,-0.7876272084783208,2.5019783435195766,-1.316553344179194,-0.3545251765629987
2023-11-21,-1.3003197875560268,0.35185119211497295,0.0,-0.06047481154295764,-0.4112963705273223,0.4609812332420079,1.0,-2.028606033723991,0.0,-0.07695265698817914,1.9968729719274652,-1.810423960565987,0.07862094913241292,-0.8202370248787176,1.0,-1.0871187510468772,20.0,-0.25095549763983926,0.2,,-0.986822676806137,2.2072405817031746,-1.6490734676171819,-1.393147244849713
2023-11-22,-1.2450689941007171,0.36218787873952285,0.0,0.12181525428772845,-0.2993409459132046,0.5173552676411619,1.0,-2.035919357511788,0.0,0.06535898107660967,1.8930790535103739,-1.810423960565987,0.08134083176455288,-0.8130416862940784,1.0,-1.0991422414484797,20.0,-0.26789197467909015,0.2,,-0.733781298833323,1.6568763422013517,-1.1852471764220982,-0.8417862547883084
2023-11-23,-1.2426022410216233,0.36545199880347334,0.0,0.2993489062829628,-0.2825055533739913,0.5790049224828218,1.0,-2.039363966817876,0.0,0.22447422259516464,1.6536829330231892,-1.810423960565987,0.08298915997378363,-0.8069301823782945,1.0,-1.0963894153548512,20.0,-0.20245319627885636,0.25,,-0.6316781778577379,3.9499916883410195,-0.8950732303182127,1.0246688070089327
2023-11-24,-1.2073814027307002,0.39465991272130563,0.0,0.4025392466792144,-0.28064749197275024,0.6413336879399122,1.0,-2.0387906904791695,0.0,0.38906532991618964,1.5872689164340323,-1.810423960565987,0.08690250781105725,-0.7999283740751685,1.0,-1.1003600054027738,20.0,-0.27611526304007117,0.2,,-0.587469691023104,2.6082392435976813,-0.8183076844450515,-0.34313717838755403
2023-11-27,-1.1984389075700144,0.4067645641732436,0.0,0.5055925505942059,-0.3510401320635988,0.7070146391764693,2.0,-2.0340901690968662,0.0,0.5325260416208057,0.9733551070819855,-1.810423960565987,0.08800499622452299,-0.7916802936934719,1.0,-1.1000009557361532,20.0,-0.3673390971580383,0.15,,-0.5910287163989814,3.5257017347672153,-0.47829048609263347,-0.7342192299628081
2023-11-28,-1.1637496630483766,0.43990177242708184,0.0,0.6865377905357047,-0.38260214809820076,0.785096326350057,2.0,-2.025442006218537,0.0,0.6799988991301312,1.0971298401946739,-1.810423960565987,0.08889437102336945,-0.7846023017341602,1.0,-1.1027348021500538,20.0,-0.5130965138993252,0.1,,-0.571864127425657,2.471767751974003,-0.5516249190265302,-1.4867073082875129
2023-11-29,-1.1353502880546955,0.4594482285917797,0.0,0.8470404444363301,-0.33514805303211875,0.8628431925160098,3.0,-2.013351011398092,0.0,0.7906213535557836,0.6590064688178717,-1.810423960565987,0.08619688916371107,-0.7772656147552275,1.0,-1.102334342819494,20.0,-0.6570274358368599,0.05,,-0.5361697633524884,2.1711216398988604,-0.29341256458590265,-1.2533445608001328
2023-11-30,-1.119881935046531,0.47091028471305796,0.0,0.8667772894709022,-0.3332430488323332,0.900784370499132,4.0,-1.9981651336875206,0.0,0.8156407031360995,-0.2596770245989328,-1.810423960565987,0.08430749823896955,-0.7692938112047243,1.0,-1.10551238507882,20.0,-0.6888872780376503,0.05,,-0.5234599004598905,2.329643557175138,0.19284255229333655,-1.1062964360125058
2023-12-01,-1.0916359975371077,0.49314827101522174,0.0,0.9183781079428196,-0.28333379896026106,0.9151820191270046,5.0,-1.9795334475116733,0.0,0.8952745539153966,0.6443603784127614,-1.810423960565987,0.08815964130208032,-0.7622636041624888,1.0,-1.1117199568170608,20.0,-0.7520103089336824,0.05,,-0.5453940090778331,2.0291785928251147,-0.28939249566033187,-1.055014424910422
2023-12-04,-1.0364344798940117,0.48265207450173553,0.0,0.9905072806966287,-0.12630275725730036,0.9132646262267772,4.0,-1.9575588216908628,0.0,0.9604504286836606,0.7763812490404917,-1.810423960565987,0.09623976172701154,-0.7588635755073867,1.0,-1.118751876410077,20.0,-0.7251588751865856,0.05,,-0.380062325213297,0.6813404406096739,-0.2493864337991649,-0.12362051896612618
2023-12-05,-0.9940145425120294,0.49011587432217496,0.0,1.0560122268440595,-0.03922333265163595,0.9047455357999021,4.0,-1.9325711794907605,0.0,0.9895284501572051,-0.14542491710121114,-1.810423960565987,0.10462580094263053,-0.761634414364486,1.0,-1.134014282076135,20.0,-0.7357212933885635,0.05,,-0.5183707501411755,1.067746285815189,0.14875076020661418,-1.534424888796189
2023-12-06,-0.9886149413926342,0.4842545329896244,0.0,1.0874661412924242,0.13167893647317022,0.8737876551346512,4.0,-1.9047636344715055,0.0,0.9830845062254088,0.2961042489499747,-1.810423960565987,0.11333661353485183,-0.7656996503860776,1.0,-1.1523757496687055,20.0,-0.7881922131504939,0.05,,-0.6152473599601466,0.624125318622681,-0.08488867213687956,-1.3682573332308787
2023-12-07,-0.9696700572341024,0.4695018314979741,0.0,1.049803454590829,0.20771913797348246,0.8285919537058131,4.0,-1.8742534659160754,0.0,0.9558960922807689,0.6718923987423662,-1.810423960565987,0.12037576020797552,-0.7688326506320726,1.0,-1.1528203164887083,20.0,-0.8327120114652301,0.05,,-0.48209833536981117,0.5968721365145895,-0.24814736001596222,-0.363980428243987
2023-12-08,-0.9110719095726534,0.43006742041269364,0.0,1.0402347976567023,0.2452973949083933,0.7884506045123665,4.0,-1.8409714165819895,0.0,0.9505082434906887,0.9867827607990682,-1.810423960565987,0.12198544951242038,-0.7706649257221936,1.0,-1.1489810703949168,20.0,-0.8138095033493997,0.05,,-0.4334870754131546,0.003765391268153706,-0.3552097686281684,-0.9045069507434593
2023-12-11,-0.8585155709751273,0.3844692738520238,0.0,1.0219880967884534,0.25024577801974385,0.7563011488417617,4.0,-1.805124536750639,0.0,0.9576644552285994,1.5013234695125448,-1.810423960565987,0.12207926837473837,-0.7737884523145161,1.0,-1.1294057056311786,20.0,-0.802416558966241,0.05,,-0.3456244677455174,-0.17836530771472564,-0.4614249474408997,-0.4734464320806315
2023-12-12,-0.824647851195825,0.3414674821050535,0.05,0.9810564555522487,0.27945808389276094,0.7226316119966075,4.0,-1.7668044829208676,0.0,0.9376118283341583,1.1585611829732905,-1.7705254097711403,0.12409395210513928,-0.7767746336309088,1.0,-1.1152129977929781,20.0,-0.8390641118264194,0.05,,-0.30541500274309047,-0.3510589622372502,-0.3027731254487283,-1.7684433979682688
2023-12-13,-0.8497401670284557,0.3535393276162372,0.05,0.8286806026865768,0.18843941712812523,0.6691330914277794,4.0,-1.7260489219540123,0.0,0.8896885328499227,0.6465374823134695,-1.711181987284956,0.11239391679475237,-0.7825287988581908,1.0,-1.0983979829856478,20.0,-0.8243809364147626,0.05,,-0.45647565190328376,0.998967931366942,-0.21528459543532089,-1.2272103840459785
2023-12-14,-0.8939333240662348,0.38280595803060535,0.05,0.6122771965846341,0.026622325553805507,0.6009130809494926,4.0,-1.6823128959592188,0.0,0.861659859797465,1.0644636180232627,-1.6514215379833896,0.10403646052961774,-0.7860658045640707,1.0,-1.0730754100392608,20.0,-0.8682751572015386,0.05,,-0.34237986813442145,1.0963083827262616,-0.30638525567779806,-1.7684433979682688
2023-12-15,-0.8979030997554831,0.38120695779824576,0.05,0.4516736940148018,-0.1498961656903176,0.5380651258761322,4.0,-1.6351973710722554,0.0,0.8217173178431348,0.8186453845822816,-1.597820875620728,0.0897401348082681,-0.7939721201199845,1.0,-1.0507006427107752,20.0,-0.9249251108555872,0.05,,-0.5113955992946947,1.3115627347987904,-0.3318960783836807,-1.4220732881843272
2023-12-18,-0.9012846601234175,0.3791368428765529,0.05,0.2669240565350503,-0.3627141247848225,0.4711235456435303,5.0,-1.584906324601722,0.0,0.729538733700055,0.010020429047243318,-1.548527299523662,0.07822696084796942,-0.8001696149546631,1.0,-1.001783338276771,19.0,-0.9639796159194427,0.05,,-0.2341274464706502,1.3385559284024922,0.04027645870519662,-1.1356152778401098
2023-12-19,-0.8975063539324184,0.3801578604006931,0.05,0.08203232107566968,-0.49430981465488083,0.406734834755117,5.0,-1.5314189757127128,0.0,0.6287319284350479,-0.15301608313257314,-1.4947805131868686,0.0625707652713473,-0.8058356768203953,1.0,-0.9477081140997007,18.0,-0.8698668719863845,0.05,,-0.14776653181931002,0.9630460725590364,0.05098567323393192,0.4891076338114527
2023-12-20,-0.8998658249365146,0.38032066867023706,0.05,-0.08054224737334764,-0.5510840552413329,0.3504258583076515,5.0,-1.474584656022293,0.0,0.509136908539846,-0.5786716386921336,-1.4420865604364983,0.04953682525650009,-0.8123413356136898,1.0,-0.9181039689830682,18.0,-0.9130927247178343,0.05,,-0.5503690732839602,0.7484091173677716,0.42743915933613313,-1.7063033094173077
2023-12-21,-0.8361079966118398,0.4386630613824922,0.05,-0.1419158696963524,-0.5947012330028162,0.31909547885257794,5.0,-1.4143128397998666,0.0,0.42484803633372115,-0.08401575132767553,-1.386523434175062,0.03859238266577255,-0.8203574615068924,1.0,-0.881954215124784,18.0,-0.9767264047914038,0.0,,-0.5238396344570836,0.5586037567787543,0.1408085080935425,-0.24800479446245552
2023-12-22,-0.8116555943462057,0.45225255795434616,0.05,-0.20116563186588401,-0.652755175964686,0.30143288450840383,5.0,-1.3510986598206765,0.0,0.34443692691729233,-0.05059924006576594,-1.3369175367216126,0.02923009474658047,-0.8284612624557915,1.0,-0.8392279654758196,18.0,-1.0480063705037046,0.0,,-0.52985231427756,0.5685197894921998,0.1140698824932121,-1.7684433979682688
2023-12-25,-0.7345841801738189,0.5052143810973704,0.05,-0.09970976247234893,-0.5857013199097617,0.30913426347549033,5.0,-1.28506316779962,0.0,0.28692400215038566,-0.19593993778556248,-1.2820900227567207,0.02257057826590024,-0.8338299255099929,1.0,-0.7911900144163961,17.0,-1.0979154718909205,0.0,,-0.3291448874698479,0.18867470737908282,0.11224092585108524,-1.7324012577071244
2023-12-26,-0.6837113818199186,0.5205666607714443,0.05,-0.01988827806420601,-0.5005220890038958,0.3274613987847461,5.0,-1.2168432272441323,0.0,0.22885274118108642,-0.07275524078875507,-1.219910100963485,0.019132462152558392,-0.8401401516203693,1.0,-0.7474798555827802,17.0,-1.1120169311082235,0.0,,-0.3482116347191517,0.1552044618497004,0.06853391978223959,-1.7684433979682688
2023-12-27,-0.6262407928690714,0.5200254183618445,0.05,-0.02388552701596645,-0.4301818239444818,0.3463448122062739,4.0,-1.1465731081769934,0.0,0.19418392512359792,-0.046110808908872966,-1.1599272046609135,0.010859984325136907,-0.8492311130112412,1.0,-0.711535140441725,17.0,-1.1293784794897321,0.0,,-0.46977005149374307,0.02783676493529763,0.06865132286602582,-1.7684433979682688
2023-12-28,-0.5430290407622882,0.5078911728684987,0.1,0.040779479718174944,-0.33476890278011895,0.3800504607612408,3.0,-1.0740953397247013,0.0,0.196001864383283,-0.25108416253456983,-1.0945240987340576,0.007800540124093609,-0.8575390639716407,1.0,-0.6866250702133289,17.0,-1.1293784794897321,0.0,,-0.39216156109311706,-0.08715608619263124,0.13021374493074908,-1.7491335486064095
2023-12-29,-0.46696850176807503,0.49903933410811663,0.15,0.09832936646684386,-0.19985458391498875,0.41711126551934685,2.0,-0.9999732828003897,0.0,0.16565336372876627,-0.02320392286928802,-1.0340346577662125,0.0019085191368174155,-0.8684333459897782,1.0,-0.6715442567156813,17.0,-1.1293784794897321,0.0,,-0.5103249357853016,-0.06010919069709373,0.03896750132015302,-0.7531261903567802
2024-01-02,-0.43727350214862437,0.47888201180751333,0.15,0.020812350283575688,-0.11319925233506162,0.44193095349249284,2.0,-0.9245458300981785,0.0,0.11413249963644334,-0.3444127262076698,-0.9750780591300325,0.002093404117604176,-0.8804478874826772,1.0,-0.6433838544860196,17.0,-1.1194666361591263,0.0,,-0.42510396114453736,-0.020151832536978248,0.15909295294918277,0.5837261898895181
2024-01-03,-0.3750592076978322,0.4364455608529545,0.2,0.09268082487966037,0.0649221048977692,0.4686663736251325,2.0,-0.8475329716096299,0.0,0.11295333761676189,-0.30548129384723344,-0.9128345738616903,0.005890953905408566,-0.8908591080564502,1.0,-0.6258338297836571,17.0,-1.127519463719445,0.0,,-0.4807385877284352,-0.021108479696718346,0.14928927464325165,-1.6954814400025597
2024-01-04,-0.3067068069920034,0.36264239675999754,0.25,0.04373650527598526,0.1877978464094327,0.4944380113524489,2.0,-0.7695518354243439,0.0,0.09838208983839658,-0.17304580785162232,-0.8498490060083651,0.008035478276670987,-0.9009188643219206,1.0,-0.5917923804124203,16.0,-1.1037471314659857,0.0,,-0.226903436357339,0.030404211517839848,0.0348183525991465,-0.8928106881616948
2024-01-05,-0.2519612619139517,0.3253868846639725,0.3,0.06939788684262117,0.29353168430018506,0.5217742769540697,2.0,-0.690572403745964,0.0,0.0924795700306694,0.3584388097734528,-0.7782660267324032,0.01679887598249291,-0.9126587187200438,1.0,-0.5591536578934844,15.0,-1.1293784794897321,0.0,,-0.050510687717425305,0.06742553910993805,-0.02003623310673721,-1.609765411710707
2024-01-08,-0.21070132974594227,0.2852914593296041,0.35,0.12337789658298064,0.39038879297706325,0.5456396616824679,2.0,-0.6107564739707229,0.0,0.10274501809168271,0.9649436811375681,-0.7095972864361427,0.02407876168484248,-0.9235577775982635,1.0,-0.525333899483974,14.0,-1.1293784794897321,0.0,,-0.07068801119644097,0.13469472514166186,-0.0724363440610873,-0.6884457561685492
2024-01-09,-0.18918814004282195,0.26824577601798183,0.4,0.1504286112171029,0.42308054701168707,0.558748516329444,2.0,-0.5304346570253626,0.0,0.08172840746103101,0.8239364872496202,-0.6405553083277644,0.031868033112764,-0.9342150342401002,1.0,-0.49305685612868877,13.0,-1.1293784794897321,0.0,,-0.02134328112846262,0.127088308134746,-0.019523017246348057,-1.3645129464913244
2024-01-10,-0.17437092458195563,0.25566231724696886,0.4,0.09937116969103489,0.3934744306039172,0.5656606695494841,2.0,-0.4496783238995821,0.0,0.03949581448335461,0.045455335546671055,-0.5696529934045307,0.0463350642747916,-0.9458111063836409,1.0,-0.45475329560331046,12.0,-1.128840746850994,0.0,,-0.047256010155171446,0.16452193087061842,-0.006932363009220305,-0.3498184970312364
2024-01-11,-0.09334302956938281,0.23819347697029936,0.45,0.18330737848948342,0.3940353026148944,0.5804990512745298,2.0,-0.36841159827774395,0.0,0.06667075902195212,0.8952672862892719,-0.5047508174094009,0.051332961320709955,-0.9567883145866944,1.0,-0.42120337761356197,11.0,-1.1288472328059194,0.0,,-0.1976909427690755,0.299582042225162,-0.2006804811587421,-1.2273401031444868
2024-01-12,-0.032471213488340714,0.25905588164627336,0.5,0.2287340395289532,0.28151644176426116,0.5978181916408476,2.0,-0.2872716626887758,0.0,0.03454430387464237,0.12663848013405754,-0.44352713416151923,0.05425187883611623,-0.9691284463086762,1.0,-0.38729696372764666,11.0,-1.0579748021608886,0.0,,-0.29679641774287563,0.1283897994600519,-0.074893686255987,-0.3512878797329566
2024-01-15,0.03476039215541415,0.3085540124170679,0.5,0.23902728078541624,0.11612688406534281,0.6186560936859028,2.0,-0.20646914357466967,0.0,-0.003968717931011656,-0.23987273260249165,-0.39420134272718355,0.04928119398421843,-0.9832810819843089,1.0,-0.37279012990508315,11.0,-1.046615884671563,0.0,,-0.45726908883580136,0.08576180007609775,0.05544835008937848,-1.1948949383978118
2024-01-16,0.12830702249005252,0.374337315861638,0.55,0.38960600154495395,0.0711644849427101,0.6551083360232907,1.0,-0.12634001793062277,0.0,0.02550183480602533,0.2774624286098121,-0.34075644355335755,0.04254617870482937,-0.9987721410181496,1.0,-0.3605520555249846,12.0,-1.0318411709290982,0.0,,-0.4533277894918459,0.3277967478666561,-0.18921137176378858,-0.8401210029908144
2024-01-17,0.1949958707470189,0.4351458005722927,0.6,0.47100746176341723,0.0305016690421608,0.690584687485686,1.0,-0.04749444135918498,0.0,0.03810250440284318,-0.2455422330089509,-0.2919744504926845,0.0369006097035861,-1.0147061872228542,1.0,-0.33245614675705065,13.0,-1.1293784794897321,0.0,,-0.3671751270092795,0.19824347540037981,0.034157824680402106,-1.477575937915612
2024-01-18,0.26162118388868794,0.4932220881335694,0.65,0.531342007029869,0.041096214308018804,0.7221150320728761,1.0,0.029782453659849918,0.0,0.07503077152191434,-0.19889644494032457,-0.2552298983867754,0.02584185808321705,-1.0293788320320307,1.0,-0.32253822896871837,13.0,-1.1256221536572997,0.0,,-0.5620800452648465,0.31409448506245813,0.02140153865144598,-1.6152393922542754
2024-01-19,0.3417537162775365,0.5356258756127782,0.7,0.6005332886350123,0.07474172465740958,0.7586108593096622,1.0,0.10506673992942757,0.0,0.08605921025834459,-0.22338971641978936,-0.21342233855656306,0.020186211199785458,-1.0410435987393958,1.0,-0.31597928562682465,13.0,-1.1293784794897321,0.0,,-0.43732006734807943,0.6481443892725632,0.021092828599404694,-1.193733875701067
2024-01-22,0.428518032448624,0.6199040617585998,0.75,0.6756864603990751,0.10067393152764637,0.7953246198168662,1.0,0.17797456991459912,0.0,0.08375615990176641,-0.44309291596177536,-0.16289019620562178,0.014032760988470703,-1.0504001701381522,1.0,-0.2899684126460363,12.0,-1.1293784794897321,0.0,,-0.12975443826716285,0.6959459125042299,0.03391095789687674,-1.7312622073128219
2024-01-23,0.4957519123369277,0.6454313545346693,0.8,0.5785201388114071,0.059292341338120905,0.8131979450497699,0.0,0.24803995850278068,0.0,0.09193473888402523,-0.3759046129583098,-0.11678239702923872,0.009215211601954683,-1.0573239129994005,1.0,-0.2735161672988822,13.0,-1.1293784794897321,0.0,,-0.31469181232536253,0.8524357197742397,0.055837679761759594,-1.2956202492117166
2024-01-24,0.5428881282151983,0.7046807731342468,0.85,0.4209631653619771,-0.03173049159542234,0.8115350813602078,0.0,0.31554207191961725,0.0,0.09655079947338599,-0.32932660586651286,-0.0732326458242325,0.005640875137530722,-1.063031144017657,1.0,-0.2507211546971584,13.0,-1.128158279013173,0.0,,-0.25412345627330285,0.5385636622502853,0.026554794721095724,-1.3479852123285798
2024-01-25,0.5839922061208991,0.7402870820016643,0.9,0.2636668285008298,-0.13745976028458978,0.7925734197648577,0.0,0.3808354947598209,0.0,0.08536397677290945,-0.6189755812128908,-0.02079307814410464,0.0019752793814446245,-1.0699746430716675,1.0,-0.24027557470844546,13.0,-1.1239020777152677,0.0,,-0.3572541049011177,0.7009571805056549,0.1321392180070786,-1.6836124666754666
2024-01-26,0.5990329898268354,0.748103464535653,0.9,0.1281647250788275,-0.19355873287660025,0.7572688955520855,1.0,0.44401441320765045,0.0,0.07968258119534469,-0.7203936882066315,0.020568118505590097,0.00011631218849032848,-1.076966037477688,1.0,-0.23345066283905624,13.0,-1.1202615289585278,0.0,,-0.35833934072242707,0.6074614046168403,0.15970072955266948,-1.6763225734716112
2024-01-29,0.607609410163183,0.7556367781081442,0.9,-0.03978665111538745,-0.24545549246408488,0.7090622998121627,1.0,0.5051478326389814,0.0,0.07560724826213257,-0.46158932383682716,0.06358078190505541,-0.0030589781312108356,-1.0807653756129678,1.0,-0.22588990985363405,13.0,-1.1293784794897321,0.0,,-0.2881217098116644,0.4960503976500989,0.045484297406062885,-1.0286395501731653
2024-01-30,0.6300973877223643,0.7779249867097471,0.95,-0.10537792541900078,-0.23124833570386966,0.6578618981002895,1.0,0.564216669080922,0.0,0.07482624992826074,-0.7138328200910409,0.0962105129151196,-0.007937081630156478,-1.0871582723542113,1.0,-0.2217207558195589,13.0,-1.1293784794897321,0.0,,-0.2808607367633857,0.6652220488981949,0.10949770959200375,-0.7548066426136574
2024-01-31,0.6123416631821026,0.7592387694716993,0.9,-0.33656409225487843,-0.30832857404520514,0.5828889706330904,1.0,0.6208202433729904,0.0,0.058060532783371685,-0.9733624541610462,0.13132318298020407,-0.014554709762323759,-1.0872143061234358,1.0,-0.21326534862865457,13.0,-1.1293784794897321,0.0,,-0.26162195202673305,0.23243422998095226,0.1689700622664133,-0.5222071869120992
2024-02-01,0.5820742500075938,0.7671336344888691,0.9,-0.4413406711102814,-0.2998776502593407,0.49464079059103855,1.0,0.6754168613539308,0.0,0.04313640589821521,-0.7891238982810221,0.15942012903926175,-0.02054823365807325,-1.0856826940629793,1.0,-0.2099641488817806,14.0,-1.1293784794897321,0.0,,-0.18495200106018853,0.3968905284764909,0.08358584373114304,-0.8771592510461488
2024-02-02,0.5444146018678407,0.7282288547299685,0.85,-0.5545656372349094,-0.3179232197750474,0.39637987937777536,1.0,0.7278543425373446,0.0,0.010856924428184343,-0.5924320229466364,0.18932386213286784,-0.01691211509250943,-1.0834213606272514,1.0,-0.20231880996301932,14.0,-1.0953541522227173,0.0,,0.03182857961051788,-0.06989268080202946,-0.007922658295284112,-0.686497374880945
2024-02-05,0.5141404049828391,0.7271230964017491,0.8,-0.6548993876322525,-0.3305700056765097,0.30803461954899164,1.0,0.7778451793291279,0.0,-0.03932471357604178,-0.33653614140590354,0.21252239353546176,-0.014967343753723985,-1.0834107585539277,1.0,-0.18880946005875196,14.0,-1.0501258606591715,0.0,,0.024505031979980496,0.2525940809866367,0.0005170642322590393,0.216120075102365
2024-02-06,0.49011886503411606,0.7106824264448802,0.75,-0.6678392772349768,-0.3113998948438375,0.23474469189899247,1.0,0.8252929878416705,0.0,-0.07735935629744087,-0.20182344606274208,0.23676782107905775,-0.011372174751496624,-1.0863172391638438,1.0,-0.1796971239881082,14.0,-1.0614801532717422,0.0,,-0.08350733299359113,0.09308223182406443,-0.012861970182418397,-1.5915987987427356
2024-02-07,0.493498392838447,0.7094086460106288,0.75,-0.5546374468513856,-0.21566632370957983,0.1797183857004309,2.0,0.8698171050536379,0.0,-0.060899461791087295,0.12929797095855672,0.2579307826493269,-0.005355032117711224,-1.090592481787241,1.0,-0.16656805388742923,14.0,-1.0790253258533269,0.0,,-0.07158430996647104,0.7448076167845419,-0.03406668017016317,-0.7007219486629315
2024-02-15,0.4763456025736909,0.7204424335121422,0.75,-0.43274510519552806,-0.07996340658411533,0.13895164037963817,2.0,0.9110030392666456,0.0,-0.059543426885035264,0.69381866537985,0.2799840075026186,-0.003285994578777402,-1.097178446942059,1.0,-0.1667902439859865,15.0,-1.0388902367898554,0.0,,-0.28208527002054706,0.5775051733743285,-0.2940013927659316,-0.42463832187506023
2024-02-16,0.5334556689589518,0.6502543658966462,0.75,-0.1963327430642149,0.06780353134515749,0.12056382642512657,2.0,0.9486777303178824,0.0,-0.019722085982221284,0.7026150799860337,0.30279169001338674,0.0004476846500928669,-1.1041684163805758,1.0,-0.16075688441792974,15.0,-1.0569287146539572,0.0,,-0.15927535645475918,1.7028851745673872,-0.16704275075122696,-0.7120574370149899
2024-02-19,0.5964021408659342,0.6079045622416521,0.8,0.09478377846077729,0.22237645035891823,0.13466541520776998,2.0,0.9823176391162338,0.0,0.05609496804585527,1.0488867749080248,0.32885153629157665,0.0057412206100774495,-1.1035731881430204,1.0,-0.15145058105978312,15.0,-0.9692236004643087,0.0,,0.05396228882036527,1.674612939712145,0.07528177995357332,0.5592073453951574
2024-02-20,0.638631917356417,0.5667731919253365,0.8,0.23954974510968352,0.3368276792788777,0.16503350310719828,2.0,1.011399995122171,0.0,0.09286627462064903,0.8110160086121911,0.33979549531259684,0.009466917952760945,-1.097973925024764,1.0,-0.16020499175106212,15.0,-0.932651566338795,0.0,,-0.2502488010800019,1.634470235160412,-0.2884891356017419,-0.10868032048053965
2024-02-21,0.6935838513281316,0.5413091647511117,0.8,0.337302269487948,0.40354477927084725,0.2058177915104297,2.0,1.0361512302355325,0.0,0.1717711576748729,1.142805452112556,0.3507749825383651,0.013038229116944704,-1.082605022384717,1.0,-0.16659631441505676,15.0,-0.8790164805297606,0.0,,-0.18575296344416628,1.5934907441767725,-0.27585596046953353,-0.404874221734923
2024-02-22,0.7414870727279488,0.5185309826861451,0.8,0.3660616834512453,0.44570097388231716,0.24392030296045988,2.0,1.056510441270166,0.0,0.23230813445609594,0.8347684765198362,0.35899418477124095,0.008301732332723544,-1.0671142247953538,1.0,-0.17793020763323283,15.0,-0.8688790670582698,0.0,,-0.4089789165590984,1.5552365723712964,-0.47959482320201996,-1.4124911228244605
2024-02-23,0.7552173825245576,0.5111472649305004,0.8,0.2504506541768051,0.35188201464946384,0.2514509118643539,2.0,1.0725960760819717,0.0,0.25734138146508373,0.13388843698629077,0.3513256182854625,-0.0033129620885648916,-1.051043910151862,1.0,-0.19290512532031465,15.0,-0.7930450313811062,0.0,,-0.5916511608592828,1.2200320858594442,-0.26768246464774753,0.3229468378422044
2024-02-26,0.7616316738702213,0.5088204508122858,0.8,0.19931771442223223,0.32161426046605923,0.24461961764442153,2.0,1.084840428774231,0.0,0.285159789083633,-0.0016810956770795804,0.34474691314494743,-0.008970803685776848,-1.032934472370651,1.0,-0.20679290018054228,16.0,-0.6730829957083844,0.0,,-0.4727711124053507,1.042170734335301,-0.13947738832355241,0.6679785061416158
2024-02-27,0.7742208863158144,0.4992034534391312,0.8,0.30489987388304646,0.396246710007351,0.24265879762571574,2.0,1.0933793577558488,0.0,0.3209524189973191,0.25880721137232937,0.3431316343757387,-0.011798064996844526,-1.0121078882212025,0.98,-0.23219053234985282,16.0,-0.6475616531973608,0.0,,-0.44872991423003006,1.280757607784765,-0.24160360066782577,-0.7851933989912446
2024-02-28,0.8129247399233808,0.48349491502675246,0.8,0.4499272956687314,0.4642408789934395,0.25982778952941865,2.0,1.0977534611284694,0.0,0.35833697707634926,0.37586844318038126,0.33884648990314686,-0.013042818577874865,-0.9893841363337305,0.96,-0.25321885099557884,16.0,-0.5937053168001742,0.0,,-0.34857685659052007,1.3507576306341644,-0.2242030710023477,-0.27085848438484716
2024-02-29,0.8438700418363847,0.4693622263784587,0.8,0.5698008639073293,0.489482204366941,0.28715226834561064,2.0,1.0975497527312423,0.0,0.40032856087780405,0.21728046593950096,0.3442956803320811,-0.010434309979326532,-0.9630272737257731,0.94,-0.27147037653523304,16.0,-0.5057303946268182,0.0,,-0.2305668602826606,1.2768525090514498,-0.10835652822440817,0.07588597679165102
2024-03-01,0.8807609976840631,0.4604918312285182,0.8,0.705897701588617,0.5820702613461043,0.3182225766251988,1.0,1.0923875584040013,0.0,0.45560380319279864,0.4095309163243739,0.35382630355511824,-0.006780884517809939,-0.9339974755759548,0.92,-0.29791385728131325,16.0,-0.45529255480447706,0.0,,-0.14043085768816854,1.1957541884939769,-0.09266131621504353,-0.6675657770247864
2024-03-04,0.9237631634602662,0.4596709409632096,0.8,0.8520959113963298,0.6895113297071139,0.35154199246148465,1.0,1.0820379094013588,0.0,0.4877782557318541,0.24292215341992762,0.3705331033407175,-0.00024342237389253187,-0.8951512411943958,0.9,-0.32463643010950277,16.0,-0.4353042636333716,0.0,,-0.03088791031188028,1.103305497203711,-0.014999916018769852,-0.6288737267510569
2024-03-05,0.9590837696829457,0.45720454674790467,0.8,0.9375749400658941,0.7960302759444036,0.38771144579451156,1.0,1.0663493344717423,0.0,0.5382915628660235,0.376538018049415,0.4009980479622768,0.012685270438351973,-0.85343696969674,0.88,-0.38706733376924585,16.0,-0.4036715063461521,0.0,,-0.07165557214611858,1.0006373344778674,-0.04445521454128598,-0.12215149686926768
2024-03-06,1.0144282009677394,0.481468312440408,0.85,1.0108105358680148,0.796904005050672,0.4312390927299406,1.0,1.045577941597883,0.0,0.587848779879411,0.09009678237866603,0.4200079943630112,0.015411780985279223,-0.8090240958068048,0.86,-0.4508393250286137,16.0,-0.4158894024806751,0.0,,-0.15358604796428144,0.8963081150317028,-0.05303149811397633,-0.7665651096025583
2024-03-07,1.0621657192093195,0.5020034254158623,0.85,1.0277163103573048,0.8210137540747358,0.4747929801625455,1.0,1.0198118517606958,0.0,0.6288187872407855,0.11486538122412304,0.4405128997737117,0.017500376582383386,-0.7615981999015932,0.84,-0.4762618590493418,16.0,-0.36517593775547746,0.0,,0.15810204830243793,0.7956734679181175,0.05809736761283283,0.13711004345780312
2024-03-08,1.1169395202381442,0.5775188038346151,0.9,0.9781917054671304,0.7463357930267022,0.49537959427126943,2.0,0.9890920544633357,0.0,0.663617507341565,0.19777505251088828,0.4445134105510274,0.011886857234732054,-0.7144680880478842,0.82,-0.4941332801001005,17.0,-0.34911321492963665,0.0,,0.030480391880686113,0.5501029945576378,0.013626500373671616,-0.3652429183641285
2024-03-11,1.124533578853305,0.593481415604833,0.95,0.8586370225794866,0.6013887812643036,0.4707514497455989,2.0,0.9536711077089135,0.0,0.6508553688602368,-0.48426364712866865,0.44516546730177403,0.002117770100590351,-0.6642759739637278,0.8,-0.5092274686438564,18.0,-0.3758131784018071,0.0,,0.06598072390822318,0.1679342128398494,-0.015448887742764013,-0.3178791943410439
2024-03-12,1.1390870732472267,0.6292387495081682,1.0,0.7444952682738009,0.4949957071461395,0.4235302489871099,2.0,0.9138044090884133,0.0,0.6226346070904694,-0.6518101420501736,0.43912808235002887,-0.0072049976282202634,-0.6158549540032747,0.78,-0.5368502711524321,19.0,-0.31153725823148826,0.0,,-0.08313101246764254,0.14021472316483766,0.03411640144506183,-0.3060803953363595
2024-03-13,1.1656799168131502,0.6491807030877615,1.0,0.681895721606971,0.5216927850610351,0.37640481544133114,1.0,0.8694987603249817,0.0,0.6106885524198666,-3.3427259557905487e-05,0.4362229281407635,-0.011225679889770048,-0.5672563752734125,0.76,-0.5506590999478616,20.0,-0.27478027833848573,0.0,,0.1831982940336376,0.34513166918323696,0.04341338171056259,0.034417649197119725
2024-03-14,1.1925176357500775,0.6850907817943617,1.0,0.5518490509454916,0.5162142464374724,0.3191963429604044,1.0,0.8203270070247694,0.0,0.5753606320448202,0.10635473770300469,0.43160528046094787,-0.0187914612878774,-0.5218784929868344,0.74,-0.5670770098891209,20.0,-0.2569666323397299,0.0,,-0.06406464040202324,0.20583379422354905,-0.021505511499609817,-0.0683654018999425
2024-03-15,1.1449257405474709,0.6545529749097108,1.0,0.4133950946200113,0.514540829244197,0.2499007743497624,1.0,0.7662208555417116,0.0,0.540232056367094,0.1325617882923048,0.419678937449167,-0.023763752496979505,-0.4836036794624832,0.72,-0.5826378840166392,20.0,-0.23078159419912647,0.0,,-0.21236828800891686,0.04800990958700048,-0.0735209600905847,-0.18835667420292168
2024-03-18,1.0848576478471188,0.6059679168935358,1.0,0.17236563624704446,0.40973946442614145,0.14113946892769197,1.0,0.7071832168743022,0.0,0.4422353256578432,-0.7537854574749866,0.4130995599970224,-0.022570280800809053,-0.4456617333688247,0.7,-0.5898891999342297,20.0,-0.11485625402137353,0.05,,-0.10847072371991257,-0.0025071580998332617,0.06127004795593396,2.8767006526828296
2024-03-19,1.0252012866178046,0.5708836299979813,1.0,-0.019607749798048392,0.31866238840821015,0.008522063700861638,1.0,0.6439789659862893,0.0,0.3411279651004916,-1.0369849905508945,0.40972721116694516,-0.02248868663735073,-0.4077469479914081,0.68,-0.6190404956667477,20.0,-0.1351502918252271,0.05,,-0.33525161423084765,-0.02613854486116295,0.2914469508811395,-0.5145610765576111
2024-03-20,0.98573201329396,0.5720263473312783,1.0,-0.09484088191102834,0.30652891395094933,-0.1152326780630403,1.0,0.5768125639602038,0.0,0.2516460750269838,-0.4531771795891939,0.404411892401761,-0.019077800627969668,-0.3715723474154241,0.66,-0.6402374558073656,20.0,-0.10685940262399996,0.05,,-0.31969989322540265,-0.13369530194530418,0.09737062570092886,0.16094356228961956
2024-03-21,0.9527091356546638,0.5810118187708002,1.0,-0.059733425142958665,0.3897363860435969,-0.20939873898975322,1.0,0.5058635225988055,0.0,0.184881330707202,-0.2983562552294713,0.40375035064656023,-0.014949812579459718,-0.336976882956774,0.64,-0.675067931724845,20.0,-0.040692296911475793,0.05,,-0.2418459899245081,-0.23586022037500487,0.03933164486499343,-0.08914900857397723
2024-03-22,0.9265441612460362,0.5765809049086984,1.0,0.06944565422086986,0.435269284829967,-0.26300911048070535,1.0,0.43097358783013934,0.0,0.16629659123120602,-0.058999323178438576,0.38857768102460355,-0.026443292722102503,-0.30282876881646914,0.62,-0.7191528933077975,20.0,-0.08033688376750306,0.05,,-0.4690026387941635,-0.25718795258127736,-0.037866398084575044,-0.46994489927834077
2024-03-25,0.9072150799683193,0.5709133008695996,1.0,0.03662615457937068,0.37106774688265115,-0.3082961415635777,1.0,0.3519061265468945,0.0,0.1473659040566815,-0.2274802282538028,0.37206430877146635,-0.038953294472335864,-0.27078999121669606,0.6,-0.7728578433647831,20.0,-0.1756802067735312,0.05,,-0.7070137563689372,-0.3206786036331445,0.05910124654275532,-1.238887953978947
2024-03-26,0.8811471411189025,0.5772853982222322,1.0,-0.0090812034063011,0.40190967608003864,-0.34298767190089385,1.0,0.26898397568118815,0.0,0.12258492584169063,-0.1140974377852165,0.3594157915927896,-0.04352783777378578,-0.23920689988406263,0.58,-0.8292859463285042,20.0,-0.12675456814485225,0.05,,-0.6462354279578684,-0.4664772431317379,-0.027656911615063725,0.19331937358233414
2024-03-27,0.8486894197531131,0.5926999484441878,1.0,-0.028610406806358533,0.45500751969762493,-0.3809955961559894,1.0,0.1826026437640425,0.0,0.07428278830276246,-0.4788837526677193,0.34299673157475347,-0.045396088141879114,-0.21432150869310249,0.58,-0.8819368686982824,20.0,-0.16038560614395012,0.05,,-0.7836658634360748,-0.5431327115316632,0.25300435731105414,-0.9434792443668045
2024-03-28,0.8297950814373115,0.6094935174340799,1.0,-0.014840380803910432,0.49935289482221545,-0.4095167799363183,2.0,0.09296547785343838,0.0,0.03625812862765625,-0.44537818842305615,0.333037415496981,-0.04352204409645968,-0.19684308813801835,0.58,-0.9251107860185083,20.0,-0.1896267510881588,0.05,,-0.7919378234843101,-0.8462863123334293,0.23008653798459117,-0.5089369220925228
2024-03-29,0.8046730362648782,0.6292948264117417,1.0,-0.13329107396960996,0.4731699124438085,-0.43824122438048496,3.0,0.000315681809796714,0.0,-0.010315105693048715,-0.4275721485521272,0.31856332377277014,-0.04257110122037771,-0.18261857058891834,0.58,-0.9586631795623677,20.0,-0.22810080502632793,0.05,,-0.8601625463923807,-0.8250616842253267,0.2336449401731196,-1.4370468557881686
2024-04-01,0.7733454740477639,0.6512773411905355,1.0,-0.3172410522060204,0.39273209863674974,-0.4717737626663644,3.0,-0.09476746531178352,0.0,-0.030265203687738183,-0.07382014143613973,0.31095033815491396,-0.037138702300733635,-0.17159632309680548,0.58,-0.9858796524245207,20.0,-0.2329621213564174,0.05,,-0.8540559386340755,-0.7724608618129503,-0.07398021877996776,-0.7261000533528454
2024-04-02,0.7490057274361366,0.6761116708707113,1.0,-0.44596292769831236,0.3708800989869897,-0.5102219161067334,3.0,-0.19163592686357486,0.0,-0.04120326477680148,0.2325028883000219,0.3022724071147478,-0.02154106052519054,-0.1636593363705251,0.58,-1.0108762445237458,20.0,-0.23222431562652818,0.05,,-0.8822867297103584,-1.0001297218824183,-0.35436176567324895,-0.10739538227148471
2024-04-03,0.7054936581918702,0.6991030532714527,1.0,-0.5563740277671806,0.25434211731990763,-0.558495143568733,3.0,-0.2902588392023699,0.0,-0.08196936129711577,-0.6369803144782864,0.29200750520278945,-0.012087869384205564,-0.1645930410355917,0.58,-1.0498966891982138,20.0,-0.22520784968179974,0.05,,-1.2041593145341636,-0.5804881878494426,0.5659951177525361,-0.626235790707989
2024-04-04,0.6494702724303241,0.7132013887624629,1.0,-0.758291867600191,0.06082776450237188,-0.6211427345749472,3.0,-0.39062164619154804,0.0,-0.15213122048732713,-1.1874878075908686,0.2818474003495432,-0.004591658608579314,-0.1629143219390624,0.58,-1.080036406489656,20.0,-0.2726645004903099,0.05,,-1.205765096067495,-0.26229576412444705,1.248894908057032,-0.8120229727123995
2024-04-05,0.5743287613789022,0.6335710862022659,0.95,-0.9308452642021044,-0.2107847976070624,-0.6778427951317056,2.0,-0.4922715091942658,0.0,-0.23300259668712942,-1.3094508536046583,0.261174138085804,-0.00992588661378074,-0.16385254729729115,0.58,-1.1091245451987615,20.0,-0.2075357979057965,0.05,,-1.2823138395326403,0.7030811638354371,1.500781149882281,0.9373311333261387
2024-04-08,0.5523943178695181,0.6083679364543442,0.9,-1.093178661141812,-0.5498218328644554,-0.7156899529518073,2.0,-0.5948493378999149,0.0,-0.2700881714943093,-1.1043746641893866,0.2351543402565383,-0.020365217353663954,-0.16845096085089517,0.58,-1.1589127511459016,20.0,-0.23980818379877297,0.05,,-1.4698613937673264,0.11130396674232958,1.4343700278946836,-0.9633269122005734
2024-04-09,0.5436635761970575,0.6021951383187241,0.9,-1.1567095293771317,-0.73910179830064,-0.7343627775667464,2.0,-0.6979807959549699,0.0,-0.296547492878003,-1.0556220990204286,0.21943404415042042,-0.025387595909819757,-0.17277507872281794,0.58,-1.1954359330106932,20.0,-0.2610697978536218,0.05,,-1.2574850763725676,-0.32937242211523277,1.1815073480531777,-0.7313126764333356
2024-04-10,0.47563580288109863,0.5970719641671941,0.85,-1.4048153825136735,-0.9893795152843333,-0.7647273994978341,2.0,-0.8012605737376095,0.0,-0.3834629368333805,-1.5872494470451863,0.20446699013121514,-0.025427879305080364,-0.18160345601069883,0.58,-1.2401826681059207,20.0,-0.3037939655681833,0.05,,-1.3964928963118632,0.3523921532977747,2.0966023564805436,-0.8200657050941099
2024-04-11,0.4079779482406892,0.580781620610362,0.8,-1.6321834516804634,-1.253866990413419,-0.7928638157971324,2.0,-0.9034679924238128,0.0,-0.4803364968143399,-1.6460112190888745,0.18921447742056863,-0.0262083798265543,-0.18748212253483792,0.58,-1.273787213981216,20.0,-0.36091805071900634,0.05,,-1.2695161900691325,0.6060455702087222,2.0334940546998124,-1.2108471049164042
2024-04-12,0.40654546731683194,0.5810332875564808,0.8,-1.7240288601187244,-1.364280724603442,-0.7992981283324949,2.0,-1.0038618048586554,0.0,-0.5721012058648662,-1.4951674361068281,0.18094034604249898,-0.025168102408604936,-0.19975873828285315,0.58,-1.3124200366117114,20.0,-0.37702373728529154,0.05,,-1.344732169998764,-0.8842025655150406,2.002438809227512,-0.5104704055286249
2024-04-15,0.3262618517685896,0.42184453502191066,0.75,-1.8381939772081088,-1.6083709198362113,-0.8182139024300545,2.0,-1.102217812383693,0.0,-0.6324706954779205,-1.7478525481610598,0.15988564343702544,-0.030626441344309738,-0.21906903195434255,0.58,-1.34531412855313,20.0,-0.5073327494556408,0.0,,-1.5091065134513564,2.7208917600847573,2.6745036177318644,0.27153390554323154
2024-04-16,0.2791251750187004,0.37678206025172223,0.7,-1.9710878057194483,-1.8554287632977728,-0.8398641178869942,2.0,-1.1981501503617866,0.0,-0.6816159235769661,-1.7823382247226283,0.14357988484345743,-0.030775255579699817,-0.2384102463711002,0.58,-1.3634591798743696,20.0,-0.4295929065450489,0.05,,-1.1773944756228112,1.452019202580515,2.1808201005282917,1.0402357816542265
2024-04-17,0.1540883092784374,0.21853950826527369,0.65,-2.206418364671075,-2.1320585122360356,-0.8958889356154709,2.0,-1.2911675181956883,0.0,-0.7683581310682291,-1.9331316675278298,0.13290808475172636,-0.029200825184227296,-0.2738201644554045,0.58,-1.3848282109516856,20.0,-0.4018025855097373,0.05,,-1.3858011062492492,3.8974001824542093,2.826220777715994,0.716749982995851
2024-04-19,0.01103721475644146,0.08296561451152884,0.6,-2.2999949234431822,-2.4669022049391,-0.9982557126250541,2.0,-1.3806910330816213,0.0,-0.8773191499930633,-2.2003225283096306,0.11840258008313777,-0.02566387352592904,-0.30820495080449456,0.58,-1.4035201960317725,20.0,-0.3419337461230819,0.1,,-1.3113232693562848,4.44820881735077,3.070924150027172,1.108227779159131
2024-04-22,-0.11120907908703334,0.007210721895085537,0.55,-2.2999949234431822,-2.598399024300482,-1.1097228153128953,2.0,-1.4656449435181762,0.0,-0.9994280448092546,-2.1758026545450337,0.10179741644553124,-0.024412289924604702,-0.33990445758250154,0.58,-1.4313483736422563,20.0,-0.28018360290158095,0.1,,-1.237052220824434,3.890596420850337,2.921224301831897,0.7650579651516779
2024-04-23,-0.23255823392937636,-0.0474774375559186,0.5,-2.2999949234431822,-2.598399024300482,-1.2156444594945426,2.0,-1.5456722739218045,0.0,-1.114300036457081,-2.1590779847468613,0.07873050674937479,-0.030418329577725577,-0.3705198230079386,0.58,-1.4729911963240079,20.0,-0.1755664557176377,0.1,,-1.5642465980757707,3.882451450565038,3.7245221672682387,0.8534549896999176
2024-04-24,-0.3471206862718082,-0.061586765885133676,0.45,-2.2999949234431822,-2.598399024300482,-1.3000044233188106,2.0,-1.6203545027220905,0.0,-1.2330721793078414,-2.0742695167592338,0.062108949269302126,-0.02662620000517532,-0.39220789272739004,0.58,-1.495811922430007,20.0,-0.1633110456183079,0.1,,-1.1023465547523144,3.3212072531813734,2.571384168280598,0.4384275755689306
2024-04-25,-0.46739971932667934,-0.06966030043114668,0.4,-2.2999949234431822,-2.598399024300482,-1.3652842514500327,2.0,-1.6894915829236457,0.0,-1.3281336952525096,-1.9311639428274747,0.044687046169435696,-0.023661791755948017,-0.41333017934220045,0.58,-1.5300370969385313,20.0,-0.15019218682632163,0.1,,-1.284407047019821,3.5728621123005677,2.8566208835634974,-0.6811020685270793
2024-04-26,-0.5813599531343872,-0.027106762372352433,0.35,-2.2999949234431822,-2.598399024300482,-1.4133889188456834,1.0,-1.7526912040545732,0.0,-1.4183835663417277,-1.773505855844404,0.031405198362364634,-0.016513106666523066,-0.4286069771525629,0.58,-1.5528110383501843,20.0,-0.14218157442267915,0.1,,-1.1376283871719903,2.7409185190864913,2.383938436894987,-0.3487246740196726
2024-05-02,-0.6822362386921812,0.023130010489357145,0.3,-2.2999949234431822,-2.598399024300482,-1.4323409171252657,0.0,-1.809587841530925,0.0,-1.505503403632787,-1.662845674526707,0.014119008028204108,-0.013874506696609388,-0.4450136484837366,0.58,-1.5787068770828703,20.0,-0.04722115538209832,0.1,,-1.1524203630884273,2.458366870315979,2.3210040774348153,0.4621615250234476
2024-05-03,-0.7761767768246389,0.07569644375493734,0.25,-2.2999949234431822,-2.598399024300482,-1.420955509090943,1.0,-1.8601266247311101,0.0,-1.5624217031756273,-0.6855281949440555,-0.01880911904819869,-0.015220763253072218,-0.4744159646346866,0.58,-1.590414256447541,20.0,-0.05690120354144825,0.1,,-1.1800014210466945,2.4316759390559706,1.241059147819971,-0.9197010165398442
2024-05-06,-0.8323361645948184,0.14800882634124113,0.2,-2.2999949234431822,-2.598399024300482,-1.3743157567997064,1.0,-1.904370261409003,0.0,-1.6009077125505793,-0.001892953382038376,-0.04101369473131996,-0.009412531151613076,-0.5045277498464873,0.58,-1.5810783044602834,20.0,-0.00909567121273896,0.1,,-0.9665889495410752,0.5784697184499514,0.3557821064238081,0.8487152643027013
2024-05-07,-0.862436844932277,0.18586510773491638,0.15,-2.2999949234431822,-2.4509160965282706,-1.2827021781510706,1.0,-1.9422890087111806,0.0,-1.552384175685956,0.8516068535701493,-0.06204387902585799,-0.0031556650270989596,-0.5384718488977679,0.58,-1.5740326887668548,20.0,0.0013749507425487334,0.1,,-0.9845640909839967,0.31401145343935116,-0.4927126149151466,-0.4168233516022352
2024-05-08,-0.8858954018372511,0.21134977950607803,0.1,-2.102829977912616,-2.2899876475227314,-1.157859157529312,1.0,-1.974005259730879,0.0,-1.440396734878526,1.533532114316669,-0.0722521871695456,0.003415458933381324,-0.572048059708925,0.58,-1.5599115711339673,20.0,0.07608170620000262,0.1,,-0.9033689385917206,0.572712873775969,-1.0876373690325476,0.6821121364366782
2024-05-09,-0.8892936537350253,0.21309923690076393,0.1,-1.7997348015464738,-2.1765627796779237,-1.0071976287215418,1.0,-1.999660005447185,0.0,-1.350340790384599,0.9441020173255871,-0.05680864667514623,0.013134897478004273,-0.6102608022400381,0.58,-1.5521742952558513,20.0,-0.025832760711579472,0.1,,-0.8421832635025753,1.0802853146398523,-0.5312064859220479,-1.1009582049055031
2024-05-10,-0.9188741702007548,0.23470641202794285,0.1,-1.4850058730146178,-2.100098838554029,-0.8477782649106371,1.0,-2.01959508147203,0.0,-1.233602189535105,1.6404490106793737,-0.04723004301654777,0.017685450039464964,-0.6531513360644888,0.58,-1.5474805121606028,20.0,0.0011769324396401688,0.1,,-0.9497402302487487,1.319430683262755,-1.2906191702159084,-0.4231330491761806
2024-05-13,-0.9616217898549507,0.2775567846274517,0.05,-1.2888818857714237,-2.0292032658449415,-0.7047055009144381,1.0,-2.0340795986110805,0.0,-1.1277219223763697,1.4336843007493825,-0.05032508738360285,0.021468591184925473,-0.7034014208176868,0.6,-1.528429207865977,20.0,-0.019336268578977613,0.1,,-1.020293661323818,1.3012827661410886,-1.201932179984642,-1.1415766968056913
2024-05-14,-0.9718860022725186,0.28756911491213666,0.05,-1.0466378874170383,-1.9568248423783832,-0.5704929066395308,1.0,-2.043234027059816,0.0,-0.9902295158378068,1.4804039028581337,-0.064278770168254,0.018723467519547912,-0.7601964517043688,0.62,-1.508567221589197,20.0,-0.030836178112640854,0.1,,-1.1966889798330758,0.7894858542578513,-1.4940830239175376,-1.0500638957673747
2024-05-15,-0.9566536755352004,0.27005425754611767,0.05,-0.7273801856872595,-1.8137800166783014,-0.4383944732151536,1.0,-2.047492570054285,0.0,-0.8448544547112361,1.5172137307870452,-0.07734386047110435,0.020164759498592637,-0.8150397600899858,0.64,-1.4890085169569303,20.0,-0.020980318553643185,0.1,,-1.036395094552674,0.046575420057544455,-1.3532362027664102,-1.0137299137364508
2024-05-16,-0.9620652488758218,0.2808101791554781,0.05,-0.46933333967755264,-1.6170126505847904,-0.320056211747044,1.0,-2.0473932463459223,0.0,-0.7014468434057288,1.5711078017837266,-0.09494984128541269,0.024752255688380857,-0.8748504059975117,0.66,-1.4608943294735972,20.0,-0.02801864031456957,0.1,,-0.9621381783298474,-0.6767540298369348,-1.3268401311184788,-0.6512368407471526
2024-05-17,-0.875554301301715,0.23084030024553726,0.1,-0.08793239553895911,-1.4007417299180114,-0.1655664992929951,1.0,-2.0429959723103535,0.0,-0.531334801380087,1.803732844602253,-0.10974165357436855,0.02484562709736286,-0.9464701243685196,0.68,-1.43068888650594,20.0,-0.03246586511749386,0.1,,-0.9676560385169942,-0.6703185815809685,-1.5772771486159538,0.18258940948474575
2024-05-20,-0.8095562268958691,0.16265978974259543,0.15,0.30117827123826235,-1.1859373371655906,0.0070992820452494,1.0,-2.035039599736662,0.0,-0.3590325100739557,1.75878350082505,-0.14335678546445427,0.02116327320457847,-1.0243476154189777,0.7,-1.382040511587182,19.0,-0.07322857238453775,0.05,,-1.11905970584255,-1.1351100691236553,-1.7498229853443956,0.22498163631334875
2024-05-21,-0.6791898943425762,0.13527021647440973,0.2,0.7067345824090363,-0.9852470078291908,0.1999230629693566,1.0,-2.024435108135862,0.0,-0.17297639616007146,1.836642772711079,-0.16445050958841673,0.021971918350535163,-1.104311065901443,0.72,-1.334857456720707,18.0,-0.14636629732098014,0.05,,-1.05148804363016,-1.3584126568069588,-1.7498229853443956,-0.7460045157329969
2024-05-22,-0.5624648686531487,0.18267536329697753,0.25,1.104457488918475,-0.8500276391973496,0.39912528669685027,1.0,-2.0119686230014056,0.0,0.027595999672750105,1.8201726798938183,-0.19544358663054662,0.01282867661077683,-1.1865531579867679,0.74,-1.3092973901894671,18.0,-0.2008166080357753,0.0,,-1.3031496616344789,-0.4119755176363441,-1.7498229853443956,0.019221564863227597
2024-05-23,-0.4282589558926461,0.18220714676769145,0.3,1.412872345151298,-0.6713748862443397,0.5924210970964165,1.0,-1.998578143055297,0.0,0.22864415490101903,1.802056361042449,-0.19280931774743007,0.019584894323909193,-1.2687254245840647,0.76,-1.2923618522675284,18.0,-0.2539608645938185,0.0,,-1.0128939379899986,-1.5737301171359053,-1.680921133713786,-0.29782716600918613
2024-05-24,-0.35149079729170535,0.25074787549474653,0.3,1.6464928329966593,-0.6138575024721378,0.765866004465746,1.0,-1.984815927543907,0.0,0.41713893598742907,1.5329231041837037,-0.1828449247005215,0.020873394883673527,-1.3534032105862113,0.78,-1.2920553615953543,18.0,-0.27734290486842594,0.0,,-1.1741343141428482,0.5320884090685393,-1.6307117143333134,0.38581418420776875
2024-05-27,-0.27527826651377035,0.3044218943650464,0.3,1.7666431803324025,-0.5261000265172712,0.8993181251463094,1.0,-1.971197037725369,0.0,0.5915737687967091,1.3003745570960124,-0.17127216667640666,0.02636192633818802,-1.437766361752513,0.8,-1.2819254451871163,18.0,-0.320961146822347,0.0,,-1.127472291366791,0.06428208563582719,-1.3034151981237279,-0.4339372635094906
2024-05-28,-0.18054913632933464,0.3806808985816248,0.35,1.9664949046274685,-0.36740193688889805,1.0096767800436257,1.0,-1.957870710407495,0.0,0.7664940739747645,1.4056063853337344,-0.17012896893289858,0.026951132193964396,-1.5215175078702246,0.82,-1.2872255744244934,18.0,-0.31649407796388107,0.0,,-1.2819363328260345,-0.4034259310770635,-1.633608067552763,-0.5917606913577611
2024-05-29,-0.13667189589494266,0.4348587819264945,0.35,2.0990178426615302,-0.2558455195547242,1.081162431916142,1.0,-1.9454456164829694,0.0,0.9188309452007493,1.0720661222889072,-0.16585968423942518,0.028100750624134176,-1.601199989169202,0.84,-1.2861358958293005,18.0,-0.2962274598887648,0.0,,-1.3027899405738808,0.7763527334305472,-1.2392188573174976,0.05660768748265242
2024-05-30,-0.09904421398864796,0.4841307467524635,0.35,2.1302251318250742,-0.18871670434852736,1.1105886342032556,1.0,-1.9343715003835158,0.0,1.0580381690208793,0.8873033256779369,-0.1570597556398023,0.030599076391687824,-1.6737656039499018,0.86,-1.2885688871740886,18.0,-0.32606599791110347,0.0,,-1.3156795801066588,0.7807177815356251,-1.0132297207939103,-0.13460923542332437
2024-05-31,-0.06780331469173914,0.5356236535673757,0.35,2.1381124267071705,-0.14724544326205474,1.1026370202293267,1.0,-1.9247463540804013,0.0,1.124452911487423,0.39955524663727354,-0.1510653278698515,0.022948976146528174,-1.7447327047437953,0.88,-1.3053455366910924,18.0,-0.3476500145811873,0.0,,-1.470959432735695,1.0219311988940434,-0.40679541298719135,-1.3513813499415226
2024-06-03,-0.03665505058380776,0.5297103350063468,0.4,2.1110932416405332,-0.03412245369859811,1.0699049634532452,2.0,-1.9167156034536448,0.0,1.1830814264467235,0.9221843726074879,-0.14240451518181885,0.021631012767519553,-1.8150805483258532,0.9,-1.2937070124127399,18.0,-0.3989481540132617,0.0,,-1.1693933911587224,-0.6560138373115444,-0.9407655836170866,-0.1772475243387867
2024-06-04,-0.030804544562699814,0.5305076770752983,0.4,2.058493957012688,0.06347128274499762,1.016812819532882,2.0,-1.910346287608845,0.0,1.188162500352004,0.7206700151172774,-0.14213258876107346,0.016256724818624745,-1.8845842288058543,0.92,-1.282104534085376,18.0,-0.39564895461031935,0.0,,-1.2801878220902678,0.06938408402820165,-0.7707483413284055,-0.350839363543388
2024-06-05,-0.012238191546883392,0.5336187099033891,0.4,1.9679836256603414,0.10524133971837625,0.952955806520546,2.0,-1.905625854996687,0.0,1.1562683617883551,0.6834302617559177,-0.15553137690666097,0.008776666765135761,-1.9535204345894783,0.94,-1.2727578828330581,18.0,-0.46106332264526284,0.0,,-1.4583183678727327,-0.17382455531827237,-0.8255487506522736,-0.6261752242621913
2024-06-06,0.03799192730182512,0.5389635747537158,0.45,1.8950230856030732,0.12335807158173528,0.8863412483218072,2.0,-1.9025671776903792,0.0,1.1292290761084622,0.21571709317457555,-0.1609115263426801,0.011894084764307023,-2.0214210308241887,0.96,-1.2551374328487075,18.0,-0.4552209287336824,0.0,,-1.3966742335671534,-0.914670354695284,-0.12564979322952366,-0.9841103266738931
2024-06-07,0.08819138051367073,0.5652039294668667,0.5,1.8700900322655045,0.16307697397711576,0.8276206329437988,2.0,-1.90118502381793,0.0,1.10125957104005,0.9180713565617136,-0.15704742157893098,0.01753349755079806,-2.087644332460308,0.98,-1.221596912561724,18.0,-0.5117998649124378,0.0,,-1.1873250327920395,-0.6741675336675316,-0.9492995834814999,-1.5547117727512874
2024-06-10,0.1509159916742157,0.588878494395037,0.55,1.850997746883807,0.2049236412749197,0.7807647289773615,2.0,-1.90165225517488,0.0,1.093177755313072,1.1246324407900492,-0.16498314072136114,0.013104073110642758,-2.1533915117688487,1.0,-1.1863630474182698,18.0,-0.4857869123892703,0.0,,-1.2870526497498112,-1.1801226135584002,-1.3081466837729403,-0.6213176463423437
2024-06-11,0.19462011649195507,0.6048878307828649,0.6,1.7767963011710726,0.18298847886979774,0.7357978353723771,2.0,-1.9041549918369527,0.0,1.0458111648923754,0.41174077458680386,-0.17484981536623942,0.0017930389059011274,-2.2112217728175825,1.0,-1.149218743654705,18.0,-0.44836420585863596,0.0,,-1.2928763956035316,-0.9397755890211873,-0.38939143157385325,-0.3016097651546871
2024-06-12,0.2318276007484145,0.5917540476433423,0.65,1.701076254594809,0.23014270591238567,0.6973220181237003,2.0,-1.9088049267742488,0.0,1.027619223801675,1.0337673359757567,-0.17823484724976354,-0.0007517295205157336,-2.2619203571957405,1.0,-1.1225153084320478,18.0,-0.4233357523773516,0.0,,-1.2482741741347285,-1.4553866716249313,-1.175719204865551,-0.513160844110763
2024-06-13,0.24999103577558132,0.5781473581076408,0.65,1.5707512733308469,0.26736863291222857,0.6535741150137137,2.0,-1.915598155096946,0.0,0.9842681985558179,0.5892829821156803,-0.17073414344224383,-0.0007568111256473506,-2.309288212009431,1.0,-1.098414313605584,18.0,-0.4511443726986718,0.0,,-1.1229318160541604,-1.4674892975595797,-0.5749782680414216,-1.2074092471735558
2024-06-14,0.26185077053714007,0.5717642049456463,0.65,1.3256270235361647,0.18720904813562733,0.58516411862738,2.0,-1.9245311936337568,0.0,0.9087689767325141,0.1991197020051779,-0.17622588080755602,-0.005226760465226687,-2.353019934982126,1.0,-1.075153969124503,18.0,-0.4126670609243745,0.0,,-1.2867745362495226,-1.224373153058179,-0.1544300533389471,0.95213564497069
2024-06-17,0.24232628780636006,0.5794355693081439,0.65,1.0553774638032771,0.0755994227431056,0.4939631523170386,3.0,-1.9353384905103432,0.0,0.8039268574186049,-0.4106195919210013,-0.19360350322777933,-0.023581154073505656,-2.392811199837344,1.0,-1.0526586620690344,19.0,-0.41658151994994136,0.0,,-1.4601797333765576,-0.4498977978685775,0.7345274574963442,0.14669245580201215
2024-06-18,0.21674200651482095,0.5953465494616014,0.65,0.8501757416174727,0.028664750436910816,0.39778902400798644,3.0,-1.9476014919642175,0.0,0.6866324960095721,-0.5557207855148113,-0.2041750635685466,-0.03455406885549588,-2.423267208033839,1.0,-1.0076239709253398,19.0,-0.4017506707213695,0.0,,-1.1373739377602987,-0.45847354214153635,0.7554186789424441,-0.44938753116155855
2024-06-19,0.21665844096901837,0.5953475062820084,0.65,0.6939002503545815,-0.024550699607329945,0.311964267609287,3.0,-1.9611481843955265,0.0,0.5830752191165133,-0.295683935255822,-0.20569936766754893,-0.049628056869550595,-2.458140725115825,1.0,-0.9734105439927663,19.0,-0.42063140025971074,0.0,,-1.2421716668744058,-0.4685506737255137,0.4987927372727628,-0.3583930259035973
2024-06-20,0.17895672483641617,0.6232381428303202,0.6,0.4805540180577221,-0.10149577191460522,0.2237036426225835,3.0,-1.9758066270081382,0.0,0.48282858136508144,-0.24786071660986897,-0.19644714981985406,-0.04550276052416348,-2.4924022221690887,1.0,-0.9392159693955651,19.0,-0.3866562169357626,0.0,,-1.1292255830054372,-0.20466084226763817,0.3900451450791998,0.3816765004697755
2024-06-21,0.19178900903297189,0.6357731679884072,0.6,0.3515257194413767,-0.19906071270648998,0.1503566773494979,3.0,-1.9911794366787483,0.0,0.377630173047181,-0.6110400139267479,-0.18506238849281256,-0.03966997158947087,-2.5241880158404726,1.0,-0.901610587191522,19.0,-0.4487548766764545,0.0,,-1.1831222294389832,0.06514879333049169,0.8460568102506622,-0.8561590106060679
2024-06-24,0.16060740983288999,0.5913827515297089,0.6,0.12038751952910573,-0.38811966773035395,0.06372767163334289,3.0,-2.0072809084884744,0.0,0.25488181330908133,-1.1768150130951496,-0.19441593850203065,-0.042070342780369176,-2.5572568163177785,1.0,-0.8597183942818417,19.0,-0.3568909408863266,0.05,,-1.266321035986629,1.435070120816928,1.6448452066641825,1.4033414522930667
2024-06-25,0.12340952655779851,0.5638138017452474,0.55,-0.10986428631406789,-0.5035969721572756,-0.03553982412565522,3.0,-2.0237684818319024,0.0,0.1204144776859549,-1.269174576796968,-0.19885434037380714,-0.042638255472578504,-2.5869654454738344,1.0,-0.8021250042114574,18.0,-0.3382311441486532,0.05,,-1.0057202456026626,1.156254110776975,1.4231124143937959,-0.21856475660429392
2024-06-26,0.1054160921649799,0.5340476476130092,0.55,-0.28469741972016627,-0.5999061686784143,-0.12134004240375566,3.0,-2.040250402013697,0.0,-0.009882884856252105,-1.4839608781066826,-0.2042811365473179,-0.04176474869525338,-2.6187621146633626,1.0,-0.7571119368956424,17.0,-0.37007338037300014,0.05,,-1.139689490856193,1.7055949547046183,1.8858936201758263,-0.5802370370042863
2024-06-27,0.10026929640030806,0.5274864615365256,0.55,-0.43048599626887174,-0.7060769690453288,-0.19234854846438168,3.0,-2.056472078597483,0.0,-0.13155700187741176,-1.4654990376915726,-0.21803984928743925,-0.040715980181606284,-2.6452996801682946,1.0,-0.7134297108315062,17.0,-0.40845214412232816,0.05,,-1.2882997063473833,1.142550171025013,2.1429106222406085,-0.9021845104098849
2024-06-28,0.07645922293165727,0.48364244526154787,0.55,-0.6142148140460989,-0.8833826210327574,-0.25357131898898444,2.0,-2.072396188739397,0.0,-0.240155835256579,-1.6725996356891377,-0.21421817968185367,-0.034127142689853666,-2.6661101834217296,1.0,-0.6775076135791676,17.0,-0.36009916622995713,0.05,,-1.1935521200431982,2.2488429220051533,2.2622892339391414,-0.38432179209410244
2024-07-01,0.021518630927517886,0.4558465293516444,0.5,-0.7840303719428802,-0.9714767988801362,-0.3147174796907213,1.0,-2.0877979305457686,0.0,-0.3664226254513438,-1.4753162712627295,-0.21841591878521036,-0.02568852357528465,-2.6866620404683528,1.0,-0.6711798498297125,17.0,-0.31810854311921055,0.05,,-1.484425015631566,1.674908217594973,2.5544661856821187,0.662564937876146
2024-07-02,0.023749847563550176,0.45600359260437795,0.5,-0.8497257089864241,-0.9513834284173215,-0.3655658091922394,1.0,-2.102484973254601,0.0,-0.46285106579596985,-1.0642365822187603,-0.21521942844598432,-0.015901063913356044,-2.694475578550903,1.0,-0.6689233622410693,17.0,-0.36342759794170393,0.05,,-1.425143775493927,-0.018988358665438538,1.890467482363126,-1.2572204599932557
2024-07-03,0.02609340091978186,0.45560391948590406,0.5,-0.8415161225107334,-0.8998381451260462,-0.40386378160976355,1.0,-2.1164971197426476,0.0,-0.5677046279477771,-1.243025291038946,-0.20457816310708055,-0.009845947978679773,-2.7075163551432877,1.0,-0.680371702029587,17.0,-0.3866013281308912,0.05,,-1.5421207867229283,-0.3029603263298572,2.360948158427937,-1.089649828045937
2024-07-04,0.0158521371486813,0.4624774637528767,0.5,-0.8297813926906585,-0.8681718346007713,-0.43104142018488173,1.0,-2.1298633844526575,0.0,-0.6550459865521454,-1.3362393735872828,-0.19574256062611348,-0.0028429778592046246,-2.7237208634960224,1.0,-0.6955243611753553,17.0,-0.3596257860429201,0.05,,-1.612411637783369,-0.5850482598576939,2.6715461622479384,-0.4445994849144721
2024-07-05,0.018301445876211353,0.46080095475087,0.5,-0.8535203898083253,-0.8572703431192973,-0.4505484177870292,2.0,-2.142520546082965,0.0,-0.75668873673102,-0.9005870198939061,-0.17646262680650668,0.010591847569558992,-2.727965850439421,1.0,-0.6869609183941013,17.0,-0.3267095418723707,0.05,,-1.350842645619679,-0.8696881962967401,1.6660307412528144,-0.8963868893402994
2024-07-08,0.00815625989502731,0.4704022397089581,0.5,-0.8554361481581786,-0.8184459033474227,-0.4632343428317854,2.0,-2.154359944727177,0.0,-0.8056636112212543,0.3526055512183577,-0.1689197628594776,0.014966485542773572,-2.727965850439421,1.0,-0.6935636905230269,17.0,-0.2685373469018007,0.05,,-1.4674004104033658,-0.8706565362036067,-0.05413521935369557,0.5421262530690567
2024-07-09,0.0044185689054680784,0.4735754981582808,0.5,-0.7485913252672004,-0.7136357942067977,-0.45792613269550386,2.0,-2.1652592439558096,0.0,-0.8032716133470282,0.6406185151379598,-0.15674718967951545,0.01913209556467267,-2.727965850439421,1.0,-0.6797282345416151,17.0,-0.2644399696049358,0.05,,-1.2337974991741467,-0.8762076410316845,-0.43062273607810003,-0.21966221921738935
2024-07-10,-0.024564231201304042,0.4997392969925448,0.45,-0.7510631772130204,-0.6701762316730047,-0.4600798781499744,2.0,-2.1753562363097223,0.0,-0.8524753524978687,0.2345773723251555,-0.1543880739538419,0.023932370047343582,-2.727965850439421,1.0,-0.6612748531863509,17.0,-0.2774731170980103,0.05,,-1.2431279803488244,-0.31202288330447886,0.05245876791746451,-0.7738237939722525
2024-07-11,-0.06599466574598042,0.5311403942869288,0.4,-0.7500196633869122,-0.6327105576233424,-0.4686277886731888,2.0,-2.1844499957992958,0.0,-0.8920864021202227,-0.01387803914339153,-0.15774053798513574,0.02830497064776433,-2.727965850439421,1.0,-0.646605460768824,17.0,-0.25881573793811985,0.05,,-1.3914594482016067,0.24638498149374147,0.3898700788437207,-0.8342616639757456
2024-07-12,-0.11999177370297635,0.5490445354186961,0.35,-0.6859455995422034,-0.6377439442871562,-0.46190889852196515,2.0,-2.192378392443064,0.0,-0.8668708485820165,0.8568936018958511,-0.15233308353835423,0.02550863660645474,-2.727965850439421,1.0,-0.6540023736055116,17.0,-0.37746594398070166,0.05,,-1.5473608439590618,1.0871329555246092,-0.9660550791021506,-1.420868475880947
2024-07-15,-0.15489707706870248,0.5493419087509295,0.3,-0.6057557089127824,-0.6545907077340225,-0.43870225584766853,1.0,-2.1992551987526032,0.0,-0.8062261329310351,0.9057317484372589,-0.15858472576663263,0.01133578345601982,-2.727965850439421,1.0,-0.6577332916964251,17.0,-0.41429461950702307,0.05,,-1.4987117711902993,1.0755863234483072,-1.063868406105956,-0.589881054724416
2024-07-16,-0.17054336140913634,0.5575936063098159,0.25,-0.5952434745269655,-0.6901256127151653,-0.4079169672571024,1.0,-2.2052204378381868,0.0,-0.7564473759265444,0.4983769482453777,-0.1714752723908444,-0.0025938431991062434,-2.727965850439421,1.0,-0.6440527561024887,18.0,-0.42434313287587716,0.05,,-1.3683081666413848,0.21264668632039416,-0.4534534953437868,-0.6503577985386402
2024-07-17,-0.17330804512991105,0.5599981543884978,0.2,-0.6514079030182774,-0.8127085694624601,-0.37843212504035983,1.0,-2.210223695970673,0.0,-0.7522473655097491,-0.17365938722727245,-0.19572306207972803,-0.01700459790491331,-2.727965850439421,1.0,-0.628582565756474,18.0,-0.26883322857573977,0.1,,-1.4291576781855762,-0.36743784150874376,0.4538272323795781,2.7518050600991506
2024-07-18,-0.16956972541944101,0.5572860057516027,0.2,-0.6159594844932555,-0.8483472007042859,-0.3457367664302986,1.0,-2.2141202961542064,0.0,-0.7197813646595412,0.413575313436379,-0.2255587918325095,-0.02204211055115115,-2.727965850439421,1.0,-0.6241933047375456,18.0,-0.2970312778072067,0.1,,-1.4799904051039097,-0.3783619789828661,-0.44978477884151435,-0.18228448415956253
2024-07-19,-0.17218850996420315,0.5579999706219992,0.2,-0.6157212264082244,-0.9473510303989682,-0.3150307656324221,1.0,-2.2169791544826687,0.0,-0.6855966482545474,0.04638082756560942,-0.25349919858789266,-0.026272176653566317,-2.727965850439421,1.0,-0.6188168947019798,18.0,-0.22622257108254532,0.1,,-1.4772027578405453,0.1831508579246836,0.046400166345445644,0.5600151238871591
2024-07-22,-0.15603776718599321,0.57098377974791,0.2,-0.6027977537679863,-1.1225420629326088,-0.26797155612753387,2.0,-2.2186192144988213,0.0,-0.6479414865021168,-0.49653008391667874,-0.27131289232908357,-0.03745185923314519,-2.727965850439421,1.0,-0.617469295089141,18.0,-0.21436005796129298,0.1,,-1.2934809246789554,0.7418257422447772,0.7059989636322207,1.6405917147181133
2024-07-23,-0.19128321688111788,0.5137351480305725,0.2,-0.7111902617058485,-1.3702162672940352,-0.2325464325252895,2.0,-2.2191360641556086,0.0,-0.6357356644082748,-1.1405160334601236,-0.2840289994500883,-0.04700219218244341,-2.727965850439421,1.0,-0.6111356686947254,19.0,-0.14085695419742147,0.15,,-1.1868688379555337,2.7144772746418773,1.3897067650732426,1.2514973186731362
2024-07-24,-0.20084116175520955,0.499985815626631,0.2,-0.7467109507542272,-1.5091096597811027,-0.20577326536051727,2.0,-2.2184634648525847,0.0,-0.616085103845127,-1.2491131375141875,-0.2980878287379111,-0.053483124186849695,-2.727965850439421,1.0,-0.6017952752930302,19.0,-0.05919433396403593,0.2,,-1.0530280841902637,2.11362515512148,1.3286393898587845,1.0530153676634249
2024-07-25,-0.2357629989296067,0.4544348465618525,0.2,-0.787573076669485,-1.6634594099528763,-0.18657245950303303,2.0,-2.216664746383045,0.0,-0.5986096561163087,-1.3174067571442643,-0.31410390094824514,-0.06414468646163698,-2.727965850439421,1.0,-0.6056089509079593,19.0,-0.07088075657448209,0.2,,-1.2091295354422311,2.642649496985057,1.5886202550953934,-1.1359129626188085
2024-07-26,-0.23889042598398708,0.4495771418788065,0.2,-0.686094731900027,-1.716248976600872,-0.15670614733354488,2.0,-2.213710293299758,0.0,-0.5621266311402404,-1.186115981917698,-0.3331596522885485,-0.06742259739952919,-2.727965850439421,1.0,-0.6121978590907147,19.0,-0.057882828909316245,0.2,,-1.1818035630422499,2.3238191973022615,1.3777053401827355,-0.12436323879078537
2024-07-29,-0.23520238201634522,0.4529826345488275,0.2,-0.6342132982757663,-1.7404272249153125,-0.12699928287487441,2.0,-2.2098447189122696,0.0,-0.5432643772340902,-1.3758868087294507,-0.341086012550575,-0.07113767388387775,-2.727965850439421,1.0,-0.6247650978930758,19.0,-0.14064862179023638,0.2,,-1.1606982146203866,1.4586460578733254,1.559514671391529,-0.9927509197422569
2024-07-30,-0.2564098651681182,0.45471134707945393,0.2,-0.7001464162772775,-1.7992061017513554,-0.10927708483961478,2.0,-2.2050963104564305,0.0,-0.5547223327266431,-1.5952309526749437,-0.355606351087755,-0.06895383879626475,-2.727965850439421,1.0,-0.629869567874924,19.0,-0.08213587302113715,0.2,,-1.0455548880376633,0.8822001190459761,1.6265374513152868,-0.08696548461127063
2024-07-31,-0.2576473110855929,0.45562266121948647,0.2,-0.7875688505069629,-1.8522991068252161,-0.09728186735511381,2.0,-2.199253913016963,0.0,-0.5341439811024671,-1.1578956306421435,-0.35167006661342626,-0.05632904209945297,-2.727965850439421,1.0,-0.6297791980287735,19.0,0.06199592978414016,0.25,,-0.8616698451056056,-0.2349795565050889,0.9645599709507151,1.792986228059609
2024-08-01,-0.3172773361642161,0.4504173746183213,0.15,-0.9437230578668236,-2.0072532867397,-0.11151681102150308,2.0,-2.192247155248333,0.0,-0.5352716747104482,-1.6970904006167893,-0.3811673018691126,-0.052607260880495,-2.727965850439421,1.0,-0.6135124537370944,18.0,0.10464836890471599,0.25,,-0.8490611793894337,1.9328998556499355,1.425928185595899,0.40844929749704456
2024-08-02,-0.356743917844757,0.47627221298899824,0.1,-0.9995457826954995,-2.061344424741573,-0.1313382765863149,1.0,-2.183879629656796,0.0,-0.5487621937902352,-1.4890075544724148,-0.39952353036328814,-0.0352676418504899,-2.727965850439421,1.0,-0.5749525651091953,17.0,0.15650375461289032,0.25,,-0.3738116687017037,0.8165576673651805,0.5618903022163918,0.1407208248231875
2024-08-05,-0.44855172322799375,0.4540134171432618,0.05,-1.169853295054885,-2.2234706799912005,-0.19277561968574555,1.0,-2.1741188352492355,0.0,-0.647041534884612,-1.8648400643180396,-0.42642666393255113,-0.026269245276231857,-2.727965850439421,1.0,-0.541220710334016,16.0,0.14134444614552605,0.25,,-0.5496712362806816,2.923211289746285,1.0601481108271782,0.23894008372177056
2024-08-06,-0.5202952366260044,0.4768660033935759,0.0,-1.2676845822679887,-2.2331136007250576,-0.2662037255936931,1.0,-2.1625389756728244,0.0,-0.7367498242315843,-1.3483380547072048,-0.450577899325684,-0.01395957451610108,-2.727965850439421,1.0,-0.5027568884223875,15.0,0.1449903948929126,0.25,,-0.5624275329217765,2.067640976388527,0.8127885338586497,-0.14674324426965826
2024-08-07,-0.5789707248616512,0.4891978963112249,0.0,-1.275382973203342,-2.195645160097554,-0.3305308841558041,1.0,-2.148856108603165,0.0,-0.7971109027277073,-1.1112128600758433,-0.4639364542710586,0.0016032132963756415,-2.7217768486047125,1.0,-0.46553988314425415,14.0,0.187979089100357,0.25,,-0.41345025292696674,2.0143288329462137,0.5165732540638527,0.08595009017663569
2024-08-08,-0.6247527853387828,0.4923544221198739,0.0,-1.3051637070284294,-2.1915367666628747,-0.3877821372365458,1.0,-2.133106867485284,0.0,-0.8474900879751575,-1.1104242312038894,-0.4848333292142475,0.009802831998390675,-2.6887864617427555,1.0,-0.424417463975902,13.0,0.26052046953184,0.25,,-0.42874739532133094,1.9612840056825158,0.5521287146478787,0.6165659446539132
2024-08-09,-0.6312802015238599,0.4933657819245979,0.0,-1.2070481194247782,-2.0782848894726467,-0.42222643294849904,1.0,-2.1152733314592056,0.0,-0.931623846274149,-0.8443865385486335,-0.4967885892780952,0.022475746212912574,-2.6527726818155255,1.0,-0.379526616560627,12.0,0.34919405614484644,0.25,,-0.3218033114247307,1.157251241834801,0.34058079182792994,0.3526032563791828
2024-08-12,-0.6444963579968249,0.4939943779312612,0.0,-1.0644547829825768,-1.925340133244798,-0.43688126457609416,1.0,-2.0954727835394875,0.0,-1.0074518531105208,-0.5592101665761167,-0.5147229390451066,0.029310936183994836,-2.6160902898228606,1.0,-0.35409118797708267,11.0,0.3721297891059191,0.25,,-0.4330022110054292,1.3684999423968067,0.3493050033118523,-0.13116639550296266
2024-08-13,-0.6767786858683933,0.5105404038576863,0.0,-0.9467129821489791,-1.821251538283638,-0.44147217714035003,2.0,-2.073739976255916,0.0,-1.0439562563957854,-0.1229779704789456,-0.523965138992317,0.03393563877838969,-2.5785254382327945,1.0,-0.3223363959991468,10.0,0.34050651941685117,0.25,,-0.2788970950770842,1.3287444532169412,0.11119372424193938,-1.2828231923199984
2024-08-14,-0.721781159148681,0.5524221656821433,0.0,-0.7873194958517562,-1.7519185155099568,-0.4284740120415407,2.0,-2.0500506096398228,0.0,-1.0497725710402706,-0.12540226117723607,-0.5207423616230816,0.03611757018925638,-2.5394492354026728,1.0,-0.29144096773337397,9.0,0.16142086691560548,0.2,,-0.23841156012056328,1.2889428721485712,0.10344082555889735,-0.8299079899257639
2024-08-15,-0.7735821771033584,0.6041153212307169,0.0,-0.7718562906048656,-1.7688235607142975,-0.4166437286933825,2.0,-2.0245528154167065,0.0,-1.0530411387198606,0.5685241594147078,-0.5211380802521731,0.03983534985480199,-2.4984422603965415,1.0,-0.25873698337934653,8.0,0.1155982748625723,0.2,,-0.1747535547160278,1.4840210984350364,-0.04168558205583766,-1.0987363252202256
2024-08-16,-0.7573110100301725,0.5690790027185471,0.0,-0.5893100630501478,-1.64685129379815,-0.3777614756847603,2.0,-1.9971882309345073,0.0,-1.0292722609908256,0.7935983392354369,-0.5181211099860571,0.04779553219138643,-2.456392821513898,1.0,-0.24030476117123098,7.0,0.13374573689698083,0.2,,-0.12901451017745774,-0.40637316001041895,-0.057278149363340795,0.9229643645753297
2024-08-19,-0.7072298948809337,0.470510715852953,0.05,-0.31759254410418164,-1.4928929039453205,-0.31471125855945764,1.0,-1.9682989780431572,0.0,-0.9440317937990331,1.51673252768799,-0.5054408410752269,0.058256384575933864,-2.4123656046281137,1.0,-0.22154836125709354,6.0,0.007549978790125478,0.15,,-0.02932122123728642,-1.089731713509517,-0.033983182324034834,-0.883323447418994
2024-08-20,-0.6049340114977422,0.3863455271998827,0.1,0.05296590419067419,-1.2923964675854318,-0.21609760160832492,1.0,-1.938149568124492,0.0,-0.829781768208268,1.4804927079136823,-0.4877573985076015,0.0671409540078866,-2.364428905604183,1.0,-0.20402276905552108,5.0,-0.031889584668323784,0.1,,0.09288583428194835,-1.301654713563862,0.10348399564879311,0.46270604950415095
2024-08-21,-0.48781119372767767,0.25033037155631477,0.15,0.3372227331800471,-1.0891384887597422,-0.09690601664263847,1.0,-1.9070591484208055,0.0,-0.7089888990219342,1.524245146215465,-0.48040301766170523,0.07406816374473205,-2.3159717955323114,1.0,-0.1775672149758806,5.0,-0.13256064516061036,0.05,,0.12284324248874491,-2.157857450766879,0.14177648581105798,-0.9604058421823065
2024-08-22,-0.35879795188659847,0.1649597179246367,0.2,0.5834746461584704,-0.9462610407373938,0.034838169418958106,1.0,-1.8752004489923526,0.0,-0.5734101335605452,1.764004711562007,-0.4786989023259096,0.07634394878661886,-2.2658895623188493,1.0,-0.15811190449017254,4.0,-0.12930685591563268,0.05,,0.06442916786193807,-2.0982311790545842,0.09005399003412155,-1.070837177719255
2024-08-23,-0.24416700847087203,0.11302647113742537,0.25,0.7163020099793059,-0.8386579250503614,0.1616003636770568,1.0,-1.8427723592142733,0.0,-0.4542304934306812,1.5850084293797237,-0.4546495723591867,0.08638364207774236,-2.2149111356768465,1.0,-0.1375734405120869,3.0,-0.19205615122400568,0.05,,0.3059958068640028,-1.8336470696870515,0.3726501727218203,-1.379349144958245
2024-08-26,-0.13603473835393975,0.04030560346757017,0.3,0.7730925543163846,-0.7944359678477082,0.27269071937949824,1.0,-1.8098199685176273,0.0,-0.3170209620826907,1.7606377570504987,-0.42221266644124866,0.09407539460027317,-2.1632583074212453,1.0,-0.11252792145982442,2.0,-0.1475458665870512,0.05,,0.35874115372013143,-2.1939385475380973,0.5024493273443565,-0.1025452270031675
2024-08-27,-0.0418767340858465,-0.021231065331445587,0.35,0.8327493878374684,-0.781279924119244,0.37028301402379266,1.0,-1.7764032570732193,0.0,-0.17336590074733627,1.6687922009426894,-0.3869571439989921,0.10292131910036734,-2.112337455141296,1.0,-0.09897939212786629,1.0,-0.1896467907870567,0.05,,0.5247077964757724,-2.1345008410942814,0.6912668983540374,-0.9289839686113812
2024-08-28,0.02526258929542547,-0.0746091559406572,0.4,0.871184474909043,-0.7888403511142403,0.4463572111237239,1.0,-1.742709888190476,0.0,-0.046063030076383904,1.7597541451781125,-0.3567152461069459,0.11491348220406648,-2.057607999585342,1.0,-0.07761325699051802,0.0,-0.31474638419152445,0.0,,0.5301198095480689,-2.077654724687435,0.7562952057833202,-0.7090056400297462
2024-08-29,0.13700207387831115,-0.0862727587121026,0.45,0.9661054635848365,-0.8306213721739548,0.5259646278986301,1.0,-1.708821947712489,0.0,0.11642867622545006,1.8913636461250565,-0.33634506023481947,0.110680957127951,-2.0013164363871656,1.0,-0.0644723326001781,0.0,-0.38903554672092,0.0,,0.367485641338608,-1.8313160418931738,0.5771055686233293,-1.0773339530908657
2024-08-30,0.22842318285281218,-0.11545303600680201,0.5,0.9893358723282009,-0.8590096461406445,0.593229131422017,1.0,-1.6750583775985395,0.0,0.2532538261875916,1.5442918492670556,-0.3157400293101273,0.11336977260109767,-1.9431708752258146,1.0,-0.02248197203333542,0.0,-0.4739437869767548,0.0,,0.8292269814424462,-1.9715371113804703,1.0227400274747398,-1.5574439802935105
2024-09-04,0.35136767600826274,-0.05531487177714012,0.55,1.0627514655533574,-0.9371918610785939,0.6763986305545292,1.0,-1.6415762627982389,0.0,0.41385029775981386,1.5827776414211783,-0.27164923669541335,0.11492399737330916,-1.8845500973326028,1.0,-0.0012236782911376797,0.0,-0.4850879220173746,0.0,,0.7998433681820957,-1.375141521022894,1.0263866287272185,0.016057382909375487
2024-09-05,0.4200124153560513,-0.003415915034367778,0.55,0.9708811157748666,-1.0643867738685795,0.7388523633052158,1.0,-1.608823288586052,0.0,0.5191477966964247,0.9512885206637556,-0.2357576824930719,0.10928874378314574,-1.8269973418553385,1.0,0.0005234430430584091,0.0,-0.5117678660324719,0.0,,0.5808036046273662,-0.4435748594647293,0.38379874305193395,-0.6803421245716034
2024-09-06,0.5224576041741591,0.049563084380042755,0.6,0.8604987443993743,-1.1662202342113828,0.7838210276315775,1.0,-1.5768948990820628,0.0,0.6246168694945299,1.1494837392340442,-0.19931443966722878,0.10949501470231031,-1.7681806670404752,1.0,0.02166270936030592,0.0,-0.5805165071961106,0.0,,0.8002969084430438,-1.331723478225678,0.6882240318648386,-1.289022733096138
2024-09-09,0.5838339638288439,0.11764656598680967,0.6,0.7418876416339566,-1.311396901665754,0.8120109264418677,2.0,-1.5458684031512182,0.0,0.7187380953954875,0.8908700201224315,-0.15963219136069082,0.10249432136669405,-1.7094567579061777,1.0,0.05064719379020605,0.0,-0.6734747152195963,0.0,,0.8348776581648757,-0.25963509134877016,0.49646244461478667,-1.2425982158158029
2024-09-10,0.604536591748654,0.14284760830692667,0.6,0.4733027089988459,-1.5266513430929574,0.8032533809505356,2.0,-1.5158389444444698,0.0,0.7502185379571277,-0.12093875813003785,-0.1285330372516075,0.09740726378418606,-1.649753937783878,1.0,0.07834901139154819,0.0,-0.7239080481556576,0.0,,0.7815110771688872,0.25983795635418505,-0.3350665815744909,-0.6560634023420402
2024-09-11,0.6319323863515572,0.18039000857803345,0.6,0.182104181997989,-1.7261920492180247,0.7639575227360063,2.0,-1.4866820163991554,0.0,0.748258434807749,-0.5097262648037133,-0.09474118973919803,0.08813583228129507,-1.5889583807551708,0.98,0.12056624628979483,0.0,-0.7489853744422251,0.0,,0.7956523083578215,0.24875815711158464,-0.6730478240506165,-0.6327129212343144
2024-09-12,0.6799380392067496,0.23902316946667945,0.6,-0.018318681487354438,-1.8635924684109317,0.7085028073879857,1.0,-1.4583614741454052,0.0,0.7395106139287488,-0.22023356754241757,-0.07174206444568493,0.07547718980313026,-1.53036400730918,0.96,0.183139246023153,0.0,-0.7006220131035121,0.0,,0.9776311990537736,-0.2686113531942762,-0.560815481262323,-0.31555596554573795
2024-09-13,0.7277967141713033,0.30550392035340634,0.6,-0.15575588039690944,-1.95960145119313,0.6386166325219663,1.0,-1.4309633671695452,0.0,0.7254830340899658,-0.34776784441557906,-0.054211303756088715,0.06259684065370902,-1.4690385010767344,0.94,0.2580122992306948,0.0,-0.7242538749551655,0.0,,1.0200345487701363,-0.2677413434575207,-0.7287398536777864,-1.3025452269588305
2024-09-16,0.7409347447090766,0.33539680997621935,0.6,-0.2750481459146736,-2.121892742991882,0.5572677088323916,1.0,-1.4045355205807581,0.0,0.6751279077861027,-0.39768981122366603,-0.04121208707523043,0.043495032953311974,-1.4060099637127954,0.92,0.33746712635230325,0.0,-0.7207236012531076,0.0,,0.9789647149900588,0.7148959688613353,-0.7523963275138132,-1.0281308511790699
2024-09-17,0.7612330217460261,0.3452814857208659,0.65,-0.4049205855640594,-2.156884715474575,0.46521122997809544,1.0,-1.379102547715805,0.0,0.6233101083820477,-0.22265530356708257,-0.027792065689044666,0.03281274543365755,-1.342058729391958,0.9,0.4076526371308038,0.0,-0.7980066475267704,0.0,,1.108436795805712,-0.7554148509494674,-0.6566260583372221,-0.6226965608979254
2024-09-18,0.7604407083773792,0.3451511213447047,0.65,-0.5232221677004852,-2.144437114102971,0.3686168517676045,1.0,-1.3545938156904922,0.0,0.5445266405783874,-0.04669918440486087,-0.010413401280967198,0.022744608304875173,-1.2725897325061737,0.88,0.47346780600087746,0.0,-0.7968282729826766,0.0,,1.0769800923288908,-0.7449291520010567,-0.4487487554141936,-0.8597559565371174
2024-09-19,0.7592923474164484,0.34522917368894845,0.65,-0.6202438387002768,-2.05990650967546,0.2747139790101002,1.0,-1.3309675294904182,0.0,0.4852853464613708,0.29488690014595814,0.000266772470144041,0.01127941816146326,-1.2016579951694033,0.86,0.5264017229094585,0.0,-0.8941111583103656,0.0,,1.0086329674335663,-0.8913024553217822,-0.07133767629617849,-1.4829516570496277
2024-09-20,0.7299375677907625,0.3614144038306627,0.65,-0.7167031600226182,-1.9730062624595461,0.18253244216461978,1.0,-1.3081682673131074,0.0,0.4241668270703582,0.2871012174354739,0.019593887389488255,-0.0010026818191789383,-1.1293236743624322,0.84,0.5611196429112012,0.0,-0.9037224957675034,0.0,,0.8631946151188097,-0.8776288769840758,-0.05890885049127903,-1.1526325913250661
2024-09-23,0.6941152336676508,0.3790586304879209,0.65,-0.7919992198754303,-1.9220394173741002,0.09165389126511811,1.0,-1.2860957076697792,0.0,0.34551905025497137,0.16227544923970202,0.04522504060833949,-0.014570512680882443,-1.05711422142467,0.82,0.5938830606968197,0.0,-0.923197314856302,0.0,,0.7852742841689269,-0.7106033988163047,-0.1376073079001228,-1.4603335594952234
2024-09-24,0.6657693574648474,0.39128823474774543,0.65,-0.7753051815787105,-1.7958547671553013,0.011844679795524038,2.0,-1.2646663430320793,0.0,0.32482919869216814,1.1063178358994639,0.07942866898728677,-0.013342148126978419,-0.987934752925177,0.8,0.6434626889270667,0.0,-0.915200798522686,0.0,,1.0020179078523945,-0.7004198094443459,0.8056531384954679,-1.2194188182859265
2024-09-25,0.6379069198122707,0.4184254545757614,0.65,-0.6576797379740409,-1.6097399082344988,-0.04490395221021368,2.0,-1.243877866679536,0.0,0.31305619464429413,1.422657333394432,0.1252243523308145,-0.009351974017609671,-0.9143287873054399,0.78,0.6663609252157576,0.0,-0.9447335918521735,0.0,,0.8729529830089602,-0.9843869526097819,1.0171037719052913,-0.6932010935929179
2024-09-26,0.6241719232082998,0.43607489222186224,0.65,-0.5351086246330502,-1.4479826482590918,-0.07877680869445,2.0,-1.2237976632415322,0.0,0.3086185720697267,1.4403014720078056,0.1761328597578211,-0.00024575199392416194,-0.8385577473271054,0.76,0.6805588043073587,0.0,-0.9313293016233729,0.0,,0.9796489416409866,-1.255902925297862,1.2036747250378246,-0.6608981640353675
2024-09-27,0.5968739660344305,0.46596529092944927,0.65,-0.42607790771333737,-1.3222904255452927,-0.0957430660914668,2.0,-1.204451743389018,0.0,0.28070219595481327,1.0360748669397197,0.2335796140529997,0.007914477504319036,-0.7633933890242445,0.74,0.6925353047307471,0.0,-0.9325843367671572,0.0,,0.9806358721715561,-0.9462672036244443,0.8515077623422838,-0.7341063429054339
2024-09-30,0.5766696334624646,0.48696145127646173,0.65,-0.3185229440544722,-1.231652849867718,-0.10479988830033156,2.0,-1.1858561576842979,0.0,0.2585879516223505,1.2506627032619297,0.2818222297175803,0.009034629543111085,-0.696531003236368,0.72,0.7373876108498476,0.0,-0.9222937091888864,0.0,,1.1859647210887188,-0.9292396745575537,1.337924468295301,-0.8715214015254488
2024-10-01,0.5649835641444604,0.5050980606425831,0.65,-0.19424925790158343,-1.1066777402715648,-0.10557407824107778,2.0,-1.1679464355509563,0.0,0.2554187568603755,1.2528857881049056,0.3284468666594959,0.007896261614009208,-0.6293949954915677,0.7,0.7843375685796421,0.0,-0.8950826831995039,0.0,,1.2013072824346223,-1.2207081114744815,1.405507533510947,-1.0132234605058632
2024-10-02,0.5602630444706185,0.5091826793329601,0.65,-0.08509978458761948,-1.0503925103802965,-0.09503161933567039,2.0,-1.1507134344117118,0.0,0.23997815460556,1.0175583637682533,0.3696278887070885,0.012505010307889164,-0.5662829938489096,0.68,0.8331695480490225,0.0,-0.9243113061393599,0.0,,1.2586024613149,-0.9299482553838345,1.2264105379932524,-0.5685150758877414
2024-10-03,0.5892848265667218,0.506189226894501,0.7,-0.0061319457493148434,-1.0806382545482631,-0.07900903933264214,2.0,-1.1340771906043503,0.0,0.22527110343747486,0.3776817544482054,0.40899465782810557,0.011192910469248472,-0.5049985204399302,0.66,0.872121695643473,0.0,-0.8961439485568213,0.0,,1.1398543307852467,-0.913364751315484,0.4179451253036386,-0.11699497292083152
2024-10-04,0.5636615934002094,0.5162895508730674,0.7,0.006971648662082659,-1.1660212269760362,-0.0725270971164582,2.0,-1.1179939072578717,0.0,0.19437943505765445,0.22972396789520017,0.43657142362634427,0.004703029926003318,-0.4462651581601132,0.64,0.9025718180045033,0.0,-0.8883688536930052,0.0,,0.8929760897945035,-0.4979496666251501,0.2162140772704447,-1.1335208358198168
2024-10-07,0.5649249966586418,0.5172540575966362,0.7,0.06082011903089818,-1.243252863812568,-0.06768577374342026,2.0,-1.1023507653397566,0.0,0.17701628648993234,0.2316451764787237,0.4654976799446823,-0.0017797970894391398,-0.38712634276984637,0.62,0.9399324845220504,0.0,-0.8612386272908132,0.0,,0.8812994349936328,-0.2213890030739358,0.21802462971708023,-0.6999936877719655
2024-10-08,0.5997704446646707,0.5518069763192253,0.75,0.17993935328800226,-1.30969405751835,-0.05170344915291203,2.0,-1.0871374295762546,0.0,0.20026239960291087,0.02540127779621823,0.49088944014882085,-0.009371018645427677,-0.3321764391374578,0.6,0.983452272195287,0.0,-0.8723139602983527,0.0,,0.882553962120482,-0.47546758318591303,0.03193107973948144,-0.8775700624928295
2024-10-09,0.6340386692424729,0.5916881900778532,0.8,0.3663486570937721,-1.2784003462335973,-0.019513851644190727,2.0,-1.0724339800175442,0.0,0.20948179901634564,-0.662467530983974,0.5206908253636144,-0.011694735654557416,-0.2788573234917831,0.58,1.0308411686163519,0.0,-0.8873788005599328,0.0,,1.0144584067384976,-0.463924963407596,-0.671083480394928,-0.934009726465916
2024-10-10,0.6608564058060984,0.6029228796524124,0.85,0.49085423521881555,-1.2612147520030728,0.024299500432937125,2.0,-1.0583598951556277,0.0,0.21685345947202972,-0.42484475893421353,0.5500515665682301,-0.016654822226874953,-0.2260538921811686,0.56,1.0785812758695092,0.0,-0.8647776073014111,0.0,,1.1195164414354644,-0.7138335769608907,-0.47715366345765564,0.1364678996246985
2024-10-11,0.6871975681629168,0.6163127418848096,0.9,0.6126568171469403,-1.2075636431980457,0.07634730685990225,2.0,-1.044913862380531,0.0,0.22568336876581419,-0.518012267221741,0.5714127515536881,-0.021683362854221386,-0.1751328015696396,0.54,1.133086256918891,0.0,-0.8478889969115677,0.0,,1.2514510990005405,-0.7014362442333516,-0.6730660079216061,-0.9647730191619653
2024-10-14,0.7544778880173992,0.7655123368649016,0.95,0.756924373901741,-1.1939274559734747,0.13891135336376495,2.0,-1.03211996710716,0.0,0.23908754404018312,-0.4614519174731823,0.6070406942339847,-0.02928991431931961,-0.12619737998672148,0.52,1.152591347545032,0.0,-0.7809216062469255,0.0,,0.885413068766492,-0.6901033442361254,-0.4431313286263967,0.3112169621137739
2024-10-15,0.7588391689959904,0.7667717141962903,0.95,0.7286378330132947,-1.2608523846528368,0.18379720606511984,2.0,-1.0200351876519729,0.0,0.21797192537826665,-0.954307137537097,0.6182750968689825,-0.042071778877418586,-0.08459682959383884,0.5,1.1546300610079572,0.0,-0.793996533601184,0.0,,0.5407494394783934,-0.6790428965040607,-0.548699341905858,-0.8841951079830948
2024-10-16,0.7628048745029957,0.7680387906451143,0.95,0.6551485079539048,-1.3344264654208478,0.2074335769893944,2.0,-1.0084994815807051,0.0,0.17674515350015488,-1.1661528819702418,0.6460832475794166,-0.048066897680911706,-0.042369999654215215,0.48,1.1697221311704524,0.0,-0.8040911651159395,0.0,,0.8691129439285327,-0.6673544019741915,-1.0787505043249348,-1.0616485868322245
2024-10-17,0.7525200798675514,0.7648015076750412,0.95,0.5815773376869463,-1.3358168693292927,0.21524252740407399,2.0,-0.9974328701253776,0.0,0.12525125630548467,-1.0032553678633265,0.6754439423140174,-0.05571423628130795,-0.0003161677183346545,0.46,1.192157463618478,0.0,-0.7300742656098399,0.0,,1.0017367857200052,-0.5299525828203322,-1.1025165506200179,-0.0026136669276375702
2024-10-18,0.7489527777073307,0.7648555782072503,0.95,0.4763555293261683,-1.3720263990130128,0.20942612201449223,2.0,-0.9868123352450032,0.0,0.08239708911430287,-0.813789662060813,0.6854232766381618,-0.06853030464261965,0.04341645643544776,0.44,1.2260230185173697,0.0,-0.6858209366725821,0.0,,1.0461749700200118,-0.6457420390426678,-0.9680555147425208,-0.26756601257991136
2024-10-21,0.7521391172096242,0.765859035476446,0.95,0.3524777576755762,-1.4643940798979724,0.19181213449109247,2.0,-0.9766080341766271,0.0,0.03317583343737292,-1.0383773849146083,0.70003840949281,-0.07971854446177591,0.0852777903551611,0.42,1.2619669675880305,0.0,-0.5290843945196404,0.05,,1.1115928687623744,-0.6350828909085344,-1.2890695850010965,1.6743972835636125
2024-10-22,0.6987403148107914,0.6485692691222411,0.9,0.1285768766323223,-1.595874319625525,0.14690776983683845,1.0,-0.9667934013661981,0.0,-0.06427644999998353,-1.0241434564693443,0.6995137648184911,-0.08965159981955122,0.12377868502033573,0.4,1.3050986538481895,0.0,-0.4429441017003219,0.05,,1.0299956260921752,0.37074751729105954,-1.1793604315838528,0.5033870381004438
2024-10-23,0.6311083221280472,0.5722983768639656,0.85,-0.08665179514235329,-1.6541141977823777,0.07928241052772037,1.0,-0.9572554451152847,0.0,-0.17244600873457452,-0.8815716492689922,0.6981057909341881,-0.09429055816614126,0.16155404148912397,0.38,1.3551216846821217,0.0,-0.4405558106981705,0.05,,1.006838012634865,0.3750455009725962,-1.0050872247716942,-0.6454352735498919
2024-10-24,0.5282507278852736,0.47762402119016545,0.8,-0.3287886845295846,-1.7639041945690226,-0.020021735132053537,1.0,-0.9479208108500344,0.0,-0.2938007196255107,-1.083557487554029,0.6854912136535402,-0.1015591333752021,0.19732703376123484,0.36,1.3949913347154859,0.0,-0.2873481309690625,0.1,,0.7715706553367019,0.7485925755084977,-0.9246615084954571,2.403255430546794
2024-10-25,0.4247178873843397,0.36411121718718553,0.75,-0.5361543587841743,-1.8658635832873014,-0.1399222312211354,1.0,-0.9386279992366189,0.0,-0.3981848784767746,-1.1036533109311015,0.6633912651592795,-0.10810779929454745,0.22961016826741543,0.34,1.4396361488931673,0.0,-0.30994563150911303,0.1,,0.6753884430394507,0.994248879308547,-0.8235424051539421,-1.1860563537064448
2024-10-28,0.3282322510192621,0.2973762301309977,0.7,-0.6651448815926516,-1.9114545172773083,-0.2624490238093036,1.0,-0.9292899453626884,0.0,-0.5176856681441862,-1.1474733151942096,0.6453683410594538,-0.1114939268152068,0.2585054391548899,0.32,1.4797626268011677,0.0,-0.2747015745696333,0.1,,0.6752268568781323,0.8676591580191043,-0.8520579894710772,-0.16664026273585442
2024-10-29,0.24540932669865798,0.30762089418808314,0.65,-0.7537505956969354,-1.8796379154759113,-0.37856321568657564,1.0,-0.919893835897045,0.0,-0.6051636195287797,-0.4806601326656508,0.6106129907349463,-0.11888436489475625,0.276925881120625,0.3,1.5328749433252116,0.0,-0.2608417056682695,0.1,,0.4839422925770676,0.38220071608589606,-0.2804819819031906,-0.7360260824785859
2024-10-30,0.16108090492827137,0.29165518839332827,0.6,-0.8019079459253642,-1.867641338461109,-0.4830226545902093,1.0,-0.9104022379389665,0.0,-0.6928405662611075,-0.6856007025739721,0.5713266511415938,-0.12518934850363575,0.2936634203849803,0.28,1.5849347981762012,0.0,-0.24159741820594607,0.1,,0.46252968746258283,0.6284054459150776,-0.36036448794768944,-0.18362932664127313
2024-10-31,0.09868326366650002,0.3065907048674973,0.55,-0.7641859992625352,-1.8417538884133484,-0.563873413753007,1.0,-0.9008039575968795,0.0,-0.7505397144187207,-0.7079621484792104,0.5317183814603976,-0.12868269250290024,0.30297264458423234,0.28,1.6363150221196452,0.0,-0.30044034467270264,0.1,,0.4442388086402802,0.27051399164547096,-0.3497570236171325,-1.2938535022559636
2024-11-01,0.018645710218782186,0.2646336496051067,0.5,-0.7313741352254399,-1.872612724421315,-0.6260853181886574,1.0,-0.8911426411968988,0.0,-0.8189115513000982,-1.051951068935567,0.4807492847514012,-0.14561819716351737,0.311803254696281,0.28,1.6844150627739145,0.0,-0.2836651857274965,0.1,,0.22220247677744073,0.8738155532729239,-0.25004649747979435,-0.798017656915694
2024-11-04,-0.0784019382591705,0.17134537091323487,0.5,-0.7448940499556176,-1.9471868238198997,-0.6804580810634631,0.0,-0.8814100680579695,0.0,-0.8849514509014094,-1.0136258580818496,0.42956627574012535,-0.15810094378154288,0.3187749813240896,0.28,1.735999037859034,0.0,-0.26039657524130183,0.1,,0.18730737955613996,1.3423172237782472,-0.2010572461524036,-0.23462147804807137
2024-11-05,-0.1966052212371376,0.09220838895553296,0.45,-0.7350390708462338,-1.9866697120008256,-0.7277316398305795,0.0,-0.8714940061337657,0.0,-0.9303143026700956,-0.820406716803378,0.3618847158531884,-0.15810094378154288,0.32355339794603366,0.28,1.7806903295203957,0.0,-0.2869492850975598,0.1,,0.0024649468034897795,1.4364746185025525,-0.002147157779195958,-1.4086242596179888
2024-11-06,-0.25414898412995046,0.10133202807953734,0.4,-0.6962806373127827,-1.9078268906002995,-0.7605383408341254,0.0,-0.8613778958529403,0.0,-0.9193007505717707,-0.4034060611304732,0.3040537665886622,-0.15810094378154288,0.327729005087186,0.28,1.8248734784852823,0.0,-0.25175168757650207,0.1,,0.20087126774533828,0.4999333276916535,-0.08863403070625848,-0.23005777604476155
2024-11-07,-0.3487486969041247,0.11369579240012562,0.35,-0.6464843706481932,-1.831783572712176,-0.7888370148627265,0.0,-0.8510615334840906,0.0,-0.9159107186006809,-0.33532328439320297,0.23159976047719205,-0.15810094378154288,0.33115082850022043,0.28,1.8621563028742696,0.0,-0.298972168133564,0.1,,-0.004448175348367241,0.8396282451908773,0.0015942858043870942,-0.80794171151654
2024-11-08,-0.46638798549400573,0.11091912659707925,0.3,-0.6720779727216705,-1.802498316980084,-0.8205045030634969,0.0,-0.8405086614999366,0.0,-0.9187345519011394,-0.5785807727144048,0.1560234098330079,-0.15810094378154288,0.33006141460483945,0.28,1.9034101742080793,0.0,-0.2064331415970472,0.1,,-0.060078410547853935,1.163668752233572,0.0357049068988872,0.8860075115683704
2024-11-11,-0.58392054097517,0.1238591298385121,0.25,-0.6651200188536496,-1.7749693289275585,-0.8550048657631011,0.0,-0.8295915562769547,0.0,-0.9216666209622411,-0.5473267057264134,0.08888776410183433,-0.15810094378154288,0.32584166046406826,0.28,1.9514674757696877,0.0,-0.14103348487349307,0.15,,-0.020815997167000333,1.143579378189746,0.01163866429079994,1.6192100965848566
2024-11-12,-0.700586421520591,0.1540546650656568,0.2,-0.6293009527019983,-1.7893325206037718,-0.8870174270097806,0.0,-0.8182906353387877,0.0,-0.9024167354339735,-0.614242608229467,0.017596096388232833,-0.15810094378154288,0.31870954943343416,0.28,1.9627341254700903,0.0,-0.10780667275620719,0.15,,-0.290058502621439,1.1123631225761914,0.18265097824338122,-0.21965886563737758
2024-11-13,-0.8089491261443689,0.20997588706915682,0.15,-0.5887960239448643,-1.8042296811906229,-0.9112080394867125,0.0,-0.8065822665644193,0.0,-0.8703197040716045,-0.5811814188398957,-0.06235311593987461,-0.15810094378154288,0.31218747454052476,0.28,1.9962903773517635,0.0,-0.05742305106963015,0.15,,-0.08207388747362791,0.9776572399088234,0.04918425631258042,-0.053976153100683565
2024-11-14,-0.9402521994261835,0.23604257605225687,0.1,-0.6769487039590801,-1.8841783393644687,-0.9454662632824856,0.0,-0.7944210908839175,0.0,-0.8523923292416192,-0.7084059060186185,-0.1394410022393296,-0.1468744225459594,0.30674181553092184,0.28,2.0371506738914404,0.0,-0.049474855241954364,0.15,,-0.11375054152898671,1.352689069144209,0.08440944689682424,0.1563502496258781
2024-11-15,-1.0848755061657909,0.2950717861905455,0.05,-0.7803147259354952,-2.007329877737001,-0.9940730284504866,0.0,-0.781591950935138,0.0,-0.852176327316777,-0.8656905548890639,-0.22103853278034793,-0.1358041354751264,0.29714894164806954,0.28,2.0661207588189487,0.0,-0.01568245115071469,0.15,,-0.23670841649632068,1.3961889647088386,0.2180104542750398,0.4082820692448821
2024-11-18,-1.2423091001365543,0.36991566419853106,0.0,-0.7984642387246754,-2.092832630226601,-1.0425639096231571,0.0,-0.7678506118828131,0.0,-0.8312185433178728,-0.6550354352480035,-0.30167591873975674,-0.12070967559435689,0.28581762863660265,0.28,2.0909890553949526,0.0,-0.05047394195325653,0.1,,-0.28346238174966354,1.5030086144540729,0.20990506694529606,0.9785674675127758
2024-11-19,-1.3343328353628174,0.3620610275788204,0.0,-0.8314508127063573,-2.226271871505318,-1.0827835678265056,0.0,-0.7531331272379125,0.0,-0.831769308161463,-1.0345277882766417,-0.38186383849665434,-0.10817114509703836,0.27140451609006155,0.28,2.1158394214857883,0.0,0.01680533264031251,0.15,,-0.3810000263744892,1.3321342109694736,0.440447569815193,1.8489725299718247
2024-11-20,-1.4243113660620756,0.3696454559587008,0.0,-0.8274087487239355,-2.258656757749605,-1.1050277751866509,0.0,-0.7373332410114999,0.0,-0.8429625717754903,-1.062905596865871,-0.45972383353894564,-0.09286183038728299,0.2537196924966239,0.3,2.134410156981056,0.0,0.051973818495340184,0.15,,-0.4872490773165324,1.2450357784762587,0.59547994859212,0.057934443550661414
2024-11-21,-1.4771678667199153,0.3747764772702765,0.0,-0.6727945989570961,-2.19198048115155,-1.0874619477387877,0.0,-0.7203670359285301,0.0,-0.8231725682278862,-0.6084677548027911,-0.5278392432714211,-0.07707835477764231,0.23523971837295213,0.32,2.132874404543145,0.0,-0.07777348819797252,0.1,,-0.4912210725138672,1.012241531514941,0.39426115080727575,-0.19169070331946
2024-11-22,-1.5146294775624929,0.3722102864371427,0.0,-0.5471221248772501,-2.15051286692042,-1.0395425539409504,0.0,-0.7023804853050415,0.0,-0.8045355886373411,-0.6197057523879246,-0.5941662380304076,-0.06355460260940553,0.216036517720383,0.34,2.126253684401921,0.0,0.020891376019556217,0.1,,-0.5158140437761914,0.9477404847696239,0.43669927157018446,0.7872409306441298
2024-11-25,-1.543875746533621,0.3825272031145731,0.0,-0.41433678909221167,-2.057319039704885,-0.9669225943127806,0.0,-0.6833951332369504,0.0,-0.7702145073202592,-0.31718072211048753,-0.6477723819980986,-0.04062194170465563,0.1951095594899701,0.36,2.1179144624935735,0.0,-0.015225415625376559,0.1,,-0.4022406867841306,0.7487986289013794,0.23147439374644938,-0.88897609563451
2024-11-26,-1.557892323830054,0.4056920389833235,0.0,-0.28318059361268694,-1.9026220213189549,-0.8794414854250846,1.0,-0.6634620402552344,0.0,-0.7474373113065185,0.15712867985017315,-0.7119315032222998,-0.027341981628797907,0.17214797505590154,0.38,2.1072859667174546,0.0,-0.03934150346601694,0.1,,-0.5207165614341003,0.3204800213244621,0.06458625071973423,-1.2183478392913936
2024-11-27,-1.5717672640348304,0.422141065655285,0.0,-0.16936248828453154,-1.7845233392428417,-0.7824940061204337,1.0,-0.6426215515075128,0.0,-0.7290812727583452,-0.10164874345750319,-0.7742713199180041,-0.013514654876538764,0.14479224876084368,0.4,2.101374483473992,0.0,-0.06703280382861421,0.1,,-0.5164703449081924,0.42111228689216895,0.2127835502653512,-0.7374553338932183
2024-11-28,-1.607392893830598,0.4837398946910416,0.0,-0.07909847893138963,-1.6785984194017183,-0.6859816525057807,1.0,-0.6208870126302962,0.0,-0.6862094568764365,0.40427992569924476,-0.8350434860808603,0.0015145580522226494,0.11544414547741147,0.42,2.095282571356737,0.0,-0.07609299187118207,0.1,,-0.594903391958815,0.39112936085672817,-0.041713875053143425,-1.475057263107321
2024-11-29,-1.590714595226662,0.46149099019873496,0.0,0.11285729243289944,-1.5300529414985442,-0.5768924464040789,1.0,-0.5982511596076049,0.0,-0.5888889835490552,1.1618053213379802,-0.8879808275551621,0.013945360935560078,0.0860870467143725,0.44,2.1044576709611365,0.0,-0.06076553698578888,0.1,,-0.35546106209688616,0.26239267436896896,-0.2918691630778163,-0.49146855920783017
2024-12-02,-1.5434473745123019,0.43223310003548987,0.0,0.3270950921352625,-1.402723299615607,-0.45372690108769653,1.0,-0.5748628007937243,0.0,-0.4875886997553399,1.2985509281147265,-0.9395407636609935,0.026053404110154974,0.055939429648786926,0.46,2.1258400499527155,0.0,-0.11936241590039307,0.1,,-0.22014528549503432,0.24240244930619972,-0.209709879703788,-1.4065590563401555
2024-12-03,-1.4959132979075735,0.4214712750333921,0.0,0.49464681166125823,-1.2914034618431365,-0.32636417651132044,1.0,-0.5508482817763656,0.0,-0.3651463899829811,1.909167791875354,-1.0042235022620107,0.03058738098575954,0.03306593520177342,0.48,2.1310240706093087,0.0,-0.019776019950377248,0.1,,-0.3708522986715694,0.264493963251056,-0.5851194363465935,0.5831036593823279
2024-12-04,-1.5163680422620383,0.44567872611764225,0.0,0.47143578096713556,-1.2512251752184727,-0.22628646008733133,1.0,-0.5262368326107911,0.0,-0.3146652710221944,0.9044011245985084,-1.0829679061318414,0.03539044337139011,0.0034641133315628857,0.5,2.154744721738316,0.0,-0.01196018285211296,0.1,,-0.5374732605082606,0.2790044217293246,-0.305486069433958,-0.07374103407947578
2024-12-05,-1.438899667897603,0.30054996614427665,0.05,0.5571222919415889,-1.1145274495509374,-0.11549976962675279,1.0,-0.5008548532889654,0.0,-0.2305759855564921,1.647831974429408,-1.1526675606913912,0.04179801052547733,-0.028697486349255872,0.52,2.1825933822484753,0.0,0.1574186753794961,0.15,,-0.25389428719584245,-0.0953650852358039,-0.3359966603789402,2.5796354531156416
2024-12-06,-1.3606010790810497,0.23537537222326887,0.05,0.6674207027123714,-0.9989509616724098,0.004365113082131444,1.0,-0.4748348307525786,0.0,-0.127939544164341,1.7529283986592419,-1.221686391521351,0.04507378487485097,-0.059806640798242994,0.54,2.213755656751479,0.0,0.09077883570993336,0.15,,-0.168792640760826,0.00777360105480177,-0.24617118925114895,-0.44678928182288474
2024-12-09,-1.2598353879859032,0.14255763015607215,0.1,0.8265837403488433,-0.8428879000338203,0.12927909245741115,1.0,-0.44829483522036606,0.0,-0.031466265761769766,1.629670513299462,-1.287281558178857,0.04992562397610383,-0.08762501156557265,0.56,2.224433810412866,0.0,-0.03508052896843282,0.1,,-0.1929583416354248,-0.07341214394443112,-0.2644193862246339,-0.8979771969824673
2024-12-10,-1.1821735943304925,0.10519499724206982,0.1,0.9855976512923256,-0.7271461660431167,0.2545877601737452,1.0,-0.42134194503037525,0.0,0.08001440888061358,1.8247347592366556,-1.346807848779205,0.05345695909847326,-0.11770192190128945,0.58,2.2295080494581363,0.0,-0.07511270683365881,0.1,,-0.2075087490786247,0.006919335020800765,-0.33199523258865277,-1.020302422941897
2024-12-11,-1.1051105498512543,0.06295845691242041,0.1,1.0927873788959859,-0.6596450246545362,0.37003923523899873,1.0,-0.39408853154578044,0.0,0.20004640148645053,1.986263713468435,-1.4033858923829439,0.05712178309211187,-0.14871189568121954,0.6,2.2142194165431777,0.0,-0.14442929432402787,0.1,,-0.456008376995562,-0.01403497285167249,-0.8214406440147319,-1.4403079029080645
2024-12-12,-0.9978745885047108,0.05304145578919017,0.1,1.2320898048213098,-0.6244663494951305,0.4840919067878128,1.0,-0.3665617576950415,0.0,0.31796968792986546,1.7634433847088036,-1.4492630554926438,0.06301095549081265,-0.18057177324961526,0.62,2.198999251170845,0.0,-0.20957125432366214,0.1,,-0.40943243672188695,-0.01162601822116538,-0.6618099439513206,-1.1464889503668074
2024-12-13,-0.9063771668827739,0.08478943527347071,0.1,1.3642842845787497,-0.6380275951298738,0.598420903214644,1.0,-0.33895426985422794,0.0,0.4404070495707869,1.6411211410440512,-1.4800970247943084,0.06856056924883122,-0.209120537175789,0.64,2.1828734518133426,0.0,-0.2930785785825587,0.1,,-0.36549945329450734,0.030989043502985047,-0.5583876860431943,-1.2618644159330492
2024-12-16,-0.7941540126135713,0.14677421796060963,0.1,1.4593999987209672,-0.6525148374096982,0.7068581938276842,1.0,-0.31150357039800847,0.0,0.5523424663551632,1.5811916859072115,-1.508939966752699,0.07248059868718257,-0.23737565024080765,0.66,2.168386494248413,0.0,-0.4016645303769996,0.1,,-0.3117841081453596,0.013030522055754843,-0.4671162592740963,-1.1931515683760439
2024-12-17,-0.6909080515161838,0.21096290309787213,0.1,1.6018541379142444,-0.6713825894888963,0.8096954744137241,1.0,-0.28435843610095446,0.0,0.6734472037100078,1.327833035884176,-1.5363940286479698,0.07274481341393448,-0.2654731145184237,0.68,2.148861952881306,0.0,-0.5648000293849014,0.05,,-0.36871383021273924,0.009078656716998583,-0.4668154763993706,-1.413737450186211
2024-12-18,-0.5894340255252543,0.2928359148960883,0.1,1.7075988059289613,-0.6264874626169133,0.8950496070370859,1.0,-0.2577335197550883,0.0,0.8101059358760209,1.5477486944525918,-1.5741535383763707,0.06878838210310903,-0.2934878714255645,0.7,2.1284508988973556,0.0,-0.6334602619738368,0.05,,-0.4219636035863679,0.0052163140816051555,-0.6376073724854154,-1.3152702082280434
2024-12-19,-0.533616755194769,0.36291922529265164,0.1,1.6195574740940455,-0.6574252325112019,0.9394748349324253,1.0,-0.23179400291478078,0.0,0.8589900418932341,0.2062077015293277,-1.6103403420439364,0.06799696228301391,-0.3246391628308823,0.72,2.08658751398194,0.0,-0.6907567219472537,0.05,,-0.7005082250362,0.006466333554052464,-0.12263631468814419,-1.3376199027877993
2024-12-20,-0.48609736254537844,0.4403477730561599,0.1,1.5875574110652684,-0.6599514534679907,0.9548870573085211,2.0,-0.20642775828904542,0.0,0.8988014508768906,-0.005690986106772905,-1.6498898371088837,0.063746425466657,-0.3555438493799319,0.74,2.0263121322861806,1.0,-0.7948275508787269,0.05,,-0.9273749561620542,-0.011011414218080235,0.04673352499657714,-1.2941756479853352
2024-12-23,-0.4460725500926692,0.49971055782087637,0.1,1.555322464863121,-0.6092804771139378,0.9463209093794456,2.0,-0.18172417043790987,0.0,0.9237694742903473,-0.011697485475019309,-1.6839420988045415,0.06887390417516541,-0.3842930154850343,0.76,1.991964520328688,2.0,-0.767845230031476,0.05,,-0.7337375938710577,-0.024263981229243472,0.05583885329714743,-0.3493296786894919
2024-12-24,-0.45732906464170836,0.49030999292340727,0.1,1.438232650602492,-0.5714115963593774,0.9134145163048754,1.0,-0.15775014363134038,0.0,0.9116908830017652,-0.27589467320148214,-1.6997539736885532,0.07205340296700781,-0.4091175247175848,0.78,1.9669051427848592,3.0,-0.7085291087614097,0.05,,-0.5541799215281163,-0.0446454048029572,0.20261108082931745,-0.03202541389006808
2024-12-25,-0.408089588802234,0.5024961053134875,0.1,1.4338234214700032,-0.4645320725267364,0.8807671790708449,2.0,-0.1344621304234436,0.0,0.9602161056832118,0.653137008670353,-1.7206552318572539,0.07618553548371765,-0.433357896871357,0.8,1.9339067396909613,3.0,-0.6839818470754284,0.05,,-0.4332209463443189,-0.003652455525865171,-0.2419577000276624,-0.24651010017359087
2024-12-26,-0.36645131839058964,0.5244392340443447,0.1,1.4108931151370283,-0.38409702856821654,0.847924838857573,2.0,-0.11206157331165827,0.0,0.9558055145979638,0.09472919511313713,-1.748429281837797,0.07187824894453199,-0.4584503309154348,0.82,1.8980357012840359,3.0,-0.6434155112972947,0.05,,-0.47722192147243425,-0.015982702481733,0.008634416189435369,-0.6637305475446481
2024-12-27,-0.33902858523629636,0.5328257441327706,0.1,1.296126626558377,-0.34367014870351414,0.8121499704898751,2.0,-0.09057326645651508,0.0,0.9100548917286257,0.038971868754948916,-1.7603911117768727,0.07740100207611884,-0.4841070264962225,0.84,1.855183614645493,3.0,-0.626580859460099,0.05,,-0.2950018992867603,-0.018590293409713972,0.027704282761389167,-0.1547755224639166
2024-12-30,-0.3265514186169565,0.5416690207908299,0.1,1.1515838202747493,-0.35114672986762724,0.7728993539540845,2.0,-0.06992144026503629,0.0,0.8489917582256389,-0.11604939388789157,-1.7700185808131335,0.08422554415666195,-0.5101051586189205,0.86,1.8088940376985403,3.0,-0.5495771244925465,0.05,,-0.2536600996694813,-0.050856674468935756,0.0681495979753147,0.13351564301089733
2024-12-31,-0.3063885768317961,0.5607254882189204,0.1,1.001970682643075,-0.3788990409923091,0.7241217922308485,2.0,-0.050076571975848715,0.0,0.7698091661502444,0.1526467241094429,-1.768158783007943,0.08699753699368111,-0.5359639588671419,0.88,1.7546714936017234,3.0,-0.5858109530445066,0.05,,-0.27369681623862857,-0.056822560532025716,0.0016099851556347715,-0.14157291165687538
2025-01-02,-0.2670509363428143,0.5995602778804412,0.1,0.9665084173823492,-0.3730489425702825,0.6820632011081151,2.0,-0.030968410143337344,0.0,0.7326144665398336,-0.010361131572304616,-1.7631573487411871,0.08120313997392518,-0.5619602894386845,0.9,1.6938258570593532,4.0,-0.6078327165652725,0.05,,-0.3571708681510745,-0.03512753415534802,0.0626904668673593,-0.514176304494794
2025-01-03,-0.34096105350017747,0.595238979736531,0.05,0.7545980583948718,-0.43228582020001516,0.6007306469510603,3.0,-0.012743013997533276,0.0,0.6402033520826703,-0.3474338276004447,-1.746074755806579,0.0822524371417702,-0.5877153347831165,0.92,1.6274036055497962,5.0,-0.7614847843227188,0.0,,-0.4800077433196508,-0.14218739880295103,0.2519320710156308,-0.4934059020332852
2025-01-06,-0.39973008991302467,0.557947118750454,0.05,0.5071295220433399,-0.5454613036122095,0.48961829066537826,3.0,0.004845869939128171,0.0,0.5307474070862812,-0.5411063766600837,-1.7211124929061732,0.0836624906926856,-0.6104460930955012,0.94,1.559194423197814,6.0,-0.692324844317353,0.0,,-0.42423951969323276,-0.17791251517167664,0.30998977668844097,0.9364095182844322
2025-01-07,-0.47251755409365986,0.5784224755536501,0.0,0.20328805944107708,-0.6695765050840351,0.366104316957301,3.0,0.022004823116153018,0.0,0.40842748180002764,-0.8798853520394767,-1.7002117360322526,0.08097065202791008,-0.6305590818781603,0.96,1.4910043892541855,7.0,-0.6025259613312223,0.0,,-0.448144240661318,-0.17078664089425638,0.4822274423838706,0.8980004627401457
2025-01-08,-0.4990262671224455,0.5902864661814333,0.0,0.03407767293703194,-0.7095159648090177,0.24435182245051418,3.0,0.03896961684281525,0.0,0.28137992027924214,-0.7367010619115038,-1.671750303766346,0.07796275026985339,-0.6322302735374301,0.98,1.4152451427297845,8.0,-0.5497507034215892,0.0,,-0.3322078060523317,-0.10444006056896034,0.31262138688495494,0.03520273525076522
2025-01-09,-0.5482344421527724,0.607782320864894,0.0,-0.11388961773440646,-0.7791054869419026,0.1277574101219549,3.0,0.05578487250504878,0.0,0.13241878438915813,-0.9633511997692275,-1.642475297288497,0.07233337257732314,-0.6347131607438035,1.0,1.340562517284691,9.0,-0.5128077951345732,0.0,,-0.3356454154310567,-0.17711625457835348,0.39534025095619474,-0.7014497371677461
2025-01-10,-0.6125997651164689,0.6148225677176912,0.0,-0.2885782764291104,-0.9070238611470679,0.008108380363230572,3.0,0.0724867945712711,0.0,-0.01257924845909878,-1.0566230524152924,-1.6233155706543376,0.06428338160649621,-0.6311385784492426,0.98,1.2668651855572373,10.0,-0.46077082858220153,0.0,,-0.40514490467193803,-0.26259506975586366,0.5200247418874316,-0.10574961931937403
2025-01-13,-0.6463617076519497,0.6100354025479044,0.0,-0.3417022781044206,-0.971497058297582,-0.09963775177371767,3.0,0.08935030790245581,0.0,-0.14558371698465655,-0.9035537398280813,-1.5834485558996758,0.06456836398824761,-0.6271455680383979,0.96,1.1917659221669055,11.0,-0.43575080404155947,0.0,,-0.29845149363631757,-0.2519763488685101,0.33795172736367274,-0.7614639251202071
2025-01-14,-0.6795846487250928,0.6226829012702381,0.0,-0.4245887630103174,-1.0646318247633262,-0.19818469797217492,3.0,0.10652833521300205,0.0,-0.28625585705157397,-1.0852666676369358,-1.5392816862001404,0.06634754356383556,-0.6227858121723865,0.94,1.1170589461628802,12.0,-0.41525171185124654,0.0,,-0.2490317944185022,-0.23611962745317883,0.32753622981247577,-0.7831697245697852
2025-01-15,-0.7045451863877259,0.6403235592407093,0.0,-0.40636112352660003,-1.0676799307980316,-0.275181412312521,3.0,0.12420925241228024,0.0,-0.4160500192641958,-1.0962085335842373,-1.489360666479465,0.06705594545011918,-0.6162812380367243,0.92,1.0527420996811756,13.0,-0.354622573707655,0.0,,-0.1290559302859541,-0.2131883219194001,0.1716210002936425,-0.20115468731437988
2025-01-16,-0.7213067863282702,0.6577409183630006,0.0,-0.4012187202954148,-1.017843486673162,-0.3327058676676441,3.0,0.14241371008958367,0.0,-0.5575414950974149,-1.0789257161128314,-1.4514517026236138,0.06039823882617145,-0.614864641967528,0.92,0.9756151675378529,14.0,-0.32564740406988796,0.0,,-0.4291516025592516,-0.18044171425656325,0.5659570861600477,-0.7357668154727022
2025-01-17,-0.707590744388619,0.6557830447821891,0.0,-0.2533928847998878,-0.9110349939430721,-0.35543188308045515,3.0,0.1612383508981098,0.0,-0.6152828078153741,-0.7427586667178745,-1.3982158319371012,0.05719072577920697,-0.6135197064107752,0.92,0.903649625930384,15.0,-0.32139153219582034,0.0,,-0.29419376475176645,-0.19555801613868437,0.2882388782753077,-1.2525024653064465
2025-01-20,-0.6780692459642499,0.6533409263259013,0.0,-0.16604845846370825,-0.8323598551423731,-0.35138384687289465,2.0,0.18055223022842704,0.0,-0.6429771743125015,-0.3758638003945498,-1.335529518850508,0.05361106056354186,-0.6083461903955208,0.92,0.8294014422988202,15.0,-0.32102008841138263,0.0,,-0.16655098604311946,-0.1473488634229179,0.10064354205847638,-1.286746772296582
2025-01-21,-0.6791229119065558,0.6528789052965509,0.0,-0.17662980342723184,-0.7915932785047695,-0.3361488991876854,3.0,0.20046630261133455,0.0,-0.6793869278359075,-0.5789589308316079,-1.2798194801008584,0.05005751349318064,-0.6000004711765952,0.9,0.75700072430294,15.0,-0.374215173719349,0.0,,-0.1598986642887489,-0.3569145615866668,0.12860601743703973,-1.4132313848488194
2025-01-22,-0.6799951193406645,0.6521019765129511,0.0,-0.22573916650642536,-0.8003378189969554,-0.317496100448456,3.0,0.22118111126980292,0.0,-0.716264461282973,-0.8793298686007391,-1.219535883511396,0.04984333476591405,-0.5898253782793942,0.88,0.6988385077306192,15.0,-0.3685433544570727,0.0,,-0.08511728738239421,-0.45243712628323207,0.09389763816275853,0.08141097135545818
2025-01-23,-0.6947382382601781,0.6742748288641092,0.0,-0.25237038550208,-0.7169282796235403,-0.2957058227381865,2.0,0.24285282904952415,0.0,-0.7680123591497999,-0.2644153992461791,-1.1592662983674733,0.05185070418038395,-0.5799924986446385,0.86,0.630168447273685,16.0,-0.3558119877086744,0.0,,-0.05820048211122608,-0.1752475702294308,0.02772957211609826,0.00811723479437552
2025-01-24,-0.6780534750502454,0.6414830327413219,0.0,-0.23763121264570178,-0.6213809129593681,-0.26566561795062155,2.0,0.26562026370541386,0.0,-0.7344472295302392,0.8348449815951631,-1.089735509614963,0.053126335797073286,-0.5674024983250561,0.84,0.5673017215028306,17.0,-0.33271280247999035,0.0,,0.20715051349165425,0.06317538503118855,0.13531268513400516,-0.20174684297096843
2025-02-03,-0.7001696097016454,0.6582714504262547,0.0,-0.2040257815714326,-0.5488793246803859,-0.24938869938351718,2.0,0.2895419192315594,0.0,-0.7117983413422838,0.5258019251532644,-1.0151510437728772,0.05850184383908581,-0.5521004262794864,0.82,0.5039015159606399,18.0,-0.2543150250415718,0.05,,0.204730455928092,-0.37145975153773436,0.0735116528322327,1.4131800263044556
2025-02-04,-0.6677103678879763,0.6124566810537917,0.0,-0.04241710142296283,-0.40377071075160653,-0.2308852422950476,2.0,0.31471961623773026,0.0,-0.6558322943998868,0.9915228872263279,-0.9407258537857056,0.06312343244116318,-0.5340257994196995,0.8,0.43524770642773497,19.0,-0.276385208515827,0.05,,0.11397107348456155,0.07793724895948209,0.09695016723765379,-0.30788802647420593
2025-02-05,-0.6273380176306755,0.5578132172569085,0.0,0.15769615582551133,-0.242248792770966,-0.2015249861762217,2.0,0.3411001275073156,0.0,-0.60634888613755,1.0965400232351712,-0.8638202413892816,0.06970996802818834,-0.5116530054698722,0.78,0.3744635918655114,20.0,-0.2930522457279625,0.05,,0.2605715033593052,0.18459995173182653,0.25634654439861443,-0.4749136558995862
2025-02-06,-0.5905532886266981,0.5010617899215157,0.05,0.2929168483499433,-0.10695697747900074,-0.16695960077764255,2.0,0.36862430090670395,0.0,-0.5455830897472976,1.1181838560572515,-0.7952035796687382,0.06998430563474377,-0.48546469098074935,0.76,0.3218383261690746,20.0,-0.28703927193736894,0.05,,0.2157460979039604,0.3018230379265142,0.2243320130491546,-0.3939168286829236
2025-02-07,-0.5069766712535084,0.4476608254183714,0.1,0.4680572696972606,-0.00018447619136039028,-0.11141877332153186,1.0,0.39737231749857405,0.0,-0.47205650727709214,0.9920200619229299,-0.7371954384197956,0.06790994655309808,-0.4583229822684734,0.74,0.27712419467204397,20.0,-0.30327674797028353,0.05,,0.18270756855593315,0.42934182750698907,0.17278319215115012,-0.8181554226915771
2025-02-10,-0.46305012280503,0.4724082168908508,0.1,0.6139942611095238,0.023302139465020032,-0.042914065642722335,1.0,0.42723627359434424,0.0,-0.39857159589632757,0.7597846424555995,-0.6820105713094184,0.06470292282780547,-0.4324115524105547,0.72,0.23378519166154976,20.0,-0.29792438042147107,0.1,,0.11347418885383427,-0.24902186942190652,0.08385777018953706,1.0434568692606818
2025-02-11,-0.4272314131230062,0.49023771928312465,0.1,0.8098719985588686,0.0848165244071032,0.03176326465472713,1.0,0.45814713483873853,0.0,-0.29619331499734275,0.9698683816308764,-0.6347373769616708,0.0597747846260151,-0.407744027271867,0.7,0.1931151767940317,20.0,-0.3678451858155068,0.1,,0.11893772353115821,-0.25949839901170485,0.11554936970522485,-0.5004156451405691
2025-02-12,-0.41498277139093104,0.49101085449409576,0.1,0.9198376038027815,0.1525477623401244,0.1025170918226257,1.0,0.48991950909020254,0.0,-0.19528889314800296,1.0526185415982514,-0.5839868959388693,0.05166378601300464,-0.38392129042154566,0.68,0.15269324410869559,20.0,-0.4288362641755743,0.1,,0.04847152502901162,-0.26904464208689394,0.052206099572854776,-1.1846188319505835
2025-02-13,-0.3873610482781782,0.5027357124281193,0.1,1.0650115279721188,0.22505765624645507,0.17537751881110875,1.0,0.5225337215447258,0.0,-0.09910114140030243,0.700202752486105,-0.5335489429980594,0.042843346835010135,-0.3615660971954702,0.66,0.11460128210938514,20.0,-0.4029495211914841,0.1,,0.06188272455138736,-0.27981076181381576,0.04615858080545031,-0.18371487748594356
2025-02-14,-0.32089439812667286,0.5265031567159226,0.1,1.2849083639735546,0.3120967747511704,0.26254088951549237,1.0,0.5558621677140502,0.0,0.012170676190449398,0.8723570145893662,-0.48102606846353607,0.027137077316118238,-0.33907929171225526,0.64,0.07986473513215374,20.0,-0.43711474052388055,0.1,,0.07631549204963395,0.12939983189626764,0.07188033212266134,-0.7890540059673029
2025-02-17,-0.2783476398570596,0.5552017194213693,0.1,1.4256414181461152,0.3905940746674415,0.34466728804495794,1.0,0.5895673205824294,0.0,0.11877011098422185,0.9042486555971467,-0.44574556091620593,0.010355773013950617,-0.31992783383803586,0.62,0.043779663009641784,20.0,-0.3574048989178772,0.1,,-0.04967950711292707,-0.1551219303648993,-0.04966152798200512,0.8327329069998596
2025-02-18,-0.2123353634561937,0.5476107621556622,0.15,1.6207358384128039,0.496364801462717,0.4293192924027898,1.0,0.6234485428696557,0.0,0.23744924650639349,0.9366433600833236,-0.4104641925189786,-0.0030082036133107044,-0.29922227248141303,0.6,0.0006334514410140951,20.0,-0.37818830137557496,0.1,,-0.006133315741325964,0.44213645809851726,-0.006491158563605406,-1.1988377737237392
2025-02-19,-0.13870548286586207,0.5117582863391101,0.2,1.7726389781242742,0.6579207200793943,0.5109029071703477,1.0,0.6572239483197443,0.0,0.36057127247071885,0.9811641756348607,-0.3665816069196732,-0.012591687145275072,-0.2812925798546588,0.58,-0.03256300701901467,20.0,-0.380768171547124,0.1,,0.10607803076227913,0.7647799114965523,0.12014628326723835,-0.252752090745362
2025-02-20,-0.05699520714882243,0.4487299492134448,0.25,1.831287643022192,0.7843763571748346,0.586488575045214,1.0,0.6907528690742794,0.0,0.47816222724717933,0.850563679554803,-0.310664144540584,-0.02233892900566014,-0.2602424052456277,0.56,-0.061282910030695026,19.0,-0.3915569016546481,0.1,,0.26665563909907153,1.1094063908512666,0.27546536734964916,-0.9515414176231843
2025-02-21,0.032734256468654827,0.38727391416535906,0.3,1.7966758852060425,0.8764221038762083,0.6515511097079292,1.0,0.7239981724935729,0.0,0.5739988103210703,0.7278722475729782,-0.2734653896946718,-0.03310600432063192,-0.24039731564113873,0.54,-0.10542007768864207,19.0,-0.3921371272959616,0.1,,-0.038783007321607395,1.3060166331706422,-0.036338632155152456,-1.2641069781327163
2025-02-24,0.12259087327614053,0.3212931547198452,0.35,1.7967554228103022,0.9746178000140024,0.710760442241517,1.0,0.7569708142785759,0.0,0.6734788805681727,1.1358810366968233,-0.23212991690505688,-0.03538340014658597,-0.22220073504860455,0.52,-0.15786084755262322,19.0,-0.3180559867356111,0.1,,-0.050604582124693286,1.5082551675580924,-0.07010357671106963,0.19487603891042926
2025-02-25,0.2358128792815795,0.3006435541744129,0.4,1.8171913738917318,1.0547753054359754,0.7615296526983558,0.0,0.7894339862017219,0.0,0.7638044392497106,0.7174674773943241,-0.19115277906490097,-0.040242943420720205,-0.20407715428121398,0.5,-0.20945154710298708,19.0,-0.3173589816314345,0.1,,-0.06779135734904829,1.5415581262021063,-0.0679414585720042,-1.3992912827652875
2025-02-26,0.3645538604574822,0.29969961661502487,0.45,1.8574207362413588,1.1050277738183907,0.8068598758330421,0.0,0.8211596358420994,0.0,0.8735219716427979,0.7763875920004737,-0.1546682990872098,-0.044913591535834754,-0.1856923288232752,0.48,-0.2583048005211143,19.0,-0.3508182247083792,0.1,,-0.1072412154535789,1.7438768822308937,-0.11702105055974359,-0.5877738901834373
2025-02-27,0.44599168756405944,0.29293524101699664,0.5,1.8214046586418267,1.1716624941784546,0.8289057293782705,0.0,0.8518810509143062,0.0,0.9411455355668814,0.5338713953611334,-0.11378038175926106,-0.044527092790127246,-0.1663813227321437,0.46,-0.28749865991851814,19.0,-0.329773770462866,0.1,,0.060742690032377776,1.4155336099612894,0.05321193864493113,0.4290063197046404
2025-02-28,0.49588097568904227,0.2820868062273967,0.55,1.7588690691719027,1.2213526140347897,0.8232039768794233,0.0,0.881556189519275,0.0,0.942196243598651,0.3122366816213758,-0.07885604410381471,-0.037407200615495156,-0.14776341911557453,0.44,-0.31493470959282344,19.0,-0.3479219517929782,0.1,,0.025670756573283587,1.2548241672773333,0.01730783169011264,-0.5647104695732118
2025-03-03,0.6006988771121231,0.30677775306001565,0.6,1.7212307427772884,1.2721317299008392,0.8164148745791803,0.0,0.9100995805654908,0.0,0.9759744747127321,0.6542516947303627,-0.04661784910670253,-0.0259538065339188,-0.1313983488860767,0.44,-0.33501085446096085,19.0,-0.40137003561982826,0.05,,0.1099525526800363,1.6336213886547013,0.11376022802411367,0.34421834976745425
2025-03-04,0.6742618949212112,0.2817893937692246,0.65,1.574805772607653,1.279235981947243,0.8015967787185149,0.0,0.9373214894471328,0.0,0.9745203387662287,0.4216142598757596,-0.011676387646167541,-0.011140906112544228,-0.11568470268147307,0.44,-0.35906173864339025,19.0,-0.38365523751871333,0.05,,0.1316196165664598,1.8343606561797512,0.10813514840026298,0.04640793554809258
2025-03-05,0.7240956776807664,0.27533285149019215,0.7,1.3406648180165055,1.2042511374688754,0.772730329534711,0.0,0.9632077697415081,0.0,0.9389711982595974,-0.1303731536073061,0.018311352018478798,0.001404736496692976,-0.09804763146918903,0.42,-0.38458220931415754,19.0,-0.3801594198714911,0.05,,-0.0003081601100192177,1.4857855764031231,-8.406699879052149e-05,-0.404997302955142
2025-03-06,0.7821572223083395,0.252411603264999,0.7,1.213386494927619,1.2152186252177277,0.7450748528179669,0.0,0.987771475830041,0.0,0.9256527224911819,0.3710074498825168,0.06070389625245145,0.015574058936295066,-0.07988642020497906,0.4,-0.4106920755077024,19.0,-0.32441435009529923,0.05,,0.1521012181575928,1.8739982468763068,0.11763916928818027,0.7209845668409145
2025-03-07,0.8245218683119051,0.23902819794386632,0.7,1.102421636732078,1.2128066231034869,0.7210444267628254,0.0,1.0107801416824072,0.0,0.9132675407116853,0.2996001595180698,0.10838758377521573,0.030284371346197658,-0.05926115831415672,0.38,-0.41416200189569763,19.0,-0.2742111455233222,0.05,,0.3801421587236566,1.6983690859726122,0.2653308634213433,0.1859086687479634
2025-03-10,0.9141420251348569,0.2782034979630513,0.75,1.0462106634654162,1.182876671913548,0.709055002734001,0.0,1.0320950839289043,0.0,0.911857032760764,0.32617657145503376,0.15506925841271535,0.03936721735090793,-0.040411360253613804,0.36,-0.39621736835851284,18.0,-0.3484492330554158,0.0,,0.46389348109173484,1.7057763688627292,0.32973218252433323,-0.44130488138119117
2025-03-11,1.0038528012012884,0.33175193572820516,0.8,0.9728270594297982,1.1731675886330317,0.70119567548692,0.0,1.0514989166008495,0.0,0.9000106989359971,0.347330286101188,0.20598530098143564,0.05524590773851856,-0.02192757728344925,0.34,-0.3794293101744099,17.0,-0.38740799144132176,0.0,,0.702727134845405,1.7093058436421642,0.51621270906592,-1.2795908128586877
2025-03-12,1.0856148707540505,0.40771378620488063,0.85,0.8629956628928462,1.1288804780136772,0.6947858439970013,0.0,1.0689190843020793,0.0,0.8604330103073272,-0.08528729315413569,0.24557135703879357,0.063555098661279,-0.006592590444540881,0.34,-0.3675591413679684,16.0,-0.289798883720611,0.0,,0.5590069401836812,1.5225697620681062,0.1595925681276044,0.7675633224636317
2025-03-13,1.1674017206867422,0.5088671448964392,0.9,0.6806946656630155,1.0070485458810456,0.6811519490610866,0.0,1.084229193137472,0.0,0.8243943344202765,-0.32289898067859574,0.27503396770930655,0.06617858864195224,0.007378473426445341,0.34,-0.3674209132130902,15.0,-0.23830406192990186,0.0,,0.2929774319286384,1.5167529810773477,0.007362706914895258,0.8461815583282392
2025-03-14,1.2171988048298508,0.5714088202743993,0.95,0.4639901270799672,0.8598659044623748,0.6616600805657844,0.0,1.0975519072038358,0.0,0.7729465141388263,-0.41196852751601865,0.309160031313312,0.06691678151202828,0.021525522040243293,0.34,-0.37782434726995545,15.0,-0.2015347435868724,0.0,,0.1539393812098673,1.3183921544382469,-0.013403889975734055,-0.05366763910671385
2025-03-17,1.2984964227397982,0.7194076286374534,1.0,0.31332749380695035,0.7766857978117234,0.6499248076347979,0.0,1.1089904489501656,0.0,0.7136174311155539,-0.4834768214508219,0.33959618454387097,0.06262018766319623,0.03286811698861451,0.34,-0.4003363874886656,15.0,-0.19053807742650855,0.05,,0.026109900050238794,1.6763308107497978,-0.004881077740436438,1.0526662302071366
2025-03-18,1.3482904569849108,0.7979633530193615,1.0,0.12309832682618745,0.6769289725053164,0.6313339080397486,0.0,1.118399644898684,0.0,0.6340233398209073,-0.7930089224237216,0.3602113942901887,0.052975339916734004,0.041273390975570805,0.34,-0.4211104364263032,15.0,-0.11879559344758892,0.05,,-0.1162195197422053,1.6662129816179638,0.062007497598047995,0.2360119058546536
2025-03-19,1.3422049101599192,0.7789535485575896,1.0,-0.13265498477758864,0.5609110532860927,0.5941893449580659,1.0,1.125819297553894,0.0,0.5453249972670069,-0.8649789641216059,0.3751803101296652,0.043138029179209295,0.047289564283960084,0.34,-0.4268189782583396,15.0,-0.09954259172832755,0.05,,-0.019087694308138236,0.7426279328671845,0.01224179951813683,0.13230794363986567
2025-03-20,1.328142451999931,0.7550850307787936,1.0,-0.36619978699037,0.43017754523579455,0.5375694555967249,1.0,1.1313947451325697,0.0,0.44321505867309785,-1.192526523784428,0.38706681991812864,0.03420778861971658,0.05069096267685765,0.34,-0.41867924065631995,15.0,-0.07605421676541702,0.05,,0.03328989490526856,0.917097209104146,-0.03359486112616331,-0.48177391836497385
2025-03-21,1.2896689341939562,0.6921114228697738,1.0,-0.5774363958074714,0.28447815962971,0.46269351046937945,1.0,1.1351687826043697,0.0,0.339978308280034,-1.2694455672485752,0.4028003463323494,0.023401782205491113,0.054566541377393064,0.34,-0.39061930865528816,14.0,-0.010141271716063705,0.05,,0.31447620861014924,0.5481873585407867,-0.35465430880278986,0.054151922854350075
2025-03-24,1.2268974627371207,0.6056695270516917,0.95,-0.7829763451494256,0.14853732697487831,0.37770484893625905,1.0,1.1372122399016775,0.0,0.21148766205474984,-1.2872780650611593,0.4271548954527025,0.023994162441165187,0.055559035003187575,0.34,-0.36424969261563617,13.0,0.1104240344921494,0.1,,0.4377047934034284,0.18802604622771873,-0.518457910758673,2.606182163074691
2025-03-25,1.1640963457579727,0.5445695507914059,0.9,-0.9246111092251913,0.06492561860242946,0.29453006844557644,1.0,1.1376345200907267,0.0,0.09764150882296327,-1.3332764040499603,0.4499388953616126,0.020356694761240943,0.05474370876443384,0.34,-0.33469525007863404,12.0,0.15301549155320612,0.1,,0.4105743627913214,0.18978828730449013,-0.5233627943806685,-0.5474621415441528
2025-03-26,1.0934288702964576,0.5064776025186913,0.85,-1.0557780564216692,-0.04217981828432032,0.21157284063562526,1.0,1.1363647371962178,0.0,-0.014663562254882922,-1.1923634790332385,0.46709401021508073,0.010203601758612181,0.04489891566151114,0.34,-0.30458642789909,11.0,0.15080337670503927,0.1,,0.2914445927824926,0.19159973172433833,-0.33659130656893893,-0.6320161871467743
2025-03-27,1.0388051244737098,0.46864438726560753,0.8,-1.2027834264632158,-0.15289148865073982,0.13042890347674743,1.0,1.1335465615114306,0.0,-0.11577387568712602,-1.1662474680253108,0.4853545712671632,0.003148370880815409,0.03648491014418067,0.34,-0.2754593948729672,10.0,0.12561558179071977,0.1,,0.3139143939168575,0.19251474131834884,-0.35980370984143784,-0.07474957858174974
2025-03-28,0.9759667959066956,0.4075764918525515,0.75,-1.3510408482019274,-0.28791319679242006,0.0523709548806335,1.0,1.1292577094517393,0.0,-0.21125436415950344,-1.2370480597468552,0.5137344303038932,-0.0021061875182296617,0.025275711513181358,0.36,-0.25163784864642724,9.0,0.11141888916166201,0.1,,0.27805853919924034,-0.14500735969139014,-0.3435096543587717,-0.8486443221543674
2025-03-31,0.864644859734001,0.2997148882027372,0.7,-1.5091758474965766,-0.43957968695157495,-0.03591563021956954,1.0,1.1236397620163914,0.0,-0.3333668918149617,-1.3927424219290476,0.5282630120738905,-0.010548114920166727,0.010728789332874569,0.38,-0.2327460505941331,8.0,0.14113696082946842,0.1,,0.01610613373009283,-0.8061606308501639,-0.022671322167766263,0.9385797831235826
2025-04-01,0.7505399805911006,0.24240729820780216,0.65,-1.5526187438457963,-0.5023784460379509,-0.12019222647448187,1.0,1.1170271525893862,0.0,-0.4398752130565051,-1.264078730434563,0.5442275532403931,-0.01300445224406763,-0.003406650502308525,0.4,-0.2133971036975445,7.0,0.15888636457145505,0.1,,0.1039356760466325,-0.69052729863483,-0.13600952241281428,0.40139601038782574
2025-04-02,0.668350363751317,0.21492420540505464,0.6,-1.5199739540874007,-0.5640132376712473,-0.19404712251991932,1.0,1.109360748300331,0.0,-0.524938065005276,-1.3615528657245526,0.5549244689435247,-0.022778153758387255,-0.018882425993573176,0.42,-0.19649698464088028,6.0,0.21997690763088856,0.1,,0.07296505752289893,-0.3581020700806741,-0.10422723199945401,0.8168135582335283
2025-04-03,0.4911956943562162,0.055069864461479656,0.55,-1.6581377297541775,-0.7502848422835265,-0.3470506060243235,1.0,1.1005744370149644,0.0,-0.6490745932251232,-1.6167613732592685,0.5343141434692416,-0.051036574252562236,-0.030716199260013576,0.42,-0.15757376200000836,5.0,0.11104787461602972,0.1,,-0.3211662042234447,-1.9108131701340776,0.5489705789609408,-1.4575960934562626
2025-04-04,0.3306954467007606,-0.04066808732371752,0.5,-1.8200357556194657,-0.9909041627777779,-0.5236310050961677,1.0,1.0918064872442093,0.0,-0.7749357631679409,-1.7020906928641313,0.5311209427584491,-0.05448972150857136,-0.047096897922106,0.42,-0.11455179339163625,4.0,0.24563814862614236,0.15,,0.09660738917302043,-1.744747734664575,-0.1757525483096053,2.8767006526828296
2025-04-08,0.15529232376414343,-0.13232574599256974,0.45,-2.022294928819789,-1.326710199248235,-0.7057476363911155,1.0,1.0843247432129022,0.0,-0.9016896975166461,-1.6782675556248186,0.5010815756517755,-0.07445658693497996,-0.06842476797031852,0.42,-0.08494563023700945,4.0,0.19813662361794873,0.15,,-0.5292355527141107,-2.0926033501643997,0.9654769084052879,-1.3913353815450629
2025-04-09,-0.011374997947122123,-0.17440612181264603,0.4,-2.16202312277122,-1.6942488396246362,-0.8884754066923884,1.0,1.0794840249452946,0.0,-1.0286882466628082,-1.633496978345029,0.47175749940215483,-0.08477499074510747,-0.08978855116912532,0.44,-0.07973327304547069,5.0,0.4060018717083939,0.2,,-0.9178237019035587,-2.006751283401872,1.6570261811100773,2.8767006526828296
2025-04-10,-0.16151032128859286,-0.18896148300753923,0.35,-2.1352259647169296,-1.8477331977524771,-1.0674349142196957,1.0,1.0785747223253743,0.0,-1.1324440706477181,-1.5976585592871302,0.4453081811279169,-0.09261226221099973,-0.11355072650135041,0.46,-0.08111751913894022,6.0,0.3015548991643099,0.2,,-0.94504628238127,-1.947005848894083,1.6912770167673277,-1.3213761284180492
2025-04-11,-0.2802269246444461,-0.15249918296945508,0.3,-2.1099807241170705,-1.8627954142917906,-1.2370493564613088,1.0,1.0816473692660211,0.0,-1.2206558277723971,-1.531133096232913,0.44177868915777535,-0.08488380901946833,-0.1367491798339611,0.48,-0.09714432705928985,7.0,0.40313152869540864,0.25,,-0.7707797024962577,-1.3022752171274916,1.3404664601315643,2.8767006526828296
2025-04-14,-0.39795127044349377,-0.11939699655413327,0.25,-2.0177594029946273,-1.8086893761727356,-1.3821110373870995,1.0,1.088587191925877,0.0,-1.2946298052950826,-1.3507949709554077,0.43773534287192734,-0.0720918498330022,-0.16475774871994187,0.5,-0.12497876208961847,7.0,0.5497006180982551,0.3,,-0.79095532321097,-1.5690780347694202,1.2390726998627557,2.8767006526828296
2025-04-15,-0.5539213376627241,-0.06315757887567575,0.2,-1.9453275007231146,-1.8205932310305368,-1.4856265060575278,1.0,1.0992870587788088,0.0,-1.3675301357292586,-1.4180199202903716,0.4311819561997035,-0.05703610690556651,-0.1887811164827605,0.52,-0.15542183231798032,7.0,0.6179625197910217,0.3,,-0.812266621795312,-2.266847759958281,1.3361381188340922,2.4179042640624666
2025-04-16,-0.7091949904113797,0.023129396659681944,0.15,-1.8785290188873025,-1.8519370028801942,-1.5604559822054278,1.0,1.1140295201703014,0.0,-1.4277631004964921,-1.502372381296759,0.4143060365262523,-0.055079729297269786,-0.2121563382674021,0.54,-0.1733537134422104,7.0,0.7037716307929425,0.35,,-0.855745969554154,-2.3639533530789962,1.4874550902848969,1.9521941258930688
2025-04-17,-0.8160130487859452,0.0644082426950926,0.1,-1.7527592081832195,-1.8122881926492365,-1.5956288336391071,0.0,1.1330307914545323,0.05,-1.4814390163811335,-1.472192593585215,0.40276416372605084,-0.04898708976464116,-0.24785136096668497,0.56,-0.19987336462105496,7.0,0.7334373743413132,0.35,,-0.9687042746128433,-2.235877646333577,1.6611955384895007,0.7256228146072792
2025-04-18,-0.9151608136343026,0.14519989547199041,0.05,-1.5603428451532286,-1.6911612375261285,-1.5917750026046376,0.0,1.1563191794354168,0.1,-1.4878064232732495,-0.8937722151859215,0.39471741635051755,-0.04715031613440797,-0.28406473147822664,0.58,-0.22499802036171665,8.0,0.8694049247454789,0.4,,-0.9406667958916494,-1.84589061807615,1.069076338374712,2.237577089718339
2025-04-21,-1.0207949357737878,0.19975561139844078,0.0,-1.3975718246118634,-1.6214426928381023,-1.5635140291221996,0.0,1.1837638623700633,0.15,-1.4764758059438994,-0.6649856178386155,0.3857082921414584,-0.043813791687417086,-0.3173191850642317,0.6,-0.25400552534761056,9.0,0.9754651971464741,0.45,,-1.0051438111267024,-2.682733687546161,0.9057849677116778,2.175357370874257
2025-04-22,-1.1096688791886682,0.2414947386870625,0.0,-1.308005455162456,-1.6371687693848633,-1.5296141601020246,1.0,1.2154085567456463,0.2,-1.4117265251419169,0.32379533062220855,0.39905656980434545,-0.016973938890000945,-0.34692098414371864,0.62,-0.28002947063547895,10.0,0.9494479983040461,0.45,,-0.5911502562206375,-2.7803327342757407,-0.06531821516010049,2.085838186226132
2025-04-23,-1.1838947442894923,0.3037206147877345,0.0,-1.1722517654828208,-1.531205089619085,-1.4782509950067917,1.0,1.2515886141324166,0.25,-1.3133300490560071,0.8745859919408101,0.4087319805824589,0.005108955019786839,-0.3736999386879113,0.64,-0.3028131912893508,11.0,1.037566993468218,0.5,,-0.5458500168013585,-2.3699025018091304,-0.3783944879870112,1.214917761739283
2025-04-24,-1.2589424523835568,0.38185869950814555,0.0,-0.9780382751878609,-1.3679238025942018,-1.398483439120673,1.0,1.292387186870862,0.3,-1.2445236680529703,0.38352314427752465,0.4295568141554545,0.028514613525876215,-0.3969181593051153,0.66,-0.32726876366263724,12.0,1.150063746202645,0.55,,-0.399011131929238,-2.49252515345577,-0.08826961836469153,1.6179188675417664
2025-04-25,-1.3345457768452005,0.48332156855562214,0.0,-0.7899096115438339,-1.2168324091864162,-1.2946393930894984,1.0,1.3376786253767086,0.35,-1.1707567580328206,0.4766398065746126,0.4554602430163244,0.055435201512149104,-0.41987226877220374,0.68,-0.3421517013102573,13.0,1.2024278174640033,0.55,,-0.13701091301258816,-2.6049318577056946,-0.04509769387864768,0.9725318466454157
2025-04-28,-1.386750067746148,0.5639379228089829,0.0,-0.5800587717842159,-1.0626575969345589,-1.1714741570825757,1.0,1.3874087934199282,0.4,-1.0905481108418316,0.49765224375734507,0.4849548267598053,0.08544933753457845,-0.441776810440412,0.7,-0.3629449858849312,14.0,1.3139101215850453,0.6,,-0.14373854960705468,-2.405797938503558,-0.053008886021181624,1.381001760266471
2025-04-29,-1.4067818239317422,0.5841644060713244,0.0,-0.3636536194873661,-0.918485677485352,-1.0309243525111231,1.0,1.4414208944299376,0.45,-0.9605007280865067,1.285740555972224,0.5275575307943421,0.1127323490562575,-0.4608047625505527,0.72,-0.3982053329928703,15.0,1.2709218009283085,0.6,,-0.24443942683863998,-2.499966099458252,-0.2916962338484621,0.07881336998884905
2025-05-05,-1.4324764365081788,0.6167550556036221,0.0,-0.15941099349183177,-0.7046179995290329,-0.8827283212898388,1.0,1.4993665853098572,0.5,-0.8288843799328871,1.387572683680076,0.5697057196896028,0.13859963507283626,-0.47972387058556654,0.74,-0.4374981395301122,16.0,1.3241873862743918,0.65,,-0.2738620770245766,-2.596484961161308,-0.3625204685582705,1.4667077173094945
2025-05-06,-1.4744190751738206,0.7048089496484837,0.0,0.032645100814763885,-0.5095700314613868,-0.7334213268899359,1.0,1.5611313434241836,0.55,-0.6963437881261549,1.27716263980562,0.6009975398366292,0.13859963507283626,-0.5007812046933013,0.76,-0.4808314622884709,17.0,1.2757488289097292,0.65,,-0.4455692478888415,-2.676240315536782,-0.5446450389770491,-0.1519575890597255
2025-05-07,-1.429829364976232,0.7104689832655675,0.0,0.32658766399151606,-0.3079988919455436,-0.5064909916178644,1.0,1.6266858118566276,0.6,-0.554815084364007,1.1639767473874132,0.629484956003101,0.13859963507283626,-0.5195539316809624,0.78,-0.5288759180211126,18.0,1.3760528628079616,0.65,,-0.37217380346477863,-2.3948580130294252,-0.4173074628543695,0.5484845845083847
2025-05-08,-1.3941198412909528,0.7088608515285568,0.0,0.7024914622782356,-0.05785254040706878,-0.24618297692718955,1.0,1.6948766161550572,0.65,-0.4036106825243927,1.2419269909518063,0.6719795021518786,0.13859963507283626,-0.5355962495897912,0.8,-0.5686248037753245,19.0,1.2580324576118325,0.6,,-0.2603939658926584,-2.457117104233962,-0.3137337526041219,0.5173060450276322
2025-05-09,-1.3434098926770819,0.7428451619312163,0.0,1.111017922464992,0.1390136366619219,0.018083651794749002,1.0,1.764160692234812,0.7,-0.2468392284444841,1.3430314759120623,0.702848062813678,0.13859963507283626,-0.5499118159353756,0.82,-0.6027456218727245,20.0,1.2962556154117124,0.6,,-0.34340164514444477,-2.4933800168804092,-0.45024875684931825,-0.6268722255474644
2025-05-12,-1.2549118376502626,0.6472906591269734,0.0,1.5627685245975629,0.360204132310236,0.29582913318799164,1.0,1.8329340079238037,0.75,-0.08445985131711631,1.4677022345419524,0.7459752838823216,0.13529296766900192,-0.5641378208387102,0.84,-0.6311675226020427,20.0,1.1758506664088972,0.55,,-0.059802766749198634,-0.2482002418087817,-0.08624763468591982,0.469615168893912
2025-05-13,-1.1828844940006538,0.5985251652025182,0.0,1.8750532257890773,0.613203402640847,0.5821425060039925,1.0,1.8995110806455302,0.8,0.07641919895835755,1.4458031744015694,0.7947668479745269,0.12397451748744276,-0.5746842363254637,0.86,-0.6582290841515976,20.0,1.243953454396693,0.55,,0.07915190214470313,-0.6348592258653983,0.11302555431493862,0.040679631337867145
2025-05-14,-1.0804641202023233,0.37064396521478704,0.05,2.0839328587804977,0.8727145442110643,0.8689835100174971,1.0,1.9636027225534325,0.85,0.23212717435053976,1.3828045797863286,0.8404512797869369,0.1279312244801274,-0.5777326321313823,0.88,-0.690719464961242,20.0,1.1844450690771418,0.55,,0.22983694331315893,2.4578461063965156,0.3160384366066941,1.687546442559189
2025-05-15,-0.9633945439112559,0.2015289229906152,0.1,2.2016690491455613,1.0869529511536327,1.1352457697249703,1.0,2.0245248032677194,0.9,0.38203893655843,1.4321284473116764,0.8923833687135283,0.13859963507283626,-0.5747935040197154,0.88,-0.7192039665882973,20.0,1.0642523269808817,0.5,,0.46544934675999916,2.8349101235369,0.6663759975852178,0.4738593070250152
2025-05-16,-0.8705296885256475,0.17933690028676752,0.1,2.3116766384533878,1.2319493240019213,1.3528917217692271,1.0,2.081926435190746,0.95,0.5340239637568143,1.39015273259642,0.9328445444729447,0.13859963507283626,-0.5721125540316292,0.86,-0.7554629093466785,20.0,0.9518444536389014,0.45,,0.2246722691653956,0.49105790300157887,0.3133617310993364,0.16974679722286154
2025-05-19,-0.793994043015978,0.18408107776632754,0.1,2.374915430112847,1.3009458417548037,1.5227531819959028,1.0,2.135714277078393,1.0,0.670038623518221,0.9737494599889863,0.9640660449726514,0.12604629926968733,-0.5696439520577055,0.84,-0.7871432704800668,20.0,0.9032416014101179,0.4,,0.16511530557049361,-0.2891241387975744,0.1621591108193397,0.9801370813173973
2025-05-20,-0.7179571378893251,0.180497596339929,0.1,2.4057243018229406,1.3987074432435422,1.6557012771536193,1.0,2.1857696809956417,1.0,0.8181945819412878,1.2350459698758522,1.014984702170503,0.12451506748276482,-0.5690859337884483,0.84,-0.8166233814126618,20.0,0.9063831251860787,0.4,,0.3663012487985427,0.10300600432559782,0.4572376345057282,0.7884532901264978
2025-05-21,-0.6498218804304373,0.16307718383873826,0.1,2.3471611151334963,1.4583885691288339,1.7551089825277313,1.0,2.232089486502625,1.0,0.9483509362789141,1.4459958794095615,1.0488063068360838,0.11045836424082292,-0.5693018890525241,0.84,-0.8481588014327373,20.0,0.9208350534925389,0.4,,0.18660504118141752,0.49897453585721546,0.2736783168029322,2.5266156558475426
2025-05-22,-0.5665945824645103,0.18190340059049037,0.1,2.270620345612185,1.443278918809008,1.8240291300253682,1.0,2.2748078006202217,1.0,1.0685470643602368,1.4750963666913832,1.0675551764183844,0.08226864404555025,-0.5696032871729195,0.84,-0.8867527266407932,20.0,0.817317866647335,0.35,,0.044367929621147585,0.11615804098367012,0.06667492392218817,0.10501363397017499
2025-05-23,-0.48375664070187696,0.20929512987863963,0.1,2.2609646309462885,1.433360930441965,1.8485866438528755,0.0,2.3138655276770415,1.0,1.1416415009191312,1.5377252591180581,1.0921783721948752,0.06821091794951249,-0.5681621473824177,0.84,-0.9318069240085685,20.0,0.7472122301497948,0.3,,0.14739578441202314,0.12689880083609006,0.23176250097135898,0.6837254562753311
2025-05-26,-0.3999248589282723,0.21260276066514372,0.1,2.234299899712507,1.5167671975190435,1.8485866438528755,0.0,2.3489982659017725,1.0,1.1856798756995004,1.53074471026174,1.1066265423547692,0.04993379084078134,-0.5667440873034181,0.84,-0.9822010978949696,20.0,0.7438413210099929,0.3,,0.12726140738694527,0.9216953352509144,0.20030794301537266,1.1474995789432454
2025-05-27,-0.30764591220910414,0.2182062354505181,0.15,2.200507715224535,1.6433260101861376,1.8485866438528755,0.0,2.3803209380376313,1.0,1.2589817757394215,1.6321062354193288,1.1301180462499212,0.038990010165653594,-0.5639274678351786,0.82,-1.030630717211271,20.0,0.6978795549503666,0.25,,0.1903153409685192,1.3156989063020876,0.32111126094878956,0.6986835463492392
2025-05-28,-0.21471686295761003,0.23578230210951034,0.2,2.1302666314996728,1.7057266342983572,1.8485866438528755,0.0,2.4079496663251203,1.0,1.3195924307024363,1.483737493093874,1.1617471873418825,0.031982042350710345,-0.5616421410248992,0.8,-1.0695165026311568,20.0,0.6551454689933504,0.25,,0.21012213996788512,1.3294508337422997,0.323875359226328,0.11785012750509105
2025-05-29,-0.13699306962958266,0.2608978759116123,0.2,2.0417732722918314,1.742203162582194,1.8408992870476997,0.0,2.431945015875694,1.0,1.3609983448825782,1.1361851604926037,1.1924544583454995,0.02483491638735408,-0.5593177513194797,0.78,-1.1007724815006528,20.0,0.6307079902186089,0.2,,0.18353407853554268,0.9310800001213725,0.21967287962579496,0.8922521847716433
2025-05-30,-0.0903017545447373,0.3024950436356332,0.2,1.90940042673771,1.7062224408839797,1.779059827708409,0.0,2.439099497593592,1.0,1.358904119911552,1.0897664856727287,1.2123857559103812,0.01521321634629048,-0.5591429467217759,0.78,-1.1223017748238142,20.0,0.5982166370071621,0.2,,0.0023900473739702686,-0.6397640163904817,0.002752002769501574,-0.5710136942400882
2025-06-02,-0.04311121955289001,0.35093315240950984,0.2,1.7670078395268785,1.719509108963707,1.6957180612576905,0.0,2.439099497593592,1.0,1.3630113314201888,1.3357912643755723,1.2496109909684325,0.013941864188977684,-0.556632356449052,0.78,-1.1443898145978388,20.0,0.6011256706633386,0.2,,0.17791023953697693,-0.6309804893870341,0.25012008454558643,1.5248883904330248
2025-06-03,0.04323222649782639,0.39936348094086693,0.25,1.665255020784584,1.7665058634382338,1.6093250735839792,0.0,2.439099497593592,1.0,1.3737188331783785,1.354321376690137,1.2950206625621274,0.010123404609727157,-0.5456121679241795,0.76,-1.177321357027264,20.0,0.6313324368232613,0.2,,0.37255093384422383,1.3228129349484665,0.5351723299296705,0.45217773413873197
2025-06-04,0.12947691370657116,0.4409133397818431,0.3,1.536935810694837,1.7814846065087688,1.516671208368957,0.0,2.439099497593592,1.0,1.3794949603291122,1.15139754893657,1.3408148769284398,0.00421119288500319,-0.5283743942704775,0.74,-1.2183955661212758,20.0,0.6096228324439453,0.2,,0.3992528770053158,1.690786993725756,0.49379313365026595,0.1142924969220611
2025-06-05,0.21554292498353197,0.5016223827955766,0.35,1.3573360287281382,1.771620196766905,1.399766935621642,1.0,2.439099497593592,1.0,1.3699249149589536,0.9250008212652355,1.3787081956156562,0.000536715881708561,-0.5096002459540313,0.72,-1.2701621775893417,20.0,0.550086650433564,0.2,,0.3961571342034241,1.6660547291951207,0.40148217139961945,-0.6734175951799944
2025-06-06,0.2544883752184684,0.5803764482065857,0.35,1.159237306403448,1.687411619952916,1.2638286084632298,1.0,2.439099497593592,1.0,1.3441327511758199,0.6985654850378866,1.3940562710817113,-0.01667557227264443,-0.4928002625769641,0.7,-1.3196503197809497,20.0,0.5936373803571814,0.2,,0.1487034042620059,-0.6263713179378897,0.11826381696211369,0.24414237292488586
2025-06-09,0.23119557189483997,0.5479085043934291,0.35,0.8970354958741258,1.5432338712370637,1.0933003935207337,1.0,2.439099497593592,1.0,1.3020243760411785,0.5060516672300788,1.4127965591283058,-0.02484985578750293,-0.4751239119099146,0.68,-1.3709260744351908,20.0,0.6207679747990971,0.25,,0.16292243044803145,-1.370444362598894,0.09775898296104137,1.0122270577322254
2025-06-10,0.22364760883089838,0.5381891812454086,0.35,0.6403311853370209,1.4400435498460025,0.9068830585922457,1.0,2.439099497593592,1.0,1.2480209388653678,0.2594635108365644,1.440006267919261,-0.027184724637030595,-0.4555632424353045,0.66,-1.4210212851405493,20.0,0.6199718877101954,0.25,,0.23603071878594095,-0.9766714379334479,0.08211243923869257,0.024757889559831527
2025-06-11,0.1388222591123081,0.5290910621588942,0.3,0.38365954078115305,1.3471720098902835,0.7156579913512605,1.0,2.439099497593592,1.0,1.1724910879379966,-0.21053340865863235,1.4677829927697197,-0.026847023171599576,-0.4372802051728247,0.64,-1.4709270047834917,20.0,0.5492021284878658,0.2,,0.24981510175013452,-1.7029375551551005,-0.033860444764339984,0.2721512581125979
2025-06-12,0.1016923140757243,0.5853115005522458,0.25,0.23199228851731526,1.3548838922508182,0.5328648435656212,1.0,2.439099497593592,1.0,1.1029727364632447,-0.022670975049155148,1.497146164974152,-0.017296667533913002,-0.41662346313492166,0.62,-1.5161969185808926,20.0,0.5413366035612308,0.2,,0.357225213281477,0.9139026043135247,0.014759168133381502,0.31654880849231437
2025-06-13,0.08788386008219742,0.5840027957305258,0.25,0.06751622017088005,1.283240611505936,0.3575952141493909,1.0,2.439099497593592,1.0,1.00607608283304,-0.5940162360475825,1.5359663917853295,-0.011537714941907501,-0.3895672083423044,0.6,-1.5548225785795473,20.0,0.5696948816934588,0.2,,0.47028649381575854,-0.1898169996798034,-0.255451487553257,0.7369123598674235
2025-06-16,0.14469914227654662,0.5381179823786355,0.3,0.03045392263275318,1.3092795972903228,0.22851771528900952,1.0,2.439099497593592,1.0,0.9236780214140617,-0.7057303991822531,1.5752373192892373,-0.006642344053653466,-0.359705095707852,0.58,-1.5939834074409363,20.0,0.5330554343318583,0.2,,0.6034725306628173,2.3887045405573266,-0.4018312659752902,0.24734813408538692
2025-06-17,0.22495797019443095,0.43022494929164623,0.35,-0.013192043843239768,1.3567947536435412,0.12713658476377804,1.0,2.439099497593592,1.0,0.8357727708458924,-0.5430038848866056,1.6199837496217784,0.009791902884658277,-0.32633700416341715,0.56,-1.6348180730450244,20.0,0.47918907451495957,0.2,,0.6942959954043673,3.826301858128089,-0.35398631092366867,-0.28887390621147746
2025-06-18,0.2660328637189048,0.4032507308772838,0.4,-0.05512657985742,1.3712104056458285,0.04272741732601967,2.0,2.439099497593592,1.0,0.7545208356038383,-0.1920280332055766,1.7037440260818233,0.022574867947456802,-0.28355182106824606,0.54,-1.6878375896345164,20.0,0.3205533167907833,0.15,,0.9042661785386229,2.3557567719268793,-0.1432544634863377,-0.6460994986359822
2025-06-19,0.33035406223603536,0.36039769991329074,0.45,-0.045260758139305676,1.379530379713147,-0.014758142670407088,2.0,2.4313033871123046,1.0,0.6923864063920152,0.21387982481329929,1.7602381650014953,0.025032978669289926,-0.2320351778038326,0.52,-1.7458879923307455,20.0,0.3008879368732887,0.15,,0.9292803806372877,3.0583598141481,0.2416912866859216,-0.2882939643797177
2025-06-20,0.3941463770863898,0.32702303351082707,0.5,-0.05248466828026774,1.3685602642946169,-0.05591213878652009,2.0,2.4197501451623626,1.0,0.6347663651667149,0.3569303495645261,1.8410938540070663,0.03017811419197656,-0.1750936052209279,0.5,-1.7484841162492952,20.0,0.2534886061485921,0.15,,1.0175755809696725,3.0254864226533265,0.42736274526694956,-0.26426115821860013
2025-06-23,0.4029604128974048,0.32624471450920256,0.55,-0.15935977371614188,1.3187753076159552,-0.09138014332312978,2.0,2.4075433933492003,1.0,0.5554971411350886,-0.09028487591427643,1.9242789615587192,0.034374659750826486,-0.12165806140946486,0.48,-1.7484841162492952,20.0,0.2764085292434459,0.15,,0.990604305907072,1.231921700305589,-0.011289286608760572,1.6058980408403207
2025-06-24,0.45053646970051997,0.2849381745718429,0.55,-0.26278942707176306,1.3180604508103895,-0.12006957878941409,2.0,2.394763107784785,1.0,0.4844199344247594,0.16470761672235626,2.003673916094205,0.0403163687196905,-0.0642172294235628,0.46,-1.7484841162492952,20.0,0.31461004575107526,0.2,,1.0350640652378307,3.3289363317024927,0.27503184969173916,1.462713876501827
2025-06-25,0.4973568537734237,0.24972545449481554,0.55,-0.32918844245184953,1.301435739039386,-0.14429437056391442,2.0,2.381413605051688,1.0,0.43096502597193254,0.3449639704128348,2.046778504844496,0.038123295952506006,-0.009672335550957225,0.44,-1.7484841162492952,20.0,0.2537777790994395,0.2,,0.8205731921848344,3.290500291448595,0.38753124648685733,-1.0987952055276244
2025-06-26,0.5439173253616171,0.22938459324008886,0.6,-0.37860594915398915,1.2807653794508935,-0.16244917603340395,2.0,2.367522131049996,1.0,0.3662019600558163,-0.24433344393539014,2.0766012866866657,0.029916116457466058,0.046553068795754216,0.42,-1.7484841162492952,20.0,0.18365375201603826,0.2,,0.7943402792979916,2.9086868801207313,-0.07812828428058727,-0.5102283568963812
2025-06-27,0.6212020514400283,0.23621179650910118,0.65,-0.3641043604509327,1.268965528388369,-0.1606413512933049,2.0,2.3531472042221604,1.0,0.3353973582887095,0.36254399936437376,2.109327987254301,0.017606103857279863,0.09826626920992662,0.4,-1.7484841162492952,20.0,0.2500698509384234,0.2,,0.9342712540514985,2.8720197657420576,0.5001628025334509,0.757308284207614
2025-06-30,0.7205974917210209,0.2264493847154373,0.7,-0.33448939508869147,1.3257494574956628,-0.14519894704364056,2.0,2.3383842544454514,1.0,0.2950727940215591,0.39887246483933103,2.1548179404413506,0.014004383122914304,0.1503595341079635,0.38,-1.7484841162492952,20.0,0.1647388413108284,0.15,,1.05063967453757,3.847008039500705,0.6297394203245116,-0.18173180211887513
2025-07-01,0.7944988690306312,0.17656878775873575,0.7,-0.36540501732029895,1.3353133456401785,-0.13107520072351866,2.0,2.3237139728381626,1.0,0.2481349940946421,0.269727486642544,2.187688670206605,0.011365183184174074,0.22234785607024998,0.36,-1.7484841162492952,20.0,0.14613109969688926,0.15,,1.1892577182455593,4.418720051105392,0.5919551958084227,0.08002290185994954
2025-07-02,0.8595225129839568,0.13548080984504463,0.7,-0.33313696583132335,1.3949357263706357,-0.10954357634466008,2.0,2.3085266909860294,1.0,0.23348476381048971,0.6784400367057608,2.2283833629765177,0.011305026326886741,0.29488956925187904,0.34,-1.7484841162492952,20.0,0.19171577789722022,0.2,,1.1754027551946473,4.305614050140565,1.1093313910935463,1.0259860609286804
2025-07-03,0.9159689496119597,0.11137819563716234,0.7,-0.3072034164333123,1.4188188149803285,-0.08322074465802606,1.0,2.2929002270222063,1.0,0.21176358102509413,0.2837077071187206,2.2727748617382826,0.009531069450904154,0.3691655782987128,0.32,-1.7361791138061786,20.0,0.30373414819144584,0.25,,1.1800086614181475,3.8716702354636356,0.6832463426651383,1.5669498107045183
2025-07-04,1.0334217408423219,0.11940931881141148,0.75,-0.18692411294216602,1.487965316074107,-0.04339469953284624,1.0,2.276876297865078,1.0,0.21622481577140545,0.5525003765429441,2.291138035429407,-0.005618681034639009,0.4424931100367902,0.3,-1.7233570090286952,20.0,0.2699269251640834,0.25,,1.1507299138907923,4.421911209310657,1.0178490225641037,-0.4320020876223629
2025-07-07,1.1651216800448325,0.1762709195589336,0.8,0.022837844426818972,1.6091154335345181,0.029364269168101698,1.0,2.2604381664375053,1.0,0.2480271348884925,0.8573038501706723,2.3196487880002623,-0.01582575633051492,0.5166207094734411,0.28,-1.7191716624673794,20.0,0.23225482833969494,0.2,,1.2345449593456743,4.31365124897509,1.5259966942009964,0.2587851212444553
2025-07-08,1.287642351278321,0.24287739396809338,0.85,0.23799299882807354,1.774490165741681,0.12556324129303406,1.0,2.2435280854657838,1.0,0.2949515239760379,0.8583045347639868,2.340615843427062,-0.02414665872760843,0.5898202473948551,0.26,-1.7089283371669841,20.0,0.20101525453964292,0.2,,1.3411541788809167,4.211863102257493,1.72522930389392,-0.600033586441209
2025-07-09,1.4244552219263553,0.39097808195633355,0.9,0.4393279164342593,1.9274505171220007,0.2452575594692772,1.0,2.2261702898955953,1.0,0.3733356695713332,0.9523795454415668,2.3544278266269765,-0.03314638082996676,0.6677341483243532,0.24,-1.715319957085886,20.0,0.24229838655324976,0.25,,1.2852268238292506,4.116453528858635,1.8406258833667113,1.0978138983847348
2025-07-10,1.5052536810438668,0.43007443716963456,0.95,0.5573980797570947,2.068634043909841,0.37542821379992203,1.0,2.20834729235929,1.0,0.44286017373732367,0.9006608795721995,2.368101381976136,-0.03684899291984626,0.7449965057352199,0.22,-1.7128386392230084,20.0,0.21550096298813295,0.25,,1.413215294108009,4.027315954806673,2.0234504577811117,-0.2193996628100219
2025-07-11,1.6084112100539794,0.5604334329466275,1.0,0.7001655064473236,2.1586119559584955,0.5162480331150071,1.0,2.1901391908230616,1.0,0.5357114787726207,0.7334366743661866,2.3775324794801453,-0.03766729036031236,0.8213240332064206,0.2,-1.6863946660493707,20.0,0.2371896453290277,0.3,,1.6256038756421516,3.941492585505012,2.135788923936349,1.1706860066853189
2025-07-14,1.6555240070266766,0.5764790921908518,1.0,0.7882859282857438,2.2721957716731227,0.6405322972368923,1.0,2.1714503159896963,1.0,0.625410461760514,0.5021964702477028,2.3861118671481183,-0.034412936763907304,0.8969039992918465,0.18,-1.6502325458913094,20.0,0.273927733000435,0.3,,1.731495821499762,3.8588202963670715,1.9533257353446731,0.9821098875135335
2025-07-15,1.6703469512166567,0.5716627803724679,1.0,0.8080835935439985,2.3173322276704886,0.7326892109105494,1.0,2.1523893352585235,1.0,0.7069393219981087,0.4521545492960227,2.395189534431248,-0.03427367220166422,0.9731539219995591,0.16,-1.6112217348810507,20.0,0.33466432085236997,0.3,,1.6267374354628472,3.7748043230928663,1.8231300758797315,0.9258578508272217
2025-07-16,1.715378099406109,0.5970281444651582,1.0,0.8898379780379061,2.4049231256065142,0.8063291775912663,0.0,2.133006763951527,1.0,0.7769829222220992,0.5280461750991999,2.40605502662558,-0.027806759244338376,1.0463005859078744,0.14,-1.5727143876639198,20.0,0.3886624594756906,0.3,,1.669817918531516,3.6909671286520935,2.074667483446271,0.4338632738304313
2025-07-17,1.7436605992839946,0.6055425693658028,1.0,0.9877597146609906,2.5034335757985033,0.8662522871756135,0.0,2.1132991592456567,1.0,0.8334640700698005,0.6256528863494524,2.4060812478053712,-0.026083208413669148,1.1175157634308133,0.12,-1.5265911492849726,19.0,0.46092145885019226,0.35,,1.6956833188019689,3.6082589766341107,2.3565035037475686,1.1568860231103149
2025-07-18,1.7711640456326143,0.617164542296027,1.0,1.0844568411256668,2.5796981415677096,0.9210818277030846,0.0,2.093273575880003,1.0,0.8780948496993476,0.5004875719711895,2.4120777265594087,-0.021060783774092092,1.187549096776045,0.1,-1.4788762397114905,18.0,0.538079573733334,0.4,,1.7190103827347398,3.528684963896447,2.2563677372587847,1.2789011394442347
2025-07-21,1.8087250417938414,0.748919890522846,1.0,1.1658965000949124,2.6001895956227967,0.9585672347265699,0.0,2.0729193276267988,1.0,0.9310186594734885,0.20031034091878552,2.396662903926873,-0.02170542072490854,1.2574449001872248,0.08,-1.4396514475784128,17.0,0.5457111928495172,0.4,,1.501960115112837,3.453995598605609,1.5726721451986452,1.7585304231639836
2025-07-22,1.8087250417938414,0.7637460627583168,1.0,1.2500065852307163,2.665198999865449,0.9902504341788336,0.0,2.0521852686703825,1.0,0.9767278957132882,0.30009751559543385,2.382468039971194,-0.016000421833122305,1.3179815539322528,0.06,-1.399495362054113,16.0,0.5457316420638014,0.4,,1.520783157372182,3.3846130679970545,1.7943713373513854,1.4631228607875115
2025-07-23,1.8087250417938414,0.781882418460466,1.0,1.355191123263061,2.7381178555639782,1.020247755596988,0.0,2.031094362957313,1.0,1.0082806657771273,0.20776312060420643,2.3621316120278406,-0.021020557506662367,1.366332072367258,0.04,-1.361823407292218,16.0,0.6722548472477431,0.45,,1.3246043642056018,3.317637821016004,1.4614682615146888,1.4316688981512085
2025-07-24,1.8087250417938414,0.8266576950929858,1.0,1.4609746579757088,2.8050189185517684,1.057050559587124,0.0,2.0096457442603946,1.0,1.0662593592063243,0.1598152156763759,2.332273339766558,-0.03146761015539144,1.4069641257894054,0.04,-1.32647617882801,16.0,0.7608263513594398,0.5,,1.2341328405112106,3.2505092654904595,1.309683586758196,1.261201725337553
2025-07-25,1.8087250417938414,0.8962380527349472,1.0,1.555368030469134,2.863836227003127,1.0943198762748927,0.0,1.987805729254528,1.0,1.0938910676147713,0.17282428319435517,2.3155926907921365,-0.03577250769503401,1.4500805464806084,0.04,-1.28730372438402,16.0,0.8436719367979089,0.55,,1.318142705178271,3.1842937544188485,1.4341193634387535,2.414219992976996
2025-07-28,1.8087250417938414,0.8986401660958648,1.0,1.6363086855282036,2.9601229814921437,1.1421655396746317,0.0,1.965580523165082,1.0,1.1248546412714502,0.28937841438425027,2.3110170516777204,-0.032564438608850124,1.492091653132129,0.04,-1.2517694014208596,16.0,0.9578982235483826,0.6,,1.3812784805749023,3.1231138085550354,1.683306274116582,2.102793932890599
2025-07-29,1.8087250417938414,0.8592825577694323,1.0,1.6314518797651472,2.9200157530761657,1.1384147154271047,0.0,1.9432928073176174,1.0,1.1260795513134023,-0.409465633837536,2.269952324119848,-0.04922133659885451,1.5345365831478586,0.04,-1.2049675850979051,15.0,1.0163432057305584,0.65,,1.1693348951453972,2.584461528895935,0.6106851754249266,1.2489225455034707
2025-07-30,1.8087250417938414,0.8306706804791586,1.0,1.6093230680669357,2.902890582701353,1.1063775125601494,1.0,1.9216783856065984,1.0,1.0935833261468493,-0.6235746425723967,2.2433567661446916,-0.05633271507336349,1.5786763388302703,0.04,-1.16138110074904,14.0,1.1089296101316353,0.65,,1.2054497421167538,2.539166070614093,0.35423806145185016,2.8767006526828296
2025-07-31,1.8087250417938414,0.8193256383566714,1.0,1.5904181083964413,2.8632590986564197,1.056807190594356,1.0,1.9007064769351296,1.0,1.0796590112952718,-0.6006653807789138,2.2284831867552226,-0.06122632025883161,1.6169595414601636,0.04,-1.117031693051367,13.0,1.1744678270439202,0.65,,1.1736851119227762,2.7286421677369628,0.35272967251382875,2.8767006526828296
2025-08-01,1.8087250417938414,0.7884838778035701,1.0,1.5093811354931932,2.795410249253488,0.9869962815582906,1.0,1.8803487756053319,1.0,1.0324812997037522,-0.9398872165032879,2.2100878548921985,-0.07059612559989659,1.649495724191751,0.04,-1.0746681938093383,12.0,1.27187308006744,0.7,,1.0891349529218837,2.2150546479574076,-0.06429113517440332,1.516102972848031
2025-08-04,1.8009262996577846,0.7950400760721623,1.0,1.4392493889733788,2.7814280600247967,0.9172412885198149,1.0,1.8605786295682418,1.0,0.9828248293036642,-0.6239652129636828,2.1948302107006596,-0.07116908257993833,1.6610760814562178,0.04,-1.0306996679041616,11.0,1.3176048668154658,0.75,,0.7987820570220259,2.863173858245072,0.19406480711215826,1.173420856204974
2025-08-05,1.7758749942625305,0.7956143546710123,1.0,1.2821507390660645,2.712659346035887,0.8525542555817346,1.0,1.8413699350336699,1.0,0.9161284417130708,-0.8945880183931089,2.177306093551273,-0.06869229585943949,1.6710257200735057,0.04,-0.9948445613757138,11.0,1.491492253585037,0.8,,0.661659140907681,2.5866030775206026,-0.031462678337800004,2.8767006526828296
2025-08-06,1.7578888521541447,0.8026817829640289,1.0,1.1923412054243976,2.701131832337376,0.7999763171617318,2.0,1.8219941881497559,1.0,0.857345402788202,-0.5738160366217409,2.162753962928475,-0.06291151686548753,1.6834946960459494,0.04,-0.9582232233123973,11.0,1.4399938585058678,0.75,,0.7857585301839105,2.7399679005264894,0.20153143301221715,0.06784599680134867
2025-08-07,1.7400583909355476,0.8099092213949413,1.0,1.126859463494887,2.6518557068386515,0.7525831664067081,2.0,1.8020766912302342,1.0,0.8024796705410697,-0.4782218675476483,2.1557704502683275,-0.04984038534062804,1.6960327985008723,0.04,-0.9226219448834878,11.0,1.5537886315686904,0.8,,0.8694652155969539,2.6545082422931605,0.2908287952539259,2.056495798446432
2025-08-08,1.722535358805283,0.8174257060685709,1.0,1.087953984688779,2.6051665476727623,0.6982182577827327,2.0,1.7815354379268356,1.0,0.7422576020870022,-0.6823819655496555,2.15711012759372,-0.03509483800641795,1.7122702884743644,0.02,-0.880512848249213,10.0,1.5875254433856678,0.8,,0.9971611129266346,2.5742466914707394,0.10909145146516154,1.8454222430248646
2025-08-11,1.7052083920457783,0.8252169872594339,1.0,1.057418840717133,2.5605619555439474,0.6478835287245599,2.0,1.7602954846318517,1.0,0.6727110814992514,-1.02860184853865,2.148874153132311,-0.018902719109839258,1.7267185042188617,0.0,-0.8403687155091646,9.0,1.6222891876493601,0.85,,0.9505164732559269,2.4908937154890918,-0.24981074792588592,1.6773847727873823
2025-08-12,1.6881836230837393,0.8331586084168914,1.0,1.063710079600546,2.5177670256044573,0.6167236270283936,2.0,1.7382410912101556,1.0,0.6637783773853122,0.18405937469124434,2.133499445391371,-0.008699111249259601,1.7317007408839071,0.0,-0.8018458586533125,8.0,1.645185025030867,0.85,,0.841390696843516,2.4064906591699557,0.7926521697536014,1.3837745984573597
2025-08-13,1.671527686135325,0.8411619374262299,1.0,1.0116842873020293,2.476737537177929,0.5899387290370866,2.0,1.7153081445675844,0.95,0.6337225975193477,-0.1047197821447049,2.124925020236523,0.007518054327467414,1.7299297506688853,0.0,-0.7611876964242754,7.0,1.754652483798918,0.85,,0.904465324658093,2.322655710751569,0.580065926099698,2.623212449191447
2025-08-14,1.6552307746456996,0.8491342795224207,1.0,0.9287082905076538,2.437096314754748,0.5839564722189701,2.0,1.6914235238806075,0.9,0.6076599953415575,0.12420358189735148,2.122442710580773,0.023228794395394055,1.7230598824525356,0.0,-0.7196592837253923,7.0,1.8081031534904022,0.85,,0.9324277146498159,2.2376133886298697,0.8097717594560164,2.725804469855016
2025-08-15,1.6327161954748117,0.8502871447208118,1.0,0.786422864598895,2.398735490721854,0.5762869421708652,2.0,1.6664867386789755,0.85,0.5635888075964715,-0.30010895297979573,2.1234558054931507,0.03280041344476894,1.718603311470469,0.0,-0.6710589860071298,7.0,1.8081031534904022,0.85,,0.9013170984049065,1.970631487125781,0.3886237478765181,2.3517478016852302
2025-08-18,1.610592273182982,0.8523559540225594,1.0,0.6992274521319519,2.3616990445935717,0.5701499695660982,2.0,1.64049461928,0.8,0.522108610780165,-0.49397857143948803,2.1220722936238667,0.033169206671747754,1.710257436834401,0.02,-0.6265010139225552,7.0,1.8081031534904022,0.85,,0.7433988567684019,1.8957319400291588,0.16167133231544925,2.0619842581724903
2025-08-19,1.5887746338847462,0.8554663381402015,1.0,0.5738189080409626,2.325960256888051,0.5642733611431601,2.0,1.6133697868257433,0.75,0.5064595493653605,0.16555676825010046,2.118986392974385,0.03806956207773141,1.6962261132422023,0.04,-0.5771202721806395,7.0,1.8081031534904022,0.85,,0.7737560104565305,1.8207329966532757,0.6707832489278056,2.3878940798416033
2025-08-20,1.5541425833460036,0.8325196051134796,1.0,0.37029468848743147,2.291502711914127,0.5561713909814106,2.0,1.5850119558423397,0.7,0.4611768267602489,-0.48187080001901583,2.1204621811752546,0.04321697343036984,1.682454465908413,0.06,-0.5275265083913494,6.0,1.8081031534904022,0.85,,0.8714468460229788,1.4155953873134874,0.17225881721506994,2.538351830248439
2025-08-21,1.520085724719718,0.8167478811185229,1.0,0.14793505360833806,2.2581712063438264,0.563536645045311,2.0,1.5554382372381064,0.65,0.41860794056030654,-0.4480476082782834,2.1220553956072354,0.04850365306902875,1.6603473648922162,0.08,-0.47800547362504586,5.0,1.8081031534904022,0.85,,0.8406776829829313,1.3587555618811504,0.1764077659232233,2.8588938976289247
2025-08-22,1.4670390200166465,0.7536074245693464,1.0,-0.1278319622753384,2.101103465467374,0.5347133714316992,2.0,1.5246103874402583,0.6,0.3501665117494586,-0.9074915108035677,2.1086349383422793,0.04731349181974252,1.6313238248617739,0.1,-0.418704922667854,4.0,1.8081031534904022,0.85,,0.7512290548456462,0.8435136937555048,-0.21097792707320037,2.389928046718143
2025-08-25,1.4147886271674541,0.7124605056812872,1.0,-0.48361803354926997,1.8874489658685794,0.4361454104949579,3.0,1.4925812503339118,0.55,0.24210784450115272,-1.5297363317878092,2.0768316560105373,0.041440619068668666,1.5932660893055737,0.12,-0.34858689436957313,3.0,1.8081031534904022,0.85,,0.6077560375017982,0.8122574447293833,-0.5728193017863066,2.790213395584668
2025-08-26,1.383711960470811,0.6866866585421181,1.0,-0.6059918984470201,1.776673167099959,0.39256808292328527,3.0,1.4594414532531972,0.5,0.1895671806534378,-1.0883960015127423,2.0540142012076243,0.02676508673493849,1.55249361225369,0.14,-0.28033399033428347,3.0,1.8081031534904022,0.85,,0.7720121984125824,0.9296217877444608,-0.40805727998870805,0.45347374963733256
2025-08-27,1.3664176292353358,0.6816692966328707,1.0,-0.7374263685572164,1.6772820080667,0.37067938868205963,2.0,1.4250776282951805,0.45,0.1437813438470479,-1.1535381164574954,2.02274725385782,0.012453973929311713,1.4957462798722232,0.16,-0.22103802538155784,3.0,1.8081031534904022,0.85,,0.4256275988962021,1.1716460291835609,-0.2646777651768327,2.318680777953368
2025-08-28,1.3428428120084335,0.6812016174620168,1.0,-0.8204200709721039,1.6022383209239734,0.372092786083421,2.0,1.3894550493853781,0.4,0.08064835923322645,-1.4562257168055135,1.9982412608190605,0.0022526857661251186,1.4316187606359378,0.18,-0.16076082705357725,3.0,1.8081031534904022,0.85,,0.45667514818621696,1.1237496881468296,-0.43937990820932954,0.5633629018428573
2025-08-29,1.3139271196173337,0.6520080542397224,1.0,-0.8717269580844166,1.530441061653957,0.3938795279555416,2.0,1.352520019876145,0.35,0.046998764511431,-1.1916981367592134,1.9710553503118309,-0.009231893631810848,1.3593746427743034,0.2,-0.10519218978084798,3.0,1.8081031534904022,0.8,,0.28655239603408494,0.6965166764289789,-0.20976249596105528,0.8899830257362615
2025-09-03,1.2719860961014924,0.649486074107305,1.0,-0.9353059587924855,1.49140584590842,0.3959579682153388,2.0,1.3142338348475193,0.3,-0.00515234628833045,-1.227416855429565,1.9413905604961585,-0.020297623462410496,1.2840346639190696,0.22,-0.04897175461797056,3.0,1.8081031534904022,0.8,,0.17753208077326063,0.7904665647618674,-0.14203832828384685,1.4434850966653436
2025-09-04,1.2507824922476105,0.6539027947624969,1.0,-0.9158092378032191,1.4768640306143335,0.3804751124606789,2.0,1.2745462566640555,0.25,-0.04741031638770161,-1.2897997278895303,1.9181956545254253,-0.025702921003773214,1.2049209106663596,0.24,0.0042099987469496145,2.0,1.8081031534904022,0.8,,0.21628230092911957,0.9877784579738609,-0.19307750051091696,1.3486395252007146
2025-09-05,1.2169793646376221,0.6632917223235586,1.0,-1.0121564071990232,1.4149109933957398,0.30828985405875214,1.0,1.2340963448858644,0.2,-0.11942401161273164,-1.5494687465862933,1.894599372549216,-0.036757017176034364,1.1247837772990776,0.26,0.05578178706215112,1.0,1.8081031534904022,0.8,,-0.04878725828666105,0.8277921433915807,0.05775405368761144,0.39586693615407476
2025-09-08,1.1643207009414003,0.6516440810033362,1.0,-1.2039678319814973,1.2871360569068295,0.1644448707027794,1.0,1.1932654818241757,0.15,-0.2047672235902213,-1.706739567531918,1.865774571610777,-0.050904640390432764,1.0481601660982347,0.28,0.10010443817487523,0.0,1.8081031534904022,0.8,,-0.22442240447797793,0.4717809043413972,0.30799117170008905,1.784921327586569
2025-09-09,1.1189540582295674,0.6567110617055743,1.0,-1.3397272153832986,1.198616803680675,-0.006086751055038464,1.0,1.1522421196336388,0.1,-0.2504006349493103,-1.1193608042188397,1.838550167878379,-0.05979881426006276,0.9713244535253027,0.3,0.13624390946570708,0.0,1.7736581936545974,0.75,,-0.19773949619013434,0.5484930182043566,0.15883745284500672,0.48556093214472446
2025-09-10,1.0609946491581081,0.6474801708338953,1.0,-1.5141467511779447,1.099985201783538,-0.19331420301382105,1.0,1.1110948005307966,0.05,-0.2702832706510658,-0.9682309566724696,1.810639732044713,-0.06588676902068999,0.8864022860619084,0.32,0.16408671290745447,0.0,1.6675620641409317,0.7,,-0.36585698971764286,0.3284579881445369,0.2416370225767835,-0.4445378174859352
2025-09-11,1.0104372584509806,0.6567899564417526,1.0,-1.644530155656514,1.0259193338938029,-0.37622183355823147,1.0,1.0699801567428708,0.0,-0.36505497301211165,-1.245334129839083,1.7967019264178632,-0.06518831209080965,0.7909088807238629,0.34,0.19138307260954796,0.0,1.6260618124389539,0.65,,-0.17965646946780753,0.4017302616373511,0.1712773278846869,0.5537695644178043
2025-09-12,0.9604540037762069,0.6728564978832405,1.0,-1.6900060145033002,1.0039101533124366,-0.5430893584766815,1.0,1.0289495920697171,0.0,-0.4326415715872818,-0.9997159903400694,1.7776294056386905,-0.06031785936573155,0.6906791102513451,0.36,0.2299819137756915,0.0,1.5098983441394271,0.6,,-0.16965474623113497,0.3776846128834706,0.12052209466659458,0.2999430832009116
2025-09-15,0.9176001715510183,0.7024344843615196,1.0,-1.6527531565362747,1.0380609273006771,-0.7067684440640782,1.0,0.9880304028753575,0.0,-0.48975633176326905,-0.5693823031534,1.7650553656309724,-0.04692053931395928,0.5805375913359506,0.38,0.27567256278136953,0.0,1.3924410481450953,0.55,,-0.10373983720575497,0.432537286378871,0.028408110482654295,0.3766585499683803
2025-09-16,0.8949391967757704,0.7269530581747579,1.0,-1.5931376926274174,1.031402634064414,-0.8510249742556171,1.0,0.9472405898812255,0.0,-0.5126862142948208,-0.33062438610584277,1.753810258201503,-0.04243146867545693,0.46864555378470835,0.4,0.3119049747973047,0.0,1.2843024906998837,0.5,,-0.29768230218882347,0.5506712234133412,0.00816378339521478,0.18897665278099618
2025-09-17,0.8791465127630904,0.7504048394633892,1.0,-1.5936876072798216,0.9843585585706331,-0.9819672658496952,1.0,0.9066187424595167,0.0,-0.5344345981595773,-0.5197540475398824,1.7256647906792113,-0.04604179726438584,0.35452780462003647,0.42,0.35182313416803596,0.0,1.1804235416682989,0.45,,-0.47120599592486273,0.5802897158523355,0.10248343150295494,-0.0155947224592043
2025-09-18,0.8439956279187891,0.7800689691859035,1.0,-1.6308036235380337,0.907335887620887,-1.1182998865171592,1.0,0.866304629078431,0.0,-0.613157350824598,-0.9944399494259917,1.691977029894463,-0.051056547881781066,0.23902867492574678,0.44,0.38981343892850195,0.0,1.0391111572430818,0.4,,-0.5121222497619516,0.34427861993310716,0.3623453114220094,-0.4383536086627379
2025-09-19,0.8091498356999439,0.7721893567218217,1.0,-1.6219832731832176,0.8151709185132271,-1.2635497034926597,1.0,0.8264621740226753,0.0,-0.6528610007975041,-0.8671732071075441,1.6566634211475861,-0.05200921313498718,0.11960041964653517,0.46,0.43327409745183537,0.0,0.9251487845418136,0.35,,-0.5694599345499981,0.19750658648446803,0.33962766586183185,0.25910437622307486
2025-09-22,0.7483740363367772,0.7066125662639898,0.95,-1.6479079799234289,0.6771443941146041,-1.4509395346345548,1.0,0.7871394417746508,0.0,-0.6994572825355325,-0.9815750133021472,1.6095271121006676,-0.05325072931375844,0.000172164367323564,0.48,0.47292001160303704,0.0,0.8132723206340806,0.3,,-0.7020955421408,-0.041080250269029166,0.5069731378420518,0.6213646194742669
2025-09-23,0.714208852246165,0.6661599424004964,0.9,-1.598332846922337,0.561064370411183,-1.6128439831697072,1.0,0.748507940914259,0.0,-0.715228770790744,-0.842080417109224,1.5570255372586417,-0.06362928831623342,-0.11925609091188803,0.5,0.4978835871063359,0.0,0.6851307092049492,0.25,,-0.8238337013234925,0.014700266257672531,0.4912301535647707,-0.17290418186448417
2025-09-24,0.6933443984675383,0.6536490512633321,0.9,-1.440022002666699,0.5099484193310206,-1.700652737367236,0.0,0.7105675064390062,0.0,-0.6859517452266422,-0.5896190677443194,1.5085604959701453,-0.07862628476797626,-0.23868434619109966,0.52,0.5139226483370849,0.0,0.5462024376251383,0.2,,-0.7994081007828878,0.11193545619030838,0.2853684560271457,0.011647963988448133
2025-09-25,0.6658544590697059,0.6451708372450125,0.9,-1.3651754544482022,0.4800725054362346,-1.775111786306861,0.0,0.6731951006123691,0.0,-0.7047896090014336,-1.1251559534983357,1.4727374840302578,-0.07936151109438946,-0.35811260147031126,0.54,0.5284375151188287,0.0,0.5665010248255438,0.2,,-0.7188692384930713,0.10386317898736433,0.6508070798804199,0.8594454936454405
2025-09-26,0.625199589385564,0.6528524170171128,0.9,-1.3455919600198556,0.40952828769130906,-1.840444841971896,0.0,0.6365296105741485,0.0,-0.7274739995409751,-1.2698064485722336,1.4272095853081077,-0.08639394158488334,-0.47754085674952285,0.56,0.5395466278131091,0.0,0.4513000828806281,0.15,,-0.8942994365865088,0.09585476801998927,0.9618554695103922,0.01466193905505507
2025-09-29,0.5649294670468432,0.6376709500292683,0.85,-1.3885641183313056,0.3036555830078291,-1.8409500514356287,0.0,0.6006989836230112,0.0,-0.7259038199916277,-1.1007025658143796,1.3861924088064228,-0.0885379422672417,-0.5961682462656379,0.58,0.546213280395472,0.0,0.4389452539732169,0.15,,-0.8539485717886475,-0.027124015722091856,0.7947907073182746,0.31626632369463314
2025-09-30,0.5244584776282177,0.6115748182863707,0.8,-1.4553997264393743,0.1763813307016538,-1.8409500514356287,0.0,0.5658496059829904,0.0,-0.7540511847214528,-1.4364910888744151,1.34610731531915,-0.08759157751054948,-0.7141377977116931,0.6,0.6022524122256011,0.0,0.4596635336868977,0.2,,0.018751831014760818,-0.024390540924211383,-0.024283034774588378,1.3043486200098775
2025-10-01,0.4906360665629495,0.6122926111740272,0.8,-1.5144055955895253,0.08603616445900886,-1.8409500514356287,0.0,0.5321136638354569,0.0,-0.7683753633638722,-1.1958495942543457,1.3193295416064674,-0.08379419253222042,-0.8323164911135876,0.62,0.6616119425105603,0.0,0.3650839927808255,0.15,,0.07534450128586556,0.04452146715894303,-0.08186593740295717,-0.44810572145609945
2025-10-02,0.4370712452587294,0.6299683160606275,0.75,-1.639927066946589,-0.04377779708451863,-1.8409500514356287,0.0,0.49956845399382493,0.0,-0.7955297194482182,-1.513111198632542,1.2760846281384792,-0.08051868023809527,-0.9443167674302209,0.64,0.7195319469111655,0.0,0.2927567835136823,0.1,,-0.10130326569474768,0.010917463494338212,0.14545099709056786,-0.09790466014214988
2025-10-03,0.3770360044173209,0.6263192710897449,0.7,-1.7398820624865854,-0.2005171000013763,-1.8409500514356287,0.0,0.46840611592225534,0.0,-0.8185423411206209,-1.6812236699098932,1.2372105082178506,-0.08365566355142658,-1.0513330220375667,0.66,0.7797128713133711,0.0,0.27591718261447146,0.1,,-0.10388647122388568,-0.04646675702380167,0.17079416131483702,0.05907491816985813
2025-10-06,0.3765144419780287,0.6266280720027448,0.7,-1.6715972711150242,-0.26854025598611353,-1.8409500514356287,0.0,0.4387040741546996,0.0,-0.7802995472116293,-0.6154307743996669,1.2083261770430085,-0.08806306895829456,-1.1553787502248902,0.68,0.8398523568087393,0.0,0.2171791861528439,0.05,,0.020956609397919213,0.11794219407676407,-0.012731491852880944,0.6101613983540182
2025-10-07,0.36937314459179127,0.6323148580581868,0.7,-1.6913447386851446,-0.3808092426158416,-1.8025890889405716,0.0,0.41026323065148773,0.0,-0.7918714580700784,-1.0057758524842937,1.1701733254334812,-0.09168074355905881,-1.2608420450243782,0.7,0.9007720747113893,0.0,0.15899197349124225,0.05,,-0.0601311032611506,0.10942957815974884,0.06221791789521283,-0.678183321087309
2025-10-08,0.36898973483978326,0.6324078695198648,0.7,-1.6497968925630537,-0.44654960691531054,-1.652492480438148,1.0,0.38316087321991243,0.0,-0.8077485093543654,-0.9108246239690994,1.1199149926365826,-0.09615214029085467,-1.363782998255052,0.72,0.9633539531048398,0.0,0.17113020180712218,0.05,,-0.1290116466604593,0.07899446913190528,0.12617462124964043,-0.20177325116833647
2025-10-09,0.3684891598150453,0.6327194175239967,0.7,-1.6112309670008382,-0.4905185996631457,-1.4919412533716954,1.0,0.35732827893226493,0.0,-0.7969543373092522,-0.635858780668066,1.112258577922377,-0.07734724575896036,-1.4650274772797038,0.74,1.0150618266606397,0.0,0.18635296938576723,0.05,,0.21611789209443769,0.09475815968911813,-0.15938192291137102,0.8582249159907052
2025-10-10,0.36800036047586504,0.6330205005495633,0.7,-1.5899164172423546,-0.4984654142961819,-1.3214692918988449,1.0,0.332746782614682,0.0,-0.7721654029301999,-0.08873829269463551,1.0980389224031168,-0.05821086837773986,-1.566998975024711,0.76,1.0721117698804654,0.0,0.21774008884507792,0.05,,0.21976290804271711,0.08714996443003165,-0.04716497853226425,0.9276854723871258
2025-10-13,0.36105917793183623,0.6386656922681296,0.7,-1.6334073686814345,-0.5122505183605905,-1.1489060239946807,1.0,0.30940336099463084,0.0,-0.7623551279948158,0.06738370023851481,1.0911760838666311,-0.026836345964867957,-1.6627348860400561,0.78,1.1279210264650563,0.0,0.2837574041014149,0.1,,0.3938602291354533,0.07945348120512537,-0.030577117646413837,1.6970048550951198
2025-10-14,0.32797907791690895,0.668583335063398,0.7,-1.6845021296474783,-0.5759607594619678,-0.9873798036310728,1.0,0.2873497887410957,0.0,-0.7637407632261302,0.1085454760057235,1.077870692222501,-0.003920103701747077,-1.7524986623798484,0.8,1.1828566564815857,0.0,0.3545533005754172,0.15,,0.2869093201319943,0.03889208390022908,-0.01581937316951489,1.6048945822610414
2025-10-15,0.28869458251867935,0.7224435778021072,0.7,-1.7007781527527146,-0.6480294977076174,-0.8310420557190726,1.0,0.2665738742654522,0.0,-0.7655837795446379,-0.0669106590634525,1.0506224900355203,0.004646355575250609,-1.8207003613812218,0.82,1.2381563393303785,0.0,0.43164222146158615,0.2,,0.12961175136267503,0.035292998187718305,-0.03296702216267641,1.5261836952641743
2025-10-16,0.2628276630156222,0.7390112284218269,0.7,-1.6480823441148917,-0.683306560784949,-0.6709745622527864,1.0,0.24701488185394677,0.0,-0.7207070988935558,0.39648133628242876,1.0209101232653162,0.010059482753410629,-1.8859265711898618,0.84,1.3011386475621176,0.0,0.5203100471769587,0.25,,0.12905466845593208,0.018430522808857066,0.02451998236079183,1.3350029056447148
2025-10-17,0.23723706954238027,0.7312899374997096,0.65,-1.619013896569422,-0.7564570882510302,-0.5252014191658115,1.0,0.22854631625222405,0.0,-0.6697611944214985,0.643127753483077,0.9736362374940261,0.004650194075158397,-1.9521075942646469,0.86,1.3629443998695279,0.0,0.5468700075114966,0.25,,-0.07506074546050485,-0.007354688257918161,-0.03171429065955505,0.7903035829138331
2025-10-20,0.1723030423352051,0.5504392173203523,0.65,-1.6095490294316326,-0.8948616628073554,-0.4361707675235806,2.0,0.2111385355121337,0.0,-0.6876435218109842,-0.8253605511602844,0.90182295654421,-0.019431323299406014,-2.017694114990217,0.88,1.4254233375220227,0.0,0.5051470760762643,0.25,,-0.37921585145123515,-0.11049766502667518,0.40945157657070597,-0.21309400923037825
2025-10-21,0.11436338995916047,0.46543110809625654,0.65,-1.5743541308822335,-0.9849217703883818,-0.3678850629587514,2.0,0.19479937806143272,0.0,-0.6982973661924123,-0.5234032533391493,0.8299633717001664,-0.0442518238075439,-2.0829492959195517,0.9,1.4810418044525306,0.0,0.6553090973160025,0.3,,-0.36111053445453517,-0.08059671515985982,0.2922649287084462,2.8303362429302763
2025-10-22,0.05667281906577486,0.4258816743843823,0.6,-1.5426111935179814,-1.0119204588180688,-0.3227304406333806,2.0,0.17948090314145265,0.0,-0.7203880632852723,-0.48264928608964597,0.7583827346115577,-0.06278427786679384,-2.1462891476943344,0.92,1.5383152092639119,0.0,0.6474756395166728,0.3,,-0.34360159427757847,-0.05542207541754031,0.27446504613614225,-0.1450211919981445
2025-10-23,-0.026782029650235867,0.3474611673991863,0.55,-1.5301262573230447,-1.0361918020038787,-0.2931982034367366,2.0,0.1651899982442145,0.0,-0.7200423317587009,-0.5511614210732494,0.6887050621590614,-0.07422741830011982,-2.205322117896591,0.94,1.5969092781514291,0.0,0.647031514001448,0.3,,-0.32721886594374333,-0.07945972186627917,0.29397535952991916,0.8505629833409446
2025-10-24,-0.10317617740449263,0.30024756817357545,0.5,-1.4933066852777963,-1.0765172568146832,-0.27006712552935475,2.0,0.1518763914715518,0.0,-0.7236320234930249,-0.7646088257641743,0.614521270597502,-0.08799194705017427,-2.260279381550951,0.96,1.6530962043136668,0.0,0.7045014106485499,0.35,,-0.3114368262366021,-0.06270300755319148,0.3573222356823212,1.164059871997093
2025-10-27,-0.1595491613409493,0.25706827587835757,0.5,-1.4270779813292906,-1.1217270758046067,-0.268971931698464,2.0,0.13942345080838947,0.0,-0.751675466266579,-1.065847577622596,0.5359630669776987,-0.09967180645181269,-2.3105642096447783,0.98,1.7081984166401256,0.0,0.7662588651136514,0.4,,-0.2965859418030477,-0.05379803841960478,0.4423855679584711,1.5514154129966633
2025-10-28,-0.20930226259740645,0.22917832976516872,0.5,-1.2800489377942854,-1.1054986019955728,-0.26054600471985273,2.0,0.12771578912159134,0.0,-0.7298667780445054,-0.41112801352567035,0.46542484291179215,-0.1082037414185094,-2.358769957099621,1.0,1.755924698817979,0.0,0.7022130129967911,0.35,,-0.2823110573100231,-0.04011428121242504,0.24244731444169731,0.02343157767267087
2025-10-29,-0.27232301045348983,0.21112353657723004,0.45,-1.1187039376667938,-1.0364851988585626,-0.24836478925250588,2.0,0.11663777073330754,0.0,-0.7136543475532767,-0.2978747388106859,0.3970987235137139,-0.11156293960939194,-2.4026551117849255,1.0,1.8073929985749906,0.0,0.7489124987042817,0.35,,-0.2689840486711296,-0.03224293709677625,0.20504823348246934,0.48588399269371296
2025-10-30,-0.3159198790741126,0.2056237725212342,0.45,-0.934400437964617,-0.982357006656139,-0.23460459022242092,2.0,0.10614181699342055,0.0,-0.6695924633646928,-0.07655558639738197,0.32835127875065245,-0.12056796003575444,-2.4418608757896667,1.0,1.85375789188329,0.0,0.8126645699612789,0.4,,-0.2527159138685217,-0.018548355940491507,0.14014614429854058,1.1771367649977948
2025-10-31,-0.3594292854620007,0.1878240185465354,0.45,-0.7470355463808408,-0.9509439163671526,-0.2286345625960386,2.0,0.09608065176583681,0.0,-0.6215532275122145,-0.19534862676002052,0.25426488451756235,-0.12777134981041913,-2.4805582247055504,1.0,1.899625440155913,0.0,0.870189905150626,0.45,,-0.24382306858285677,-0.016417437762991455,0.1665949186176159,1.209581621956799
2025-11-03,-0.4425420012164212,0.20431234960198874,0.4,-0.6947237699189642,-0.9667119322387909,-0.2782725393777443,2.0,0.08632755330854976,0.0,-0.6072627412441329,0.1751686558977733,0.1761460681190184,-0.1271815580982054,-2.510174488645403,1.0,1.945250104687924,0.0,0.9438980354798481,0.5,,-0.19449591379016887,-0.008329209395755356,0.06257070748796685,2.0843240049384604
2025-11-04,-0.5190845626234993,0.2350012129282324,0.35,-0.5614959875928258,-0.944831491945479,-0.3301920518337646,2.0,0.07693416518932059,0.0,-0.5604909101574632,0.3984288174619684,0.110183529010023,-0.12800096404760467,-2.5332181400781435,1.0,1.980327911776097,0.0,1.0853998351665748,0.55,,-0.14757733604706744,-0.0001971566848252436,0.014649676171606407,2.151852672647225
2025-11-05,-0.5759513176569329,0.26933414996794336,0.3,-0.5061091691249973,-0.9550405958938479,-0.38966423441779474,1.0,0.06779004674681233,0.0,-0.5223182876942426,0.29061629846434295,0.058380411768698265,-0.1308552136209764,-2.549227653034156,1.0,2.003011422295345,0.0,1.1141080765012368,0.55,,-0.14439595713302747,0.005063614592960185,0.030981176526363778,0.37239157552490254
2025-11-06,-0.6523698814662333,0.31842879778526,0.25,-0.48786143281724836,-0.9810912213994449,-0.46896228883227326,1.0,0.05888398861669343,0.0,-0.5082679001623254,0.0612593098761165,-0.0045124730781064895,-0.11668414292282077,-2.5670223736772404,1.0,2.026080741363354,0.0,1.0388919028429209,0.55,,-0.18829257528539958,0.014231540255711482,0.08594972537300688,-0.6460985571756116
2025-11-07,-0.7482265643876549,0.3675616551201185,0.2,-0.5609560754254215,-1.0634553581899604,-0.5904427039380434,1.0,0.05021000954849551,0.0,-0.5374213891377939,-0.26556077340248274,-0.06317595388501425,-0.1001560376545657,-2.573636581502614,1.0,2.056678532793273,0.0,1.0277140599944716,0.55,,-0.1523706878098491,0.030461462965367045,0.12154416818279161,0.7041286154181366
2025-11-10,-0.8698040927830025,0.40289087368941745,0.15,-0.6482954708131833,-1.1659553313632673,-0.7517733679162111,1.0,0.04179148944501393,0.0,-0.5559130228001112,0.08759042518244442,-0.12585853774826133,-0.07323924123473094,-2.5740977550178012,1.0,2.0849278281971952,0.0,0.992165297194677,0.5,,-0.1248992180556517,0.05666129390924007,0.05588829233419941,0.9860295990992312
2025-11-11,-0.9646047579267842,0.45177188295155624,0.1,-0.646533112713731,-1.2278316930140631,-0.911889969088775,1.0,0.03362490026372935,0.0,-0.582417929811738,-0.025934788926161967,-0.188512796008318,-0.048474756280713016,-2.564994594440301,1.0,2.1165782344429993,0.0,0.9271765943794958,0.45,,-0.07845912791178404,0.06085898956992201,0.045917053488992464,0.30512052595741923
2025-11-12,-1.0271428599450159,0.5409932340436174,0.05,-0.5554877334567186,-1.2076550554092098,-1.0396086041317956,1.0,0.025653231586023263,0.0,-0.5982760146626109,0.007038314453044037,-0.24865892920001292,-0.02879694476195783,-2.5481705186136367,1.0,2.146276349191561,0.0,0.8385107553673052,0.4,,-0.04953362950122845,0.04350184764467339,0.028309153065696174,-0.24713308497964026
2025-11-13,-1.076863963003224,0.6343853760609082,0.0,-0.49049339533074643,-1.177210065709373,-1.1437082468666784,1.0,0.017841888607781336,0.0,-0.6319692789752291,0.11614915298777556,-0.3152656149660764,-0.007545245809276283,-2.530094880148538,1.0,2.1777864820286394,0.0,0.7780466067978693,0.35,,-0.06739960680231875,0.0442251554394037,0.03261254136751597,0.12571993425599656
2025-11-14,-1.1136546226116857,0.710737872659207,0.0,-0.3680454071638083,-1.1268571812038335,-1.2049393240989124,1.0,0.010222580516854091,0.0,-0.6553567994229252,0.562344203900392,-0.36977887377906904,0.005605468462779531,-2.508364852067752,1.0,2.20962517269013,0.0,0.7033588354045796,0.35,,-0.06452959279859198,0.051070614070696733,0.002919022699284939,-0.7034518449519617
2025-11-17,-1.0655686183989221,0.681478065318897,0.0,-0.1283692148835023,-1.0242308674995106,-1.1640142035760408,1.0,0.0027295003754604793,0.0,-0.5579817412485949,1.4650264383671985,-0.41294793628419835,0.004936760098102738,-2.4914638128408466,1.0,2.2429552033895583,0.0,0.7095978148452309,0.35,,-0.10672228079122907,0.03059319181747601,-0.09261027988505272,-0.08831442041735128
2025-11-18,-1.0378503568968847,0.6630516427438946,0.0,0.043477520574449806,-0.9426392221104063,-1.0786552034603134,1.0,-0.004806796712136159,0.0,-0.4957227180695055,1.0399303110156128,-0.4603482150189542,0.004308947430410437,-2.4726680901251923,1.0,2.2771948133760005,0.0,0.5238953718644025,0.3,,-0.10382193006779812,0.04477257230771027,-0.045248726086836104,-0.8837126166862929
2025-11-19,-1.0305356235871745,0.6572757247012246,0.0,0.09614233033190811,-0.9189705571898026,-0.9847473432391777,1.0,-0.012417612993855517,0.0,-0.4480137983359449,0.7601610530565455,-0.5093381964631065,0.0037330282764960416,-2.4453200597421407,1.0,2.316207675789062,0.0,0.5274372656190331,0.3,,-0.07634180051830253,0.0615724687574095,-0.01186273455545886,-0.07418331690552851
2025-11-20,-0.991373311772621,0.653036636558018,0.0,0.12735630153653887,-0.914895186221445,-0.8858824234088656,1.0,-0.02010148432185307,0.0,-0.3829563635713712,1.004452132672727,-0.567531253009707,0.0031736907049288612,-2.415528799228994,1.0,2.35165345283851,0.0,0.4685495686909344,0.3,,-0.06225678586790654,0.05579191486137811,-0.02507347200915945,-0.3271909552210307
2025-11-21,-0.9664775934612688,0.6528871197950881,0.0,0.14388126211740518,-0.9423770665590925,-0.7851246067169384,1.0,-0.027855232515314205,0.0,-0.28870824397134515,1.3231709490048562,-0.6253263536514055,0.002649635736492585,-2.381995539176438,1.0,2.382270068306804,0.0,0.415452068562186,0.25,,-0.0637418315785981,0.07565728967733217,-0.04701774869032689,0.10210986942212505
2025-11-24,-0.969049098274397,0.6507264546690812,0.0,0.14518570349861454,-0.9909890509090336,-0.6642713366654347,1.0,-0.03567486489759755,0.0,-0.17819346276604345,1.277877032917468,-0.6884459517988957,0.0021635199867473757,-2.3426035746830887,1.0,2.4081298623082725,0.0,0.3445104204506977,0.2,,-0.06820383141696285,0.14277381693116872,-0.049018260364094,0.1325824507668967
2025-11-25,-0.9722037684138284,0.6493416514491561,0.0,0.04187024921165237,-1.0837255608800997,-0.5651976930913813,1.0,-0.043555187059722125,0.0,-0.14193330875141735,0.41931331737156763,-0.7462570999483192,0.0017316702241257675,-2.3033606238528694,1.0,2.4396255605578743,0.0,0.4028884374352348,0.25,,-0.08222395334887178,0.13850361103147868,0.010984452855206812,1.1909919173634123
2025-11-26,-0.9488992569579329,0.6417064881535295,0.0,-0.0344849111913273,-1.094376182402512,-0.4801138513068599,1.0,-0.051490062010626746,0.0,-0.09483551678298735,0.7198324848849095,-0.7937475931810805,0.001361793023847805,-2.2633046082460306,1.0,2.470574557200993,0.0,0.4499058743341832,0.3,,-0.07929734563825634,0.07957455974218848,-0.014245732035402707,1.4262327306726814
2025-11-27,-0.9389478917586223,0.6353750258032519,0.0,-0.10868828966442348,-1.1173770881871297,-0.3997707992275575,1.0,-0.05947362660564052,0.0,-0.055162143884899706,0.7600263169986966,-0.8365408326163215,0.001043461357419468,-2.2214954669488893,1.0,2.4986623470736653,0.0,0.38581879659747986,0.25,,-0.060394054185736845,0.08587019044653209,-0.014428588263897124,-0.10460478973627298
2025-11-28,-0.9299525208513304,0.6369509606553918,0.0,-0.18139083658499427,-1.1614521238165623,-0.31458522598258043,1.0,-0.06749958164841056,0.0,-0.01176341451200722,0.6912806207052699,-0.8762559610165832,0.0008194616769232891,-2.176375340135413,1.0,2.526551098246976,0.0,0.33534558660814556,0.2,,-0.014564108107910348,0.13158293955786446,-0.002690181192911294,0.20011742217011408
2025-12-01,-0.9211454213104217,0.6386653515055214,0.0,-0.22455625837619217,-1.222910733572716,-0.2111755415732207,1.0,-0.07556149100937345,0.0,0.002051502037644436,0.4491800509143065,-0.9074190179975892,0.0006474366282179333,-2.1297889891071504,1.0,2.553273006108336,0.0,0.23146174457752533,0.15,,0.00032448966947074,0.13886150202497,-1.4734661598855697e-05,0.006647164326055885
2025-12-02,-0.91217644116927,0.6371703037210351,0.0,-0.2856606562549004,-1.2634216694274278,-0.11186935313612449,1.0,-0.08365283460857191,0.0,-0.0023369168368161165,0.2963514242423175,-0.9342062651428447,0.0005305000010986299,-2.0832771266804597,1.0,2.582371437227966,0.0,0.13280496956020116,0.1,,-0.0101162613057418,0.12438742660010217,0.0018921067554702445,0.17871717230074147
2025-12-03,-0.8753698365115901,0.5802762474345857,0.0,-0.2582872036062103,-1.2456011458521585,-0.006774902804854865,1.0,-0.0917666708463521,0.0,0.023177597914471357,0.7556362412592343,-0.9659715958747603,0.0004723322084353882,-2.036690616786102,1.0,2.6144336155835237,0.0,0.12189832031605723,0.1,,-0.018018808816214982,-0.00829063046724998,-0.005328760062481585,0.15425859064202394
2025-12-04,-0.8120191929626058,0.5031808827563208,0.05,-0.17518004452057234,-1.1862578421741055,0.10918110697889953,1.0,-0.09989559302965415,0.0,0.07545213261867585,1.017791478179604,-1.0032629725129576,0.00046707871579172993,-1.9900274807573584,1.0,2.6467008776721297,0.0,0.1482883485105622,0.1,,-0.02488554717387359,-0.05676571370161964,-0.014658126913357421,-0.11829799328551233
2025-12-05,-0.7704700320090797,0.5149590751230513,0.05,-0.07924723696257249,-1.1710166969008866,0.23840797515442302,1.0,-0.1080327074879553,0.0,0.1276936520401612,0.6592396826496143,-1.0336436078921036,0.0005149425757061865,-1.9432898888217571,1.0,2.6821191954706,0.0,0.1183105565185256,0.1,,-0.03137819733774568,0.09422313143827435,-0.007754903441112795,0.10457277557740445
2025-12-08,-0.7169530173692944,0.58726957987035,0.05,-0.0035296927891806822,-1.1968511896563299,0.37852000488367354,1.0,-0.11617140829029167,0.0,0.15758719241376912,0.5496293396181469,-1.0634215443686756,0.0005822296313600345,-1.8964709904712687,1.0,2.714037362404856,0.0,0.12519837728527988,0.15,,-0.03796309165244308,0.15170345982370045,-0.005709789294379927,1.1237860144343166
2025-12-09,-0.6839177292151988,0.6369253271215078,0.05,0.00333282081908145,-1.2519731187509602,0.49442677155329734,1.0,-0.12430496437569254,0.0,0.1944204470773369,0.5331190598723536,-1.0940690436360518,0.0006670945271309046,-1.8495752045912102,1.0,2.6939557872736795,0.0,0.12274110643216471,0.15,,-0.045136310960144956,0.1857916887581832,-0.006834980956107196,0.25597510889511654
2025-12-10,-0.6828816863272947,0.6376617510108119,0.05,-0.07815279555753502,-1.3130092154532147,0.5613286061210687,1.0,-0.1324251825903213,0.0,0.20009759385390188,-0.08028832634619126,-1.1280673768374068,0.0007831023402015642,-1.8026037240220658,1.0,2.6733869917701556,0.0,0.21181464139974215,0.2,,-0.05124963430970886,0.19162260159084973,0.02347083957855093,1.534337614371908
2025-12-11,-0.7015110263617699,0.6213810701527092,0.05,-0.18173713031802702,-1.3848824634626518,0.5825730331803536,2.0,-0.1405245333668794,0.0,0.19590941687081562,-0.18528605290699257,-1.151417331386285,0.000916785978641329,-1.7555562746291,1.0,2.6523439688120125,0.0,0.18738312355879816,0.2,,-0.057062067595669085,0.25660916895379304,0.032390253349427835,-0.36291042256288325
2025-12-12,-0.7599137610481228,0.5247698455775769,0.05,-0.3574430182763654,-1.5078999445502428,0.542604032542364,2.0,-0.14859590730035463,0.0,0.1285555192880184,-0.9883025520675651,-1.1745669665550889,0.0010761158066745374,-1.7084327759543103,1.0,2.6308388847665243,0.0,0.26654047443116297,0.2,,-0.0627401468822691,0.4445714662808387,0.08735394492524415,0.8796951724953347
2025-12-15,-0.8297766172159011,0.47522403978872174,0.05,-0.5709129447817576,-1.6135732624508219,0.45891225403909636,1.0,-0.15663271104620696,0.0,0.01608814326273349,-0.9590902063995502,-1.2051471238002325,0.001255285034641032,-1.6612350249094268,1.0,2.6088832438740246,0.0,0.2824157239043158,0.2,,-0.06801084214806541,0.4234978390598017,0.09396232313088809,0.2291905690457057
2025-12-16,-0.8586960265870708,0.4744989787890287,0.05,-0.6748606120599314,-1.6281635023640944,0.3714827660966417,1.0,-0.16462879128787877,0.0,-0.041035515955640804,-0.28416885267535147,-1.2308023412547133,0.0014550311093302045,-1.6139656576386683,1.0,2.5864876575749984,0.0,0.3735976650708967,0.2,,-0.07315504464028584,0.2736604215905878,0.05169450361728994,0.9399262066453249
2025-12-17,-0.880313344007341,0.47221815910042597,0.05,-0.7365903455268501,-1.6572907235925491,0.28309707560890235,1.0,-0.17257783246280473,0.0,-0.11273618238836698,-0.8453204719183387,-1.2511727082544706,0.0016859527665919211,-1.5676893432836356,1.0,2.563662687259953,0.0,0.4311289341643425,0.25,,-0.07766202932330361,0.2802665091619205,0.09930050057880321,1.0764420649633881
2025-12-18,-0.9077674821272879,0.47417264984478935,0.05,-0.7685800558153634,-1.6750178351575633,0.19769020861854875,1.0,-0.18047456594277336,0.0,-0.1956839155031295,-0.8144305826486835,-1.2909345047256542,0.0019247083192241307,-1.5225470369170517,1.0,2.5404184242773344,0.0,0.46307415314145883,0.25,,-0.08161132602586507,0.2871922707499174,0.10252111617942665,0.3117134243212956
2025-12-19,-0.9210598535031449,0.4755982321256955,0.05,-0.7439933889848871,-1.6668190222942076,0.12853288183485245,1.0,-0.1883150712378538,0.0,-0.27173728533336783,-0.33868739536415693,-1.3296572891646303,0.002165464858928722,-1.4784757817795307,1.0,2.516764666185892,0.0,0.46180675646062513,0.25,,-0.0853252151722473,0.25912936893559624,0.06684714988577582,0.07676193580545264
2025-12-22,-0.8536019289214686,0.43763665963364073,0.05,-0.6401443708493633,-1.6004690621947626,0.08994790870371389,1.0,-0.1960964627498764,0.0,-0.35039274355180144,-0.4017587986495662,-1.3776278971180065,0.0024012188061995634,-1.4354248980720439,1.0,2.4927107385261014,0.0,0.5099879409672142,0.3,,-0.08903396929253793,-0.020829575708879264,0.07607122165952897,1.0962061408986747
2025-12-23,-0.8124142907528986,0.4302251470272148,0.05,-0.5259970658836147,-1.5671715953564596,0.08363016517220348,2.0,-0.20381744353403267,0.0,-0.3653280334602461,0.01284193966578906,-1.4180552062513803,0.002618622947749964,-1.3933409531298562,1.0,2.4682656180220524,0.0,0.5220663673775211,0.3,,-0.09289875812191932,0.08921783683688758,0.04015991783213667,1.4325604455695526
2025-12-24,-0.7711344401729503,0.38706367832998523,0.1,-0.493668263977503,-1.5356580774811186,0.09180650588243808,2.0,-0.21147823493538936,0.0,-0.4035961115408336,-0.14834745386974085,-1.4479720318950025,0.0028345622055490106,-1.3521749102983351,1.0,2.443437648912432,0.0,0.506054885012178,0.3,,-0.09670078066602295,-0.05880527590604706,0.056638809286237414,1.106003083365819
2025-12-25,-0.7831420197348467,0.38770593179099366,0.1,-0.49706494889120023,-1.5509990419472506,0.09578582465692796,2.0,-0.21907840578901902,0.0,-0.4686551995291307,-0.6228216714854975,-1.4768401244939497,0.003033294267460273,-1.311879937506197,1.0,2.418235023466256,0.0,0.5869225951622683,0.35,,-0.10054108576047723,0.2504638701399537,0.10680221450496391,1.5127494132655321
2025-12-26,-0.7611317731284377,0.3844156566110192,0.1,-0.49514280255895066,-1.581026769545121,0.09400416436463196,2.0,-0.22661849423188932,0.0,-0.47244629973779667,0.5260602403466592,-1.4924568967156142,0.0032579234515439145,-1.2724189209162724,1.0,2.3926656876054153,0.0,0.5879468752479825,0.35,,-0.10381227033685514,0.13768243279556328,-0.011304229279553189,0.2206030238843989
2025-12-29,-0.7392697328030826,0.38201418806743037,0.1,-0.4287059614491072,-1.5660341878499993,0.09632876193729176,2.0,-0.23410000504604866,0.0,-0.44343565604642,0.9262374621013807,-1.4888290483367381,0.00349621036252752,-1.2337587886745462,1.0,2.3667372849228103,0.0,0.638476635644993,0.4,,-0.10655621915128499,0.14164148876557775,-0.05698670827183355,1.0172423722662653
2025-12-30,-0.7173786934870476,0.3754269638307838,0.1,-0.35976949849188944,-1.5298979220323783,0.09806455064356272,2.0,-0.24152449844253834,0.0,-0.4183586135299002,0.6781554155510234,-1.4853183346741958,0.0037505756519929665,-1.1958608398336006,1.0,2.3404571671101264,0.0,0.6177483044715462,0.4,,-0.10896812294112686,0.10289798198367012,-0.03427098482125681,-0.23584945116819556
2025-12-31,-0.7430936329096234,0.3984732588011942,0.1,-0.3607625816775623,-1.5065507177146542,0.09152562519393226,2.0,-0.24889569745472748,0.0,-0.4032422475089663,0.9261222621186571,-1.4819467720903166,0.003985485607260868,-1.1586905256991265,1.0,2.313832419423807,0.0,0.6911084377225929,0.45,,-0.1116494437436865,0.14757262607335342,-0.06677312487019965,1.6214612556629575
2026-01-05,-0.7889880818998217,0.4511097042616691,0.05,-0.4443164856545512,-1.5230064514211032,0.07248036080888795,2.0,-0.25621797021062775,0.0,-0.4243198121390307,0.4832307458727297,-1.4786615105034508,0.004243526120529562,-1.1222087546319512,1.0,2.286869863600227,0.0,0.810815827804169,0.5,,-0.11381091876939053,0.19386454712865878,-0.019059959156305952,2.275849808346012
2026-01-06,-0.7801046336979024,0.44491926113941893,0.05,-0.4596040159060396,-1.5163728610575375,0.07665243147507801,2.0,-0.2634955427331169,0.0,-0.40702289740077724,0.8830038311704609,-1.4754539439531416,0.004529655170279385,-1.0863809873819128,1.0,2.2595760290557005,0.0,0.8856766088839398,0.55,,-0.11574517197291168,0.10934141344660116,-0.0686463024191955,1.601788397172818
2026-01-07,-0.7105483964634701,0.3642343949587371,0.1,-0.36007419724780887,-1.4414167189976026,0.11782705152763104,2.0,-0.2707327817479041,0.0,-0.39408823962487294,0.6770017745871879,-1.472285781794575,0.004822693780927867,-1.0511825689327385,1.0,2.231957178790292,0.0,0.8808433881216564,0.55,,-0.11745710276418042,-0.20499757921424058,-0.04805133092389674,1.027121599188652
2026-01-08,-0.6275521260714735,0.2895980038720761,0.15,-0.2455608412655257,-1.381039256035744,0.18413034408361464,2.0,-0.2779338277474849,0.0,-0.381331201358443,0.6563159725181571,-1.469146846427578,0.005079133333398153,-1.0165895927978486,1.0,2.2040193538064976,0.0,0.9428055937021675,0.6,,-0.11907628200847793,-0.25396836296647357,-0.04841290711109128,1.4952192205053378
2026-01-09,-0.5652435422136162,0.26228501705512197,0.2,-0.1584829866405506,-1.353429610932419,0.26961671752146377,2.0,-0.2851045029283492,0.0,-0.35123837222919263,0.3879406274448457,-1.4659948096865685,0.005331939143785419,-0.9825834526322267,1.0,2.1757684010516307,0.0,1.009974420431083,0.6,,-0.12053031280839151,-0.1155827775564281,-0.017342590025193876,2.8767006526828296
2026-01-12,-0.44294085418398843,0.1732402152708996,0.25,-0.0032469644869527413,-1.2747449875874624,0.3777936324494246,1.0,-0.2922488815085689,0.0,-0.2718426286102237,1.2469105656994997,-1.4628028336326409,0.005580804627065977,-0.9493605144612167,1.0,2.1472099821290236,0.0,1.1720056490067379,0.65,,-0.12177432549634208,-0.452635204265385,-0.12424426330303387,2.8767006526828296
2026-01-13,-0.27453327045974296,0.16107459583111283,0.3,0.22228117071913156,-1.1812017436277142,0.5291986835856493,1.0,-0.2993694120705564,0.0,-0.13938224785799766,1.4626960104791347,-1.459588163664859,0.005810023699607546,-0.9164654758162615,1.0,2.1183495654086766,0.0,1.1889123680854026,0.7,,-0.12300153704303078,-0.506410404547076,-0.15459992485403737,1.2178295540686268
2026-01-14,-0.13440587889543348,0.2015396770036787,0.35,0.4352688574732471,-1.086197171403527,0.7007113783128781,1.0,-0.3064666041036847,0.0,-0.0156885086013402,1.2767225879579491,-1.4563219029020207,0.006020794606011382,-0.8863439122368618,1.0,2.089192435581988,0.0,1.2854567390452747,0.75,,-0.12398433853100421,-0.36294531268216407,-0.13542762172344736,2.16007798824315
2026-01-15,-0.022233693282088608,0.19357857983303428,0.4,0.564861554038173,-0.9855729485655401,0.8598853294927211,1.0,-0.313540770232212,0.0,0.06610115910059848,1.1018441020001988,-1.4530027977168125,0.006203380768583074,-0.8593122119446973,1.0,2.0601984611452546,0.0,1.3665933215970063,0.8,,-0.12496348536974848,-0.41737294495230176,-0.11610986085245177,2.5626578576799552
2026-01-16,0.06915234214946404,0.2237332431277339,0.45,0.6922564820058449,-0.9014753347265633,1.0172195986577448,1.0,-0.32059198730779104,0.0,0.1793615476406678,1.1503245236252175,-1.4496666988060134,0.0063569915423723755,-0.8335394058923318,1.0,2.0321803596445496,0.0,1.3441283390390455,0.75,,-0.12621589942536873,-0.26688233888364127,-0.12452261325113025,0.6271424138041751
2026-01-19,0.1733107301438672,0.254365509521019,0.5,0.8059008186442955,-0.8198999197033953,1.166354618404191,1.0,-0.3276177512602726,0.0,0.3053245772177822,1.3896020409479648,-1.4462381332749732,0.006510505860753108,-0.806188300794643,1.0,2.0050754481206106,0.0,1.346460738291535,0.75,,-0.12704659020556952,-0.37438953646032064,-0.16046603380356728,0.3583614093710843
2026-01-20,0.2701379249535242,0.2889712175933681,0.55,0.865598575096547,-0.763918226707449,1.2975248719689865,1.0,-0.33461409645061474,0.0,0.40265921760465495,1.2584953857710546,-1.4427055394477615,0.00666823769281146,-0.7819939493173836,1.0,1.978827555172196,0.0,1.3550427131725498,0.75,,-0.1277198152088975,-0.3777087994597081,-0.14857048856337346,0.24840143342574722
2026-01-21,0.28630094486210556,0.2899013118981245,0.6,0.8212777823872135,-0.7486332193927778,1.3822598557955152,1.0,-0.34157529622732696,0.0,0.4908002804520704,0.976558222191649,-1.4390496128604828,0.006824746093986459,-0.7604094564022702,1.0,1.953386111006514,0.0,1.3631849991394671,0.75,,-0.12824962911049154,-0.16326803372714635,-0.11650382745990133,1.2590518602370206
2026-01-22,0.33574891826626935,0.3003061982413031,0.65,0.8584948058043773,-0.688383883250207,1.4218711669531392,0.0,-0.34849557507383955,0.0,0.5659479814569595,1.1075450666792324,-1.4353206087310992,0.006954682857869008,-0.7424884588159371,1.0,1.9287039057587265,0.0,1.320590444506496,0.7,,-0.12899585344629308,-0.2747843517773924,-0.13811022803151712,0.5806693529101316
2026-01-23,0.3449106452746177,0.3008617818370072,0.65,0.8380046372543545,-0.6825589956908968,1.4123102475946014,0.0,-0.3553684112037988,0.0,0.6398841595688912,0.897513828031779,-1.4314666398226907,0.007064933312832112,-0.7271695397672058,1.0,1.904738225823163,0.0,1.2993385041415983,0.65,,-0.12941349580829065,-0.16434014622579252,-0.1155677458706889,0.6809642760678686
2026-01-26,0.37410262813070894,0.3431790602355701,0.65,0.8121574336365013,-0.7263310559273122,1.368629815945806,1.0,-0.3621886371417311,0.0,0.6954698372982887,0.02948067562154202,-1.427458103919559,0.007148265853370238,-0.7116190881164087,1.0,1.8814493236275123,0.0,1.334808164135688,0.65,,-0.12956485083101818,0.12012239039119191,-0.006405585770175627,2.2221426131473216
2026-01-27,0.37636484337091036,0.34614943987759683,0.65,0.832140720750035,-0.7420190337668632,1.309336176393756,1.0,-0.3689501422063134,0.0,0.6863837113505717,-0.10526560857437134,-1.4233210700146068,0.007212039764161282,-0.6970213645103577,1.0,1.8588008169043782,0.0,1.397939679064929,0.7,,-0.12975874633410686,0.1810244162264902,0.009450517405712162,1.4832333224692191
2026-01-28,0.3718491065066723,0.33973629395179905,0.65,0.8091786134614505,-0.754589504077972,1.2189617418502776,1.0,-0.3756449934289292,0.0,0.6359910779402191,-0.510074071341701,-1.4190362723249619,0.0072698095445082375,-0.6806542114626896,1.0,1.836759945317575,0.0,1.4229193335800527,0.7,,-0.12987096161607048,0.24367308570571328,0.06143526587575197,1.5168354625687424
2026-01-29,0.36728277756710426,0.3343201114569425,0.65,0.7936812289418759,-0.7395429074684687,1.1095901007323667,1.0,-0.3822637890451954,0.0,0.5906336322893098,-0.6290652738652605,-1.4146081069538017,0.007329011047563612,-0.6651808220790071,1.0,1.8152949811486083,0.0,1.465598520385426,0.7,,-0.12987875363652543,0.18723257221249315,0.07697189411323113,0.6177342849392723
2026-01-30,0.37617950819762724,0.34493045567553404,0.65,0.8299943003592922,-0.6881536409204635,0.9946599987213357,1.0,-0.38879594641480625,0.0,0.553031237721717,-0.19880958645032046,-1.4100152130155497,0.007378931880396008,-0.652049067612388,1.0,1.7943771695787019,0.0,1.360949895528432,0.65,,-0.12956118660222216,0.12871422757391587,0.01995078598881275,-0.4715112414769256
2026-02-02,0.3848631548702436,0.3574970116996107,0.65,0.8921629524266204,-0.6512370885056854,0.8778530382782679,1.0,-0.39523034973361837,0.0,0.5251711125473452,-0.43347456834216014,-1.4052147769627341,0.007433716871916698,-0.6404664631144271,1.0,1.7739799151681996,0.0,1.3436111240014275,0.65,,-0.12916035019667352,0.1922262152258484,0.050337936029711525,1.9290743778059227
2026-02-03,0.3802085262206701,0.35173202405528814,0.65,0.9580801278444979,-0.5878408612952933,0.7452714091835008,1.0,-0.4015549348607449,0.0,0.46964824179501463,-0.5544818860832847,-1.4002118523153175,0.007493158098065974,-0.6294667768616167,1.0,1.7540784428181295,0.0,1.2788635203547232,0.6,,-0.12872285574265177,0.19371387101553192,0.06659812506444349,0.3068363242387333
2026-02-04,0.3489928851966224,0.3481750639283149,0.6,0.9554805750878524,-0.5205698421122872,0.5791916676348159,1.0,-0.4077582512841543,0.0,0.44268609117516944,-0.16859183427619556,-1.3950156986220075,0.007562461229040331,-0.618831498481313,1.0,1.7346498285461847,0.0,1.2733201692042786,0.55,,-0.1281568680558157,0.008283029436376071,0.016679124373572104,0.9162545761797578
2026-02-05,0.29114103919728207,0.33315256455595554,0.55,0.9049498780179623,-0.5118802810701629,0.3928699993679254,1.0,-0.41382955460115145,0.0,0.37582429957660796,-0.961584049846385,-1.389651130023693,0.00763077235851574,-0.6079488524118376,1.0,1.7156728013245703,0.0,1.2819483465997985,0.55,,-0.12772082924594041,0.19645349025795067,0.11886534409193729,1.6677827684157354
2026-02-06,0.2136129670321573,0.2524390955190957,0.5,0.8232474596572248,-0.5645766509581821,0.19158219220263786,1.0,-0.41975746822131316,0.0,0.3218036871817319,-0.9652414859509363,-1.3841586548875187,0.007695420208641518,-0.5977812491014651,1.0,1.6971274411052055,0.0,1.1536259494716838,0.5,,-0.127385375185224,0.5753849716936906,0.11929978398856371,0.3112662063879204
2026-02-09,0.08977416483087491,0.23008691455390728,0.45,0.6979085991303857,-0.6071451274862499,-0.007219895977289281,1.0,-0.425531841119145,0.0,0.22956976294355447,-0.847127533585848,-1.378542182040781,0.007755741610724187,-0.5892699478337884,1.0,1.6789948766716745,0.0,0.9789725002981495,0.45,,-0.12714055950435296,0.5776453574632636,0.10481411450062039,-0.6153548345204681
2026-02-10,-0.04654648701673059,0.22965353090957374,0.4,0.5276188701142883,-0.6763065073927025,-0.20360002137289665,1.0,-0.4311434707584224,0.0,0.12123589747844628,-0.9273634662167394,-1.3728399611069693,0.007807266888202783,-0.5839745729968374,1.0,1.6612573876423915,0.0,0.9811625078476061,0.45,,-0.12689566241658,0.6431114851009122,0.11544752375559861,1.261629705057758
