timestamp,vnindex_close,vn100_ew_close,composite_health,health_signal,volatility,agreement,market_cycle,w_market_cycle,contrib_market_cycle,market_trend,w_market_trend,contrib_market_trend,market_breadth,w_market_breadth,contrib_market_breadth,market_volatility,w_market_volatility,contrib_market_volatility
2016-01-05,569.94,99.22351481152965,0.0,0.0,0.16788541798616685,0.0,0.0,0.25,0.0,0.0,0.25,0.0,0.0,0.25,0.0,0.0,0.25,0.0
2016-01-06,574.57,99.79084348381335,0.0,0.0,0.19215076973636314,0.0,0.0,0.25,0.0,0.0,0.25,0.0,0.0,0.25,0.0,0.0,0.25,0.0
2016-01-07,565.36,98.05583414955488,0.0,0.0,0.1751563177918199,0.0,0.0,0.25,0.0,0.0,0.25,0.0,0.0,0.25,0.0,0.0,0.25,0.0
2016-01-08,560.05,97.15308853674654,0.0,0.0,0.193457686929907,0.0,0.0,0.25,0.0,0.0,0.25,0.0,0.0,0.25,0.0,0.0,0.25,0.0
2016-01-11,557.87,96.53235858134292,0.0,0.0,0.19098957216541532,0.0,0.0,0.25,0.0,0.0,0.25,0.0,0.0,0.25,0.0,0.0,0.25,0.0
2016-01-12,564.26,98.13808527318758,0.0,0.0,0.18349727351030323,0.0,0.0,0.25,0.0,0.0,0.25,0.0,0.0,0.25,0.0,0.0,0.25,0.0
2016-01-13,560.37,98.00548303029571,0.0,0.0,0.17413178644223318,0.0,0.0,0.25,0.0,0.0,0.25,0.0,0.0,0.25,0.0,0.0,0.25,0.0
2016-01-14,553.0301,96.760132246172,0.0,0.0,0.16020511702430218,0.0,0.0,0.25,0.0,0.0,0.25,0.0,0.0,0.25,0.0,0.0,0.25,0.0
2016-01-15,543.04,95.25798707898363,0.0,0.0,0.1712508898458631,0.0,0.0,0.25,0.0,0.0,0.25,0.0,0.0,0.25,0.0,0.0,0.25,0.0
2016-01-18,526.37,92.73077686908996,0.0,0.0,0.1862378044140752,0.0,0.0,0.25,0.0,0.0,0.25,0.0,0.0,0.25,0.0,0.0,0.25,0.0
2016-01-19,535.77,94.32853930806668,0.0,0.0,0.22340012697512907,0.0,0.0,0.25,0.0,0.0,0.25,0.0,0.0,0.25,0.0,0.0,0.25,0.0
2016-01-20,529.44,93.1591804085085,0.0,0.0,0.20694761718317073,0.0,0.0,0.25,0.0,0.0,0.25,0.0,0.0,0.25,0.0,0.0,0.25,0.0
2016-01-21,521.88,91.92710248209941,0.0,0.0,0.20823363938131997,0.0,0.0,0.25,0.0,0.0,0.25,0.0,0.0,0.25,0.0,0.0,0.25,0.0
2016-01-22,522.24,92.70824066323601,0.0,0.0,0.21094399132453726,0.0,0.0,0.25,0.0,0.0,0.25,0.0,0.0,0.25,0.0,0.0,0.25,0.0
2016-01-25,542.35,95.88206830696883,0.0,0.0,0.19204659147841782,0.0,0.0,0.25,0.0,0.0,0.25,0.0,0.0,0.25,0.0,0.0,0.25,0.0
2016-01-26,537.73,94.97849614087151,0.0,0.0,0.19120687583395132,0.0,0.0,0.25,0.0,0.0,0.25,0.0,0.0,0.25,0.0,0.0,0.25,0.0
2016-01-27,542.69,96.16778542007124,0.0,0.0,0.18959659622054242,0.0,0.0,0.25,0.0,0.0,0.25,0.0,0.0,0.25,0.0,0.0,0.25,0.0
2016-01-28,539.47,95.80212268068765,0.0,0.0,0.17682502664707417,0.0,0.0,0.25,0.0,0.0,0.25,0.0,0.0,0.25,0.0,0.0,0.25,0.0
2016-01-29,545.25,96.76426552059417,0.0,0.0,0.16697352042096408,0.0,0.0,0.25,0.0,0.0,0.25,0.0,0.0,0.25,0.0,0.0,0.25,0.0
2016-02-01,540.56,95.79883725128084,0.0,0.0,0.15678827886327926,0.0,0.0,0.25,0.0,0.0,0.25,0.0,0.0,0.25,0.0,0.0,0.25,0.0
2016-02-02,536.45,95.21135343169384,0.0,0.0,0.16270259713227836,0.0,0.0,0.25,0.0,0.0,0.25,0.0,0.0,0.25,0.0,0.0,0.25,0.0
2016-02-03,539.07,95.49967323379242,0.0,0.0,0.1598013996707923,0.0,0.0,0.25,0.0,0.0,0.25,0.0,0.0,0.25,0.0,0.0,0.25,0.0
2016-02-04,542.15,96.21980335267396,0.0,0.0,0.14690200236925055,0.0,0.0,0.25,0.0,0.0,0.25,0.0,0.0,0.25,0.0,0.0,0.25,0.0
2016-02-05,544.75,96.84464877413755,0.0,0.0,0.13864579754716524,0.0,0.0,0.25,0.0,0.0,0.25,0.0,0.0,0.25,0.0,0.0,0.25,0.0
2016-02-15,543.79,96.6178655562766,0.0,0.0,0.13111321614878504,0.0,0.0,0.25,0.0,0.0,0.25,0.0,0.0,0.25,0.0,0.0,0.25,0.0
2016-02-16,548.05,97.57832602264166,0.0,0.0,0.12608916963224637,0.0,0.0,0.25,0.0,0.0,0.25,0.0,0.0,0.25,0.0,0.0,0.25,0.0
2016-02-17,547.05,97.51966801470971,0.0,0.0,0.12249033849017486,0.0,0.0,0.25,0.0,0.0,0.25,0.0,0.0,0.25,0.0,0.0,0.25,0.0
2016-02-18,552.49,98.53358574910948,0.0,0.0,0.11547766582321446,0.0,0.0,0.25,0.0,0.0,0.25,0.0,0.0,0.25,0.0,0.0,0.25,0.0
2016-02-19,554.0301,99.1256126703228,0.0,0.0,0.11374350470837549,0.0,0.0,0.25,0.0,0.0,0.25,0.0,0.0,0.25,0.0,0.0,0.25,0.0
2016-02-22,560.71,100.43167079056407,0.0,0.0,0.10969305216206732,0.0,0.0,0.25,0.0,0.0,0.25,0.0,0.0,0.25,0.0,0.0,0.25,0.0
2016-02-23,561.2801,99.98796184010732,0.0,0.0,0.11046710899441983,0.0,0.0,0.25,0.0,0.0,0.25,0.0,0.0,0.25,0.0,0.0,0.25,0.0
2016-02-24,568.04,100.79928182982611,0.0,0.0,0.11266931841492488,0.0,0.0,0.25,0.0,0.0,0.25,0.0,0.0,0.25,0.0,0.0,0.25,0.0
2016-02-25,562.82,99.97994290045243,0.0,0.0,0.11000268703565898,0.0,0.0,0.25,0.0,0.0,0.25,0.0,0.0,0.25,0.0,0.0,0.25,0.0
2016-02-26,566.11,100.4497496614407,0.0,0.0,0.12009430061073247,0.0,0.0,0.25,0.0,0.0,0.25,0.0,0.0,0.25,0.0,0.0,0.25,0.0
2016-02-29,559.37,100.43607994053534,0.0,0.0,0.11436359463752535,0.0,0.0,0.25,0.0,0.0,0.25,0.0,0.0,0.25,0.0,0.0,0.25,0.0
2016-03-01,561.56,100.64141467088655,0.0,0.0,0.10765941734321613,0.0,0.0,0.25,0.0,0.0,0.25,0.0,0.0,0.25,0.0,0.0,0.25,0.0
2016-03-02,570.18,101.42854672872465,0.0,0.0,0.10218001652124777,0.0,0.0,0.25,0.0,0.0,0.25,0.0,0.0,0.25,0.0,0.0,0.25,0.0
2016-03-03,570.39,101.20777056436161,0.0,0.0,0.10082510213591846,0.0,0.0,0.25,0.0,0.0,0.25,0.0,0.0,0.25,0.0,0.0,0.25,0.0
2016-03-04,573.65,101.90471272036478,0.0,0.0,0.09992440153847387,0.0,0.0,0.25,0.0,0.0,0.25,0.0,0.0,0.25,0.0,0.0,0.25,0.0
2016-03-07,576.2,102.20072991105076,0.0,0.0,0.09832498169717709,0.0,0.0,0.25,0.0,0.0,0.25,0.0,0.0,0.25,0.0,0.0,0.25,0.0
2016-03-08,574.71,102.05787091974511,0.0,0.0,0.09460539005044272,0.0,0.0,0.25,0.0,0.0,0.25,0.0,0.0,0.25,0.0,0.0,0.25,0.0
2016-03-09,571.71,101.98557489124256,0.0,0.0,0.09301407359827826,0.0,0.0,0.25,0.0,0.0,0.25,0.0,0.0,0.25,0.0,0.0,0.25,0.0
2016-03-10,575.91,103.22757148711655,0.0,0.0,0.09029231831642234,0.0,0.0,0.25,0.0,0.0,0.25,0.0,0.0,0.25,0.0,0.0,0.25,0.0
2016-03-11,577.26,103.56060941237956,0.0,0.0,0.09319103408458043,0.0,0.0,0.25,0.0,0.0,0.25,0.0,0.0,0.25,0.0,0.0,0.25,0.0
2016-03-14,577.98,103.64301483323355,0.0,0.0,0.09032933667665478,0.0,0.0,0.25,0.0,0.0,0.25,0.0,0.0,0.25,0.0,0.0,0.25,0.0
2016-03-15,574.04,102.63752684688214,0.0,0.0,0.08641643617428803,0.0,0.0,0.25,0.0,0.0,0.25,0.0,0.0,0.25,0.0,0.0,0.25,0.0
2016-03-16,577.07,102.94032945571767,0.0,0.0,0.10402174737782419,0.0,0.0,0.25,0.0,0.0,0.25,0.0,0.0,0.25,0.0,0.0,0.25,0.0
2016-03-17,579.26,103.88507184607718,0.0,0.0,0.09956311639487464,0.0,0.0,0.25,0.0,0.0,0.25,0.0,0.0,0.25,0.0,0.0,0.25,0.0
2016-03-18,575.82,103.28875544169713,0.0,0.0,0.09937728665057732,0.0,0.0,0.25,0.0,0.0,0.25,0.0,0.0,0.25,0.0,0.0,0.25,0.0
2016-03-21,572.27,102.47085852338525,0.0,0.0,0.1059797777435797,0.0,0.0,0.25,0.0,0.0,0.25,0.0,0.0,0.25,0.0,0.0,0.25,0.0
2016-03-22,570.91,102.3543681415722,0.0,0.0,0.11626558395197936,0.0,0.0,0.25,0.0,0.0,0.25,0.0,0.0,0.25,0.0,0.0,0.25,0.0
2016-03-23,574.71,103.12918146773211,0.0,0.0,0.1111731167962816,0.0,0.0,0.25,0.0,0.0,0.25,0.0,0.0,0.25,0.0,0.0,0.25,0.0
2016-03-24,570.66,102.95368063505342,0.0,0.0,0.10840306037380874,0.0,0.0,0.25,0.0,0.0,0.25,0.0,0.0,0.25,0.0,0.0,0.25,0.0
2016-03-25,572.08,102.74156847606295,0.0,0.0,0.1055183946592192,0.0,0.0,0.25,0.0,0.0,0.25,0.0,0.0,0.25,0.0,0.0,0.25,0.0
2016-03-28,575.72,103.73466282243169,0.0,0.0,0.10373691646354312,0.0,0.0,0.25,0.0,0.0,0.25,0.0,0.0,0.25,0.0,0.0,0.25,0.0
2016-03-29,568.2801,102.90790979115134,0.0,0.0,0.10326262756995237,0.0,0.0,0.25,0.0,0.0,0.25,0.0,0.0,0.25,0.0,0.0,0.25,0.0
2016-03-30,569.91,103.17932884968508,0.0,0.0,0.11409931994123534,0.0,0.0,0.25,0.0,0.0,0.25,0.0,0.0,0.25,0.0,0.0,0.25,0.0
2016-03-31,561.22,101.74053822859995,0.0,0.0,0.10805545021862042,0.0,0.0,0.25,0.0,0.0,0.25,0.0,0.0,0.25,0.0,0.0,0.25,0.0
2016-04-01,558.43,100.56445800303922,0.0,0.0,0.13197096496944766,0.0,0.0,0.25,0.0,0.0,0.25,0.0,0.0,0.25,0.0,0.0,0.25,0.0
2016-04-04,555.82,99.84216807653237,0.0,0.0,0.14580166872469938,0.0,0.0,0.25,0.0,0.0,0.25,0.0,0.0,0.25,0.0,0.0,0.25,0.0
2016-04-05,560.32,100.72423283702507,0.0,0.0,0.14792141209573675,0.0,0.0,0.25,0.0,0.0,0.25,0.0,0.0,0.25,0.0,0.0,0.25,0.0
2016-04-06,567.79,101.74650222788205,0.0,0.0,0.14023494039151368,0.0,0.0,0.25,0.0,0.0,0.25,0.0,0.0,0.25,0.0,0.0,0.25,0.0
2016-04-07,571.6,102.24025893814212,-1.0159408807878436,0.0,0.13454117036411073,1.0,-1.791267083143392,0.25,-0.447816770785848,-0.5981058981018005,0.25,-0.14952647452545012,-0.5984377004593364,0.25,-0.1496094251148341,-1.0759528414468456,0.25,-0.2689882103617114
2016-04-08,572.3401,102.83626008649465,-0.62171294905936,0.0,0.12671688399298497,1.0,-0.63478124268278,0.25,-0.158695310670695,-0.32962839897843943,0.25,-0.08240709974460986,-0.7986339581547347,0.25,-0.19965848953868368,-0.7238081964214857,0.25,-0.18095204910537144
2016-04-11,579.27,103.59964630933496,-0.33460149869453737,0.0,0.12064682517113003,0.5,-0.42740856337875827,0.25,-0.10685214084468957,0.008403488145305735,0.25,0.0021008720363264338,-0.45080257438370075,0.25,-0.11270064359592519,-0.4685983451609961,0.25,-0.11714958629024902
2016-04-12,579.8401,103.37522801520798,-0.3098495032239518,0.0,0.11640627152689212,1.0,-0.22479667398299014,0.25,-0.056199168495747534,-0.1705715701990109,0.25,-0.042642892549752724,-0.52202334001935,0.25,-0.1305058350048375,-0.3220064286944562,0.25,-0.08050160717361406
2016-04-13,578.02,103.36690118892697,-0.33912345022941753,0.0,0.11326623049597631,1.0,-0.7068643239906581,0.25,-0.17671608099766453,-0.22999625704236187,0.25,-0.05749906426059047,-0.24237557938920698,0.25,-0.060593894847301745,-0.17725764049544315,0.25,-0.04431441012386079
2016-04-14,579.49,104.04193953540812,0.2607625747053271,0.0,0.10661397110250072,0.5,0.9129327967537579,0.25,0.22823319918843948,0.06679753907914171,0.25,0.016699384769785428,-0.037199277007628234,0.25,-0.009299819251907059,0.10051923999603692,0.25,0.02512980999900923
2016-04-15,579.86,103.85365641357858,0.39096463994612884,0.0,0.1038812701960016,0.0,1.5967704991779816,0.25,0.3991926247944954,-0.10354221090181004,0.25,-0.02588555272545251,-0.12081771180590098,0.25,-0.030204427951475245,0.1914479833142449,0.25,0.047861995828561224
2016-04-19,568.2801,102.06498957424873,-0.3596528351696694,0.0,0.10183927266319508,0.0,0.10338897185144941,0.25,0.025847242962862352,-1.1076069210875203,0.25,-0.2769017302718801,-0.7098857705402782,0.25,-0.17747144263506956,0.2754923790976717,0.25,0.06887309477441793
2016-04-20,568.0301,102.00897061010042,-0.7302187118742864,0.0,0.13551506871604144,0.5,0.07604609700407934,0.25,0.019011524251019835,-1.1323731619811372,0.25,-0.2830932904952843,-0.705630692476101,0.25,-0.17640767311902525,-1.1589170900439865,0.25,-0.2897292725109966
2016-04-21,575.73,102.66297157300114,-0.5013925111689074,0.0,0.12643694006574555,0.5,0.07674645322225955,0.25,0.019186613305564888,-0.7796991492926014,0.25,-0.19492478732315036,-0.5537802444819797,0.25,-0.13844506112049493,-0.7488371041233078,0.25,-0.18720927603082696
2016-04-22,592.48,103.84460303105234,0.15850967211277106,0.0,0.12074313465020783,0.5,1.4058852612782522,0.25,0.35147131531956305,-0.16067058790208774,0.25,-0.040167646975521935,-0.10435864792583235,0.25,-0.02608966198145809,-0.5068173369992479,0.25,-0.12670433424981198
2016-04-25,591.58,104.0426832015438,0.2910393465100041,0.0,0.11887749490662401,0.0,1.707354864163683,0.25,0.4268387160409208,-0.10975415741859094,0.25,-0.027438539354647736,0.11228810029826901,0.25,0.028072025074567252,-0.5457314210033446,0.25,-0.13643285525083615
2016-04-26,598.48,104.7791122225616,0.45083319552493406,0.0,0.11173040439389019,0.0,1.9027062785546547,0.25,0.47567656963866367,0.23412839159178472,0.25,0.05853209789794618,-0.20719611434877727,0.25,-0.05179902858719432,-0.12630577369792617,0.25,-0.03157644342448154
2016-04-27,593.96,104.64459906993066,0.28357466531869163,0.0,0.10859255886807573,0.0,1.132126266430116,0.25,0.283031566607529,0.07600208989658809,0.25,0.019000522474147023,-0.060129532356355604,0.25,-0.015032383089088901,-0.013700162695581974,0.25,-0.0034250406738954935
2016-04-28,591.67,104.22420215401138,0.26196077685493585,0.0,0.10487606776132258,0.0,1.2695312330964394,0.25,0.31738280827410986,-0.2344925373345877,0.25,-0.05862313433364692,-0.1483410484778858,0.25,-0.03708526211947145,0.16114546013577732,0.25,0.04028636503394433
2016-04-29,598.37,105.01805191418825,0.3745834428334367,0.0,0.10708795524359897,1.0,1.0347251571908203,0.25,0.25868128929770506,0.15821944193448223,0.25,0.03955486048362056,0.23557475778245515,0.25,0.05889368944561379,0.06981441442598922,0.25,0.017453603606497305
2016-05-04,599.07,105.23919133081905,0.2801805551777997,0.0,0.10492683002601012,1.0,0.7375078836168473,0.25,0.18437697090421182,0.20245995061478783,0.25,0.05061498765369696,0.0600882190059159,0.25,0.015022054751478974,0.12066616747364783,0.25,0.03016654186841196
2016-05-05,601.51,105.3800702146736,0.60261326739242,1.0,0.0998579236872611,1.0,1.6551129081130072,0.25,0.4137782270282518,0.19770113956830496,0.25,0.04942528489207624,0.12677836115127886,0.25,0.031694590287819714,0.43086066073708923,0.25,0.10771516518427231
2016-05-06,606.52,105.27639357347034,0.5418584529569217,1.0,0.09502965840654767,1.0,1.28088968856357,0.25,0.3202224221408925,0.05140960500674558,0.25,0.012852401251686395,0.11218792536310707,0.25,0.028046981340776767,0.7229465928942638,0.25,0.18073664822356594
2016-05-09,603.85,104.6082701748989,0.32002395449330956,1.0,0.09257799401717458,0.0,1.0526458274131054,0.25,0.26316145685327635,-0.418224445594846,0.25,-0.1045561113987115,-0.14556417523322288,0.25,-0.03639104380830572,0.7912386113882017,0.25,0.19780965284705043
2016-05-10,605.05,104.35844571721817,-0.01738219739358951,1.0,0.10150113338700249,0.0,0.35800477442382483,0.25,0.08950119360595621,-0.6173044152701694,0.25,-0.15432610381754236,-0.15385450459971517,0.25,-0.03846362614992879,0.34362535587170173,0.25,0.08590633896792543
2016-05-11,614.06,105.20585110732041,0.33922726518212654,1.0,0.10092452486425292,0.5,0.9093248626224738,0.25,0.22733121565561845,-0.151607375729946,0.25,-0.0379018439324865,0.25144857674963067,0.25,0.06286214418740767,0.34774299708634776,0.25,0.08693574927158694
2016-05-12,612.12,105.3288879396487,0.23683342073656075,1.0,0.09992028575893105,0.5,0.5521848501202399,0.25,0.13804621253005997,-0.14538837764764523,0.25,-0.03634709441191131,0.23404916717239022,0.25,0.058512291793097554,0.3064880433012581,0.25,0.07662201082531453
2016-05-13,610.82,105.01618142453297,0.22149997478521416,1.0,0.0949864381517868,0.5,0.37181921180449823,0.25,0.09295480295112456,-0.40470383472778076,0.25,-0.10117595868194519,0.30059368178976137,0.25,0.07514842044744034,0.6182908402743778,0.25,0.15457271006859444
2016-05-16,615.7801,105.06175102542797,0.20359971207510505,1.0,0.09646525479561502,0.0,0.786722553628666,0.25,0.1966806384071665,-0.4315941036814551,0.25,-0.10789852592036378,-0.05483613749841223,0.25,-0.013709034374603057,0.5141065358516215,0.25,0.12852663396290537
2016-05-17,624.75,106.18622752863452,0.36977685315423797,1.0,0.09156165447689674,1.0,0.09978464431276968,0.25,0.02494616107819242,0.2101244025069549,0.25,0.05253110062673873,0.4437716050520535,0.25,0.11094290126301337,0.7254267607451739,0.25,0.18135669018629347
2016-05-18,622.45,106.20259415159181,0.2862499080860023,1.0,0.09338398814928739,1.0,0.04800846332721188,0.25,0.01200211583180297,0.12827365760607454,0.25,0.032068414401518634,0.5055590063441298,0.25,0.12638975158603244,0.4631585050665931,0.25,0.11578962626664828
2016-05-19,619.2,106.20472962008327,0.334053070494693,1.0,0.08896897280336928,1.0,0.3299737556270753,0.25,0.08249343890676883,0.04145070716410393,0.25,0.010362676791025982,0.3110842784465722,0.25,0.07777106961164305,0.6537035407410204,0.25,0.1634258851852551
2016-05-20,614.81,106.09780182764943,0.36935660877800036,1.0,0.08536375465734734,0.5,0.5835053469980006,0.25,0.14587633674950015,-0.11025590090097519,0.25,-0.027563975225243797,0.20671059687623244,0.25,0.05167764921905811,0.7974663921387437,0.25,0.19936659803468593
2016-05-23,611.0301,105.88164663422559,0.535253573390643,1.0,0.08418733150438461,0.5,1.279137951455004,0.25,0.319784487863751,-0.32456658546205347,0.25,-0.08114164636551337,0.3635810659479975,0.25,0.09089526648699937,0.8228618616216236,0.25,0.2057154654054059
2016-05-24,611.62,106.109380227098,0.5393310830614175,1.0,0.08520278397413378,0.5,1.3102149169563828,0.25,0.3275537292390957,-0.24280110851641737,0.25,-0.06070027712910434,0.34374180476075533,0.25,0.08593545119018883,0.7461687190449491,0.25,0.18654217976123727
2016-05-25,611.89,106.29634217859257,0.3708608594270829,1.0,0.08271267875594625,0.5,0.35343309823892866,0.25,0.08835827455973216,-0.19162501086854677,0.25,-0.047906252717136694,0.4115044916541378,0.25,0.10287612291353446,0.9101308586838119,0.25,0.22753271467095298
2016-05-26,604.3401,105.5248010357803,-0.054716526051584946,1.0,0.08029489705586587,0.0,-0.547639744741916,0.25,-0.136909936185479,-0.7701918886378288,0.25,-0.1925479721594572,0.03963120824757239,0.25,0.009907802061893097,1.0593343209258326,0.25,0.26483358023145814
2016-05-27,608.11,106.13897929270225,0.09931501387098313,1.0,0.09311066092272442,0.5,0.3886170131603109,0.25,0.09715425329007772,-0.4070249560617128,0.25,-0.1017562390154282,0.02774926145381447,0.25,0.006937315363453617,0.38791873693151996,0.25,0.09697968423287999
2016-05-30,614.5,106.85484170988711,0.49728660293181626,1.0,0.0917879954870459,1.0,1.0220992808211462,0.25,0.25552482020528655,0.006142442784052061,0.25,0.0015356106960130152,0.5491938487143647,0.25,0.13729846217859118,0.4117108394077023,0.25,0.10292770985192558
2016-05-31,618.44,107.55684791363886,0.594543630167293,1.0,0.09118834719826699,1.0,0.9976584894988707,0.25,0.24941462237471768,0.3876780448498594,0.25,0.09691951121246485,0.6125761854058408,0.25,0.1531440463514602,0.3802618009146007,0.25,0.09506545022865018
2016-06-01,619.86,107.94729736636374,0.5858245205815259,1.0,0.09056219631594309,1.0,0.595737364127836,0.25,0.148934341031959,0.537689374148484,0.25,0.134422343537121,0.8492493948256229,0.25,0.21231234870640572,0.3606219492241606,0.25,0.09015548730604014
2016-06-02,623.37,108.86487411272748,0.972763036602833,1.0,0.0882738340259553,1.0,1.3856394021663605,0.25,0.3464098505415901,1.0226625474206879,0.25,0.25566563685517196,0.9869378895486759,0.25,0.24673447238716897,0.4958123072756081,0.25,0.12395307681890202
2016-06-03,621.88,109.11012719338262,0.8261060522264599,1.0,0.08918740548898842,1.0,1.3374479468126867,0.25,0.3343619867031717,1.0252990908215576,0.25,0.2563247727053894,0.5958817797620956,0.25,0.1489704449405239,0.34579539150949995,0.25,0.08644884787737499
2016-06-06,620.05,108.79211121806864,0.74234963056024,1.0,0.08626490717196741,1.0,1.4560952231035278,0.25,0.36402380577588195,0.6593514903160907,0.25,0.1648378725790227,0.3043969156387124,0.25,0.0760992289096781,0.5495548931826291,0.25,0.13738872329565727
2016-06-07,624.65,109.68895487818642,0.8876502784557193,1.0,0.08879545322334098,1.0,1.3093586151370593,0.25,0.32733965378426483,1.1117454279410686,0.25,0.27793635698526714,0.7297976495228092,0.25,0.1824494123807023,0.3996994212219402,0.25,0.09992485530548505
2016-06-08,627.87,110.378653498846,0.9182444944345854,1.0,0.08948603496158312,1.0,1.058482084045488,0.25,0.264620521011372,1.3831631964185362,0.25,0.34579079910463406,0.9614198554129791,0.25,0.24035496385324479,0.2699128418613383,0.25,0.06747821046533457
2016-06-09,631.26,111.07721418548458,1.0849124732984432,1.0,0.08891099299161459,1.0,1.6160844045997913,0.25,0.4040211011499478,1.622637077647629,0.25,0.4056592694119073,0.8338634679814554,0.25,0.20846586699536385,0.26706494296489675,0.25,0.06676623574122419
2016-06-10,629.8401,111.34586428224453,1.085983623760415,1.0,0.08843412924475512,1.0,1.544286098656848,0.25,0.386071524664212,1.5667213147659091,0.25,0.3916803286914773,0.9725723864042737,0.25,0.24314309660106842,0.26035469521462945,0.25,0.06508867380365736
2016-06-13,623.58,110.35068011013945,0.6004091566232834,1.0,0.08570266881073241,1.0,0.9612856986607817,0.25,0.24032142466519543,0.7459513975973512,0.25,0.1864878493993378,0.23203431158308152,0.25,0.05800857789577038,0.4623652186519192,0.25,0.1155913046629798
2016-06-14,625.43,110.78569375227877,0.2989113792064053,1.0,0.10160128207095591,0.5,0.5580617782233823,0.25,0.13951544455584558,0.8722720412882352,0.25,0.2180680103220588,0.12710157660480592,0.25,0.03177539415120148,-0.3617898792908023,0.25,-0.09044746982270058
2016-06-15,627.02,111.17286331903216,0.39078086419077157,1.0,0.09804653109168879,0.5,0.6395874612034503,0.25,0.15989686530086258,0.957027796884611,0.25,0.23925694922115276,0.11346751274931424,0.25,0.02836687818732856,-0.1469593140742896,0.25,-0.0367398285185724
2016-06-16,625.11,111.56668738059383,0.5575410226585087,1.0,0.0947071127905739,1.0,0.8536404858299186,0.25,0.21341012145747965,1.0365105539222743,0.25,0.2591276384805686,0.28009367101399346,0.25,0.07002341775349837,0.05991937986784797,0.25,0.014979844966961992
2016-06-17,619.25,110.78906992164423,0.271767856305377,1.0,0.09183411852500256,1.0,0.2906647926485595,0.25,0.07266619816213987,0.39063233799222236,0.25,0.09765808449805559,0.1729525615844702,0.25,0.04323814039611755,0.23282173299625594,0.25,0.058205433249063986
2016-06-20,626.46,111.98372822212797,0.39836513055062706,1.0,0.10224520827783362,0.0,0.9473981327110987,0.25,0.23684953317777468,1.0018824688746915,0.25,0.25047061721867286,-0.023541682986311083,0.25,-0.005885420746577771,-0.332278396396971,0.25,-0.08306959909924275
2016-06-21,628.0,112.23130703185889,0.42580665420130104,1.0,0.10265009229783129,0.5,0.8131266906072269,0.25,0.20328167265180672,0.9845205593846525,0.25,0.24613013984616314,0.42269618999407166,0.25,0.10567404749851791,-0.5171168231807469,0.25,-0.12927920579518673
2016-06-22,626.41,112.54580500083536,0.3918690386521069,1.0,0.09795070786002782,0.5,0.34153582149447737,0.25,0.08538395537361934,1.0071327416916467,0.25,0.25178318542291167,0.4026732530715043,0.25,0.10066831326787608,-0.18386566164920046,0.25,-0.045966415412300114
2016-06-23,632.27,113.3720583851217,0.5385326080149483,1.0,0.0942209819892532,0.5,-0.08121605870293924,0.25,-0.02030401467573481,1.3288812507586674,0.25,0.33222031268966684,0.8379393716298474,0.25,0.20948484290746186,0.0685258683742177,0.25,0.017131467093554426
2016-06-24,620.77,111.30217179406958,-0.22247917229852412,1.0,0.09365824722290088,0.5,-0.782212341476413,0.25,-0.19555308536910326,-0.11342213673785115,0.25,-0.028355534184462787,-0.016886222962439808,0.25,-0.004221555740609952,0.022604011982607537,0.25,0.005651002995651884
2016-06-27,621.27,110.52492780744234,-0.9463127155385882,0.0,0.1322252492999137,1.0,-0.5162086666795477,0.25,-0.12905216666988692,-0.6907114698261446,0.25,-0.17267786745653615,-0.49159222439735595,0.25,-0.12289805609933899,-2.0867385012513044,0.25,-0.5216846253128261
2016-06-28,622.2,111.01407917058043,-1.007668844175965,0.0,0.13623361516009636,1.0,-0.770198967762859,0.25,-0.19254974194071475,-0.4579916977833816,0.25,-0.1144979244458454,-0.5880986849661222,0.25,-0.14702467124153054,-2.2143860261914967,0.25,-0.5535965065478742
2016-06-29,630.12,112.87047578877878,-0.48583179257037057,0.0,0.1279047179765586,0.0,-0.9015550268570569,0.25,-0.22538875671426423,0.606832218025126,0.25,0.1517080545062815,0.0679159073323984,0.25,0.0169789768330996,-1.7165202687819496,0.25,-0.4291300671954874
2016-06-30,632.26,112.642676408444,-0.742627855547134,0.0,0.12801971336809048,0.5,-0.8891760042587485,0.25,-0.22229400106468714,0.3222547126758882,0.25,0.08056367816897204,-0.4161717411462407,0.25,-0.10404293528656018,-1.9874183894594346,0.25,-0.49685459736485865
2016-07-01,640.3,113.28929354554515,-0.34870935852359125,0.0,0.12285405555732694,0.5,-0.25125031071391163,0.25,-0.06281257767847791,0.5931169026490287,0.25,0.14827922566225718,-0.09331138872460278,0.25,-0.023327847181150694,-1.6433926373048793,0.25,-0.4108481593262198
2016-07-04,647.96,114.66811422819907,0.08606969520008778,0.0,0.1173129649167921,0.0,-0.1041019396083898,0.25,-0.02602548490209745,1.2843889372178938,0.25,0.32109723430447346,0.47345091584727356,0.25,0.11836272896181839,-1.3094591326564264,0.25,-0.3273647831641066
2016-07-05,650.88,114.96553063442363,0.08542902085046633,0.0,0.11635526246324836,0.0,-0.10386506606542212,0.25,-0.02596626651635553,1.2629660108287406,0.25,0.31574150270718515,0.5679902998779897,0.25,0.14199757496949741,-1.385375161239443,0.25,-0.34634379030986073
2016-07-06,649.46,115.63252752032771,0.3091409881516012,0.0,0.10996331186447608,0.5,0.04446427135656561,0.25,0.011116067839141403,1.4561730480996389,0.25,0.3640432620249097,0.6600038722349627,0.25,0.16500096805874068,-0.9240772390847622,0.25,-0.23101930977119056
2016-07-07,661.12,117.35997171802065,0.6711787812454898,0.0,0.10633292700830552,0.5,0.3709697039871371,0.25,0.09274242599678427,2.1558945144425157,0.25,0.5389736286106289,0.8630430881022493,0.25,0.21576077202556232,-0.7051921815499428,0.25,-0.1762980453874857
2016-07-08,658.68,117.16403757301728,0.7049490487263148,0.0,0.1086680951769509,0.5,1.5801477514141813,0.25,0.3950369378535453,1.803781908995654,0.25,0.4509454772489135,0.4888240829373554,0.25,0.12220602073433885,-1.0529575484419318,0.25,-0.26323938711048295
2016-07-11,652.26,115.27500399759046,0.10016511912169784,0.0,0.10568362934652288,0.5,0.5925720646167255,0.25,0.14814301615418138,0.5110622077957863,0.25,0.12776555194894657,0.12189374186785147,0.25,0.030473435466962868,-0.8248675377935717,0.25,-0.20621688444839292
2016-07-12,658.9,115.45919704217373,-0.2797784021493699,0.0,0.13558671143928508,0.5,0.4380330080099519,0.25,0.10950825200248797,0.47148288464987415,0.25,0.11787072116246854,0.22564928149400237,0.25,0.056412320373500593,-2.254278782751308,0.25,-0.563569695687827
2016-07-13,675.12,116.76783368920454,0.23435822498311232,0.0,0.12576460886815602,0.5,0.6666400367400733,0.25,0.16666000918501833,1.0628632321648432,0.25,0.2657158080412108,0.7910854794953126,0.25,0.19777136987382815,-1.5831558484677797,0.25,-0.3957889621169449
2016-07-14,666.69,115.47420242216633,-0.1921337699577483,0.0,0.12302949167683488,0.0,-0.02287593550961217,0.25,-0.005718983877403042,0.15440612725352437,0.25,0.03860153181338109,0.6472109273994647,0.25,0.16180273184986618,-1.5472761989743702,0.25,-0.38681904974359255
2016-07-15,664.56,115.24459166377045,-0.2547886867028818,0.0,0.13741133182774193,0.0,0.39466907209112256,0.25,0.09866726802278064,-0.10145740567726312,0.25,-0.02536435141931578,0.8534001324604379,0.25,0.21335003311510947,-2.1657665456858246,0.25,-0.5414416364214562
2016-07-18,673.5,116.6891984155908,-0.09003806013395393,0.0,0.13073156036344796,0.0,-0.030625342466525988,0.25,-0.007656335616631497,0.6074838558262834,0.25,0.15187096395657085,0.822846074247448,0.25,0.205711518561862,-1.7598568281430211,0.25,-0.4399642070357553
2016-07-19,667.76,115.79944609999701,-0.2926017026179296,0.0,0.12792779913629748,0.0,0.059860867475285504,0.25,0.014965216868821376,-0.05243231850378408,0.25,-0.01310807962594602,0.5632584955908155,0.25,0.14081462389770388,-1.7410938550340354,0.25,-0.43527346375850884
2016-07-20,660.26,114.51051544931856,-0.8613910375805904,0.0,0.1339845689382415,0.5,-0.7940148276885496,0.25,-0.1985037069221374,-0.9075340689831373,0.25,-0.22688351724578432,0.19301291975600685,0.25,0.04825322993900171,-1.9370281734066814,0.25,-0.48425704335167036
2016-07-21,659.57,114.00579628069387,-1.113221252324748,0.0,0.14650235925569488,0.5,-1.17588055665338,0.25,-0.293970139163345,-1.2649395113937856,0.25,-0.3162348778484464,0.4128272428669394,0.25,0.10320681071673485,-2.4248921841187663,0.25,-0.6062230460296916
2016-07-22,649.87,112.71304731043301,-1.4863650889616113,0.0,0.1429945845505279,0.5,-1.9063662870744833,0.25,-0.4765915717686208,-2.036718991919802,0.25,-0.5091797479799505,0.16047120703970202,0.25,0.040117801759925506,-2.162846283891862,0.25,-0.5407115709729655
2016-07-25,649.3,112.37816873185037,-1.6481550703455046,0.0,0.15432096170637757,1.0,-1.365840430251006,0.25,-0.3414601075627515,-2.2039376293819477,0.25,-0.5509844073454869,-0.44354967359464054,0.25,-0.11088741839866013,-2.5792925481544238,0.25,-0.6448231370386059
2016-07-26,648.5901,112.4808127692622,-1.4168405339325494,0.0,0.14675981715914355,1.0,-1.3097280821849382,0.25,-0.32743202054623455,-2.115519185714361,0.25,-0.5288797964285903,-0.0910688898361194,0.25,-0.02276722245902985,-2.151045977994779,0.25,-0.5377614944986947
2016-07-27,656.11,112.8276308206977,-1.4710319910839038,0.0,0.13480529377575087,1.0,-2.3879889968551744,0.25,-0.5969972492137936,-1.9031435756174502,0.25,-0.47578589390436254,-0.10011895289728509,0.25,-0.025029738224321273,-1.4928764389657054,0.25,-0.37321910974142636
2016-07-28,657.14,112.45102316858171,-1.4247508377556541,0.0,0.12593904736997358,1.0,-2.4807133737672102,0.25,-0.6201783434418026,-2.0946796456561163,0.25,-0.5236699114140291,-0.10900499470181094,0.25,-0.027251248675452734,-1.0146053368974783,0.25,-0.2536513342243696
2016-07-29,652.23,112.4332391563125,-1.4139862173911988,0.0,0.12364061555926305,1.0,-2.32012594308842,0.25,-0.580031485772105,-2.0762193540041207,0.25,-0.5190548385010302,-0.3590572207333131,0.25,-0.08976430518332827,-0.9005423517389411,0.25,-0.2251355879347353
2016-08-01,648.38,111.45342567649685,-1.4532036322428363,0.0,0.1156326823025382,1.0,-2.2474050535199313,0.25,-0.5618512633799828,-2.550573624017305,0.25,-0.6376434060043262,-0.48566757619642925,0.25,-0.12141689404910731,-0.5291682752376801,0.25,-0.13229206880942002
2016-08-02,636.05,109.26109615821449,-1.8565512257526424,0.0,0.12607162698875743,1.0,-2.3190023585643655,0.25,-0.5797505896410914,-3.0,0.25,-0.75,-1.0970482309920075,0.25,-0.2742620577480019,-1.0101543134541966,0.25,-0.25253857836354915
2016-08-03,631.61,108.32285981031858,-2.2940458001300548,0.0,0.16049580376590414,1.0,-2.268724669174518,0.25,-0.5671811672936296,-3.0,0.25,-0.75,-1.3328564002265901,0.25,-0.33321410005664753,-2.5746021311191103,0.25,-0.6436505327797776
2016-08-04,631.94,107.1872390380894,-2.3744283169054485,0.0,0.16288311672525435,1.0,-2.2215851901616506,0.25,-0.5553962975404126,-3.0,0.25,-0.75,-1.6817689093985562,0.25,-0.42044222734963904,-2.5943591680615867,0.25,-0.6485897920153967
2016-08-05,627.39,106.44090523681429,-2.573112871388105,0.0,0.16872983522253523,1.0,-2.177270477904373,0.25,-0.5443176194760933,-3.0,0.25,-0.75,-2.364474239911286,0.25,-0.5911185599778215,-2.75070676773676,0.25,-0.68767669193419
2016-08-08,629.46,106.54607132583847,-2.4159889121837956,0.0,0.166394528767024,1.0,-2.135509234666385,0.25,-0.5338773086665962,-3.0,0.25,-0.75,-1.9638936397114233,0.25,-0.4909734099278558,-2.5645527743573755,0.25,-0.6411381935893439
2016-08-09,637.3401,107.65298234022416,-2.1771341871131495,0.0,0.1512684906733061,1.0,-1.9886629425665958,0.25,-0.49716573564164895,-2.8529819598072277,0.25,-0.7132454899518069,-2.0461063722043353,0.25,-0.5115265930510838,-1.8207854738744387,0.25,-0.45519636846860967
2016-08-10,648.33,109.17903002654681,-1.6233707539118978,0.0,0.143919000165535,1.0,-1.6650865431520756,0.25,-0.4162716357880189,-2.1481397336676906,0.25,-0.5370349334169227,-1.0787528522752778,0.25,-0.26968821306881946,-1.6015038865525466,0.25,-0.40037597163813665
2016-08-11,660.24,111.0155669450159,-1.089904603987186,0.0,0.13995585985082037,1.0,-0.6555667938088285,0.25,-0.16389169845220714,-1.3936379984340737,0.25,-0.3484094996085184,-0.7169707194468715,0.25,-0.17924267986171788,-1.5934429042589704,0.25,-0.3983607260647426
2016-08-12,655.71,110.32154302672691,-1.2298401320911931,0.0,0.13818753484153096,1.0,-0.7371022267654198,0.25,-0.18427555669135495,-1.6401715912930674,0.25,-0.41004289782326686,-0.8357557611570439,0.25,-0.20893894028926097,-1.7063309491492413,0.25,-0.42658273728731033
2016-08-15,659.47,111.14516015577978,-1.0314687424079922,0.0,0.13971246852981684,1.0,-0.566646413691213,0.25,-0.14166160342280326,-1.3011792625884953,0.25,-0.3252948156471238,-0.5939952177207117,0.25,-0.14849880443017793,-1.6640540756315487,0.25,-0.4160135189078872
2016-08-16,658.11,111.9057291674763,-0.7859810088262009,0.0,0.1325648858482129,1.0,-0.08965669652253082,0.25,-0.022414174130632705,-1.0059341805456656,0.25,-0.2514835451364164,-0.7155266771791885,0.25,-0.17888166929479712,-1.332806481057419,0.25,-0.33320162026435474
2016-08-17,660.51,112.27601975278263,-0.5910572677470172,0.0,0.12618088150230414,0.5,0.4962133870105088,0.25,0.1240533467526272,-0.8743343357005724,0.25,-0.2185835839251431,-0.9565311421024744,0.25,-0.2391327855256186,-1.0295769801955308,0.25,-0.2573942450488827
2016-08-18,660.65,111.65676684722617,-0.5315307979164028,0.0,0.11875321140943744,0.5,0.6927896506555815,0.25,0.17319741266389538,-1.1264218397900718,0.25,-0.28160545994751796,-1.0733748510731507,0.25,-0.26834371276828767,-0.6191161514579704,0.25,-0.1547790378644926
2016-08-19,662.2801,111.409480751982,-0.5242162149112612,0.0,0.12192570067352966,0.5,0.7767239549714764,0.25,0.1941809887428691,-1.222002343426843,0.25,-0.30550058585671075,-0.9462352939292787,0.25,-0.23655882348231969,-0.7053511772603996,0.25,-0.1763377943150999
2016-08-22,657.68,110.75826215336852,-0.48099430327395476,0.0,0.11805953850638688,0.5,1.1104292746521776,0.25,0.2776073186630444,-1.4636154581151428,0.25,-0.3659038645287857,-1.06399908055802,0.25,-0.265999770139505,-0.5067919490748337,0.25,-0.12669798726870843
2016-08-23,659.16,111.26007457747814,-0.4120606556958498,0.0,0.12201879654347635,0.5,1.3036658413861464,0.25,0.3259164603465366,-1.2533779959844236,0.25,-0.3133444989961059,-1.058225213424013,0.25,-0.2645563033560033,-0.640305254761109,0.25,-0.16007631369027725
2016-08-24,660.77,111.07524578525076,-0.4932429380902982,0.0,0.11590764913153967,0.5,0.8532135409835767,0.25,0.21330338524589418,-1.3155766233206423,0.25,-0.3288941558301606,-1.174578571727064,0.25,-0.293644642931766,-0.33603009829706304,0.25,-0.08400752457426576
2016-08-25,658.5,110.91098425797784,-0.45976812431033176,0.0,0.11186794603502104,0.5,0.7173323850853959,0.25,0.17933309627134897,-1.3653980192894741,0.25,-0.34134950482236853,-1.0445266668044344,0.25,-0.2611316667011086,-0.14648019623281433,0.25,-0.03662004905820358
2016-08-26,667.75,111.78861405191512,-0.23113062803103424,0.0,0.10806133396799028,0.0,1.1017305344911057,0.25,0.2754326336227764,-1.0170443238933948,0.25,-0.2542610809733487,-1.039107277952397,0.25,-0.2597768194880993,0.029898555230549302,0.25,0.0074746388076373255
2016-08-29,669.44,111.01274414700353,-0.4628116332466108,0.0,0.10593689768293559,0.0,0.42318446400705195,0.25,0.10579611600176299,-1.3165885595977909,0.25,-0.3291471398994477,-1.03378721261149,0.25,-0.2584468031528725,0.0759447752157858,0.25,0.01898619380394645
2016-08-30,672.67,111.7543122856365,-0.46009399865533607,0.0,0.11410472485037655,0.5,0.34737035287320356,0.25,0.08684258821830089,-1.021425722794297,0.25,-0.2553564306985743,-0.904946063369731,0.25,-0.22623651584243276,-0.26137456133051956,0.25,-0.06534364033262989
2016-08-31,674.63,112.41833603985032,-0.23826206074543785,0.0,0.11039251327508602,0.5,0.5816748755861226,0.25,0.14541871889653066,-0.7709135428839046,0.25,-0.19272838572097614,-0.6529911048987317,0.25,-0.16324777622468292,-0.11081847078523774,0.25,-0.027704617696309435
2016-09-01,669.19,112.09926338639985,-0.24614523278544526,0.0,0.10678281093366826,0.0,0.7761166707975411,0.25,0.19402916769938527,-0.9109228851278525,0.25,-0.22773072128196312,-0.9027655553669446,0.25,-0.22569138884173615,0.05299083855547498,0.25,0.013247709638868744
2016-09-05,664.55,111.63045552072785,-0.3982524734517335,0.0,0.10635316398489104,0.0,0.6948790849435976,0.25,0.1737197712358994,-1.100927191141113,0.25,-0.27523179778527823,-1.2738458007898918,0.25,-0.31846145019747296,0.08688401318047327,0.25,0.021721003295118318
2016-09-06,663.9,112.13729774197954,-0.3393800101670351,0.0,0.10868456074722592,0.5,0.8147838865858147,0.25,0.20369597164645367,-0.9043295274877023,0.25,-0.2260823818719256,-1.264341365640665,0.25,-0.31608534141016625,-0.003633034125587925,0.25,-0.0009082585313969812
2016-09-07,661.2801,112.34386278295283,-0.23290170650106645,0.0,0.10450165894448649,0.0,0.5687310433074448,0.25,0.1421827608268612,-0.8337608721903786,0.25,-0.20844021804759466,-0.8797147879500483,0.25,-0.21992869698751208,0.21313779082871637,0.25,0.05328444770717909
2016-09-08,666.07,113.09584840532449,-0.09434304528450588,0.0,0.09933911704819476,0.0,0.5270332476144751,0.25,0.13175831190361878,-0.5536723239920476,0.25,-0.1384180809980119,-0.8767953045002754,0.25,-0.21919882612506886,0.5260621997398244,0.25,0.1315155499349561
2016-09-09,666.88,113.02248547471656,-0.01946810169028851,0.0,0.09770517597523559,0.0,0.5961434706923349,0.25,0.14903586767308372,-0.6097677121946181,0.25,-0.15244192804865453,-0.620789571680717,0.25,-0.15519739292017926,0.5565414064218462,0.25,0.13913535160546156
2016-09-12,659.76,111.65194101052288,-0.41825337370474414,0.0,0.09425665860698909,0.0,0.05327179102995823,0.25,0.013317947757489557,-1.1715286654009036,0.25,-0.2928821663502259,-1.2548548459626685,0.25,-0.3137137114906671,0.7000982255146374,0.25,0.17502455637865935
2016-09-13,659.72,111.39419840811425,-0.594188352855084,0.0,0.11637481674825258,0.5,0.2211661288599184,0.25,0.0552915322149796,-1.2660628112166097,0.25,-0.3165157028041524,-0.9926961958318241,0.25,-0.24817404895795603,-0.33916053323182066,0.25,-0.08479013330795517
2016-09-14,656.64,110.83756273133221,-0.8289803134326124,0.0,0.11351490634576168,1.0,-0.4004085112355692,0.25,-0.1001021278088923,-1.4698524226931056,0.25,-0.3674631056732764,-1.2421845112007681,0.25,-0.31054612780019203,-0.20347580860100656,0.25,-0.05086895215025164
2016-09-15,656.18,109.96002302022619,-0.9975397234977325,0.0,0.11643690040819868,1.0,-0.26576410623796304,0.25,-0.06644102655949076,-1.7803247723992677,0.25,-0.4450811930998169,-1.6124567914486814,0.25,-0.40311419786217034,-0.3316132239050175,0.25,-0.08290330597625438
2016-09-16,651.31,109.31985386037499,-1.2073849534475887,0.0,0.12501686447323374,1.0,-0.4157367936038133,0.25,-0.10393419840095333,-1.9721036793527822,0.25,-0.49302591983819555,-1.7205702536943086,0.25,-0.43014256342357715,-0.7211290871394506,0.25,-0.18028227178486264
2016-09-19,657.89,110.28820765067636,-1.1045339651704602,0.0,0.12782285398743914,1.0,-0.5836191800670908,0.25,-0.1459047950167727,-1.5427474346826944,0.25,-0.3856868586706736,-1.449870040614796,0.25,-0.362467510153699,-0.8418992053172595,0.25,-0.21047480132931487
2016-09-20,663.37,110.92865967115819,-0.7619517408117293,0.0,0.12332942814484542,1.0,-0.14013021350660892,0.25,-0.03503255337665223,-1.266345187208695,0.25,-0.31658629680217376,-0.9314829473726608,0.25,-0.2328707368431652,-0.7098486151589529,0.25,-0.17746215378973823
2016-09-21,668.48,111.35564983289427,-0.6300359452961372,0.0,0.11775570682519987,1.0,-0.06238891717785751,0.25,-0.015597229294464377,-1.0872484932879445,0.25,-0.2718121233219861,-0.9277712637881584,0.25,-0.2319428159470396,-0.44273510693058826,0.25,-0.11068377673264707
2016-09-22,671.38,112.32711625477683,-0.47692648459788,0.0,0.11187942725032707,1.0,-0.15883187302591417,0.25,-0.03970796825647854,-0.707818981821891,0.25,-0.17695474545547274,-0.924114265701766,0.25,-0.2310285664254415,-0.11694081784194878,0.25,-0.029235204460487194
2016-09-23,674.0901,112.28055489635327,-0.5013747368715732,0.0,0.10968538973082927,1.0,-0.255180029326742,0.25,-0.0637950073316855,-0.7398248885324192,0.25,-0.1849562221331048,-0.9205106453798588,0.25,-0.2301276613449647,-0.08998338424727269,0.25,-0.022495846061818172
2016-09-26,677.04,112.53468828619806,-0.2781547343963745,0.0,0.10416301217996513,0.0,0.27424832830226653,0.25,0.06856208207556663,-0.6534105213040354,0.25,-0.16335263032600886,-0.9169591381683616,0.25,-0.2292397845420904,0.18350239358463244,0.25,0.04587559839615811
2016-09-27,684.89,113.08159561229449,-0.08991678382177545,0.0,0.09928889803430459,0.0,0.25292218241145037,0.25,0.06323054560286259,-0.4563847140181716,0.25,-0.1140961785045429,-0.6551014171457107,0.25,-0.16377535428642767,0.4988968134653301,0.25,0.12472420336633253
2016-09-28,686.72,113.32027572113942,0.07206004908499776,0.0,0.0965818069047073,0.0,0.5662319583819332,0.25,0.1415579895954833,-0.3888199359887546,0.25,-0.09720498399718865,-0.5246307000448873,0.25,-0.13115767501122183,0.6354588739916998,0.25,0.15886471849792494
2016-09-29,688.55,113.46771992911616,0.22660011435607708,0.0,0.09263061976818959,0.0,0.6403050213440123,0.25,0.1600762553360031,-0.36011479502231164,0.25,-0.09002869875557791,-0.26415843266835076,0.25,-0.06603960816708769,0.8903686637709584,0.25,0.2225921659427396
2016-09-30,685.73,113.4319593709201,0.2881569403243207,0.0,0.08871991452231277,0.0,0.811342495667076,0.25,0.202835623916769,-0.40522035021944625,0.25,-0.10130508755486156,-0.39830300265791596,0.25,-0.09957575066447899,1.1448086185075692,0.25,0.2862021546268923
2016-10-03,683.05,113.290991835895,0.2186603337249013,0.0,0.08578638107782864,0.0,0.6726060877128708,0.25,0.1681515219282177,-0.4902245891520429,0.25,-0.12255614728801073,-0.5438020046924628,0.25,-0.1359505011731157,1.23606184103124,0.25,0.30901546025781
2016-10-04,684.2,112.4254718641534,-0.04130684602994311,0.0,0.08502076871377393,0.0,0.25252228516607117,0.25,0.06313057129151779,-0.8601982271806893,0.25,-0.21504955679517232,-0.7845442866007121,0.25,-0.19613607165017802,1.2269928444955578,0.25,0.30674821112388945
2016-10-05,687.04,112.9075057027452,-0.07076810084101076,0.0,0.09799333862009638,0.0,0.2509658016091188,0.25,0.0627414504022797,-0.6742713525447779,0.25,-0.16856783813619447,-0.42090685095259517,0.25,-0.10522671273814879,0.5611399985242111,0.25,0.1402849996310528
2016-10-06,687.32,113.74995949637767,0.006933738382244786,0.0,0.0951240847238827,0.5,-0.024578688097069246,0.25,-0.006144672024267312,-0.35158452500783566,0.25,-0.08789613125195891,-0.3012337319779738,0.25,-0.07530843299449345,0.7051318986118579,0.25,0.17628297465296447
2016-10-07,683.95,113.6950758251735,0.04398582389270056,0.0,0.09451299967339438,0.0,0.10407993271980412,0.25,0.02601998317995103,-0.40514022862870963,0.25,-0.10128505715717741,-0.18202116866523096,0.25,-0.04550529216630774,0.6590247601449387,0.25,0.16475619003623468
2016-10-10,674.19,112.54137814282173,-0.13912429684913538,0.0,0.09116382263565442,0.5,-0.025836454204511472,0.25,-0.006459113551127868,-0.9010358722159152,0.25,-0.2252589680539788,-0.43014517743248537,0.25,-0.10753629435812134,0.8005203164563705,0.25,0.2001300791140926
2016-10-11,682.36,113.17035042573845,-0.15725193466064313,0.0,0.1090203495722082,0.0,0.04849207149182237,0.25,0.012123017872955593,-0.6506708254409792,0.25,-0.1626677063602448,0.05950627307956709,0.25,0.014876568269891772,-0.08633525777298283,0.25,-0.021583814443245707
2016-10-12,682.45,113.43636845277348,-0.1467574215978251,0.0,0.10539930494621762,0.0,-0.28769624572942826,0.25,-0.07192406143235706,-0.5593060866787682,0.25,-0.13982652166969206,0.17698505712053297,0.25,0.04424626428013324,0.08298758889636329,0.25,0.020746897224090823
2016-10-13,685.23,114.16915401961785,0.02949775842993424,0.0,0.10040670358931192,0.0,-0.042478726074230005,0.25,-0.010619681518557501,-0.28057628527613554,0.25,-0.07014407131903388,0.046707736531161115,0.25,0.011676934132790279,0.39433830853894136,0.25,0.09858457713473534
2016-10-14,687.0,114.15003623477698,0.1151758050799441,0.0,0.09848968085704714,0.5,0.2968023901623813,0.25,0.07420059754059533,-0.32314171219344584,0.25,-0.08078542804836146,0.04123706835282229,0.25,0.010309267088205572,0.4458054739980186,0.25,0.11145136849950465
2016-10-17,680.95,113.57951038575989,-0.021769087316601293,0.0,0.09402120153009268,0.0,-0.1782102284575393,0.25,-0.04455255711438483,-0.5916668016191765,0.25,-0.14791670040479413,0.03582949580996147,0.25,0.008957373952490367,0.6469711850003492,0.25,0.1617427962500873
2016-10-18,682.02,113.35996772537548,-0.1394106344753666,0.0,0.099831358263199,0.0,0.012944226125216585,0.25,0.0032360565313041463,-0.7027922530901489,0.25,-0.17569806327253723,-0.21974782856069888,0.25,-0.05493695714017472,0.3519533176241647,0.25,0.08798832940604118
2016-10-19,688.89,113.62317722749104,-0.042882776818941704,0.0,0.09858754684527618,0.0,-0.12110517085813567,0.25,-0.030276292714533918,-0.6082707567384944,0.25,-0.1520676891846236,0.1538532315621636,0.25,0.0384633078905409,0.40399158875869967,0.25,0.10099789718967492
2016-10-20,686.39,113.27585608025299,-0.1874729118810114,0.0,0.09449509216267546,0.5,-0.5426051137298912,0.25,-0.1356512784324728,-0.7723598332623941,0.25,-0.19308995831559853,-0.10457331247486917,0.25,-0.026143328118717293,0.6696466119431088,0.25,0.1674116529857772
2016-10-21,684.83,112.59699618457329,-0.44478654894184894,0.0,0.09621870919764108,0.5,-0.7876510729179055,0.25,-0.19691276822947637,-1.0663446765418225,0.25,-0.26658616913545563,-0.48855178432039703,0.25,-0.12213794608009926,0.563401338012729,0.25,0.14085033450318224
2016-10-24,678.02,111.67088183949554,-0.8157768774225922,0.0,0.10383256371939044,0.5,-0.9899799366115317,0.25,-0.24749498415288293,-1.445373707090383,0.25,-0.36134342677259573,-0.9970366040161822,0.25,-0.24925915100404555,0.16928273802772786,0.25,0.042320684506931966
2016-10-25,676.18,110.9055605466078,-1.2659983113072029,0.0,0.11514196791431096,1.0,-1.0546792262215439,0.25,-0.26366980655538597,-1.7312682339936178,0.25,-0.43281705849840446,-1.8734313431028837,0.25,-0.46835783577572093,-0.4046144419107658,0.25,-0.10115361047769145
2016-10-26,673.61,110.57125662474714,-1.3364092747703373,0.0,0.12166689440142302,1.0,-1.1923652085702579,0.25,-0.29809130214256446,-1.819083928981629,0.25,-0.45477098224540724,-1.6025109183645363,0.25,-0.4006277295911341,-0.7316770431649259,0.25,-0.18291926079123147
2016-10-27,676.9,110.6306602454052,-1.3599268961582167,0.0,0.11938997626657685,1.0,-1.4902247781757552,0.25,-0.3725561945439388,-1.7405554014320817,0.25,-0.4351388503580204,-1.587861678426166,0.25,-0.3969654196065415,-0.6210657265988639,0.25,-0.15526643164971599
2016-10-28,682.25,111.42660610809322,-1.0481875789904636,0.0,0.11139254303096256,1.0,-1.5526870516275901,0.25,-0.38817176290689753,-1.3704308791026922,0.25,-0.34260771977567306,-1.0724756045832298,0.25,-0.26811890114580744,-0.19715678064834186,0.25,-0.049289195162085464
2016-10-31,675.8,110.59357880220179,-1.0915297083778595,0.0,0.10837127765406053,1.0,-1.1411664084200592,0.25,-0.2852916021050148,-1.679864557112805,0.25,-0.41996613927820126,-1.4445768849932876,0.25,-0.3611442212483219,-0.10051098298528574,0.25,-0.025127745746321435
2016-11-01,676.6,110.50442673822616,-1.181980040173396,0.0,0.1173087978594686,1.0,-1.1987557124537531,0.25,-0.2996889281134383,-1.6686724885943416,0.25,-0.4171681221485854,-1.3080364853038275,0.25,-0.3270091213259569,-0.5524554743416615,0.25,-0.13811386858541538
2016-11-02,671.4,109.5387251895065,-1.4171982108371617,0.0,0.11143930580241383,1.0,-1.7339702610477747,0.25,-0.4334925652619437,-2.002312065323969,0.25,-0.5005780163309923,-1.6750311560626425,0.25,-0.41875778901566063,-0.25747936091425994,0.25,-0.06436984022856498
2016-11-03,667.63,108.95260136305988,-1.6760941368756839,0.0,0.12263269703853755,1.0,-1.6921364144631563,0.25,-0.4230341036157891,-2.1555655163859266,0.25,-0.5388913790964817,-2.03016581947493,0.25,-0.5075414548687325,-0.8265087971787228,0.25,-0.2066271992946807
2016-11-04,666.73,108.72782218459764,-1.7491160607554164,0.0,0.12485929275684479,1.0,-1.9062836316040552,0.25,-0.4765709079010138,-2.1536666890383684,0.25,-0.5384166722595921,-2.003518114600536,0.25,-0.500879528650134,-0.9329958077787058,0.25,-0.23324895194467646
2016-11-07,674.14,109.54112177895135,-1.2447007617097738,0.0,0.12026003525673212,1.0,-1.0396990260051393,0.25,-0.2599247565012848,-1.7569212873861502,0.25,-0.43923032184653754,-1.4865818471502397,0.25,-0.3716454617875599,-0.6956008862975658,0.25,-0.17390022157439144
2016-11-08,676.46,109.57519470745997,-1.1021514200202547,0.0,0.11610996963826593,1.0,-0.8362771424970998,0.25,-0.20906928562427496,-1.6865049904612832,0.25,-0.4216262476153208,-1.3509915731449729,0.25,-0.3377478932862432,-0.5348319739776629,0.25,-0.13370799349441573
2016-11-09,670.26,108.22485691716636,-1.431828509774373,0.0,0.10845627153799575,1.0,-1.3782802013270412,0.25,-0.3445700503317603,-2.1397863259507837,0.25,-0.5349465814876959,-2.0788352903211327,0.25,-0.5197088225802832,-0.1304122214985337,0.25,-0.03260305537463343
2016-11-10,678.17,110.26146807526817,-1.1495687268294246,0.0,0.1283761345706857,1.0,-0.5827205335515597,0.25,-0.14568013338788993,-1.2884043462844814,0.25,-0.32210108657112035,-1.5635313866027358,0.25,-0.39088284665068396,-1.1636186408789213,0.25,-0.2909046602197303
2016-11-11,679.2,110.28574432997635,-1.2953785362521446,0.0,0.12967004090321396,1.0,-0.7866696628462871,0.25,-0.19666741571157179,-1.2501496148332991,0.25,-0.3125374037083248,-1.5501348199237508,0.25,-0.3875337049809377,-1.594560047405241,0.25,-0.39864001185131026
2016-11-14,673.05,109.82787326781313,-1.2775353576001995,0.0,0.12006496520906156,1.0,-0.9002871501051541,0.25,-0.22507178752628854,-1.3960402988131229,0.25,-0.3490100747032807,-1.7811759838518717,0.25,-0.4452939959629679,-1.0326379976306495,0.25,-0.25815949940766236
2016-11-15,674.26,109.77799745228853,-1.3173542771087647,0.0,0.12027721599035449,1.0,-0.787146883176808,0.25,-0.196786720794202,-1.3782938680095822,0.25,-0.34457346700239555,-2.1246716971251636,0.25,-0.5311679242812909,-0.9793046601235054,0.25,-0.24482616503087634
2016-11-16,674.6,110.01389234985062,-0.9156410223124242,0.0,0.11331465534253832,1.0,-0.22231412516661717,0.25,-0.05557853129165429,-1.253444830000051,0.25,-0.31336120750001273,-1.6143341441259365,0.25,-0.4035835360314841,-0.5724709899570918,0.25,-0.14311774748927295
2016-11-17,674.57,109.70250951674355,-0.7618969997742112,0.0,0.1071030501740181,1.0,-0.3439634062584468,0.25,-0.0859908515646117,-1.3418395110174972,0.25,-0.3354598777543743,-1.235784610858003,0.25,-0.30894615271450077,-0.1260004709628977,0.25,-0.03150011774072443
2016-11-18,673.25,109.40153023784322,-0.885354973420283,0.0,0.1066120013054422,1.0,-0.5704046518584194,0.25,-0.14260116296460484,-1.4201451643992982,0.25,-0.35503629109982454,-1.471794348997832,0.25,-0.367948587249458,-0.0790757284255827,0.25,-0.019768932106395676
2016-11-21,674.29,109.6897368702164,-0.8361636193043791,0.0,0.10601933824043448,1.0,-0.4605791580719279,0.25,-0.11514478951798197,-1.272101173788278,0.25,-0.3180252934470695,-1.5816230889059328,0.25,-0.3954057722264832,-0.03035105645137769,0.25,-0.0075877641128444225
2016-11-22,681.91,110.21366682399577,-0.5001183998948718,0.0,0.10110508553244024,0.5,-0.06763600604045601,0.25,-0.016909001510114003,-1.0433914902854922,0.25,-0.26084787257137304,-1.2038938629244806,0.25,-0.30097346573112016,0.3144477596709412,0.25,0.0786119399177353
2016-11-23,683.16,110.531121761369,-0.224699683108798,0.0,0.09810428706452799,0.0,0.591861177124826,0.25,0.1479652942812065,-0.9043008302458467,0.25,-0.22607520756146168,-1.0749237476953455,0.25,-0.26873093692383637,0.4885646683811742,0.25,0.12214116709529355
2016-11-24,678.18,110.74812130311878,-0.18121047605284143,0.0,0.09439966166024413,0.0,0.4102511484591277,0.25,0.10256278711478192,-0.8099186073022624,0.25,-0.2024796518255656,-1.0697608635323734,0.25,-0.26744021588309336,0.7445864181641425,0.25,0.18614660454103563
2016-11-25,675.87,110.24668042655077,-0.41479320923516866,0.0,0.09064622719394844,0.5,-0.004311922781889867,0.25,-0.0010779806954724668,-0.9932861135499277,0.25,-0.24832152838748192,-1.6748507970401467,0.25,-0.4187126992600367,1.0132759964312898,0.25,0.25331899910782246
2016-11-28,665.29,108.71935130567367,-0.7579219525524088,0.0,0.09593969274034872,0.5,-0.2744126114948752,0.25,-0.0686031528737188,-1.5530076791925258,0.25,-0.38825191979813145,-1.9006064250138002,0.25,-0.47515160625345004,0.6963389054915663,0.25,0.17408472637289157
2016-11-29,658.26,107.89257628899466,-1.3888440447879844,0.0,0.12207701887099892,1.0,-0.6152200858504214,0.25,-0.15380502146260536,-1.8096919437149148,0.25,-0.4524229859287287,-2.3547232608971327,0.25,-0.5886808152242832,-0.7757408886894687,0.25,-0.19393522217236717
2016-11-30,665.07,108.22915833625461,-1.2010895431629507,0.0,0.12906222772904455,1.0,-0.1951320107586459,0.25,-0.04878300268966147,-1.6164184438637794,0.25,-0.40410461096594485,-1.8452308821049088,0.25,-0.4613077205262272,-1.147576835924469,0.25,-0.2868942089811172
2016-12-01,666.54,108.41463984847913,-1.0550166409386648,0.0,0.121093523576921,0.5,0.11546113429050674,0.25,0.028865283572626684,-1.4918080464602006,0.25,-0.37295201161505015,-2.1788303999214604,0.25,-0.5447075999803651,-0.6648892516635049,0.25,-0.16622231291587622
2016-12-02,665.14,108.17259666545245,-0.9761338301687331,0.0,0.11351377681857981,1.0,-0.0494559842383987,0.25,-0.012363996059599675,-1.5324088570229215,0.25,-0.3831022142557304,-2.148210198324765,0.25,-0.5370525495811912,-0.17446028108884762,0.25,-0.043615070272211905
2016-12-05,660.21,107.73968443015833,-0.9604643114033765,0.0,0.11092527195748136,1.0,-0.48898541458265404,0.25,-0.12224635364566351,-1.6390957903956738,0.25,-0.40977394759891844,-1.6524947411991053,0.25,-0.41312368529977633,-0.06128129943607296,0.25,-0.01532032485901824
2016-12-06,651.49,106.24555812987381,-1.4404286329601945,0.0,0.11221751648996509,1.0,-1.1578236570338947,0.25,-0.28945591425847367,-2.1173766749290603,0.25,-0.5293441687322651,-2.3333338194040723,0.25,-0.5833334548510181,-0.15318038047375063,0.25,-0.03829509511843766
2016-12-07,653.5301,106.1100768155168,-1.8224356425286388,0.0,0.13512070237665416,1.0,-1.3740633190315235,0.25,-0.34351582975788086,-2.067805248044469,0.25,-0.5169513120111172,-2.410115468519806,0.25,-0.6025288671299515,-1.4377585345187567,0.25,-0.35943963362968917
2016-12-08,658.89,106.40091735200352,-1.6087367824323033,0.0,0.12745652478350417,1.0,-1.3867834042129144,0.25,-0.3466958510532286,-1.871629028444796,0.25,-0.467907257111199,-2.1445614127985393,0.25,-0.5361403531996348,-1.0319732842729634,0.25,-0.25799332106824086
2016-12-09,663.07,105.99761804116432,-1.5302542753514394,0.0,0.11951536736224037,1.0,-1.3113969305281745,0.25,-0.32784923263204363,-1.9329320409811552,0.25,-0.4832330102452888,-2.3394317343717543,0.25,-0.5848579335929386,-0.5372563955246733,0.25,-0.13431409888116833
2016-12-12,659.7,104.30956331485955,-1.7018735986524125,0.0,0.11909268735008059,1.0,-1.2214673335755328,0.25,-0.3053668333938832,-2.4232921087519297,0.25,-0.6058230271879824,-2.6324665567550953,0.25,-0.6581166391887738,-0.5302683955270919,0.25,-0.13256709888177298
2016-12-13,654.66,103.13947601581745,-2.2745504241769527,0.0,0.14562476092618687,1.0,-1.4114721203294809,0.25,-0.3528680300823702,-2.677286280335562,0.25,-0.6693215700838905,-3.0,0.25,-0.75,-2.009443296042768,0.25,-0.502360824010692
2016-12-14,665.14,104.7533382035375,-2.152699989503145,0.0,0.15620453005084928,1.0,-1.250286680034965,0.25,-0.31257167000874125,-1.9944779297657822,0.25,-0.49861948244144555,-2.8188399039267664,0.25,-0.7047099759816916,-2.5471954442850664,0.25,-0.6367988610712666
2016-12-15,665.92,104.6399876279831,-2.013245807874477,0.0,0.15104493196944813,1.0,-1.1462764266617698,0.25,-0.28656910666544244,-1.937752168955725,0.25,-0.4844380422389313,-2.4454803775622187,0.25,-0.6113700943905547,-2.5234742583181955,0.25,-0.6308685645795489
2016-12-16,675.16,105.3249445921952,-1.698062661907071,0.0,0.14049067637367435,1.0,-0.8561273633914583,0.25,-0.21403184084786459,-1.6240758416576495,0.25,-0.4060189604144124,-2.4032538507304633,0.25,-0.6008134626826158,-1.9087935918487127,0.25,-0.47719839796217817
2016-12-19,674.33,106.35338661914544,-1.1966641013535273,0.0,0.13269618642091993,1.0,-0.23916773585166648,0.25,-0.05979193396291662,-1.218393423856125,0.25,-0.30459835596403123,-1.8458711960842553,0.25,-0.46146779902106383,-1.4832240496220626,0.25,-0.37080601240551564
2016-12-20,662.66,105.84907206439198,-1.1473093204056375,0.0,0.12797284830796132,0.5,0.09602552057764914,0.25,0.024006380144412285,-1.342524940895107,0.25,-0.33563123522377675,-2.033067823852268,0.25,-0.508266955963067,-1.3096700374528243,0.25,-0.32741750936320607
2016-12-21,666.94,106.10709457175591,-1.1034437571638858,0.0,0.12812879294635707,0.5,0.06060954817281899,0.25,0.015152387043204747,-1.2074846255654355,0.25,-0.30187115639135886,-2.0073235915680163,0.25,-0.5018308978920041,-1.2595763596949108,0.25,-0.3148940899237277
2016-12-22,664.15,105.65814896355599,-1.109642443576478,0.0,0.11991496634864893,1.0,-0.027959081721029164,0.25,-0.006989770430257291,-1.3127593833394036,0.25,-0.3281898458348509,-2.388377539191539,0.25,-0.5970943847978848,-0.7094737700539405,0.25,-0.17736844251348513
2016-12-23,664.37,105.44003582633499,-1.1793065295270588,0.0,0.1203087757222849,1.0,-0.32965317478444955,0.25,-0.08241329369611239,-1.3351935483366857,0.25,-0.3337983870841714,-2.348637272005033,0.25,-0.5871593180012582,-0.703742122982067,0.25,-0.17593553074551674
2016-12-26,662.45,105.1062470752554,-0.9735053711044975,0.0,0.11639497212366536,0.5,0.3857921385793866,0.25,0.09644803464484665,-1.3934039950534667,0.25,-0.34835099876336667,-2.409361907474599,0.25,-0.6023404768686498,-0.477047720469311,0.25,-0.11926193011732775
2016-12-27,663.86,105.26072392338813,-0.7256807845359201,0.0,0.11520753882443785,0.5,0.9541356088585681,0.25,0.23853390221464202,-1.2880606114397155,0.25,-0.3220151528599289,-2.1724303313162308,0.25,-0.5431075828290577,-0.3963678042463022,0.25,-0.09909195106157555
2016-12-28,663.5,105.57846461939523,-0.6098671525285614,0.0,0.10833964711155826,0.0,0.7518468664107285,0.25,0.18796171660268213,-1.1351828690350156,0.25,-0.2837957172587539,-2.141491457142645,0.25,-0.5353728642856612,0.08535884965268689,0.25,0.021339712413171723
2016-12-29,664.72,105.79187232346447,-0.3966902382234503,0.0,0.10332576662955854,0.0,0.9429634083193003,0.25,0.23574085207982506,-1.0245905898562604,0.25,-0.2561476474640651,-1.9168815541004345,0.25,-0.4792203885251086,0.4117477827435936,0.25,0.1029369456858984
2016-12-30,664.87,105.94944619765354,-0.17176199875458045,0.0,0.09842586865539102,0.0,1.0068795699215771,0.25,0.2517198924803943,-0.9378465778960279,0.25,-0.23446164447400697,-1.5033132837311638,0.25,-0.37582832093279095,0.7472322966872927,0.25,0.18680807417182319
2017-01-03,672.01,106.6088206613772,0.159594243088484,0.0,0.09387368973984704,0.0,1.034230734177477,0.25,0.25855768354436925,-0.6894154489948948,0.25,-0.1723538622487237,-0.7692596137172389,0.25,-0.19231490342930974,1.0628213008885927,0.25,0.2657053252221482
2017-01-04,674.7,106.83771448064785,0.2885271115223388,0.0,0.09269056196658362,0.0,1.6781491664287163,0.25,0.41953729160717906,-0.594820904429912,0.25,-0.148705226107478,-0.9856505048716685,0.25,-0.24641262621791712,1.0564306889622195,0.25,0.26410767224055487
2017-01-05,675.81,106.97562933749857,0.2568763272190583,0.0,0.0857707761495364,0.0,1.0583924513468772,0.5111646384474049,0.5410127947281891,-0.5337115358806932,0.5635635598685133,-0.3007803731038152,-1.012976861615595,0.5028107362071904,-0.5093356415497865,1.2821594486538035,0.41022943573571946,0.5259795471444709
2017-01-06,679.8,106.83100567751357,0.27754946671801994,0.0,0.08522231168945879,0.0,0.8361342641592058,0.5119946031327426,0.4280962307438803,-0.5683319293714051,0.5639593829978707,-0.32051612422628706,-0.8974175852992512,0.5016984891321493,-0.45023304666525604,1.5126439553649507,0.41001215432487453,0.6202024068656827
2017-01-09,682.57,106.96638491688866,0.6799028037070942,0.0,0.08221289894747516,0.0,1.0568789564521242,0.5129604024520554,0.54213705484479,-0.5112584668936717,0.5643567974617485,-0.28853219105131594,-0.342423159439888,0.5010417083447969,-0.17156828478258423,1.461560529845453,0.4090601877155394,0.5978662246962043
2017-01-10,681.07,106.83076853728366,0.4686874561625542,0.0,0.08193688466130411,0.0,1.214077783215652,0.5136119973818224,0.6235649152142861,-0.5486706705099987,0.5637650680450674,-0.3093213578944022,-0.9340224546313529,0.5009118759829833,-0.46786293995962186,1.5207239407531075,0.409217493146131,0.6223068388022921
2017-01-11,687.16,107.4901276505661,0.6945646397916803,0.0,0.08223849370306426,0.0,1.4204123154759432,0.5144924943521558,0.7307914751977392,-0.32080884186160474,0.5639965495901447,-0.18093507988795543,-0.9551880314977038,0.4998341119031572,-0.4774355614241797,1.5207239407531075,0.4091102857221885,0.6221438059060762
2017-01-12,686.96,107.72594248187887,0.755743542673774,1.0,0.08013118279975621,0.0,1.1393745472165093,0.5153668639480641,0.5871958872612179,-0.24131186772017973,0.5642978086416364,-0.13617175815371785,-0.6080192288490387,0.4980857869177593,-0.3028457360624026,1.4828566160277064,0.4097261616947357,0.6075651496286766
2017-01-13,685.06,107.64371049849618,0.8274273049525225,1.0,0.07911154116257449,0.0,1.2896475544148804,0.5160732026978141,0.6655525437582909,-0.2719135990339326,0.5642218705728907,-0.15341959948113243,-0.620363058458957,0.49711251912031457,-0.3083902427597151,1.5207239407531075,0.41012348574338353,0.6236846034350791
2017-01-16,677.94,106.65131986132239,0.3160182955227678,1.0,0.09678776898021518,0.0,1.1431830961196583,0.5167839416992126,0.5907786664966268,-0.6075791899593769,0.564065529786536,-0.3427144776717103,-1.1220684124182583,0.49606698230770296,-0.5566210912911205,1.5207239407531075,0.4107091242869917,0.6245751979889718
2017-01-17,684.71,106.68484975465431,-0.12977442522690233,1.0,0.09177366556642981,0.0,0.6905628272079987,0.5177139455291017,0.35751400590958426,-0.5885380876454055,0.5645594947235028,-0.3322647653866267,-0.7725343506441533,0.49483124117476696,-0.382274131579389,0.5537970574598811,0.4103497170459269,0.2272504658295291
2017-01-18,683.2801,106.18060689774889,-0.3611948499339787,1.0,0.09732868173200375,0.0,0.39106158591123913,0.5180219989258936,0.20257850443687017,-0.7608809103841058,0.5645996657260397,-0.4295931076601909,-0.9258743131004143,0.4944831117757974,-0.4578292114551718,0.788761841720681,0.4103253322174851,0.3236489647445138
2017-01-19,682.31,105.81408640783478,-0.9869744066868682,0.0,0.09946425817704492,0.0,0.3150997177903209,0.5185138472626782,0.16338356694284348,-0.8734051714354918,0.5648352321400394,-0.49333001276007693,-1.7219793737556994,0.4943031261309365,-0.8511797875804346,0.4740079892468316,0.40959610621604625,0.19415182671079972
2017-01-20,686.26,106.38805709259867,-0.7255272680986218,0.0,0.09706490361555616,0.0,0.6068862791786186,0.5192175372038161,0.31510599923790994,-0.6637333076544655,0.5654767419600346,-0.37532574834280447,-1.6297377725483089,0.49335513552276855,-0.8040394996421458,0.33922951823454384,0.4089619953193433,0.1387319806484186
2017-01-23,687.15,106.34674424215771,-1.0093244525328624,0.0,0.09320332379981526,0.0,0.2722168934740173,0.519715912478892,0.14147545118401825,-0.6793945302297519,0.5660399692170814,-0.3845644589775023,-1.9416784440224257,0.4920700813928599,-0.9554418699888766,0.46249659922962716,0.4090979816168515,0.18920642524949835
2017-01-24,691.36,107.5024367882432,0.00456126903308296,0.0,0.09490528874788617,0.0,0.582204719267876,0.5207503470086328,0.30318330958881,-0.2686820400417137,0.5667078321685177,-0.15226421645465443,-0.8644603003146504,0.49050018001804097,-0.4240179329227858,0.6793023332184372,0.4087430518694074,0.27766010882171316
2017-01-25,697.2801,108.3994190244469,0.34282909991765276,0.0,0.09485172167352038,0.5,0.8686329116910123,0.5212354126100562,0.45276223413193933,0.04376359691480877,0.5668686053718397,0.024808209149152997,-0.5930483957573178,0.4897362201084402,-0.2904372796795632,0.3808442384604014,0.4088178856152295,0.15569593631612358
2017-02-02,703.18,109.06608629916099,0.4510019893970565,0.0,0.09349618574875239,0.5,0.9136262424179747,0.5216321710241189,0.4765768403370961,0.2596898652741653,0.5668791449940581,0.14721276879024098,-0.6110332852768037,0.4890107031193047,-0.2988018164625085,0.3079785125252382,0.40916554761885,0.12601419673222794
2017-02-03,700.35,108.71917361816332,0.5580401497716664,0.0,0.09560742542395652,0.5,0.6692506084359083,0.5221376378898703,0.3494409318450837,0.10688113185426695,0.5669047273933161,0.06059141891733228,-0.034687308690442474,0.48810541642094,-0.016931063252870117,0.4027160642273414,0.4095661358296579,0.16493886226212054
2017-02-06,700.04,108.93330015751846,0.6461422882206506,1.0,0.09170134244968432,1.0,0.7353483412931413,0.5223452436123894,0.3841057084727324,0.16019526624606564,0.5666757764753376,0.0907787768876627,0.10593081585812102,0.4879529201753884,0.05168925093453149,0.29177301349625173,0.4097999005903954,0.11956855192572405
2017-02-07,701.91,109.06499801255434,0.8422617513603883,1.0,0.08785514458786604,1.0,0.6384541217801648,0.5225796886421932,0.3336431561722034,0.18287555732120792,0.5664343250579709,0.10358699288083867,0.24811243909628045,0.4879066114013741,0.121055699405996,0.692810130585511,0.40988994006388896,0.28397590290135016
2017-02-08,702.04,109.70880846605657,1.3534392030767286,1.0,0.08725799186631701,1.0,0.9370237111045766,0.5225894109603995,0.4896786692420682,0.3875476005495971,0.5660322526162554,0.2193644413351132,0.39806226848938164,0.48787305099304545,0.19420385341312743,1.0967658649886753,0.41047251146083785,0.45019223908641975
2017-02-09,700.65,109.89111453192469,1.5056078841850353,1.0,0.08422988731958361,1.0,1.0501573506416952,0.52253362976796,0.5487425322583094,0.41619888377783837,0.5653112857763807,0.23528192612714424,0.5507145880086423,0.48778035993869207,0.268627759962344,1.1003535502073691,0.411645571327393,0.4529556658372377
2017-02-10,703.7801,110.31973705588479,1.8354848810897222,1.0,0.08289095682438394,1.0,1.2990337150653575,0.5225088343246452,0.6787565922072133,0.5322706358697051,0.564422254839526,0.30042539248244726,0.5495269370389444,0.4877789157090259,0.2680476535017584,1.4247028457111082,0.412896797861514,0.5882552428983032
2017-02-13,705.9,111.40745249169662,2.6178212389751025,1.0,0.08532575871008535,1.0,1.5865167302343026,0.5225006232558743,0.828955980353295,0.8791659466199995,0.5632971465105383,0.49523166904028193,1.3598699341471847,0.48762119362457823,0.6631014004630268,1.5207239407531075,0.41462633172345575,0.6305321891184988
2017-02-14,706.26,111.38722074517415,2.22238313431398,1.0,0.08255399902517534,1.0,1.5201336864388222,0.5223255200598304,0.7940046183296249,0.8160616189034227,0.5613195781753915,0.4580713636879963,1.0258782776835138,0.4880281700362278,0.5006574985378024,1.126141960956086,0.4170430283583675,0.4696496537585566
2017-02-15,711.57,112.02114534601255,2.605226160553639,1.0,0.08249023307478127,1.0,1.4734163364337096,0.5223996206594476,0.7697121352264029,0.9862256069075054,0.5600795811995345,0.5523648248850124,1.5128691042068672,0.48825453262623053,0.738665197399188,1.3015024624491318,0.4183503441233917,0.544484003043036
2017-02-16,709.35,111.86987102951502,2.0891366277458,1.0,0.08234397609686701,1.0,1.096683364407041,0.5221735533531295,0.5726590492956897,0.8737644481597746,0.5585151424842806,0.4880106752616553,1.0054215372708668,0.48871727413538857,0.49136687305203003,1.2782624592389216,0.42017977314002863,0.5371000301364252
2017-02-17,707.83,112.42607629342587,2.25842923185525,1.0,0.08187396512147292,1.0,1.2796144582482145,0.5217113030387179,0.6675893263998591,1.015681123562604,0.557620544716886,0.566364661379638,0.9998996062079825,0.4888985808570343,0.4888494984745901,1.2700728187472408,0.4217283747001898,0.5356257456011626
2017-02-20,710.5901,113.46294364383533,2.926573433194526,1.0,0.08404423739185816,1.0,1.5823800586206656,0.5213989967066011,0.8250513749733476,1.3218291912815179,0.5566996076621118,0.7358617921827475,1.662037617680385,0.4890030320577574,0.8127414344397601,1.306495533899265,0.4232075940959951,0.5529188315986706
2017-02-21,716.55,114.11181839736298,2.6094031708189926,1.0,0.08381379336296921,1.0,1.2444971140997567,0.521089398239078,0.6484942522965114,1.4746922280748211,0.5553448304753471,0.8189627054035234,1.4783248700214893,0.48951036867305886,0.723655352142771,0.9847248699250927,0.4247794218988357,0.41829086097618706
2017-02-22,717.24,114.07400564212264,2.580276361784712,1.0,0.08151350350973012,1.0,0.9670881549803422,0.5206501619707432,0.5035146045305023,1.3883412105510253,0.5546311176753713,0.7700172373226932,1.7972405298236092,0.48997943614470113,0.8806109014193759,1.0009981796058711,0.4257086847849455,0.42613361851214004
2017-02-23,716.87,114.14020759857164,2.3351377289551025,1.0,0.07854663932613913,1.0,0.9060914598302691,0.5197972372527204,0.47098383751805817,1.3364141120926978,0.5540263658462843,0.7404086537884061,1.2774666940733441,0.49047687357070446,0.6265678701997974,1.164448627694192,0.42696376261212743,0.4971773674488406
2017-02-24,714.47,113.7500728832598,1.9006132264406046,1.0,0.08311436467275832,1.0,0.5570598603685786,0.5189097886771742,0.28906381442439527,1.1332375817059521,0.5534820293704986,0.6272266364815267,0.7671273782583503,0.4908125386282484,0.3765157359742135,1.4189124160937887,0.4283612100835219,0.6078070395604691
2017-02-27,717.44,114.07940612805356,1.8208070853074938,1.0,0.08131562757268011,1.0,0.47092356429503923,0.5177264794636294,0.2438095990389348,1.1843455454151988,0.5532565297062649,0.6552469064294865,0.9308752805218684,0.49105080573046433,0.4571070565348355,1.0810470032568062,0.4298088074842563,0.46464352330423686
2017-02-28,710.79,113.40207386191925,1.5285368966783643,1.0,0.09097695568847435,1.0,0.22437859550164896,0.516602370269513,0.11591451427389612,0.8834866042964441,0.5530452755328937,0.48860809250274756,0.7532809808782649,0.49139666552224304,0.3701597622049039,1.2849372963828438,0.4310362297490642,0.5538545276968169
2017-03-01,709.52,113.02831882011294,1.070555392631294,1.0,0.09366410491319031,0.5,-0.036242419604686035,0.5152316865345618,-0.018673242977015652,0.703007474772082,0.5530564627984077,0.3888028273182885,0.920399114822779,0.49184233934619837,0.45269125376660585,0.5732569631156013,0.43215271765213237,0.24773455452341528
2017-03-02,707.51,112.92659995014913,0.7237233820092238,1.0,0.09122811488066374,0.5,-0.13309838600030335,0.5141913646616986,-0.0684380407317655,0.6270950655437056,0.5531976224654707,0.3469074993186064,0.5700792519602975,0.49210518997261965,0.2805389585853711,0.38048209941071,0.4329112068402745,0.16471496483701176
2017-03-03,712.62,112.98626641766201,0.9884148596634548,1.0,0.08704786561036154,0.5,-0.24527580987432854,0.5133950529636883,-0.12592338740114242,0.6148506201846516,0.55329432407864,0.34019335830439945,1.0864173101317853,0.4923814493427353,0.5349317297537244,0.5519221534663094,0.43341829550437755,0.23921315900647327
2017-03-06,716.29,113.4868654739128,1.0941624766883273,1.0,0.08567524961789107,0.5,-0.4852651939462909,0.5120630119376233,-0.24848635680063264,0.7575092725066384,0.5536307381415925,0.4193804176869509,1.0927185816678258,0.49256936352353275,0.5382396962824584,0.8864481242707891,0.434349973763308,0.3850287195195508
2017-03-07,716.54,114.11820687667498,1.304678156102662,1.0,0.08514890938132408,0.5,-0.3843684681697642,0.5097054612107857,-0.1959147073433529,0.9425502006599961,0.5542162239306876,0.5223766130748949,1.0925454743586902,0.49321239710574977,0.538856972355488,1.0085267645222797,0.435644638765485,0.4393592780156319
2017-03-08,716.6,114.61781939793082,1.4432018945430876,1.0,0.0839808526486292,0.5,-0.605948340105169,0.5072108578814256,-0.3073435774165686,1.0720654642683578,0.5547094939249312,0.5946848911386972,1.434348899769676,0.4940032416840834,0.7085730061922184,1.0234708334708615,0.4370301136104383,0.4472875746287406
2017-03-09,715.8,114.60534822491026,1.4178707089439841,1.0,0.08123212814817402,0.5,-0.5199424298470942,0.5037505463966324,-0.2619212831302664,1.0110074224309964,0.5555349453291335,0.5616499531475517,1.2553659729519535,0.49495165160765386,0.6213454616846187,1.1318953902723285,0.4389067943129916,0.49679657724208026
2017-03-10,712.21,114.48457808656842,1.3506293462892478,1.0,0.08065193731701854,0.5,-0.531074396227336,0.5005652709942644,-0.2658373990656518,0.9132704376758649,0.5562353825497507,0.507993331272013,1.078424206989112,0.4959472301508946,0.534841498383925,1.3021193684305243,0.4405371194120043,0.5736319156989615
2017-03-13,710.17,114.26288117545195,1.2307817588712728,1.0,0.08190299366235917,0.5,-0.4940975944312093,0.49738522756173037,-0.2457568444438706,0.7907463357413819,0.5569762186942228,0.4404269040275472,0.908969350987095,0.4970691448540712,0.4518206179937154,1.3221160662912006,0.44193629908222354,0.5842910812938809
2017-03-14,714.71,114.4290473462782,1.347052204869736,1.0,0.07940109686563138,0.5,-0.37771077316325696,0.4945740203310701,-0.18680593560570885,0.8136147005041857,0.5576582183798098,0.45371892433078675,1.092408843383045,0.49811888238835095,0.5441494721771135,1.2097783590491844,0.4430478855555006,0.5359897439675444
2017-03-15,713.14,114.4666662497543,1.1789696772125529,1.0,0.07653391849204003,0.5,-0.6134596336268262,0.4920172821830747,-0.3018327416660958,0.788453918064996,0.5581841513186004,0.44010248110893513,0.7462848490583511,0.4989460912493643,0.37235590839628613,1.5042638839800584,0.4442997245969162,0.6683440293734274
2017-03-16,714.92,115.5371822791486,1.7666852256471515,1.0,0.07944341707172013,0.5,-0.18344237159738092,0.48885814515220793,-0.0896772975214177,1.1300389721080903,0.559062398751535,0.6317622984294679,1.0945652199848304,0.5002597232896339,0.5475668940720685,1.5207239407531075,0.44520462427371665,0.677033330667033
2017-03-17,710.54,115.69349206172512,1.850782352548354,1.0,0.07717094803873291,1.0,0.05580708828386373,0.48608268674955013,0.027126859412689823,1.1243586107343406,0.5594554072263672,0.629028504436853,1.260526708776512,0.5012133944583461,0.6317928705112826,1.2600533600818002,0.446674828239806,0.5628341181875285
2017-03-20,715.07,116.61641694745263,2.5925139116319333,1.0,0.07915177936338331,1.0,0.315922920244696,0.4841167732188424,0.1529435847347359,1.3974322762426856,0.5595541997987598,0.7819390991059354,1.9456057297483438,0.5018133663663005,0.976330960866579,1.5207239407531075,0.4480104828147067,0.681300266924683
2017-03-21,716.18,116.98985346358721,2.4830827990178928,1.0,0.07800667676396231,1.0,0.467732894209437,0.4818886025300761,0.2253951507479335,1.4513121086021912,0.5593956786203297,0.8118577218814244,1.7480156094912755,0.5024272690522446,0.8782507089373963,1.2615155241686296,0.4499185357430996,0.5675792174511386
2017-03-22,712.94,116.16592989325518,1.984275897325483,1.0,0.09066645266996727,1.0,0.13150264868737532,0.48045452986426546,0.06318104325099858,1.0728097119640025,0.5591545405260777,0.5998664215651456,1.378956845568739,0.5028789918441615,0.6934484282962127,1.3912165676097255,0.45124534801344884,0.6277800042131263
2017-03-23,719.56,116.97992124166466,1.9545078372585674,1.0,0.09036978784091668,1.0,0.34293142152203604,0.4786190073185131,0.16413349654720347,1.2940551151031638,0.5591903672837071,0.723623155099898,1.691128172628642,0.5034240539557496,0.8513546004234898,0.47597044519979204,0.45254193271929266,0.21539658518797605
2017-03-24,722.14,116.91122737366872,1.8052444722683962,1.0,0.08775219605685418,1.0,0.5700572822014344,0.478042742053191,0.2725117463109634,1.194458544455448,0.5592779925917234,0.6680343769770748,1.3312030187937338,0.50369285069414,0.6705174433888607,0.4288981700061678,0.4527436094882497,0.19418090559149737
2017-03-27,723.52,117.43959811205367,2.1072342006848994,1.0,0.08634404090768745,1.0,0.5773762560676887,0.4779798594965958,0.2759742217519044,1.3069971010983152,0.559195711616339,0.7308671740291645,1.6445894908862697,0.503931293682875,0.8287601097195787,0.6000992450269551,0.45264628715213684,0.27163269518425165
2017-03-28,719.26,117.14498349686279,2.0643419784065915,1.0,0.08803704513616004,1.0,0.6168910396850854,0.4777110094429299,0.2946956412842607,1.1249653967581388,0.5590868866900726,0.62895340130757,1.6138442938627047,0.5041720865838745,0.8136552450582393,0.7222621761387944,0.45279636890977937,0.3270376907565216
2017-03-29,720.47,117.72697883604877,1.9676471395175335,1.0,0.08685952791288923,1.0,0.5727489571271357,0.47748579279904796,0.2734794898686783,1.2611181840582584,0.558881190147125,0.7048152316226605,1.424068450270274,0.5043159350655471,0.7181804120953977,0.5984452056895202,0.453127543428736,0.27117200593079693
2017-03-30,723.86,118.06892448200148,1.716788440305094,1.0,0.08460876041302927,1.0,0.2917041380068665,0.4772577597156936,0.13921806340495463,1.3000479637509503,0.5587470970848548,0.72639802581692,1.0716023293569152,0.5045417099842441,0.5406680716768372,0.6850138054667282,0.45328178341576986,0.3105042794063818
2017-03-31,722.31,117.87331670602448,1.5806508760168918,1.0,0.08480961617589983,1.0,0.16171521798035018,0.476557287453199,0.07706656562061848,1.1535783321947384,0.5586541718899941,0.6444513478824921,0.8896883008572036,0.5048503163571514,0.4491594201470157,0.903444496212603,0.45378940719152744,0.4099735423667653
2017-04-03,722.38,118.28500912695993,1.3673897110401658,1.0,0.08315808100031546,0.5,-0.12977018900244192,0.47558295180044746,-0.06171648954148329,1.2160322690301797,0.5586223993619552,0.6793028638272016,0.7105973029650642,0.5051598477583402,0.358965225383319,0.8599191206232666,0.4545056645418586,0.39083811137112845
2017-04-04,724.14,118.32271759684507,1.4285450020223818,1.0,0.07984432918631267,0.5,-0.216925240317035,0.4741802195094415,-0.10286165807067,1.1448750079001029,0.5586806740444482,0.6396195411102724,0.859861955317047,0.5056601785027169,0.4347979498133132,1.0036162935542972,0.45534251696038497,0.45698916916946625
2017-04-05,723.22,118.09847965689053,1.4397483132531148,1.0,0.08111059317449157,1.0,0.0015803003318435834,0.4723942090630419,0.0007465247253433123,0.9888517250371166,0.5588899228024357,0.5526592642690494,0.6793905195018712,0.5062688773861341,0.3439542756149948,1.1887575386691827,0.45626482356606746,0.5423882486437273
2017-04-07,727.95,118.22609319418447,1.030361321579135,1.0,0.0784833975294386,0.5,-0.6991449529715534,0.47113170122868175,-0.3293893510989347,0.9607396035685807,0.559015322830482,0.5370681596449195,0.6650496320090616,0.5066532614263882,0.3369495650678104,1.0628977525840198,0.4569893451975698,0.4857329479653397
2017-04-10,729.87,118.4412068829855,1.0692579678141405,1.0,0.07659703578372225,0.5,-0.6938561581398789,0.468466475407672,-0.3250483488436973,0.9652800028505607,0.5595911069233444,0.5401621052861143,0.48575386513541935,0.5076744483874471,0.2466048255346944,1.326822749682245,0.4578903896413641,0.6075393858370292
2017-04-11,731.33,118.74882542492027,1.382887082090866,1.0,0.07538854014653476,0.5,-0.6365753769662129,0.46570574117025565,-0.2964568077407851,1.0009283860724754,0.56027399366716,0.5607941442396508,0.9687848058093149,0.5087997395102953,0.4929174568373115,1.3641570535466871,0.4586218919061413,0.6256322887546889
2017-04-12,725.58,117.79917636468112,1.0823307140122844,1.0,0.08460195763587806,0.5,-0.6022678000593428,0.46279181261936997,-0.27872460687174355,0.6199574398546747,0.5613681593331904,0.3480243668761358,0.785942305878352,0.5099452030388063,0.40078750874792385,1.3339763685956434,0.4589612377500462,0.6122434452599683
2017-04-13,724.35,117.79820593917667,0.6363033467805056,1.0,0.08168931480359726,0.5,-0.640391140427292,0.46011351217292995,-0.2946526167864293,0.5763281542106184,0.5624072846732829,0.324131152290359,0.7708859002350704,0.5107977422116075,0.39376677734283644,0.463740605527049,0.45943363896632555,0.21305803393373943
2017-04-14,718.45,116.95738969821126,0.09673198437817876,1.0,0.09343033056281144,0.5,-1.2448222656357024,0.45841938706495,-0.5706506600175211,0.2546490634313427,0.5630290121670337,0.1433748106330092,0.4259542296867819,0.5111091822483689,0.217709118010445,0.6658393964170833,0.46001891357053226,0.30629871575224565
2017-04-17,710.83,115.64547740041773,-0.7863879531469209,0.0,0.11259253471337348,1.0,-1.2201752655391582,0.4556762774453129,-0.5560049228317299,-0.20901275401842606,0.5639890671159358,-0.11788090815418467,-0.0798286547812056,0.512038935809383,-0.04087537944126313,-0.15552975117940412,0.46053402758370965,-0.0716267427197432
2017-04-18,714.93,116.49243735004103,-1.1506313995811925,0.0,0.10860991301126613,0.5,-1.0380496592120485,0.4549999778781715,-0.47231257197792553,0.0701634177629868,0.5642023403721436,0.03958636451038559,-0.08228701037376963,0.5122062859424233,-0.04214792396485421,-1.466629351419822,0.4607553145548382,-0.6757572681487984
2017-04-19,716.77,117.54541136032077,-0.46425268400429676,0.0,0.10604775023386388,0.0,-0.6945682845257743,0.4552366074275227,-0.3161929094742678,0.4043540833971681,0.5639357272175555,0.22802971407397007,0.4116299261528095,0.5122730638064855,0.21086692342473712,-1.2738495434177186,0.46077373506288755,-0.5869564120287362
2017-04-20,712.66,116.9288944037516,-0.6287104424878598,0.0,0.11054588183333754,0.0,-0.7807870394840281,0.4560029167881175,-0.35604116739507585,0.16050533907997935,0.563973794350783,0.09052080509449496,0.4000068864090809,0.5121380717181454,0.20485875547952592,-1.2345693939897264,0.46011900054565247,-0.5680488356668048
2017-04-21,712.41,117.33300851454753,-0.790628853020049,0.0,0.10479555318482699,0.0,-1.0281612925654033,0.45611916993858176,-0.46896407532791107,0.26794143480474747,0.5642623775471797,0.15118927104632945,0.3884530634665956,0.5118843435018285,0.1988430413738724,-1.4604261042696864,0.45993226781455987,-0.6716970901123398
2017-04-24,709.39,117.03299693842975,-0.8258029789401987,0.0,0.10423243097619328,0.0,-1.0173746605178136,0.456692106930598,-0.4646269772496821,0.1376066110091316,0.5642711082234071,0.07764743489298997,0.044534768331404684,0.5117571761905358,0.022790987283579364,-1.0046139974474804,0.4594943182555232,-0.46161442386708595
2017-04-25,707.58,117.07779985503906,-0.8134731074195527,0.0,0.09831862538256654,0.0,-1.0732619676241415,0.45663736273203204,-0.4900915144164795,0.13167479747247313,0.5641117144138129,0.07427929574728842,0.040065660830550694,0.5118415774755847,0.020507271042110812,-0.9097526247067276,0.45965040213791664,-0.41816815979247246
2017-04-26,710.04,118.22030303744882,-0.0017534629250016698,0.0,0.0974323006489929,0.0,-0.5521042970257393,0.45710596905492323,-0.25237016971133774,0.49142974264410283,0.5634809736607006,0.2769113098709266,0.3711062873426382,0.5112442026230779,0.18972593796089787,-0.4689756645984165,0.4606220692292565,-0.2160205410454884
2017-04-27,716.5301,119.2343738246305,0.21783078364101727,0.0,0.09601695641792427,0.0,-0.46812757316907433,0.45775644012968875,-0.21428841142042587,0.7923848872721091,0.5628270552900732,0.44597565275971773,0.5290017836949241,0.5103614910453701,0.2699821390922018,-0.6146978037792362,0.4617530680041518,-0.2838385967904764
2017-04-28,717.73,119.21403360615206,0.4715920702830024,0.0,0.09209153734990856,0.0,-0.16602570389167523,0.45846057053631517,-0.07611623892987075,0.7342153973066725,0.5621719518281719,0.4127553029661888,0.8509412911556631,0.5102081307035231,0.43415716549897326,-0.6475973083531025,0.4620219315197459,-0.2992041592522889
2017-05-03,719.54,119.55186942889435,0.8718939547238421,1.0,0.08824903827685199,0.5,0.4861059059754791,0.4587478274720573,0.2230000282875872,0.7948504249527187,0.5623156540129275,0.4469568365497414,0.6715891398309659,0.5102262879798418,0.3426624338635287,-0.30490282246160816,0.4615416244457188,-0.14072534397701522
2017-05-04,722.02,119.98907282519822,0.7477423994932918,1.0,0.08528253613436362,1.0,0.13840355092821197,0.4595816897785309,0.06360773780693661,0.8873125439754532,0.562382996376912,0.4990094872037359,0.33340410527574516,0.5102400480947507,0.17011612671088353,0.03258488082129251,0.46061386119688363,0.015009047771735824
2017-05-05,720.0,120.63172020847345,0.9057602902390443,1.0,0.08355912068505626,1.0,0.06731132628325034,0.45949567035995886,0.030929262993340034,1.0415480939509858,0.5622677875612764,0.5856289424244853,0.3279767379818309,0.5102268618978947,0.16734254179597763,0.26442064591391745,0.46085487237223083,0.12185954302524127
2017-05-08,718.86,121.240281818304,1.2658950372504576,1.0,0.081861739215475,1.0,0.43086629208820093,0.45917320964349956,0.1978422582653328,1.1744959060140259,0.5621256596433891,0.6602142859165943,0.48849862157992663,0.5103653233087196,0.24931275693850313,0.3437273183942962,0.46119620887444124,0.1585257361300274
2017-05-09,722.11,122.3844153068615,1.5982498846094046,1.0,0.08274733390227795,1.0,0.34384179312910346,0.4594744764085841,0.1579865278653835,1.4674981501767563,0.5619868410228303,0.8247146496246822,0.810819073754819,0.5102226101462484,0.4136982241675472,0.43764160630447285,0.46122324761636546,0.2018504829517918
2017-05-10,724.31,122.68539990245063,1.886029063875942,1.0,0.07975958836566427,1.0,1.239146568408298,0.45924537025300477,0.5690723246064091,1.465479670376988,0.5620877244334949,0.8237281331257492,0.7972098920612727,0.5104489292713765,0.4069349358072263,0.18715631737043747,0.46107805255516354,0.08629367033655744
2017-05-11,724.99,122.62976404030393,1.7244368324260044,1.0,0.0782024476882978,1.0,0.7457557724082543,0.46017556240143703,0.3431785819820865,1.3493428674670478,0.5623610356566081,0.7588178524046263,0.7837518103940726,0.5105030089487244,0.4001076574751842,0.483588996543602,0.45975558201945443,0.22233274056410768
2017-05-12,725.37,123.4648969774368,1.8838963140335827,1.0,0.07805230963690694,1.0,0.7453005870556889,0.4605173337222442,0.3432238391725092,1.5206872106890823,0.5623033895330416,0.8550875729900176,0.7744420363412192,0.5104184547710093,0.395289507498999,0.6316567995972652,0.45957772410135517,0.2902953943720569
2017-05-15,725.35,124.76815302325225,2.1085188721861985,1.0,0.07998926457348936,1.0,1.1443851789484847,0.460784385716693,0.5273148217050653,1.8171602945262388,0.5622696225509259,1.0217340329177977,0.6025185765279065,0.510187557994286,0.3073974812049659,0.5484514575513834,0.4596077426501382,0.2520725363583694
2017-05-16,725.0301,124.64215587831136,1.7914044588943618,1.0,0.07945174701766942,1.0,0.8396075887087957,0.46160941503059344,0.38757076787911426,1.653817302288325,0.5621547064263036,0.9297011800506347,0.7591768135528116,0.5097701308865028,0.3870056636108149,0.1896603546526388,0.4593835517885125,0.08712684735379814
2017-05-17,727.2,125.02238701481248,1.8747830947264643,1.0,0.07713610367412865,1.0,1.0907939019885602,0.4621328031216438,0.5040916435539688,1.6530676779011644,0.5623014335038876,0.9295223249627675,0.5853413993256424,0.5098352253664254,0.29842766424148776,0.31125152814357415,0.45860485511382376,0.14274146196824006
2017-05-18,726.99,124.56423247258411,2.0307860349246454,1.0,0.08212347418640888,1.0,1.3092813667094796,0.46295309362884035,0.6061358591487498,1.4099519962883893,0.5623910162804919,0.7929443360993357,0.7436032895114926,0.509596099654378,0.3789373360252219,0.5519770957241573,0.457932957018303,0.25276850365133824
2017-05-19,733.82,125.6158984602747,1.779987367767493,1.0,0.08243224979292557,1.0,0.787932898836198,0.4639379386131758,0.36555196485156966,1.624478089742612,0.5622225022723013,0.9133181365016194,0.7387203313285754,0.5093543084250232,0.3762703834833705,0.2729419285526053,0.4574118882833017,0.12484688293093321
2017-05-22,744.1,126.26037650421553,1.829415097419708,1.0,0.0809062040450752,1.0,0.7811643779540086,0.4646266778150954,0.3629498097562666,1.700358735011735,0.562073921595846,0.9557273023077979,0.8925506808977387,0.5094051173392358,0.45466988433392735,0.1227306921018849,0.45683846527298255,0.05606810102171606
2017-05-23,740.93,125.80085788462534,1.6573773764741748,1.0,0.08539663532248715,1.0,0.7766103639228039,0.4651987188599105,0.3612781463502172,1.4541400413981713,0.5621050850019088,0.8173795115747983,0.7209945946444997,0.5096277100733424,0.3674388242439341,0.24405370275905727,0.45596888327110346,0.11128089430522517
2017-05-24,742.74,127.0913670818081,1.79144971791073,1.0,0.08632941885238476,1.0,0.7976696568243541,0.46551404082695036,0.37132642519335185,1.7160721888751609,0.5622468807523967,0.964856235340997,0.8752245289910635,0.5096742378233785,0.44607939473784575,0.020174046945005502,0.4554199097276298,0.009187662638535371
2017-05-25,741.91,128.1109347228207,1.7928935268282398,1.0,0.08592892036324286,0.5,1.0341588016336778,0.46603341109135155,0.48195255393548725,1.875385985885671,0.5628978423287978,1.0556507249887095,0.7065562397031189,0.5096838616506284,0.36012031272523265,-0.23086669230294196,0.4540718445588163,-0.10483006482118953
2017-05-26,743.41,128.50526043334892,1.9923706677144573,1.0,0.08291693246667808,0.5,1.1825635227442717,0.466959546762163,0.5522093265981319,1.8478374709151468,0.5635695750167593,1.0413849781836926,1.020524006193224,0.5098425367169321,0.5203065480980794,-0.26880979592944143,0.4521047484346393,-0.12153018516544685
2017-05-29,746.25,128.65700765873098,1.5380653947639316,1.0,0.07923541266693625,1.0,1.0569856741489339,0.4679611602957452,0.4946282424907155,1.7530244891440039,0.5640835993067274,0.9888523635091867,0.04825912034250458,0.5103486731506433,0.02462897803421443,0.06659045873063317,0.4498513946418364,0.029955810729814982
2017-05-30,738.21,127.23071166430687,1.5435076450849194,1.0,0.10047730467934221,1.0,0.922310271638414,0.4690610446519227,0.43261981950791306,1.252681551844721,0.5636142438821838,0.7060291656681231,0.36706775010149645,0.5093805977087691,0.18697718994631335,0.48376062148410814,0.4503910824616955,0.21788146996257002
2017-05-31,737.82,127.5926163689412,0.7378514547960915,1.0,0.09564961683464317,0.5,0.7438183842107803,0.469386735434477,0.3491384831208457,1.2622853525230935,0.5636341942090382,0.7114671875312255,0.20797856116296354,0.5090746180032388,0.1058766065768989,-0.9517245769275726,0.4503727578588086,-0.4286308224328787
2017-06-01,741.8,128.10935220702302,1.3166567276927068,1.0,0.09203234443723414,0.5,0.9558330511836435,0.46986040784229427,0.44910810725829126,1.313185370212494,0.564350690147015,0.7410970699703844,0.6922482657043687,0.5096913781593679,0.352832972575292,-0.5050010089133047,0.44827914819101755,-0.2263814221112607
2017-06-02,738.81,128.52460210738033,1.4207969380053467,1.0,0.08841160737570465,0.5,0.8609397293735552,0.4702904347327945,0.40489171960582376,1.3342134901280538,0.5649377093597451,0.7537475129098136,0.6950013033766005,0.510175802913169,0.3545728479758561,-0.2069608727604918,0.4465343678420581,-0.09241514248614682
2017-06-05,743.49,128.5077848402447,1.2850505763119509,1.0,0.08529595022441762,1.0,0.36956000114590143,0.47066226635479613,0.17393794769341103,1.2462565412213134,0.5652363299011021,0.7044294734751767,0.70073851551663,0.5104881909597343,0.35771873712189417,0.10993204025893619,0.4454062519547273,0.048964418021468954
2017-06-06,751.31,129.32134765768467,1.8509440556255867,1.0,0.08409625406650025,1.0,0.8223587696010949,0.47015321573672153,0.38663462001724846,1.3764840633544717,0.565543570653004,0.7784617121364437,1.020326625829714,0.5105308534734683,0.5209082231065479,0.3702304451606424,0.44550496189955324,0.16493950036534663
2017-06-07,753.46,129.91823039294098,1.8094346870555922,1.0,0.082108618697516,1.0,0.48986938207448677,0.4700782596093659,0.23027694656149025,1.4376762297448737,0.565483516497409,0.8129822099808681,1.1690176902631066,0.5105906458106612,0.5968894974355271,0.37991284629381883,0.44559175802858586,0.16928603307770665
2017-06-08,750.13,129.81347000487366,1.8944228263333636,1.0,0.08095371365082356,1.0,0.5157510890889462,0.46987475054361644,0.24233841432826708,1.3215099010953337,0.5655418559544695,0.7473691621276625,1.3211022861507642,0.5108373520056763,0.6748683935859016,0.5159884910354312,0.4454495793700751,0.22984685629153262
2017-06-09,749.72,129.81436750158554,1.6148085025152923,1.0,0.07841369754396349,1.0,0.24980351468713832,0.46933132950971396,0.11724061566431399,1.2427080825307775,0.565555040519637,0.7028198199697743,1.0016437349913894,0.5109157910885074,0.511755601251973,0.6346324606318275,0.4459155230532793,0.2829924656292311
2017-06-12,751.0901,129.56587726048366,1.5586623303259022,1.0,0.07978165593850485,0.5,-0.25025666355380005,0.4683111854851189,-0.11719799478443066,1.1091690053036654,0.5655985730003109,0.6273444066159274,1.3183025286358874,0.5109348366149028,0.6735666870775904,0.838981662676399,0.44690992437272803,0.3749492314168151
2017-06-13,756.89,130.160640314602,2.094822034023855,1.0,0.07825566186019361,1.0,0.5186134281174418,0.4658868995764115,0.24161520210432913,1.1958504280762974,0.5658585416343767,0.6766821792440987,1.629523129915106,0.5112130081458552,0.8330334210871506,0.7653674704999301,0.4487925667443271,0.3434912315882767
2017-06-14,760.77,130.6719815591174,2.1779464608234504,1.0,0.07653844635842154,1.0,0.41323697504023077,0.4648982533185759,0.19211314790285525,1.247881642486233,0.5655934310436435,0.7057936597101657,1.7568912058798691,0.5110594946664329,0.8978759318608658,0.8486413306159543,0.4503241918139723,0.38216372134956367
2017-06-15,760.57,130.9222010627767,2.0901911933795994,1.0,0.07392728989048573,1.0,0.3415561372330716,0.4642907475644783,0.15858135429117837,1.2321053307353356,0.5654069702228555,0.6966409420464954,1.570783076177651,0.5113139124888991,0.8031632403517431,0.9576614576073078,0.4508959332758756,0.43180565669018245
2017-06-16,761.24,131.42687402830865,2.1962253782085335,1.0,0.07262744214092122,1.0,0.3082462831667991,0.4634647218292738,0.14286127788280809,1.280870559432176,0.5650719222967449,0.7237839892316468,1.5440319258886037,0.5112515598996414,0.7893887306453962,1.194494040372308,0.45223447099017067,0.5401913804486823
2017-06-19,766.83,132.58723598963127,2.59894893247699,1.0,0.07419444765478816,1.0,0.5566980051794974,0.4623656854648324,0.25739805476172317,1.4869986174161052,0.564785992520723,0.8398359900142979,1.820472653050268,0.5113996230342537,0.9309890285140747,1.2583600886811437,0.45354733062541586,0.5707258591868943
2017-06-20,767.99,133.10690370557793,2.433319793895655,1.0,0.07290168919533592,1.0,0.8524366096475678,0.46154694868352475,0.39343951612896383,1.5139040691709604,0.5642727621849168,0.8542548307940833,1.488116912605847,0.5115360821139665,0.761225495201927,0.9330254831139281,0.454864266251621,0.4243999517706811
2017-06-21,767.41,133.0388188715,2.210022730851656,1.0,0.07218184775473889,1.0,0.44617893783602497,0.461785246202417,0.2060388506589417,1.4026033125262092,0.5638299289870592,0.7908297260986665,1.4620782030366297,0.511548727209927,0.7479242438447651,1.022130128182653,0.4551572225705365,0.46522991024928273
2017-06-22,766.3,133.89084286860054,2.276865125204428,1.0,0.0724525468024402,1.0,0.2453786401600054,0.46112449322424315,0.11315010109183642,1.5186603551290432,0.5633268784144976,0.8555021972266962,1.5902382308859304,0.5114979469934341,0.8134035903286241,1.0839074257443335,0.4565050711941374,0.49480923655727116
2017-06-23,769.01,134.42899510785213,2.4287544121652607,1.0,0.07139423724552524,1.0,0.6786195690016885,0.45983692589833747,0.3120543364641912,1.5504568314882408,0.5628940733935425,0.8727429614972612,1.567186000970443,0.511299784843526,0.8013018651059735,0.9653261611526387,0.4585551152672446,0.44265524909783494
2017-06-26,772.52,134.9081275006896,2.8998445705370233,1.0,0.07019826156249745,1.0,1.3017508303801886,0.4596204641128601,0.5983113208186434,1.5688873879996192,0.5625166773866077,0.8825253206912994,1.8415758357440344,0.5111835097386956,0.9413831991656072,1.0397518273043507,0.4593641649082341,0.47762472986147353
2017-06-27,767.51,133.91781714001803,2.2537530976702778,1.0,0.08399083072061056,1.0,0.265148778834922,0.4608600115252488,0.1221964692697678,1.2292691866685388,0.5617322327835006,0.6905201249192761,1.8016569412345886,0.5108848842124198,0.9204392978131353,1.1331756575610121,0.45941439192984823,0.5205972056680983
2017-06-28,769.04,134.37829187148662,1.6555522469669983,1.0,0.08138626818203995,1.0,0.3913545182627276,0.46059431490104086,0.1802556662226479,1.247826304525557,0.5613646841699885,0.7004856193389933,1.3360558669774028,0.5108888236025761,0.6825760101474052,0.20045621474275788,0.46012517684380816,0.09223495125795185
2017-06-29,771.75,135.04897234047874,1.8105308355711152,1.0,0.07990053080189884,1.0,0.16154727515874676,0.460420947042186,0.0743797494206748,1.3130906370225206,0.5612199495585886,0.7369326610756339,1.5893408196514738,0.5110432744235797,0.8122219366497452,0.4062458992926907,0.46030369475885985,0.18699648842506122
2017-06-30,776.47,135.3706913808134,2.0136192198176466,1.0,0.0771807759161557,1.0,0.5839523824786124,0.4594766482645765,0.26831248344738684,1.3004140339563692,0.5614747090260007,0.7301495913289803,1.5601035994894825,0.5110883444343252,0.7973507658091111,0.47258171694598256,0.46088617359072337,0.21780637923216822
2017-07-03,778.88,135.17711093698495,1.9465524763076696,1.0,0.0777512149808219,1.0,0.09070501113215108,0.45914478794749347,0.04164673310204654,1.1692122470590043,0.5616758072332366,0.6567182326938528,1.7990498969525284,0.5107158458634292,0.9188032898726257,0.7139039256297119,0.46138452082134895,0.3293842206391446
2017-07-04,775.54,135.06775102269694,1.7869834753301368,1.0,0.07707843390480273,1.0,0.0896152161782902,0.45769229659203237,0.041016194102233096,1.0678301891549975,0.5623637796955414,0.6005090212462093,1.6242448111767742,0.5102475632033868,0.8287669569486942,0.6847284851350948,0.46250639473618205,0.3166913030330001
2017-07-05,778.32,135.6923849657803,1.883909077550754,1.0,0.07586206531038503,1.0,0.03356545949410937,0.4564838689861709,0.015322090814169647,1.144343145465269,0.562448148419056,0.643633683322979,1.7322326208737444,0.5096485457309834,0.8828298360960738,0.7369297016923215,0.46425522886628456,0.3421234673175315
2017-07-06,782.65,135.9781068069744,1.6659320726980242,1.0,0.07342317180139471,0.5,-0.3016855205274259,0.4549442218151224,-0.1372500843692399,1.1397247497087766,0.5625248441317138,0.6411234871829861,1.5723210080147592,0.5089118544818724,0.800172800029598,0.775785935696496,0.4664764507876532,0.36188586985468
2017-07-07,775.73,135.0283228704892,1.5501805198650715,1.0,0.08596193347798556,0.5,-0.40929833745280536,0.4526282249499687,-0.18525997995623658,0.8588148432094033,0.562718439915325,0.48327094874691984,1.5523409995196227,0.5083705906779213,0.7891645108593454,0.9870515728317263,0.46907887384925584,0.4630050402150429
2017-07-10,766.56,133.1972854321353,0.20842632715906312,1.0,0.11210256525543405,0.5,-0.680942857174305,0.4502986852266197,-0.3066276733000474,0.3954204980282241,0.5631074457420351,0.22266422663871668,0.47570783394424304,0.508008600799977,0.24166367111160272,0.1076435851756009,0.4712412971571017,0.05072610270879113
2017-07-11,769.36,133.84720179350808,-0.2997420365572614,1.0,0.10689796015644046,0.0,-0.5195203543224135,0.44851644806710744,-0.23301342401925404,0.5214255159618633,0.5634877675449466,0.29381689993032223,0.8787905212193401,0.5072312179591747,0.4457499864090638,-1.7034922190227675,0.47331915571644717,-0.8062954988773934
2017-07-12,774.17,134.62113513764987,0.136152047287197,1.0,0.10266655181555229,0.0,-0.2472097108079309,0.44876231563146024,-0.1109384022687507,0.6623071769485921,0.5630681998930332,0.3729241099006804,1.0028210413143026,0.505557855266994,0.5069840548634724,-1.3312073307335397,0.4753712668179956,-0.6328177152082052
2017-07-13,778.3,135.20666282677612,0.3428267313190183,1.0,0.09816015473574823,0.0,-0.4290686155470149,0.4494510809686203,-0.1928453530673152,0.7519786597854776,0.5632995065664009,0.423589208005623,1.2560844229918406,0.5050991468651816,0.6344471704438227,-1.0998672751717637,0.47493393598926353,-0.5223642940631121
2017-07-14,777.6,135.38510669425045,0.6239726912287843,1.0,0.09299933595906713,0.0,-0.25044748734110145,0.44954393880968657,-0.11258714992430786,0.7473477020456716,0.562619906751094,0.4204726944355801,1.379460198053209,0.5033272688772785,0.6943199340110314,-0.7920679987843141,0.4775256516789474,-0.3782327872935193
2017-07-17,768.91,133.95692753236713,0.2694539138257676,1.0,0.11056659673715628,0.0,-0.6044845316107326,0.4490811278727314,-0.27146259523736754,0.362372004839573,0.5621118556576528,0.2036936000787563,0.9752834514494504,0.5017640634967747,0.4893621876604356,-0.31682675279741984,0.4801970708999285,-0.15213927867605676
2017-07-18,767.49,132.60737135971826,-0.9814510405015318,1.0,0.12435247787859131,0.0,-0.8944973425655364,0.44808246372850397,-0.40080857305536516,0.012481068908138358,0.5617049578316861,0.007010678284740224,0.31605912786577534,0.5014037645141564,0.15847323652096085,-1.5480469773117003,0.48197916031435434,-0.7461263822518677
2017-07-19,771.3,132.77362693547786,-1.463046475404881,0.0,0.11582978242584123,0.0,-1.0307077338526938,0.4480701610544156,-0.4618293803074082,0.03717896764803941,0.5600916443442581,0.020823629125012365,0.3241687947227122,0.500538888545779,0.16225908821173116,-2.443069191000709,0.48475901411089944,-1.1842998124342163
2017-07-20,768.41,132.25301563019215,-1.2681937615246333,0.0,0.11700083791865874,0.5,-1.051948359097063,0.4484549450419113,-0.4717514435658022,-0.10345186963624405,0.5595828516316376,-0.05788989221767386,0.1958538109188401,0.49982376650029237,0.09789238945689074,-1.7220447138871262,0.48572769827210993,-0.8364448151980479
2017-07-21,761.86,130.70196615468842,-1.9400963803468074,0.0,0.1331407283740138,1.0,-1.4602823531280997,0.44858759894933764,-0.6550645545778231,-0.4832369747243425,0.5587336374264987,-0.2700007526267089,-0.33726762748978806,0.4992635419273498,-0.16838543027798558,-1.7379323090088565,0.487156857879656,-0.8466456428642899
2017-07-24,759.74,129.6497249417852,-2.5911452606930805,0.0,0.13945279906426067,1.0,-1.2445761215686624,0.4483566056357949,-0.5580139253218879,-0.7275125177836171,0.5578356131595127,-0.4058323914390449,-0.463233666627824,0.4999284629439966,-0.2315836949411598,-2.8617351536540587,0.487716428687974,-1.395715248990988
2017-07-25,767.27,131.036693576579,-2.5624109652490628,0.0,0.13252974533997217,1.0,-1.4620989704346494,0.4481287996731234,-0.655208656624189,-0.39043308162478996,0.5568740234236246,-0.2174220410420812,-0.45574901970783954,0.501884059369801,-0.22873316806477792,-3.0,0.48701569983933823,-1.4610470995180147
2017-07-26,773.88,132.69124209194592,-2.063303677018316,0.0,0.12735340154034147,1.0,-1.1432900014852962,0.4478667314261777,-0.5120415560374495,-0.007540881248888934,0.5558828222923355,-0.004191846351203733,-0.18354713972637562,0.5053789838238163,-0.09276086695868374,-3.0,0.484769802556993,-1.454309407670979
2017-07-27,771.5,132.78464328303826,-1.935725667863525,0.0,0.11889032993131832,1.0,-1.0296657571196057,0.448028849804817,-0.46131996484570303,-0.009688228482832784,0.5555062744223773,-0.005381871710251201,-0.045377472869334905,0.5081721232417455,-0.02305956673535462,-2.9991512574126946,0.4821244880525364,-1.4459642645722162
2017-07-28,777.0901,133.7050585812156,-1.470145346304064,0.0,0.1133259920456878,0.5,-0.9193260681227823,0.44809065902885714,-0.41194142372754555,0.18308492333513585,0.5554018294152134,0.10168570135867855,-0.17752778779093037,0.5111322698816658,-0.09074018114064893,-2.231819242896366,0.47904840241768354,-1.069149442794548
2017-07-31,783.55,134.05740701752188,-0.9173589816934489,0.0,0.10679528528045173,0.0,-0.40087831601886514,0.4480284552295747,-0.1796048926609654,0.23197572203255795,0.5547019070896461,0.12867737540995752,0.09541942314709055,0.514042419105974,0.049049631104227,-1.9200591832993683,0.47679837346135057,-0.915481095546668
2017-08-01,786.81,133.67989899420672,-0.7648823436934572,0.0,0.10718101254559481,0.5,-0.34457008850433507,0.44801539692731274,-0.15437270497054895,0.10689390848841099,0.5542596291881542,0.059246978081259165,-0.039944887795498575,0.5165988911160913,-0.02063548474091125,-1.3678473909473339,0.4745566913087377,-0.6491211320632562
2017-08-02,786.23,133.30907397221617,-0.9154776589000039,0.0,0.10744018363291855,1.0,-0.48156052072861183,0.4476223075574343,-0.2155572315171009,-0.013249058775032702,0.5537912664206945,-0.007337213037907576,-0.17505543190444214,0.5184036201712439,-0.09074936962990347,-1.271018405589225,0.47350521602878815,-0.6018338447150919
2017-08-03,788.49,133.9647942854727,-0.8587913140877552,0.0,0.10256361635201217,0.5,-0.7448203299593739,0.4466685266831004,-0.3326877994265742,0.10915827572860233,0.5531461614052039,0.06038048120488722,-0.043984572014395686,0.519907273148786,-0.02286789889662087,-1.1902906275192693,0.47351132903071025,-0.5636160969694473
2017-08-04,788.68,134.32253453873898,-0.48779855568058794,0.0,0.09740298450859619,0.0,0.07983834142897227,0.44452880176865955,0.035490442250618176,0.15454237056245296,0.5529725190168088,0.08545768394474873,-0.31973858673197797,0.521827524318606,-0.16684839514347796,-0.9330318688030279,0.4736154267692714,-0.4418982867324769
2017-08-07,792.98,134.35225286154312,0.045615188815806174,0.0,0.09360844367297014,0.0,0.6066395936705653,0.4413036612454791,0.2677122737432902,0.1172162211880925,0.5537884002114891,0.0649129836105898,-0.05643200138002392,0.5258919995376783,-0.029677138043653798,-0.5461500056268566,0.4711762846162751,-0.25733293049442
2017-08-08,791.57,133.34614415809233,-0.08994312645724441,0.0,0.10469471700801543,0.5,0.4901598432331533,0.43757371491239944,0.21448106350441024,-0.1774789469960344,0.5552597739656997,-0.09854691999268846,-0.20446703015154452,0.5297456869358066,-0.10831552734335423,-0.20819863755166,0.4685993326993032,-0.09756174262561196
2017-08-09,773.66,131.62120562673059,-1.1221360695005247,0.0,0.12547529865822038,1.0,-0.19106898357630814,0.43354195693444314,-0.08283642104914761,-0.6487729953327949,0.5574218893621125,-0.36164026882552347,-0.35064855705821457,0.5329040603610841,-0.1868620398160778,-1.0527782245510577,0.4661925259890982,-0.4907973398097757
2017-08-10,773.43,131.191579937842,-2.403211527544453,0.0,0.12412035364773821,1.0,-0.7218301718299129,0.42950061981772475,-0.31002650620408234,-0.7737092920496764,0.5592171246533867,-0.43267148561762747,-0.771315995880509,0.5364074339965283,-0.41373963415074066,-2.6884085709120007,0.4637590859744411,-1.246773901572003
2017-08-11,772.08,131.1421539258152,-2.1737224381222173,0.0,0.11792143025688347,1.0,-0.9127705328230316,0.4264162911848196,-0.38922022530918876,-0.7893373202605732,0.5606098537695555,-0.44251027968613277,-0.36016486388452473,0.5387574480879478,-0.1940415029573696,-2.4836816444986183,0.4621970906425341,-1.147950430169526
2017-08-14,776.17,132.32372253232464,-1.6624422776280874,0.0,0.1133114678501277,1.0,-0.3758737060816571,0.42509917454449414,-0.15978360218829224,-0.48308463338901964,0.5613433582093565,-0.27117635040592813,-0.6342541529438165,0.5401632004711276,-0.342600753166236,-1.9286722148155533,0.46087747054137884,-0.8888815718676311
2017-08-15,771.06,132.1514969972308,-1.7620736818087135,0.0,0.11015233211740513,1.0,-0.596245944111292,0.42466339156066807,-0.2532038248305938,-0.5393998047786865,0.5615137233188293,-0.30288039273872996,-0.6330272860367088,0.5412263874215015,-0.3426110711608854,-1.8776313704134455,0.4598231616083366,-0.8633783930785043
2017-08-16,773.57,132.21822204709233,-1.4777387742916877,0.0,0.10429177154038846,1.0,-0.48213123522930884,0.42437468890202135,-0.2046042929603852,-0.5293612175586553,0.5615576891809155,-0.29726686207423436,-0.4934465514610423,0.5422733061966785,-0.2675828928921289,-1.5437718575936552,0.4588014238509138,-0.7082847263649392
2017-08-17,767.5901,130.50449522342797,-1.8266643781030614,0.0,0.12519813469713015,1.0,-1.1389245660497946,0.4242180975799655,-0.48315241269673165,-0.9709929285139566,0.5615168578048312,-0.545228898169868,-0.6291809764079223,0.5429748308174225,-0.3416294342186323,-0.9966989102874334,0.45816608035232753,-0.4566536330178295
2017-08-18,768.97,130.7849319200151,-2.5945242077614337,0.0,0.1169102642883033,1.0,-1.560968095910136,0.42541709011888623,-0.6640625051305086,-0.880964209136713,0.5611182050382114,-0.4943250557336999,-0.3559576990408705,0.5423170306624181,-0.19304192238527154,-2.7122747589759144,0.45832182760912993,-1.2430947245119535
2017-08-21,768.79,130.26081949692707,-2.456144719634782,0.0,0.11808899575365792,1.0,-1.532265282907277,0.42920397543924693,-0.6576543508513456,-1.0010959115080869,0.5602350604773205,-0.5608490285273313,-0.6321079828820295,0.5397465101640413,-0.341178077807407,-1.9534808597015583,0.45890557770074825,-0.8964632624486979
2017-08-22,761.26,129.4606219972088,-3.110622110332834,0.0,0.12305153875707285,1.0,-1.7752623479443317,0.4327487839874095,-0.7682426223315431,-1.1839964853059253,0.5591693501170908,-0.6620545452294339,-1.4455907791062392,0.5375852157994814,-0.777128230943568,-1.965980064748647,0.45941295541252797,-0.903196711828289
2017-08-23,765.98,129.65994440906795,-2.899284588340341,0.0,0.11481446044906514,1.0,-1.223335498716051,0.4370052140135216,-0.5346039914267461,-1.1078898405511544,0.5571535146003026,-0.6172647184530445,-1.299879421156929,0.5356405694354853,-0.6962681533459665,-2.284587808718155,0.4601038844308488,-1.051147725114584
2017-08-24,769.77,129.68405394218877,-2.1483331751203374,0.0,0.10889501417172467,1.0,-0.8157582593115605,0.44163856409296043,-0.3602703062893305,-1.077701013856647,0.555513939443891,-0.5986779357501814,-0.887783828186145,0.5334295116680339,-0.473570093936113,-1.5553380752909072,0.4602310266279749,-0.7158148391447127
2017-08-25,771.63,129.84137797599692,-1.9513986334337883,0.0,0.10237080968734122,1.0,-1.1487153247813555,0.44623630438036843,-0.5125984813155268,-1.0164826829389058,0.5541675787417292,-0.5633017472371502,-0.7516384903938477,0.531155834016475,-0.3992371692440284,-1.035240596392967,0.4600488401406341,-0.4762612356370827
2017-08-28,777.26,130.4671344077188,-1.604580681018537,0.0,0.09808823356796229,1.0,-1.4953980096385133,0.449124957769452,-0.6716205679274199,-0.8421331535915754,0.5534965661535839,-0.46611780875702563,-0.480738244822098,0.5297139411272169,-0.2546537503152944,-0.46157244281673115,0.4597080205306957,-0.21218855401879722
2017-08-29,774.0301,130.35733814437816,-1.4267782846457122,0.0,0.09606066501483874,1.0,-1.1293010331613687,0.4506745260200185,-0.508947207853917,-0.8576332272792683,0.5535958508093665,-0.4747821961380493,-0.6178570271902726,0.5288861509691519,-0.32677602495990593,-0.2533042157752618,0.4590245580318345,-0.11627285569384
2017-08-30,778.65,130.8526493139835,-1.1816123420583404,0.0,0.0921372194838653,1.0,-0.6287581802495595,0.4529821789871043,-0.284816250545412,-0.7238250675193894,0.5532629981036193,-0.40046562695833204,-0.8883877512573229,0.5280746138638883,-0.4691350187066189,-0.05936732605260672,0.458087767400522,-0.027195445847977458
2017-08-31,782.76,130.86683643155655,-0.4649623325065889,0.0,0.08916364132581828,0.0,0.0752966980763781,0.4539586087382206,0.03418158430133445,-0.714512405863058,0.5532829351364302,-0.395327521107305,-0.34557832480495826,0.5277058552205143,-0.18236370543687316,0.17167996579146683,0.45752169960042527,0.07854730973625478
2017-09-01,788.73,131.2467513810939,-0.0845712028107089,0.0,0.08568786200346369,0.0,0.5225476914227566,0.4547258379318975,0.2376159368415916,-0.6124593209602829,0.5530997817771366,-0.33875111677050573,-0.34603210284834707,0.5274981536690564,-0.1825312953627241,0.43544678816764026,0.4572206705639559,0.19909527248092934
2017-09-05,792.31,131.10928803752398,-0.16065814869804074,0.0,0.08550147345149064,0.0,0.319195903112102,0.4553459055981318,0.14534454756579362,-0.6455343912668438,0.5528531678052024,-0.35688573313907757,-0.48326423117712,0.5273545181080644,-0.2548515757512744,0.6689047398463401,0.45706749319305245,0.3057346126265176
2017-09-06,793.55,130.75779061058677,-0.14417550425065712,0.0,0.08831763979526767,0.0,0.7455512171192352,0.45661595698379437,0.34043058248533226,-0.7315881723141205,0.5525702137610641,-0.4042538327606798,-0.7569881945043193,0.5270541589480335,-0.39897377618806446,0.6979833605111765,0.4564887076669114,0.31862152221275486
2017-09-07,796.72,131.05070022942226,-0.19012712578243007,0.0,0.08467285736212701,0.0,0.6108998006614879,0.45749579799398815,0.27948409179799566,-0.6513255061747224,0.5522951757115845,-0.35972393487820503,-0.6233948262906412,0.5268593641395369,-0.3284414017873643,0.47911159813484844,0.4561653692708779,0.2185541190851436
2017-09-08,801.2,130.9466413467563,0.07878537637064187,0.0,0.08414990028900889,0.0,1.1030895784811598,0.4586697082267325,0.5059537751099029,-0.6732095119903502,0.5518338084820049,-0.3714997689079469,-0.7579469138584645,0.5266722649652292,-0.399189617845243,0.753730941529657,0.45576076168078117,0.34352098801392883
2017-09-11,797.47,129.77132152918213,-0.5131937811837661,0.0,0.0997174922255967,0.0,0.5629028922456444,0.45842834753605355,0.258050642715436,-0.9568192109520168,0.5518380106428337,-0.5280092099166068,-1.1591674355815142,0.5267103438114227,-0.6105454785301445,0.8055854102999012,0.4559544647299508,0.3673102645475492
2017-09-12,799.94,130.3165020277088,-1.1363105438377747,0.0,0.09551359223464181,0.5,0.30846982754007896,0.4584407721903938,0.1414151459349114,-0.8001914779942665,0.5518962414274748,-0.4416226691273316,-1.1499665228771543,0.5268864142929562,-0.6059017377956827,-0.5051952198369156,0.45566797509284446,-0.23020128284967176
2017-09-13,802.7801,131.14640397688376,-0.40541479402993863,0.0,0.0926869740291469,0.5,1.078175587041785,0.4578645277991772,0.4936583560454876,-0.5855838138880043,0.5520997534842982,-0.3233006792919623,-0.8790919264737299,0.5269526941593498,-0.463239859069065,-0.246823120627318,0.455924110465784,-0.11253261171439886
2017-09-14,806.32,131.65691416428544,-0.37928249832634375,0.0,0.08919977691535144,0.5,0.9529926556676136,0.45566816644182123,0.4342484160405834,-0.46125369331156524,0.5525379767517162,-0.2548601824716289,-0.8768531697723274,0.527324350999593,-0.46238602867212847,-0.2106138474400919,0.457162263514309,-0.09628470322316977
2017-09-15,805.82,131.70967716069785,-0.4432658789094985,0.0,0.08606045750075487,0.0,0.7312515223201732,0.45485461980136904,0.3326131331641147,-0.4580392379672435,0.5530846853450069,-0.2533344878067796,-1.010300545044146,0.5274950309980309,-0.5329285173253893,0.02271639764667575,0.4571144254500763,0.010383993058555651
2017-09-18,807.87,132.06472621475768,0.1657668234707538,0.0,0.08285328165255575,0.0,1.2060745720806005,0.45368863689410527,0.547182328599889,-0.3828141103577113,0.5535479505457999,-0.21190596622852473,-0.6107691185494429,0.5275575015229226,-0.32221583018930183,0.3336821327258565,0.45764000020387785,0.15270629128869137
2017-09-19,805.93,132.07144860381788,0.01831871629448925,0.0,0.08103996648772727,0.0,0.6594993819894619,0.45249777241883227,0.29842200126182805,-0.4000696159043615,0.5539841492561888,-0.22163222581002792,-0.6175435116135168,0.5277641347682598,-0.3259173170884605,0.5838765125922663,0.4580527768513155,0.2674462579311496
2017-09-20,805.86,132.2704978317783,0.21110954093719148,0.0,0.07790868604748691,0.0,1.1770467759322898,0.4523293524969675,0.5324128060160959,-0.3650999962083779,0.5543036824761511,-0.2023762723703327,-0.8912737325190797,0.5278187340691047,-0.4704309732072665,0.7678622883291034,0.45776955821541965,0.35150398049869486
2017-09-21,803.93,132.43907629180168,0.2852234930444105,0.0,0.07501845868134854,0.0,0.8643102484323532,0.4512765401715863,0.3900429385473966,-0.337445994194131,0.554969466117445,-0.18727222324138734,-0.7545888101621581,0.5279564858610403,-0.3983900564832766,1.0502349175502428,0.45784312270180694,0.4808428342216779
2017-09-22,807.13,132.39564993027093,0.10056712109823057,0.0,0.07472538542765608,0.0,0.9229770656249996,0.4514620066815928,0.4166890781681505,-0.363274375281974,0.5552477562971473,-0.2017072817955639,-1.1557420947038302,0.5278388371113434,-0.6100455632690978,1.0834448234296115,0.4574583562325189,0.49563088799474175
2017-09-25,805.58,132.02629864899927,0.04098729430022191,0.0,0.07900390241194101,0.0,0.9340471980938078,0.4515362505282725,0.42175616964371654,-0.46715892977762896,0.5558067737074249,-0.2596500975683174,-1.1495421844557396,0.5273578742701938,-0.6062201227784938,1.0608852858879536,0.457260885277799,0.4851013450033166
2017-09-26,805.35,132.46921536306914,0.26378345372731726,0.0,0.07683731892563588,0.0,0.8988012611660575,0.45121918068881733,0.4055563686654242,-0.3620594561386461,0.556297272113862,-0.20141268779295732,-0.743374413393003,0.5270591036807046,-0.3918022520220858,0.9871428629881606,0.4573218748807898,0.4514420248769362
2017-09-27,803.77,132.05874959828168,-0.10611993181373475,0.0,0.0814613154983517,0.0,0.02917449264552972,0.4508930584447473,0.013154576217516683,-0.4758085870276787,0.5565059593762784,-0.2647903142033098,-0.608912032081272,0.5269590889019938,-0.3208717296470087,1.0194155060573427,0.4575048476777167,0.46638753581906706
2017-09-28,804.82,131.4884803888444,-0.1622562938209437,0.0,0.08787928585022028,0.5,-0.08236299832064956,0.45134281781269947,-0.037173947745544604,-0.6224171845421788,0.5566464139261256,-0.3464662937413993,-0.20615591111735765,0.5271131284688217,-0.10866748726141073,0.7226680582514193,0.45671236075662364,0.33005143492741096
2017-09-29,804.42,131.6206401018136,-0.3199391434959077,0.0,0.08385091624349325,0.0,0.4944919784879837,0.45150588398270336,0.22326603786957303,-0.585111731839844,0.5565635182825784,-0.3256518440611961,-0.6090098309381724,0.5272924270589312,-0.3211262718581383,0.22691211091251237,0.45644515904127775,0.10357293455385376
2017-10-02,802.23,130.83709375967712,-0.14706232580844725,0.0,0.09319062496370366,0.0,0.43913819580324304,0.4512521978697948,0.19816207602478972,-0.7778302058270521,0.556578208172858,-0.43292334222194595,-0.3330147169393671,0.5274056847213242,-0.17563385480968485,0.5767919803550987,0.4565472547594619,0.2633327951983938
2017-10-03,798.0,129.996191944799,-0.8417262439688227,0.0,0.10221168995402186,0.5,0.022818835855832147,0.4511793236397958,0.010295386927681869,-0.9738264941370929,0.5564881107658484,-0.5419228659360803,-0.4497658667493847,0.5275572755704251,-0.2372772553068762,-0.15950252432926568,0.45655396339195575,-0.0728215096535481
2017-10-04,805.66,130.7016343077329,-1.2142633983812456,0.0,0.09819123553274864,1.0,-0.21273655707078237,0.45109576647667904,-0.09596456026945435,-0.7760478710957441,0.556474566384984,-0.4318509025619942,-0.5663266935526426,0.5274625397383407,-0.29871611610289384,-0.8488697342828987,0.45676244986452286,-0.3877318194469034
2017-10-05,805.23,130.67753104834193,-1.0437572039005514,0.0,0.09500302896282899,1.0,-0.3091247356411643,0.45087059636453036,-0.13937525390955954,-0.7719411995582792,0.5564539801117901,-0.4295497529064741,-0.33196922009101004,0.5272170604826126,-0.1750198363870878,-0.6556242754232543,0.45729295258916214,-0.29981236069743
2017-10-06,807.8,130.75954952618707,-0.8102683721877249,0.0,0.09079657971025645,1.0,-0.42482336271661564,0.45062221034783256,-0.19143484271476033,-0.740258563392067,0.5562434862913045,-0.41176400405819596,-0.09723910015855068,0.5265423323177503,-0.051200502589962595,-0.3399027306732723,0.4585694928548053,-0.15586902282480597
2017-10-09,808.96,130.9633117872355,-0.44880557364048534,0.0,0.08659598775508441,0.0,0.18523240323800605,0.45079958330584446,0.08350269019443328,-0.6778732224358247,0.5563004002678392,-0.3771011449718993,-0.3324342884528205,0.526052155021399,-0.1748777738436116,0.04286586277953685,0.4588885818479921,0.019670654980592294
2017-10-10,810.65,131.48507132077353,-0.2529917454578489,0.0,0.07808130147522493,0.0,0.20563683414299985,0.45061619416779436,0.09266328758223255,-0.540338613416389,0.5561447059725958,-0.30050645928409775,-0.4475832750230376,0.5259938843497356,-0.23542606539934352,0.4142554883595191,0.45932400895126835,0.19027749164335978
2017-10-11,813.95,131.34955118133757,-0.3577040837469413,0.0,0.07748813400801631,0.5,-0.11889432873653129,0.4505219851032285,-0.0535645089998979,-0.5751220323475844,0.5561600978784357,-0.3198599258024774,-0.4461913757057898,0.5259658073610749,-0.23468140716064445,0.5450270968637021,0.4594299249651762,0.25040175821607846
2017-10-12,815.87,131.7033164598765,-0.4769009058357318,0.0,0.0749365667715444,0.5,-0.6612272547127173,0.4503673085880459,-0.29779513907002875,-0.4856967274390708,0.556267128588083,-0.2701771239371607,-0.324580498262911,0.5257752629443468,-0.17065639682078915,0.5693818033903263,0.4596700358771837,0.26172775399224685
2017-10-13,820.95,132.10621412986242,-0.16350701164463743,0.0,0.07293457206644317,0.5,-0.29493408258087056,0.4501223543697334,-0.13275642363517884,-0.3879255258995102,0.556745392630074,-0.21597574922815077,-0.3202512683499173,0.5262385789344971,-0.16852857235843077,0.7710413556569936,0.45879994760552667,0.3537537335771229
2017-10-16,819.43,132.04595731954487,-0.0203329188907459,0.0,0.07184753576526631,0.0,0.1715706209250822,0.4499817890453384,0.07720365495148807,-0.4073415381353537,0.557014221625096,-0.22689502980003337,-0.5510089659828821,0.5266910240228044,-0.29021147653927076,0.9159079426435809,0.45809181574085645,0.41956993249707014
2017-10-17,828.29,132.36694605790103,0.1299666936896025,0.0,0.06975066384593973,0.0,0.35531803533947387,0.4501186741090581,0.15993528295403941,-0.33199440269240466,0.5571930094389929,-0.18498496035308182,-0.5454925316693192,0.5267703712338705,-0.28734930341275117,0.9666058581764324,0.4576484518063536,0.4423656745013961
2017-10-18,827.72,131.76155034826755,-0.17702402721700589,0.0,0.07731502006987966,0.0,0.008572533027466833,0.45022155787668694,0.003859539174575469,-0.4898443815070577,0.557461508878494,-0.27306938803057706,-0.657001168028594,0.5267295038286031,-0.346061899250514,0.9584063117221067,0.45726714810761926,0.43824772088950964
2017-10-19,828.93,131.843278851442,-0.28195487174809886,0.0,0.0737299109947375,0.0,0.5935831372449554,0.4503166802518819,0.2673003878176455,-0.4715605553244946,0.5577501110999153,-0.26301295212257464,-1.001799859274559,0.5267749672725047,-0.5277230880829556,0.52867166885723,0.45676890755611654,0.24148078063978598
2017-10-20,826.8401,130.8018521164505,-0.8976997825389154,0.0,0.08812109705612241,0.5,-0.579338384463206,0.44988105896373726,-0.26063336590064784,-0.7289601614710278,0.558132262332781,-0.4068561840722941,-1.1065980840836995,0.5266187398950508,-0.5827552886104354,0.7715828135173851,0.45691149396826025,0.35254505604446196
2017-10-23,820.04,129.17403175437758,-1.8480690148743713,0.0,0.11082606506960616,1.0,-0.9590148302485881,0.4500749210270015,-0.4316285239878565,-1.1154342917848994,0.5587757755119066,-0.6232776614246814,-1.2104940768645975,0.527080929126307,-0.6380283427356833,-0.3406564797214139,0.4553986081609768,-0.1551344867261499
2017-10-24,825.24,129.48814587879934,-2.3943844405483263,0.0,0.10387925629195921,1.0,-0.7379031043451101,0.4505945552399779,-0.3324951211125839,-1.0102246460570437,0.5584522184370185,-0.5641621947103079,-1.0839340353624471,0.5267401974666492,-0.5709516278276374,-2.033848419045424,0.4556757958062452,-0.9267754968977973
2017-10-25,830.69,129.55771537248174,-2.277281404969574,0.0,0.09716239889156512,1.0,-0.9827112158700898,0.4505244574571472,-0.44273543736692567,-0.9738063160179294,0.557786398716513,-0.5431759180590355,-1.1932079089524572,0.5259959760146333,-0.6276225586578275,-1.4510775543870442,0.45741696498514317,-0.6637474908857858
2017-10-26,830.11,128.60102505544336,-2.6001251527155436,0.0,0.1068296675608477,1.0,-1.4032176470083542,0.4503708108803105,-0.6319682695247137,-1.1912217023688896,0.5570143404119239,-0.6635275708293761,-1.65136837624608,0.5253758841163146,-0.8675891206720072,-0.9517048972896699,0.4592181809025878,-0.4370401916894464
2017-10-27,840.37,129.10395366751058,-2.771785009667242,0.0,0.10143362289885345,1.0,-1.4021495105229236,0.4502855005915368,-0.631367594249993,-1.0449009782608667,0.5565538741345236,-0.581543687538039,-1.526873217989105,0.525187621805624,-0.8018949141543981,-1.6453389845502422,0.46007468420359227,-0.7569788137248118
2017-10-30,845.2,127.76107448659768,-3.2398044609778553,0.0,0.1169922393172134,1.0,-1.9592767588321607,0.4501589844227163,-0.8819860359589167,-1.352258779092834,0.5558521667863344,-0.7516559724145949,-1.9679583928015492,0.5251095939419743,-1.033393832538722,-1.242085389862834,0.46113465687642785,-0.572768620065622
2017-10-31,837.2801,126.49460453502729,-4.092186546696574,0.0,0.12887669035147967,1.0,-1.799203687030567,0.450404312978038,-0.8103691005645555,-1.6149927303491256,0.5549783287082882,-0.896285966365193,-2.487058534355606,0.5251597284423248,-1.3061029845223566,-2.336982302539343,0.46188988854197677,-1.0794284952444693
2017-11-01,842.71,126.11602374493967,-4.601422033760874,0.0,0.12511220560427413,1.0,-1.882121534513454,0.45166151446018055,-0.8500818626764657,-1.6516491634017982,0.5525461217561689,-0.9126123397394845,-2.7562399419921415,0.5243168189933766,-1.4451429587678084,-3.0,0.4645282908590386,-1.3935848725771156
2017-11-02,833.0901,124.803923791142,-4.671043567412567,0.0,0.13667642300234892,1.0,-2.076847803084611,0.4526340840127575,-0.9400521029831107,-1.9026377592818968,0.5497244635993966,-1.0459265216451987,-2.6887633092825025,0.5234757881055965,-1.4075024923560697,-2.7306167287716616,0.4678658989256561,-1.277562450428188
2017-11-03,843.73,125.98639774944206,-4.327593135602026,0.0,0.1308267417605559,1.0,-1.7519445839005428,0.4539050020919679,-0.7952164100203877,-1.5590688618736377,0.5475590586358365,-0.8536822783559741,-2.4271179892324994,0.5227755851742291,-1.268838027107918,-3.0,0.46995214003924896,-1.4098564201177468
2017-11-06,849.09,127.72499382508317,-3.6736549592666097,0.0,0.1288773614776912,1.0,-1.3533726632623448,0.4539743596797667,-0.6143964882126235,-1.108007119545359,0.5453025574783967,-0.6041991159923559,-1.9825818959015558,0.5219428902826602,-1.034794524968934,-3.0,0.47342161003089867,-1.4202648300926959
2017-11-07,850.33,128.23321920696068,-3.6887637646090337,0.0,0.12043587128568592,1.0,-1.4435955868425834,0.45315014005959187,-0.6541655423671253,-0.9723108918307484,0.5441222386386301,-0.5290559791156697,-2.0671380157626174,0.5220074471502121,-1.0790614385153987,-3.0,0.4754936015369466,-1.4264808046108397
2017-11-08,859.7,128.90055070413163,-3.2654549863599556,0.0,0.11404075785805311,1.0,-1.0205887985478057,0.45241985751433883,-0.46173463881972854,-0.7992547208655126,0.5425884401943456,-0.4336663723123856,-2.339149870913091,0.5222411894953916,-1.2216004109936442,-2.404231969664325,0.4776800153749482,-1.1484535642341969
2017-11-09,860.4,129.31178592608487,-2.9278185885287775,0.0,0.10716865512330734,1.0,-1.0222831206669887,0.45216999396472685,-0.4622457525022344,-0.6953767811631614,0.5412735964518255,-0.3763890912292784,-2.1973913254198707,0.5226065042155079,-1.1483709989711601,-1.9640900810363016,0.47900692280351465,-0.9408127458261045
2017-11-10,868.21,129.84494855036866,-2.476029142159465,0.0,0.10187271112554598,1.0,-0.8339142003934722,0.4521931529731637,-0.3770902915850189,-0.5719579220692926,0.5401226119263307,-0.30892740678002306,-2.073843114068474,0.5227800485280221,-1.0841638038122212,-1.4702289904154313,0.48009367559998667,-0.705847639982202
2017-11-13,879.34,130.2069301586015,-1.8658279248136296,0.0,0.09636643344795234,1.0,-0.32019525738666227,0.45111855344115487,-0.14444602133098933,-0.48667081577841004,0.5389493753743289,-0.26229093217668914,-1.7525007165508826,0.5223646461592553,-0.915444416694943,-1.1258716240801814,0.4828672674428208,-0.543646554611008
2017-11-14,880.9,130.7256013374999,-1.4610548546106734,0.0,0.09240075466715188,0.5,0.1280381736648522,0.4510225839259998,0.057748107927487545,-0.3665039661263457,0.5387955595923113,-0.19747070952184595,-1.8333871227070266,0.522475549788566,-0.9578999449116309,-0.7524345003902482,0.48300856475373066,-0.3634323081046842
2017-11-15,882.59,131.5502394063916,-0.7166998995119989,0.0,0.09057265436947336,0.5,0.9281413620734186,0.45038898480977224,0.41802464582420623,-0.1773409791813918,0.5391178717578169,-0.09560769127171925,-1.5256467852110849,0.5225906336869559,-0.797288720265928,-0.5005595319270856,0.48311563035779703,-0.24182813379855778
2017-11-16,892.8,132.92933111251557,0.035941029253486634,0.0,0.09198050060785301,0.0,1.931862299062963,0.448243156672578,0.8659440551887265,0.1413527533567595,0.540142121958231,0.07635057614275853,-1.3274902268644087,0.522834522997405,-0.69405771954637,-0.4388971516617575,0.483703030944337,-0.21229588253162845
2017-11-17,890.69,132.1814309736361,-0.18907556349666454,0.0,0.09872468720152625,0.5,1.9739295563802461,0.4440511552624374,0.8765256999173188,-0.08200136276244131,0.5424366559721704,-0.04448054500201952,-1.3228898491863748,0.5236078203802552,-0.6926754705356423,-0.6783744044016194,0.48416515385193015,-0.32844524787632157
2017-11-20,903.55,132.58390404353153,-0.5468922269694838,0.0,0.09380591204624616,0.5,1.6194213018067722,0.4395970767898601,0.7118928703654869,-0.009994826475549431,0.5446423571732678,-0.0054436058511810265,-1.4119984457016903,0.5248629075606375,-0.74110560968209,-1.0574766465058665,0.48439450979294796,-0.5122358818016997
2017-11-21,918.3,132.73583390779658,-0.11489520016235943,0.0,0.08821512756964886,0.5,1.9739295563802461,0.435393423422633,0.8594359471475146,-0.004639080311391427,0.5465713042629275,-0.0025355881763776803,-1.2096333103766108,0.5259722735681622,-0.6362335824425684,-0.6921444379105418,0.48481495813782527,-0.3355619766909279
2017-11-22,932.66,133.77123595170215,0.25313286118022643,0.0,0.08798556255581146,0.0,1.9574331825288465,0.430399934544884,0.8424791136363995,0.2229613423043247,0.5485956625326357,0.12231562530060679,-1.1095066750966824,0.5271390301548164,-0.5848642726607602,-0.26105125326185996,0.48571919694570176,-0.12679760509601962
2017-11-23,933.7,133.8417623837569,0.1891000542672557,0.0,0.08330736380142362,0.0,1.927861809713471,0.4267871025513528,0.8227865558870198,0.19849602251559698,0.5501178451114198,0.10919620416946808,-1.1050075243652786,0.5274978392874852,-0.5828890814990976,-0.32866750379375065,0.48679477722426634,-0.15999362429013456
2017-11-24,935.57,135.5273370736228,0.8066361006213653,0.0,0.08722844324550465,0.0,1.9247750897392837,0.4234834795444676,0.8151104523433067,0.581033810642847,0.5515780307710388,0.3204854850857742,-0.6115617358701968,0.5278491185770112,-0.3228123232345103,-0.012606505975806752,0.4876461078908816,-0.006147513573205303
2017-11-27,938.61,137.1640710552466,1.002253064994073,1.0,0.09024894299100744,0.0,1.9717012428652128,0.42238434443052864,0.8328157368804814,0.929188435945166,0.5525542940230771,0.5134270602380884,-0.21999047718916998,0.5276400550547131,-0.11607578749560625,-0.4673045128485954,0.48772040149916895,-0.2279139446288905
2017-11-28,941.21,136.8928993655028,0.8033723041518859,1.0,0.08995760209076442,0.0,1.9739295563802461,0.4211750752619686,0.8313699294702745,0.7821777150320639,0.5536156987573232,0.4330258622598825,-0.12888670223671111,0.5280477857600854,-0.06805833773001475,-0.8067097252425076,0.48712087824418604,-0.3929651498482563
2017-11-29,952.14,137.7937118734824,0.9943789026257538,1.0,0.0886346653869308,0.5,1.8843893004372843,0.4187516792237172,0.7890911838693185,0.9330335539513873,0.5544264014350537,0.5172984357354268,0.059932310412651596,0.5290059391767621,0.031704548156877996,-0.7054208609673448,0.4872485124192844,-0.3437152651358696
2017-11-30,949.93,138.0187179470296,0.9152027204354747,1.0,0.08401958839784991,0.0,1.7873811850502639,0.4167944439530549,0.7449705471551771,0.908087962119061,0.5551168053999279,0.5040948885536639,-0.05159050215744096,0.5293783273470773,-0.02731089373910188,-0.6285201070737759,0.4877359022951373,-0.3065518215342644
2017-12-01,960.33,139.03712649908354,1.1134551480840724,1.0,0.08401461003087093,0.0,1.8468129567286353,0.41519317112579646,0.7667841279803704,1.0803407684061577,0.5562801371983901,0.6009721108699916,-0.2619035812786936,0.5301223557028054,-0.13884094347446224,-0.23710032350534593,0.48696748104278387,-0.11546014729182746
2017-12-04,970.02,140.69728802325793,1.3683061130164087,1.0,0.08735460449200576,0.5,1.58411927770136,0.4153394269127934,0.6579471929619911,1.3981069605205743,0.5571405312558615,0.7789420547369506,0.13150185901938238,0.5300493732034812,0.06970247794831619,-0.2845748960013724,0.4859374968555986,-0.1382856126308492
2017-12-05,953.3,139.5014550005258,0.9422833613489574,1.0,0.10096957469476586,0.5,1.4167181634966002,0.41684457479167547,0.5905512804623837,0.9916924183284042,0.5573396338220713,0.5527094892952771,0.22188673390888497,0.5297460859479983,0.11754362881201681,-0.6570835916926783,0.48474964410569926,-0.3185210372207204
2017-12-06,947.64,139.55866417763207,0.3051466578745784,1.0,0.09486267166619784,0.0,1.4221149467610406,0.4168260043190857,0.5927744909408538,0.9177685996361948,0.5577055160766716,0.5118446104990683,-0.19786691997914232,0.5300103938219611,-0.10487152418248369,-1.4349616423766929,0.4840553913569487,-0.69460091938286
2017-12-07,938.65,139.8415484959036,0.6757000581140515,1.0,0.08974071645250585,0.5,1.2817182969610317,0.41503512795400177,0.531958117380207,0.9058111133919986,0.5588009211190043,0.5061680845232797,0.2030081717814821,0.5310165697376813,0.10780070300812057,-0.9730962911890794,0.4832274576064408,-0.4702268467975556
2017-12-08,940.16,139.91805194073353,0.5777734018820124,1.0,0.08481116342210156,0.0,1.2137823739701572,0.41232687820156966,0.5004750970752051,0.8414817295297118,0.5594238766134871,0.47074497123293324,-0.22792906798353,0.5314432475241867,-0.12113136409432831,-0.5622228113066863,0.4843547733306975,-0.2723153023317975
2017-12-11,917.45,137.91830138526802,0.12841390948251788,1.0,0.11283092367256635,0.0,0.6844106651721334,0.40953050147703635,0.28028704292417583,0.24392125425332511,0.560685456120183,0.1367630996984327,-0.34610797853686875,0.5323828369175813,-0.18426194749326752,-0.21554397515239243,0.48423661841176097,-0.10437428564682313
2017-12-12,927.25,137.27822540710198,-0.9470236745402292,1.0,0.11458469177804533,0.0,0.6724621349542723,0.4066362917643169,0.2734475089097209,0.016146281357320418,0.5614171182890941,0.009064798750711752,-0.4675798031244906,0.5329386256840103,-0.24919133767476612,-2.0204310597618824,0.4852155879257935,-0.9803446445258958
2017-12-13,924.4,137.07687904687006,-1.5376637955541774,0.0,0.110056990284127,0.5,0.00594339432449184,0.40226803598200417,0.002390837561979923,-0.0947468127489339,0.5625450950716006,-0.05329935478558016,-0.9198026979554756,0.5340375200316254,-0.49120915173454044,-2.047013397925814,0.48634079659898566,-0.9955461265960367
2017-12-14,935.85,138.9525963473457,-0.6887584845662355,0.0,0.11110037419152598,0.0,0.26116814075853073,0.39843913211512894,0.10405960733995082,0.36578466908403307,0.5627611427934552,0.2058493983900563,-0.28432874360625343,0.5343796993890157,-0.15193950853596624,-1.7320445287312078,0.48886040036195755,-0.8467279817602763
2017-12-15,935.16,139.41623812811443,-0.8786070466032879,0.0,0.10473189641057397,0.0,0.10236173412538759,0.39455532820741307,0.04038736760372225,0.42621499301347765,0.5644736887304562,0.24058714929854336,-0.3040421962824701,0.536171180970658,-0.16301866344568458,-2.0418283991768043,0.4880737776307006,-0.9965629000598689
2017-12-18,958.06,140.71007974649865,-0.5933932636335644,0.0,0.10336956260227356,0.5,-0.4659947191682288,0.3918415885133956,-0.18259611099773246,0.7217663523059284,0.566473907182763,0.40886180566378993,-0.08902171459379556,0.5380752743577164,-0.04790038350385087,-1.5884969233454937,0.4858420330902432,-0.7717585747957709
2017-12-19,951.42,140.26362857283507,-0.7708547939453554,0.0,0.10362089257432743,0.5,-0.25375637947154783,0.38983256047957,-0.09892249914741888,0.5060105344917272,0.5676489969691206,0.2872363723600376,-0.3417219457965494,0.5399281551153032,-0.18450529975634258,-1.6004526744197298,0.4840276627876537,-0.7746633674016314
2017-12-20,953.51,140.49360015243832,-0.8089162092185912,0.0,0.09710153023959982,0.5,-0.3709393925909187,0.3885534257610406,-0.14412977174092104,0.4929856095558166,0.5684582842733414,0.2802417537795469,-0.3557056271640751,0.5410074461401323,-0.19243939292971035,-1.5584777032462185,0.48289994573544937,-0.7525887983275067
2017-12-21,946.06,139.96188419207215,-0.633717144807086,0.0,0.09941093140160726,0.5,-0.39034490865594285,0.3893239298237559,-0.1519706138246267,0.2562057118228476,0.5683451500545296,0.1456132737307839,-0.24991801294361204,0.5413613946888369,-0.13529596404501662,-1.0208474624986743,0.48201504998976824,-0.49206384066822656
2017-12-22,952.32,139.71174960411466,-1.353152765715084,0.0,0.09755796387231967,0.5,-1.154068414236449,0.391217127338729,-0.4514913297699459,0.11013902211855048,0.5680942784328655,0.06256934829773934,-0.7595090790922876,0.5409619712658521,-0.41086552862007586,-1.1499078915857384,0.4812257222269372,-0.5533652556228016
2017-12-25,958.31,139.09159999961958,-1.576059864641929,0.0,0.1011015275751101,1.0,-1.1644052770189641,0.3934005934362922,-0.4580777269796107,-0.1440098936779601,0.5672234366226172,-0.08168578679967024,-1.0362280282396115,0.5406550910813742,-0.5602419589889599,-0.9900934080328726,0.48081765620429473,-0.47605439187368825
2017-12-26,965.93,139.74852296283012,-1.288883336709333,0.0,0.09703031308195972,1.0,-0.6807083247202402,0.3950790007321876,-0.26893356472055396,-0.004088379563624725,0.5661868178331106,-0.0023147866152226043,-0.8079654085123743,0.5402993040821266,-0.43654314794166693,-1.2079326067381917,0.4810631273552796,-0.5810918374318896
2017-12-27,968.46,139.78216025880957,-1.119360328599585,0.0,0.09173888734893584,1.0,-0.6569280223853561,0.3952229141553467,-0.25963300739744927,-0.06068103349838841,0.5655659071912565,-0.03431912375981907,-0.7048865556727134,0.54012380686828,-0.38072600986021576,-0.9228228104002013,0.4818716903944489,-0.444682187582101
2017-12-28,976.72,140.5653376204971,-0.7045836797025624,0.0,0.08949771727472879,0.5,-0.6662633042029885,0.397807472032158,-0.2650445207527835,0.11788555728240216,0.5643888755015274,0.06653329711248585,-0.4592755630484948,0.5392907044884623,-0.24768304195075794,-0.5360130849660126,0.4820580343255812,-0.2583894141115068
2017-12-29,984.24,141.07583458085097,-0.3136670113422758,0.0,0.08615847271978497,0.0,-0.6766541590131444,0.4021816716964271,-0.2721379008322464,0.20561623800265982,0.5630085957696817,0.11576370942532216,0.07313264647825131,0.5380522383132608,0.03934918413139552,-0.4084573658927521,0.4814260201599082,-0.1966420040667471
2018-01-02,995.77,142.0966923282711,0.14090829189174614,0.0,0.08578378643693114,0.0,-0.4920360369072533,0.4041641349164321,-0.19886331920432967,0.4517345089221479,0.5619560527109349,0.25385494150720284,0.2943572895996264,0.5373919207697876,0.15818522925053186,-0.15001787644766604,0.4817329865809017,-0.07226855966165888
2018-01-03,1005.67,143.17688525080575,0.5416172576069712,0.0,0.0857189082521051,0.5,0.004740348191999182,0.4057734964801452,0.001923507660400843,0.7060377394867828,0.5609361754730774,0.39604210932737294,0.44571900261997816,0.5368619692083815,0.23928958146015722,-0.19835336121259897,0.4821594161868179,-0.09563794084095974
2018-01-04,1019.75,144.98817726271446,1.1935761392342057,1.0,0.08936593813722266,0.5,0.4145587935002505,0.40713209722116134,0.16878019101923133,1.17589385530177,0.5601836666552135,0.6587165314602805,0.9218077475591789,0.53617151606008,0.4942470575247324,-0.2655459872382596,0.4826570422058043,-0.12816764077003864
2018-01-05,1012.65,144.38463843644718,0.5673369427607129,1.0,0.09348439235314285,0.5,0.10552038002602672,0.4079962436138249,0.04305191867532218,0.8572019773080084,0.5602450248850847,0.48024314310846894,0.7427640654486916,0.5355867829290252,0.3978146162889486,-0.7331996709115824,0.4825053111005675,-0.3537727353120268
2018-01-08,1022.9,145.8900500462815,0.6834618424494986,1.0,0.09800533968488187,0.5,0.3696175917239361,0.41020096943517476,0.15161749444545322,1.21724927800947,0.5600429069348993,0.681711824120831,0.5644504054149425,0.5349600982299285,0.3019584443267006,-0.9382450303447487,0.48156494927286453,-0.45182592044348613
2018-01-09,1033.5601,147.28264430930454,1.7908811934284048,1.0,0.09861957650036357,0.5,1.39321410003646,0.41097634119221044,0.5725780333303826,1.513905712542352,0.5596281220590202,0.8472242108844994,1.6921229528656234,0.5351003562928173,0.9054555949696491,-1.1104389198703415,0.48123011197997423,-0.5343766457561261
2018-01-10,1038.11,148.08135460668345,1.6831653814315684,1.0,0.09594049122281156,0.5,1.3377106374871472,0.41264670984516183,0.5520018932839453,1.6022090209900954,0.5604223674716998,0.8979137727277837,1.492378498192537,0.5356199595916509,0.7993477108973353,-1.183588912037338,0.4782893703381007,-0.5660979954774961
2018-01-11,1048.17,148.66075380531507,1.8105956173981494,1.0,0.09244860240330788,0.5,1.5575010743115656,0.414285622412684,0.645250301979591,1.6147189270813964,0.5619771908784451,0.90743520669946,1.3034589008686819,0.5360103519673751,0.6986674642296301,-0.9286988703842493,0.4745966314443434,-0.4407573555105316
2018-01-12,1050.11,147.99766182635818,1.937841652813999,1.0,0.09649079373625707,0.5,1.1752380595222836,0.41606301185932004,0.48897308669654416,1.251230007481789,0.5624770105775349,0.7037881141532633,1.9121640572573357,0.5365526080614578,1.0259766119628022,-0.5953348311650066,0.47182886888866693,-0.28089615999861056
2018-01-15,1063.47,149.78097609763702,2.1477475633647423,1.0,0.09930849162647178,0.5,1.500851543409813,0.41809021651897543,0.6274913467470472,1.6403080473469167,0.5624099301559985,0.9225255343427017,1.8623910436242874,0.5368087651325535,0.9997478363218812,-0.8556811097460985,0.4698212330130512,-0.4020171540468879
2018-01-16,1062.96,149.87238792448522,1.7234092305133264,1.0,0.09350744835342151,0.5,1.2640597348816298,0.4200798282776113,0.531005996361718,1.4982641108300798,0.5631184877320856,0.8437002203138925,1.661052788265694,0.5374890396397852,0.8927976679559154,-1.1665647539874862,0.4664075888272859,-0.5440946541181994
2018-01-17,1034.6899,146.53552226994094,0.22398787910130086,1.0,0.137311748368204,0.5,0.29843066371105303,0.42178596988887024,0.12587386693794578,0.35674018505167426,0.5640442988049509,0.20121726753302002,0.3739899851920526,0.5381960279372346,0.2012799245186679,-0.6575275616002729,0.46292079247223233,-0.3043831798883329
2018-01-18,1050.25,147.44199912452535,-0.713495393263879,1.0,0.12982742110557313,0.5,0.025761021676275375,0.42182380894461713,0.010866612285791324,0.5358085981239821,0.5634461026662753,0.3018992663880382,0.6804167998051901,0.5378075604327146,0.36593329918066403,-3.0,0.46406485703945755,-1.3921945711183725
2018-01-19,1062.0699,148.11979303496994,-0.4232481194420644,1.0,0.12225247256136075,0.5,0.5723752218952824,0.42343252273723664,0.24236228415940506,0.6370072047915906,0.5647718848977237,0.3597637597435769,0.66600607027874,0.5376578561175687,0.35808339590735416,-3.0,0.4611525197508002,-1.3834575592524005
2018-01-22,1087.42,148.96398727750744,-0.2345490943426598,1.0,0.11658285172777161,0.5,0.1258285971494604,0.42376617913499814,0.05332190383994376,0.7827235178041616,0.566408488566173,0.4433412446846532,0.8172697635131687,0.5382262646831435,0.43987605205416885,-2.5560345910219837,0.4581660588768431,-1.1710882949214256
2018-01-23,1086.51,163.53213508381103,1.572238761148423,1.0,0.2028216256658341,0.5,1.2119123541707726,0.42485530830699947,0.5148873968722851,2.1558945144425157,0.5666664627845348,1.2216731186357226,1.4522981009269111,0.5383848100314836,0.7818952371766195,-2.07208531948243,0.4566496285840933,-0.9462169915362039
2018-01-24,1086.51,163.53213508381103,1.011230795405525,1.0,0.18245803274553996,0.5,0.8428581577146873,0.4282847167870688,0.36098326736850544,2.1558945144425157,0.567253145325199,1.2229379443068598,1.4394791969865128,0.5404584176128926,0.777978648990008,-3.0,0.4502230217532826,-1.3506690652598479
2018-01-25,1104.5699,153.1957221141082,-0.6868278014375082,1.0,0.312762306302582,0.0,-0.6388677931344763,0.4312859482760175,-0.2755347019850092,1.2019184910427738,0.5681567061351349,0.6828780509137741,0.4283853861563356,0.5436151853197959,0.2328768010836687,-3.0,0.4423493171499806,-1.3270479514499418
2018-01-26,1115.64,154.15489197638004,-0.6924461692961883,1.0,0.2748514976886535,0.0,-0.5878049809822837,0.43275745636128493,-0.25437698840638656,1.3181388794956783,0.5673798525465441,0.7478854430841249,0.2501320677074901,0.5445767314989407,0.13621610387521668,-3.0,0.4407235759497144,-1.3221707278491432
2018-01-29,1109.8,153.90148033943768,-1.0954428599599209,1.0,0.2442946531494779,0.5,-0.8070122254628062,0.4346668037611496,-0.35078142463809014,1.0986433652633252,0.566356321239328,0.6222236147045321,-0.09451528722770258,0.545973158967041,-0.051602809938386,-3.0,0.438427413362659,-1.315282240087977
2018-01-30,1110.5601,155.01510745638046,-0.920553073944473,1.0,0.21985907672897592,0.5,-0.44329139444794297,0.4363814208081415,-0.19344412854121565,1.2575912429450868,0.5646874789601626,0.7101460285410385,-0.26743108087023904,0.5472922679256181,-0.1463629627632725,-2.952429239062499,0.43723046571335517,-1.2908920111810234
2018-01-31,1110.36,153.9188026547672,-1.3762865246982237,1.0,0.2082062694271912,0.5,-0.3526467446712316,0.4378485045156991,-0.15440584977662833,0.8196231023530975,0.5634055100498434,0.4617801720298819,-0.7722006559322085,0.5484737652080871,-0.423531801255293,-2.8906342411653565,0.43593514106722975,-1.2601290456961842
2018-02-01,1099.67,152.07663834741123,-2.220253599617725,0.0,0.20718858880790805,0.5,-0.9293800287758379,0.43884459495619305,-0.40785340228850764,0.2104437329799963,0.5621911876254613,0.11830961217235958,-1.2683625428404643,0.5491282494421502,-0.6964937028079784,-2.832868002011365,0.4356772379854241,-1.2342161066935984
2018-02-02,1105.04,152.19812612296704,-2.2014556716111833,0.0,0.1848147729868808,0.5,-0.8745598199433986,0.43980362172596354,-0.3846345762271133,0.15802676234631144,0.560447474347984,0.08856569983637935,-1.2577397414138196,0.5490300828795187,-0.6905369544692939,-2.7794792408871434,0.43707822058185414,-1.2148498407511554
2018-02-05,1048.71,145.7928035435101,-4.2285281423733405,0.0,0.25329017594217956,1.0,-2.0457431948495377,0.4404135828169195,-0.9009730899670164,-1.6209032653004678,0.5590936999609571,-0.9062368038756354,-2.378189883564641,0.5490529875614647,-1.305752260559618,-2.5459795522233,0.4381676934509912,-1.1155659879710709
2018-02-06,1011.6,140.11779977922436,-5.605728701454341,0.0,0.29617610300966013,1.0,-2.5738159784381747,0.4431327323142211,-1.1405421069993087,-3.0,0.5576857448204402,-1.6730572344613206,-2.9439613246584604,0.5475796472413847,-1.6120533036487594,-2.687713228811257,0.43906323178194323,-1.180076056344952
2018-02-07,1040.55,143.8029016832536,-4.811696411097163,0.0,0.27562956736113864,1.0,-2.5738159784381747,0.4474500494036201,-1.151654086707988,-1.9850167006368125,0.5564230820313671,-1.1045091104520708,-2.5579231989546374,0.5453423710215636,-1.3949439022089847,-2.6432828013995815,0.4390711849347347,-1.1605893117281192
2018-02-08,1023.25,142.6388124403517,-4.970747654755723,0.0,0.25539429568145866,1.0,-2.573574693852354,0.4501118589623306,-1.158396489628294,-2.2201514328161345,0.5557863336300097,-1.2339298249482922,-2.643407584148604,0.5439349124257168,-1.4378416727893466,-2.598706685944781,0.4389028102165839,-1.1405796673897899
2018-02-09,1003.94,141.17459879586696,-5.2281667801655916,0.0,0.2426483523527317,1.0,-2.5738159784381747,0.4529663939353867,-1.165852142406419,-2.497891140433914,0.554887948735375,-1.386049691079641,-2.864831376311429,0.5425227453037159,-1.5542361831086993,-2.5567440725684847,0.4388506364830062,-1.1220287635708328
2018-02-12,1041.79,144.55525117038079,-4.304569361739402,0.0,0.23058995305076885,1.0,-2.4575586745248925,0.45549463833682063,-1.1194047996442322,-1.5963903175927237,0.5544384235688231,-0.8851001310866425,-2.211545477609287,0.5412823063347254,-1.1970704366844866,-2.51633596037342,0.4383333591752819,-1.1029939943240403
2018-02-13,1059.73,147.03323002884048,-3.418689794081047,0.0,0.21574535345487167,1.0,-2.3890975815684845,0.4573174574070428,-1.0925760315002144,-0.9710941365566917,0.5534946545111292,-0.5374954136112294,-1.2986306346685959,0.5404344529175059,-0.7018247365890361,-2.477450755815533,0.4386741531913169,-1.086793612380567
2018-02-21,1087.15,149.04649877949862,-2.7376718952733476,0.0,0.2010232577964941,1.0,-2.1941725467012003,0.4581305725114446,-1.0052175250091153,-0.4896595392988129,0.5529953331689369,-0.2707794400738952,-0.8403676806011514,0.5397889687556388,-0.45362120368726355,-2.2949439428300415,0.4392498255360339,-1.0080537265030736
2018-02-22,1076.03,147.85145883453993,-2.5519388736100868,0.0,0.1943259248496515,1.0,-1.738050237197327,0.4579561605965303,-0.7959508135507767,-0.8122076509945418,0.5532036425317995,-0.4493162310223771,-0.8295921384332621,0.5395253985281732,-0.4475860291040451,-1.9547194290728827,0.4394931503496385,-0.8590857999328879
2018-02-23,1102.85,149.82327680252408,-2.0510880590304708,0.0,0.18304294606021732,1.0,-1.5971369625386285,0.45812166448388464,-0.7316830436869322,-0.3465852366177361,0.5533591668748544,-0.19178611778591473,-0.6691673438578899,0.5391458363189323,-0.3607787872415806,-1.744441355083346,0.4395906506581331,-0.7668401103160434
2018-02-26,1114.53,149.08672613939245,-1.7059686715923543,0.0,0.1740995091718504,1.0,-0.29321696918269424,0.45817325324148866,-0.13434417267604434,-0.5647705132563695,0.5535582463199306,-0.312633374891403,-1.1069236864496226,0.5390465417100693,-0.5966833851176301,-1.5072729322456628,0.4394079696770742,-0.6623077389072769
2018-02-27,1119.61,149.3147846615942,-1.7181808481947074,0.0,0.1575532661091862,1.0,-0.23146124738845825,0.4575721625501713,-0.10591022351409703,-0.5376111663747662,0.5539734560399642,-0.29782231584230545,-1.389911673217499,0.5393909770228988,-0.7497058153923188,-1.2861707885204503,0.4390882598847071,-0.5647424934459861
2018-02-28,1121.54,149.6565506350217,-1.91388293581873,0.0,0.14414915602444453,1.0,-0.9145783347742446,0.4572210492472627,-0.4181644658442944,-0.4834282285536132,0.5541140091184921,-0.26787435384489333,-1.5179828558320334,0.5396876820941207,-0.8192366489226038,-0.9309552387861348,0.43891204451431864,-0.40860746720693814
2018-03-01,1115.79,148.99693648678877,-1.3423116881227946,0.0,0.14059931579664833,1.0,-0.06966725463127528,0.45791996784282624,-0.03190202700045156,-0.6778886154122873,0.5541351794475233,-0.37564192954692094,-1.2058502309597987,0.5398155743372712,-0.6509367349902949,-0.6480182511935599,0.43799846078771665,-0.28383099658512717
2018-03-02,1121.21,150.18452621187544,-0.9000394605117054,0.0,0.13395940198590503,0.5,0.4753151470526583,0.45793755820747695,0.21766465782032218,-0.4134021195635797,0.5543033726039013,-0.22915018911569346,-1.1912629766498735,0.5399346583409429,-0.643204168291664,-0.560645289685545,0.4376203018887076,-0.2453497609246701
2018-03-05,1093.48,148.72096835019352,-1.559571890746081,0.0,0.1417336439857622,0.5,0.5605524031957423,0.45752209491564366,0.25646510982011456,-0.8075778050491916,0.5546606314406138,-0.44793161528600955,-2.180791733527907,0.539946247576385,-1.177510313263993,-0.4355583734360638,0.43758789553880695,-0.19059507201619294
2018-03-06,1120.29,150.59948458211485,-0.7801250800043099,0.0,0.13845338314761402,0.5,1.3058993189563477,0.4565250282297826,0.5961757234518005,-0.37015072525019627,0.5555792629246001,-0.20564806710551023,-1.7144318935047553,0.5397155026641469,-0.9253054711863642,-0.5604753870164508,0.437748509297224,-0.24534726516423602
2018-03-07,1112.26,150.7077989360716,-1.1757182993758986,0.0,0.12710657992788413,0.5,0.7145949684052203,0.45463824666132124,0.32488220350875163,-0.38327052524013555,0.556623516638418,-0.21333738758301782,-1.9661614148049376,0.5396049896021144,-1.060950509791897,-0.5160814166858239,0.4385211290169519,-0.22631260550973548
2018-03-08,1124.15,151.27022946622043,-0.9467125653961783,0.0,0.1192785827384377,0.5,0.8294038683830212,0.4548111116161644,0.37722209535802875,-0.2843467683937456,0.5571508839543964,-0.1584240533601514,-1.9292030877263868,0.5387845363560648,-1.03942479115735,-0.2874203190537077,0.4386809417365691,-0.12608581623670564
2018-03-09,1123.41,151.17950211251542,-0.8619053279642128,0.0,0.11285241907047534,0.5,0.7272943322017434,0.45527089835607876,0.3311159439907721,-0.3475566632279001,0.557785169919602,-0.19386195245526414,-1.7571229836212612,0.5377553842610674,-0.9449023452512045,-0.12368777772166893,0.4386607573353711,-0.05425697424851633
2018-03-12,1126.29,150.85014671768994,-0.7582720066666734,0.0,0.11001759649609555,0.0,0.769572416222718,0.45692413674925775,0.3516362119486059,-0.4656405368123796,0.558048576067406,-0.25985003852741095,-1.5906926789099345,0.53670571025207,-0.8537338440271244,0.008394003188246821,0.43789165393725815,0.003675663939256019
2018-03-13,1133.3101,151.83776703602797,-0.4093458990897798,0.0,0.10668771211876142,0.0,0.864436242158231,0.45826978785663985,0.39614501330944346,-0.2598206756916899,0.5582698628111854,-0.1450500529739092,-1.2919651098617257,0.5359101871394364,-0.69237726380362,0.07305140870960011,0.4371771187228177,0.03193640437830593
2018-03-14,1138.09,152.9529354925172,-0.4944389760099761,0.0,0.1044213928522513,0.0,0.637645563126061,0.45968663894916467,0.2931171457542664,-0.03446275778643532,0.5582638063114144,-0.019239310337843717,-1.54792855814802,0.5349709495599303,-0.82809681060338,0.13684406929033735,0.4368475702819682,0.05977999917698117
2018-03-15,1138.76,153.1231967742114,-0.2941432269725161,0.0,0.09774014494859133,0.0,0.8591724775889721,0.4613852541803403,0.39640951195714064,-0.048411094518454115,0.5583963104808108,-0.027032576565442584,-1.388565553920372,0.5335344896318184,-0.7408476141312289,0.177094879633318,0.43664419844957875,0.07732745176701476
2018-03-16,1150.1899,153.02814066317202,-0.4862795786497538,0.0,0.09422529772700623,0.0,0.5253887149407462,0.46270199298156633,0.24309840549310732,-0.12580830605801638,0.5586778628706071,-0.07028631555986384,-1.504407218396583,0.5323620596533145,-0.8008893253429187,0.3249842616530381,0.4363216115102472,0.14179765675992143
2018-03-19,1159.22,153.21098167507816,-0.26466340948812284,0.0,0.08889625565001232,0.0,0.7494497420911721,0.4649005578551109,0.34841960318255494,-0.1299774556112093,0.5585359384107523,-0.07259708014204869,-1.3472215080328933,0.5307929608201801,-0.7150956931294076,0.4004095878809621,0.43607787097417927,0.17460976060077849
2018-03-20,1159.39,153.0449138089102,-0.609799995968333,0.0,0.08729297778900862,0.5,-0.023933534678274915,0.46671982483072577,-0.011170255112624568,-0.2178183601497841,0.558804524591497,-0.12171788519079957,-1.328003304717328,0.5296939358342969,-0.7034352972766746,0.5205930170657362,0.43512577807620156,0.22652344161176577
2018-03-21,1169.36,154.26891753475365,-0.07504936760781339,0.0,0.08806284278255234,0.5,0.45946207381064846,0.46857768694623775,0.2152936757857152,0.03521187462484596,0.5594318003068479,0.019698642413556587,-1.04009853062701,0.5292522840409905,-0.5504745229620231,0.5554587703734761,0.4328545159045326,0.24043283715493796
2018-03-22,1172.36,153.87679776404474,-0.49002046426275603,0.0,0.08915427222150059,0.0,0.06697620522498848,0.47042354126316144,0.03150718364230734,-0.11233279974918982,0.5602857633082765,-0.06293846845203059,-1.2967019161896998,0.5286176900372686,-0.6854595716030989,0.5269719630835624,0.43051700667819215,0.22687039215006607
2018-03-23,1153.59,151.95605261035666,-1.2862149964696057,0.0,0.11004391898387983,0.5,-0.7167906584613999,0.47198638971968476,-0.33831543507199174,-0.6234838662479697,0.5613545580371382,-0.3499955101809152,-1.546781319116279,0.5282984047499661,-0.8171621033861785,0.512527657591274,0.4277975030653501,0.21925805216947977
2018-03-26,1171.22,152.17492554677452,-0.9339364711540027,0.0,0.10286716222952909,0.0,0.19907142840877973,0.47416117907086835,0.09439194321362895,-0.5928514029051564,0.5624088689707125,-0.3334248869755892,-1.3896317825636948,0.528530142821963,-0.7344622845083286,0.09336458954733716,0.4237019335497576,0.039558757116286244
2018-03-27,1171.73,151.9402984990523,-1.1242735996911264,0.0,0.1002766973097684,0.5,-0.42162805038847984,0.47482894142493876,-0.2002012008410226,-0.6729573279398949,0.5630540581134241,-0.3789113544337242,-1.2349663064425482,0.5286241208625743,-0.6528329780380926,0.255160988306098,0.4219764719383621,0.1076719336217129
2018-03-28,1172.24,151.60756596096098,-1.6300134565201003,0.0,0.09916252730388005,0.5,-0.8401583697450141,0.4754983032149176,-0.39949387924556556,-0.7716841009600413,0.5638906966099398,-0.4351454852531728,-1.7513608911390148,0.5290953651502064,-0.9266369302069879,0.3128973006877379,0.4195077359156331,0.131262838185626
2018-03-29,1167.03,151.2302455972733,-1.7104811241224553,0.0,0.09872444918864387,0.5,-0.9334608884436765,0.47676977379602187,-0.4450459366307252,-0.8763119356425607,0.5652011930050567,-0.49529255146974577,-1.7217454300888473,0.5297321518810314,-0.912063911672297,0.3415854645540024,0.41547808785018037,0.14192127565031248
2018-03-30,1174.46,152.51075313405488,-1.3176570178757236,0.0,0.09839423168622342,0.5,-0.21130510288542678,0.47795411370941177,-0.10099414317188023,-0.5766589216023178,0.5667368790131858,-0.326813877484007,-1.9528770089067171,0.5305734295827911,-1.0361446521690196,0.35601371996523273,0.4109270141708865,0.1462956549491832
2018-04-02,1196.61,153.5592438577992,-0.789583287777639,0.0,0.09686506221218963,0.0,0.01513330267160605,0.4790175838539089,0.007249118081482635,-0.34646836565651457,0.5680752302682291,-0.19682009660098151,-1.399580698909524,0.530597795314429,-0.742614433206021,0.34968870952539605,0.4077973353541303,0.142602123947881
2018-04-03,1188.29,153.7122674173246,-0.06004153541810503,0.0,0.09105974251303772,0.0,0.8312257015204374,0.4801565585513981,0.39911847222152486,-0.3434209758069763,0.5688681844771857,-0.1953612670186981,-0.7858400351055803,0.5305468991026386,-0.4169249938159743,0.37770554932430067,0.4054117115011388,0.15312625319504253
2018-04-04,1191.54,154.5933147474974,-0.2536631211780237,0.0,0.08957978551367139,0.0,0.35988838865363565,0.48086794441149733,0.1730587896694398,-0.1643141224538771,0.5690686229184083,-0.09350601139087457,-1.0131512171508514,0.5306299202977819,-0.5376083496063571,0.5057007166133951,0.4041767065677797,0.20439245014976812
2018-04-05,1193.17,155.97933667020075,-0.13676283281629917,0.0,0.09083093244780419,0.0,-0.04405226835214167,0.4824587242785178,-0.021253401190749192,0.12765566509615253,0.5693522736868174,0.07268104317149734,-0.7616081682481138,0.530239590638411,-0.40383480335874994,0.5359090441557527,0.40238979153900845,0.2156443285617026
2018-04-06,1199.96,156.93720860316495,0.5114638014264619,0.0,0.08969780319138529,0.5,0.7214567533198691,0.48434376902791215,0.3494330830935861,0.3006216543940551,0.569524611142888,0.1712114308199059,-0.3936420377463918,0.5297722225752638,-0.20854061723596187,0.4977868923097744,0.40049247545246613,0.19935990474893173
2018-04-09,1204.33,156.87661668419577,0.3741692901317027,0.0,0.08678511943295379,0.5,0.5033970785729114,0.4856401683746406,0.24446984199745087,0.2199738587960746,0.5694562743984746,0.12526549409506876,-0.38684699884808865,0.529217927065769,-0.2047263668219994,0.5232253612693486,0.3997518781462695,0.20916032086118247
2018-04-10,1198.12,154.97695746810209,-0.23868182938726246,0.0,0.10727006552704568,0.0,0.430534268139025,0.4881782515612019,0.21017746625729092,-0.2979450478594962,0.5687765847259059,-0.16946416675752082,-0.9771960142313193,0.5280684720634857,-0.5160264061416611,0.5928414015241722,0.39914769219264834,0.2366312772546285
2018-04-11,1167.11,151.76451197329118,-1.6059824115619092,0.0,0.14360982145730053,0.5,-0.4727218424228847,0.49083372277361964,-0.23202782175282888,-1.1030788156232731,0.5682365919651969,-0.6268097468587746,-1.5520635196900623,0.5270043277230188,-0.8179441917776835,0.1778586928569181,0.39806515886369204,0.07079934882737772
2018-04-12,1173.02,152.2672041997942,-1.7143532222403999,0.0,0.15848911668889423,1.0,-0.3941778794216523,0.49426695857345565,-0.1948291015986744,-0.9796924771950253,0.5680022247592706,-0.5564675066266954,-1.409210006303226,0.5265843538896344,-0.742067940663992,-0.5599001581572769,0.39469300040626554,-0.22098867335103822
2018-04-13,1157.14,151.11349872714186,-2.012177544875562,0.0,0.16083246409718838,1.0,-0.4125707453654733,0.49644796845452765,-0.20481990838045944,-1.2551818867655904,0.5673427055333731,-0.712118287574074,-1.8467821392089243,0.5258213870765843,-0.9710775460670982,-0.3151948978881222,0.3939207255125091,-0.12416180285393033
2018-04-16,1148.49,150.9507438157963,-2.116956331199247,0.0,0.14599986743771878,1.0,-0.9509215358723837,0.49810981912376573,-0.47366335423428657,-1.2819725468439587,0.5672082737950371,-0.7271454353479891,-1.468243150035949,0.5258674467635587,-0.7721012765374891,-0.3675118286806427,0.3919500104162753,-0.1440462650794823
2018-04-17,1153.28,151.94484764162763,-1.85173638138196,0.0,0.13724063254613922,1.0,-1.0998160117187676,0.5007134947712496,-0.5506927188330818,-1.0406235267491541,0.5662843083577586,-0.5892887741059563,-1.2178090760497466,0.525231473445906,-0.6396316553894059,-0.18454353068880158,0.39081962279749816,-0.07212323305351596
2018-04-18,1138.53,150.76686370310634,-2.22637372223983,0.0,0.14464262698070585,1.0,-1.0517983703419425,0.5018032916103119,-0.5277958843479486,-1.3177200608820656,0.5661326134615752,-0.7460043018779098,-1.7653775488031418,0.5254489544201377,-0.9276157871753965,-0.06410163495376402,0.3893465253511422,-0.024957748838575346
2018-04-19,1094.63,147.4127164309754,-3.1767630488743377,0.0,0.19728406904393356,1.0,-1.816270348674654,0.5026594697594067,-0.9129654904045343,-2.0668721817372355,0.5667277980531138,-1.1713539204131787,-1.950259813323369,0.5265161106473374,-1.0268432116628226,-0.16998474985088785,0.38591948072604754,-0.06560042639380173
2018-04-20,1119.86,148.99056983451936,-3.2081885350033597,0.0,0.1844326752476474,1.0,-1.7425211042255164,0.5042969274333423,-0.8787480388486828,-1.6414450487670547,0.5673404230761966,-0.9312581284238289,-2.0145056382628366,0.527815945600176,-1.0632881983765852,-0.878809408424478,0.3810771324747854,-0.3348941693542626
2018-04-23,1076.78,144.22237875214853,-4.053293573510394,0.0,0.2595343682211447,1.0,-1.7991518343503363,0.5052841132627314,-0.9090828392447262,-2.6465749569253454,0.5670619790854661,-1.5007720328721186,-2.5934455945295327,0.5285301972209893,-1.3707143115585996,-0.7192302281803403,0.37918927646429035,-0.2727243898349497
2018-04-24,1080.74,143.30297358852962,-4.485188491447408,0.0,0.23603302884021046,1.0,-1.8220366822291136,0.5069796201209479,-0.9237354650029482,-2.707590794173317,0.5669056806412325,-1.5349486020687595,-2.607170614045925,0.5296370999264398,-1.3808542830367192,-1.7189906696699184,0.3755983977870918,-0.6456501413389814
2018-04-26,1044.86,139.8242005040228,-4.6522206564314725,0.0,0.26762410786055124,1.0,-1.725752865083506,0.5080448044912562,-0.876759776941575,-3.0,0.5658500092459939,-1.6975500277379818,-2.891319281794125,0.5292372358202828,-1.5301938245706082,-1.4554789200073086,0.376313953882999,-0.5477170271813075
2018-04-27,1050.26,141.65770926063928,-4.494996675518551,0.0,0.2425094686440227,1.0,-1.8588842702899724,0.509175421646092,-0.9464981821161846,-2.6963819872871797,0.5649932425884546,-1.5234376022544849,-2.4991076424600775,0.5293266448914137,-1.3228442636058835,-1.8678594997891103,0.37594724208179553,-0.7022166275419981
2018-05-02,1029.08,139.59228153171043,-4.573624306095088,0.0,0.24423260640199937,1.0,-1.9805916029292785,0.5102422840063089,-1.0105815831623515,-2.935598301642277,0.5639044977546438,-1.6553970858969735,-2.508038799331922,0.5285595309237541,-1.325647811313456,-1.5428907042747906,0.37721260754880553,-0.5819978257223067
2018-05-03,1026.46,139.23988237938337,-4.647324793665971,0.0,0.2150337128795432,1.0,-2.1432168377814698,0.5116890039951367,-1.0966604890700067,-2.8174206447830175,0.5631164534325488,-1.5865359213178576,-2.602478222840938,0.5279973054959111,-1.3741014892718026,-1.5641555330720573,0.3772175346574843,-0.5900268940063046
2018-05-04,1026.8,139.63614606819615,-4.156001347041706,0.0,0.18631108820730768,1.0,-2.081597645410424,0.5128341970021144,-1.067514456965547,-2.5764179038996993,0.5623328871937884,-1.4488045185176863,-2.248474209400806,0.5277177151160954,-1.1865596722824625,-1.201208000391037,0.37722251194506046,-0.4531226992760102
2018-05-07,1062.26,142.14611459651238,-3.4579351392648427,0.0,0.18782564039530308,1.0,-1.8890849406395496,0.51377298713024,-0.9705608128951335,-1.9860064929564647,0.5622363413081833,-1.116605024414139,-2.00798522501627,0.527638738929426,-1.0594907919165046,-0.8274325377775239,0.37619805340886986,-0.31127851003906565
2018-05-08,1060.45,141.9829256333715,-3.225920247745016,0.0,0.16765684313975499,1.0,-1.5877574696188292,0.5147567617600803,-0.8173088935213677,-1.9265592881118034,0.5624649810906263,-1.0836221335577758,-1.9551137407542287,0.527960903501102,-1.032223617016022,-0.7826840925006298,0.3740533459859663,-0.2927656036498501
2018-05-09,1056.97,142.26802671828892,-2.991679986305267,0.0,0.14752660590032668,1.0,-1.6079030740228308,0.5158013442433526,-0.8293585669939949,-1.7915945992155293,0.5626476013013516,-1.008036403753074,-1.8202131996331925,0.5282462084930835,-0.961520721355298,-0.5182798605710923,0.3719308984734485,-0.19276429420289998
2018-05-10,1028.87,140.0943386343507,-3.2260680362930976,0.0,0.17522457349584497,1.0,-1.3748729149465762,0.5166897539834,-0.7103827481821865,-2.096008260332194,0.563188014211658,-1.1804467299077201,-2.3549752649503377,0.5288757881668884,-1.2454893993641367,-0.24324019639409405,0.3689733858529031,-0.089749158839054
2018-05-11,1044.85,141.0012960013805,-2.8957801340943345,0.0,0.1604042627356475,1.0,-1.2041784968004172,0.5181100719588158,-0.6238970076285227,-1.8396078490512175,0.5639978396388852,-1.0375348526476231,-1.956565531839103,0.5298026940988463,-1.036593689949299,-0.5427056246894149,0.36438646454431534,-0.19775458386888997
2018-05-14,1066.98,142.1354868280553,-2.083462918926984,0.0,0.15110103130803185,1.0,-0.21403234687185607,0.5184100299734706,-0.11095651535713116,-1.5633528730920563,0.5645624696276168,-0.8826103589322815,-1.8250329866381148,0.5305105533205701,-0.9681992595696788,-0.33613432059992554,0.36204807902594116,-0.12169678506789289
2018-05-15,1073.5,142.92402782237195,-1.5813916507427106,0.0,0.1396923503719306,1.0,-0.01654709182110015,0.5185636789137547,-0.008580720810073394,-1.366059473456938,0.565160174540143,-0.772042410451139,-1.3792239010316358,0.5312238775542161,-0.732676668721478,-0.18922663019906444,0.3598428545093704,-0.06809185076002039
2018-05-16,1054.62,142.01670590839927,-1.7140670511131026,0.0,0.14266975841188814,0.5,0.033302681874936624,0.5188477806167526,0.017279022579396622,-1.4753180164490394,0.5656698412449437,-0.8345429081505333,-1.6718020246053402,0.532032000515145,-0.8894521756160488,-0.020566207820940374,0.3574304990943592,-0.007350989925917032
2018-05-17,1030.64,141.20952875706473,-1.5272451126531958,0.0,0.14322903228031128,0.5,0.3005010576846615,0.5186816392921477,0.15586438120890447,-1.557981951012092,0.5664367947376828,-0.882498302590451,-1.4760440392358405,0.5333664892739624,-0.787272427220979,-0.03763167271101233,0.3544557839111646,-0.013338764050670257
2018-05-18,1040.54,141.2681208899421,-1.483783369004893,0.0,0.12823147426252504,0.5,0.43209683319216347,0.5184472300428683,0.22401940627877245,-1.4854274598969395,0.5668298841280381,-0.8419846749739882,-1.6017168977411227,0.5343382381453127,-0.8558585851465674,-0.028237728198611006,0.3527024232636269,-0.009959515163109752
2018-05-21,1014.98,139.87572381267154,-1.8076042274017285,0.0,0.14375556189274036,0.0,0.15062833652330992,0.5178375798166188,0.07800101323703403,-1.6628514251534567,0.5674169209934934,-0.9435300357302169,-1.87256656718495,0.535575461582516,-1.0029007035640671,0.1734045115500647,0.3507722960135329,0.06082549865552138
2018-05-22,985.91,136.0355040592082,-2.892277434551676,0.0,0.21715504416441278,0.5,-0.6359949785820908,0.517530182873215,-0.32914659757203585,-2.2314712067720137,0.5684575680439065,-1.2684966953616201,-2.412817731919394,0.5369641011128335,-1.2955965045692033,0.0027701720753990694,0.3474018671004964,0.0009623629511832938
2018-05-23,988.94,136.81695096787618,-2.7751308888154824,0.0,0.19230588182526237,1.0,-0.4026905499858718,0.5179637303705714,-0.2085790994556592,-1.9848263590918445,0.5695409389521805,-1.130439868214207,-2.109019496493778,0.5383622343961408,-1.1354164485174143,-0.8772084088881076,0.3427868105019012,-0.300695472628202
2018-05-24,985.92,135.74347153122977,-2.676270112642991,0.0,0.18791923510957773,1.0,-0.17037615192809755,0.5176126028932486,-0.08818884347043815,-2.0579539845189827,0.5699382148775253,-1.1729066202368392,-2.2532123527147654,0.5389678117449322,-1.2144089311393276,-0.5875435368498573,0.3417035593188565,-0.20076571779638594
2018-05-25,963.9,133.34559552537942,-3.1342870378973395,0.0,0.21244445263915734,1.0,-0.7072032092400836,0.5170944254533721,-0.36569083716078193,-2.3334207514260155,0.5705719150705678,-1.331384346806545,-2.3180360375162277,0.5399463306209288,-1.2516150527039647,-0.5460642780660766,0.33988086875660806,-0.1855968012260481
2018-05-28,931.75,127.59172743881962,-3.9515360306037546,0.0,0.3205148860165454,1.0,-1.950603055390987,0.5171192533268557,-1.0086943955408705,-2.4843108135317697,0.5711112970650488,-1.4188179710288555,-2.285148801567978,0.540786125935524,-1.2357767675861524,-0.853826242521409,0.3375943278537128,-0.28824689644787627
2018-05-29,952.18,131.2715499914494,-4.1498056899732845,0.0,0.3069191325025105,1.0,-1.7040524152888579,0.517596658786426,-0.8820118365504521,-2.3282088350538745,0.5714797532779,-1.3305242106360153,-2.2544160539943654,0.5411738809597834,-1.2200310852381713,-2.1371063522098246,0.3356120095787475,-0.7172385575486457
2018-05-30,948.5,130.21209379363538,-4.054599917659289,0.0,0.27615560476962603,1.0,-1.6397982139392966,0.5173466541411902,-0.8483441194481947,-2.3507825746325173,0.5706853240131579,-1.3415571152886436,-2.2224336643192264,0.5402274350132976,-1.2006196379623797,-1.9597537924734123,0.33885840533158684,-0.6640790449600701
2018-05-31,971.25,132.64903774493695,-3.393874426377846,0.0,0.2576889960058923,1.0,-1.2071528029453293,0.5169800736348662,-0.6240739449552115,-1.8429695286291554,0.5702301389071395,-1.0509167703118287,-2.1563024183332042,0.5403700053244598,-1.1652011492758592,-1.6286933509721755,0.33995506981375645,-0.5536825618349469
2018-06-01,992.87,134.11388110756616,-2.8789632589080956,0.0,0.23173830461952397,1.0,-0.9851176835732468,0.5168885011048744,-0.5091960028740815,-1.523279976435987,0.5702177727162805,-0.8686013153866368,-1.904120999650376,0.5407549302572026,-1.0296628183672139,-1.3888052739513892,0.3395026870388069,-0.471503122280163
2018-06-04,1013.78,136.78730518829977,-1.9666601044116334,0.0,0.2259155115448145,1.0,-0.6327649429132846,0.516473355089452,-0.32680623304940964,-1.0413092437782967,0.5697555614765653,-0.593291732859641,-1.258379043421495,0.5403751523102343,-0.6799967672528973,-1.073368789686713,0.3415092508481413,-0.3665653712496855
2018-06-05,1022.74,138.82297556839296,-1.1549041880083561,0.0,0.21328887620270484,0.5,0.3154927966554853,0.5161150542876528,0.1628305818732092,-0.6807128330501857,0.5697131549714782,-0.3878110557465944,-1.112446913998184,0.5402510397827217,-0.6010006019905989,-0.9608726172057438,0.34231708371593905,-0.32892311214437203
2018-06-06,1034.5,140.7598651579958,-0.6986431440383034,0.0,0.2020578395432533,0.5,0.5081172439334866,0.5155074354956741,0.26193821735128153,-0.34988234001631324,0.5700827172759462,-0.19946187512336638,-0.9112727079573458,0.5405386090584963,-0.492578082032233,-0.7848338107397131,0.3421633988740659,-0.2685414042339856
2018-06-07,1036.6899,141.27328219673592,-0.36414007841526164,0.0,0.1773051209653548,0.5,0.7988830271478182,0.5155719480229701,0.41188167854908797,-0.25336102314329295,0.5705433718488343,-0.14455345243924492,-0.774167161496683,0.540751859619071,-0.418632332235349,-0.6242268909059877,0.3409593136573318,-0.2128359722897557
2018-06-08,1039.01,141.2062890456153,-0.23510644102152672,0.0,0.15770751355048557,0.5,0.9599104439457771,0.5153742533608802,0.49471312834186587,-0.2510760256990383,0.5713389228883944,-0.1434495060859874,-0.8786564947855188,0.5412282310496384,-0.4755537003730421,-0.326732443857255,0.3391654700589736,-0.11081636290436307
2018-06-11,1039.02,140.81214468032968,0.06996331489643859,0.0,0.1477183890651928,0.5,1.4911410672689664,0.5156294806214267,0.768876294049177,-0.30076369907948364,0.5720173687878207,-0.17204205977433812,-0.9215540210778733,0.5414003845357526,-0.49892970138202963,-0.08282452483338111,0.3373544013995896,-0.02794121799637073
2018-06-12,1020.76,138.38336298465944,-0.5063195968531787,0.0,0.18181199803640458,0.0,1.2335393530070684,0.5155900902832624,0.6360006663848715,-0.6723553408217448,0.5728794212217962,-0.38517853850534467,-1.4342293289421388,0.541671921773278,-0.7768817568716873,0.05883574208851932,0.335510889100072,0.019740032138981643
2018-06-13,1030.53,139.21937011461912,-0.23050940071508763,0.0,0.16495504866252886,0.5,1.5309519864729857,0.5158042749500242,0.7896715793659977,-0.5067577837929378,0.5737876505911683,-0.290771358181337,-1.1683317706619978,0.5418275353288509,-0.6330343237441824,-0.28909273231737503,0.3333715703712749,-0.09637529815556593
2018-06-14,1015.72,138.73555804135228,-0.21096077252745685,0.0,0.15520650721107418,0.5,1.5250270427898993,0.5167766464832476,0.7880983609692284,-0.5592048583352471,0.5743428504701326,-0.3211753123330125,-1.204153101653895,0.5418725937946178,-0.6524975645190303,-0.07673582455935822,0.3308266613464892,-0.025386256644642412
2018-06-15,1016.51,138.5531549357561,-0.30841324795086145,0.0,0.1420669409354176,0.0,1.4790876955451342,0.516654725286496,0.7641776470165078,-0.5604357117865686,0.5756690126736466,-0.3226254728712263,-1.4137147423783798,0.5423717856001541,-0.7667589891530237,0.051218486950181774,0.32788096753453794,0.016793567056880704
2018-06-18,987.34,135.33600472791338,-0.6784544671878964,0.0,0.1992732360189802,0.0,1.4719741155582127,0.5169477595215791,0.7609337211115761,-1.0503895350905155,0.5771533114440538,-0.6062357984836712,-1.6688104457390758,0.5426206668476934,-0.9055310369093338,0.2231297251845679,0.32437922394097196,0.07237864709353248
2018-06-19,962.16,131.6399393289605,-1.906569452466539,0.0,0.2519331005220327,0.5,0.49259825119913603,0.5170191071671546,0.25468270802707904,-1.5853964965334206,0.5786756530496858,-0.9174303529741612,-2.0557656675632385,0.5433414357163378,-1.1169826693101654,-0.3959745684101362,0.3203214254858813,-0.12683913820929144
2018-06-20,980.95,133.46786236127858,-1.8276065966614996,0.0,0.23170135597290584,0.5,0.2611185087709684,0.5176634007982657,0.1351714952617513,-1.2101024154162079,0.5802125019081064,-0.7021165500136807,-1.7293542692981942,0.5442964567816752,-0.94128140129927,-1.0144450436463246,0.31483237323760704,-0.31938014061030023
2018-06-21,969.4,131.98882967159747,-2.0281312077266844,0.0,0.2266915245664908,1.0,-0.0061475237976972835,0.5184347430693992,-0.0031870899205722085,-1.3835651186224096,0.581990346400532,-0.8052215426547493,-1.7911246316437544,0.5451800248832841,-0.976485371248605,-0.7879581674963342,0.30869304226596456,-0.24323720390275788
2018-06-22,983.17,133.5756098187504,-1.464358467406148,0.0,0.20937080281508674,0.5,0.34973256883257536,0.5185916257235457,0.1813683814393571,-1.0548446150449362,0.5837380867000503,-0.6157529773521822,-1.4701685534041047,0.5462447509316193,-0.8030718552817242,-0.7483616274808098,0.3031983574243553,-0.2269020162115988
2018-06-25,990.52,134.69913257582752,-1.1270637537781192,0.0,0.1902933501376591,0.5,0.45401172135257944,0.5194032176220348,0.23581514890864844,-0.8165651533806022,0.5852159070259233,-0.4778669168813913,-1.3273671587799651,0.5470537211485175,-0.726141143540915,-0.5341143441856767,0.29744724887828955,-0.15887084226446138
2018-06-26,983.02,134.24470558821048,-1.429447989080128,0.0,0.17498747287511698,1.0,-0.0904345752506759,0.5210462597622455,-0.047120597187552016,-0.8462143714140022,0.5865875206357086,-0.4963787900540442,-1.4611493598959622,0.5476172662814864,-0.8001506180951706,-0.2950820989003637,0.2907597040386082,-0.08579798374336105
2018-06-27,968.91,133.40101099926082,-1.5734785419294672,0.0,0.17032531335187695,1.0,-0.17216297572381778,0.5219784592677058,-0.08986536481126184,-0.9387558135643218,0.5885390809786399,-0.5524944837785014,-1.6436446421423831,0.5485755379790609,-0.9016632438096589,-0.10399452474189452,0.283240387925722,-0.029455449530045297
2018-06-28,957.35,131.43972868905644,-2.2966218674771564,0.0,0.19037855138715087,1.0,-1.1569235022438185,0.5217245708984188,-0.6035954177704521,-1.2090332493258733,0.5918244270066266,-0.7155354100142449,-1.76170785029427,0.5502195334660932,-0.9693260714924672,-0.02985292611626777,0.2735064619190809,-0.008164968199992127
2018-06-29,960.78,131.44239745559352,-2.204770648967523,0.0,0.16692367561408944,1.0,-1.0460986385121616,0.5232985110029319,-0.5474218598956084,-1.139810759027529,0.5942356979898447,-0.6773162419670583,-1.6584385706606648,0.5518063563671092,-0.915136944934938,-0.24785865986622302,0.2618250344972598,-0.06489560216991842
2018-07-02,947.15,128.53458306439535,-2.5986509562852804,0.0,0.2119124808383662,0.5,-1.3520384900353326,0.523983624219655,-0.7084460280931836,-1.5528745505602282,0.5955617265775685,-0.9248326484900151,-1.7652994021119228,0.5526694972645694,-0.9756271330866413,0.040129169185309406,0.25554611751875417,0.010254853384559046
2018-07-03,906.01,124.42860441497119,-3.228423601485269,0.0,0.27664052745300216,1.0,-1.476239776345976,0.5253085707062896,-0.7754814069320772,-2.1209953564917097,0.5973687060301474,-1.2670162516034038,-1.9330902174271432,0.5540308577666195,-1.0709916313014212,-0.4682376509992341,0.24546149034169526,-0.11493431164836658
2018-07-04,914.99,125.39253254764162,-3.1917069853192896,0.0,0.24131496501503566,1.0,-1.4030587760155533,0.5261219355862435,-0.7381799989785687,-1.8287416208558753,0.5992834990840009,-1.0959346774670564,-1.9186804828121495,0.5552008910423902,-1.0652531136829488,-1.2374932427165495,0.2362349830282479,-0.29233919519071555
2018-07-05,899.4,122.74900783949153,-3.4056550979074722,0.0,0.2617799660173154,1.0,-1.6689828852562818,0.5279363463765807,-0.8811167266072455,-2.1241672579602056,0.6000687292925335,-1.2746463472889857,-1.9036283275524515,0.5555674179060015,-1.0575938745910356,-0.8388938607208432,0.22922822352635647,-0.1922981494202056
2018-07-06,917.51,125.2972411379029,-3.0928405691975,0.0,0.2500564619099576,1.0,-1.6009433258921495,0.5296244462232106,-0.8478987224103747,-1.58511916058255,0.6012557239735385,-0.9530619684803888,-1.8898214300969196,0.5562265162173015,-1.0511687903356082,-1.0918701109472644,0.22045762179742862,-0.24071108797112845
2018-07-09,915.12,124.8320934312347,-2.9762192789622777,0.0,0.22234081603564954,1.0,-1.4990813647709187,0.5313240462973794,-0.7964979764590823,-1.5577688253426067,0.6021575709161163,-0.9380222919171559,-1.8754252506672946,0.5569389970718351,-1.044497458189838,-0.9304447614571258,0.21194332061945642,-0.19720155239620127
2018-07-10,911.12,124.77509962580615,-2.5564343448059392,0.0,0.19318011126087,1.0,-0.9596454293949893,0.5336601529685667,-0.5121245266465159,-1.4649384967018562,0.6026645811115664,-0.882866545469032,-1.8613663139479535,0.5574829197751634,-1.0376799274708386,-0.6096269915167296,0.20301487129307427,-0.12376334521955294
2018-07-11,893.16,122.03011315468683,-2.8187156065561645,0.0,0.22991451796935936,1.0,-1.2354138365027658,0.5354792897409323,-0.6615385237066213,-1.7892899309785197,0.6034618651886143,-1.0797682391115044,-1.8423545903364154,0.5585610659731814,-1.029067543878892,-0.25095779128685386,0.19262721277256828,-0.04834129985914658
2018-07-12,898.51,122.83905675321503,-2.588229360968288,0.0,0.20358811067642577,1.0,-1.0346658261592265,0.5366485863211159,-0.5552519529231184,-1.5423697461229753,0.6037389107815775,-0.9311886305467433,-1.750661295298408,0.5591754327354486,-0.9789267873716881,-0.6583213716690982,0.1866291987684301,-0.12286199012673768
2018-07-13,909.72,124.52518240535466,-2.288261457946282,0.0,0.21305556267885267,1.0,-1.1081311000608918,0.5377154706329604,-0.5958592359922625,-1.1805051253291399,0.6023912839909692,-0.7111259982049406,-1.6429805017451582,0.5588202377883723,-0.9181307546668885,-0.33416964647317793,0.18896231225255428,-0.06314546908219032
2018-07-16,911.11,125.41996118740357,-1.7318432906991292,0.0,0.19252500440123754,1.0,-0.370955925161792,0.5384420025190237,-0.19973825119041239,-0.9624656465257065,0.6016641976765223,-0.5790811210081046,-1.6425442848269913,0.5588196080660472,-0.9178859534781452,-0.185707195481317,0.18921165080004715,-0.03513796502246705
2018-07-17,921.27,127.22283551631168,-0.9373471033016127,0.0,0.18682556790077362,0.0,0.5804365240427948,0.5395353020571341,0.31316599532442224,-0.6146897151138094,0.6007815367664231,-0.3692942316805892,-1.593644505434642,0.5588061613049857,-0.8905383685667148,0.04932480885866211,0.18894146448643293,0.009319501621268999
2018-07-18,942.39,130.5463755305684,-0.12853182141172353,0.0,0.20132178360969433,0.0,0.909291024754556,0.5402813434587282,0.49127297644935525,-0.04501446404366608,0.6004311923979361,-0.027028088320892443,-1.1025781895676288,0.558689198483254,-0.6159985249946559,0.12334447606348964,0.18826798082563903,0.02322181545446956
2018-07-19,943.97,131.32016059760002,0.20263337653718433,0.0,0.18128109118156105,0.0,1.2803967763976327,0.5415255862865614,0.6933676150181514,0.09825828930141021,0.599859940187774,0.05894121154329693,-0.9727668386478893,0.5583975853673483,-0.5431906538264103,-0.03460823934405239,0.1873772350389179,-0.00648479619785363
2018-07-20,933.39,131.0764730953268,0.16269718358379887,0.0,0.16580547835627543,0.5,1.1209219341604093,0.542461958979182,0.6080575082673894,0.07563892148427244,0.5987811684440162,0.04529116178619785,-0.9459399496460306,0.5576597329197119,-0.5275126196776911,0.1937063598151357,0.19029387183302254,0.03686113320790278
2018-07-23,936.74,131.599704696677,0.3144432596617536,0.0,0.14968823365648437,0.5,1.1930995014089647,0.5435243024816444,0.6484785742945053,0.17385008976801403,0.5969684828443754,0.10378302433116982,-0.9195222535411284,0.5566539871542476,-0.5118557287107282,0.3780849206723592,0.195822117462775,0.0740373897468067
2018-07-24,934.08,131.38625507473662,0.24390573705763652,0.0,0.13941282109112163,0.5,1.0362240994868832,0.544546056554746,0.564271747082575,0.1494206899114823,0.5955848991114409,0.08899270652609208,-0.9420715189978489,0.5557731416983207,-0.5235780478179437,0.5720668806809537,0.1996608003787135,0.11421933126691321
2018-07-25,927.58,131.436537508036,0.45541023162897065,0.0,0.12539048021708518,0.5,1.4249588538666187,0.5453714470832649,0.7771318721673485,0.16599959073965792,0.5945967341295358,0.09870281452064014,-1.0114903819454102,0.5550979231806219,-0.5614762103350712,0.6975327566354219,0.20221524212916145,0.1410517552760533
2018-07-26,930.16,131.0850652780535,0.6029427182464983,0.0,0.122471512148608,0.5,1.501634286731595,0.5456935701289423,0.8194321749545919,0.12074576282746383,0.5937548404084849,0.07169338113762155,-0.8378812717701709,0.5545566499297976,-0.4646526311117843,0.8596463398126093,0.20528185265645055,0.17646979326606907
2018-07-27,935.52,132.88628110333042,0.8921374895406199,1.0,0.12944290302104947,0.5,1.412725450024397,0.5463208658656328,0.7718013910877444,0.4187781220129775,0.5925587264028769,0.24815063062539852,-0.5734034785129745,0.5536186395582772,-0.3174468536923367,0.9049206958008885,0.20955684006318598,0.18963232151981377
2018-07-30,949.73,134.8115262664433,1.03276594211166,1.0,0.13633741510466138,0.5,1.2396974307455044,0.5473110093720503,0.6785000521372595,0.721889196426118,0.5904845740050018,0.42626443463048935,-0.45913865799494175,0.5517628430981746,-0.2533356513115695,0.8334683378085906,0.21756928059470615,0.18133710665548058
2018-07-31,956.39,135.35056662699802,1.3385341026685424,1.0,0.12548997283302202,0.5,1.5268507147252075,0.5481458584481411,0.8369368957452067,0.7939046383302429,0.5881116414983119,0.46690456004152275,-0.25004291907722165,0.5498967577482429,-0.13749779049847044,0.7604293297244897,0.22643844818909015,0.17219043738028342
2018-08-01,952.77,134.89520874563829,1.1017515349998837,1.0,0.12461713712078759,0.5,1.304204556889743,0.549055410242244,0.7160805680229019,0.7071519216736515,0.5861603174692949,0.4145043949072495,-0.4309669341180393,0.5479208663981022,-0.23613577593088994,0.8860615128545631,0.2339593188431925,0.20730234800062225
2018-08-02,953.55,134.8516974647011,1.165747648771181,1.0,0.11506013363122444,0.5,1.3559590546739866,0.5496204160626051,0.7452627797937733,0.6881778109136465,0.5842540408988047,0.40207066688319154,-0.36714647210638673,0.5460547513158422,-0.20048207552254182,0.9058859371135797,0.2416377919655384,0.21889627761675795
2018-08-03,959.6,135.2207802372401,1.3114337399083285,1.0,0.10592595202215785,0.5,1.500009063550762,0.5500844048836325,0.8251315930433758,0.7337013148356385,0.5827545654125034,0.4275677908696248,-0.35279972463608406,0.5445629452789298,-0.19212165714142135,1.013566163151412,0.24749840933598205,0.25085601313674893
2018-08-06,960.23,134.94168615797784,1.245373954047704,1.0,0.10451170803026372,0.5,1.2225809406874546,0.5505644641172638,0.6731096204495687,0.6766781963690627,0.5812916765536564,0.3933474032546768,-0.19292656910468522,0.5430373229334231,-0.10476632760933832,1.12057570141876,0.25315849486440384,0.2836832579527969
2018-08-07,956.79,134.14603688404299,1.1104330107496112,1.0,0.11551180303660703,0.5,1.1825753778982875,0.5510399858811188,0.6516463195404311,0.5421461072004616,0.5796390316788086,0.31424904460611114,-0.2782107132989504,0.5418320737258481,-0.15074348771951768,1.1425494404051497,0.25844057498105255,0.29528113432258674
2018-08-08,966.27,134.9495278615477,1.2521780645082468,1.0,0.11122003875420959,0.5,1.195095858383171,0.5511037449278391,0.658621803102716,0.6641130760872868,0.5785078207199571,0.3841946083588833,-0.11887848543203439,0.5406479403779044,-0.0642714083040741,1.0393473042649573,0.26327394147064176,0.27363306135072163
2018-08-09,963.5,134.98416913622447,1.2508070456132745,1.0,0.10225046225913036,0.5,1.2993547897689635,0.550973754791367,0.7159103873251531,0.6577556463719819,0.5775613964968583,0.3798942696722956,-0.25354664209157074,0.539648516437319,-0.13682606925238006,1.0903839661961021,0.2676382512173894,0.29182845786820577
2018-08-10,968.47,135.47906658272865,1.2951548841988463,1.0,0.09656348958151725,0.5,1.0586289219351332,0.5509170633037499,0.5832167368009183,0.7203886146928834,0.5768871409157864,0.4155829282784616,-0.04590252166561677,0.5386491337021855,-0.024725353529930275,1.1839311558584045,0.27119868504228895,0.32108057264939655
2018-08-13,978.04,136.7142256117295,1.3995395178505337,1.0,0.10045233700870299,1.0,0.9267469307971434,0.5504534325526658,0.5101310291649354,0.8935655692637312,0.5757528308165852,0.5144729060238267,0.06088064844767621,0.5380836385059424,0.03275888083132677,1.2414038757279586,0.2756368886232071,0.34217670183044496
2018-08-14,978.27,137.04017646674572,1.3380879857630772,1.0,0.09311811057301814,1.0,0.7037937669468846,0.5498389783839801,0.386973245811088,0.9158351646891009,0.5743687450573821,0.5260270942218997,0.16811198192638957,0.5376064536809635,0.09037808642472453,1.192679320951334,0.2806366752786371,0.33470955930536495
2018-08-15,961.37,135.62097302565127,1.0305714309860488,1.0,0.12301631151853286,0.5,0.6842016559075207,0.5486813853631853,0.3754087124311239,0.6690320607258463,0.5728318791228738,0.38324289253903515,-0.1668590121350653,0.5379722069760944,-0.089765511012152,1.2677198428436596,0.2853038382808104,0.36168533702804184
2018-08-16,964.28,136.02168148999166,1.192502846582237,1.0,0.1128924229413265,1.0,0.6872160221400124,0.5480484735756308,0.37662769195055074,0.7155050340326162,0.5718433697639654,0.409156809744292,0.23574534029732255,0.5374394799010728,0.12669885307849443,0.9673295422677145,0.289476832427188,0.2800194918088997
2018-08-17,968.88,135.76276204683992,1.0284502654489045,1.0,0.1098393221496159,1.0,0.5279587381330063,0.5473152286070213,0.28895985745634084,0.6577795217668551,0.5707961473744765,0.37545801684634644,0.09602757911488756,0.5372584665841751,0.051591629905055045,1.0654690460662841,0.2932424572958686,0.3124407612411622
2018-08-20,969.62,135.93971428644488,0.7989537153547748,1.0,0.09943859307268335,0.5,0.21602413506000875,0.5464649909269147,0.11804962700556228,0.6674783246558653,0.5699128328188671,0.38040446284981566,-0.04277245980212645,0.5372091033787654,-0.022977754779604634,1.0905550787329674,0.29661718751044197,0.3234773802790014
2018-08-21,979.21,137.39660020771524,1.1451327686462582,1.0,0.10551664920542028,1.0,0.32515252477820383,0.5454623183735688,0.17735844999053835,0.8730100441586818,0.5693446957311917,0.49704363796179896,0.21354108212988576,0.5376836701107603,0.11481755275902028,1.1915934734172173,0.29868670471500924,0.3559131279349006
2018-08-22,982.15,138.0060943468634,1.436636030901747,1.0,0.10048137274962972,1.0,0.6803192394694284,0.5438627220360299,0.370000273431325,0.9364337027809885,0.5681499872840139,0.5320347963273406,0.3687282115541371,0.539157435149919,0.1988025568089453,1.1148270573492587,0.30121120771195586,0.3357984043341361
2018-08-23,987.36,138.53373112692645,1.6212115764576758,1.0,0.09531185328079946,1.0,0.8446752236784475,0.5428298513084985,0.4585149260733443,0.9824421595996476,0.56711018362219,0.5571529535287371,0.4699997634047079,0.5399721034709131,0.2537867608764716,1.1587519457090822,0.3035653465624774,0.35175693597912255
2018-08-24,987.05,138.89149112243803,1.7045040317769222,1.0,0.08906524858810094,1.0,0.9015934088959984,0.5420250996776079,0.48868625732552784,0.9996392222507383,0.566745762197998,0.5665412929375085,0.5215612987872796,0.5401697693575117,0.2817316464717291,1.203773940165555,0.305327123954526,0.36754483504215657
2018-08-27,991.92,138.80259586315523,1.5045562309426015,1.0,0.086112372914992,1.0,0.5959101796747199,0.5412077791450328,0.32251122491167267,0.9479569267408374,0.566159028505249,0.536694372708414,0.47584776344990515,0.5403332431018862,0.25711636524766646,1.2622712887635583,0.30756800977002197,0.38823426807484834
2018-08-28,995.19,139.29029331965904,1.7464758068148531,1.0,0.08266875208362477,1.0,0.7849547966367287,0.539999918357638,0.4238755260982699,0.9856232387887421,0.565459181725782,0.5573297100953972,0.6779342064906181,0.5406026538911974,0.3664930311924512,1.2843441800829096,0.31049117955515004,0.3987775394287347
2018-08-29,988.17,138.9282161775354,1.5788259175578974,1.0,0.0866852562451052,1.0,0.6902298262493717,0.5389770475767424,0.37201803390129423,0.8939383983433936,0.5643985966432787,0.5045375775105516,0.5339249332370075,0.5407538178737202,0.288721946105883,1.3173852837103528,0.3139160313643625,0.4135483600401687
2018-08-30,998.07,139.96667449315729,1.7642292524676912,1.0,0.08947877779168786,1.0,0.7727590604274591,0.5384432171871444,0.416086874607076,1.0160486590685673,0.563029358069579,0.572065224282832,0.6873527292468614,0.5407499874112011,0.371685979687295,1.274558066780803,0.3172795217654333,0.40439117389048834
2018-08-31,989.54,139.3570415556311,1.787094590742365,1.0,0.09807349966779785,1.0,0.9130283763604722,0.5376857248308009,0.49092232433446975,0.8860105221072441,0.5618372966490708,0.4977937565433658,0.7390711736185464,0.540498668721069,0.39946698543094233,1.2423949344670095,0.3210827035484664,0.3989115244335872
2018-09-04,975.94,138.19029361171349,1.1552332802047447,1.0,0.11912286090370307,1.0,0.1424669231347262,0.5370418382586427,0.0765106982913261,0.6802208054688798,0.5607537448656269,0.38143636400218744,0.5947555418544355,0.5399872270451961,0.3211603958157397,1.1576933723739355,0.3248924379036721,0.3761258220954916
2018-09-05,968.44,137.63093547069,0.7081380945531714,1.0,0.12147630527029518,0.5,-0.2673793913419467,0.5356156364174316,-0.14321258285852229,0.5758209781314252,0.5607918675443678,0.3229157216975465,0.4012543166100832,0.5399897749853521,0.21667322813818005,0.952907922007997,0.3271687855412235,0.31176172757596726
2018-09-06,958.19,137.104457348124,0.5314959159330647,1.0,0.12272207326831704,0.5,-0.39297835239079026,0.5340036917962868,-0.20985189097270415,0.48121729665024204,0.5614440178324932,0.27017657248180266,0.30796337025287557,0.5400985406267177,0.16633056684006362,0.9279691297162282,0.32850302647149743,0.30484066758390255
2018-09-07,968.9,138.2862570588688,0.6776787975076969,1.0,0.12129989035577718,0.5,-0.59714809109879,0.5324348846037311,-0.3179424749755225,0.6443550251640192,0.5620394189678563,0.3621529239522038,0.6140365449173527,0.5401959715965693,0.3317000679774298,0.9148144202666505,0.32986830319708593,0.30176828055358584
2018-09-10,970.34,137.87595461146537,0.6593503402668071,1.0,0.11997131059308787,0.5,-0.46050061011240956,0.5302682429053216,-0.244188849381136,0.5633165982666054,0.5629188037335957,0.31710150561951606,0.5182367331872446,0.5402799774617953,0.279992930526279,0.9238163993331198,0.3317160787829302,0.30644475350214806
2018-09-11,985.06,139.31802300729152,0.986134585616611,1.0,0.12198226135148073,0.5,-0.2762900721621268,0.5284479194928066,-0.1460049138105933,0.7598928092539063,0.5636239823705539,0.4282938113264344,0.7231592160063907,0.5403718332063255,0.3907748712534225,0.9393901234801273,0.3332702878411416,0.31307081684734756
2018-09-12,987.01,139.6301526107673,0.8040109435499772,1.0,0.11098056121350754,0.5,-0.5292683142728992,0.5266654768779929,-0.2787473491329479,0.7775340104900338,0.5642958287697009,0.43875919884610287,0.6236072673462063,0.540300889233214,0.33693556107944983,0.9164293867139669,0.33506513126822296,0.30706353275737236
2018-09-13,987.95,140.1552775910223,0.79423608324855,1.0,0.10403823829011762,0.5,-0.7328680008195259,0.5244277962609551,-0.3843363506199558,0.825660693338854,0.5647660261769962,0.46630510874752806,0.6753552099162271,0.5403177651898359,0.3649064177312483,1.0284715868706715,0.337744777613783,0.34736090738972947
2018-09-14,991.34,140.57072468035096,0.9625257441282948,1.0,0.09701019333660767,0.5,-0.6049215211484631,0.521951463943671,-0.31573967353447263,0.8556016880105934,0.5653942075919861,0.4837522384071152,0.7780563299349008,0.5407525519435099,0.42073594596809916,1.099902808827973,0.33982751047416637,0.373777233287553
2018-09-17,987.61,140.49630042088214,0.9343719301153148,1.0,0.09251453189694225,0.5,-0.6185418943319225,0.5197373749034205,-0.32147934042786236,0.8127654574389901,0.5659555721089745,0.459989139455296,0.7293919718666898,0.5409347420856268,0.3945534581810346,1.1734525059100092,0.34198970208481744,0.4013086729068465
2018-09-18,993.49,141.60356402449895,1.423542175656979,1.0,0.09503402625431277,0.5,-0.013538343529858976,0.5174329819262257,-0.007005185462996553,0.9433840053835361,0.5664922558866743,0.5344197333771258,0.8810271468588505,0.5412650148374137,0.47686917171672,1.218538709368812,0.3440665879570625,0.4192584560261298
2018-09-19,995.54,141.9414370479138,1.474489771833226,1.0,0.08853495475439366,1.0,0.13365876129796167,0.5157876459795016,0.06893953785441176,0.9550560023675588,0.566407033947631,0.5409504375548907,0.8328280218480388,0.5413196648720294,0.4508261856828156,1.1938687371378962,0.3465821642445064,0.41377361074110774
2018-09-20,1004.74,143.0683520104616,2.096102187993701,1.0,0.09179919602008067,1.0,0.7802120364520986,0.5144164125763506,0.40135387684057744,1.0783166130579718,0.5665240330798355,0.6108922765665905,1.185953244055245,0.5412137168165797,0.6418541631858193,1.2679758222063602,0.3485885642768817,0.4420018714007137
2018-09-21,1002.97,143.28581692047848,1.9634941472892053,1.0,0.08449646564506856,1.0,0.6636313774781443,0.5135437363819709,0.3408037371704404,1.0637455699712655,0.565920148374387,0.6019950507907353,1.0824330847530925,0.5408413043998453,0.585424521483411,1.2385963193369436,0.3514226798910818,0.43527083784461884
2018-09-24,1011.29,143.95794174730344,2.190322900738604,1.0,0.08313167598679544,1.0,0.8838296268040222,0.512686819664173,0.453127800491127,1.113870301214837,0.5654006257237476,0.6297829652819681,1.1809150682304104,0.5406769049613964,0.6384935041130946,1.3255450180213622,0.3537553417479306,0.4689186308524138
2018-09-25,1010.74,144.72537439970895,2.398282421086052,1.0,0.08299081738497989,1.0,1.053407134770369,0.511853393161226,0.5391900163124583,1.1729752873183532,0.5646983205817534,0.6623771748325737,1.3246181498986678,0.5403803240066057,0.7157975850272728,1.3488980179591152,0.3565263188994644,0.480917644913747
2018-09-26,1009.61,145.7351258487811,2.5539851659737094,1.0,0.08554775133436818,1.0,1.1037617345273993,0.511125180032823,0.564160415273658,1.259910292641801,0.5635081184546974,0.7099696784282885,1.4646653237760743,0.5402286085218785,0.7912541098137952,1.35846914977472,0.35967026747644154,0.4886009624579677
2018-09-27,1015.37,146.28628056834958,2.697939630076173,1.0,0.08260318044725473,1.0,1.2318869321042192,0.5104104808497109,0.6287680013677897,1.2769059620627694,0.5623299739800265,0.7180424964216978,1.6032635056636564,0.5399571582754327,0.8656936064848559,1.3375752076561755,0.362922042082744,0.4854355258018296
2018-09-28,1017.13,146.5346980009678,2.5180496820447167,1.0,0.07691082070464794,1.0,0.9413972361114202,0.5098917754222395,0.48001070809844126,1.2497406889079734,0.561341475760485,0.7015312826295269,1.5439241353166544,0.5395379349557997,0.8330056396971663,1.3764649844319476,0.36579357798002543,0.5035020516195822
2018-10-01,1012.88,145.88810883183393,2.5122185630544602,1.0,0.08791783291721714,1.0,1.0990576528068179,0.5090774216948105,0.559505436184845,1.1017336343730604,0.560355860515082,0.617362898747525,1.4895159776132603,0.5389183210480402,0.8027274498295685,1.4421119273292033,0.36933525629937825,0.5326227782925217
2018-10-02,1018.79,145.45921105430216,2.251090143179044,1.0,0.09216704138295236,1.0,0.8957285660735688,0.5085449462750598,0.45551823551091936,0.9925185862629728,0.5593939214221609,0.5552088640540237,1.3842969507639276,0.538380778419888,0.7452788699165607,1.3298022506342995,0.3722990944415919,0.49508417369754054
2018-10-03,1020.4,145.81138788404184,2.308429046880951,1.0,0.08615439186261552,1.0,0.988608949398476,0.5079617984494433,0.5021755798996645,0.9939491196159789,0.558736441410287,0.5553555940371198,1.4290711009656871,0.5379842430459143,0.7688177345118166,1.2867538123207938,0.37464830787084935,0.48208013843234987
2018-10-04,1023.62,146.64145642711128,2.4718767214328357,1.0,0.08613118729974352,1.0,1.0983668056144649,0.5073442790006747,0.5572501150727449,1.0577703184008678,0.5582898555010197,0.5905424382132881,1.5200053220104475,0.537484949694549,0.8169799840362321,1.3456003660368334,0.37686091421343265,0.5071041841105707
2018-10-05,1008.39,145.59424645124898,2.089874289481328,1.0,0.10517797377627203,1.0,0.6709088075202744,0.5068145273317094,0.34002633016606865,0.867301127665031,0.557522852929156,0.48354019904448226,1.414973954150362,0.5371825712261893,0.7600993469085796,1.3351720505727356,0.3791334705853481,0.5062084133621971
2018-10-08,996.12,145.03028316614456,1.9990367002607061,1.0,0.10945780818706126,1.0,0.7181538145290542,0.5060746524996872,0.36343944212911594,0.7519840994448427,0.5568492242634749,0.4187417624343284,1.4584245049304556,0.53713367802511,0.7833689184552458,1.1372360528277083,0.38117554940697007,0.4334865772420158
2018-10-09,996.19,144.62126491451846,1.7293764469528363,1.0,0.10973203230608027,1.0,0.3742283497651655,0.5055491020444703,0.1891908061833634,0.663479676122565,0.5561649356948196,0.36900413140552607,1.4068671782152207,0.5371303454341685,0.7556710534147354,1.0852438237809898,0.38287290546521885,0.41551045594921154
2018-10-10,993.96,143.83860470309625,1.1789262065327792,1.0,0.1181425248949215,0.5,-0.3550602382555478,0.5047606151494161,-0.17922042427696852,0.5299362591106918,0.5557679984654509,0.2945216140402177,1.2099473985896538,0.5372189429946264,0.6500066625494317,1.076115524773871,0.3843624078437246,0.4136183542200983
2018-10-11,945.89,136.84574457419546,-0.29203836463398164,1.0,0.4016787984927354,0.0,-1.071694105411843,0.5031833613733048,-0.5392586423250879,-0.4250167074559976,0.5562455420163042,-0.2364136488048464,0.18995725293954746,0.5372079563139766,0.10204654763867141,0.9892025335954759,0.38575252882775923,0.3815873788572813
2018-10-12,970.08,139.73253928471055,-0.8729435040480693,1.0,0.35448865939636065,0.5,-0.9044789909557178,0.5021104267052678,-0.45414833209472555,-0.01640696686538975,0.5570901208073797,-0.009140159153122654,0.39207734079680145,0.5375406065216214,0.2107574915752971,-1.6095032942524514,0.38546830353874767,-0.6204125043755182
2018-10-15,951.64,138.16800062309682,-0.9747239260265839,1.0,0.32839162446511083,0.5,-0.9851345651246449,0.5022466224728578,-0.49478050801512047,-0.22063403250353045,0.5577919195498408,-0.12306788050816621,0.30103126782775924,0.5367529372928554,0.16157941722354202,-1.3453308532874473,0.38537357071678224,-0.5184549547268391
2018-10-16,963.37,139.25766842964345,-0.7433515849534865,1.0,0.2824374309719412,0.5,-1.0066733901582892,0.5025725133779013,-0.5059263758425041,-0.06033888124193866,0.5580839175559886,-0.033674159224446686,0.4550235850929363,0.5357860277638591,0.24379527919581465,-1.159833618991775,0.3858711471662593,-0.44754632908235037
2018-10-17,971.6,140.26772060550005,-0.49306049494987453,1.0,0.2459986321471251,0.0,-1.1217355210897122,0.5025635617135691,-0.5637433987794721,0.08174927982160075,0.5585781109077972,0.04566335829082265,0.6072474575970973,0.5349012334489573,0.32481741407743076,-0.7758846100937967,0.38639491573677853,-0.29979786853865587
2018-10-18,963.47,138.9778104205551,-0.7205613329037768,1.0,0.2393798543833763,0.5,-1.2740383299168179,0.5018478198569413,-0.6393733582829335,-0.08950047147198538,0.5592793059319936,-0.05005576156543818,0.2675532906444791,0.5342160709874145,0.1429312677078474,-0.44947700278903024,0.38725781226442885,-0.17406348076325243
2018-10-19,958.36,138.55096467223854,-0.7499555765011048,1.0,0.2161994869077522,0.5,-1.1896190390616415,0.5008924992001389,-0.5958712535716533,-0.13832545489813647,0.5599247423336197,-0.0774518446920198,0.1263788043406165,0.5338734145867781,0.06747028380471926,-0.371366601111663,0.3880337155005007,-0.14410276204215094
2018-10-22,953.51,136.922530232879,-0.9191908594988217,0.0,0.22446676451718095,1.0,-1.3357638947794495,0.5000475688741193,-0.6679454881742886,-0.3450099437185422,0.5603011442785614,-0.19330946625298126,-0.014498605351593044,0.5334792332815161,-0.007734704866619144,-0.12901187917571624,0.3891207579153075,-0.05020120020493278
2018-10-23,939.68,134.600935813211,-1.1711456227209236,0.0,0.24836165439871816,1.0,-1.3773049099523327,0.4991934266630943,-0.6875415575590095,-0.6350249581474549,0.5608217562615367,-0.3561358122981645,-0.10483464151005795,0.5334617875219732,-0.055925275254180756,-0.18368316406843843,0.3894912088018734,-0.07154297760956892
2018-10-24,922.73,132.70291729927075,-1.6273228386078364,0.0,0.2567022071685943,1.0,-1.4704844641222485,0.4985095344833841,-0.7330505256746306,-0.855940282922389,0.5608848683598843,-0.48008395291084627,-0.48554044671659957,0.5328542822765794,-0.2587223062514234,-0.397505161987008,0.3911044903009777,-0.15546605377093636
2018-10-25,910.17,131.45410174389707,-1.7074923856494235,0.0,0.2483092339895509,1.0,-1.2948618131119753,0.49809372537762775,-0.6449625443421734,-0.9771769582586636,0.561163669690502,-0.5483562078334342,-0.6144206182615936,0.5326191920821788,-0.32725221329712273,-0.47738313277828204,0.3915543037493698,-0.18692142017669316
2018-10-26,900.82,130.58059989766716,-1.732396732430795,0.0,0.23351103282724148,1.0,-1.4089125082822014,0.49801560061762923,-0.701660409029851,-1.0409160605209555,0.5614262108405529,-0.5843975596613556,-0.548216864160944,0.5327737226148881,-0.29207553951928655,-0.3944677210878224,0.3910667868967585,-0.15426322422030142
2018-10-29,888.82,129.63206013611747,-1.8073959754904452,0.0,0.2238112549332864,1.0,-1.4623012500042687,0.4978733278529987,-0.728040789663225,-1.111880417346698,0.561880421467691,-0.6247438375204349,-0.6750608167086385,0.5328273537643893,-0.35969086859689126,-0.2430604226448229,0.3905221536152701,-0.09492047970989399
2018-10-30,888.69,129.2414630441629,-1.7119816623516653,0.0,0.20374618135026074,1.0,-1.4833335482331698,0.4976434385055075,-0.7381712073933296,-1.1038939574364046,0.5623892688855215,-0.6208181156498046,-0.5614169002159803,0.53281166820683,-0.2991294751635839,-0.1380731276955614,0.39010388946725294,-0.05386286414494719
2018-10-31,914.76,131.885882391727,-1.2685903719265281,0.0,0.20131697371545315,0.5,-1.374456765085957,0.49741133559860556,-0.6836703752439447,-0.7047984266643336,0.5632076646501981,-0.3969478759307532,-0.4054070425729959,0.5330422838124774,-0.216099095846772,0.072324009793986,0.38890231853932106,0.02812697509494172
2018-11-01,907.96,130.41628570419883,-1.276573345156199,0.0,0.21100351531081832,0.5,-1.090948824443651,0.49665903781956033,-0.5418295934585641,-0.8663126241235932,0.5641488337205003,-0.48872925653667126,-0.49031128244668803,0.5332871482249665,-0.2614767055585203,0.03983429722357529,0.38816325315777966,0.015462210397556894
2018-11-02,924.86,132.0822923225008,-1.0108277549374534,0.0,0.19678031309242966,1.0,-0.9523596200809055,0.49635150673098516,-0.47270513237690603,-0.6098511071050843,0.5656942875793731,-0.3449892875633026,-0.3409726814912653,0.5338343835405632,-0.18202294122806242,-0.02881726958910225,0.3855463729771196,-0.011110393769182221
2018-11-05,925.53,132.84886062847897,-0.748528192561396,0.0,0.1765134342281011,0.5,-0.7086705411255462,0.4960302354982136,-0.35152201540515116,-0.4860734249271555,0.5678453955623224,-0.2760145562500934,-0.28813962867081816,0.5344621087185116,-0.15399971354477437,0.08642879908486788,0.3819108096852178,0.0330080926386229
2018-11-06,922.05,132.84874428937522,-0.5541804907383636,0.0,0.15744619158565287,0.5,-0.5529128303558953,0.495576213415894,-0.27401044681683917,-0.46605738095321186,0.5698421117927769,-0.26557912217898894,-0.2352241476206264,0.535358249106905,-0.1259291878178427,0.29434825749025745,0.3782535253465612,0.11133826607530722
2018-11-07,922.16,132.05631029868925,-0.6138193324540271,0.0,0.1598009372341747,0.5,-0.6957717936861888,0.49532931546586756,-0.34463616628703875,-0.5483834939413039,0.5716960718463979,-0.3135086893516464,-0.2744911034978837,0.5361830670308374,-0.1471774817461743,0.5112290357635696,0.37459336527082066,0.19150300493083225
2018-11-08,926.28,132.81556145083292,-0.132582547232495,0.0,0.14660913835471423,0.0,0.017694946165592366,0.49504898353266125,0.008759865112941662,-0.4195701936546677,0.57316731078233,-0.24048391958146728,-0.17415613170810476,0.5368307482257741,-0.09349236649296835,0.518142949609532,0.3717774677319573,0.19263387372899896
2018-11-09,914.29,131.14087337518592,-0.417047237942495,0.0,0.17429639633050148,0.5,-0.22968625744573118,0.4948908664664493,-0.11366963096275384,-0.6188262209421618,0.5745531917215213,-0.3555485803632864,-0.3548218868803728,0.5372456958738197,-0.1906265315283076,0.6575588229298197,0.3692407377792365,0.24279750491185295
2018-11-12,918.12,131.30585694028272,-0.40139301740778205,0.0,0.15270966266934077,0.0,0.010282427604256855,0.49493378754714235,0.005089120839354134,-0.5631875992699459,0.5759192177212141,-0.32435056160183584,-0.4386553501896673,0.5375399265023914,-0.2357947647008345,0.41913756727177304,0.3666175500701356,0.15366318805553408
2018-11-13,905.38,130.1179496058231,-0.42707465216274776,0.0,0.16622424136918326,0.5,-0.023876526358597983,0.49485098601193844,-0.01181532261109225,-0.6883037645501694,0.577014776219082,-0.39716144267266773,-0.4740113989983955,0.5377445631822082,-0.25489705269777957,0.6492957144764754,0.3647015690065382,0.23679916581879182
2018-11-14,900.93,129.93645738398624,-0.45092757487786744,0.0,0.15305599414903884,0.5,-0.11620782171647132,0.49481014791112404,-0.0575008094519567,-0.6730518027174504,0.5777815669763646,-0.3888769252303555,-0.37047109594762895,0.5380481590188192,-0.1993312911443061,0.5364525542559412,0.3630916646839577,0.19478145094875082
2018-11-15,897.15,129.58828477177474,-0.36704205670496415,0.0,0.14614396101564509,0.5,-0.05352848850200836,0.4949623008508365,-0.026494583830021602,-0.6795598017002199,0.5780161474242218,-0.39279653852312924,-0.36055133046605664,0.5382708387224294,-0.19407426705245212,0.6801135209178354,0.3621797319485981,0.2463233327006389
2018-11-16,898.19,130.40027232993035,-0.1334230179042768,0.0,0.13615010156007595,0.0,0.12422917845604711,0.49522433949361705,0.06152131284673061,-0.5316908627759879,0.5779344267376423,-0.30728245398008297,-0.3043327424759297,0.5386859856407933,-0.1639397833434119,0.7646059236656142,0.3613337250226592,0.2762779065724874
2018-11-19,916.06,131.75481287980526,0.10560993678818975,0.0,0.1335130584839253,0.0,0.22576892444205798,0.49586421233314193,0.11195072988776171,-0.31778967082271015,0.5773913564993666,-0.1834890091178118,-0.24853627693285837,0.5390529541260831,-0.1339742142881556,0.8623684471702855,0.3607766857974575,0.3111224303063954
2018-11-20,919.02,131.98261875667578,0.18710742373272693,0.0,0.11992022722173866,0.0,0.30893698906464456,0.4971349479353503,0.15358337397395597,-0.2636303100968675,0.57630291187342,-0.1519309153669174,-0.23885794322391246,0.5392796967212103,-0.1288112391812436,0.8719221610484573,0.3604291969469354,0.314266204306932
2018-11-21,922.56,132.38696363194126,0.4586935601360461,0.0,0.11035964009362957,0.0,0.5960527488788437,0.49895584180883457,0.29740400107931336,-0.18806015381396704,0.5750352651043404,-0.10814122040397758,-0.18472911743727696,0.538988847006107,-0.09956693401597365,1.0239333890050546,0.36037277174371196,0.368997713476684
2018-11-22,924.42,132.494401243253,0.5667137632165116,0.0,0.10077223109646136,0.0,0.5864381072176936,0.5005112891044086,0.2935188930234772,-0.15504232878981106,0.5736475344943063,-0.08893964965253072,-0.08589160570363513,0.5386204954366561,-0.046262979217941876,1.1313648222891701,0.3609777244418538,0.4083974990635069
2018-11-23,917.97,131.30372181592597,0.4880592405592005,0.0,0.12566992893113688,0.0,0.6386459310064122,0.502249002366528,0.320759281713413,-0.2942955997928595,0.5721780779872466,-0.1683894906495823,-0.21243700130689444,0.5382428688048185,-0.11434270102371585,1.2450425069416935,0.36145926585634325,0.4500321505190857
2018-11-26,921.03,131.22089851821767,0.5112840555398628,0.0,0.11767453632590329,0.0,0.7648199730111627,0.50345111555251,0.38504946860931044,-0.28004328073376666,0.5709599122624394,-0.15989348699743708,-0.15789715678284352,0.5384636198227626,-0.0850218746010122,1.0270226130386222,0.3613843977893447,0.3711499485290017
2018-11-27,923.12,131.0557961063242,0.5318617589080059,0.0,0.11291020736158454,0.0,0.8170989220412288,0.5046684497022846,0.4123640462399549,-0.2755599969541996,0.5696308598533261,-0.15696747800620062,-0.23662028259662646,0.5385680852512005,-0.12743613252966307,1.1168970636393318,0.3616280643516335,0.4039013232039148
2018-11-28,930.2,131.3397371757588,0.6077826591068314,0.0,0.10335172015841723,0.0,0.934196101502641,0.5051843524782704,0.47194125262533626,-0.20974878281524317,0.5687236097922623,-0.11928908491221833,-0.3131378164144334,0.5388554377801503,-0.16873601514951986,1.17120120360688,0.36190750593311927,0.4238665065432333
2018-11-29,926.79,130.83162823163275,0.5607376292568889,0.0,0.10928600910239038,0.0,0.7529969474174074,0.5053789082393945,0.3805487751934061,-0.25292279294120446,0.5676367826522782,-0.14356828044457365,-0.25457915850731433,0.5385502246250646,-0.13710366299897406,1.2668265313546854,0.3637915579603526,0.46086079750703046
2018-11-30,926.54,131.07423498396017,0.6685702643083273,1.0,0.0999135359199081,0.0,0.8184697656937417,0.5057797689272066,0.41396544896648557,-0.19232487659205788,0.5662774898092372,-0.10890924834442185,-0.1516227497063216,0.5377947876697285,-0.08154192448421163,1.214471479171168,0.36646063394935346,0.4450559881704752
2018-12-03,951.59,133.87160594856996,1.1481423116309917,1.0,0.1208679445243295,1.0,0.7959811169430742,0.5058532015631031,0.4026495963894288,0.21284477483708292,0.5649877431114669,0.12025468896827182,0.2655221079934155,0.5371055240560341,0.14261339096226633,1.3066882461770322,0.36934948846676785,0.48262463531102484
2018-12-04,958.84,134.2225292257155,1.330181977164882,1.0,0.11057586150162421,1.0,0.9503110973596781,0.505847330736446,0.48071233196861607,0.2709716070322149,0.563675823712834,0.15274014379667408,0.5900771424994604,0.5364461585859192,0.31654461636319153,1.0211557418096329,0.3723084241417071,0.38018488503640036
2018-12-05,957.14,134.21710027728705,1.4077001309759964,1.0,0.10340517459474798,1.0,1.1439325200125234,0.5058453452767174,0.5786529405590004,0.2808291788143103,0.5623867784429727,0.1579346171661655,0.46167602804893876,0.5364249775254407,0.2476545529701867,1.1313762056743142,0.37428577528573503,0.4234580202806439
2018-12-06,954.82,134.45602128645425,1.4270140210479534,1.0,0.09487575858554954,1.0,1.0145696095449548,0.5054381387968518,0.5128021751282507,0.3219166778435106,0.5612600385450061,0.18067896701472905,0.5166458622257154,0.5362170505124213,0.2770343204021199,1.2114609280539357,0.3768165756993608,0.4564985585028537
2018-12-07,958.59,135.5139996838666,1.8601947450434761,1.0,0.0959557936415269,1.0,1.3807842668369876,0.5051758639921857,0.697538884986192,0.4752411200305937,0.5599381333052752,0.26610562561983886,0.7529026462439627,0.5355230347897671,0.40319671001781343,1.2979315661341944,0.3801075012676159,0.493353524419632
2018-12-10,955.89,134.93901894708975,1.6191366600095058,1.0,0.10447906874554967,1.0,1.3868416170351494,0.5052194071948048,0.7006592996315828,0.39494567652407586,0.5577188530768273,0.22026864973865923,0.39170971589986203,0.5341802631434999,0.20924359911525386,1.269484909448219,0.3851681165210057,0.48896511152400995
2018-12-11,954.58,134.56474457743167,1.4264750280525125,1.0,0.10665865068178768,1.0,1.1963778407028567,0.5049996467539938,0.6041703869392485,0.3458135783472668,0.5561771837755582,0.1923336221165312,0.30660481136571677,0.5331618810306176,0.16346999796078324,1.1989949004632137,0.38907673490164457,0.4665010210359495
2018-12-12,961.28,135.52767477691745,1.6812990952600044,1.0,0.1047886219483856,1.0,1.25348252884651,0.504928084165408,0.632918531825279,0.48307806196515635,0.5551345323623529,0.2681733140235388,0.593074813648633,0.5326957850297452,0.3159284534379284,1.1865313706447247,0.39129078881495005,0.4642787959732582
2018-12-13,960.25,136.01887782204287,1.672427588095148,1.0,0.09845328126491601,1.0,1.2116035150888214,0.5050701572651116,0.611944777908873,0.5462718917494852,0.5542988870642918,0.3027979016312449,0.5516414198440996,0.5324652156804537,0.29372986759556025,1.181738805825898,0.39260371130422467,0.46395504095947004
2018-12-14,952.04,135.17911370190222,1.748681813678596,1.0,0.11327183820889758,1.0,1.3039523165398323,0.5054285032352611,0.6590546676388789,0.4188982729618649,0.5526119286944198,0.23148818254821768,0.6948192969150151,0.5312347213147888,0.36911213556078554,1.2343820468803202,0.3961713710650942,0.48902682793071384
2018-12-17,933.65,133.2129446863931,0.8033644062278007,1.0,0.15791754748376435,1.0,0.3750074335321999,0.5056381013940645,0.1896180466998824,0.14139052683218956,0.5514871803956437,0.07797506297733882,0.18573569313901098,0.5305405873528294,0.09854032373035576,1.097480696549483,0.3983951373312468,0.4372309728202237
2018-12-18,927.25,131.93500858109857,0.36328175912503846,1.0,0.17215940614092873,0.5,0.10357750063659216,0.5052026279754382,0.052327625520733986,-0.026775046596830353,0.5507376284383944,-0.01474602566406585,0.10086345140232549,0.529852687657554,0.053442770811939246,0.6791287957615497,0.4008921284969691,0.27225738845643105
2018-12-19,919.24,131.1632322277956,0.2103633806496082,1.0,0.17115950458734455,0.5,0.10269107322707524,0.5046064267635944,0.05181857552163305,-0.11482910829214707,0.5500951413256673,-0.063166934554269,0.017087092618958577,0.5290316361806414,0.009039612565777818,0.5269374604440791,0.40360031897758014,0.21267212711646633
2018-12-20,918.24,131.67853963544044,0.3313438828970504,1.0,0.15350472238910784,0.5,0.08125584212711402,0.5040970058585481,0.04096082672479306,-0.016026794500649817,0.5500270456535443,-0.00881517043048889,0.16889088026223975,0.5284392586586991,0.08924857155999309,0.5182624570305927,0.40510295931074924,0.20994965504275312
2018-12-21,912.26,131.73898980740114,0.4303955779590104,1.0,0.13745636005613815,1.0,0.015929966364384332,0.5035618383747128,0.008021723147696714,0.01394192360326094,0.5499230919016296,0.007666985734961564,0.27271334011945736,0.5278858094631376,0.1439615023003557,0.6658299802531518,0.4066283808263751,0.2707453667759964
2018-12-24,908.56,131.07260069639355,0.202829657434249,1.0,0.140879184778013,0.0,-0.38533053131417616,0.5029707868457681,-0.1938100005307891,-0.06262286516747023,0.549920675988095,-0.03443760834520656,0.18637821056537549,0.5273903627754744,0.09829407208351712,0.8156376290192362,0.4080037290909234,0.33278319422672753
2018-12-25,897.94,128.95789728593772,-0.14415091403862956,1.0,0.18398201778295784,0.0,-0.6994754589151292,0.5023702506948406,-0.3513956616500822,-0.3450638810961069,0.5500554284437157,-0.18980426095677044,0.14644549747690694,0.5273605345256671,0.07722957582829888,0.7827199508986322,0.40860007768135087,0.31981943273992425
2018-12-26,891.75,128.3190267974534,-0.4031030039531289,1.0,0.1778186138254937,0.0,-0.7288001549438223,0.5018919218978061,-0.3657789104441738,-0.4023842622058434,0.5508439873343403,-0.22165095143405344,0.05838417838309557,0.5272753090389214,0.03078453569993023,0.37611221122217103,0.4082354085931817,0.15354232222516806
2018-12-27,900.81,129.66989568988538,-0.1876205729836277,1.0,0.1673898371172414,0.0,-0.8504558933795822,0.5015604726206593,-0.4265550598264882,-0.16884536957718255,0.5515681308082283,-0.09312972489331107,0.305954883314421,0.5270905664964711,0.16126593276855988,0.41872232065804965,0.4079034494726505,0.1707982789676117
2018-12-28,892.54,129.2586201944,-0.2671373210768594,1.0,0.15918985421945128,0.0,-0.9793992166692442,0.5007462819570104,-0.4904305162987325,-0.20070101096024454,0.5522332894464451,-0.11083377947780287,0.26514198969614544,0.5269368768797403,0.13971309198016718,0.47626851447278173,0.4082022573646727,0.1944138827195088
2019-01-02,891.75,127.71333523654008,-0.39683930432476255,1.0,0.18143286489317606,0.0,-0.9990967348630808,0.4998893672900071,-0.49943783465221747,-0.39484197857016484,0.5528707289515618,-0.21829657251276396,0.17738243253258856,0.526932010449424,0.0934684817928062,0.5568777882587382,0.40839592787231976,0.22742662104741262
2019-01-03,878.22,125.40258766260612,-0.7820868239016914,1.0,0.22086202030459842,0.0,-1.1331507136234082,0.49932514873132755,-0.5658106486150183,-0.6903762303615245,0.5534270837446612,-0.38207290385561093,0.04322681846758508,0.5269004882647319,0.02277623175670151,0.35022001798937075,0.40837327812762864,0.14302049681223641
2019-01-04,880.9,125.45023136701612,-0.7954810776154168,1.0,0.19198689374072556,0.5,-1.0330052665722034,0.4991765107431298,-0.5156519645467892,-0.6288492067827057,0.5537275554746894,-0.3482111340339851,0.15257966229583686,0.52678063137623,0.08037601083937289,-0.029375268624857714,0.4083023044720658,-0.011993989874015376
2019-01-07,889.64,126.58812431837276,-0.5409513133104505,1.0,0.17684245532919254,0.0,-1.0988882794877388,0.4993111298739207,-0.5486871484362316,-0.41023110483641634,0.5539249814860164,-0.22723725715149998,0.26302721182274724,0.5262907593098713,0.13842879102935202,0.23633764019595785,0.4085015876771891,0.09654430124792904
2019-01-08,887.44,126.48882856568027,-0.499718537062088,1.0,0.15990526430660107,0.0,-1.1613489072660996,0.49873973939982413,-0.5792108513621651,-0.3812009112023254,0.5542770883559122,-0.21129093113984554,0.2769756034908193,0.5259933783219517,0.14568733339289738,0.354667054259456,0.409104568085652,0.14509591204702524
2019-01-09,896.99,127.51103123310938,-0.10803759421093712,1.0,0.1497286216566993,0.0,-0.8033714589801396,0.4977052783625191,-0.3998422156202135,-0.186127772164819,0.5545749510146623,-0.1032218001307727,0.34082567042324113,0.5256173562167605,0.17914388781866897,0.5259759888896158,0.4104418039635768,0.21588253372138017
2019-01-10,898.3,127.7346365951602,0.29844649889833935,1.0,0.13319139788716336,0.0,-0.1508996261144874,0.4966721346473113,-0.07494763941976362,-0.11598625245957427,0.5545096277818927,-0.06431549367917516,0.35374392424239964,0.5253419883565943,0.1858365365305667,0.6111486876189637,0.4121306329692197,0.25187309546671144
2019-01-11,902.71,128.27359244864545,0.5289711979023166,1.0,0.12346734144345067,1.0,0.015325754230293979,0.4957878751815522,0.0075983231253921365,0.0017837727738624642,0.5541492438271658,0.0009884763337953705,0.3722956233454003,0.5245933113427185,0.19530379384916502,0.784033022082849,0.4146261642530826,0.32508060459396404
2019-01-14,901.8,127.91598226974355,0.42692015845279785,1.0,0.12233676965649,0.0,-0.22723321479719527,0.4937751098662561,-0.11220210560174768,-0.02092062560773438,0.5525680322105248,-0.0115600689246789,0.3371852436240161,0.5233167991910888,0.17645470242778757,0.8895211635441843,0.42070683181991336,0.3742276305514368
2019-01-15,909.68,128.7501717767415,0.6041371909177161,1.0,0.11700545577145359,0.5,-0.04732995234084407,0.4915718081430807,-0.023266070251514556,0.1449974556738511,0.5511501694344464,0.07991537226220667,0.300072891405916,0.5219677925184654,0.15662838472177915,0.9158359488773989,0.4267789495098411,0.39085950418524484
2019-01-16,908.7,128.61418196239936,0.8093068203287141,1.0,0.1120569832382838,1.0,0.2916274371327097,0.4896361781482421,0.14279134376082672,0.15175720642208573,0.549928795822364,0.08345565778506353,0.3199644788192177,0.520644332922537,0.1665876926337388,0.9636939024814937,0.43216225097686856,0.41647212614908513
2019-01-17,901.89,127.72559903975838,0.8820224625761015,1.0,0.1256361391031158,1.0,0.6662496351184632,0.4879343292606052,0.3250860688316503,0.03872379213274915,0.5487747194424764,0.02125063816339819,0.16855723062990124,0.5201474943221468,0.08767462116202335,1.0272324515351863,0.4361341327851185,0.44801113441902973
2019-01-18,902.3,127.86500065501167,0.852668501763091,1.0,0.11375906656999352,1.0,0.5662849182017167,0.48596631078765096,0.27519539255317493,0.09683067351289495,0.5470580142086761,0.05297199596645296,0.24481594410883042,0.5189160123865273,0.12703891348559723,0.8994050738420575,0.44191678623736924,0.3974621997578658
2019-01-21,911.05,128.31189496662932,0.9007277651917269,1.0,0.10642709478654021,1.0,0.4050756550520665,0.4839653427997818,0.19604257825711954,0.1999807030249215,0.5451931406053511,0.10902810754262297,0.25874932398287875,0.5176599515286869,0.13394416251105754,1.0309529911337787,0.44785060119294423,0.4617129168809269
2019-01-22,906.55,127.80710021272792,1.0096877520892842,1.0,0.11162063922180022,1.0,0.609471533563772,0.48351129763543066,0.29468637206527537,0.1417942113138456,0.5446543876107105,0.07722883932988625,0.2739996017839408,0.517484748810985,0.14179061510347252,1.104152319687113,0.4491970145307471,0.49598192559065024
2019-01-23,908.18,128.1498793956354,1.111401651592795,1.0,0.10372554967051534,1.0,0.6757695119250903,0.4813278028918026,0.3252666544361695,0.22939184113693958,0.5420363035689817,0.12433870563874981,0.3510398970157308,0.516551412765708,0.1813301547406044,1.0542653700035896,0.4557354822113101,0.4804661367772712
2019-01-24,908.79,128.1305778028839,1.1951743473168248,1.0,0.09838138199411883,1.0,0.7164765349130746,0.47931830546955645,0.3434203186232344,0.2540060666364145,0.5389218233778016,0.13688941258071988,0.367830183168092,0.5148024544140696,0.18935988110251056,1.1338716039808372,0.46346053042108026,0.5255047350103599
2019-01-25,908.88,128.08508415454162,1.2254098460611194,1.0,0.09441865159232612,1.0,0.6584911856536291,0.4771711289158328,0.31421298243946744,0.2877162843196196,0.5366658612306885,0.1544075075144823,0.3884155275812734,0.5138541578715843,0.19958893382952236,1.187277195209386,0.46930946246245425,0.5572004222776472
2019-01-28,912.18,128.17759876411657,1.2878658101372422,1.0,0.08808786546672898,1.0,0.6406601397273433,0.4737495119708339,0.30351242853499516,0.34881373338374616,0.5343821886231469,0.18639984626741712,0.4096754247648311,0.5110683419950817,0.20937214009069305,1.2304744805532613,0.47833693794241994,0.5885813952441368
2019-01-29,915.93,128.39037939141525,1.3816552533818909,1.0,0.0825769481503019,1.0,0.5804824368841446,0.4690220532770758,0.27225906443868203,0.42144807114548327,0.5315928435500493,0.22403877854891094,0.4935246869911477,0.507535746537969,0.2504814204469696,1.296381359597289,0.48972934179225464,0.6348759899473285
2019-01-30,915.84,128.10800300606314,1.2565440466906024,1.0,0.0863490257486507,1.0,0.30499213162725525,0.465983335408444,0.1421212507689996,0.39967463239166257,0.5310443787016762,0.21224496684125127,0.4403283053353779,0.5058679296502155,0.22274796818639558,1.3727983932949765,0.4949232634685677,0.6794298608939561
2019-01-31,910.65,128.1184097139324,1.4943406841171467,1.0,0.0829376057005488,1.0,0.6361962094975221,0.46257210415964567,0.2942866192856595,0.43441070884118016,0.5311348016492277,0.23073064567466062,0.5935585616568695,0.5038250580160454,0.29904967676269273,1.3403245219986129,0.5000831749274133,0.6702737423941338
2019-02-01,908.67,128.29221994048973,1.4747756409853958,1.0,0.077804642853028,1.0,0.37202543798551135,0.45967442105999284,0.1710105778255802,0.5035640719029745,0.5315726410995377,0.26768088366430165,0.6771037815095899,0.501834106761595,0.33979377137876327,1.3807773398937533,0.5042742142410362,0.6962904081167507
2019-02-11,926.1,130.22161335126407,1.9575472015568915,1.0,0.09032792992894191,1.0,0.617896161616,0.45637793045328934,0.28199417147334127,0.9232950979749083,0.5323417597902463,0.4915085372616706,0.9002499261492269,0.49933010588775534,0.44952189094953743,1.443293126927743,0.5089212912943605,0.7345226018723422
2019-02-12,937.54,131.80142828891638,2.295936065394481,1.0,0.09693465671466443,1.0,0.8464563577664175,0.4539130716709167,0.38421760538913097,1.2501324414720287,0.5329446994167096,0.6662514582513877,1.262257553849022,0.4970860939813354,0.6274506770412455,1.2054678546808575,0.5126775652398745,0.6180163247127168
2019-02-13,945.25,133.2797526377717,2.5946386895070126,1.0,0.10131645354062117,1.0,1.0807681360934753,0.4522184202528508,0.4887432591638095,1.5391149715938994,0.5338483062368187,0.8216539206891325,1.4783523573071888,0.4955967782208356,0.7326666653566204,1.0716995462343823,0.5146730221502024,0.5515748442974501
2019-02-14,952.34,133.64225794424462,2.581018815142343,1.0,0.0950525038985517,1.0,1.1394006662318876,0.45093672323714956,0.5137976028848326,1.5669906315608695,0.5345612489494985,0.8376524690993419,1.4700077771230928,0.49422758222566043,0.7265183895404637,0.9742025557447499,0.5163714164485406,0.5030503536177048
2019-02-15,950.89,133.73504296357842,2.8265522504368086,1.0,0.08870492135692691,1.0,1.3094770670245568,0.4502949146955062,0.5896508641915444,1.539134836277303,0.5353618069119384,0.8239940070305273,1.7434030157814955,0.49431975244604465,0.8617985471747965,1.0680118771495668,0.5160137671041662,0.55110883203994
2019-02-18,961.3,134.6699061669256,2.9899833024684606,1.0,0.08925299559568224,1.0,1.325763564425326,0.4493793275588223,0.5957707390834405,1.676049898617304,0.5360779456271297,0.8984933864193234,1.7987092502337498,0.4950070512025076,0.8903737619288818,1.1744947094228606,0.5154092310337246,0.6053454150368144
2019-02-19,964.35,133.5619723157565,2.766627704207423,1.0,0.11202377701398883,1.0,1.2664342320948774,0.44828978905681427,0.5677295347601411,1.400899932663677,0.5371163946498337,0.7524463210975091,1.7119550653225786,0.49540594884346306,0.8481127235135049,1.1620641317055338,0.5148933768036539,0.5983391248362683
2019-02-20,970.58,133.33256052898085,2.5265382971836785,1.0,0.10975007355449477,1.0,1.403689554110678,0.4470452931491143,0.6275128082077576,1.3152828054527357,0.5381020297219623,0.7077563472725139,1.4866846933310776,0.4958615621062745,0.7371897943946358,0.8825513719568895,0.5145075535964967,0.45407934730877103
2019-02-21,987.57,133.72911138974914,2.589315221036653,1.0,0.10247181633808944,1.0,1.222650732829669,0.4458706676000878,0.5451440984885011,1.3580771112996097,0.5392295930900424,0.7323153681109887,1.6875247880691588,0.4964084269140792,0.8377015254239261,0.9228048702717906,0.5138185160136682,0.47415422901323706
2019-02-22,988.91,134.19436234145977,2.6503674566929583,1.0,0.09688232068593022,1.0,1.2519743492374056,0.4445854540574176,0.5566095845239519,1.4142945967047782,0.5405073934944826,0.7644366860982301,1.6106332956936995,0.49673952334877136,0.8000652155925491,1.031146743482574,0.5132693031553675,0.5292559704782273
2019-02-25,994.43,135.53951617431892,2.901250897023735,1.0,0.0998126006763414,1.0,1.2907143122055909,0.44316550769441726,0.5720000634570412,1.6402055103839857,0.5412627783362118,0.8877821915928005,1.749767663086937,0.49738141855120654,0.8703019224012104,1.1132127151976177,0.5130795864753388,0.5711667195726827
2019-02-26,987.06,135.90335615479609,2.752348992179426,1.0,0.09373565506510638,1.0,1.1268282338138795,0.44194873604196383,0.49800031367044256,1.6568958292079694,0.5418157806319222,0.8977323071280919,1.676609786747689,0.4978751487490422,0.8347423469711056,1.0171662887387565,0.5130665754336867,0.5218740244097864
2019-02-27,990.27,136.67969952257414,2.8644086224334804,1.0,0.09202313207034588,1.0,0.9091195797271083,0.44097151343292323,0.4008958369637661,1.7542918201894808,0.5418457588073673,0.9505555824801267,1.886931490258272,0.4987294056437972,0.9410682206270724,1.1146932158826413,0.5130460778032808,0.5718889823625148
2019-02-28,965.47,135.27347174081174,2.438530942003354,1.0,0.12193298652712083,1.0,0.8189861978420053,0.43985501558647866,0.36023518681690614,1.4306137149699825,0.5421439760472122,0.7755986076214995,1.4562937238222453,0.4991218294449121,0.7268679876433027,1.1218009657878232,0.513307776943524,0.5758291599216457
2019-03-01,979.63,136.9045693716867,2.4898604755378835,1.0,0.12309880823592666,1.0,0.8086068428619102,0.43965706514140185,0.35550971138592213,1.6977746094872685,0.5418415510815454,0.9199248277914467,1.7337026730213756,0.49878929588822885,0.8647523355558722,0.6801409955509088,0.5141192827546144,0.3496736008046426
2019-03-04,993.99,138.51431496097612,2.8056473310502756,1.0,0.12370537893662317,1.0,0.8846285440368284,0.44006378971204013,0.3892929895762911,1.9373110034761838,0.5418702136927687,1.0497711274429917,2.140136963443757,0.4985542312350394,1.0669743385473938,0.5829317161548364,0.5139690759320735,0.29960887548359905
2019-03-05,992.45,138.88012618986374,2.908810318078836,1.0,0.11382718514561646,1.0,1.0059016881042355,0.4403558545627415,0.4429546974712449,1.9258382327847474,0.5425992451542134,1.0449583713981283,2.3258810574537874,0.4986484829610893,1.1597970608472654,0.509108981113503,0.5128571642777342,0.26110018836219767
2019-03-06,994.49,139.4879224417269,3.057507699270541,1.0,0.10746825358995347,1.0,0.9084750932740915,0.44166383726251945,0.40124059575286053,1.9595772831041778,0.5427859499587628,1.0636310171273127,2.5008693533958692,0.4987142090579057,1.247219081535977,0.675342905536695,0.5114690655999229,0.34541700485439036
2019-03-07,994.03,139.4666609949421,2.8304024857394205,1.0,0.10154901719299589,1.0,0.7369723833063649,0.4431132468070433,0.3265622255740082,1.8731942456756956,0.5427255172567202,1.0166303159066539,2.19072764960255,0.49849998582235605,1.0920777022675145,0.774029310323265,0.5104874411360748,0.39513224199124436
2019-03-08,985.25,138.41630966440098,2.3458450738672334,1.0,0.11928645797924442,1.0,0.3204375372800197,0.4447087159647167,0.1425013657506936,1.6179767641457732,0.5423642640215237,0.8775327768898488,1.7618751760073543,0.49865234166976397,0.8785631822458948,0.878103270154731,0.5093338838175452,0.4472477489807963
2019-03-11,984.6,138.75941269619616,2.2743275156127414,1.0,0.1099477298116526,1.0,0.16707542494235353,0.4465549531438179,0.07460835855661614,1.6242358055538628,0.5414687641528192,0.8794729543260088,2.0137792834583372,0.498289019274363,1.0034441041894844,0.6223681846314469,0.5090268210420099,0.3168020985406321
2019-03-12,1001.32,140.28383946648424,2.740366997038456,1.0,0.11188922298567319,1.0,0.448872703850405,0.44738161325505194,0.20081739439475135,1.8329882756799216,0.5412885977738241,0.9921756534786444,2.3188478178394236,0.49826141791065975,1.1553924016357104,0.7708292036758837,0.5085193265383461,0.39198154752935
2019-03-13,1005.41,140.95775698742398,2.684136340682814,1.0,0.10632062767293145,1.0,0.33894819392065384,0.44839828148287986,0.15198378766574708,1.8763689357395958,0.5410031589423656,1.015121521576446,2.3483826087306534,0.498471255869028,1.170601228234953,0.6823227002980237,0.5077213509888425,0.3464298032056677
2019-03-14,1008.44,141.56128185058026,2.8295614920440353,1.0,0.10104096086031251,1.0,0.5082178958962943,0.44911055695931484,0.22824602228267582,1.9004831095305044,0.5408608308525853,1.0278968736419734,2.3762515583349826,0.49872924348273023,1.1851061420130646,0.7659180523456962,0.5069895570643331,0.38831245410632126
2019-03-15,1004.12,141.15801580111847,2.652315052874086,1.0,0.10385814048538775,1.0,0.23179330615309818,0.4500417189885785,0.10431665795118615,1.757123775976883,0.5406279628415628,0.9499502474668567,2.3413489734246418,0.49892835064910845,1.1681653816047397,0.8492086408946338,0.5062157226737894,0.4298827658513036
2019-03-18,1011.86,141.58613729572912,2.558897252790948,1.0,0.09755698564999496,1.0,0.22316728721402693,0.4503260205276358,0.1004980363630407,1.764026366516725,0.5405152838906823,0.9534832122884364,2.1805363392408537,0.49903043851800505,1.0881540055758085,0.823668744853003,0.505982533837727,0.4167619985636627
2019-03-19,1006.59,140.78244042869693,2.3666796359561384,1.0,0.1098330582283265,1.0,0.08200444007354751,0.45018864927651014,0.036917468111386874,1.5684688290270064,0.5404511091803746,0.8476807183624889,2.0282578673094602,0.49954566707860554,1.0132074293325342,0.9272427232835683,0.5056648150220513,0.4688740201497286
2019-03-20,1002.3,140.743444491338,2.223817812795339,1.0,0.10388445321720624,1.0,0.11862607804422394,0.45001039374144,0.053382968088684,1.5102261654239462,0.5403016960067966,0.8159777585323991,1.9429597934971528,0.4999519496255786,0.9713865368030131,0.7576829079908602,0.5055816164403482,0.3830705493712427
2019-03-21,981.78,138.52560498964866,1.805763697321366,1.0,0.1528431973701876,0.5,-0.13516775395252023,0.44973952554135715,-0.060790281531097355,1.1006648359619868,0.5402556166737917,0.594640359703801,1.6757337002819346,0.5004596458997547,0.8386370942653826,0.8573459453042478,0.5053695386983164,0.43327652488327967
2019-03-22,988.71,138.44220958652053,1.466407632401384,1.0,0.14052800844267438,0.5,-0.02159706772465484,0.4493207751792605,-0.009704011211640901,1.062796181070557,0.540204531016005,0.5741273125608214,1.664051476140242,0.5008691046672502,0.8334719729745791,0.13556307965186998,0.5053909829546956,0.06851235807762426
2019-03-25,970.07,135.67402578021884,0.7379827380872725,1.0,0.19535220452473628,0.5,-0.5005231892902404,0.44933808264720615,-0.22490413019614125,0.5877396495830128,0.5404669900493962,0.31765387934281786,0.9671778864459096,0.5009613631828178,0.48451875243421944,0.31824387104036755,0.5050033987488507,0.16071423650637656
2019-03-26,969.79,136.29904435188485,0.4842933819673526,1.0,0.1747624329766582,0.0,-0.6737610128196698,0.44887292851916266,-0.3024330789464023,0.6939492678821855,0.5405460183447054,0.3751115136869387,1.3443298081137953,0.5012303367624652,0.6738188824406979,-0.5191482903782214,0.5050655854473777,-0.26220393521388163
2019-03-27,975.91,137.32330518278215,0.7188077582750932,1.0,0.16121355980583768,0.0,-0.7941046983714121,0.44909375736941204,-0.35662746273632107,0.8570003475280711,0.5410090473511676,0.4636449415957813,1.4628670485803428,0.5011025879107649,0.7330464638129924,-0.2403492474043034,0.5044999545739721,-0.12125618439735945
2019-03-28,982.98,137.6531359733906,0.7847455446547691,1.0,0.14463038850658355,0.0,-0.9387628526025295,0.4485513354486132,-0.4210833312044142,0.8969829804131584,0.5413928949751147,0.4856202125092864,1.5173244731534694,0.5007630477086178,0.7598200275392042,-0.0784526812479843,0.5049077171001718,-0.039611364189307205
2019-03-29,980.76,137.4285612777386,0.832810157579378,1.0,0.13655707637609726,0.5,-0.8417988951695734,0.4481180491412282,-0.3772252786726305,0.8429165157073901,0.5418040802347144,0.45669560750749266,1.32218161574769,0.5005628078438565,0.6618349420581907,0.18117988324959589,0.505049926322487,0.0915048866863252
2019-04-01,988.53,137.79238911932111,0.8416620353338511,1.0,0.12454529542026486,0.5,-0.8823926466518185,0.4470821076456133,-0.3945019642360859,0.887356773994688,0.5421980461512177,0.4811231090989675,1.1894669048935973,0.5005173208318203,0.5953487884554609,0.3158529485621037,0.5055900308751103,0.15969210201550865
2019-04-02,985.81,137.88548772424855,0.8470654251621315,1.0,0.11367108444753345,0.5,-0.9451281973340765,0.44550652272682634,-0.42106077672537817,0.8840553540400322,0.542512298658756,0.4796109022618383,1.0584334067875831,0.5006604563326481,0.5299157524399908,0.5105605955221592,0.5065011860564883,0.2585995471856806
2019-04-03,984.46,138.0694805820622,0.9897829375275173,1.0,0.10397521017936293,0.5,-0.9891163851248637,0.4435678318865824,-0.4387402104333296,0.897508808379502,0.5428014565013629,0.4871690884111963,1.1791953504949437,0.5009250709908035,0.5906885146587051,0.6907896215301298,0.5076300134825502,0.35066554489094554
2019-04-04,986.91,138.58650637532634,1.2120557684923623,1.0,0.0984538598648781,0.5,-0.9110482902510988,0.44136687641317307,-0.40210653812968933,0.9660228756629018,0.5431361016308811,0.5246818987738019,1.3006233455729355,0.5017633114031299,0.6526050767628935,0.8593782316350016,0.5083621099573157,0.4368753310853562
2019-04-05,989.26,138.92988787849242,1.3927853999885196,1.0,0.0923496088610282,0.5,-0.7227370053504123,0.43926660749674273,-0.3174742324526308,1.0022721132342147,0.5435709849165399,0.5448060397451039,1.361869751024825,0.5025033680132319,0.6843441366853161,0.9452329518132508,0.5089850656262169,0.48110945601073024
2019-04-08,997.56,139.75782682456565,1.8145973530079802,1.0,0.09113366888319864,0.5,-0.309086761886165,0.4381180828998045,-0.13541649956727497,1.1161840422715774,0.5438069436584375,0.6069886325880267,1.6075625195407146,0.5028879004494824,0.80842374029311,1.0495902714818721,0.5093430210050798,0.5346014796941185
2019-04-09,988.48,138.69707552949723,1.5447079822272805,1.0,0.11120071401832642,0.5,-0.611703938018694,0.43697392834228665,-0.26729867277847535,0.9208252210319542,0.5439502382226168,0.5008830983417253,1.5383704989222153,0.5033806934170413,0.7743860084797846,1.0530749629272171,0.509685983505186,0.536737548184246
2019-04-10,981.91,137.70666829648542,1.0702975544019764,1.0,0.12570919892538837,0.5,-0.9381112395479605,0.4352358077312743,-0.40829960308644353,0.7481266821750154,0.5444072214394892,0.40728556832764395,1.3487891281794488,0.5038658818578478,0.6796088235104156,0.7677351539723271,0.5102055879865041,0.39170276565036033
2019-04-11,985.95,138.0431685077969,1.02587308399972,1.0,0.11528695830556723,0.5,-0.7184734050905275,0.43359891619448965,-0.31152928976181726,0.7997159210166355,0.5448425253582148,0.4357192419758743,1.2238984974958411,0.5042607713410252,0.6171640003903747,0.5570677260320384,0.5107442382668654,0.28451913139528834
2019-04-12,982.9,137.84420156586037,1.1173968349733354,1.0,0.11169711211292223,0.5,-0.7187798043949629,0.43255657799059255,-0.31091293251783264,0.7567917444149664,0.5450984112127889,0.4125259774995532,1.2852534634987756,0.5045152388702496,0.6484299581459004,0.7187463028713427,0.5111036124682113,0.3673538318457144
2019-04-16,977.17,137.0927271008058,1.170236179441114,1.0,0.12066370193942759,0.5,-0.41055000242500245,0.43141997769226054,-0.17711947288775207,0.620202773278558,0.5453006248739345,0.3381969598173448,1.21529002725832,0.5048900543858823,0.6135878479570736,0.7733873260070535,0.5114783126803398,0.39557084455444763
2019-04-17,972.1,135.82700313803932,0.9483361240679242,1.0,0.14017480130231996,0.5,-0.48420594336636735,0.4304569877161025,-0.20842983181572022,0.4063675661424404,0.5455393089737526,0.22168948122269264,1.2104189118678303,0.5049549414664571,0.611207010792113,0.6325935625285463,0.5119708499313473,0.32386946386883875
2019-04-18,962.3,134.29874239860996,0.4336921776905019,1.0,0.1622795777008483,0.5,-0.6971728901674059,0.42999688673291253,-0.29978217228657134,0.15745521669441695,0.5458911805611556,0.08595341412682785,0.9489184122515829,0.5047555787939363,0.47897186240427075,0.3290823750913878,0.5121789746386987,0.16854907344597464
2019-04-19,966.21,134.7535145183406,0.2690794674878968,1.0,0.1459216995882588,0.0,-0.695894907272604,0.42966656956306315,-0.29900277758422567,0.2459331518113269,0.5462510822998154,0.13434125035034214,0.8827365230079152,0.5044881322510258,0.4453300997620278,-0.022620128839819537,0.5123359430140154,-0.01158910504024747
2019-04-22,965.86,133.9625776452126,0.230988548971534,1.0,0.14936835698657616,0.5,-0.8142490461752793,0.42910394256517637,-0.34939747594374665,0.12627313192016087,0.5467600875200432,0.06904110866009712,0.8181038648081851,0.5042415794571409,0.4125219849508705,0.19282251824334495,0.512507212355753,0.09882293130431305
2019-04-23,968.0,134.54296461977023,0.31417243980014564,1.0,0.13660388523190373,0.5,-0.8336489413353115,0.42826841637253626,-0.35702551191631526,0.23674298996197052,0.547236569573152,0.1295544216972799,0.9442521213426722,0.5040368238805897,0.47593784018406965,0.12810653804704272,0.5128988015504972,0.06570568983511138
2019-04-24,976.92,135.56060810142333,0.6256030737877728,1.0,0.13018820699407274,0.5,-0.45178399015978166,0.4272034606822184,-0.19300368407708005,0.4107705239831745,0.5477368249270732,0.22499414258017417,0.875430748402517,0.5037458735117493,0.4409946270530703,0.2971890590652093,0.5135383809607906,0.15261798823160838
2019-04-25,974.13,134.85519881862288,0.5448329851595307,1.0,0.13477895030663425,0.5,-0.559201038324316,0.42545674086591284,-0.2379158512542979,0.29321565869008565,0.5481991746375309,0.1607405820847049,0.8713071204805596,0.5035537616971408,0.4387499781114897,0.3560609876679007,0.5146822667035896,0.183258276217634
2019-04-26,979.64,135.7211578677695,0.48038751071450186,1.0,0.12728165804571695,0.5,-0.7332422210099893,0.42368103450850286,-0.3106608227428245,0.4375417341097694,0.5491982965722565,0.2402971750523565,0.8008606359981587,0.5035798178907316,0.40329725323180826,0.28628697254748126,0.5150562872668127,0.14745390517316165
2019-05-02,978.5,135.3054123764407,0.5283805489668558,1.0,0.12602459018190448,0.5,-0.698629545553219,0.42104180296876687,-0.29415224346697755,0.36049858625738596,0.5501886603713817,0.19834223423872818,0.8605039156007177,0.5036796514147733,0.433418312250817,0.3696671142429454,0.516064963839095,0.1907722459442882
2019-05-03,974.14,135.14234567431402,0.5381267721777089,1.0,0.11968239510176862,0.5,-0.7294419996783207,0.418453882352682,-0.3052378367164971,0.3260369150644047,0.5515781672670288,0.17983484407262026,0.9189845516312862,0.5041346031589174,0.4632919122458142,0.3878756715318582,0.5162423613343973,0.20023785257577154
2019-05-06,957.97,132.6329160521074,0.1105048340954139,1.0,0.17620072323885794,0.0,-0.8959814862476022,0.4158263388270737,-0.3725727010831805,-0.11402814056974914,0.5530618908709741,-0.0630646190360067,0.5845778915870157,0.5043814767175991,0.29485026021511956,0.48649363467685425,0.5165368590411223,0.25129189399948154
2019-05-07,957.56,132.69488373810356,-0.16802330549400307,1.0,0.15586860956077525,0.5,-0.5489335517419486,0.41288932286045377,-0.226648802474117,-0.09563195523884047,0.5546148751858694,-0.053038904918570155,0.6459154426800758,0.505079540325805,0.3262386748781916,-0.41540234499337025,0.5165456468064282,-0.21457427297950749
2019-05-08,951.22,132.32080380521597,-0.1509982775577478,1.0,0.14842202619013256,0.5,-0.7822678799109157,0.41031704308524364,-0.3209778433856094,-0.1561571047201625,0.5563361823874162,-0.08687584749268717,0.6405443753813118,0.5055384903559985,0.32381983653629437,-0.12970179361602727,0.5162952750984221,-0.06696442321574557
2019-05-09,947.01,132.2756353315718,-0.06459468328547296,1.0,0.13559249068372745,0.5,-0.6149049028914508,0.4068179889502645,-0.2501543759899577,-0.15456622065677397,0.5582822553857053,-0.08629157827470836,0.5693457758229468,0.5060322745121725,0.28810733792358323,-0.031474739047263,0.5164798005149382,-0.01625606694439013
2019-05-10,952.55,133.0860171202852,0.15559419084762377,1.0,0.12758064944343228,0.5,-0.64144296851223,0.403351309331911,-0.25872686121115573,0.009279987910757943,0.559913676379083,0.005195992147865925,0.6324478388352098,0.5066512185573746,0.3204304682198371,0.1716140844150944,0.5168258304286084,0.08869459169107646
2019-05-13,958.54,133.5714891350763,0.39171136507548987,1.0,0.11798214134647521,0.5,-0.49952428876495436,0.4002955150604982,-0.19995733245639644,0.10761705679504022,0.56128625645603,0.06040397493930409,0.7621814421932446,0.5069748230895692,0.3864068018180729,0.2799753991108498,0.5173951755566788,0.14485792077450935
2019-05-14,965.34,134.1228497942186,0.8197837276480392,1.0,0.11065421281670798,1.0,0.13083573938798052,0.39765951349619105,0.05202807647293877,0.2153361639670419,0.5625298207765159,0.12113301372308252,0.8244663799323277,0.5072432327277108,0.4182049918321869,0.4411190371682231,0.5178140736934976,0.228417645619831
2019-05-15,975.64,135.74724284904167,1.1834379378798334,1.0,0.11493636943933079,1.0,0.20435465284970825,0.3952115354620929,0.08076331613155616,0.5184377910387675,0.5634897744983476,0.29213439396385654,1.0191377594806394,0.5075310745430325,0.5172440821765876,0.565813191186649,0.518362155878196,0.29329614560783324
2019-05-16,975.69,135.81308208572534,1.2309879845270078,1.0,0.10587114533456031,1.0,0.5077592833441459,0.392571765187594,0.19933195815279905,0.5175872743474842,0.5642920389722618,0.2920703783876373,1.0111943703318718,0.5074947985197227,0.5131758832358511,0.4357976810068611,0.5195295308309724,0.22640976475072033
2019-05-17,976.48,135.9362451415221,1.3438432849451662,1.0,0.09716882106526363,1.0,0.47714806479774463,0.3908292186885766,0.18648340536366886,0.5281354278574569,0.5652006603534442,0.2985024925810834,1.0706252123469242,0.5077291475871636,0.5435876264502298,0.6067236251988957,0.5196266429329048,0.31526976055018413
2019-05-20,987.13,136.84634261522086,1.6512261662453056,1.0,0.09660648459947717,1.0,0.7357443607544115,0.39168326515737284,0.2881787535414119,0.6878138982050973,0.5653197649675348,0.3888347912747095,1.1306672125080288,0.5073290768440649,0.5736203531395504,0.7714904330797965,0.5192446349470157,0.40059226828963396
2019-05-21,986.29,136.6870458638478,1.6527311449735322,1.0,0.09520283213264316,1.0,1.0010938348875296,0.39293731550547406,0.3933671240497862,0.6362263496865755,0.5652128654993708,0.35960331821255404,0.987292600955776,0.5069383252946901,0.5004964577043598,0.7695993039790476,0.5187949663448528,0.39926424500683216
2019-05-22,983.78,136.36969375637943,1.6686628603425997,1.0,0.09746037270856384,1.0,1.0255973027435221,0.3942065685965674,0.40429719347641874,0.5558963132518682,0.5650430423648721,0.31410534407925156,1.0477592559757043,0.5065239952983223,0.5307152044476112,0.8092739503519615,0.518421627381993,0.4195451183393181
2019-05-23,982.71,136.68799971237752,1.8550295262695655,1.0,0.09132120694931262,1.0,1.1324635752920609,0.3963391642668462,0.44883966699390004,0.6004735482509964,0.5647376745239047,0.33911003525238537,1.3075250500171454,0.5058364249093459,0.6613937967800865,0.7834811877924823,0.51779932123992,0.40568602724319364
2019-05-24,970.03,135.93779418176442,1.6832117519013146,1.0,0.10439667980931906,1.0,0.8836305610171492,0.39906448143945394,0.35262557161636243,0.4361340477434323,0.5642264852994708,0.24607838087770842,1.2278675774204186,0.5051110367961082,0.6202094650791534,0.8981131911073473,0.5169708439040119,0.4642983343280905
2019-05-27,975.14,136.19017831142614,1.5607834661064148,1.0,0.09656223341639161,1.0,0.9863892043032773,0.4005558113973084,0.3951039280832446,0.47045249249615934,0.5637739581257467,0.2652288638046829,1.082273792573077,0.504491768868055,0.5459982200147301,0.6857062662149188,0.5169158744316655,0.3544524542037572
2019-05-28,972.0,136.15071746559136,1.5400957820267274,1.0,0.09266126246333946,1.0,0.8080884342236899,0.3998293965061972,0.3230975109792958,0.4460678482057345,0.5639772403323404,0.2515721140320555,1.0723639096285682,0.5039856506213161,0.5404560226969721,0.8208025278930476,0.5177495437413888,0.42497013431840397
2019-05-29,971.54,136.02443948605497,1.4265865983001196,1.0,0.091208349339908,1.0,0.5987855377018733,0.40131829989180806,0.24030359399031792,0.40399835430021636,0.5641343404777596,0.2279093451572528,0.9947111235693282,0.5033570925480633,0.5006948990850744,0.8851946344514902,0.5170374313792295,0.4576787600674745
2019-05-30,969.34,135.7609326446535,1.3711600126345627,1.0,0.09297164327163993,1.0,0.45947622916941594,0.40335088996284674,0.18533014595225683,0.3329535097676926,0.564128128373409,0.18782844030060597,1.053848047685016,0.5024187537916001,0.5294730228036165,0.9073417691360035,0.516374776865204,0.4685284035780833
2019-05-31,959.88,134.34273724332346,0.9706338580601543,1.0,0.12385193020958997,0.5,-0.11282061230836997,0.4032665637929648,-0.04549678065061463,0.011637363475442713,0.5646529560759439,0.006571071687338947,1.1119578342979357,0.5018391043352408,0.5580239236226302,0.8743393345335885,0.5164306643503224,0.4515356434007998
2019-06-03,946.47,132.4041309916369,0.015221906182550399,1.0,0.16184106414950852,0.0,-0.5623867625100559,0.39870069355950133,-0.22422399226144185,-0.4248925391486602,0.5663759852802661,-0.24064893049855646,0.6125569911960805,0.5023887259526699,0.30774172638039976,0.333015081385594,0.5175534448621065,0.17235310256214895
2019-06-04,951.16,132.2317730426916,-0.4199227036359535,1.0,0.14903249445358618,0.5,-0.6883154305480592,0.39576476143635214,-0.27241099216381265,-0.46812163795763134,0.5685633460566819,-0.2661568048387255,0.6730810922739159,0.5028340762479092,0.33844810927348823,-0.42517089099389166,0.5169756927457703,-0.21980301590690351
2019-06-05,951.41,132.5304528895219,-0.27700275133314134,1.0,0.1338591004574697,0.5,-0.7472192701094154,0.39361359373908206,-0.2941156622188608,-0.3929365833491692,0.5710855559525583,-0.22440040715605905,0.7356977601509114,0.5024529778844149,0.36965353041071947,-0.2482337132181991,0.5162079344811025,-0.1281402123689409
2019-06-06,948.21,132.37180121191867,-0.2746109528683867,1.0,0.12607152603443977,0.0,-0.9378142893490755,0.39314462064667544,-0.3686966430231738,-0.42088345285029494,0.5732173850224811,-0.2412577122420788,0.6550228609385557,0.5009640567816491,0.32814290970050086,0.013963935127128124,0.5156492515047835,0.007200492696364971
2019-06-07,958.28,133.73573332352336,0.35022836801915214,1.0,0.12510303536409112,0.0,-0.5563187451200301,0.39312575973584296,-0.2187032293306026,-0.082412698238827,0.5749046956986082,-0.04737944720269407,1.0802628161167824,0.4994166412405858,0.5395012272821401,0.149062472181849,0.515286082043537,0.0768098172703087
2019-06-10,962.9,134.21907871821054,0.21637612567925038,1.0,0.11590204101600309,0.5,-0.8830233226171974,0.39353396198933577,-0.34749966667853316,0.03932546436781546,0.5759448435005963,0.022649298420909753,0.9984451335563486,0.49797272857578645,0.4971984474902704,0.08545644553672536,0.5152103644151931,0.044028046446603374
2019-06-11,962.07,134.6798519397299,0.48478271635774006,1.0,0.10807767331978298,0.5,-0.6765372655688697,0.39709557928496625,-0.2686499573789374,0.15366567856257077,0.5757388384068906,0.08847129927862112,1.0619238736008492,0.4951674654993078,0.5258301530441397,0.26994199066077823,0.515411555917417,0.13913122141391657
2019-06-12,954.17,134.07869221649548,0.35175396315819224,1.0,0.11463982581543532,0.5,-0.9116574924505856,0.4002011508177618,-0.3648463776303594,0.01298875588029584,0.5753534016605709,0.007473124879066955,0.9821709394441142,0.4926524482515947,0.4838689179187116,0.43667415658536174,0.5158498495816966,0.22525829799077307
2019-06-13,950.08,133.64203212874634,0.02762821041462099,1.0,0.11629120451127055,0.0,-1.0321843261820898,0.4035684000028149,-0.4165569770252896,-0.08258090482774454,0.5746625762698305,-0.04745615551900536,0.6874668767658345,0.4901197414879353,0.33694108792198907,0.29956932872590813,0.5164088583263152,0.15470025503692686
2019-06-14,953.61,133.7672027131835,0.3558703769582636,1.0,0.10578106123705258,0.0,-0.2201369648542146,0.4072771084300441,-0.08965674650439077,-0.04169366796698487,0.573875337878797,-0.023926967791959818,0.682398266329285,0.487986009624314,0.33300080696057766,0.26424290746151174,0.5163933655018219,0.13645328429403653
2019-06-17,946.95,132.89326341614034,0.1257847151578947,1.0,0.11949627259590401,0.0,-0.4341382153871102,0.4127733545136786,-0.1792006874879194,-0.24367439840181837,0.5723872876712673,-0.13947612797614461,0.385482114017857,0.48572291834941084,0.18723749739225382,0.49867583621298467,0.5158141111931567,0.2572240332297049
2019-06-18,944.01,132.55922909449342,-0.21443288996797072,1.0,0.11806810102800623,0.0,-0.5227095590235373,0.41797079721141683,-0.21847733109509604,-0.3071399219246769,0.5710786655702335,-0.17540105675609016,0.16305645922972378,0.48417918488147815,0.07894854351950764,0.19531834982805507,0.5145289956226772,0.10049695436370788
2019-06-19,949.69,133.1414380239337,0.08870050886144323,1.0,0.1110513789272257,0.0,-0.1990073224944301,0.4251455384493005,-0.08460707527724808,-0.150805119466976,0.5689728497521382,-0.085804018580337,0.30458468944479977,0.48131495509061134,0.1466011661214116,0.2190324357944063,0.5136702068328549,0.1125104365976167
2019-06-20,959.18,133.889793825097,0.48481054527013817,1.0,0.10677747028995599,1.0,0.07603043634789665,0.43142291823954537,0.032801272724235574,0.03820538099679906,0.5671582130319146,0.021668495614348023,0.5174020607852049,0.47910550664329343,0.2478901764707797,0.35599609546357996,0.512507307764673,0.18245060046077488
2019-06-21,959.2,133.81334222617977,0.40301183622394143,1.0,0.10199869803399511,0.5,-0.1550205642555238,0.43706423053664706,-0.06775394363369736,0.016449093750200202,0.5654502359324071,0.009301143941924987,0.5086652332271416,0.47760962249057487,0.24294341001569533,0.42762717466823474,0.5110087451050167,0.21852122590001843
2019-06-24,962.85,133.9425476268263,0.6307296006193889,1.0,0.09376191199747283,1.0,0.14066382255935314,0.44335722925530285,0.06236432262637437,0.03881772282150338,0.5638018053434468,0.021885502206085122,0.5722355007996233,0.4758338973588634,0.27228904855258573,0.5386196455001462,0.5090618760846317,0.2741907272343437
2019-06-25,960.13,134.13552551912912,0.6930061561429315,1.0,0.08710189695224133,0.5,-0.0631180973947301,0.4487966055564526,-0.02832718785993644,0.07965479083920197,0.5629979921320116,0.04484548730616607,0.6378771573204686,0.4734878772404063,0.30202710115981335,0.7380430748591401,0.50736978408524,0.37446075553688857
2019-06-26,959.13,133.72255097334354,0.8639281817118913,1.0,0.09306469176247352,0.5,0.037368740973741106,0.4542518725938881,0.01697482056379785,-0.034547792841346736,0.562129201285122,-0.019420323196070097,0.8555962892480409,0.4705054920223313,0.40256275304513034,0.9161670297860273,0.5062514980563722,0.4638109312990332
2019-06-27,943.11,132.54420159008694,0.3316331896868557,1.0,0.11761819141925887,0.0,-0.20308684660239185,0.4585555652139418,-0.09312660373127689,-0.3360367904259001,0.5616889722030709,-0.18874815943674259,0.4633422761495782,0.468204436342493,0.21693890923826098,0.7852977093602262,0.504991978061027,0.39656904361661416
2019-06-28,949.94,133.27358387526542,0.16449693024144102,1.0,0.11206056656933602,0.0,-0.2883643483598982,0.4635651688889751,-0.13367566784901547,-0.14011604367447422,0.5607124249678875,-0.07856480662562088,0.6088989013085891,0.4656989704914475,0.2835635914727834,0.18493516700247012,0.503818796357155,0.09317381324329393
2019-07-01,965.61,134.03258149022702,0.8170724094406432,1.0,0.10770720379567088,1.0,0.48606357059443533,0.46782509612942885,0.22739273663835513,0.0555868981936513,0.559948779745217,0.03112581581335665,0.9084612044185915,0.463192157701372,0.42079210546263457,0.27385799624616414,0.5030408219392146,0.13776175152629677
2019-07-02,961.98,133.5691793260608,0.5326380312793364,1.0,0.11122531649050427,0.5,0.12383940882945883,0.4696209852837859,0.05815758519145203,-0.0715828102559898,0.5602267309882292,-0.04010260378466385,0.7420596777583627,0.4620799878104351,0.3428909268531996,0.34196175424958625,0.5020798989527829,0.17169212301934866
2019-07-03,960.39,133.45428192380092,0.4298023423863108,1.0,0.10650941991859339,0.5,0.21526360755298787,0.4710982957422298,0.10141031865353677,-0.10849923587054117,0.5604355465258001,-0.06080682855273843,0.5736679092949276,0.46096827842613675,0.26444270853600393,0.24877370986326264,0.5014844366717055,0.12475614374950857
2019-07-04,973.04,134.61486585773923,0.9363440330834626,1.0,0.1069793138007076,1.0,0.4363053758015731,0.47026940063157585,0.20518106757054022,0.1921590967494478,0.561454571535941,0.10788860333219466,0.9621818231118329,0.4597466880738468,0.44235990650052104,0.3602127054844504,0.5022434048707267,0.18091445568020667
2019-07-05,975.34,134.92552614015216,0.8899506947391604,1.0,0.0992738091183766,1.0,0.35940904207318225,0.4701705995441957,0.16898356479315316,0.25542474007988086,0.5626897609672865,0.14372488594067945,0.9521413396543347,0.45847016106513144,0.43652839334809285,0.2802392317808165,0.5021204553090248,0.14071385065723493
2019-07-08,966.35,134.5226597072346,0.6743642656642664,1.0,0.10285143974831928,0.5,-0.06159994504726876,0.46909789833598964,-0.02889640475928623,0.11652993417480212,0.5637742916222689,0.06569658109218869,0.8613653190663237,0.45675021714805986,0.39342879652735124,0.48490256097343265,0.5034728880662452,0.24413529280401272
2019-07-09,969.05,134.97532608259644,0.6878480708468161,1.0,0.09712333662555425,0.5,-0.06256630805804407,0.4688582740593199,-0.02933473121035826,0.22354928208334304,0.5653683555634,0.12638768999883832,0.8524293107387557,0.45422125931711116,0.3871915150025747,0.40381836438000424,0.5041959826873172,0.2036035970557614
2019-07-10,973.65,135.02333461317218,0.9615360909049853,1.0,0.09132867452216928,1.0,0.3824008812324795,0.4707252301292714,0.18000574281979512,0.2093668286755815,0.5676005847837158,0.1188367343905721,0.843658720453698,0.45087783569760875,0.3803870179455773,0.5613039438330124,0.5029478214979846,0.28230659574904066
2019-07-11,978.63,135.28085171873064,1.1404785742133012,1.0,0.0856155305243742,1.0,0.5074799987981631,0.4708687283893183,0.23895646171710383,0.26237895459050947,0.569916149222891,0.14953400343735093,0.8350254212623969,0.4481685221337429,0.3742321089912745,0.7515792057022812,0.5026163539404924,0.37775600006757193
2019-07-12,975.4,135.1325487645149,1.135848846309382,1.0,0.0857677940440963,1.0,0.2989868988495154,0.4716772905307916,0.14102533035354328,0.18450442221617658,0.572870506678209,0.10569714183935129,0.9171139901293538,0.44468509582473026,0.4078269225828724,0.9595426722879414,0.5015925455258814,0.48129945153361514
2019-07-15,972.53,134.9158564489024,0.9858704348875756,1.0,0.08740690249832817,1.0,0.18812901458549475,0.47277969718901836,0.08894357854819862,0.08261275028464463,0.5756494905107058,0.04755598761104384,0.8173828687861276,0.44091096252783146,0.36039306743025173,0.9765804807193392,0.5007040494377948,0.48897780129808144
2019-07-16,982.11,134.973622039931,0.8879152776322504,1.0,0.08291018273179816,1.0,0.14600351388300403,0.4752669354006602,0.06939064260090307,0.06952979872147301,0.5774299050967376,0.04014858507713543,0.7136547109513914,0.43691357705354206,0.31180543254288406,0.9335099114790385,0.4998025320075078,0.4665706174113279
2019-07-17,982.57,135.39404034370074,1.1751977718529494,1.0,0.07997438707095089,1.0,0.35086631918405037,0.4759970466327749,0.1670113316945205,0.18937947760901097,0.5791248359218503,0.10967435889728419,0.8020551198899595,0.4326944788452105,0.34704482210591886,1.101137334357432,0.5008160580415106,0.551467259155226
2019-07-18,976.05,134.7563572510249,0.769617855252924,1.0,0.08993078057350308,0.5,0.10364648928594153,0.47903785581615643,0.04965059199040966,-0.082422962966094,0.5810587942002675,-0.04789258747549188,0.38751616940974215,0.42784413093720997,0.16579651872522777,1.2045053959737597,0.499842785283707,0.6020633320127785
2019-07-19,982.34,135.16415606397408,0.5840311400097169,1.0,0.08588653750074716,1.0,0.11037731304285195,0.48046981472628036,0.05303296714768373,0.0473919484528608,0.5834867738592737,0.027652575109664748,0.2659694958040155,0.4239276035126702,0.1127518109636695,0.782790288398976,0.4989762808472905,0.390593786788699
2019-07-22,982.04,134.61596370662235,0.331831732413571,1.0,0.0942460964196773,0.0,-0.15416201594938694,0.4836098563209465,-0.07455427038343049,-0.19109240748635084,0.584628029346554,-0.11171797761183397,0.1381375219077556,0.419857509071771,0.05799807585753746,0.9238194464792906,0.4980474337326176,0.46010590455129796
2019-07-23,989.46,135.0763346889112,0.399533241069036,1.0,0.09003997460162043,0.0,-0.060056632065584745,0.4888105066410533,-0.029356312747133805,-0.020554792340087884,0.5841982693302071,-0.01200807411152114,0.3409115816161996,0.4179380478237332,0.14247992090117576,0.602766327303688,0.4950802549993229,0.29841770702651516
2019-07-24,988.41,134.44867946143185,0.2574903375943881,1.0,0.09953353247129051,0.0,-0.16985801997801198,0.49235573491756235,-0.08363057025791608,-0.27867633036909756,0.5832130698504463,-0.16252767812921853,0.32664886297988377,0.4173459074712687,0.1363255661447977,0.7447374765750064,0.49322483612079915,0.36732301983672505
2019-07-25,994.95,134.68639484606692,0.05402151131713678,1.0,0.09245947732501593,0.0,-0.2957491303033394,0.49773749980740634,-0.14720543268739897,-0.18896700816178746,0.5811170738041558,-0.10981195482850395,0.3121756499354115,0.41589706022114104,0.12983293508076169,0.36866596280082425,0.4915180191185061,0.18120596375227802
2019-07-26,993.35,134.39944226033123,0.06835115127829144,1.0,0.09392270312958974,0.0,-0.3760666370383855,0.5011297782844247,-0.18845819043921536,-0.3064437735464298,0.5796534566384326,-0.1776311926015131,0.29748451000135545,0.41581257092606927,0.12369779891434558,0.6343396465852572,0.4898680652824521,0.31074273540467434
2019-07-29,997.94,134.20023600810552,-0.12828818045834034,1.0,0.09329315393005672,0.0,-0.4870312482940272,0.5037097627786641,-0.2453223945439811,-0.38493937345120754,0.578404894220489,-0.22265081758234703,0.16556975996356527,0.4173877285824177,0.06910678603312863,0.5552011262803495,0.4873517592581942,0.27057824563485916
2019-07-30,986.02,133.16020167785024,-0.5650378804989716,1.0,0.11243061972430159,0.0,-0.7760105342731664,0.5050211512817996,-0.3919017334254389,-0.7875606420007824,0.5775229540516653,-0.4548343484631179,0.02879551930930282,0.42019700616037003,0.012099791004602171,0.5563102962099001,0.4846187680180225,0.269598410384983
2019-07-31,991.66,133.28423942394946,-0.7835454696466346,0.0,0.10230905050644301,0.5,-0.763327801547259,0.5070920828530248,-0.3870774847862199,-0.7179009620774107,0.5759680327236543,-0.41348800481814496,0.25279865968609044,0.4245385067354419,0.107322765487854,-0.18793281713891688,0.4805054641594262,-0.09030274553012382
2019-08-01,997.39,133.55924743471718,-0.3585920058665967,0.0,0.0951624183640666,0.0,-0.4002525521283728,0.5084245187135408,-0.20349821117973432,-0.5870227548087237,0.5741296385784177,-0.33702716205563965,0.24009530533122084,0.4272475191920768,0.10258012357242832,0.1657011471158962,0.47889375045090704,0.07935324379634903
2019-08-02,991.1,133.77266369678995,-0.385469650229458,0.0,0.08855227537982972,0.0,-0.9249972027171562,0.5085082073895435,-0.4703686693940433,-0.48160724103330416,0.5727783141061794,-0.2758541835803843,0.35113216802380876,0.43097885316443774,0.15133053908404376,0.43897116286523785,0.47707613022684525,0.2094226636609259
2019-08-05,973.15,133.1941672998678,-0.5394090014958555,0.0,0.09729276801670868,0.0,-1.0190719288242673,0.5083439968511729,-0.5180390973773621,-0.68891298414199,0.572035613204579,-0.39408276132825965,0.09548578409821624,0.43496150174600223,0.04153264004675468,0.697925388878065,0.4745209479990306,0.3311802171630115
2019-08-06,964.61,132.47188122976374,-1.1738621659662312,0.0,0.10792435279179823,0.5,-1.2190979448260675,0.5090992745875563,-0.6206418793621318,-0.942488087548085,0.5711662657291503,-0.5383174014590482,-0.4122071933127952,0.43909076891802773,-0.18099637346525735,0.352683568777477,0.4709419520051459,0.16609348832020612
2019-08-07,965.93,132.32730376535758,-1.448933300137141,0.0,0.10393487136041647,1.0,-1.2327240033472773,0.5091308434702002,-0.6276178115901612,-0.9580378612095555,0.5699239373345542,-0.5460087099761249,-0.5466468912295729,0.4446189820398518,-0.24304958431374227,-0.06904197399892778,0.46721135548084514,-0.032257194257112314
2019-08-08,975.24,133.84629711142466,-0.43322931158838307,0.0,0.10871621605513616,0.0,-0.9375617178521759,0.5088355721821535,-0.47706475315939467,-0.3245527578053919,0.5678380968441982,-0.1842934203177497,0.4476108803377149,0.4495247089859771,0.2012121507227683,0.057838769332819756,0.46537489432230106,0.02691671116599294
2019-08-09,974.34,134.62051322568968,0.08010053880496323,0.0,0.10517901094449644,0.5,-0.5621494590783966,0.5088242087293078,-0.28603525370317356,-0.011289644453540556,0.5664565315960799,-0.006395092840105504,1.0648158983130576,0.45312290987584203,0.4824924783256713,-0.2372019289550544,0.46357798801149225,-0.10996159297742905
2019-08-12,975.31,134.78724106280896,0.141471977632656,0.0,0.09657342787073186,0.0,-0.48666204683120173,0.5089562658622538,-0.24768969809208974,0.04820593123646928,0.5661827608204518,0.027293367235385037,0.9240765338086528,0.45503605495884775,0.4204881404243357,-0.12691284633570263,0.46189045181381505,-0.05861983193497497
2019-08-13,966.83,134.05801885721488,-0.04412545065989876,0.0,0.10729877470260289,0.0,-0.618302783084382,0.5088809832973163,-0.3146425282314476,-0.24268678435713362,0.5656032518729002,-0.13726443441897204,0.6587936344728568,0.4575873718870649,0.3014556478143622,0.2310629891139373,0.4601596499027776,0.10632586417615869
2019-08-14,968.91,134.21328071660238,0.1441433478308095,0.0,0.09825851808044779,0.5,-0.29953677113321636,0.5088160623871697,-0.15240912042816998,-0.1746440436325208,0.5647936229353777,-0.09863784212729561,1.0259386348319885,0.4597993191370087,0.47172588577210056,-0.16673706446826184,0.45901956850388165,-0.07653557538582545
2019-08-15,979.38,134.68058043286257,0.553063480200326,0.0,0.09350638654518209,0.5,-0.028418846100064125,0.5088818441163946,-0.01446183481106064,0.013492723741837114,0.5642652823010892,0.007613475571198328,1.0113864665512475,0.46224951461343566,0.46751290324991196,0.2021276278501093,0.457131650794399,0.09239893619027639
2019-08-16,980.0,135.1010354177133,0.7559260688225364,1.0,0.08903958201669294,1.0,0.14444914992342534,0.5083692291322066,0.07343350299537428,0.1782288744431061,0.5638043180803045,0.10048620901761564,0.8714297638327226,0.46479604538271907,0.40503710805824633,0.3883575772543712,0.4556863548342375,0.17696924875130018
2019-08-19,981.03,134.99497575039052,0.7180618481868337,1.0,0.08720923004822388,1.0,0.08527672778795911,0.50732006781312,0.04326259532426839,0.13014709000581096,0.5634444131443698,0.07333065075077162,0.734054143570448,0.4678861049359073,0.34345373404724017,0.568144730659472,0.4541358110724071,0.2580148680645536
2019-08-20,984.67,135.7121489059436,1.2797390753305256,1.0,0.08650451980586296,1.0,0.6004094031393242,0.5063739724450816,0.30403169456104007,0.40293912518977076,0.5631650073521165,0.22692121539995264,0.9750336592642106,0.4702943863157799,0.45855285642089116,0.6406217617521249,0.4530494064935332,0.29023330894864185
2019-08-21,994.38,135.82448885746317,1.227130526804069,1.0,0.08065904208593629,1.0,0.47248362914658004,0.5051204856302692,0.23866116020687253,0.42649617652083593,0.5625632357344807,0.23993106909194573,0.9630257591892918,0.4735665784232363,0.4560568137127124,0.6473894253467347,0.451786007526905,0.2924814837925386
2019-08-22,997.26,135.9117139094156,1.3181335861459402,1.0,0.07614647959293151,1.0,0.45813995150944475,0.5046735491067995,0.2312111153158885,0.43803472358714923,0.5623324165972626,0.24632112466827558,0.9496749877054101,0.47516841222113987,0.4512555560341103,0.8635049396680439,0.45089005544929656,0.3893457901276658
2019-08-23,992.45,135.56925213861632,1.4794479106217178,1.0,0.08134554345688784,1.0,0.8168379493525838,0.5040475393999628,0.41172515845968133,0.2810404690901736,0.5619193543650286,0.15792207894159513,0.9354710124051672,0.4769314052166179,0.4461555044858086,1.0297655253851536,0.45024343630189007,0.4636451687346328
2019-08-26,982.88,134.7534239100335,0.8138535361378461,1.0,0.09695478986898617,0.5,0.04174279762011255,0.5031163329904929,0.021001483267395298,-0.0506082364719407,0.5613224246152572,-0.028407538001932044,0.9232770927788441,0.4788937992830963,0.4421516747519124,0.8425622752609636,0.449946463604783,0.37910791612047035
2019-08-27,976.79,134.75596411564027,0.8287279164487877,1.0,0.09170255160517565,0.5,0.3454552501063598,0.5025518919965842,0.17360918954110433,-0.044137380655789885,0.5608836682011106,-0.02475593596700817,1.1647652741288788,0.480546998260845,0.559724456161103,0.26737988708407406,0.44936142364294207,0.12015020671358861
2019-08-28,977.26,134.5149926460491,0.7428298440315526,1.0,0.09229896865919879,0.5,0.2377929838765221,0.5019979926560493,0.11937160057370638,-0.13302670181326118,0.5608639449051883,-0.07460988075671184,1.026469970944776,0.482071917183033,0.49483234682416033,0.4532761860923875,0.44837073648729886,0.20323577739039772
2019-08-29,978.59,134.57236893651643,0.5519396664892687,1.0,0.08666452905859022,0.0,-0.1522489806641767,0.5014931999029668,-0.07635182849524288,-0.09887113083711588,0.5605287824839805,-0.055420114590942905,1.0167368889738477,0.48359433295724324,0.4916881976163306,0.4288966903411757,0.44771483735716044,0.1920234119591239
2019-08-30,984.06,135.40875944333607,1.0730161755547445,1.0,0.08722806756989412,1.0,0.20609409416768934,0.5011507931494633,0.1032842187555577,0.24493801892737727,0.5603035537089815,0.13723964244344727,1.131042852737786,0.4847928829448973,0.5483215253129722,0.6356100783207312,0.44708351666408563,0.28417078904276744
2019-09-03,979.36,133.9551238399327,0.40270321820146343,1.0,0.11879473520807114,0.0,-0.18798807797105904,0.5006804795199652,-0.09412196102258645,-0.3422521135271317,0.5600234493626258,-0.1916692091691133,0.8730349035311429,0.48625013698059993,0.42451334143086306,0.5913841232088002,0.44637831250856264,0.2639810469623001
2019-09-04,977.63,133.77798701607796,-0.3312367960518067,1.0,0.1136040305198228,0.5,-0.19573750946712148,0.5005759352212629,-0.09798148685938513,-0.39300281421969574,0.5596929620096279,-0.21996090916874103,0.49052860881992855,0.48718137120148,0.23897640025844719,-0.5657635294910208,0.4458944190147406,-0.2522708002821278
2019-09-05,976.79,133.7512976686321,-0.27937548853824634,1.0,0.10626147108304902,0.5,-0.3885597164502574,0.4990157698119172,-0.19389742602232546,-0.37880931977785304,0.5602142559726269,-0.21221438123484682,0.6152724929915719,0.4890575820988513,0.3009036777543906,-0.39144571103747394,0.4449336245730158,-0.17416735903546465
2019-09-06,974.08,133.65605180793744,-0.11176497057549893,1.0,0.1015078660737356,0.5,-0.39380653603667987,0.49826469265855755,-0.19621989264524747,-0.3940387519628862,0.5605219626652679,-0.22086737461640965,0.7396385909170392,0.4900443057511154,0.36245567979267374,-0.12859141129498466,0.44430170359864357,-0.05713338310651554
2019-09-09,974.12,133.3432241735036,-0.13756126849333777,1.0,0.10209102806168235,0.0,-0.3539633967981093,0.49798297581742235,-0.17626774566796552,-0.4994280897805833,0.5606550954794894,-0.2800069033610719,0.6097024952873398,0.4903814450277636,0.2989867906760389,0.044421499074839936,0.44407753611435047,0.019726589859660817
2019-09-10,970.26,132.34978702338717,-0.7555158703399896,0.0,0.11837993535522306,0.5,-0.5229435542320369,0.49791573970108893,-0.26038182662736115,-0.8774074624553342,0.5604317003942305,-0.4917269561224299,-0.02381547460922107,0.4901876542480764,-0.011674051633498701,0.0185921329645427,0.44464850047415805,0.008266964043300074
2019-09-11,969.31,132.5243370553918,-0.9777088264755416,0.0,0.10772440751457865,0.5,-0.67466161230713,0.4974663731104198,-0.3356214653512561,-0.7632296366840597,0.5599749105025942,-0.42738944749508384,0.0986895308936978,0.49025692599331927,0.048383226043666995,-0.5903319873003817,0.44564947407974964,-0.26308113967286856
2019-09-12,976.07,133.44395367452248,-0.414647123734432,0.0,0.10583104857977173,0.5,-0.6246370926413012,0.49665188295780605,-0.31022718822559175,-0.34898776837616957,0.5596083579103434,-0.19529647199178352,0.35096167102125264,0.49006080624317727,0.17199255946112782,-0.1813737777309749,0.447231259077048,-0.08111602297818456
2019-09-13,987.22,134.0112353250803,0.14069160306454387,0.0,0.10083341528288214,0.5,-0.30139436205151987,0.4971941349951904,-0.14985150913263265,-0.09769205576790492,0.5591890339936629,-0.0546283262937098,0.8496911849941832,0.4893831651548609,0.4158245615166378,-0.15774491278565747,0.44789478011094014,-0.07065312302575148
2019-09-16,989.86,134.38369964692245,0.2765162861780411,0.0,0.09480169067209916,0.5,-0.36936618027766954,0.4975998895507872,-0.18379657050996454,0.06680095740536744,0.5593204473092065,0.03736314137665337,0.8451766961723897,0.48877067923563466,0.41309758786230855,0.021993864958196357,0.44794889246476477,0.009852127449043659
2019-09-17,996.74,134.69553805129954,1.0333830520800706,1.0,0.08913774607200604,1.0,0.42814740079620234,0.4981051096365159,0.21326240801418167,0.20043881602693153,0.5593767280409968,0.11212080908155628,1.2114307546760268,0.48838006938756595,0.5916386360269094,0.2598838461747742,0.4477431001200798,0.11636119895742335
2019-09-18,995.15,134.51170872167137,0.8013691903937379,1.0,0.08892666120661853,1.0,0.21333219712195162,0.4987467337699507,0.10639873652254064,0.126174672568052,0.5595360329925748,0.07059927575286487,0.8283171070970614,0.48819623184909366,0.4043812904609275,0.49211468998266494,0.447029711031699,0.21998988765740485
2019-09-19,997.1,135.2380056440457,1.2812993964911679,1.0,0.08807160474016353,1.0,0.34257167145733136,0.49987980882657607,0.1712446616374914,0.43198567895067375,0.559142757207372,0.24154166360257834,1.319063202687908,0.48744235128369906,0.6429672690100005,0.5044877356308837,0.44707886101342564,0.22554580224109766
2019-09-20,990.36,135.0433258316544,1.1527960831568083,1.0,0.08823924371917251,1.0,0.41956783351512766,0.5013266685145851,0.21034054419202103,0.3432850296487449,0.5586884229533553,0.1917893718379531,1.0604654712115562,0.486708713598513,0.5161377853090174,0.524876347078307,0.4468259679128331,0.23452838181781663
2019-09-23,985.75,134.22640321881462,0.7269704444699895,1.0,0.10262139949404789,1.0,0.07308065944638079,0.5026215620122735,0.03673191520382692,0.0021632583231183606,0.5580820589621364,0.001207275659032873,0.9328884496966845,0.4860019570435625,0.4533856122559237,0.5272914405540571,0.4468982866545279,0.23564564135120597
2019-09-24,988.13,134.2608925661061,0.613425502491298,1.0,0.09584394689603067,1.0,0.5199520346875229,0.5032266815185327,0.26165373696461114,0.03133518904947156,0.5577931931795482,0.017478555158789554,0.6825839255231806,0.48589846049318663,0.3316664785691094,0.005880429889863314,0.446690437261377,0.002626731798787915
2019-09-25,987.3,134.77730784303805,0.9669595687357166,1.0,0.09192765387815133,1.0,0.6126173780660709,0.5025297593551732,0.3078584635763397,0.267224712723456,0.5583826483623434,0.14921364279838975,0.8143824065755021,0.48701400012798923,0.39661563346019374,0.2542450885630286,0.4455221909732696,0.11327182890079346
2019-09-26,990.75,135.12987907599617,1.1095873032682781,1.0,0.0870681984662964,1.0,0.461871626800188,0.5019732671430633,0.23184720950557203,0.4265818011350765,0.5591180916966312,0.2385096026031558,0.9423975444689453,0.48804814460870755,0.4599353730618707,0.4037330482397623,0.44409324151042195,0.1792951180976796
2019-09-27,997.84,135.40635389593203,1.4318827884298135,1.0,0.08222279952270224,1.0,0.4190019279668705,0.501833362896833,0.2102691465718712,0.5508795356096188,0.5594947076251872,0.30821418471260253,1.3190725762141868,0.48887088446464866,0.6448561770068922,0.6063698765307778,0.4428704171039357,0.2685432801384476
2019-09-30,996.56,135.47142593372894,1.3425241112738697,1.0,0.07792347205779361,1.0,0.2567392637232268,0.5018139400399493,0.12883534149190806,0.582708261673486,0.5597684753736015,0.3261817152245689,1.0777268037095538,0.48962265127202387,0.5276794549791958,0.8146158092509848,0.4417144812215807,0.3598275995781969
2019-10-01,999.59,135.8049527678623,1.8249055131055414,1.0,0.07491339870036923,1.0,0.40085003758202264,0.501538959527695,0.20104191077552508,0.7375840282917374,0.560210097526954,0.41320202042363785,1.5910738045220094,0.49023769600907,0.7800043561092553,0.9770260798204051,0.4407837566386003,0.4306572257971231
2019-10-02,991.19,135.42172200206164,1.6375138079068634,1.0,0.08123414007664058,1.0,0.24596601897309017,0.5012036003960373,0.12327905428439281,0.569091538854935,0.5604974691529463,0.3189743672445467,1.509095625753284,0.49082591584377105,0.7407032426061844,1.0327445151234185,0.44014481521348736,0.4545571437717396
2019-10-03,992.45,135.66654255539035,1.6845034030404586,1.0,0.07693440634024976,1.0,0.41584538549117067,0.5006588740700981,0.20819668248725542,0.6921264093908582,0.5610116179867184,0.38829095678370323,1.425083557041295,0.49125842665754854,0.7000843060876494,0.8824106403333319,0.4396269037908576,0.3879314576818508
2019-10-04,987.59,135.26716480961923,1.7095794362576828,1.0,0.08331262910292266,1.0,0.3288888033584944,0.500643104370649,0.16465591150614456,0.5087019347757256,0.5614538474152458,0.2856126584674106,1.6431145627734485,0.4916617596173418,0.8078565971860729,1.0292411213944062,0.4386282861361279,0.45145426909805475
2019-10-07,983.09,134.7563016086355,1.3549932953459316,1.0,0.09123650454177408,1.0,0.1499035410924604,0.500440388337665,0.07501778631750201,0.27466844984315575,0.5617370290797243,0.1542914389968276,1.5481592462365605,0.49206880572226486,0.7618008713635062,0.8307073123554303,0.4380402017123489,0.36388319866809593
2019-10-08,988.22,134.88712796569874,1.1084762574295064,1.0,0.08444932788513272,1.0,0.22214900767844367,0.5005504930449645,0.11119679532289457,0.3534639105018193,0.5619327988854773,0.19862296453329317,1.1495758633418587,0.4921109061838034,0.5657188198361902,0.5322880871664577,0.4376158012048159,0.23293767773712828
2019-10-09,987.83,135.11860473807124,1.55956854426119,1.0,0.07957499131784121,1.0,0.13283752970749724,0.500439885969677,0.0664771982193135,0.4823923001732613,0.5626430242096125,0.2714146626249149,1.7918152336742421,0.49239917934277977,0.882288350595088,0.7775147185907745,0.4365040618613706,0.3393883328218736
2019-10-10,987.38,135.12129007277264,1.4451148084871785,1.0,0.0769088910271575,0.5,-0.08333358543190195,0.5003226538492452,-0.04169368061806198,0.49102340042925613,0.56322977881907,0.2765590012187576,1.592824377129468,0.4922894782774977,0.784130681604746,0.9773250723300314,0.43600519248506653,0.42611880628173693
2019-10-11,991.84,135.47559275981502,1.7601755148622331,1.0,0.07424401995338452,1.0,0.30479702382435964,0.4999124795617368,0.15237183594307338,0.6688052055753564,0.5637439994482855,0.37703492144288414,1.6078208643877214,0.4923736437719992,0.7916486175312278,1.0078128075191581,0.43571597490013053,0.4391201399450476
2019-10-14,993.57,135.84709392558153,1.892335061335018,1.0,0.07210156925598132,1.0,0.36956654853692084,0.49962126320961214,0.18464330582003283,0.8453873729045145,0.5639796677014642,0.4767812896497019,1.6199590268345725,0.4924235711387843,0.79770600909239,0.9942983563117397,0.43568859791725506,0.43320445677289315
2019-10-15,993.05,135.90258296547637,1.6773325025952563,1.0,0.06940215802417246,0.5,-0.059920984839511984,0.4995701678403149,-0.029934736453431966,0.8542749862697733,0.5639832571161566,0.4817967892292867,1.62081496422493,0.49242382095294474,0.7981278977413505,0.9807232284775778,0.43574225598942407,0.4273425520780511
2019-10-16,994.46,135.86397449607506,1.7395583736165392,1.0,0.06215517963335117,1.0,0.17160498806994112,0.49972341634369793,0.0857550308999305,0.7973627289537842,0.5635733575572424,0.44937239034748955,1.5916966688150338,0.49207731575190133,0.7832378242817449,0.9649599501232656,0.4364876780985265,0.4211931280873742
2019-10-17,989.82,135.74201996436167,1.5935455951476716,1.0,0.06299967541542374,1.0,0.037777373351644945,0.49926712628414793,0.018861000631839122,0.7065612631240785,0.562070773870325,0.39713743595094514,1.4619433231371481,0.49044630316191545,0.7170046982648599,1.0448776968985205,0.4407620735585055,0.4605424603000275
2019-10-18,989.2,135.77952710435534,1.6654589009522582,1.0,0.06060496847023498,1.0,0.14963701764914192,0.4986080010855274,0.07461021425843843,0.6952493314341571,0.5616719051535197,0.3905020165433339,1.4379803548784713,0.48813441765371035,0.7019277031260783,1.1211343598685006,0.4445666682473881,0.4984189670244076
2019-10-21,983.56,135.36924173512173,1.5511924225810945,1.0,0.06778361298643777,1.0,0.2307952995630053,0.4981487191759051,0.11497038286913042,0.46570105001222595,0.5616455025864407,0.2615589002891498,1.3140829320637573,0.48704287429219534,0.640014728290648,1.1979342031156026,0.44630866181268203,0.5346484111321662
2019-10-22,987.19,135.08644475681854,1.1483271255655672,1.0,0.07122214990095839,0.5,-0.035342146041740095,0.49744874837850867,-0.017580906313474073,0.31262914825340504,0.5615610079954162,0.17556033962193054,0.8883096699856862,0.4863416095957699,0.4320219547203258,1.246381375453446,0.44795738169118615,0.5583257375367849
2019-10-23,987.79,135.0699490615042,1.3767842874505334,1.0,0.06884329477544292,1.0,0.07542886115077527,0.49632576963019426,0.037437287562987594,0.29467498637878914,0.5624718655989464,0.16574638933382163,1.2853075483990921,0.4867665181639061,0.6256446801040123,1.2242128473871545,0.4475985786452231,0.5479559304497118
2019-10-24,993.6,135.90020278105354,1.841023628517993,1.0,0.07213461561746935,1.0,0.31906022217911534,0.4954649564696726,0.15808315909317944,0.6944039659787808,0.5636206101375998,0.39138038698692956,1.4667625686430152,0.48729644841885356,0.7147481903734563,1.2917670435438116,0.44652934516893383,0.5768118920644278
2019-10-25,996.57,135.69886824890418,1.5509202843356769,1.0,0.07328215174787729,1.0,0.07210957814591507,0.4944690146941218,0.0356559520558194,0.5623782782702365,0.5647338870056426,0.3175940710550916,1.3401974740835267,0.48750607223136866,0.6533544066048617,1.2204457011718783,0.4459976007922755,0.5443158546199042
2019-10-28,996.48,135.71504311483642,1.4155785941526644,1.0,0.07001151716524111,1.0,0.32225279599362533,0.4932753280808573,0.1589593536687291,0.5407617751322876,0.566062311090324,0.30610486018068883,0.9116304254368648,0.48794549483392435,0.44482595904545197,1.135985286958937,0.4451540236155134,0.5056884212577945
2019-10-29,995.87,135.45624505152483,1.1917350454398288,1.0,0.07263026857400044,0.5,-0.1259812151258463,0.4926175013799533,-0.06206055141610479,0.3785101128620467,0.5674300027082557,0.21477799436641334,0.898294716483187,0.48813598449324835,0.4384899757956039,1.3527508948570883,0.4439306815297721,0.6005276266939163
2019-10-30,1000.89,135.83203681312054,1.2719712897239144,1.0,0.0703552677480242,0.5,-0.1299682601703459,0.4911934892769748,-0.06383956320832987,0.5466325842390412,0.5705060579574907,0.3118572007853313,0.991866200728501,0.48918400426420416,0.48520507976669097,1.2233207444129763,0.44039846037168806,0.5387485723802221
2019-10-31,998.82,135.2743889099802,1.007587624934717,1.0,0.07937739957678357,0.5,-0.4966043892548151,0.49008109624848367,-0.2433764234878085,0.21566589516187584,0.5736023165091447,0.12370645705687033,0.979919953028965,0.4898673395326402,0.4800307803452488,1.4816040622284345,0.4368419522601286,0.6472268110204065
2019-11-01,1015.59,135.71782469877203,1.1429514370873712,1.0,0.07693852749028879,0.5,-0.10474148015158247,0.48756927020978097,-0.05106872703819932,0.43302809602318215,0.5778365066357568,0.2502194422811686,1.1875615888485704,0.49264704647590823,0.5850487092544852,0.832552645752893,0.4309060987554614,0.3587520125899168
2019-11-04,1022.43,135.814832496344,1.581937671183066,1.0,0.07167661318659425,1.0,0.3060874358338791,0.4859246417591506,0.14873542760455472,0.45589840360343004,0.58076566741999,0.26477014064445403,1.3954394406461708,0.49302481006524784,0.687986265182134,1.1215241483136171,0.4283865295939876,0.48044583775192307
2019-11-05,1024.34,136.02592072530183,1.819333585620455,1.0,0.06777885776687043,1.0,0.1313922508966981,0.4841759389703821,0.06361696645134082,0.5447887371507976,0.5828348824781263,0.31752187959269196,1.5984947310182447,0.4936381906764849,0.7890780468257407,1.5207239407531075,0.42684715835355347,0.6491166927506815
2019-11-06,1024.91,136.27664966565123,2.051333875874663,1.0,0.06478108134042654,1.0,0.4910583615374135,0.4813687834940588,0.23638016611785045,0.6559660776715514,0.5845460275863323,0.3834423649342929,1.582734611769739,0.49461364742422437,0.7828421392319943,1.5207239407531075,0.4265528990549628,0.6486692055905254
2019-11-07,1024.03,136.1856064602879,1.851664280503245,1.0,0.06467067835820388,1.0,0.21414357245964374,0.4797987861007508,0.10274582611741523,0.558472598662178,0.5854947248089082,0.32698276046702773,1.5621633240271877,0.49516772797692254,0.7735328638874196,1.5207239407531075,0.4263777354029648,0.6484028300313824
2019-11-08,1022.49,136.13547684817578,1.779297730638674,1.0,0.06376886206616793,1.0,0.4038695102077352,0.47792639685812777,0.19301989981443973,0.48849881221753083,0.5870598539964061,0.28677804137784146,1.3160474899057106,0.4962505547170635,0.6530892968997078,1.5207239407531075,0.4250676110396232,0.6464104925466849
2019-11-11,1016.75,135.59805815171208,1.2899109492264564,1.0,0.07332639438338345,1.0,0.2078484432493175,0.47714193243413416,0.09917320786540582,0.12125416179731881,0.5880774602676974,0.0713068395166557,0.9558238573492134,0.49686716175048984,0.4749174871345087,1.5207239407531075,0.4238201276628184,0.6445134147098863
2019-11-12,1018.33,135.94030128489268,1.2281055171011466,1.0,0.070600149822596,0.5,-0.21755076740851617,0.4766366228956679,-0.10369266308595608,0.30813949040659855,0.5892159718702507,0.18156070931152773,1.0568834814321109,0.49799657935802144,0.5263243585331882,1.480307459128924,0.42147535533565694,0.6239131123423868
2019-11-13,1012.77,135.5183856203996,0.992505796128244,1.0,0.07657777291490961,0.5,-0.7310491291616117,0.4742814828308891,-0.34672306500099936,0.011971235995114366,0.5907939007996719,0.007072533210947058,1.3876396122224093,0.49923715664063373,0.6927612544478272,1.5207239407531075,0.4204544009176457,0.6393950734704691
2019-11-14,1012.3,135.47352534227983,0.8934279204558987,1.0,0.07404677050774183,0.0,-0.3813844622869879,0.4722126197291126,-0.1800945560605175,-0.04237876258471814,0.5927105850836858,-0.0251183411667109,1.2557414921510963,0.5017884308974971,0.6301165529593803,1.1234664374671945,0.4170345006300447,0.4685242647237468
2019-11-15,1010.03,135.16535937604863,0.34542228095468835,1.0,0.07714170260170601,0.0,-0.667080782674298,0.471690249096177,-0.3146555005469124,-0.2655096138993532,0.5929769194231127,-0.1574410729272585,0.5274581762974166,0.5017190888756964,0.2646358356319763,1.324808972521849,0.41733037008681995,0.552883018796883
2019-11-18,1002.91,134.69609798809253,-0.14558369838316448,1.0,0.08322804425735206,0.0,-0.7857056668901885,0.4725619658513887,-0.3712946145262038,-0.5968378475410784,0.5948363499512712,-0.35502084674410833,0.39171730607839605,0.5039655392814447,0.19741202340367361,0.9327822032837443,0.4109423809052579,0.38331973948347414
2019-11-19,1008.35,135.11642275752166,-0.11298575212597525,1.0,0.08003864958043785,0.0,-0.5568247111180034,0.4740013819613126,-0.2639356825801423,-0.3282353085290279,0.5952477133884604,-0.19538131685525967,0.5027240603475731,0.504598576749909,0.2536738453493208,0.227156662435658,0.40790087759962157,0.09265740196010588
2019-11-20,1000.56,134.88998222013186,-0.49868091301757184,1.0,0.08063013103419109,0.0,-1.2063955328993758,0.4750543407760227,-0.5731034345966516,-0.5071347287295123,0.5947531997139143,-0.3016200025979253,0.2326145850769458,0.5034092151660587,0.11710032570976368,0.6333184556046672,0.40886570756889395,0.25894219846724137
2019-11-21,987.89,134.00955942570803,-1.2492373228939753,0.0,0.09553759408663162,0.5,-1.0295443448480974,0.4764759921093745,-0.49055316313209324,-1.1320737889286916,0.5945406917381508,-0.6730639335682936,-0.5701555900289366,0.5035199264212191,-0.2870847007400169,0.49453517016152587,0.40738149013876224,0.20146447454642877
2019-11-22,977.78,132.64210399469036,-2.7668798410293283,0.0,0.11970340713104367,1.0,-1.8756670234621386,0.4789265513346027,-0.8983067389987615,-2.05305948925383,0.5931283898242002,-1.217727869074419,-0.32770744793757706,0.5042787116785001,-0.1652558896534105,-1.1971407361408202,0.4056242751108062,-0.48558934330273706
2019-11-25,976.35,132.25498763344183,-3.7900266176898016,0.0,0.11763095905993932,1.0,-1.7415391981388262,0.4821665048563104,-0.8397118682368593,-2.239370134713213,0.5869989726029341,-1.3145079683543501,-0.7575135739938623,0.49665240670973343,-0.37622093963934344,-3.0,0.4198619471530828,-1.2595858414592485
2019-11-26,976.79,132.6692717926456,-3.62616814061369,0.0,0.1094351885100667,1.0,-2.0592445330943696,0.47754787012738115,-0.9833878408506697,-1.8648187001912242,0.5809047612161884,-1.083282061746066,-0.5062859055891858,0.49395310170492013,-0.2500814934152627,-3.0,0.43647224820056385,-1.3094167446016916
2019-11-27,978.17,132.88475937012453,-3.046135456584529,0.0,0.1003992716561301,1.0,-1.7080711024538906,0.4781861099430062,-0.8167758759884879,-1.6471987329589137,0.5748992940242504,-0.9469733886957193,-0.24634467448678846,0.4914502120365154,-0.12106614251059855,-2.601310799161177,0.4464364849306757,-1.1613200493897229
2019-11-28,970.39,132.37316202309884,-3.278672579514405,0.0,0.10396287325641697,1.0,-2.021709815915536,0.47828931696025384,-0.9669622069460823,-1.9454696601845671,0.5714203067581576,-1.1116808700113538,-0.9823246838977425,0.4899836816924913,-0.4813230652336286,-1.5887752824176022,0.45236506715392877,-0.7187064373233408
2019-11-29,970.75,132.81411646653694,-2.775859758246994,0.0,0.09811176005832571,1.0,-1.5816295960109525,0.479233946903786,-0.7579705938361694,-1.5790054597644574,0.5659735613335662,-0.8936753434280351,-0.42932514555985585,0.4905880506414205,-0.2106217862515538,-1.9967990994596276,0.45752826860672735,-0.9135920347312358
2019-12-02,959.31,131.78252980164368,-3.377457800864622,0.0,0.11374398050866666,1.0,-1.9172610659793505,0.4797885214661149,-0.9198798521107799,-2.231905010268427,0.5627154539745132,-1.2559274410811883,-1.1961269327432533,0.4907292128316264,-0.5869744281518045,-1.3339246361049553,0.460802704203512,-0.6146760795208491
2019-12-03,953.43,131.62133557320027,-4.154913912750296,0.0,0.10816909865162286,1.0,-1.9588370292473922,0.4809342699810638,-0.9420718566729703,-2.248109251611476,0.5584635921072173,-1.2554871681044129,-1.2365321070540005,0.492268800908313,-0.6087061776241025,-2.9120123952303376,0.4631328879498583,-1.3486487103488105
2019-12-04,965.9,132.69559949848653,-3.416192795174217,0.0,0.10868198397540742,1.0,-1.8261969894107193,0.48005728297038397,-0.8766791649052049,-1.4378677744392434,0.5534928604240656,-0.795849547385962,-1.2750579384558776,0.49458847864465694,-0.6306289659646851,-2.380733122506766,0.4675178021408831,-1.113035116918365
2019-12-05,963.27,132.52669807001715,-3.397597849174958,0.0,0.10401106936401636,1.0,-1.8487377803133267,0.4801248863427094,-0.8876250166504088,-1.5103507676287176,0.5484850078007487,-0.8284047525647039,-1.1511720237442677,0.4972306391505398,-0.5723980011385826,-2.3572382028917196,0.4705379700110913,-1.1091700788212628
2019-12-06,963.56,132.82627559127306,-2.726838812738144,0.0,0.09665559056238805,1.0,-1.3264543379354332,0.48053365733874015,-0.6374059543009509,-1.2427026906081902,0.5444666192178446,-0.6766101326483603,-1.0037904096980956,0.49916415224436983,-0.5010561888879785,-1.9287041973828194,0.47273528939175224,-0.9117665369008544
2019-12-09,966.06,133.0639998348694,-1.9121800534528948,0.0,0.08971207393449973,1.0,-0.8111217124544039,0.4798891624606926,-0.3892485192434266,-1.0303181410222044,0.5421257904937242,-0.558562036661687,-0.8450201453084705,0.5008939838872296,-0.42326550704852545,-1.1409724569632984,0.4742480742606229,-0.5411039904992557
2019-12-10,960.3,132.6830811752447,-2.2219596758857536,0.0,0.09216929471273687,1.0,-1.278303790732416,0.4794537812584814,-0.6128875860637074,-1.2475204525908137,0.541151477997942,-0.6750975367521804,-1.4852023510219612,0.5015838537522975,-0.7449535188275679,-0.39787925419163883,0.47507134953876196,-0.18902103424229796
2019-12-11,961.78,132.70534506535313,-1.9598069600963954,0.0,0.08622645181984605,1.0,-0.6980218637528138,0.48105388129316784,-0.3357861267857819,-1.1791780945704913,0.5400562775369935,-0.6368225323069043,-1.3232941356295005,0.5019117577344573,-0.664176885613502,-0.6809723399845571,0.474353209996066,-0.32302141539020707
2019-12-12,968.17,133.54871091419642,-1.0326686625035553,0.0,0.08737491408755939,1.0,-0.1684416659493166,0.4805772267137292,-0.08094922868496296,-0.5569530227017025,0.5394547415865344,-0.30045094893738616,-1.1560624520673215,0.502332975225999,-0.5807282910940414,-0.14848241165870246,0.475074407797918,-0.07054019378716475
2019-12-13,966.18,133.5316563276157,-1.0642629481529122,0.0,0.08285351342167718,1.0,-0.02815888214261124,0.4805561146157909,-0.013531922994377233,-0.5483532426279292,0.5396011545881093,-0.2958920428441642,-1.3204377141512091,0.5016975743806553,-0.6624603983103987,-0.19423562191594523,0.4756006292396181,-0.09237858400397211
2019-12-16,961.47,133.8556203127657,-0.5574152588717061,0.0,0.07872385645161205,0.0,0.8750365794111113,0.4803942969716789,0.4203625823907035,-0.3107550331450892,0.5395315417246984,-0.16766214213147973,-1.8013788160270103,0.501327613796849,-0.9030809433830141,0.19520967183104235,0.47623277771066347,0.09296524425208436
2019-12-17,954.03,133.18962784340155,-0.9570466045081818,0.0,0.08907376791103634,0.0,0.5251398045296273,0.47848139770968073,0.2512696276643246,-0.750225162712957,0.5416204063092872,-0.4063372574520429,-2.2504216003828423,0.4982502790761481,-1.121273190429743,0.6665725863355847,0.47900892154081387,0.31929421570927946
2019-12-18,951.13,132.47790703706147,-2.2473564753679396,0.0,0.09882546519759333,1.0,-0.04742722676255166,0.4783790256097167,-0.022688190526040538,-1.195737838613798,0.5444148068604634,-0.6509773844646788,-2.8224076647680403,0.49401583827661116,-1.394314088468716,-0.3734469968217776,0.4803273648873641,-0.1793768119085043
2019-12-19,952.26,131.98805097028108,-2.859291959333209,0.0,0.10221096823562456,0.5,0.037962990589939793,0.47679721114587714,0.01810064804004047,-1.4681440173750786,0.5456261051419258,-0.8010577019877839,-2.9013455885000456,0.49190323496616534,-1.4271812807379851,-1.3448718846959586,0.4826880776039406,-0.6491536246474807
2019-12-20,956.41,132.3917044947202,-2.4917050125928073,0.0,0.09623450973145271,0.5,0.3273082511356203,0.471502131284663,0.15432653799750068,-1.1372592144784464,0.5467313754083287,-0.6217752945275965,-2.4302081187285745,0.49218886558677216,-1.1961213770967807,-1.702811332075579,0.486333901687456,-0.8281348789659306
2019-12-23,959.43,132.0889629473359,-2.3370745189677993,0.0,0.09612893013289797,0.5,0.06571347587814154,0.46425299687888,0.0305076781117552,-1.302002235284013,0.5479879268993952,-0.7134815057316649,-2.2785312526376447,0.4941620250525826,-1.1259636179490162,-1.0780950874602975,0.48987986267799677,-0.5281370733988734
2019-12-24,958.88,132.50095049195784,-1.7368026121769595,0.0,0.09112348812873657,0.5,0.43730223885190544,0.45982251878072417,0.20108141693733303,-0.9856639139425162,0.5487661134105339,-0.5408989551832496,-1.6929217687453528,0.49486550029562504,-0.8377685780515235,-1.1355331064595202,0.49247044643471577,-0.5592164958795196
2019-12-25,960.92,132.87461495217707,-1.6036328549106376,0.0,0.08640837053176165,0.5,0.3268032019787847,0.45462719893954445,0.14857362432008908,-0.7056757737797972,0.5499904336613481,-0.38811492484545806,-2.1528494676837444,0.4962289205122356,-1.0683061673740455,-0.5980877673767606,0.49455180852226893,-0.29578538701122303
2019-12-26,958.59,132.63458162660052,-1.5780628835644648,0.0,0.08644921978975037,0.5,0.15087337470675896,0.4516112055491374,0.06813610663658615,-0.8511405872915195,0.5510613888756087,-0.46903071416126607,-2.293250574643061,0.4954953979273912,-1.1362951060299822,-0.08226409837732374,0.4968530721910808,-0.040873170009802604
2019-12-27,963.51,132.5564830132419,-1.332115333324029,0.0,0.08324836404069623,0.5,0.31805778498021986,0.4500963809634784,0.14315665795685714,-0.8841445329799321,0.5522352151263051,-0.4882557463729194,-1.843529501388505,0.49404144336384376,-0.9107799757498042,-0.15297125211353602,0.4983699100637516,-0.07623626915816241
2019-12-30,965.03,132.72501671970957,-0.8885284475760589,0.0,0.07744274567867704,0.0,0.7213008269789448,0.4474407333678522,0.3227393710022973,-0.7618269881093028,0.55318566516462,-0.4214317691576037,-1.7044275791568313,0.4934899322029086,-0.8411178504828724,0.10251233892717712,0.5002500342768449,0.051281801062119894
2019-12-31,960.99,132.58108942555722,-0.3596177185182442,0.0,0.07679198324355148,0.0,0.6411120667991034,0.4439082963691503,0.28459496535449486,-0.8630262222623963,0.5545551546874652,-0.47859564018606193,-1.1128392848960813,0.492516441673444,-0.5480916447514379,0.760638616523671,0.5028335306098124,0.3824746010647607
2020-01-02,966.67,133.24076968353106,-0.04996354286126614,0.0,0.07720376030179076,0.0,1.052131948226502,0.442138855184344,0.465188415091739,-0.3903241651097093,0.5554936095593359,-0.2168225793750266,-1.3962294635145842,0.4921355364371907,-0.6871341360161609,0.7718533531068619,0.503728792358246,0.3888047574381823
2020-01-03,965.14,132.57382065781374,-0.6431952341375706,0.0,0.0878973362856271,0.0,0.7297353121035443,0.4400469080613122,0.3211177677943213,-0.8685050864101709,0.5572201343506946,-0.4839485209337371,-1.7946380950005312,0.49020111400602756,-0.8797335934069155,0.7899904178078475,0.5055366538710355,0.39936911240876055
2020-01-06,955.79,131.5485295539132,-1.9964995378816566,0.0,0.10536282570196644,0.5,0.7996333340892633,0.438504316862943,0.3506426689056499,-1.5950077563899525,0.5588211548798251,-0.891324076468112,-2.568927360907853,0.48857742673191484,-1.2551199194535678,-0.3961041909326704,0.5066803519373554,-0.20069821086562686
2020-01-07,958.88,131.99342583838097,-2.7418245373627133,0.0,0.09937528976896301,0.5,0.7565151978389622,0.43099064494602846,0.3260509730280866,-1.2748221604721097,0.5607342322146203,-0.7148364253625119,-2.3832122423588067,0.4894430876901217,-1.166446758520993,-2.325893219122442,0.5101662951470298,-1.186592326507295
2020-01-08,948.98,129.7596663601261,-3.866718299913001,0.0,0.1477017908753616,0.5,0.30154384137432544,0.418537649777546,0.12620745067370331,-2.909157002199116,0.563331814907976,-1.6388206939010748,-3.0,0.4943266117450329,-1.4829798352350987,-1.698242778435585,0.5129568236721773,-0.8711252214505308
2020-01-09,960.15,130.8572684078889,-3.719346390233368,0.0,0.14212524912272473,0.5,1.1480311584140745,0.4062613379465272,0.46640067442160343,-2.0157586387093893,0.5646340171679115,-1.1381658978154032,-3.0,0.49915559956997035,-1.497466798709911,-3.0,0.5167047893765524,-1.5501143681296572
2020-01-10,968.54,131.08668149018192,-3.408525832240378,0.0,0.1281646850588803,0.5,0.8945698074942005,0.38397024330416885,0.34348818663611164,-1.8030793669556908,0.5691624488686376,-1.026245068001014,-2.2933197225200983,0.5075111900774336,-1.163885421604225,-3.0,0.520627843090417,-1.561883529271251
2020-01-13,965.84,130.57439721679899,-4.052862518589182,0.0,0.12735546399924214,0.5,0.2628770654960098,0.3671938616857928,0.09652684482810893,-2.134253778463019,0.5723555123444972,-1.2215519148453804,-2.6443840529429505,0.5138480548713391,-1.3588116019375234,-3.0,0.5230086155447956,-1.569025846634387
2020-01-14,967.0,131.14670126063666,-3.5314015361278464,0.0,0.11672812564294492,0.5,0.6880279871305343,0.3562266021701065,0.245093872053448,-1.6366555078510596,0.5734454309077346,-0.9385326229471681,-2.4362264119715373,0.5178065807880344,-1.261494068408483,-3.0,0.5254895722752144,-1.5764687168256433
2020-01-15,967.56,131.16894828213782,-3.559677116570912,0.0,0.1067158666861886,0.5,0.2788787677319267,0.34268626608720804,0.09556792360505573,-1.569777704336601,0.5754392108871202,-0.9033116434516488,-2.237510991702818,0.5227164139045428,-1.1695837216548943,-3.0,0.527449891689808,-1.5823496750694241
2020-01-16,974.31,131.5976187674399,-2.9353794954481707,0.0,0.10073527415986264,0.5,0.6409043957397726,0.3342954922270301,0.21425145044429458,-1.2035515133865915,0.576233016788129,-0.6935261194186738,-2.230027455697388,0.525969860179785,-1.1729272290702368,-2.42689511791846,0.528732201045479,-1.2831775974035546
2020-01-17,978.96,131.5330907061679,-2.5776930818601356,0.0,0.09453819763063907,0.5,0.9701035190677358,0.3246647075466907,0.3149583753081419,-1.2196015107076412,0.5772453524303892,-0.7040093038730675,-2.405346926059166,0.529049624892027,-1.272547888966792,-1.7266761735953198,0.530553602544308,-0.9160942643284178
2020-01-20,978.63,131.402766279816,-2.3162253114454643,0.0,0.09041235151526321,0.5,0.839931162648571,0.31317032359388813,0.26304151400324366,-1.284731349473072,0.5786611858577683,-0.7434241661947388,-2.2163029513597503,0.5319353380552215,-1.178929859664334,-1.2324137445722008,0.5330294330802557,-0.6569127995896353
2020-01-21,986.37,132.3545589932516,-1.2166794932609255,0.0,0.0927170940477165,0.5,1.2721182483826237,0.30397710607012685,0.38669482372234876,-0.5307851579411585,0.5797420255644242,-0.3077184626043401,-1.4983250244160633,0.5341274137449363,-0.8002964702406705,-0.9259377274551469,0.5349813161838781,-0.4953593841382635
2020-01-22,991.46,133.413980054837,-0.5045435505816047,0.0,0.09589087565482049,0.0,1.9739295563802461,0.29532583341097784,0.5829523913325579,0.28005511580280235,0.5809451095655005,0.16269664993443794,-1.332390919146069,0.536156476239458,-0.7143700201828089,-0.9987556841610156,0.5364901348380294,-0.5358225716657916
2020-01-30,959.58,129.90650295007495,-3.4761900313762704,0.0,0.18286514430775808,1.0,-0.3698034564302913,0.2849252166769805,-0.10536632995129706,-2.427366556654402,0.5826420034122046,-1.4142857135849054,-2.4689539875729842,0.5385211904654738,-1.3295840405922819,-1.1655496247619257,0.5379041217364277,-0.6269539472477864
2020-01-31,936.62,125.97423742515738,-5.559164951280577,0.0,0.2519208553774723,1.0,-2.0429475770426455,0.2844072925034865,-0.5810291891132567,-3.0,0.5821722206229017,-1.7465166618687054,-3.0,0.5393839538396186,-1.6181518615188557,-3.0,0.5378224129265865,-1.6134672387797595
2020-02-03,928.14,123.14844997605967,-5.724819229610032,0.0,0.27832207378884394,1.0,-2.5738159784381747,0.2990848497674882,-0.7697893652403421,-3.0,0.5788764760407665,-1.7366294281222996,-3.0,0.5360821701251446,-1.6082465103754338,-3.0,0.5367179752906525,-1.6101539258719573
2020-02-04,929.09,122.55329404466207,-5.7398063023800585,0.0,0.25337738457135456,1.0,-2.5738159784381747,0.31567820110408357,-0.8124975980463097,-3.0,0.5751090467127216,-1.7253271401381647,-3.0,0.5323997615086854,-1.5971992845260563,-3.0,0.534927426556509,-1.6047822796695272
2020-02-05,925.91,122.78602851968834,-5.7511537891909565,0.0,0.2219557542057893,1.0,-2.5738159784381747,0.32964634007016946,-0.8484490173062664,-3.0,0.5716321694898576,-1.7148965084695729,-3.0,0.5293460796583956,-1.5880382389751868,-3.0,0.5332566748133102,-1.5997700244399304
2020-02-06,938.54,125.47269405718757,-5.646734094735185,0.0,0.2248083012330236,1.0,-2.5738159784381747,0.34153385980294615,-0.8790453055384863,-3.0,0.5684235773970808,-1.7052707321912424,-2.785197344139643,0.5267872503784667,-1.4672064506807307,-3.0,0.5317372021082423,-1.5952116063247268
2020-02-07,940.75,126.08515464000271,-5.613231580173875,0.0,0.20242521284686485,1.0,-2.5738159784381747,0.35157215655102664,-0.9048820341049998,-2.8229460953260803,0.5656250370792387,-1.5967289898415065,-2.898575809170813,0.5244733024872446,-1.5202256271454535,-3.0,0.5304649763606385,-1.5913949290819156
2020-02-10,930.73,125.12496112331839,-5.746398950273656,0.0,0.1978924041225585,1.0,-2.50312028995169,0.36019947558349935,-0.9016226157630155,-3.0,0.5628934932260294,-1.6886804796780883,-3.0,0.5227266393903615,-1.5681799181710843,-3.0,0.5293053122204893,-1.5879159366614677
2020-02-11,934.67,126.14002405944255,-5.372091816528068,0.0,0.18463537341635824,1.0,-2.3578482066560036,0.3678434539265827,-0.8673190281709433,-2.4206835046820663,0.560362425607912,-1.3564600803127043,-3.0,0.5211453136364732,-1.5634359409094196,-3.0,0.5282922557116672,-1.5848767671350015
2020-02-12,937.68,127.68788126534807,-4.465815913301093,0.0,0.17967949021355992,1.0,-2.1193910485965772,0.3737066708990575,-0.7920305731042895,-1.4895694882156685,0.5580067387200374,-0.8311898122161003,-2.421836135840931,0.5202919254949849,-1.2600617863500119,-3.0,0.5275112472102303,-1.582533741630691
2020-02-13,938.24,128.1351533364758,-4.085426510066538,0.0,0.16293053360918114,1.0,-1.4140252942544431,0.37790399543929976,-0.5343658083509856,-1.1809106753000846,0.5557192556634296,-0.656254801482761,-2.5252600661140248,0.5200000122629853,-1.31313526534652,-3.0,0.5272235449620905,-1.5816706348862715
2020-02-14,937.45,128.2149438273585,-3.358367361166054,0.0,0.14494140766990313,1.0,-0.33323151188934136,0.37988514096910325,-0.12658969986942986,-1.077673613871382,0.5540799167972714,-0.5971173063084702,-2.319621404232858,0.5205000641856511,-1.2073630897896126,-2.708181074989143,0.5270316960634779,-1.427297265198541
2020-02-17,934.77,127.9153801901192,-2.8132691567478156,0.0,0.13675879836769989,0.5,0.496919809653737,0.3780014022672746,0.18783638486349974,-1.1764396505081414,0.5540956185571307,-0.6518600558434433,-2.4062174072647293,0.5216191619212521,-1.2551291073777564,-2.0750859730760447,0.5272631556408387,-1.0941163783901158
2020-02-18,927.93,128.19686420257835,-2.451680070076436,0.0,0.12489219924874685,0.5,0.7028656941706121,0.3723948883230669,0.26174359168677996,-0.9661251781743987,0.555253509228878,-0.5364443955357099,-2.345553848471017,0.5231154846743438,-1.2269955382726885,-1.797337206636042,0.5285506383817866,-0.9499837279548171
2020-02-19,928.76,128.53623290602272,-2.2816890546473605,0.0,0.11541396692380032,0.5,0.07851218376238009,0.3663412262741723,0.02876224967697348,-0.7332063217549367,0.5565365783131367,-0.4080561375070533,-2.2851249345750744,0.5244984859592637,-1.198544568412388,-1.3278723245317692,0.5300589412111459,-0.7038505984048927
2020-02-20,938.13,129.55307687428459,-1.2617613072069613,0.0,0.11508728277747685,0.5,0.3774069796923841,0.3631585069535542,0.1370585552589366,-0.14442668560180708,0.557080277596659,-0.08045725810742008,-1.5482704982050648,0.5249398324977774,-0.8127488559890171,-0.9517619514353982,0.5312397155684992,-0.5056137483694607
2020-02-21,933.09,128.7696708595414,-1.5628527692105518,0.0,0.1211396430047866,0.5,1.4138446329206578,0.35976911724667476,0.5086576355098139,-0.5473743493152985,0.5577176202025141,-0.3052803194600279,-2.46161174724897,0.5254811695181484,-1.2935306198440013,-0.8879639179276088,0.5323408483979339,-0.4726994654163366
2020-02-24,903.34,124.07461480315736,-3.6725299503634474,0.0,0.2449903055390374,0.5,0.5077004884486928,0.3517679640931905,0.17859276719071504,-2.973252727436877,0.5597651376348779,-1.6643232221969795,-3.0,0.5263069513943416,-1.5789208541830249,-1.136821093018865,0.5347179471836829,-0.6078786411741581
2020-02-25,909.67,125.0713588645881,-3.9113479737251806,0.0,0.2234647536015327,0.5,1.091234645966093,0.343685802203046,0.37504185469061363,-2.270957291239484,0.5605213816141594,-1.2729201184723047,-2.65380194675393,0.5288506737108303,-1.4034649474359289,-3.0,0.5366682541691868,-1.6100047625075606
2020-02-26,895.97,123.78104312806515,-4.70943051900848,0.0,0.22209063744042237,1.0,-0.4940549087460021,0.3293369839577381,-0.16271055355592384,-2.773594307627971,0.5629432060139014,-1.5613760717179972,-2.5669314941012313,0.5327289117609099,-1.3674786214173553,-3.0,0.5392884241057344,-1.6178652723172031
2020-02-27,898.44,124.6505778829369,-4.369232942398336,0.0,0.20315978379782723,1.0,-0.23411085390900285,0.3255030270407936,-0.07620379161048543,-2.1699722651392683,0.5633159124991027,-1.2223799066346719,-2.7165517959731584,0.5335872877344104,-1.449517504803359,-3.0,0.5403772464499399,-1.6211317393498197
2020-02-28,882.19,122.72460127076424,-5.0992129557196115,0.0,0.21956445744000713,1.0,-1.0294857104957873,0.3200160691009501,-0.32945197026846057,-2.9841933842889525,0.5639813186420704,-1.683029319954226,-2.7327983600455177,0.5350109632150624,-1.4620770828804952,-3.0,0.5415515275388101,-1.6246545826164303
2020-03-02,884.43,122.93839998354619,-4.723265015752169,0.0,0.1937732094419609,1.0,-0.35140851358828645,0.3192883897689517,-0.11220065845470475,-2.6903105695385574,0.5638099610623873,-1.5168238974572632,-2.743428068296485,0.5350156655900744,-1.467776993958136,-3.0,0.542154488627355,-1.6264634658820651
2020-03-03,890.61,124.19563536621183,-3.8143831967025816,0.0,0.18425932430374295,0.5,0.14599312069160147,0.31461801058711575,0.04593206519139634,-1.9057470640800809,0.564361724620005,-1.0755306997737457,-2.432089466464027,0.5360613395979208,-1.3037491374146988,-2.726116135625521,0.5432767171401898,-1.4810354247055333
2020-03-04,889.37,124.94232594321105,-3.107500711104609,0.0,0.17028999494414832,0.5,0.29387999080204347,0.30849804288444943,0.0906614020053304,-1.4283591605978894,0.5652557732069303,-0.8073882617409619,-2.0405797711186615,0.5377081156433454,-1.0972363035481445,-2.3768272549479437,0.5442286750658971,-1.2935375478208326
2020-03-05,893.31,124.98444206345891,-3.058088479440725,0.0,0.15179869329013626,1.0,-0.5453531692417887,0.30242545179666463,-0.16492867859669086,-1.3320490351991716,0.5661676748564533,-0.7541631050534968,-1.9922068072992198,0.5389933525111972,-1.0737862259618352,-1.9530220270996475,0.5454165160700222,-1.0652104698287022
2020-03-06,891.44,124.98846940374892,-3.0790740075160725,0.0,0.13690381339475455,1.0,-1.6632453842292982,0.2998535267408997,-0.4987299942966779,-1.2586748727998374,0.5663041065821243,-0.7127927493182808,-1.949155344837235,0.5391333292476158,-1.050854610282883,-1.4942615066201503,0.5465553720014549,-0.8166966536182307
2020-03-09,835.49,117.50706904536501,-4.558714741072079,0.0,0.3988431336407444,1.0,-2.5738159784381747,0.2996671413460317,-0.7712880766093073,-3.0,0.5658403389136099,-1.6975210167408297,-2.730371653423664,0.5388001288159088,-1.471124598579976,-1.1302644238032111,0.5474657399724558,-0.6187810491419664
2020-03-10,837.5,117.51401344204085,-5.5608069425191005,0.0,0.3400090818419034,1.0,-2.5738159784381747,0.3044664639766599,-0.7836406498816981,-3.0,0.5654002795084409,-1.6962008385253227,-2.6818651975613212,0.5381828418115921,-1.4433338333791588,-3.0,0.5458772069109737,-1.6376316207329213
2020-03-11,811.35,113.6527972897269,-5.541750857407552,0.0,0.37717513672669556,1.0,-2.5738159784381747,0.311364471366879,-0.8013948515220287,-3.0,0.5641766363072762,-1.6925299089218286,-2.6336192329939667,0.5359779583855587,-1.4115618596650474,-3.0,0.5454214124328822,-1.6362642372986467
2020-03-12,769.25,107.90051751789058,-5.503866561643988,0.0,0.46063004991921275,1.0,-2.5738159784381747,0.31897740371988736,-0.8209891384549706,-3.0,0.5629436055560338,-1.6888308166681014,-2.588560540182956,0.5338068030703718,-1.3817912265091783,-2.9613930079547144,0.5444246595034818,-1.6122553800117372
2020-03-13,761.7801,106.17962657377191,-5.454847311249446,0.0,0.4265129891534674,1.0,-2.5738159784381747,0.32619621821945877,-0.8395690385593486,-3.0,0.5617255674940124,-1.6851767024820372,-2.5475595600139873,0.5315791404996641,-1.354229521283938,-2.899038244866328,0.5435844289790609,-1.5758720489241218
2020-03-16,747.86,104.75527885411506,-5.40738148083584,0.0,0.39329733153256324,1.0,-2.5738159784381747,0.3319144987548632,-0.8542868403705645,-3.0,0.5606966205887112,-1.6820898617661335,-2.508704210399966,0.5296302688020744,-1.3286856852990299,-2.839909936886768,0.54308732589276,-1.5423190934001116
2020-03-17,745.7801,105.79033049948374,-5.362433144493847,0.0,0.3465250002361408,1.0,-2.5738159784381747,0.33736727064455624,-0.868321271787035,-3.0,0.5597303306270055,-1.6791909918810166,-2.4718802102754474,0.5277049823810073,-1.3044235028113655,-2.78382340063547,0.5425981323634343,-1.5104973780144306
2020-03-18,747.66,106.25511013737095,-5.318952790414388,0.0,0.3014078047877481,1.0,-2.5738159784381747,0.3418957235992027,-0.8799766763593097,-3.0,0.5588979332126706,-1.6766937996380116,-2.4364200407176466,0.5260114384279356,-1.281584810232539,-2.730574273468608,0.5422659689471181,-1.4806975041845278
2020-03-19,725.94,103.9708143495601,-5.277320760550156,0.0,0.314633779008187,1.0,-2.5738159784381747,0.34683610272625337,-0.8926923030960551,-3.0,0.5580337945259444,-1.6741013835778331,-2.4012083108734688,0.5243481476394231,-1.2590691299028913,-2.679800793797881,0.5416290447157952,-1.451457943973376
2020-03-20,709.73,103.07948919993821,-5.220216002489117,0.0,0.2918544514548416,1.0,-2.5738159784381747,0.35139944522245353,-0.904437506927861,-2.9699384128248045,0.5572744071466768,-1.655070668269085,-2.366392046436369,0.5227791377768245,-1.2371003936779401,-2.631506091143556,0.5409858021630434,-1.4236074336142315
2020-03-23,666.5901,97.06584783372136,-5.099311434911303,0.0,0.4314192636911891,1.0,-2.5738159784381747,0.355983398244855,-0.9162357584613278,-2.919285804266468,0.5565043725509061,-1.624595314800078,-2.3324304442540247,0.5213340539837962,-1.2159754191381773,-2.485312806222968,0.5401754415581915,-1.3425049425117197
2020-03-24,659.21,96.06319710183146,-5.086077617129293,0.0,0.3898383711792253,1.0,-2.5738159784381747,0.35996072860405615,-0.926472674891367,-2.8641647471889207,0.5558220499095392,-1.591965921061183,-2.2984942170473412,0.5200742117797982,-1.1953875682113204,-2.543768302450109,0.5394561492269935,-1.372251452965422
2020-03-25,690.25,99.28616657722743,-4.963945606057443,0.0,0.37675398206196514,1.0,-2.561943599861549,0.3641975981634805,-0.9330537056998772,-2.8112884881847755,0.5550331690329161,-1.5603583586629517,-2.1646375447934654,0.5188741783246127,-1.1231745274253164,-2.5016901204729205,0.5385795000120128,-1.3473590142692977
2020-03-26,694.21,97.82205400412118,-4.791888428977369,0.0,0.35691340034222957,1.0,-2.2117956201256064,0.3675391447824814,-0.8129214706546035,-2.7570991479358153,0.5543276138691187,-1.5283361918758407,-2.1755261871286375,0.5177166933054715,-1.1263062237996988,-2.4608841864875095,0.5381498852806529,-1.324324542647226
2020-03-27,696.06,96.93811325098231,-4.572754210222593,0.0,0.3270889739256127,1.0,-1.850118883838751,0.3708824077151923,-0.6861765461974602,-2.7060023934877666,0.5536729271894666,-1.4982402661840746,-2.0997699247628727,0.5167786253934251,-1.0851162153614131,-2.4249075720274624,0.5374312808920892,-1.3032211824796454
2020-03-30,662.26,93.0295418880484,-4.536243718910929,0.0,0.39049378613765867,1.0,-2.0731845514082146,0.37333123589795913,-0.7739845508217847,-2.658348625022516,0.5530817637992551,-1.4702841463207779,-2.029544698320848,0.5159874010892403,-1.0472194942810207,-2.317529070498988,0.537104601332719,-1.2447555274873456
2020-03-31,662.5301,91.81400772339178,-4.497515325374211,0.0,0.36374287004017397,1.0,-2.068909114550983,0.37640758341657254,-0.7787530801166563,-2.6131217235850333,0.5524857513744698,-1.4437125188878266,-1.9640587298651804,0.5150259805592963,-1.0115412732248605,-2.3551243681745277,0.5364933038012856,-1.2635084531448677
2020-04-01,680.23,94.24430381598265,-4.2189351140441325,0.0,0.3458133211954509,1.0,-1.5289711898875433,0.37976467752373355,-0.5806492508707221,-2.569415553283269,0.5518807174133096,-1.4180108988788864,-1.9014139584990286,0.5139799489065149,-0.9772886492394649,-2.3200742715578544,0.5357528120082268,-1.2429863150550589
2020-04-03,701.8,96.87658960579041,-3.5429024949613375,0.0,0.33358600799181853,1.0,-0.044430922623263466,0.382147197910388,-0.016979152581053397,-2.527866479964664,0.5514749020236552,-1.3940549193673952,-1.842135028577284,0.5132070762011804,-0.9453967319839259,-2.2168041246836054,0.5352171975042236,-1.1864716910289628
2020-04-06,736.75,101.41969858081012,-2.5052079588712513,0.0,0.35238175090611484,0.5,1.0299676055226512,0.3813478203423422,0.39277590138928437,-1.7136823902226777,0.5516305975963247,-0.9453196410088338,-1.6998595894988477,0.5134446684801013,-0.8727838433929569,-2.0169637276434873,0.5353990064662291,-1.079880375858745
2020-04-07,746.69,102.4728285007622,-1.9499310868211417,0.0,0.3142293332494995,0.5,1.9739295563802461,0.37843355973852766,0.7470011886940693,-1.3659248259714247,0.5525094172230324,-0.7546863295679438,-1.5959916144003825,0.5142543695668896,-0.8207456614975112,-2.0931972333069964,0.5357833779848459,-1.1215002844497561
2020-04-08,748.02,102.89370080793813,-1.6549486684453734,0.0,0.2747819780110945,0.5,1.8964014807956584,0.37296207974685974,0.7072858403125732,-1.170090228472771,0.554074935271081,-0.648317667602375,-1.5535791202947247,0.5158940234378475,-0.8014821830978772,-1.7009493555802802,0.536426704924684,-0.9124346580576944
2020-04-09,760.33,104.59397424666625,-1.1059442881857457,0.0,0.25987108709733714,0.5,1.9739295563802461,0.3688218547428848,0.7280283601159622,-0.7193728055783106,0.5553047838124728,-0.39947116028223584,-1.403242768954759,0.5169455696435482,-0.7254001325455078,-1.3204745275389933,0.5370049483616598,-0.7091013554739642
2020-04-10,757.94,104.42588878828933,-0.9594359127461055,0.0,0.2307284374941548,0.5,1.9739295563802461,0.3655910792359819,0.7216510368528571,-0.67888231226869,0.5564170600236596,-0.3777417002946085,-1.315752271807006,0.5175535093787208,-0.6809722057467406,-1.1579527712248299,0.5374770534892331,-0.6223730435576136
2020-04-13,765.79,105.44012805368874,-0.6264268107482548,0.0,0.21408149749186464,0.5,1.9739295563802461,0.3620108112135261,0.7145838399835686,-0.39070294541833533,0.5575035884400289,-0.2178182940848107,-1.2314742849088374,0.5182155564073483,-0.6381691317553745,-0.9013020017625591,0.5381361895825609,-0.4850232248916382
2020-04-14,767.41,105.65360176924075,-0.5234284648615559,0.0,0.18960258559970433,0.5,1.9739295563802461,0.3600753898476967,0.7107634545455082,-0.28405269895469815,0.558293223524484,-0.15858469695024824,-1.3120285433242853,0.5183334192964956,-0.680068241075877,-0.734516627028448,0.5385024202666817,-0.3955389813809388
2020-04-15,777.22,107.74017104502671,0.0044475249360486635,0.0,0.19514143125561506,0.0,1.9739295563802461,0.3590662266768774,0.7087714375354175,0.21810681882087402,0.5589480818762236,0.12191038802405255,-1.0668405342297644,0.5180503713208617,-0.552677134897876,-0.5077445831287387,0.5387692450402468,-0.2735571657255454
2020-04-16,780.7,108.89899504578806,0.13362611198708452,0.0,0.18616378269052689,0.0,1.9739295563802461,0.35878014611209597,0.7082067346530895,0.5022968990610885,0.5595374707289182,0.2810539364556202,-1.097991544357874,0.5174698569027769,-0.5681775273393281,-0.5334085782458056,0.5389059034776734,-0.2874570317822971
2020-04-17,789.6,111.0319437694866,0.46537959504162885,0.0,0.19207459393482149,0.0,1.9739295563802461,0.3591429105391427,0.7089228060776404,0.9806281625183096,0.5599870782333706,0.5491390995619871,-1.0745645008093543,0.5166857796735058,-0.5552121969101528,-0.4406165689608437,0.5389495775156585,-0.23747011368784574
2020-04-20,794.97,112.2305318135983,0.7389335043578122,0.0,0.19522296024642014,0.0,1.9739295563802461,0.3597974772269855,0.7102148746093953,1.2317564138136772,0.560269484212522,0.6901155306428547,-0.7868553291834947,0.5157461710524084,-0.40581762319856973,-0.4740680081184865,0.5391194371251254,-0.25557927769586786
2020-04-21,766.8401,107.99367116141099,0.1705837407749374,0.0,0.29910750347500836,0.0,1.9739295563802461,0.36099631785580855,0.7125813015600185,0.31322189087240276,0.5603096255566201,0.17550124039085252,-0.9835282984503266,0.5150044212297192,-0.506521422106461,-0.3914343341397126,0.5389853691121782,-0.2109773790694727
2020-04-22,768.92,109.30503640632556,-0.02738064473185242,0.0,0.27572452468781555,0.0,1.9739295563802461,0.3607428056954996,0.7120808864138829,0.6204447476329863,0.5606794078959862,0.34787059373503737,-0.8068836273118868,0.5145639002797973,-0.4151931863415148,-1.2465686666011773,0.539191266833197,-0.6721389385392579
2020-04-23,773.91,109.94570093154262,0.20441838801261514,0.0,0.24734494836349122,0.0,1.9739295563802461,0.3603360324493641,0.7112779446805912,0.7688464544633397,0.5610993824385557,0.43139927078945306,-0.7399882436530967,0.5148691497808631,-0.380997117857504,-1.0343896644620796,0.5387348005741354,-0.5572617095999253
2020-04-24,776.66,110.58563219827084,0.4232478789060583,0.0,0.22369667177152774,0.0,1.9739295563802461,0.36064579369568933,0.7118893915601339,0.9104336141707904,0.561339313908845,0.5110621803381815,-0.7261774346640086,0.5149038382843694,-0.37391154838399493,-0.7910761345894106,0.5382442043069086,-0.4257921446082622
2020-04-27,770.77,110.88473956443916,0.576318210676376,0.0,0.19947969225956455,0.0,1.9739295563802461,0.36150642990600235,0.7135882268129617,0.9742012950672148,0.5614502398398583,0.5469655507677883,-0.7128689778122137,0.5146220330424335,-0.3668580826546028,-0.5901178609568538,0.5378205020521758,-0.3173774842497712
2020-04-28,767.21,111.06214731669957,0.7121723127678422,0.0,0.17755459405222876,0.0,1.9739295563802461,0.3622031562226356,0.714963515482072,1.0073336415516363,0.5616035241480896,0.5657221230883274,-0.6997434438273397,0.5141701592914367,-0.35978719797584174,-0.38823822338077707,0.5376238485977216,-0.20872612782671532
2020-04-29,769.11,111.66909503828806,0.9406869783522849,0.0,0.1646355180363622,0.0,1.9739295563802461,0.363257072987477,0.7170438729341572,1.1305134263698724,0.5616693053972536,0.6349746909314354,-0.5839071992931997,0.5135081781173595,-0.29984112209866093,-0.20743309622740988,0.5374767355948792,-0.11149046341464672
2020-05-04,762.47,110.20765007438291,0.8026520875861464,0.0,0.1847780919052526,0.0,1.9739295563802461,0.36499032148843497,0.7204651833787499,0.8110682249357527,0.561663060455307,0.4555470614554682,-0.6246202698044184,0.5125740078897831,-0.3201641151028484,-0.09902452709042492,0.5372006684429493,-0.053196042145223214
2020-05-05,764.16,110.74854283452854,0.7363148711841743,0.0,0.16991884203900068,0.0,1.7682461794992885,0.3663134283894306,0.6477323202488968,0.92915384398808,0.5617257676475685,0.5219296562768934,-0.5613342701348718,0.5117028598713167,-0.28723635137179215,-0.272054133448266,0.5370650029017412,-0.14611075396982368
2020-05-06,782.5901,112.54060023107473,0.9827973182765433,0.0,0.17476465039841815,0.0,1.5981377647806323,0.36790280426311456,0.5879593652615803,1.2974566575173352,0.5616473812192492,0.7287131339400915,-0.5011032354943923,0.5109631935954619,-0.25604530952923354,-0.14499811378141375,0.5367647162170983,-0.07782987139589509
2020-05-07,796.54,113.7016116542974,1.282768748636228,1.0,0.16958055289860846,0.0,1.9739295563802461,0.3699456967957516,0.730246745160819,1.5096112730374869,0.5612938252511919,0.8473354860855324,-0.3902171353636602,0.5100907734088865,-0.1990461603750496,-0.17848384193371405,0.5365601793278313,-0.0957673222350739
2020-05-08,813.73,114.71283669924787,1.4577601712428312,1.0,0.1630384886366346,0.0,1.9739295563802461,0.37135436704906793,0.7330273610090338,1.673329655738568,0.5610509285361415,0.9388231570991855,-0.2809309618158588,0.5095557501053981,-0.1431499869759109,-0.13226518745428004,0.5363494450419849,-0.0709403598894772
2020-05-11,828.33,116.40558283291472,1.70521540935936,1.0,0.1667233386488256,0.0,1.9739295563802461,0.37332483923282433,0.7369169342925757,1.9569427355072047,0.5606860951461421,1.0972305807961442,-0.1734259089714649,0.5089566472793914,-0.0882662691814977,-0.07587876543165076,0.5359317104927436,-0.04066583654786225
2020-05-12,835.32,118.34635026381642,1.8875984701672583,1.0,0.17290199079209417,0.0,1.9739295563802461,0.3754796198054137,0.7411703193523238,2.1558945144425157,0.5601993324852371,1.2077306678992816,-0.015266206329144716,0.5083530118783455,-0.007760621967376977,-0.09998334321352405,0.5355081496187443,-0.05354189511697009
2020-05-13,834.21,119.08812172747866,1.9219102037553468,1.0,0.16189145507024974,0.5,1.9734028296358228,0.37802303457138253,0.7459917260906868,2.1558945144425157,0.5595885657918639,1.2064139193354342,0.09110254806571541,0.5078008274953887,0.046261949294708705,-0.14350371398617834,0.5348808670755077,-0.07675739096548274
2020-05-14,832.4,119.00935194189945,1.9849304268518078,1.0,0.1477191173572958,0.5,1.9269129157753202,0.3804469899568978,0.7330882187157899,2.1558945144425157,0.5590091852187943,1.2051648359361788,0.14574582324119742,0.5073974987612713,0.07395106616748592,-0.05105995707541866,0.5341503504862288,-0.027273693967646676
2020-05-15,827.0301,117.6355475182393,1.6527632055814854,1.0,0.1661829559455048,0.5,1.5895154639355065,0.38222031629275616,0.6075451033776563,1.8269656226886524,0.5585600602641467,1.020470028309498,-0.004338836802861803,0.5070885286621072,-0.0022001743704681926,0.050498231414368024,0.5336473676409147,0.02694824826479924
2020-05-18,837.01,118.63333400515947,1.7076668893181208,1.0,0.15954410620325388,0.5,1.7717648357677676,0.38358444458315216,0.679621430459939,1.944521758755894,0.5582145316639773,1.0854603028743348,0.0010274518330484679,0.506640905769451,0.0005205491273301585,-0.10860403606201784,0.533455249401589,-0.05793539314348289
2020-05-19,845.92,119.51313375230959,1.7618853198926077,1.0,0.1523110114568969,0.5,1.5582907628291098,0.3847154316109287,0.5994985033971243,2.02723914685175,0.5579133383459745,1.1310237600457052,0.10989531031366753,0.5063537759779895,0.05564590533959845,-0.045539295875282104,0.5332284661652071,-0.02428284888982022
2020-05-20,852.91,120.04951752323959,1.7993407391395655,1.0,0.14178193822229365,1.0,1.2616630904008859,0.385868329501996,0.4868358290873156,2.0411918391588095,0.557527088309133,1.1380197427665752,0.32203030580665565,0.5061444828872635,0.16299386260653706,0.021559749215319703,0.5329980680374592,0.011491304679137528
2020-05-21,862.73,120.33398437564095,1.85687475845604,1.0,0.1296814628240222,1.0,1.1931257248413218,0.38658790296385354,0.4612479719386343,2.006967240336419,0.5571585467258753,1.1181989509522798,0.42856946014165653,0.5061594930511297,0.21692450068249722,0.11354713602039725,0.5328477406225386,0.06050333488262874
2020-05-22,852.74,119.3477836366584,1.499001237827452,1.0,0.14104299870082615,1.0,0.8236511032287762,0.3869961634562194,0.3187498169760189,1.7548822856861488,0.556884903156985,0.9772674517162395,0.17255865851978966,0.5062545688941127,0.08735860927788253,0.2170361081363143,0.5327471122210222,0.11562535985731094
2020-05-25,859.04,120.86487645867807,1.9861497985646155,1.0,0.14496903150243015,1.0,1.1881516274405821,0.3869566257464509,0.4597631446295619,1.9504143570637116,0.5567013031178498,1.0857982141971314,0.7499120619067448,0.506244838831569,0.3796391109178296,0.1143564141159989,0.5329769151231669,0.06094932882009247
2020-05-26,869.13,123.16451465557236,2.171831086097896,1.0,0.1587921152125514,1.0,1.1949213461674604,0.38714488089804117,0.4626076822445285,2.1558945144425157,0.5566065746999641,1.199985061098291,0.9071647387497381,0.5064543197252878,0.459437500642267,0.0934805634829525,0.5327400719176387,0.04980084211280951
2020-05-27,857.48,121.52049569604604,1.601879592582596,1.0,0.1808570206933712,0.5,0.5412264729764216,0.38761356344108705,0.20978672181904195,1.872493308157019,0.5564380848857526,1.0419265903522792,0.6991163550005396,0.5067759147580039,0.35429533032767985,-0.007757445898302679,0.5322692507992235,-0.004129049916405076
2020-05-28,861.39,121.67283042951465,1.3092068905260654,1.0,0.16132854758236112,0.5,0.11691352585962839,0.3872713881737945,0.0452772634559511,1.8202054938583943,0.5562524662410904,1.0124937950243136,0.7003472549118063,0.5072308009902038,0.3552376990802059,-0.19501400306343641,0.532279043575344,-0.10380186703440512
2020-05-29,864.47,122.18035426042297,1.3666756984100858,1.0,0.14898294677106294,0.5,0.02268320527078287,0.3865617006132633,0.008768458404833564,1.8270982409793097,0.5560099872391553,1.015884869651589,0.7009015472450978,0.50791557537143,0.3559988126477193,-0.026252003569865,0.5323952610649397,-0.013976442294056006
2020-06-01,878.67,124.00226479564003,1.78202571894485,1.0,0.15522166552738903,1.0,0.23747638884261668,0.3857954141090272,0.09161730177465366,2.0351377651019966,0.5557334860625245,1.1309942048176276,1.0124074204583497,0.5085668749076774,0.5148768779558459,0.0836196582228102,0.5326179913107298,0.04453733439672292
2020-06-02,874.8,123.26644236505055,1.4273520502732344,1.0,0.15594248656579765,0.5,-0.18403980573081702,0.38532532445884743,-0.07091519785657031,1.823985012787833,0.5554809826212946,1.0131889871899,0.9071543254441945,0.5091986306893173,0.4619217403400751,0.043476782252848824,0.5326180871702438,0.023156520599829544
2020-06-03,881.17,123.94431847704648,1.413271513608782,1.0,0.14637377477563027,0.5,-0.21859235771417213,0.38475926191188525,-0.08410543421368366,1.8431213495656507,0.5551476009551701,1.0232043954806265,0.9017999318346166,0.5098254984839657,0.45976059978038974,0.02705071968383256,0.5327751989557286,0.014411952561449535
2020-06-04,883.9,124.8199599035711,1.5187465662296733,1.0,0.14060231208203322,0.5,-0.32019899974818844,0.38425194168966964,-0.12303708738033145,1.886844373608771,0.5547200858096952,1.046670472837798,1.0509120293615133,0.5105157918776464,0.5365071868632373,0.10997031033695912,0.532925602641253,0.05860599390896955
2020-06-05,886.22,126.55087482369565,1.8892576771468894,1.0,0.14648524442864874,0.5,-0.05617201014521724,0.383244292176507,-0.021527602268235354,2.046957271333556,0.5542640588093106,1.134554845418568,1.3488046386209394,0.5115816824262149,0.690023746289983,0.1617072234160303,0.5331035057400401,0.08620668770657365
2020-06-08,899.92,129.00885653814248,2.0930166753179744,1.0,0.16072516679247625,1.0,0.06083722921478896,0.3827662288115766,0.023286436797890244,2.1558945144425157,0.5538634541610999,1.194071182576099,1.5837796941599822,0.5125038854739767,0.8116932469917775,0.1200159564672617,0.5329775376131496,0.06396580895220809
2020-06-09,899.43,129.40126412149496,1.8343174500818726,1.0,0.14681784271025053,0.5,-0.3088494688637287,0.38278666329497646,-0.11822345764677245,2.1558945144425157,0.5535048962871545,1.19329816962255,1.4674854328353726,0.5132562416414705,0.75319605792069,0.011352896365178852,0.5326112377764072,0.006046680185405182
2020-06-10,900.0,130.4048367995119,2.3029486139358024,1.0,0.14203604663019553,1.0,0.3778550803424155,0.38202096888649534,0.1443485638910941,2.1558945144425157,0.553119117139554,1.1924664704744516,1.745541307572281,0.5142732498359659,0.8976852009681182,0.1285220686440324,0.5325807413800628,0.06844837860213811
2020-06-11,867.37,125.18956896028371,1.2214263414605675,1.0,0.28371759769668975,0.5,-0.32995835379327587,0.38300881981704776,-0.12637695967513848,1.3967842311282628,0.5527683541425957,0.7720981205331009,0.9407558053904215,0.5147431335905777,0.48424759121019323,0.17198360079193067,0.5317808731255679,0.091457589392412
2020-06-12,863.52,124.83140595342677,0.5293178068450051,1.0,0.25527078359616867,0.0,-0.2108919860702586,0.382944664606167,-0.08075996087380362,1.2924433109764768,0.5524893610185847,0.7140611790341376,0.8393611062847166,0.5151155453620606,0.4323679540195543,-1.0086411171011087,0.5317563960473743,-0.5363513653348833
2020-06-15,832.47,121.2344407324919,-0.13374285960122212,1.0,0.30744656583939134,0.0,-0.6962109512408449,0.3842165916827949,-0.2674957987779939,0.7598133009242322,0.5521421374675857,0.4195249400486074,0.24046971312099313,0.5153357586352805,0.12392264204001525,-0.7715738976383913,0.5309856180539947,-0.40969464291185087
2020-06-16,856.13,123.78239435718203,0.20497525232694358,1.0,0.295709633536399,0.0,-0.3892807954784089,0.384937861727011,-0.1498489170228486,1.0832811258963,0.5517064118288427,0.5976531429701565,0.7394064919553708,0.5154248262695851,0.38110846265870035,-1.1754004819126824,0.5308296583848222,-0.6239374362790646
2020-06-17,854.44,123.82176761952472,0.19303438550722862,1.0,0.2574852866155777,0.0,-0.5438681562160417,0.3851800305708072,-0.20948715303778348,1.0502926423452137,0.5516384611138063,0.579381816942467,0.7349121159418952,0.515766937453137,0.379043371336556,-1.048099342807341,0.5303921365364272,-0.555903649734011
2020-06-18,855.27,124.0800279221268,0.3920362733119615,1.0,0.22683908557256582,0.0,-0.5751775172019595,0.38528656192587185,-0.221608168099802,1.0474573547746715,0.5515157631656804,0.5776892424020578,0.8276626171101048,0.5159965275006261,0.42707103637089433,-0.7376495764731748,0.5302190224675223,-0.39111583736118855
2020-06-19,868.56,126.19694231982601,0.8646311217975524,1.0,0.223407432876064,0.0,-0.4370074466185724,0.3850510236939618,-0.16827016468236566,1.2876395694919582,0.5514349975026099,0.7100495227870597,1.1151935414247316,0.5162579809639624,0.5757275660799829,-0.4769265242116384,0.530219624092263,-0.2528758023871245
2020-06-22,871.28,127.00911403483246,0.9304917037677388,1.0,0.20460245264429205,0.0,-0.5867068235751531,0.38452229728706794,-0.22560185563511637,1.3406981155673234,0.5514582382708374,0.7393390208637878,1.250454457766704,0.5166277932328396,0.6460195270541793,-0.43239681915088235,0.5302189525013858,-0.229264988515112
2020-06-23,868.2,127.24727140281831,1.0680753219476915,1.0,0.18226106497803954,0.0,-0.6583968938526813,0.38355132211075593,-0.25252899911081095,1.315108281056826,0.5515821542092108,0.7253902586836962,1.4283919926300672,0.5170859543430064,0.7386014366850269,-0.2703653539635414,0.5303467038515466,-0.14338737431022086
2020-06-24,859.71,125.74302556679,0.9032403710789477,1.0,0.1953263934765748,0.0,-0.7817105783205133,0.38248774458946316,-0.298994716023538,1.0697051210127455,0.5517522007244386,0.5902121546449843,1.267804377526716,0.5174721357150791,0.6560534389076762,-0.08298854803357528,0.5305612339712344,-0.04403050645017476
2020-06-25,854.59,125.40888089911455,0.7139116885123841,1.0,0.1810286334497786,0.0,-0.6738472759847491,0.3809780979157197,-0.25672105349035873,0.9888245888113131,0.5520246418023435,0.5458555394439146,1.0174893889939085,0.5178796788916181,0.5269370780477941,-0.19240372083484064,0.5309662154437234,-0.102159875488966
2020-06-26,851.98,125.05167053006633,0.7261356699818802,1.0,0.1694742449691716,0.0,-0.676516317755532,0.38005745236825794,-0.25711506821172236,0.9091946939154696,0.552139820895026,0.5020025954571954,1.0121452138001301,0.5181444609928479,0.5244374362509593,-0.08129782406065209,0.5312478410532966,-0.04318929351455217
2020-06-29,829.36,121.73859776909185,0.17000847701184074,1.0,0.2354010680740544,0.5,-0.8223350775103507,0.3789653922029747,-0.31163653517097367,0.4582173310381993,0.5523780524979188,0.2531091969396747,0.4320371249509522,0.5183717184097436,0.22395582687763022,0.008616150491618887,0.5315585388120314,0.004579988365509502
2020-06-30,825.11,121.25427887842632,-0.1551362336191163,1.0,0.2179392959425454,0.0,-0.8463620005894313,0.3780856425221575,-0.3199973207991938,0.3898526756303214,0.5525051841734698,0.2153956243496507,0.4323553153063141,0.5185057551982568,0.22417871927688085,-0.5164539893264378,0.531922033954538,-0.27471325644645406
2020-07-01,843.49,123.60618503160903,0.333064459464257,1.0,0.21970662502788804,0.0,-0.7552060664792761,0.37762687542359763,-0.2851861071855148,0.685464469547006,0.552535236756741,0.37874327296948884,0.8456203458468001,0.5186645160395442,0.4385932674318226,-0.3741782120119054,0.5320619088991886,-0.19908597375153966
2020-07-02,842.38,123.75441798774558,0.317290083018686,1.0,0.19400151338267035,0.0,-0.5902692006216453,0.37641487296986065,-0.22218610617001783,0.6859220968643891,0.5528379976802329,0.37920379859513564,0.6852610454343847,0.5189500473498371,0.3556162519751728,-0.3669616304707805,0.5323277562588631,-0.19534386138160464
2020-07-03,847.61,124.28538058323144,0.4547272594987734,1.0,0.17679870898073616,0.0,-0.6769466095369444,0.37568975696981904,-0.25432190721847764,0.7340838956672205,0.5530028168115159,0.4059504620799439,0.7352985273075997,0.5191675328102187,0.3817431223012737,-0.1477010505710387,0.5324567249854563,-0.07864441766396651
2020-07-06,861.16,125.40982310222955,0.7908237373113192,1.0,0.16935544866754884,0.5,-0.5356170608656671,0.374631024555442,-0.20065876828147938,0.8549070945877567,0.5532030814515357,0.47293723908072655,0.9962381978246543,0.519464332312722,0.5175102102574135,0.0019430191299897226,0.532705128160002,0.0010350562546585108
2020-07-07,863.42,125.3063142617854,0.6494553009438655,1.0,0.15446776162333303,0.5,-0.8823229541284959,0.37340706353311637,-0.3294656233889862,0.8156543234374397,0.5534863171286718,0.451453507529467,0.9404577252449915,0.5197777366091324,0.48882898780441497,0.07249718970080597,0.5329645074302815,0.03863842899896973
2020-07-08,864.5,125.64394947158466,0.9949261388237006,1.0,0.14098590926695442,0.5,-0.6463693390594295,0.37165978867780247,-0.24022949196263843,0.8325366144138212,0.5537796480809815,0.4610418333446177,1.2979531591842375,0.5202514056305247,0.6752619555081798,0.18531751900077903,0.5334187640032352,0.0988518419335416
2020-07-09,876.46,127.42094257658016,1.4221406646961607,1.0,0.14726056834661655,0.5,-0.010874760106361374,0.3705401524025722,-0.004029535267152556,1.0259472279106725,0.5540455606720118,0.5684215071076648,1.3372217415430898,0.5204896429847219,0.6960100668471708,0.30305777154965946,0.5336890889860417,0.16173862600847771
2020-07-10,871.21,126.9600064749012,1.3181161737291487,1.0,0.1429171331045208,0.5,-0.006377891509990997,0.3703495503085933,-0.0023620492526421604,0.9322867008291738,0.5541237411154911,0.5166021944556805,1.273654233116169,0.5205724240829516,0.6630292715767968,0.2639262713917929,0.5336594807579038,0.1408467569493138
2020-07-13,868.72,126.77331741359781,1.6765469841312106,1.0,0.1336023667251669,1.0,0.948221541438119,0.36979586722913355,0.350648407241455,0.8779206835118687,0.5543454086564539,0.4866713000693402,1.312677571678056,0.5206894495195814,0.6834973621937479,0.2917934987456041,0.5336990553118469,0.1557299146266675
2020-07-14,868.11,127.28313579894797,1.763346947374328,1.0,0.12511503371146807,1.0,0.977493800003373,0.3702392693398339,0.3619065902974666,0.9109030613724344,0.5543876721581911,0.5049934277560337,1.3508451946665343,0.5206321322282723,0.7032934140095534,0.3621151485786831,0.533403576374559,0.1931535153112744
2020-07-15,869.91,127.58094871018332,1.7644924103054498,1.0,0.11533964824551449,1.0,0.8763555369403718,0.37088160062549436,0.3250241442574596,0.9153425600868753,0.5543838180109617,0.5074511032488901,1.3369472866400436,0.5204857491344747,0.6958620100401463,0.44298129150142035,0.5331041226561518,0.23615515275895374
2020-07-16,876.83,127.72228575047887,1.6689114382152708,1.0,0.10510819951838811,1.0,0.6712659875484094,0.3715062885506178,0.2493795356643748,0.9002586899998067,0.5543482668447978,0.4990568445133609,1.2238905285188293,0.5203007323042852,0.6367911382486255,0.5323531719098052,0.5328866901857643,0.2836839197889093
2020-07-17,872.02,127.60945520715514,1.7112940004213162,1.0,0.09959458149323518,1.0,0.5997422818683265,0.3719227939154399,0.22305782510168926,0.8558436965372775,0.5543128909203483,0.4744051936035356,1.311402602087418,0.5201387954641259,0.68211136981827,0.6226073444140788,0.5327910357530311,0.33171961189782123
2020-07-20,861.4,126.16615366997037,1.476176611973146,1.0,0.12809941302412153,1.0,0.3741961497959614,0.37207748368593907,0.13922996182104805,0.6534435140483807,0.5543386621162643,0.36222900334612973,1.197967546450217,0.5200300375384739,0.6229791081503798,0.6602165461648197,0.5327623803111694,0.3517385386555884
2020-07-21,861.69,126.12368717273668,1.4658199048244158,1.0,0.1184439710381871,1.0,0.7266136947341884,0.3720902229931527,0.27036585170352273,0.6302570375022026,0.5542562762206085,0.3493239186678032,1.1844388796247856,0.5198794981753865,0.6157654903587505,0.43221512893344294,0.532986072613421,0.23036464409433915
2020-07-22,855.08,125.19927141693059,1.180719419442198,1.0,0.12812613498199907,1.0,0.2635046099188002,0.3725528960954361,0.0981694055597472,0.501795518820238,0.5540796593005276,0.27803469010644893,1.0255479254774371,0.5197683589416487,0.5330473622414198,0.5093638548285957,0.5329548984702358,0.27146796153458214
2020-07-23,856.75,124.91889046496725,0.9342875454575992,1.0,0.12307827505742869,1.0,0.016381485705550158,0.372664046954942,0.006104790758164855,0.4574801420226769,0.553927496034555,0.253410829556154,0.8713369456908919,0.519608362463672,0.4527539635045419,0.4163945512046309,0.5331913229806675,0.22201796163873846
2020-07-24,829.16,120.05416914793685,-0.14283200486804018,1.0,0.2594441031121834,0.0,-1.092576029183179,0.3725640793188867,-0.40705458239851616,-0.13555579840255919,0.5539238365185419,-0.07508758791347962,0.18439831442317603,0.5195772336719569,0.0958091661017655,0.45659692569603705,0.53329531067472,0.24350099934219013
2020-07-27,785.17,113.77547690918537,-1.6578759937975593,0.0,0.39166550197067423,1.0,-1.451735065154073,0.3715761619587993,-0.5394301436909579,-0.8688562402832086,0.5542059774684146,-0.48152532192568737,-0.447079499517175,0.5198302951938119,-0.23240546820911476,-0.7583072512930121,0.53344479995681,-0.4045150599717993
2020-07-28,813.36,117.85474996510052,-1.610057444174493,0.0,0.3938093915789336,0.5,-1.3564957451782158,0.3716771761447911,-0.5041785080202634,-0.3273988527903717,0.5542145206125074,-0.18144919824830072,0.0946658516804226,0.5197143975108847,0.0491992060709456,-1.825057586076465,0.5334784783805073,-0.9736289439768744
2020-07-29,790.8401,114.60982198922505,-1.939643041429047,0.0,0.41138437861260674,1.0,-1.4985632395873827,0.3722050491429356,-0.5577728042344186,-0.6883784601217642,0.5542558193259454,-0.381537767421121,-0.19558377439908192,0.5191633999129417,-0.10153993728483314,-1.684381105429578,0.5336040220300677,-0.8987925324886744
2020-07-30,801.13,115.53987413159219,-1.8658467378489108,0.0,0.36684246744495924,1.0,-1.493109534349946,0.3727748188989315,-0.5565936362635691,-0.5336330950728846,0.5541954300851429,-0.29573702263158325,-0.1433232461230892,0.5185743938102814,-0.07432376547720274,-1.7593086457401506,0.5338416972773032,-0.9391923134765557
2020-07-31,798.39,114.64461931473949,-1.6764968350076281,0.0,0.338354788896159,1.0,-1.5088085712754837,0.3733114431210395,-0.5632555051362446,-0.6042054934095106,0.5540966382229556,-0.334788232694052,-0.13926566017470512,0.5179143878671526,-0.0721276891402973,-1.3221871553167865,0.5342098546312105,-0.7063254080370343
2020-08-03,814.65,117.5233684871205,-1.1555411916300167,0.0,0.3325343127394835,0.5,-1.3925172518531193,0.3734756430325158,-0.5200712760697155,-0.2191444743772881,0.5540868610028069,-0.12142507391382161,0.10759684242462161,0.5177073362556124,0.05570367468116572,-1.0663339158693834,0.5343059128557573,-0.5697485163276452
2020-08-04,827.57,119.47657362980135,-0.837971607325414,0.0,0.3142129557902286,0.0,-1.3599060674216576,0.37316170717219654,-0.507464869712894,0.0379831850363001,0.5541819728127484,0.021049596417128454,0.3044073768884621,0.5175804087885986,0.1575552945681952,-0.9524124491539213,0.534549531613236,-0.5091116285978436
2020-08-05,837.8,121.24638835190898,-0.3414900526172877,0.0,0.296108458946777,0.0,-1.097706964440097,0.373155095662348,-0.40961494732487,0.26071841130158885,0.5541027728373309,0.14446479463195408,0.6439008873281741,0.5173371184221758,0.33311382959983965,-0.765517705657311,0.5348716646241831,-0.4094537295242114
2020-08-06,840.04,121.18456734735994,-0.2247625988667188,0.0,0.26227015969271184,0.0,-1.0778321880730128,0.37300478239104773,-0.402036560766241,0.2524305639861866,0.5540282142014273,0.13985365457512608,0.6867871030457263,0.5169210967972055,0.35501474257257226,-0.5931293040749861,0.5354556469663558,-0.3175944352481761
2020-08-07,841.46,121.3274031195536,0.059739483110855585,0.0,0.23161832399588062,0.0,-0.4975453935579346,0.3724609982057272,-0.1853162539372497,0.2688830886701492,0.5539645972034021,0.14895171190996584,0.535481766815835,0.516601483569654,0.27663067516155987,-0.3366728505327076,0.5362079233231262,-0.18052665002342042
2020-08-10,843.2,122.39946781421396,0.8996523042356843,0.0,0.21732328271576287,0.5,1.2184031062402405,0.37223571684655943,0.4535331536594106,0.39777432415890285,0.5538888030387079,0.2203227442879057,0.534636063323089,0.5164205132404717,0.27609703021817494,-0.0937365759818688,0.5366168264940301,-0.050300623929806956
2020-08-11,843.08,122.62776502021526,0.8539965755618131,1.0,0.19447887981934878,1.0,0.483849282336151,0.37326545698781954,0.18060422348443192,0.4203209363588936,0.553597031983165,0.23268842284866828,0.8262540245896794,0.5162705107381371,0.4265705872743551,0.026351121380286346,0.5363468882554342,0.014133341954357824
2020-08-12,846.92,123.12999554908386,1.2332966267041552,1.0,0.17837018751385558,1.0,1.1002419377154724,0.3739078631991328,0.4113891119332656,0.47462991075422684,0.5533541990675059,0.26263845411888703,0.8723547298177509,0.5163590165526685,0.45044823037376264,0.2029994178189345,0.5360647407141964,0.10882083027823994
2020-08-13,855.05,124.25087630295994,1.4557027956845046,1.0,0.17248803881401753,1.0,1.1362785653802487,0.3748781707403916,0.4259660300412641,0.5987279137485201,0.5530102880877585,0.3311026960682517,1.0117278932570875,0.5163479555408963,0.5224036292469952,0.32894000936932893,0.5357525241939315,0.17623044032799345
2020-08-14,850.74,123.55464243402533,1.4500970965452524,1.0,0.16963116827059485,1.0,1.2647362158601076,0.37605630420034103,0.4756120271246768,0.5002337331663037,0.5526596245233587,0.2764589871456074,0.959679636357963,0.5161604634341938,0.49534868585088476,0.37850423234355585,0.5354693002220381,0.20267739642408356
2020-08-17,850.15,123.57521399312768,1.4187341636598805,1.0,0.15317517735531627,1.0,1.3281486308440833,0.3768652523877159,0.5005330689714548,0.49252573678270123,0.5522975652236564,0.27202076523507335,0.8608951331360977,0.5162616712207846,0.44444716017868163,0.376946999225628,0.5351764828718532,0.20173316927467075
2020-08-18,846.43,123.72376851646074,1.4784106253647078,1.0,0.13845609359551206,1.0,1.2484661728806261,0.37758609510392194,0.47140346708733355,0.5009010874878003,0.5520453754713033,0.2765201289161868,0.9058349548981148,0.5162304024750348,0.4676195433430088,0.4913790236413061,0.5349587047290504,0.26286748601817855
2020-08-19,851.21,124.6866124962468,1.6807913831581183,1.0,0.13613358329181055,1.0,1.341389826944849,0.37827355539097096,0.5074122990037073,0.6050355980816142,0.551805399535091,0.33386190993237785,0.9964996834970363,0.516132526197141,0.5143258989979769,0.608044365020175,0.5348150462890424,0.3251912752240563
2020-08-20,848.21,124.30071787548668,1.7045098941970453,1.0,0.13212937512027076,1.0,1.3943963468107736,0.3791349225221966,0.5286643509133366,0.5451167610472631,0.5515098789744187,0.30063727891210323,1.0393132494973845,0.5159596583510928,0.5362437091304346,0.6339616867248566,0.5346767199644411,0.3389645552411709
2020-08-21,854.78,125.84962081428294,1.8617708856470625,1.0,0.13862481256944006,1.0,1.4824870392750533,0.37963552005285206,0.5628047381267978,0.7166196098633549,0.5513073689142627,0.3950776716261316,1.0810068637782329,0.5158981403746357,0.5576894307554074,0.6475976511524419,0.5345897171224172,0.34619904513872574
2020-08-24,868.68,127.55114920373796,2.111089757293869,1.0,0.14600330376541093,1.0,1.5556921318523826,0.3803399612879227,0.5916918852046611,0.8957352092398956,0.5510739360337151,0.49361632739981265,1.35394454563487,0.5157822076921174,0.698340506840254,0.6126788838399556,0.5344415263619168,0.32744103784914136
2020-08-25,874.12,128.20372748449088,2.031035423795407,1.0,0.1383377072146028,1.0,1.5422604300418081,0.3812198643899384,0.5879403119945061,0.9404495498996673,0.5508239618579873,0.5180221470032957,1.2019391643024269,0.5156483675234628,0.6197779679350615,0.57149793144071,0.5342014031317915,0.3052949968625437
2020-08-26,873.47,128.57976357303195,2.097509414956174,1.0,0.12827960346943473,1.0,1.4376377030794294,0.3816549536483793,0.5486815509319422,0.948480350471339,0.5508222129911223,0.5224440456252183,1.3300976641632598,0.5155227093253464,0.6856955514967584,0.6379765404794685,0.5340137846545455,0.34068826690225484
2020-08-27,874.71,129.39825764172335,2.1864538645555025,1.0,0.1250348286836517,1.0,1.4891518924768197,0.38270218200784706,0.5699016785919937,1.006132783555854,0.5505874392150606,0.5539640728083385,1.3186093625313609,0.5152424245403614,0.6794034849722788,0.7178741603238706,0.5337768781230638,0.3831846281828915
2020-08-28,878.98,129.6327484946016,2.2715739315120484,1.0,0.11499015731515452,1.0,1.4628161821510444,0.3834955676518858,0.5609835221443792,0.9923567366845948,0.5504143848592765,0.5462074227832103,1.4863544960921637,0.5151623472047923,0.7657138709852352,0.7473227174301202,0.5334631295167362,0.3986691155992235
2020-08-31,881.65,128.97938747771732,2.1163673474787563,1.0,0.11891233564635287,1.0,1.3161440450070225,0.38440252643963585,0.5059290960591812,0.87841371901526,0.5502161552993451,0.4833174192387756,1.334418880048666,0.5150292883257598,0.6872648061199219,0.8250241110955869,0.533143238052489,0.4398560260608776
2020-09-01,891.73,130.26248290330037,2.2267303486246077,1.0,0.12295508938908596,1.0,1.4135221785995502,0.3854790017734015,0.5448831183911184,0.9910493530061958,0.5498801752582634,0.5449583919206354,1.4108774232620338,0.5148671963135376,0.7264145032569916,0.770309851641529,0.5328691229654432,0.4104743350558622
2020-09-03,903.97,131.1094849363441,2.235378612400091,1.0,0.12065099746485605,1.0,1.2343015754097568,0.38645128517108235,0.47699743010579215,1.0443461231936157,0.5496152158157135,0.5739885198853628,1.5253080287780405,0.5146948202688798,0.7850681417265929,0.7497577935806143,0.5326046946111638,0.3993245206823431
2020-09-04,901.54,130.9309038236628,2.136368610961843,1.0,0.11443481589964333,1.0,1.3033294353890215,0.3874170594092346,0.5049320572999128,0.9792218841574319,0.549388529635608,0.5379732711242612,1.3281664109006746,0.514467464859893,0.683298406328133,0.7704702393245219,0.5323565470473347,0.41016487620953607
2020-09-07,888.25,129.71172102720612,1.8521204202213557,1.0,0.13043805387043986,1.0,0.9147513090149982,0.3882066939260209,0.3551125814372124,0.8027679742443041,0.5490346478145279,0.4407474320160035,1.2257647568302443,0.5145022426124319,0.630658716304443,0.7998336894739946,0.5321127330152733,0.42560169046369667
2020-09-08,890.14,130.68483898513787,1.8569613460283587,1.0,0.12876258314848393,1.0,0.821382838699179,0.3887740025517774,0.3193322938284208,0.878581570253601,0.5487457675647458,0.4821179181370519,1.3852354000453975,0.5145893389160316,0.7128273687524457,0.6442486487142941,0.5319122764080653,0.34268376531044015
2020-09-09,889.32,131.19146516909476,1.872452842896554,1.0,0.12145735341874714,1.0,0.7657255679927417,0.3893218059279374,0.29811366097612985,0.897456919696365,0.548528826129754,0.49228099066307196,1.4092941981984768,0.5146449999320145,0.7252862125360435,0.671025794291979,0.5316814670257948,0.35677197872130856
2020-09-10,888.82,131.77393564109624,1.8970528291531308,1.0,0.11600974777936693,1.0,0.7906647529510937,0.3897824032547367,0.30818720757408996,0.9217049376133227,0.5483785947025813,0.5054432584188243,1.3448766978214781,0.5146269542319359,0.692109798817371,0.7362191604391602,0.5315164089310369,0.3913125643428454
2020-09-11,888.97,132.27354345840865,1.9421465771813442,1.0,0.11023519214171731,1.0,0.8500230858664601,0.39014294339722544,0.33163050867553323,0.9349022523219012,0.5482245457880758,0.5125363626354232,1.3250604690769392,0.5144921209329647,0.6817331710998236,0.7830934472730283,0.5315413329278418,0.41624653477056406
2020-09-14,894.57,133.65871579087957,2.135660544519568,1.0,0.11641252544095133,1.0,0.8285673056745494,0.39055737232886173,0.32360306970185676,1.0423408223847999,0.5480004551985131,0.5712032451388629,1.5526705818207343,0.5145705939579219,0.7989586235084875,0.831581090286062,0.5313920810998121,0.44189560617036117
2020-09-15,896.26,133.83521849268593,2.0608356046529717,1.0,0.1067153746295753,1.0,0.8700442687609596,0.3912058161697213,0.34036637826441957,1.0136184509822561,0.5477288757640792,0.5551880946102387,1.4473326047497148,0.5145303376931794,0.7446965338762196,0.7917124195972366,0.5312340535418855,0.42058459790209407
2020-09-16,897.47,134.39328360228404,2.0963721269825717,1.0,0.10273690032344475,1.0,0.7611265717531543,0.39178606919012454,0.29819878770332364,1.026932579836784,0.5474713426617503,0.5622161583063393,1.506759800372494,0.5145826862423928,0.7753525055977295,0.8673942150101293,0.5310211520949565,0.46060467537517924
2020-09-17,894.04,134.41600956868749,2.0314757774869103,1.0,0.09510034289367582,1.0,0.5875824580550706,0.3924204418840061,0.23057936783326127,0.9830116765623872,0.547212321328609,0.5379161014248317,1.5255202679086275,0.5145677530873318,0.7849835365469269,0.900463482925508,0.5308341545721886,0.4779967716818905
2020-09-18,900.95,135.39957468204727,2.168204293178547,1.0,0.09784956939385693,1.0,0.827278763557281,0.3923443513410336,0.32457814986609373,1.040996974973466,0.5472258792316109,0.5696604849073023,1.5011751001591775,0.5146536139661653,0.7725851904929408,0.9445872376705458,0.5307931844904751,0.5013804679122102
2020-09-21,907.94,135.75552423999147,2.2353564417863305,1.0,0.09251007790669168,1.0,1.009241093007085,0.3926893255980505,0.39631820417879154,1.0304567060712313,0.5471189989771362,0.5637824415149691,1.5195669948169954,0.5145853494984024,0.7819469131141407,0.9295184933669335,0.5307144360211158,0.49330888297842934
2020-09-22,906.19,135.75720631443042,2.088649958606855,1.0,0.08648803508033641,1.0,0.7728924549804214,0.3931669398018519,0.30387576132059285,0.9834206307511952,0.5469590388058502,0.5378908029375167,1.4202809869874597,0.5145416944169835,0.7307937855927532,0.9727115094411912,0.5305680088564783,0.5160896087559923
2020-09-23,912.5,136.58252609721367,2.1577911038740027,1.0,0.08822149824889573,1.0,0.7811389674178195,0.39335129737387914,0.3072620262630916,1.0214312942004309,0.5469054451766973,0.5586263366720967,1.4759814592225455,0.5145208657328669,0.7594232582048444,1.0037184786734235,0.5305068044953479,0.5324794827339699
2020-09-24,908.58,136.3047466812071,1.9368564783409976,1.0,0.08778976392173057,1.0,0.42076373504091596,0.3937004596648302,0.16565487589589944,0.9449070065842903,0.5468068589417496,0.5166816322624069,1.4147269797083193,0.5144523751173006,0.7278096548534699,0.9930139297524774,0.5304158376313123,0.5267103153292214
2020-09-25,908.27,136.02028866663383,1.8248474686420115,1.0,0.08754744204545242,1.0,0.3329670456082845,0.3934618121998315,0.13100981716785956,0.8731196133902472,0.5468616631677105,0.47747564392293895,1.3568463001127025,0.514550238818579,0.6981655877630963,0.9769153215376672,0.5304414910521358,0.5181964197881169
2020-09-28,912.5,137.13596270162023,1.8339835184771793,1.0,0.09283389649997385,1.0,0.20190072329345418,0.39310341666874465,0.07936786415454763,0.9457031284949174,0.5469598433967392,0.5172616350613863,1.4121175929788172,0.5146623420834355,0.7267637476997016,0.9624749126075755,0.530497226341445,0.5105902715615435
2020-09-29,903.98,135.92552022548216,1.4717495146400896,1.0,0.11092590348157531,0.5,-0.24040098114954495,0.39263920496281257,-0.09439085011083742,0.7827048247930154,0.5470770474011075,0.42819984453436405,1.2485314180258806,0.5148030697098136,0.6427478066288699,0.9332981872008391,0.5305836016599176,0.49519271358769323
2020-09-30,905.21,137.01557354474824,1.5190866977655704,1.0,0.11277043151817562,0.5,-0.029828100059361082,0.39172146067032776,-0.011684306924273613,0.8571094008429669,0.5473528024356267,0.4691412325453188,1.2710507937418767,0.5150749874153606,0.6546864715908812,0.7667850840035039,0.5307136367715055,0.4069433005536439
2020-10-01,914.09,138.62778249389703,1.6079809136325016,1.0,0.1208768094512052,0.5,-0.011008370212767774,0.3912868763614586,-0.004307430794384427,0.9775219213414313,0.5474782832512463,0.5351720233364666,1.2957038234466265,0.515160930607707,0.6674959874787282,0.7716726527322506,0.530821368570409,0.4096203336116912
2020-10-02,909.91,138.399191095194,1.529612810174054,1.0,0.11533297151687871,0.5,-0.1286303655694529,0.3907397665830614,-0.05026099901810189,0.909432667491573,0.547679383818098,0.4980775229558339,1.3475741600823483,0.5152759814510237,0.6943725979144709,0.7297416710920606,0.5309052554749552,0.3874236883218511
2020-10-05,914.68,140.49707295644015,1.7149740975490368,1.0,0.12922539668708824,1.0,0.007613191817090036,0.3901941012848194,0.002970622538978388,1.0699115638243983,0.5478899318991788,0.5861937738418935,1.3960608233565261,0.5153593113801491,0.7194729445698234,0.7652171304010483,0.5310084425127565,0.40633675659834156
2020-10-06,915.67,141.01313619194394,1.7597269781443587,1.0,0.12153750636346909,1.0,0.22113680613517503,0.38958288426761084,0.08615111475186898,1.0660288247330476,0.5480904291280788,0.5842801960108376,1.4116508818003746,0.5154885035390643,0.7276898005788756,0.6808301890870582,0.5311249010383379,0.3616058668027766
2020-10-07,919.72,140.84640788246583,1.7592640496890788,1.0,0.1147685798803025,1.0,0.07752490822157315,0.38931324016400387,0.030181473213157665,0.9963695222444602,0.5482693555333316,0.5462788758340237,1.5190064871611197,0.5155080281897589,0.7830600390038812,0.7526442563857766,0.5311189957890583,0.39974366163801617
2020-10-08,918.84,140.33985665018898,1.7353970633684326,1.0,0.11493226479520915,1.0,0.2504296847937355,0.3889342483549293,0.09740068122101339,0.8993423172663151,0.5484545790185723,0.4932484120098841,1.4012217465938315,0.5155905224601257,0.7224566524088034,0.795087858299447,0.5311253508913324,0.42229131772873174
2020-10-09,924.0,140.59830455225222,1.7086220066691804,1.0,0.10622875195871738,1.0,0.24816109555404603,0.3887488566429098,0.09647234215988729,0.8802900707744746,0.5485157174757598,0.4828529397576483,1.385278584704616,0.5156514327234885,0.7143208869241017,0.7812945148365638,0.5311388086659617,0.41497583782754305
2020-10-12,925.83,139.72280532452749,1.4367797512323561,1.0,0.11462715561212447,0.5,-0.24307685832493525,0.3887148500504143,-0.094487584534503,0.7565073739664722,0.5485630913207552,0.4149920236699946,1.2769796489890637,0.5157350407951867,0.658583151365998,0.8618892930201512,0.5310335845188017,0.45769216073086666
2020-10-13,929.86,140.0066211952332,1.490504195945125,1.0,0.10625726926343702,0.5,-0.04385619866605078,0.38842380097415236,-0.017034791382144997,0.7482817728424332,0.5486858768918254,0.41057164069422014,1.3246748268744062,0.5158225770170313,0.6832971829079459,0.7789889841392732,0.531034677187611,0.41367016372510396
2020-10-14,940.18,140.47550098524536,1.5379604398967697,1.0,0.10102009930138423,0.5,-0.0663662549236232,0.3880116414062028,-0.025750879506897528,0.757845359793151,0.5488628360664249,0.4159531534758491,1.3399969376654954,0.5158923453701894,0.6912941629611239,0.8594927523032779,0.5310853427716021,0.4564640029666941
2020-10-15,942.76,140.17471334359766,1.4670822801215113,1.0,0.09926057225934883,0.5,-0.29509759440830796,0.3875257659258189,-0.11435792129594619,0.6957499345132134,0.5490371989060465,0.3819925951842,1.3839789067592085,0.5160000315869593,0.7141331596034369,0.9136960319140806,0.5311552525987735,0.4853144466298205
2020-10-16,943.3,140.14195878129087,1.4732238470072059,1.0,0.09327222272898522,0.5,-0.09602726333005189,0.3873170572587646,-0.03719299704960817,0.6615674159853075,0.5491126755672442,0.36327505385980025,1.2783981184659061,0.516066712202685,0.6597387138827987,0.917611988192321,0.5311646780840236,0.48740307631421503
2020-10-19,943.69,140.34781207101884,1.3287557731299162,1.0,0.08603783229328181,0.5,-0.45732693211126163,0.387058984130019,-0.1770124977582831,0.6507023578422492,0.5492121929222148,0.3573736688901974,1.2349528515503134,0.5161502719770932,0.637421250206581,0.9619793763111449,0.5311687177232691,0.510973351791421
2020-10-20,944.42,140.92723472566882,1.389285139938432,1.0,0.08425482694940416,0.5,-0.406213147625582,0.3864335115773399,-0.15697437308583803,0.6741777806796222,0.5494210698693923,0.37040747754317055,1.2221417544573163,0.5163199754706584,0.6310162006830691,1.025586509935585,0.5312431759971673,0.5448358347980305
2020-10-21,939.03,139.7440089136391,1.2607366185888305,1.0,0.10598777633374203,0.5,-0.5587698741747607,0.3857074145215493,-0.21552168348047834,0.5354329334814468,0.5496687963357872,0.2943107760652865,1.2089878537279464,0.5165074152880891,0.6244511914437159,1.0492421671797352,0.5313323768323231,0.5574963345603065
2020-10-22,949.9,140.58405227041618,1.1941554463098152,1.0,0.10466885553471279,0.5,-0.5540965234734906,0.3846207994347739,-0.2131170478224029,0.5871469798682821,0.5500500256870389,0.32296021135861586,1.1938925699832377,0.5167504464506087,0.6169445185529027,0.8793551228684816,0.5314892152969242,0.46736776422069964
2020-10-23,961.26,141.56510915549194,1.3197758427233317,1.0,0.105246870609907,0.5,-0.36954270577303977,0.3837719353692919,-0.14182011939612427,0.648150408095178,0.5502568091367979,0.356649175399166,1.2098108485869143,0.516834364331781,0.6252718208911104,0.9019717319282203,0.5318070942242704,0.47967496582917946
2020-10-26,950.8,139.87111490671504,1.1132906379482943,1.0,0.1357651590402862,0.5,-0.5291822921719177,0.38306014669059935,-0.2027086464654424,0.4661822864569897,0.5505295176212147,0.25664710928672146,1.112867749977343,0.5168993213144826,0.5752405846760639,0.9100271736660908,0.5319748733443675,0.4841115904509514
2020-10-27,946.47,138.48779565451838,0.8629275635536084,1.0,0.1527545265631548,0.5,-0.4775295877842631,0.3821265823825973,-0.18247674936657093,0.32137806740468394,0.5508726881480943,0.1770383999030577,0.9900137799442725,0.517089993761798,0.5119262192954779,0.6698663101056712,0.5321057177295805,0.3564396937216439
2020-10-28,921.05,135.36714091549158,0.42045271477830853,1.0,0.21259340449376127,0.5,-0.8206189211768495,0.3817058268249111,-0.3132350238159759,0.027059274667381727,0.5510536832480581,0.014911112971481575,0.8399546704141417,0.5171050009295993,0.43434476062532607,0.534439709215487,0.5322057101913312,0.2844318649974768
2020-10-29,919.08,135.6464695323511,0.2184207233201867,1.0,0.1880193797347275,0.5,-0.77321364739115,0.3807476356275667,-0.2943992680791474,0.05299133233660199,0.5513508906889629,0.02921681828258035,0.8628512638880327,0.5172754565112875,0.44633178142902347,0.07000392862943622,0.5324185716065358,0.03727139168773031
2020-10-30,925.47,136.11463201588955,0.3316129714616335,1.0,0.16971719209134195,0.5,-0.7726851257784816,0.38047927377657226,-0.2939906755141561,0.09523485928571322,0.5514310476564462,0.05251545822933508,0.8292744074513401,0.5170146686758554,0.4287470330098209,0.2709204486005832,0.5327805873724767,0.1443411557366336
2020-11-02,933.68,137.35546427327142,0.527028370785194,1.0,0.16375443876714302,0.5,-0.7047543727905276,0.3802071188479714,-0.2679526295741957,0.20434583097582107,0.5515153999892041,0.11269987270675624,0.8806081526751987,0.516889954512698,0.4551775079797945,0.4260787773531067,0.5330085227047817,0.22710361967283899
2020-11-03,935.41,138.54478521896368,0.6494961035463744,1.0,0.15799607061892576,0.5,-0.7203139066997386,0.38024881478124334,-0.2738985092930227,0.30393706137322396,0.5514607561117899,0.16760936167527357,0.9594377895698316,0.516542760973022,0.4955906448062541,0.4878297258872336,0.5333717741054915,0.2601946063578694
2020-11-04,939.76,139.98564891543933,0.842007778768459,1.0,0.15618109343466446,0.5,-0.5741186834859004,0.379674756809667,-0.21797837153239544,0.42095188314071064,0.5516608923277179,0.23222269148043764,1.0369793964893552,0.5166302024562934,0.5357348755513006,0.5473937656403187,0.533489055958672,0.2920285832691162
2020-11-05,937.75,139.17811536934497,0.771115795154159,1.0,0.1568095486909937,0.5,-0.5905614785355209,0.3787372965628612,-0.22366765783470935,0.3306662606236899,0.5520336489154806,0.18253890242533283,0.9753689850341198,0.5167391873927827,0.5040113767346543,0.5775788402959215,0.53366424170068,0.30823317382888116
2020-11-06,938.29,139.4554256378043,0.8041427243946183,1.0,0.14116085963126787,0.5,-0.6131899215320069,0.37814526405205723,-0.23187486479178102,0.34231642596010553,0.5523335703894635,0.18907285375350552,1.0528517378680424,0.516684685689417,0.543992369257906,0.5675109265164179,0.5338264904159931,0.3029523661749879
2020-11-09,951.99,141.63955121039126,1.168006131089714,1.0,0.15172249997173412,0.5,-0.24842625931920215,0.3770217362843672,-0.09366209962715605,0.523097589114129,0.5528001649417378,0.2891684335429159,1.1548868495613591,0.5167570303521438,0.596795898772071,0.7034756101222704,0.5340681226127831,0.3757038984018832
2020-11-10,951.9,141.90621565415245,1.228378950781232,1.0,0.1366862319675532,1.0,0.014815718998305012,0.3765697951238508,0.005579152267804263,0.5231591587953125,0.5530439355194497,0.28933000008320436,1.1436343753705773,0.5166650980917792,0.59087596673197,0.6412930500906462,0.5342235217578422,0.3425938316982533
2020-11-11,952.22,142.08677780913763,1.456579703167945,1.0,0.12295848227436877,1.0,0.503696331674334,0.37613512995515963,0.1894578851722628,0.5145151195844226,0.5532565521833029,0.2846588611074575,1.10406336765496,0.5165461701581913,0.5702997041741247,0.7712281339504716,0.5344245555499527,0.4121632527141002
2020-11-12,959.28,143.18112724200262,1.58693143753589,1.0,0.12204493861811201,1.0,0.589873412915009,0.37623848735956383,0.2219330806087664,0.5871433340759994,0.5532232993358064,0.32482137246055,1.0929578189980533,0.516241305515481,0.5642299713529078,0.8901517774341825,0.5346807422949366,0.4759470131136659
2020-11-13,966.29,144.19999870863134,1.6307709810978677,1.0,0.1202486124850675,1.0,0.49152714637924255,0.3771006971786112,0.18535522958182565,0.6478320992773147,0.5529114356014861,0.3581937760401446,1.1632582609649065,0.5157975393514325,0.6000057486359253,0.9109839123159992,0.5348241832298878,0.48721622683997196
2020-11-16,950.79,142.637512128699,1.4757671599915438,1.0,0.14345206900949153,1.0,0.4181150190628866,0.37857330353365937,0.15828718402367595,0.4788872763361567,0.5524931247979256,0.26458192772893085,1.072222873854112,0.5151185829312139,0.5523219273661639,0.9358828455713345,0.5348704950000266,0.5005761208727731
2020-11-17,968.9,144.6703263798885,1.5599700282318962,1.0,0.15098559736431674,1.0,0.6092497746913581,0.3792917307679069,0.23108340151264253,0.6323260307913858,0.5523173615766577,0.3492446449829386,1.1381918114647176,0.5148242553758422,0.5859687518122042,0.7360766298907901,0.5348264215133679,0.393673229924111
2020-11-18,973.53,145.4681864692471,1.6535597955371228,1.0,0.14198759255420784,1.0,0.8863515190631364,0.38020283672862193,0.3369933618865277,0.6683762955877428,0.551856364091458,0.36884771232796937,1.1230656480512042,0.5141837383915546,0.5774620933741021,0.6917176010305705,0.5352713699881122,0.3702566279485239
2020-11-19,983.26,146.3492577510463,1.793813289352638,1.0,0.1353043380069849,1.0,0.8591230878433694,0.3811361482844211,0.32744286460284017,0.7093955836834823,0.5514289695222914,0.39118127569424704,1.2878727161206935,0.51362201342625,0.6614797774906439,0.7724405936529869,0.5355872994820396,0.4137093715649068
2020-11-20,990.0,147.7533539383024,1.9321731451868962,1.0,0.13577776583477286,1.0,1.0087978997383749,0.3819314135643487,0.3852916078478236,0.7915640070090668,0.5510937382530441,0.4362259676891854,1.2916702590171316,0.5134743984313088,0.6632396092204345,0.8354991855471103,0.5355073567623782,0.4474159604294528
2020-11-23,994.19,148.7132853205159,1.9265480338874186,1.0,0.13080416344974488,1.0,0.8967312913809351,0.383376200959901,0.3437854357714889,0.8287989618711545,0.5504366766078308,0.4562013461483786,1.3174305104494657,0.512904198909106,0.6757156405804978,0.8416053950252091,0.5356971498187089,0.4508456113870531
2020-11-24,995.76,148.72573315975671,1.880268512416409,1.0,0.11910484709038421,1.0,0.8156391749973392,0.38379973940022116,0.3130421028085902,0.7818201448967155,0.5499613022406633,0.4299708250053817,1.2927217528016293,0.5124118639383265,0.6624059629067034,0.8853306149710957,0.5363528761639362,0.4748496216957336
2020-11-25,999.94,148.89579852333276,1.906785900339733,1.0,0.10775029784377002,1.0,0.9199963225276985,0.3834951094062022,0.35281409036106337,0.7501900486340358,0.5497241734806808,0.4123976044387771,1.2192420207171542,0.5130067742248521,0.6254794160474976,0.962423192050108,0.5362451713087197,0.5160947894923951
2020-11-26,1005.97,149.43441321291374,1.9285296418573896,1.0,0.10207949294056928,1.0,0.8164559018586082,0.38226405994165646,0.3121017478077982,0.7510380324628384,0.5493466220538711,0.41258020616744584,1.2458566354880571,0.514383755198842,0.6408484146017418,1.049995717562703,0.5361919709418079,0.5629992732804037
2020-11-27,1010.22,150.47445958516684,2.0187535828569363,1.0,0.10300764370011417,1.0,0.9276356634394582,0.38079672084186106,0.35324061877370994,0.7929991042982015,0.5489429635729113,0.43531127842411893,1.2474556455368644,0.5159478535303248,0.6436220626890309,1.0940655125507233,0.5361467080728233,0.5865796229700764
2020-11-30,1003.08,150.27862182329125,1.95018033742067,1.0,0.09909097460961203,1.0,0.9119619584802893,0.3799147032598558,0.34646775684031605,0.7289646347455135,0.548447211069222,0.399798620894271,1.199964941828705,0.5172512661803096,0.6206833855328793,1.0880682619812407,0.5360238824457682,0.5832305741532039
2020-12-01,1008.87,151.1523133423376,1.8838522056507898,1.0,0.09842703292343644,1.0,0.7060482785294724,0.3793678247944483,0.2678519996255907,0.756780468491617,0.5482914926814001,0.4149362927013979,1.1787477861405116,0.5177580277845648,0.6103061290075332,1.1019929784777762,0.5360812599117497,0.5907577843162679
2020-12-02,1014.32,151.8907227419435,1.8187918249423922,1.0,0.09623906310938199,1.0,0.5021948326097916,0.3787130731395372,0.19018774837244964,0.7702751246650256,0.5480700787678683,0.42216474824809014,1.1799008814512324,0.5186277135515227,0.6119292963644789,1.1093055206551359,0.5359299317344662,0.5945100319573735
2020-12-03,1019.8,153.46038462442974,1.9072421229462135,1.0,0.10427579967728505,1.0,0.6620801717456256,0.3775952735344115,0.24999834355199965,0.849579381260894,0.5481344519339755,0.46568372852184614,1.1347910803657362,0.5190615635585963,0.5890264324869878,1.1236420324505025,0.5362327155663091,0.6025336183853798
2020-12-04,1021.49,153.65458558558927,1.807946888480997,1.0,0.09521116557786195,1.0,0.5392897246218425,0.3757596140560286,0.2026432987882855,0.8122607060173815,0.5481675417499331,0.44525495447761315,1.1366795458720482,0.5203005407510841,0.5914149823779234,1.0603147210999493,0.5362876149142641,0.5686336528371749
2020-12-07,1029.98,154.38420571174927,1.9174477730731798,1.0,0.09323926635992089,1.0,0.691861347390846,0.37445388197122503,0.2590701673163446,0.8195238452076298,0.5483885079172892,0.4494174586760516,1.1606898024030248,0.5209200269416194,0.6046265631386466,1.126702659209775,0.5363736199628683,0.604333583942137
2020-12-08,1029.26,155.04489183332822,1.8652980921440565,1.0,0.09073157015254925,1.0,0.5020113471155573,0.3732693992592545,0.18738547395915314,0.8202312379057929,0.5484975747391148,0.44989484471658925,1.1832917328908084,0.5216120618613316,0.6172192405766426,1.1386675458994957,0.5364151591842976,0.6107985328916715
2020-12-09,1039.13,156.27432213957897,2.0284811858578315,1.0,0.0950966566273554,1.0,0.8188254161683486,0.3724416794047558,0.3049647131370378,0.8651603703313268,0.5485793066567125,0.47460907610322384,1.2044960662783735,0.5220841910020161,0.6288483543280553,1.1558613214569613,0.5364476090504793,0.6200590422895144
2020-12-10,1030.91,154.49664055851798,1.6812788116704867,1.0,0.12571009102716443,1.0,0.2868385580791519,0.3724752904870248,0.10684027524341143,0.6696879655096734,0.5484689987646268,0.3673030879278105,1.158346282616133,0.5221923845799861,0.604879607488681,1.122707286176884,0.5364317560113327,0.6022558410105838
2020-12-11,1045.96,156.1946677761713,1.5497553199624772,1.0,0.13023803296151287,1.0,0.2508789270795859,0.37171524283201746,0.09325552130082428,0.7584678263992009,0.54838554712581,0.41593279395724964,1.114143281261178,0.5222026653288537,0.5818085910328219,0.8542447406442307,0.5370339340053856,0.45875841367158154
2020-12-14,1064.09,158.6438225096581,1.78109695169594,1.0,0.14277058863429318,1.0,0.7058180126390305,0.37110330788021373,0.2619313992517827,0.8990857885846454,0.5484229615679781,0.49307929087927227,1.1143578164924655,0.5222877682347633,0.5820154569908137,0.8264302548037273,0.5373360933882263,0.4440708045740713
2020-12-15,1055.27,158.91784474859918,1.6319141907518042,1.0,0.12885440449882693,1.0,0.5190419559407139,0.3711557533123586,0.19264540815789571,0.861595499425544,0.5482212883079383,0.4723449946953932,1.092883306421907,0.5222898001166669,0.5708018036619399,0.736966107573248,0.5375036655904889,0.39612198423657535
2020-12-16,1066.99,160.4162746255116,1.7303452722081634,1.0,0.1300656895993576,1.0,0.5370147130018889,0.3710517531671943,0.19926025073592854,0.9192397148816135,0.5480473168364418,0.503786859270364,1.0924238394253862,0.5223822614319338,0.5706628356811889,0.8492965324072899,0.5376630059072197,0.4566353265206819
2020-12-17,1051.77,159.34981990880183,1.4606220059112927,1.0,0.13772092520666243,1.0,0.11109091759612642,0.3711689270137698,0.041233496685129364,0.7778598759378886,0.5475375778717456,0.4259075123946481,1.0291319120750582,0.5229159114746051,0.5381494518303322,0.8469981089952552,0.537582717323084,0.455331545001183
2020-12-18,1067.46,161.58326092539045,1.5568695319334567,1.0,0.1458057760461225,1.0,0.28535405089133853,0.37023477314662523,0.10564799229822527,0.8919171902458423,0.5468447915948654,0.48774027001986553,1.050385704451736,0.5236701348012184,0.5500556234435133,0.7681671254452518,0.5381975256129572,0.4134256461718526
2020-12-21,1081.08,163.55226877215142,1.6252269656357068,1.0,0.1491767099466036,1.0,0.4577265218932785,0.3696003144666237,0.16917586643146967,0.9761420236071365,0.546375939841275,0.5333405155669132,1.0295426729930912,0.5241757100947451,0.5396612616889955,0.7111713834295221,0.5386174568795611,0.3830493219483284
2020-12-22,1083.45,165.64238170914646,1.6548202748082437,1.0,0.15304824542153084,1.0,0.47425684423101655,0.3699396466416142,0.17544640937218933,1.0611288387956743,0.5460964162679666,0.5794786560649066,1.0091891509058917,0.5243112350326786,0.5291292100930484,0.6884701415112221,0.5385360626740499,0.3707659992780995
2020-12-23,1078.9,165.17123791441492,1.5090758668023967,1.0,0.14585774450598657,1.0,0.30634072765911097,0.37086938412977,0.11361239700080009,0.9530020452196516,0.5458543455958085,0.52020030774484,0.9893468436914897,0.5242063483782265,0.5186218962110399,0.6626014314335775,0.5382440316708978,0.35664126584571676
2020-12-24,1067.52,163.27055530571627,1.411563116530941,1.0,0.16627939136698802,1.0,0.28087967932860697,0.37099171901774164,0.10420403507127193,0.7498554952031927,0.5456895707997279,0.40918832333924765,0.9903573118157544,0.5242860358904546,0.5192305091270087,0.7040238180281665,0.5382491888623178,0.3789402489934126
2020-12-25,1084.42,166.42530615689557,1.4009283220269184,1.0,0.17916505109991898,1.0,0.29201509476456006,0.37158628281903927,0.10850880359061237,0.9212944320300261,0.5455229141614139,0.5025872233617045,0.9708222643372738,0.5242264696320766,0.5089307282737477,0.5220578516981508,0.5380659746561356,0.28090156680085376
2020-12-28,1091.33,167.89878026593948,1.3552382057210843,1.0,0.1711880181321896,1.0,0.26581515291999414,0.3716209512468269,0.09878247998394898,0.9593881333939895,0.5452286335647448,0.5230858810286361,0.9516709925801217,0.5245571020197772,0.4992057779441135,0.43523456972565683,0.5380180781870967,0.2341640667643858
2020-12-29,1099.49,169.41549424464188,1.400887453680642,1.0,0.164841376466475,1.0,0.2843584291468509,0.37114681688000356,0.10553872583085173,0.995915709468722,0.5447622525182451,0.5425372852084871,0.9134877004370247,0.5250251674885401,0.4796040329206702,0.5074798244054136,0.538361126061977,0.2732074097206328
2020-12-30,1097.54,169.41337923111172,1.2859539937784512,1.0,0.1481811207532734,1.0,0.018184766578910588,0.3710117978715484,0.006746762942316064,0.9240022375625369,0.5444563913846132,0.503078923894607,0.8960874905703992,0.5252433886327013,0.4706640300585702,0.5671968704980532,0.5385507092356331,0.3054642768829581
2020-12-31,1103.87,171.02300620258927,1.541217057982211,1.0,0.14641227472638177,1.0,0.39889279189616,0.37084524943116676,0.14792749690702595,0.9660602101128732,0.5441407070901396,0.5256726858224677,0.9378924955945227,0.5255676294637807,0.4929259356014826,0.6955877207400507,0.5386681341248993,0.3746909396512347
2021-01-04,1120.47,174.05721661768445,1.5147509480284356,1.0,0.15997116401854997,1.0,0.32055421914814036,0.3705378888216964,0.11877748361603935,0.9503296072742208,0.5439525149812112,0.5169341799379191,0.9312851544121726,0.5255385296686964,0.4894262307520581,0.722712934465754,0.5390979393643062,0.38961305372241883
2021-01-05,1132.55,175.4148466236464,1.4184572696535533,1.0,0.15337237781030327,1.0,0.2777960449981088,0.37029353402549664,0.10286607924065559,0.9333161049829007,0.5434978963757061,0.5072553397117743,0.8918289703281549,0.5260101337066085,0.46911107592573975,0.6290509546141348,0.5392643827771739,0.3392247747753835
2021-01-06,1143.21,176.09834473311622,1.494894203502119,1.0,0.1413337709987625,1.0,0.4122864452108124,0.3698270918300431,0.15247469703326116,0.9159716004577305,0.5429235359477182,0.4973025401482017,0.8989856094944945,0.5263784645429735,0.47320666477194123,0.6889736681140193,0.5398033607971897,0.3719103015487152
2021-01-07,1156.49,179.0608922007999,1.5751900613610585,1.0,0.15406436200327414,1.0,0.5366627380851048,0.37095546431720416,0.19907797518810216,0.8992041228840004,0.542299102613201,0.48763758890608394,0.8809047200823005,0.5263976167348243,0.4637061452217805,0.7871355901105447,0.5396380971484694,0.42476835204509195
2021-01-08,1167.6899,180.63973314219322,1.6384370629033225,1.0,0.15015773635447546,1.0,0.8947286622335615,0.3734354148414804,0.33412336915175284,0.8821503651749012,0.541717043686118,0.47787588790917684,0.8632214554057062,0.5258053347800612,0.453886446348929,0.6910752776284089,0.5390894039386901,0.37255135949346374
2021-01-11,1184.89,182.98154363243432,1.5784140807906835,1.0,0.15419543406038957,1.0,0.7425861586286573,0.37577071030390197,0.27904212828973657,0.8654536022032158,0.5413171648566719,0.4684848902596387,0.845786735065088,0.5250207445935581,0.4440555814112269,0.7181728708010923,0.538632823039649,0.38683148083008145
2021-01-12,1192.28,184.846686987969,1.5570682425385354,1.0,0.15264780944011946,1.0,0.7813884935652997,0.38107867324190237,0.29777049041435316,0.8491281421150416,0.5400683141725582,0.45858720422854693,0.8286962071429458,0.52361824083982,0.43392045017482034,0.6823730808778132,0.5375213471917322,0.366790097720815
2021-01-13,1186.05,184.40616835654717,1.4897864975831367,1.0,0.14424888927219706,1.0,0.6373670699917887,0.3849546129186262,0.24535739371576795,0.832899070470488,0.5390792862123276,0.4489986363961418,0.8118373923999566,0.5224095584133122,0.4241116136670761,0.691561670567145,0.5369280421507961,0.37131885380415103
2021-01-14,1187.4,185.72076623491236,1.5251619742300186,1.0,0.14270755570551413,1.0,0.708316254852994,0.3874537269422915,0.2744397727965985,0.8171708195246307,0.5384681466040242,0.4400204566483194,0.795293688047271,0.5216532547102999,0.4148675408204168,0.7378374951659126,0.5364788406093073,0.39583420396468416
2021-01-15,1194.2,187.39560768679928,1.5454782539207208,1.0,0.14168147117912228,1.0,0.7452577698525872,0.3906809840386715,0.2911580388884745,0.8017265610647918,0.537598338503514,0.43100686716256814,0.779084995707212,0.5206267229040696,0.40561246817877694,0.7792815506421211,0.5360076590376345,0.41770087969090114
2021-01-18,1191.9399,188.2332216914337,1.4031199275059478,1.0,0.132027154066025,1.0,0.41002669457133817,0.3927341057294063,0.1610314672176589,0.786827567448898,0.5370009410886003,0.42252714419451237,0.7631445966568781,0.519891570609079,0.3967524429577764,0.7890880746889257,0.5358196210260557,0.42280887313600013
2021-01-19,1131.0,179.1904048100452,0.9851070054604075,1.0,0.3621098717376735,0.5,-0.3654653271054531,0.39494881731216924,-0.14434009870890377,0.5242837112307857,0.5364204209650372,0.28123648908353005,0.7473957940333229,0.5192663350607811,0.388097474807526,0.8594151968600957,0.5353793392987407,0.46011314027825523
2021-01-20,1134.6801,179.17168690714297,-0.1034615696860155,1.0,0.3081669374428621,0.0,-0.408606143044158,0.3970124594267099,-0.16222172978682317,0.4731228941955131,0.5358779129405689,0.25353610910589314,0.7319495369747461,0.5190910406371525,0.3799484468421029,-1.0751240167488185,0.5345656751164004,-0.5747243958471884
2021-01-21,1164.21,184.11840444596356,0.33204226138489457,1.0,0.3117234411499797,0.0,-0.17709542210279197,0.3990586957416449,-0.07067146816615623,0.7237389596149086,0.5354137998148387,0.38749982644145636,0.7172303136604509,0.5187404448894616,0.3720563719964304,-0.6684358984792754,0.5338469548069906,-0.3568424688868359
2021-01-22,1166.78,185.45445992302788,0.31600225539449467,1.0,0.27619272990575866,0.0,-0.24968152820457806,0.4008330043178651,-0.1000805970729168,0.7414544123661354,0.534912093766698,0.3966129321513262,0.7029249747018667,0.5185569343253148,0.36450661994209943,-0.6471073858193729,0.5331985188039937,-0.34503669962601413
2021-01-25,1166.05,187.00637999105962,0.4397579435947808,1.0,0.24956274667663877,0.0,-0.27402310766979643,0.4031101637507369,-0.11046149980425744,0.7266552540764721,0.5341150381018039,0.38811749871793094,0.6880670828082598,0.5183777765009905,0.3566786844696686,-0.3654335477864295,0.5324545077133364,-0.1945767397885613
2021-01-26,1136.12,182.22268872176141,0.30364483446735996,1.0,0.2953375270306058,0.0,-0.4534361129087602,0.4031385276706275,-0.18279756695073,0.4173844075758997,0.5340230128030594,0.22289287883070205,0.6734353119635573,0.5181457709135451,0.3489376588777611,-0.16027773584218236,0.5327510763843755,-0.08538813629037324
2021-01-27,1097.17,176.1588126600723,-0.28000114551382393,1.0,0.3570901774347819,0.0,-0.597142890712603,0.4007276006754145,-0.23929163785564264,0.0006490752226496313,0.534611899191743,0.00034700333749902284,0.5145877446317123,0.5186114382652454,0.2668710903571211,-0.5771560685639796,0.5335257101583549,-0.3079276013528014
2021-01-28,1023.94,164.65182059842635,-1.2591316929166116,1.0,0.532473768386155,0.5,-0.9882029107619226,0.3974611707232821,-0.3927722858235888,-0.7425943731896556,0.5354518096956312,-0.397623500994194,0.25782805737460185,0.5191720393392902,0.13385711834605957,-1.1272258553119328,0.5345805559775196,-0.6025930244448882
2021-01-29,1056.61,168.71464895942506,-1.5558176777015664,1.0,0.48153019461405966,0.5,-0.9234374018469417,0.3943702051598798,-0.36417619761868475,-0.49829785196998766,0.5363373108470536,-0.26725572992644636,0.28822758709957463,0.5194510380472445,0.1497201193127266,-2.00501420370675,0.535709855562828,-1.0741058694691619
2021-02-01,1035.51,162.87682531513542,-1.890985443691764,1.0,0.5001813744383858,0.5,-1.0814670225805487,0.3914878612221336,-0.42338121165232784,-0.879996978177697,0.5374411272317858,-0.4729465679123867,0.11244919978971982,0.519560474490412,0.05842415959881397,-1.9624683825562783,0.5366108484021214,-1.0530818237258635
2021-02-02,1075.53,166.61983955334992,-1.6784955500539516,1.0,0.453369215792023,0.5,-1.0235702592375704,0.3885648573889688,-0.3977234318082363,-0.6385280444235691,0.5384735593063775,-0.3438304687977,0.1863154569794923,0.5196450310797961,0.09681790143275469,-1.9228530956782393,0.5376175398964301,-1.03375955088077
2021-02-03,1111.29,172.8012337871146,-1.3362967986092076,1.0,0.4431271167288247,0.5,-1.0218734079476546,0.38534116953885506,-0.39376989413920477,-0.25153833386836827,0.539628159219724,-0.1357371680785839,0.364534863142428,0.5197634719436678,0.18947190611141815,-1.8495026722325763,0.5386646137149006,-0.9962616425028371
2021-02-04,1112.1899,173.6756800127307,-1.2641548588217817,1.0,0.3770906586437708,0.5,-1.179348272965448,0.3818287003118023,-0.4503090182813657,-0.21768532024655346,0.5407608803458492,-0.11771570541489437,0.41612422772750446,0.5199955184155411,0.21638273352243037,-1.690449849314049,0.5398047561234849,-0.912512868647952
2021-02-05,1126.91,175.80129627463157,-0.9298242947568247,1.0,0.33730639288438086,0.5,-1.25213634785444,0.37834692158785516,-0.47374193261898717,-0.10182261715727219,0.5420515780650307,-0.05519311031281086,0.46767303907801333,0.5200686261249876,0.24322207490900002,-1.190835416149399,0.5408903010432621,-0.6441113267340267
2021-02-08,1083.1801,170.39369801678896,-1.1368619765204007,1.0,0.3790554024692312,0.5,-1.3878688695868466,0.3750164145936384,-0.5204736073985851,-0.4772142690278348,0.5435026422629499,-0.2593672161422104,0.22284610697177576,0.5201455168516526,0.11591240348921296,-0.8730881221985348,0.5416790635954569,-0.4729335564688182
2021-02-09,1114.9301,174.31272779646937,-1.0439036596974263,1.0,0.35855687046131735,0.5,-1.157762843138003,0.37287593265519275,-0.43170189992861047,-0.23201837150654445,0.5446908925989997,-0.12637829387526603,0.3191955257852712,0.5199464776471207,0.16596458931277244,-1.2022192521855992,0.5421540655095903,-0.6517880552063221
2021-02-17,1155.78,181.5161979442177,-0.39867509422472014,1.0,0.3785271262506816,0.0,-0.6533307773902278,0.3735868244890643,-0.24407577046618698,0.21273580690219196,0.5449148807458181,0.11592290684847331,0.5209685519056637,0.5191806230184008,0.2704767773513766,-0.9978336764381275,0.5421735312537618,-0.5409990079583831
2021-02-18,1174.38,183.9332320581935,-0.13004416151297282,1.0,0.3403772099574655,0.0,-0.05842769428008656,0.3762967600490227,-0.021986152054731388,0.3254461398317428,0.5444055338206356,0.17717467948496515,0.5542196075230544,0.518440146498805,0.28732969451676255,-1.0573258584022334,0.5415193234044144,-0.5725623834599691
2021-02-19,1173.5,184.09839107076814,-0.07199442393629962,1.0,0.28823269233063287,0.0,-0.25156479084306743,0.3791510130257897,-0.09538104528976991,0.28750155267750244,0.5438438765395299,0.1563559589192668,0.5403389286592075,0.517958519155141,0.2798731513301985,-0.763741295719037,0.5405527908600484,-0.412842488895995
2021-02-22,1175.04,184.0035006626425,0.2479655416747342,1.0,0.24980557841709863,0.5,0.15556526260951786,0.3796761082238891,0.05906441348240903,0.23596061280050287,0.5436396208876895,0.12827753808729228,0.5268799286163197,0.5181357855531211,0.2729953457057892,-0.39312108758480047,0.5402196989876445,-0.21237175560075636
2021-02-23,1177.64,183.71282123081255,0.38807500228830494,1.0,0.2213935243141987,0.5,0.33137580196191957,0.3801410779544573,0.12596955456582687,0.17351985599410083,0.5434519408437583,0.09429970251492353,0.44501104047655576,0.5183471687638387,0.2306702128996727,-0.11644184703266348,0.5398786544023461,-0.06286446769211818
2021-02-24,1162.01,181.50238238834075,0.29891457337911564,1.0,0.2281978359112254,0.5,0.08872473608987533,0.3832291440018125,0.03400190466350964,-0.014733929329003193,0.5420709134305618,-0.007986834529794104,0.43222717050526843,0.5188921097959303,0.22427926841460402,0.09027842347501115,0.5385587492481417,0.04862023483079608
2021-02-25,1165.4301,181.64989076680914,0.390502745665001,1.0,0.19752863121610456,0.5,0.5333973177824634,0.38662661452627706,0.20622559917163055,-0.04261118555475316,0.5411711231052734,-0.023059943143512972,0.3758333710138782,0.5177172009281164,0.1945754008566833,0.023713297126748658,0.53816593753236,0.01276168878020011
2021-02-26,1168.47,182.13404447235683,0.3875270042582669,1.0,0.1751022770495201,0.5,0.2706488222173152,0.39424241119500086,0.10670124425804145,-0.049777890520107865,0.5393935379555567,-0.026849872479605345,0.34135336026025725,0.5154899660043011,0.17596423207601394,0.24547333584397998,0.5365609260613592,0.13171140040381693
2021-03-01,1186.17,185.9694639715563,0.8155671207120877,1.0,0.19316880326113814,1.0,0.7233121528847999,0.39618325495946954,0.2865641630816415,0.16341571438968894,0.5389971962723492,0.08808061188288532,0.4173773318301734,0.5148031990597683,0.21486718564120375,0.4215961347049957,0.5361888819605406,0.2260551601063571
2021-03-02,1186.61,185.95670795284428,0.6856940117833332,1.0,0.17099995195679138,1.0,0.5686236322004642,0.39864129408885685,0.22667686058989922,0.11260984684339488,0.5384074569269588,0.06062998126388656,0.426677903357512,0.513974279495409,0.21930146795478897,0.3342681686213327,0.535754579065622,0.17908570197475843
2021-03-03,1186.95,187.25429346853088,0.6671881288769839,1.0,0.16112883807691,1.0,0.25107881682433353,0.3991090743856632,0.10020783418060723,0.150327517632696,0.5383221283061382,0.08092462923501144,0.4360846145585012,0.5135999124456705,0.2239730198561502,0.48909606266196654,0.5358510640604983,0.26208264560521494
2021-03-04,1168.52,184.3686937604208,0.5271576248349934,1.0,0.19195038473649062,0.5,0.24626940508867565,0.40210572746218615,0.09902633828486172,-0.09187204751175218,0.5377262690335263,-0.04940201333696536,0.33171059581206547,0.512562289829908,0.17002234255027537,0.5745697334841846,0.5352021511332987,0.3075109573368217
2021-03-05,1168.6899,184.79963616163872,0.3459869714507282,1.0,0.1699112297459116,0.5,0.13902380078531223,0.40586654740702754,0.05642511003213708,-0.1005394191499108,0.5368464252455469,-0.0539742277668933,0.34195421776118234,0.5114992224456413,0.17490931649685226,0.3156251058251486,0.534262863050092,0.16862677268863213
2021-03-08,1168.27,185.98849132779316,0.6342222711733488,1.0,0.1591995858135044,0.5,0.5520457790689806,0.4090125574392681,0.22579365592055692,-0.0581226709106269,0.5360582193066706,-0.031157135469698283,0.35217314743347916,0.510601119822037,0.1798200034507858,0.4868961638018112,0.5335136453805391,0.25976574727170443
2021-03-09,1161.97,186.46176530287588,0.6145998245778321,1.0,0.1431059765616067,0.5,0.3509455768982972,0.40940031939334787,0.1436772312718456,-0.06616253023554448,0.5359375258609265,-0.03545898275913645,0.3855662981986566,0.5105092491312782,0.19683516138372267,0.5802993573888149,0.5334253962890341,0.3095464146814004
2021-03-10,1170.08,188.1428681779412,0.5918909274112909,1.0,0.14200682059591643,1.0,0.05739927931539292,0.40756465628978633,0.023393917545459556,0.00031639897536387004,0.5364246865121348,0.00016972422117232465,0.3725605564447881,0.5107703870985235,0.19029289963294574,0.7078089153658373,0.5340910206200536,0.37803438601171324
2021-03-11,1181.73,189.90969148153266,0.5575206621005104,1.0,0.1418463567418753,0.5,-0.1365477430954697,0.40299261421430577,-0.05502773195510675,0.0709986978864391,0.5365231658571058,0.038092446161764514,0.35957225232885387,0.5105211791820322,0.1835692502600657,0.7269773135041482,0.5376876146927472,0.3908866976337869
2021-03-12,1181.5601,189.71333961887203,0.5341842002437716,1.0,0.13091694267885004,0.5,-0.10191431871349639,0.39847568949542866,-0.040610378418817344,0.0001696869101343218,0.5377699694548271,9.125252447981823e-05,0.34697789392089007,0.51134760153562,0.1774263138423279,0.7370336553731531,0.5390215350405453,0.3972770122957812
2021-03-15,1184.5601,190.4513148453386,0.4652000116796581,1.0,0.12191329387037325,0.0,-0.3571314007948554,0.3935139114393926,-0.14053617442461297,-0.001570522767199324,0.5390525831481815,-0.0008465943545518257,0.3344551815087507,0.5123377111852805,0.17135400218825086,0.8053178046792259,0.5404435065780425,0.435228778270572
2021-03-16,1179.9,190.37291438448804,0.44002643739525055,1.0,0.11245283360099281,0.0,-0.4295736510333298,0.3878901602441569,-0.16662739233598584,-0.06571909329152205,0.540495592094588,-0.03552088024052068,0.32183111301788303,0.5135860706559706,0.16528797674969214,0.8800579420488943,0.541881063094332,0.47688673322206493
2021-03-17,1186.09,190.98077940197015,0.49695526020489855,1.0,0.10502195003762249,0.0,-0.31792576027004127,0.3816007221491773,-0.12132069970887396,-0.07691767508372407,0.5420227788934718,-0.04169113199490528,0.28339520698300497,0.5150952721750524,0.14597553127401625,0.9459039085856267,0.5433866547852764,0.5139915606346616
2021-03-18,1200.9399,192.30721999878367,0.7291904061728383,1.0,0.10608127787575176,0.5,0.1071485970086583,0.37460392617761,0.04013828512386592,-0.030293339819415694,0.5435917809564343,-0.016467210543554645,0.2966055555862374,0.5168131986572471,0.15328966592203325,1.013164834723453,0.5450541182878962,0.5522296656704937
2021-03-19,1194.05,192.62580425022472,0.674088755282471,1.0,0.09674326537917229,0.5,0.0276296026927806,0.3667629249376353,0.010133513898468977,-0.06942610609529824,0.5450620617206111,-0.037841536525537144,0.2834072066672217,0.5186755908839404,0.14699640037888823,1.0139910121976599,0.5471452615030697,0.554800377530651
2021-03-22,1194.4301,192.43931558101457,0.6101692615337132,1.0,0.09264734434797914,0.0,-0.13062266709458592,0.35769199936172663,-0.04672268295502366,-0.15417334725739434,0.546554087943901,-0.0842640731955235,0.2702291673207774,0.5209404290646792,0.14077329836987676,1.0925875737073716,0.5495053520306505,0.6003827193143836
2021-03-23,1183.45,190.70958044077307,0.4385180201538048,1.0,0.11538747222934591,0.0,-0.28486894025331383,0.3471259553216455,-0.09888540302689632,-0.38577517714772563,0.548076682406353,-0.2114343792458486,0.25683369533270445,0.5238165934938646,0.1345337513836183,1.1128190809686969,0.5520250879488753,0.6143040510429314
2021-03-24,1161.8101,186.44766681072275,-0.12954105182388392,1.0,0.1891159065647839,0.0,-0.6534491700473364,0.33475680875473096,-0.21874655884847385,-0.8762958079875564,0.5494618929514808,-0.4814911534422901,0.15718744674520765,0.5275625638526928,0.08292621241036037,0.8793193321237641,0.5547136634406055,0.48777044805651965
2021-03-25,1163.1,186.07624833496965,-0.5978689078549674,1.0,0.17278907173459895,0.0,-0.5978518546545052,0.3205947060045296,-0.19166813957722387,-0.9935005063886153,0.5504172522819717,-0.5468398188671691,0.11290681520491215,0.5321724424844655,0.060085895620740286,0.14443278795295117,0.5577206956285123,0.08055315496868534
2021-03-26,1162.21,185.253161759626,-0.6813858228507729,1.0,0.16610855309373362,0.0,-0.7373390181131543,0.30345080128247165,-0.22374611586326754,-1.1688039281553113,0.5508639643320744,-0.6438519653905359,0.06716755830621557,0.5371344825187967,0.036078011672860205,0.2670966814215385,0.5620970127038939,0.15013424673017042
2021-03-29,1175.6801,188.59983889219006,-0.44181122586823496,1.0,0.17951503974813132,0.0,-0.6762539066325789,0.283398349613103,-0.19164924105908632,-0.876146799936586,0.550698710128721,-0.4824929126084844,0.1129988295183557,0.5436969492749677,0.06143711888077216,0.3017188376464057,0.5664008593286429,0.1708938089185635
2021-03-30,1186.36,190.33461379763696,-0.511167691673906,1.0,0.1723857357647775,0.0,-1.0500089920280362,0.2626758215303987,-0.2758119745952703,-0.7622157403622317,0.5496484788169643,-0.4189507222204469,0.12921538452754353,0.5505153033682192,0.07113504661302172,0.19701916494696156,0.5708072032437261,0.1124599585287895
2021-03-31,1191.4399,190.57157322197173,-0.5269543082310462,1.0,0.15174899279982074,0.0,-1.1729639328141872,0.24421785022897927,-0.28645873006800965,-0.8385553032293591,0.5476005703710289,-0.4591933623360482,0.11366981583176294,0.5569764737141388,0.06331141318971091,0.2703829923907308,0.5746898856668905,0.15538637098330083
2021-04-01,1216.1,193.61916378224197,-0.16124915756119512,1.0,0.16351650410772958,0.0,-0.9238142308918674,0.21825707452222792,-0.20162899143646099,-0.5207267948924088,0.5439813029043331,-0.28326564034276996,0.0855054288549958,0.5662131385369296,0.04841429723393331,0.4749242946578159,0.5795264215371574,0.27523117698410254
2021-04-02,1224.45,194.6509252797575,-0.12608240117984332,1.0,0.1518280128379134,0.0,-0.675914544002166,0.18333811363134928,-0.12392089747335074,-0.4805956489678787,0.5376503899591828,-0.2583924380802665,0.06908499194365765,0.5790501414542366,0.04000367435733976,0.3697299333610814,0.5848248694683446,0.21622726001643416
2021-04-05,1236.05,195.4049504894263,-0.026247278339740887,1.0,0.13939307938041917,0.0,-0.6074889150808284,0.1518750781469137,-0.09226242645128463,-0.483432689234592,0.5283757225149646,-0.25543409646167986,0.05227779957997317,0.5916078978392099,0.030927959113167456,0.49265446105640737,0.5897059875132082,0.2905212854600561
2021-04-06,1239.96,195.46868948284305,-0.021745929366066674,1.0,0.12518625508825434,0.0,-0.5119261646162677,0.15757853124504076,-0.08066857312613843,-0.6018929196816832,0.5217635804615135,-0.31404580482754924,0.0014305815619158513,0.594106107026249,0.0008499172425333572,0.6290223427684999,0.591582374812462,0.37211853134508766
2021-04-07,1242.38,197.02380207014943,0.22720997015971656,1.0,0.1250024202736484,0.0,-0.16438534668239527,0.1916778356098024,-0.03150902745804854,-0.4385792312684076,0.5222316081293947,-0.22903993723745422,0.052741984645754005,0.5863599433502795,0.03092578712906563,0.7758375760608044,0.5888257566044346,0.4568331477261537
2021-04-08,1234.89,197.00451324358258,-0.11590550649241632,1.0,0.11420696677903722,0.5,-0.9752248435400988,0.25278152162051687,-0.24651881987219665,-0.5801180567903497,0.5283253746551149,-0.3064910896979587,-0.036169407753892234,0.5659993480122545,-0.020471861206692386,0.7886684599242095,0.5801883649923114,0.4575762642844314
2021-04-09,1231.66,197.55619445591773,0.019602846804783025,1.0,0.10577129751412924,0.5,-0.5003976502091924,0.3112397950875677,-0.15574366211340943,-0.6021678809079453,0.5356240492893016,-0.3225355987238716,-0.018185561095670155,0.5431910951287894,-0.009878234847088578,0.895951420641794,0.5667275376665292,0.5077603424891526
2021-04-12,1252.45,199.8344332455633,0.1205710223420049,1.0,0.11641014617254727,0.5,-0.7607006455306834,0.35724639625809174,-0.27175756424704073,-0.25783253613664614,0.5416068994113558,-0.13964388046433526,-0.036823498557154354,0.5233357343200604,-0.01927105265764206,0.9978885757642864,0.5524098913436538,0.5512435197110229
2021-04-13,1248.33,197.26193042583617,-0.41283955010083,1.0,0.14838099553382006,0.5,-0.8229706102804313,0.3991777387778084,-0.32851154729233556,-0.9694998029258629,0.5474514929609438,-0.5307541145371044,-0.055836320193501536,0.5034857318866514,-0.02811279053848253,0.8850871723930134,0.5361493388092835,0.47453890226709244
2021-04-14,1255.87,198.69083032493685,-0.37806735120222845,1.0,0.1429024142399932,0.5,-0.1938982941675163,0.43162996472612664,-0.08369231387198119,-0.7835449398146095,0.5515867866404074,-0.43219303554069183,-0.15633946487525713,0.48980402223622954,-0.07657569873016067,0.412953085325066,0.519172042925506,0.2143936969406053
2021-04-15,1247.25,196.91561147582505,-0.9270124184852676,0.0,0.15540468419879047,0.5,-0.7545203969886888,0.45423162290119035,-0.3427270244362225,-1.3170592668829035,0.5521605300958526,-0.727228142969719,-0.21888607775588145,0.48061508813700204,-0.10519995155260564,0.4887184879015221,0.5077415866519888,0.2481427004732796
2021-04-16,1238.71,194.22446020537384,-1.661077884986103,0.0,0.18133373142647255,0.5,-1.0290518704321094,0.4685215308184266,-0.4821329576264171,-2.026201210277844,0.5526101379238313,-1.1196993302730733,-0.41295217348207924,0.4790915584592761,-0.19784190036267468,0.2796754611629799,0.4955611861681902,0.13859630327606196
2021-04-19,1260.58,196.61914773672743,-1.577333588006805,0.0,0.1799987805330199,1.0,-1.1010128906795789,0.4780602113387192,-0.5263504552049336,-1.5399317538356838,0.5524699064701861,-0.85076595201207,-0.3076126256536028,0.4825400777741083,-0.14843542030718715,-0.1071852968143498,0.48310507151277216,-0.05178176048261417
2021-04-20,1268.28,196.03191074800299,-1.7849375976676598,0.0,0.17193166249613884,1.0,-1.172931199212581,0.48167455603166764,-0.5649711146364115,-1.746268166340191,0.5508364002302953,-0.9619080705835895,-0.4666240910049148,0.4884654050865775,-0.22792972563587172,-0.06338031548794411,0.47536347176306115,-0.030128686811787226
2021-04-22,1227.8199,189.29530657536554,-2.6339945944551033,0.0,0.2883848508696363,0.5,-1.298712021142654,0.4840417134169169,-0.6286307919490374,-3.0,0.5500502807039623,-1.650150842111887,-0.7767196222671855,0.4945998930130358,-0.3841654420744755,0.06193568435621625,0.46746043062638043,0.028952481680296422
2021-04-23,1248.53,193.0769898607132,-2.8526520256040726,0.0,0.2818805471145944,1.0,-1.134499421281839,0.49112859121611013,-0.5571851025096418,-2.4467943563574446,0.5491600095045612,-1.343681611992961,-0.5682253487797052,0.5002709911258345,-0.2842666584168461,-1.467357763768005,0.45491199840079427,-0.6675186526846237
2021-04-26,1215.77,189.2774471696511,-3.525451377100523,0.0,0.30261978986257404,1.0,-1.5019663283815239,0.49431236150120056,-0.7424405226775588,-3.0,0.5452660243269294,-1.6357980729807882,-1.0438091304975514,0.4984898553544563,-0.5203282624793852,-1.3684691382544716,0.4580918205889563,-0.6268845189627911
2021-04-27,1219.75,189.39872717615725,-3.7097447085417476,0.0,0.25797528966342315,1.0,-1.5403455890240247,0.4953924078910818,-0.7630755103310183,-3.0,0.5418295147782197,-1.6254885443346592,-1.08163904104968,0.5003321841212378,-0.5411788238391876,-1.6993752172641983,0.4589932947784171,-0.7800018300368827
2021-04-28,1229.55,191.65220784310662,-3.177625123149757,0.0,0.24155500837759583,1.0,-1.4146330965941656,0.49464695059400177,-0.699743947439654,-2.656212977889188,0.5383314258891916,-1.4299229198524621,-1.0160399701359393,0.5027632740111124,-0.5108275819116977,-1.1645076676403479,0.461251298614749,-0.5371306739459429
2021-04-29,1239.39,192.770278011822,-3.0441381918380257,0.0,0.21666629702696624,1.0,-1.6511234121506106,0.4956325314130143,-0.8183504764395009,-2.4135821711161674,0.5354659447214157,-1.2923910574194841,-1.001389106813511,0.506151976717998,-0.5068550758775291,-0.9276265039860179,0.45982039136296715,-0.4265415821015117
2021-05-04,1242.2,191.90247832728667,-3.015013036681813,0.0,0.202629130897308,1.0,-1.4999914226067488,0.49802675710827027,-0.74703586389106,-2.5883238931440586,0.5326485266544791,-1.3786669081877683,-1.2061276908248548,0.5097964301717163,-0.6148795911137666,-0.6012054041717926,0.45646740961563304,-0.27443067348921785
2021-05-05,1256.4301,194.8064701479184,-2.4462287429869276,0.0,0.20347289437388436,1.0,-1.3259358430436423,0.499785442886673,-0.6626834325548809,-1.9984240557425124,0.5308452855440514,-1.0608539885087354,-1.019254593205459,0.5142973318037708,-0.5241999177143054,-0.4395578099144725,0.45157064607185093,-0.1984914042090062
2021-05-06,1250.5699,194.24052835086403,-2.7645665501809944,0.0,0.18723501559175948,1.0,-1.5513954867452069,0.5028179159225898,-0.7800694454169368,-2.1459019854882846,0.5285646271695296,-1.1342478829019684,-1.2968505053866386,0.5177398176071542,-0.671431144122624,-0.400110475094774,0.4469217600391709,-0.17881807773946523
2021-05-07,1241.8101,192.32986607426318,-3.022895209763178,0.0,0.19532698996818182,1.0,-1.515982043008682,0.5058482733822318,-0.76685689893441,-2.536831126853166,0.5270546915462923,-1.3370487470686283,-1.5846641630650882,0.5206321296517877,-0.8250270779994446,-0.21263430365741753,0.44189711699614176,-0.09396248576069496
2021-05-10,1259.58,193.773865328436,-2.559805065261709,0.0,0.1821625117908104,1.0,-0.9504898068168943,0.5074725303171045,-0.4823474673059852,-2.232890528413068,0.5271009718527453,-1.176958767567318,-1.440106834374009,0.5243579732419441,-0.7551315009242275,-0.3337723972775477,0.4355283140543761,-0.14536732946417777
2021-05-11,1256.04,194.79502396822053,-2.381541476231641,0.0,0.16701907943610028,1.0,-0.9267347299163988,0.5080765525099263,-0.4708521866671416,-2.0335822280523885,0.5260963244567399,-1.0698601356589095,-1.478427374903699,0.527221488911907,-0.7794586818448502,-0.14187348740983463,0.43257181578582826,-0.06137047206074001
2021-05-12,1269.09,197.89215538336364,-1.5405378263158565,0.0,0.17643663403168272,0.5,-0.15517461907734825,0.5090255330363243,-0.07898784318955576,-1.443624111145951,0.5254375114028419,-0.758534260361668,-1.3819417970107668,0.5296172871668061,-0.7319002655552633,0.06728006238701209,0.4293180143692399,0.028884542790630612
2021-05-13,1261.99,196.92498855633315,-1.7681507734162873,0.0,0.17094794915335787,0.5,-0.19968084624236604,0.5085938176792684,-0.10155644390783193,-1.680728328674637,0.5254188227338079,-0.8830862997875883,-1.4774704910222831,0.5313094992410681,-0.7849941067285042,0.0034741002388870407,0.4277588168017726,0.001486077007637076
2021-05-14,1266.36,197.58684887568305,-1.6781460001025952,0.0,0.15411559978809825,0.5,-0.1264839862379476,0.5075219130681268,-0.06419339466796578,-1.5863660488182703,0.5255242934223429,-0.8336738969144153,-1.5024872913333698,0.5327750434398415,-0.8004877319079459,0.04731916829462061,0.4270790065857739,0.020209023387731617
2021-05-17,1258.7,195.7050853620155,-1.8688256090297721,0.0,0.1677450290394456,0.5,-0.10005215805835169,0.5066048470880956,-0.05068690823398523,-1.9875982435549862,0.5255553349246699,-1.0445928605872263,-1.663129288855145,0.5335434309224967,-0.8873517068434661,0.26641797809029827,0.42717037134908625,0.11380586663490544
2021-05-18,1252.6801,194.580801145473,-2.236011320593378,0.0,0.16647005756584138,0.5,-0.24600257832580485,0.5056993817114097,-0.12440335175877215,-2.210760574308626,0.5261524474629077,-1.163197086926987,-1.8326737237224389,0.5346736411908485,-0.9798823329774674,0.07386040118503236,0.4260936924916978,0.03147145106984861
2021-05-19,1262.49,195.1829446822884,-2.168612789474302,0.0,0.14990017139331457,0.5,-0.12190812173593239,0.5044764469998112,-0.06149977611376363,-2.089290801170839,0.5269517057312867,-1.1009553514456603,-1.9335091400866953,0.5360918765061018,-1.0365385431507756,0.0715228632640458,0.4247716023859189,0.03038088123589771
2021-05-20,1278.22,196.0116436011749,-2.041234106087351,0.0,0.13833171883435538,0.5,-0.03486128913104549,0.5033251731570292,-0.01754656438836073,-1.9337935521370833,0.5274044184226827,-1.0198912637143922,-2.1006977323626854,0.5368396410387468,-1.1277378165724934,0.291880519525022,0.4246310743505105,0.12394153858789524
2021-05-21,1283.9301,198.55700453854905,-1.3785665435975356,0.0,0.14683242420931378,0.0,0.2878271204692967,0.5022262711883134,0.14455434146016435,-1.4658727571767014,0.5288154363315662,-0.7751761416929535,-1.7509482494176671,0.5369947704247547,-0.9402500532216663,0.4535709185166142,0.423980687487299,0.19230530985691976
2021-05-24,1297.98,201.71531574204934,-0.8252169396058759,0.0,0.16022933753295804,0.0,0.6349078736643392,0.5005901811598688,0.31782864749745865,-0.9076079652963547,0.5305544037756755,-0.48153540288986146,-1.5435820132400073,0.5367433440502458,-0.8285073716022523,0.39380425624092913,0.424061408027572,0.16699718738877917
2021-05-25,1308.58,203.01202626021566,-0.8322939995373502,0.0,0.1511701921330873,0.0,0.723231932960591,0.49836599751096966,0.36043420370169166,-0.7323337599537947,0.5322435467983821,-0.3897799178380027,-1.7167654436137552,0.5360037493192822,-0.9201927144787535,0.27554669497815143,0.4254974972100859,0.11724442907771437
2021-05-26,1316.7,203.4599835471917,-0.8530376699115297,0.0,0.13549665991079518,0.0,0.5782787155741209,0.49575234166487103,0.28668302738082435,-0.7253486400963711,0.534498672587092,-0.3876978852943627,-1.718988542150417,0.5351108274304568,-0.9198493811335843,0.39317860961086143,0.4268456244394752,0.1678265691355928
2021-05-27,1303.5699,202.10884889071338,-0.9425427299506637,0.0,0.14298779157045527,0.0,0.7493647728306156,0.494063298302952,0.3702336312967363,-1.05938094299971,0.5359686166512576,-0.5677949385262594,-1.8655200265845202,0.5333133856843515,-0.9949068014397519,0.582299966593463,0.4292038348906493,0.24992537871861126
2021-05-28,1320.46,204.93514448314096,-0.6194153570434167,0.0,0.15282103407102135,0.0,0.8328692818260273,0.4915279700179987,0.40937854738629564,-0.5811628095250236,0.5380883238081653,-0.312716922036964,-1.7175772936345857,0.5315570766861308,-0.9129903651868765,0.45620406353158055,0.4316344340946384,0.19691338279412823
2021-05-31,1328.05,206.50877685557197,-0.5935659375709099,0.0,0.14754075631035476,0.0,0.6470229148899735,0.4892125372809932,0.3165317218722681,-0.3659328815436097,0.5405227248435476,-0.19779503824180303,-1.6463268574901841,0.5292831703637341,-0.8713730985873681,0.3665124945477507,0.4340110630669611,0.15907047738599306
2021-06-01,1337.78,206.44554976610831,-0.4963852088031492,0.0,0.13362290825669618,0.0,0.7387625846068899,0.48764699288845054,0.3602553528420494,-0.474229843602039,0.542752470077334,-0.25738941899939444,-1.5004984072717154,0.5265900830356876,-0.7901475808801295,0.43757462553837156,0.4362603018844048,0.19089643823432537
2021-06-02,1340.78,208.39076608896923,-0.33353844081700407,0.0,0.13527625435420434,0.0,0.7807638746327181,0.48589566535509837,0.37936978234988916,-0.18875791751850088,0.5451531954225138,-0.10290198189651006,-1.650839806241263,0.5245322866725112,-0.865918778497735,0.5846787349339871,0.4376976995003001,0.2559125372273519
2021-06-03,1364.28,213.29825690042674,0.609378752006394,0.0,0.1696512947833646,0.5,1.2027686659722499,0.4849613649217264,0.5832963339349864,0.648361140505321,0.5473753635045672,0.35489691496633585,-1.120962476482157,0.5213616981134733,-0.5844269002602218,0.5812756571249972,0.43974386374540153,0.2556124033652935
2021-06-04,1374.05,214.8744910957924,0.6389158952016101,0.0,0.1608479190748597,0.5,1.2438750924866686,0.4847531318061148,0.6029723466585333,0.8017273725583842,0.5495242048715933,0.4405685969289377,-0.9753686903316541,0.5173832943273071,-0.5046394661875022,0.22628386892653365,0.44198651135009764,0.10001441780164137
2021-06-07,1358.78,213.4924817082183,0.39183019656062923,0.0,0.16299686784632098,0.5,0.9529593861548701,0.48409504265956316,0.461322914693473,0.3848856036467713,0.5515003726984313,0.2122645538574551,-0.8286770008300678,0.5141901333572173,-0.4260975375668714,0.32511391344199253,0.4439682819121366,0.1443402655765725
2021-06-08,1319.88,207.99803623619874,-0.7080007767156296,0.0,0.2396936957433993,0.0,0.5082986116709491,0.4838206590424702,0.24592536928901124,-0.8009322855514084,0.5530784366211504,-0.4429783763321778,-1.2152425862946938,0.5117778647207142,-0.6219342559315767,0.24935732573094382,0.44509013695016886,0.11098648625911366
2021-06-09,1332.9,209.79851903181884,-1.0425467445737615,0.0,0.22051699924114174,0.5,0.5261588667052637,0.4825945243535617,0.2539213880120358,-0.5223704451424439,0.554358186900243,-0.289580332859438,-1.2892403586271826,0.510710206031365,-0.6584282091784392,-0.7812040807946965,0.44605449346020054,-0.3484595905479199
2021-06-10,1323.58,209.90540584722854,-1.1686964745377346,0.0,0.1916721217818116,0.5,0.4424846995489148,0.47941540773796204,0.2121339826520526,-0.5859424119869252,0.5553163877455619,-0.32538342365150114,-1.5900505808571954,0.510494402066899,-0.8117119205308194,-0.5434075299310351,0.4485309819655969,-0.24373511300746667
2021-06-11,1351.74,213.26178201335773,-0.3519703176079821,0.0,0.19645887719107288,0.0,0.5748395611934923,0.47742163937197396,0.27444084568086324,0.005955167966422703,0.5563317907433061,0.003313049258937115,-1.0496456837338703,0.5092161417024417,-0.5344965252255828,-0.21121982196089673,0.4508463573074558,-0.09522768732219965
2021-06-14,1361.72,215.88182570237473,-0.07558225936857846,0.0,0.19261455718483123,0.0,0.6260737307231906,0.47578289197878376,0.297875170195426,0.40999857107934345,0.55679672919314,0.22828586335083959,-0.979222964972429,0.5078208063813472,-0.4972697956994326,-0.23033581255091395,0.453570359113472,-0.10447349721541141
2021-06-15,1367.36,217.98912150592926,0.16514031870895896,0.0,0.18439121858724908,0.0,0.6035307676429649,0.47564776264349024,0.2870680593158844,0.6852139432845608,0.5573721291556909,0.3819191544956825,-0.8337570175634131,0.5064324014488905,-0.42224156862950407,-0.1795273007252572,0.45455663926006457,-0.08160532647310385
2021-06-16,1356.52,218.25139937273482,0.15608781107650993,0.0,0.1612145770022144,0.0,0.6407017898605512,0.47464642155278974,0.30410681183977806,0.5697933565719746,0.5574800987707723,0.3176484567006743,-0.852659096167415,0.5040493250536258,-0.4297822419240201,-0.07833389084912244,0.45810587411061027,-0.03588521553992237
2021-06-17,1359.92,221.01962065529972,0.5375531944418939,0.0,0.16479943833847177,0.5,0.7400715562750121,0.4739895563065794,0.3507861885939127,0.9557230885454334,0.5586687600135702,0.5339326327940169,-0.8632409368836792,0.5022752310499639,-0.43358454102503724,0.18815967092066038,0.45928499798153366,0.08641891407900154
2021-06-18,1377.77,222.93526032838096,0.654600750146932,0.0,0.159410792357714,0.5,0.7144917167155985,0.473669858172587,0.3384331901221658,1.1454763246525441,0.5589127622114037,0.6402213366593201,-0.7945752225884553,0.4988198251676435,-0.39634987361411467,0.15612407555161353,0.4630682149702154,0.07229609697956073
2021-06-21,1372.63,222.04055359361604,0.5993740796153779,0.0,0.15431735518752945,0.5,0.7137362882796235,0.47376688442566334,0.3381446175997743,0.7805280979366387,0.559157796606487,0.43643837143170316,-0.565274234657218,0.49560048203128937,-0.28015018317598545,0.22513799177413354,0.4661197913907252,0.10494127375988593
2021-06-22,1379.97,222.10320179728242,0.6157017739134242,1.0,0.13762922946610712,0.5,0.9103952001733803,0.4735239631684126,0.43109394323559935,0.6273227703205131,0.5597392920916316,0.35113720337216525,-0.5741513644631806,0.4935038696912658,-0.28334592015109994,0.24966676973340654,0.4678898500649323,0.11681654745675955
2021-06-23,1376.87,220.36648031831007,0.2269190167995919,1.0,0.1486692492427224,0.5,0.6480257291792441,0.47307856558367833,0.306567082421434,0.13867619225042843,0.5604224826753228,0.07771725594894546,-0.7418809874196386,0.49148430293840273,-0.364622859965195,0.44130674776895046,0.4696450698798712,0.20725753839440744
2021-06-24,1379.72,219.5609773517424,-0.14452330114366307,1.0,0.14436606261201232,0.0,0.46148464857034516,0.472966048227629,0.21826657055203227,-0.14536619047662813,0.5610739120594086,-0.08156117717189489,-0.8265510662514991,0.48962930325937104,-0.4047036226770117,0.2622013336127978,0.4709164764796778,0.12347492815321125
2021-06-25,1390.12,220.99140474811466,-0.18111214774784481,1.0,0.13819719347396855,0.5,0.2495208861051783,0.4730568225974014,0.11803755755260373,0.011362367949032422,0.5613856001012529,0.0063786697496388085,-0.911313726587713,0.4884570475940445,-0.4451376123209606,0.29598884190088176,0.47167060884553347,0.13960923727087324
2021-06-28,1405.8101,223.3787775233965,0.0403664402075756,1.0,0.1419778754440324,0.5,0.15090615387983977,0.47414781199270295,0.07155182267836017,0.34046462233482994,0.5615024542751513,0.1911717210348695,-0.8369287261854118,0.48716252978964647,-0.4077203155021116,0.3929060847683651,0.4717748571029054,0.18536321199645747
2021-06-29,1410.04,223.45063945079292,0.07256570278587307,1.0,0.12721054697684447,0.5,0.4819181648898542,0.47518478666583097,0.2290001803735741,0.20745997030815944,0.5616725931332424,0.11652457949432937,-0.9242018530216901,0.48557770200249495,-0.4487718119767199,0.3723563004859416,0.47216269649592607,0.17581275489468948
2021-06-30,1408.55,222.63525903259955,-0.348665003586194,1.0,0.1265567911326865,0.5,-0.29426261318093216,0.47594494747670013,-0.14005280397475528,-0.09289081504892127,0.56209323837329,-0.05221329904598249,-0.8568486582044929,0.48390365006346725,-0.41463219325713835,0.5463926035709717,0.472614912800773,0.25823329269168216
2021-07-01,1417.08,224.35075279578552,-0.32594537843599514,1.0,0.12582385986977296,0.0,-0.4354429595486552,0.4770350755011896,-0.2077215650847542,0.10320197907338023,0.5625385733715186,0.05805509407705663,-0.879374709904303,0.48318006751381737,-0.4248963317015047,0.5270383808030845,0.4717254631330107,0.2486174242732071
2021-07-02,1420.27,224.05732619136117,-0.6829802149406402,0.0,0.11832580640661952,0.5,-0.7861411007498743,0.47759589272705516,-0.37545776082206606,-0.09152894463460302,0.5630224677349637,-0.051532852277351056,-1.0705256669352714,0.4826589199407366,-0.5166987621718149,0.5533889040169724,0.47111381966306254,0.26070916033059177
2021-07-05,1411.13,221.86147645731435,-1.084317523918914,0.0,0.14026461459685777,0.5,-0.763908734009566,0.4785240129215856,-0.36554867290410564,-0.6383225599793182,0.5632549589653876,-0.359538347327832,-1.355816622267558,0.48260533229741187,-0.6543243315237894,0.6279292628586113,0.4699475646244223,0.2950938278368131
2021-07-06,1354.79,213.43169651454517,-2.820701982074899,0.0,0.2994174269222293,0.5,-1.6202254002353134,0.47962457999598346,-0.7770999270866864,-2.3175217735300495,0.5640268912475254,-1.3071446013226053,-1.8223051890766402,0.4826603863570268,-0.8795545266201459,0.30586851490435907,0.4678385187808022,0.14309707295453905
2021-07-07,1388.55,215.66297837441007,-3.2717095752343877,0.0,0.27206192242036287,1.0,-1.19082355201798,0.48220606808946215,-0.5742223428069172,-1.8970465564681684,0.5646183579076532,-1.0711073115874254,-1.63190003646691,0.48455836745295955,-0.7907508175168311,-1.8068485948949182,0.46247876312614444,-0.8356291033232138
2021-07-08,1374.6801,214.65568093793343,-3.397515419916753,0.0,0.24794755458793813,1.0,-1.3832998691527294,0.481620707657054,-0.6662258618832477,-2.098522359910085,0.5629204980937252,-1.1813012521014048,-1.8140055549036844,0.48478244769733714,-0.8793980530427744,-1.4423864729002633,0.4649171809972287,-0.670590252889326
2021-07-09,1347.14,210.730267794575,-4.135571824382948,0.0,0.27165172575270075,1.0,-1.7473838157747383,0.4823579993865919,-0.8428645615376119,-2.7941493342133144,0.5611529798941337,-1.567945225163011,-2.4393439478415098,0.4847838813987847,-1.1825546271012417,-1.1628214241385533,0.4662860516031207,-0.5422074105810838
2021-07-12,1296.3,202.56452200391513,-4.896394085773897,0.0,0.36920362275075136,1.0,-2.1878206056667966,0.4837121538327622,-1.0582754173667845,-3.0,0.5590101153047496,-1.677030345914249,-3.0,0.48565494910420887,-1.4569648473126267,-1.509211202927855,0.466550654947594,-0.704123475180237
2021-07-13,1297.54,204.9748880494092,-5.346403190155429,0.0,0.33039457454592047,1.0,-2.1964839150676068,0.4847628860116876,-1.0647738817464236,-3.0,0.5561248051568273,-1.6683744154704818,-2.708234101615018,0.48674979893580295,-1.3182324044321951,-2.7685279274344152,0.46776573054345927,-1.2950224885063284
2021-07-14,1279.91,203.18423211475758,-5.021180658441013,0.0,0.30631662765118495,1.0,-2.275148955461182,0.4845446728092493,-1.1024113062162437,-3.0,0.5527907541342718,-1.6583722624028154,-2.492311851377485,0.486996909181744,-1.2137481683378653,-2.2190266522754296,0.47167027958444546,-1.046648921484088
2021-07-15,1293.92,206.23561928165856,-4.7377603051555095,0.0,0.28632234754010993,1.0,-2.2438984492271694,0.4847140347151891,-1.087649070816057,-2.9562546824318976,0.5502334453390832,-1.6266301992143004,-2.2857444258007997,0.4867222945407497,-1.1125227716594936,-1.9187771637214204,0.47475980050694244,-0.9109582634656583
2021-07-16,1299.3101,207.17087015617332,-4.403767933648138,0.0,0.25049605014946,1.0,-2.250838776425312,0.4850808389430885,-1.091838761994025,-2.7142512897446145,0.5483198042354314,-1.4882777358385342,-2.173497431181003,0.4863828421498957,-1.0571518579833137,-1.6071126569027074,0.4769420329931902,-0.7664995778322646
2021-07-19,1243.51,199.31841827845304,-4.747483833916609,0.0,0.35167706123711157,1.0,-2.3539180621544102,0.4856397229908842,-1.1431561156479066,-3.0,0.5467793337989456,-1.6403380013968367,-2.9148512587829956,0.4863191743398791,-1.4175480574949035,-1.1426931751185976,0.47820506088193687,-0.5464416593769628
2021-07-20,1273.29,203.38087364958432,-4.9403214733163185,0.0,0.33270515416921476,1.0,-2.1316102342007306,0.48669178222126125,-1.0374371838842336,-2.9853298911152377,0.5454924212672734,-1.6284748305860166,-2.3603497279287513,0.4872978967261101,-1.1501934579577269,-2.353844165451649,0.4776085084088949,-1.124216000888342
2021-07-21,1270.79,203.5772997082659,-4.774035738411377,0.0,0.28615889991077287,1.0,-2.1169015980961623,0.4866403343797041,-1.0301697015464464,-2.843225748543821,0.5440109817518823,-1.5467460308075547,-2.49902644175237,0.48721852837424595,-1.217571985318918,-2.0431592081306493,0.4794281409106034,-0.9795480207384577
2021-07-22,1293.67,208.10230482386433,-3.7792378243209868,0.0,0.28604547983768425,1.0,-1.923105317462498,0.48682815831687437,-0.9362218199496559,-2.127284921912765,0.5425695000561227,-1.154199916559137,-2.051150267256401,0.48750180240129426,-0.9999394522833919,-1.4334228258381494,0.4805816002867145,-0.6888766355288023
2021-07-23,1268.83,205.4567385468207,-3.9246836300723156,0.0,0.2840706399783042,1.0,-1.8831328956621916,0.4871038038868991,-0.9172811967016046,-2.4493251705929073,0.541523397688678,-1.326366888423872,-2.119143374779749,0.4876920165375208,-1.0334893057784629,-1.345442495462583,0.48128867740701164,-0.6475462391683758
2021-07-26,1272.71,207.376377931846,-3.2006166753143823,0.0,0.258506566425113,1.0,-0.7719720905937087,0.4874420048218042,-0.37629162350547685,-2.1304095974328123,0.5406837465757148,-1.1518778428808334,-2.105436989804709,0.48796881637023554,-1.0273875958571155,-1.3393827808593048,0.4816096057746143,-0.6450596130709565
2021-07-27,1276.9301,208.55290834825468,-2.824044451795134,0.0,0.2307634191010609,1.0,-0.5903813130762466,0.48642322638317526,-0.28717518310288337,-1.9563960692738487,0.540426365765536,-1.0572880177156458,-2.0336098437424694,0.48850981257465176,-0.9934383636166007,-1.007801782048744,0.4823794678867626,-0.4861428873600042
2021-07-28,1277.0699,208.1645019925479,-2.859970672958737,0.0,0.20708921634444102,1.0,-0.6591877647608234,0.486090330548858,-0.32042479846635147,-2.0472589534141976,0.5400238363740943,-1.1055686340739483,-2.258608242504379,0.48857589911869265,-1.103501552838467,-0.6840753486331885,0.4830983724823219,-0.3304756875799703
2021-07-29,1293.6,210.2178369348758,-2.797640250505704,0.0,0.19699590206839088,1.0,-1.050382541026217,0.4854494370971947,-0.5099076132778981,-1.7669070515178635,0.5401902755327372,-0.954466007000171,-2.2757814938583234,0.48902122660828157,-1.1129054576190247,-0.4561340681597631,0.4831061479306731,-0.22036117260861024
2021-07-30,1310.05,212.88027474221494,-2.1520101214623035,0.0,0.19449900915735294,1.0,-0.08732558478284307,0.48475095606195134,-0.04233116071215216,-1.432299688366342,0.5401251305334764,-0.773621056141928,-2.4029758381275026,0.48953710913444604,-1.1763458451168602,-0.3304220105681744,0.48335781026430974,-0.15971205949136338
2021-08-02,1314.22,213.58431156511267,-1.644159705407366,0.0,0.17380183418458728,0.5,0.8115467800748858,0.48330637388438236,0.39222573151553936,-1.3817814573356715,0.5407599629412977,-0.7472120896618101,-2.3452913086284726,0.48968611112857785,-1.14845658038593,-0.29077118115673284,0.4839433066075268,-0.1407167668751655
2021-08-03,1332.4399,214.98818814307435,-1.3944528834809442,0.0,0.16304213058265596,0.5,0.7628306834563606,0.4798594733818726,0.3660515300429032,-1.234717404681482,0.5421582562423976,-0.669412235074251,-2.1921695876010507,0.4898725102322637,-1.073883618732953,-0.03543645802119255,0.48561737480511846,-0.01720855971664331
2021-08-04,1334.74,216.01307482513485,-1.2140241030763603,0.0,0.15054662656067183,0.0,0.8056258081946405,0.47751218362325176,0.3846961388542698,-1.134211101806271,0.5433898210934249,-0.616318767692686,-2.1180654113812567,0.48988333446805277,-1.0376049463488979,0.11346066068605322,0.4865428402863119,0.05520347211095382
2021-08-05,1345.55,218.3180525225032,-0.8862149839194096,0.0,0.1522890095710817,0.0,0.7954710463354994,0.4756279373177631,0.3783482529645563,-0.8385346667567578,0.5445875198012551,-0.45665551443643465,-1.9337104129295746,0.4895673093864761,-0.9466814039905435,0.28474179210553197,0.487366749070609,0.1387736815430123
2021-08-06,1341.45,218.1467323144194,-0.8688954817523568,0.0,0.13919032474916077,0.0,0.9333081707311268,0.4744497267719692,0.4428078065974295,-0.9241334379614957,0.5456856844344535,-0.5042863876027834,-1.9367511252777316,0.48889535366688075,-0.9468686263573859,0.28578458042388766,0.48796098587104425,0.13945172561038296
2021-08-09,1359.86,222.31866028104815,-0.4122564110135123,0.0,0.1624405401365546,0.0,0.9756851698692387,0.4729844098284331,0.46148387424895637,-0.35019195700585615,0.5466218417111134,-0.19142257249096012,-1.8370534320251364,0.48838393625144877,-0.8971873862366694,0.4395437637041841,0.48884705280398333,0.21486967346516084
2021-08-10,1362.4301,223.90666644264678,-0.18387202350014747,0.0,0.15478148444946838,0.0,1.0140880911424488,0.47240494300229935,0.4790602268954591,-0.19359938795495402,0.5475302668006425,-0.10600152453941708,-1.3269156511395561,0.4871958508259801,-0.6464677996312455,0.1828870820619669,0.48957571396277444,0.08953707377505597
2021-08-11,1357.79,222.95338245232173,-0.27252310773309235,0.0,0.15156022193252458,0.0,1.1089512298383004,0.47136810505839144,0.5227242398110524,-0.4291816832901806,0.5481966626691319,-0.23527596645839732,-1.4433068818250403,0.4865983745455802,-0.7023107826665144,0.2902381238874368,0.4904228282428206,0.1423394015807669
2021-08-12,1353.05,223.30525373103774,-0.2790059289588577,0.0,0.1348029672904177,0.0,0.9024396640575555,0.4706108541483617,0.42469790111948674,-0.45526616643734524,0.5485291531193994,-0.24972676471979252,-1.2326042796693728,0.48539198786734605,-0.598296241562515,0.29334874052546683,0.4919713510460231,0.14431917620396317
2021-08-13,1357.05,224.6545145709933,-0.035674833452796095,0.0,0.12954603879375817,0.0,1.037587217219282,0.4696177111503637,0.48726933406939443,-0.3279767189447047,0.5489356328917098,-0.1800381077876579,-1.2369442696144712,0.4848614870819802,-0.5997466380028064,0.5209863633459754,0.4929890614002725,0.2568405782682737
2021-08-16,1370.96,228.16394449835718,0.25836168255456127,0.0,0.1463236378093605,0.5,1.0483820970403432,0.4690027871635602,0.49169412552429903,0.12233072809253484,0.5494046702007807,0.06720907332310047,-1.2394386629395173,0.4837864956324964,-0.599623687294936,0.6052986451872392,0.49410679072242364,0.2990821710020978
2021-08-17,1363.09,227.12314538172657,-0.11690399033442031,0.0,0.14550638935952526,0.0,0.9804251620473711,0.46872614894907605,0.4595509105392381,-0.14265210237751758,0.5499934460790824,-0.07845772137703695,-1.4648245883315556,0.48220953240181574,-0.7063523797900416,0.42070333531349263,0.49525445320789185,0.20835520029342017
2021-08-18,1360.9399,227.79853264983268,-0.13543899177474963,0.0,0.13240728176749259,0.0,1.079236103949581,0.4682463727501586,0.5053483910154044,-0.13438931220290662,0.5506564277492114,-0.07400233858532607,-1.5813957228033941,0.480775021229333,-0.7602955622027783,0.3898552849212561,0.496364998712371,0.1935105179979503
2021-08-19,1374.85,229.35170733468118,0.02609510226335987,0.0,0.12913913021475312,0.5,0.8330080813056062,0.4676825308623913,0.38958332769383053,0.006372060673559093,0.5513985437061129,0.0035135449758074764,-1.3576271274935663,0.479197165433941,-0.6505710712111406,0.5698774342123001,0.49759699854902933,0.2835693008048624
2021-08-20,1329.4301,222.64013439033138,-0.8290569694363283,0.0,0.24112974644384158,0.0,0.49395452061245504,0.46764953560041245,0.23099760217213897,-1.112076605933731,0.5520150632670179,-0.6138830379822791,-1.5901632336146039,0.4776797485649321,-0.7595887736102234,0.6288432713707233,0.4984027885054138,0.31341723998403515
2021-08-23,1298.86,217.61644775966187,-2.869951820545848,0.0,0.2828405110401682,1.0,-0.7120779603648978,0.46742280056321683,-0.33284147445310386,-1.9048214401292534,0.5525670853059247,-1.0525416312004554,-2.0510029211103302,0.47706402961685246,-0.9784597183008295,-1.015073445368805,0.4985934750835448,-0.5061089965914592
2021-08-24,1298.74,216.8806348149543,-3.3705721478414925,0.0,0.25373189381348604,1.0,-0.8683533002601811,0.46697116932835947,-0.40549595601263677,-1.999309372057005,0.5523914039971378,-1.104401311055205,-2.1592369861404013,0.47716887187504975,-1.0303206767874977,-1.6636672710328333,0.49911074073763245,-0.830354203986153
2021-08-25,1309.55,219.0432679214379,-2.8984644668755877,0.0,0.2351742650439347,1.0,-0.7991500216549217,0.4663332731507704,-0.37267024533684867,-1.6618414578158975,0.5520473732996586,-0.9174152116277416,-2.02903548426868,0.47746193929741576,-0.9687872172221952,-1.2796774505989417,0.4998070352724015,-0.6395917926888021
2021-08-26,1301.12,219.35630438940717,-2.847178256739891,0.0,0.20375429596357955,1.0,-0.7151356979869565,0.46584261019943707,-0.33314068019704013,-1.6153716245556775,0.5517181575657132,-0.8912298564837914,-2.3637821903076266,0.4774290400962894,-1.1285382621152746,-0.9872381018002346,0.5006588147707041,-0.49426945794378513
2021-08-27,1313.2,223.5529658583517,-2.0164156246126903,0.0,0.21380521680115724,1.0,-0.6158974343009169,0.46543798468701075,-0.2866620605949194,-1.0096041250536356,0.5513314747102656,-0.5566265311393883,-1.8842062088778666,0.4773700640917645,-0.8994636386941278,-0.5456716470775114,0.501516609209827,-0.2736633941842549
2021-08-30,1328.14,227.62482237672955,-1.4806217942501894,0.0,0.21985182807141662,1.0,-0.6619980165840511,0.4652617144843073,-0.3080023321811065,-0.4545269652195598,0.551162004747142,-0.2505179933620471,-1.2936664131295723,0.4770529202966918,-0.6171473402732089,-0.6072753617449989,0.5021677934661213,-0.3049541284338267
2021-08-31,1331.47,228.53700324713168,-1.337152258055421,0.0,0.19601213811339951,1.0,-0.6495193081900743,0.4651661427288602,-0.3021343912186946,-0.3882138521385284,0.550898874058549,-0.2138665740370473,-1.0556521057998007,0.47681003969631225,-0.5033455224718986,-0.6321028973109978,0.5027753735661462,-0.3178057703277803
2021-09-01,1334.65,229.8245195355074,-1.0182523088528748,0.0,0.17952868173646472,1.0,-0.45774244712335727,0.4649667910649077,-0.2128350367731456,-0.272119215794529,0.550777815468445,-0.14987722722229707,-1.056535406673609,0.47652077785960634,-0.5034610738243237,-0.302123864444778,0.5033662975038017,-0.15207897103310838
2021-09-06,1346.39,233.0318760358639,-0.3149909897604576,0.0,0.18302391178979863,0.5,-0.035578520687357694,0.4647562554637764,-0.016535340049596867,0.11795967746966102,0.5508480509577828,0.06497785842577146,-0.6964914620653231,0.47623003621724413,-0.33169015420437015,-0.06301299241281591,0.5037588712547144,-0.031743353932262026
2021-09-07,1341.9,229.51515376445232,-0.7257151914331393,0.0,0.21076118622150622,0.5,0.29847718333732093,0.46443874424104115,0.13862436821378835,-0.48610178452193753,0.5510510371898278,-0.2678668925406399,-1.1810522079944592,0.47571720347537994,-0.5618468535455469,-0.06865924347607935,0.5043139395033445,-0.03462581356074088
2021-09-08,1333.61,228.47259708392698,-1.053045978510747,0.0,0.1984427875443545,0.5,0.5758107403506425,0.4635326434504611,0.2669070746019004,-0.7012007700552226,0.551549534236928,-0.3867469581305333,-1.4236247573331888,0.4752235493661725,-0.676540010145434,-0.5081817493437567,0.5050674983273745,-0.2566660848366801
2021-09-09,1343.98,231.00000576574243,-0.7911125524967705,0.0,0.19236647032375145,0.5,0.3654649981480674,0.4616393237411573,0.16871301459613713,-0.3912083546814794,0.5523647195474323,-0.21608969311824777,-1.1791778602896072,0.475253602625871,-0.5604085262393018,-0.3623916868341178,0.5058817693554729,-0.18332734773535797
2021-09-10,1345.3101,231.15543045612412,-0.6520924020973106,0.0,0.1684537040520121,0.5,0.4650120536972153,0.46064798416969754,0.21420686515023338,-0.4386471555734126,0.5529054553838418,-0.2425304053051446,-1.055489040582561,0.4751704253527385,-0.5015371763687694,-0.2414344732918336,0.5062727120409295,-0.12223168557362996
2021-09-13,1341.4301,229.42714423243856,-0.8060157998181556,0.0,0.17293444836186966,0.0,0.15778905161878407,0.4595326841947207,0.07250922642691918,-0.7543905560810955,0.553407663254174,-0.417485514821856,-1.055552716714084,0.4750540684969078,-0.5014446125879896,0.07971862652445262,0.506846428825226,0.04040510116477075
2021-09-14,1339.7,227.9784894232399,-1.4835142127443872,0.0,0.1728858410670065,1.0,-0.3993397877044653,0.45888638437349344,-0.18325159131618055,-1.0116892852184998,0.5537392827655089,-0.5602120991784424,-1.5547174000729167,0.47481424795009897,-0.7382019730905551,-0.003643938245356003,0.5072943158586984,-0.0018485491592092197
2021-09-15,1345.83,230.38790087405368,-1.2978799724341674,0.0,0.17042957780595278,1.0,-0.3575440487262563,0.4586797839465604,-0.1639982270211377,-0.7021683688005286,0.5539996150300729,-0.38900100600178705,-1.5510707794467389,0.4745912256864,-0.7361245823439876,-0.017256721116824518,0.5074056078195708,-0.008756157067255167
2021-09-16,1345.87,230.91349750669843,-0.9461935465340742,0.0,0.15189215056693334,0.5,-0.11026345709382848,0.45848029160677795,-0.05055362196194993,-0.6770708127862498,0.5542590387448506,-0.37527261785710153,-1.1678562438909443,0.47423244597054637,-0.5538353230823775,0.06592890430907422,0.5076379884982904,0.03346801636735471
2021-09-17,1352.64,232.91876166047496,-0.719752648061426,0.0,0.1492079897297195,0.5,-0.3388174581636635,0.4580390928109581,-0.15519164116579917,-0.4413834008069446,0.5546449244808144,-0.24481106300765282,-1.0396629163191735,0.4738670188547014,-0.4926619667699516,0.3404075164049172,0.5079559485293432,0.17291202288197766
2021-09-20,1350.48,232.00156129851663,-0.9472030712491758,0.0,0.14596413139845146,0.5,-0.4247652470535359,0.45777262664033114,-0.1944459028492263,-0.6354193795565022,0.5550434395985566,-0.35268535801662176,-1.2926767602683933,0.4734746770420781,-0.6120497115878772,0.4171752941816813,0.5081266895738852,0.2119779012045494
2021-09-21,1339.84,231.66008389795408,-0.9757921759155517,0.0,0.1358867768512942,0.5,-0.2722983781127301,0.45771832001449875,-0.12463595617243159,-0.737209701241438,0.5555475387597046,-0.40955503507445806,-1.4160526431450051,0.47309223540488654,-0.6699235103964686,0.4494702845144555,0.5079809135201314,0.22832232572780647
2021-09-22,1350.6801,234.77666684795207,-0.5152101227780183,0.0,0.1464134990049085,0.5,-0.4386026171925187,0.45786839082127784,-0.20082227454393947,-0.33866636212055395,0.5560664664296571,-0.1883210072829631,-0.8985660467594564,0.47261588691741496,-0.42467658914309586,0.5881372137206815,0.5077212276756153,0.29860974819198016
2021-09-23,1352.76,234.00689899509794,-0.6372481733872313,0.0,0.14163314955945328,0.5,-0.26444122213658067,0.4575955295510354,-0.12100712107871162,-0.5153939460430733,0.5566802812243448,-0.2869096468245828,-1.0266069278506074,0.4722866764135799,-0.4848527739377192,0.5033902812424802,0.5076009171712619,0.2555213684537824
2021-09-24,1351.17,232.41128558475845,-1.0447701106695544,0.0,0.14889861153559564,0.5,-0.33569986053929746,0.4572404799463778,-0.15349556535092046,-0.8011482728412822,0.5573374229035482,-0.4465099137489889,-1.5420099873062556,0.4717963103424503,-0.7275146225223,0.556971883250791,0.5076557712435542,0.28274999095265513
2021-09-27,1324.99,225.72899409985862,-1.8197470040439008,0.0,0.24741966511884536,0.5,-0.570013211857587,0.45734891883295903,-0.2606949261635698,-1.786015744036883,0.5580730169569648,-0.9967271946073014,-1.662932991218874,0.4712867186309554,-0.7837182327347024,0.4364811788263486,0.5072231294301762,0.2213933494616729
2021-09-28,1339.3101,229.17640824550142,-2.13333076747079,0.0,0.24069389635750219,1.0,-0.5284453209027424,0.4575731573487876,-0.24180239397166112,-1.2869340126108015,0.558670028960523,-0.7189714620955585,-1.3958688673332937,0.47144050982542657,-0.6580691304650487,-1.0163328595159304,0.5062197646384938,-0.5144877809385218
2021-09-29,1339.21,230.12883203537115,-2.1196266783763447,0.0,0.2133657468977904,1.0,-0.9437208954308233,0.45736206086713754,-0.43162213361762175,-1.167543423476861,0.5588085263970919,-0.6524332199777204,-1.2614702159567346,0.47142397386087603,-0.5946873021134613,-0.8708423498017137,0.5062730616717573,-0.44088402266754106
2021-09-30,1342.0601,231.00318176085932,-2.018869701202831,0.0,0.19028818715775453,1.0,-1.0289307049101397,0.45779380924931945,-0.4710381068544003,-1.0649839805905907,0.5586641458051808,-0.5949683658128436,-1.5177813808769314,0.4711971580155744,-0.7151742731581641,-0.46950595518863686,0.5062533344905609,-0.23768895537742327
2021-10-01,1334.89,230.14516174798766,-2.144089169770778,0.0,0.17920876242607992,1.0,-1.3856536499854586,0.4585071405557909,-0.6353320928555274,-1.2103215103357672,0.5584267533304478,-0.6758759115028065,-1.6367711541112362,0.4710546644921668,-0.7710086868503251,-0.1222770844545997,0.506002239406448,-0.06187247856211881
2021-10-04,1339.54,231.98951631906627,-1.7947321945538306,0.0,0.1703932661217107,0.5,-1.0794182996276287,0.45996998318137716,-0.4965000171253911,-0.9706568950225021,0.5581167965909173,-0.5417399168388451,-1.6293486256315122,0.4710941494166752,-0.767576604895106,0.02195011941159354,0.5049787701682078,0.011084344305511811
2021-10-05,1354.63,233.8951753461888,-1.223126093179659,0.0,0.16352994913151728,0.5,-0.5654849651957179,0.4609007146707744,-0.2606324245942844,-0.7340780667709806,0.5580296321768822,-0.4096373135893271,-1.3724591845117193,0.47107267878038617,-0.64652802456468,0.1857658291191967,0.5042459639255175,0.09367166956863231
2021-10-06,1362.8199,235.73118652436068,-1.0613216401086027,0.0,0.15711769940839693,0.5,-0.6243942259368646,0.4617627291322089,-0.2883219818229996,-0.5194699506121337,0.5580895270835282,-0.2899107390712295,-1.3673190413171776,0.47066655510025635,-0.643551342899741,0.3185231557439005,0.5037700424341599,0.16046242368536728
2021-10-07,1365.99,237.30495000854575,-0.8621020042152978,0.0,0.14942401427029156,0.5,-0.6652414679096671,0.4628020456455441,-0.3078751121968385,-0.3496532557401405,0.5581176084944836,-0.19514763889599726,-1.235677787385344,0.47022581624653037,-0.58104759619098,0.44111665736427297,0.5031964659752515,0.22196834306851804
2021-10-08,1372.73,237.65984118880783,-0.688162151964661,0.0,0.1328560354696701,0.5,-0.4285649347910175,0.4636246196100596,-0.19869325487069547,-0.35780756028272653,0.5582790846546456,-0.19975647723715248,-1.2308192110739289,0.46977238570940194,-0.5782048771631635,0.5739049037890438,0.502683380820866,0.28849245730635037
2021-10-11,1394.09,240.14593834765162,0.3191923701200108,0.0,0.1372602709925962,0.0,0.9921261323330144,0.4641215608004072,0.46046712904926995,-0.06738603093733977,0.5586240021430923,-0.037643454290754975,-1.0978495388260718,0.46917759110595536,-0.5150864020232004,0.8189839150913182,0.5023970432176538,0.41145509738469627
2021-10-12,1394.8,240.81407033051678,0.23392329376857784,0.0,0.12511509579958455,0.0,0.8025518768681219,0.46465465471367945,0.37290946523597257,-0.04696130413897155,0.5590936490093297,-0.026255766893294542,-1.0939290941347386,0.4676447896437307,-0.5115702411117967,0.7932205147062322,0.5028107936484801,0.39883983653769656
2021-10-13,1391.91,240.99314805776916,0.22120884330199792,0.0,0.11202461573458432,0.0,0.6308621668783755,0.46507607521614264,0.2933989005741461,-0.09618044898788741,0.5596265651345831,-0.05382513430019342,-1.0900360005793799,0.4661855992488037,-0.5081590861328675,0.9733913159548083,0.5031832061091168,0.4897941631609128
2021-10-14,1391.85,242.20016603475977,0.6050178568007659,1.0,0.10829128617355478,0.0,0.7574638304833742,0.4657640193131152,0.35279939817024447,-0.0008199360720340642,0.5601543586137888,-0.0004592907645345506,-0.7017826396446186,0.4646951902242342,-0.3261150172257213,1.1499082641349145,0.5033382093798655,0.5787927666207773
2021-10-15,1392.7,242.5026748592499,0.7782444449548069,1.0,0.0976415372774555,0.0,1.0940188757685267,0.46736160212292577,0.5113024145319007,-0.03691995365404302,0.5601932280068191,-0.020682308015320516,-0.7010068644954751,0.46331651747714947,-0.32478805918561954,1.2173140460682195,0.5030849677631388,0.6124123976238462
2021-10-18,1395.53,242.20676002619535,0.848058452042604,1.0,0.0944040390583399,0.0,1.2130288017471913,0.46841744384010303,0.5682038506188425,-0.1546231490472833,0.56029771601676,-0.0866349972545119,-0.699870269868592,0.46197762130329745,-0.323324402494789,1.3708057969111709,0.5032178903294809,0.6898140011730624
2021-10-19,1395.33,242.39798528187023,0.5515163923885431,1.0,0.08574711314516742,0.0,0.5975685093175269,0.46967964875811347,0.2806657675651655,-0.19921302126527252,0.5602955149840587,-0.1116181623413561,-0.6979583726159043,0.46060945026663636,-0.32148622231960783,1.3986842394978027,0.5032980208149742,0.7039550094843415
2021-10-20,1393.8,242.6146459428968,0.533568988331773,1.0,0.07789507579088463,0.0,0.4849466589146733,0.4716293078183607,0.22871505707275405,-0.2384349784447391,0.5602897437149249,-0.1335926729654765,-0.6972971813272308,0.4594204740844505,-0.32035260162310747,1.5098455499818848,0.5025674353623171,0.758799205847603
2021-10-21,1384.77,243.14618217298332,0.634263145014583,1.0,0.07327589296742992,0.0,0.5498838583021256,0.47320662163391203,0.2602086828781697,-0.23187110384502232,0.5605180935787055,-0.12996794908320197,-0.5649977828236311,0.4584117806269423,-0.25900163967445516,1.5207239407531075,0.5017505350222858,0.7630240508940705
2021-10-22,1389.24,245.27552259914734,0.8256438508452006,1.0,0.08396183687266724,0.0,0.8095864825991047,0.47551166850092064,0.3849678191364918,-0.002823868368103788,0.5603132292127752,-0.001582250804204043,-0.698233042783925,0.4573188134070739,-0.31931510660755524,1.5207239407531075,0.5007966066104769,0.7615733891204681
2021-10-25,1385.4,245.19916252562663,0.8667720369762949,1.0,0.08024320561167025,0.0,0.8708428127878246,0.47789987199223416,0.4161756687566585,-0.09436246887858318,0.5602093908986558,-0.052862741214164455,-0.5646196548684155,0.45558719424634236,-0.2572334843778396,1.5207239407531075,0.5002174118695882,0.7606925938116404
2021-10-26,1391.63,247.19489508815352,0.7748610299448985,1.0,0.08827105215209685,0.5,0.31390607295578177,0.48043122504809016,0.1508102791801814,0.10706317810358092,0.5597774405737802,0.059931551818517316,-0.43085765737503245,0.454113657795947,-0.19565834677996885,1.5207239407531075,0.49961569313487914,0.7597775457261686
2021-10-27,1423.02,251.58758684411117,1.0682081640932073,1.0,0.1197866062212014,0.5,0.33571973116519793,0.48246629502237576,0.16197345486118106,0.629198705380902,0.5596607176840577,0.35213779901935555,-0.4315792683707561,0.45315656456927234,-0.19557297859421185,1.5033884927462047,0.49865347009373334,0.7496698888068825
2021-10-28,1438.01,254.29558058857236,1.2733621079830293,1.0,0.12702976296644294,0.5,0.4622671514239174,0.4841136477632726,0.22378983691696974,0.8845418032014277,0.5597274235497292,0.4951023045279667,-0.025954027476615314,0.45181622550411454,-0.01172645073111441,1.136488651715103,0.4981980386823451,0.5661964172692071
2021-10-29,1444.27,255.06281501354852,1.342997565928126,1.0,0.11670326727809645,0.5,0.7405172944950338,0.48572973902752303,0.35969127220044017,0.8569990306363676,0.5593046161573687,0.47932351387731065,-0.029614567031949496,0.45088084723586364,-0.013352641073888664,1.038936268176422,0.49794721463743813,0.5173354209242638
2021-11-01,1438.97,256.29360705742357,1.3023988271937794,1.0,0.11166157780041365,1.0,0.37474664475641734,0.487001373279039,0.1825021306280874,0.8916108365708361,0.5589322739315168,0.4983500723465194,0.10555386438156672,0.45018227019478796,0.047518478295126475,1.153233710771063,0.4977552603281477,0.5740281459240463
2021-11-02,1452.46,260.2677223868125,2.1238367830636,1.0,0.13174024027870146,1.0,0.917784482666434,0.48803478931492855,0.4479107566346238,1.2910758510151121,0.5583988975875621,0.7209353319087622,0.79845234984539,0.4500126666010189,0.3593136711077736,1.1973526863941177,0.497495040668718,0.5956770234124403
2021-11-03,1444.3,255.57799084136215,1.3788967239632028,1.0,0.18547558666704375,1.0,0.6864215536328245,0.48865293041900554,0.3354219036854463,0.5018580584001144,0.5576101508817056,0.27984114766568763,0.6539948640723949,0.4507467463934338,0.294786057138648,0.9431499546003149,0.4971082415755485,0.46884761547342096
2021-11-04,1448.34,257.98018229851147,1.1524318864706233,1.0,0.17797645666077763,1.0,0.8447352991311985,0.48951379272232687,0.4135095801241423,0.7111579005336244,0.5568862250060794,0.396034038611419,0.6490834524967238,0.45125681322749717,0.29290333029237314,0.10065234326422141,0.4966097740166267,0.049984937442688934
2021-11-05,1456.51,261.29273066707503,1.3876859721714634,1.0,0.17907566888051804,1.0,1.002563732956934,0.49079959602227996,0.4920578751218521,1.0281845764199438,0.55662242280872,0.5723105900214266,0.5002639842229087,0.4518525845136902,0.22604557421023724,0.19647228344747583,0.49509239222514456,0.09727193281794748
2021-11-08,1467.5699,265.255657004735,1.8287337189077613,1.0,0.18500569539733536,1.0,1.2203742618636395,0.4923340457051703,0.6008317976177866,1.4056059847652531,0.556277346629083,0.7819067676111743,0.7794935385090315,0.4523563919724711,0.3526088846457999,0.18923483579977046,0.4934940685646935,0.09338626903300044
2021-11-09,1461.5,265.899493212885,1.6716509395634103,1.0,0.16381673169884234,1.0,1.2008736440682848,0.4940110142711441,0.5932448069176582,1.3195908264956768,0.5560374995117789,0.7337419835433379,0.6278339381012399,0.45313165219397444,0.2844914296752643,0.12245841166064264,0.49137269225654323,0.060172719427150044
2021-11-10,1465.02,268.5108261671806,1.7756113352652316,1.0,0.1611269531261519,1.0,0.9627438235990087,0.4956023940009875,0.4771381437853331,1.490068613096063,0.555837140554894,0.8282354771339123,0.6201230183648051,0.4538478038348119,0.28144146999228153,0.3858246766305756,0.48933169853849323,0.18879624435370446
2021-11-11,1462.35,269.602123689069,1.7988380411203584,1.0,0.14722237325119897,1.0,0.8841824761243493,0.4971617043580737,0.43958166679352334,1.4532333220780835,0.555295811902411,0.8069743774669873,0.7564144539734834,0.4543118433841435,0.3436480449471036,0.42758824976406623,0.4879319111969608,0.20863395191274425
2021-11-12,1473.37,272.3402642167787,1.9599663461611951,1.0,0.14822692803387671,1.0,0.8557010824765767,0.49833810038793214,0.4264284519412745,1.6213050445037271,0.5549559098234372,0.8997528160738942,0.7465018281578966,0.4546945609378365,0.33943032099354703,0.6047217581880179,0.4867606517656665,0.2943547571524794
2021-11-15,1476.5699,273.7673139301057,1.9148843877572546,1.0,0.1388443508473115,1.0,0.787899595820799,0.4989951886247291,0.3931581074339474,1.610543059828996,0.554662177646071,0.8933073207575173,0.7366918462643716,0.4550393492876435,0.33522377834965233,0.6031586046628296,0.4860996410389202,0.29319518121613747
2021-11-16,1466.45,271.8598381373092,1.5415324975910545,1.0,0.14751465161288194,1.0,0.5189960238910784,0.49922070219233755,0.25909355948193535,1.1969550458846905,0.5546661438994686,0.6639104397218727,0.5819131925796205,0.4552214834193924,0.2648993867474094,0.7280920437518439,0.48569286627222724,0.35362911163983696
2021-11-17,1475.85,273.70478760429853,1.5507946714648908,1.0,0.14139254757140546,1.0,0.48668281499123633,0.499186115281957,0.24294530378996265,1.2676691346638351,0.5548107410436482,0.7033164520010027,0.7199745421536681,0.45514747425986934,0.32769459439264786,0.5700570976239729,0.4856326189694921,0.27683832128127744
2021-11-18,1469.83,275.2902906387129,1.415362487880365,1.0,0.13427916184173042,1.0,0.23337106616001183,0.49930599853074936,0.11652357321721028,1.2974337440687755,0.5549235421867594,0.7199765290112744,0.564693729351229,0.45519300303741594,0.2570446344597837,0.6630800189471395,0.4853377299818042,0.32181775119209644
2021-11-19,1452.35,271.03532670225127,0.9522167542695734,1.0,0.17606351447840957,0.5,-0.046765082765888165,0.4991413801831176,-0.023342387956143146,0.6334853581217891,0.5550251393385385,0.3516002991604699,0.5574157378252814,0.4552697676082491,0.25377453342089656,0.7627651104105014,0.48531888073004004,0.37018430964434995
2021-11-22,1447.25,265.08897026466605,-0.1465196265981164,1.0,0.23356119227896022,0.0,-0.5759563271309603,0.49855676367042095,-0.28714692246991386,-0.19418941624089509,0.5553343138262862,-0.10784004622046454,0.40330886711648367,0.4552433961054225,0.1836036983455386,0.13357676195241852,0.48559077790662825,0.06486364374672342
2021-11-23,1463.63,269.14559355203585,-0.1998075394166173,1.0,0.22909216904464882,0.0,-0.4372415735572603,0.4981347761691562,-0.2178052333757955,0.21908411170923323,0.5559072275125562,0.12179044113233098,0.5484053222637918,0.4544645166028015,0.24923075968501773,-0.7262399315273559,0.4860976263254025,-0.3530235068581705
2021-11-24,1488.87,272.9283422673252,0.21778188571961238,1.0,0.22291297616179548,0.0,-0.08795451496042843,0.49848581968946704,-0.043844078485438656,0.5779161576509647,0.5567011139279174,0.321726568721234,0.5453143863927141,0.4535668898210006,0.2473365502107907,-0.6330199391155888,0.4856674106608765,-0.3074371547269737
2021-11-25,1500.8101,276.74796197661175,0.43194753480441295,1.0,0.21781755941659464,0.0,-0.012482332916859991,0.4988623463031519,-0.006226965886241841,0.9191269443517158,0.5575192779056451,0.5124309903185907,0.39583835558664965,0.4530787321420865,0.17934594028240763,-0.5231103975971122,0.48479715003803536,-0.25360242991034354
2021-11-26,1493.03,274.2378845128672,0.13507546450937247,1.0,0.21814225006481833,0.0,-0.36018625121971637,0.4992465778669047,-0.17982175331615263,0.4941132435534293,0.5580526070485117,0.2757411837421874,0.5445665937921084,0.4529735616014093,0.24667426951915922,-0.4288582152912598,0.4838854148914582,-0.20751823543582154
2021-11-29,1484.84,274.47506846142306,-0.33731347655554444,1.0,0.18896909926605154,0.0,-1.0324572919559885,0.4993981300002474,-0.5156072409079401,0.4156309054590704,0.5587500879550384,0.23223380498208784,0.39214123402158063,0.4523435163202198,0.177382544691472,-0.47842023429868924,0.48351338161994195,-0.23132258532116418
2021-11-30,1478.4399,275.582763161899,-0.08595232726176938,1.0,0.1701690963038078,0.0,-0.8052087820370291,0.4988884072984526,-0.4017093268131803,0.44360564678622433,0.559448075301732,0.24817432528753317,0.24211735388799957,0.4516402960847321,0.10934995339722799,-0.08631570026125468,0.48388970960012845,-0.04176727913335026
2021-12-01,1485.1899,276.8917722847908,0.13635605318537003,1.0,0.15605575897638901,0.5,-0.8244553221076631,0.49829785776327234,-0.4108243208277772,0.49429138307688325,0.5601320205833235,0.27686843115978016,0.394535118616439,0.4511973252787181,0.17801319024825904,0.19065256623608376,0.4841201690976199,0.09229875260510804
2021-12-02,1482.05,276.48145772378876,0.05702118532362882,1.0,0.14442343439753047,0.5,-1.024974701486267,0.4972217079422315,-0.5096396716705804,0.340035261342687,0.5610788866576454,0.19078660585849633,0.39417658493706,0.45079351106277754,0.1776922467025124,0.40903914291437776,0.4845062089196804,0.19818200443320053
2021-12-03,1443.3199,268.2323136190564,-0.9318789606121676,1.0,0.25336644650454776,0.0,-1.8403536885619218,0.4955955332240192,-0.9120710676036362,-0.7219147043687358,0.5623005321879352,-0.40593302246083607,0.24217916109126936,0.4505831587285274,0.10912185138272902,0.5711978523571697,0.48495153986742534,0.2770032780695757
2021-12-06,1413.58,260.92640092465706,-3.082709200215236,0.0,0.3107292272937188,1.0,-1.8676080222791838,0.4935435288659911,-0.9217458538541029,-1.6098774076490252,0.5643809553890307,-0.9085841493881728,-1.732844819543661,0.4505132437818004,-0.7806695406231032,-0.9732144333501199,0.4846924174008386,-0.47170965634985695
2021-12-07,1446.77,267.69457684854274,-2.1976115332227377,0.0,0.31251004676180527,0.5,-1.7996130771493348,0.49418617736547316,-0.8893439073333461,-0.820911110670771,0.5640037420772523,-0.46299693833110833,0.10725462957365549,0.45047257055877193,0.04831526868837347,-1.8442916068316857,0.48451446232071227,-0.8935859562466567
2021-12-08,1452.87,269.28958090659756,-2.1013137811287947,0.0,0.27408586753032027,0.5,-1.827335020427687,0.49576476587662094,-0.9059283185804826,-0.6717682969225789,0.5649711147260101,-0.37952968354994276,0.10969216488546601,0.447154231970309,0.049049315742521055,-1.7838668489194471,0.4848484601105709,-0.8649050947408904
2021-12-09,1467.98,273.2075532225799,-1.4394250583695554,0.0,0.2599971240151819,0.5,-1.6204501375403413,0.4972589003694065,-0.8057832534967636,-0.2595329456528821,0.5657309381584823,-0.14682581682723939,0.2675598189523879,0.4441386621590541,0.11883366003703229,-1.248237079526274,0.4852040193457788,-0.6056496480825847
2021-12-10,1463.54,274.2381384144219,-1.1088374908961336,0.0,0.22765340960565025,0.5,-1.3871644526208302,0.49787882488314783,-0.6906398075905339,-0.2024461836324313,0.5666415596937395,-0.11471442124752608,0.42732844167412093,0.4418768879816882,0.1888265619530249,-1.0138789209760042,0.48557062764178943,-0.4923098240110986
2021-12-13,1476.21,278.50674788136473,-0.15745806154708059,0.0,0.22490319789573637,0.0,-0.5550833194219432,0.49867602523904764,-0.2768067434058313,0.23040060007854035,0.5676031457797746,0.13077610539412726,0.5893423071191916,0.4395718058971141,0.25905826223195466,-0.5568738546546469,0.4857216468441973,-0.27048568576733123
2021-12-14,1476.02,278.9361977100653,-0.22108137719188983,0.0,0.19491512385911688,0.0,-0.8658508722491631,0.4991390027163121,-0.43217994087549627,0.19141280094614793,0.5687627241098512,0.1088684660956278,0.7489209420139937,0.4381076858141444,0.3281080207634998,-0.46552400162848173,0.4852121961174117,-0.22587792317552116
2021-12-15,1475.5,278.5820077606127,-0.16968745802257684,0.0,0.17588820962191584,0.0,-1.0282101890400397,0.4997935190995599,-0.5138927887543452,0.06509148444046906,0.5696415387305691,0.03707881335492569,0.7499017069255968,0.43644272716821486,0.32728914607870685,-0.04157174976668453,0.48500793964709354,-0.020162628701864208
2021-12-16,1476.61,280.7687467106026,0.1804985717713074,0.0,0.16696324646564006,0.5,-0.7887560047379942,0.4996002786417991,-0.39406271974749413,0.24412316307477447,0.570466358581875,0.13926405188475585,0.7522253944338464,0.43513218913050883,0.32731748259956006,0.22244835500983445,0.48541494959453324,0.10797975703448563
2021-12-17,1479.79,281.19314463108316,0.4018323777969841,0.0,0.14714342538586897,0.5,-0.051476083432345214,0.4987677956537935,-0.02567461266244158,0.2086097316882521,0.5714128114754602,0.11920227328512552,0.2827635790241612,0.43414065670698854,0.1227591658903678,0.381745434591942,0.48604523976106495,0.18554555128393238
2021-12-20,1477.33,280.09165851240374,0.6772027262219201,1.0,0.1444082607942761,0.5,0.5885586302762522,0.49878478022292366,0.29356408705064546,-0.0025417724130869595,0.5718032495472106,-0.0014533937254125784,0.13130065556794915,0.43347554545354705,0.05691562329072507,0.6750347361173133,0.486162255136051,0.32817640960596217
2021-12-21,1478.74,282.71629194073887,0.34363035037591017,1.0,0.14423161825913405,0.0,-0.10891560228240603,0.49915655387517377,-0.054365936698524804,0.23126481681291505,0.5719424646537143,0.1322701693156684,-0.18296395815106806,0.4328162040902779,-0.07918976585227773,0.7094051552605602,0.48620436580328874,0.3449158836110443
2021-12-22,1477.67,283.3274401655764,0.33278282650609636,1.0,0.12945122573371093,0.0,-0.1676330053418454,0.499672973115817,-0.08376168217149951,0.22022696605070866,0.5722134540458527,0.12601683291791474,-0.1742298284085362,0.43213659906482554,-0.07529108550411297,0.7527762206512132,0.4859595072587852,0.3658187612637941
2021-12-23,1456.96,280.5338322768507,-0.15328216996175476,1.0,0.15022762853622587,0.5,-0.46745246985943306,0.49985849260590504,-0.23366008694884347,-0.1913082190140555,0.5726086462269199,-0.10954474030172141,-0.6525109645573643,0.43147788128304104,-0.28154404850116505,0.9703186567835471,0.48588853001426635,0.4714667057899751
2021-12-24,1477.03,283.1348440833855,0.3323604690147126,1.0,0.1488114051969205,0.5,-0.049364211890407204,0.4998902110955686,-0.024676686302462034,0.058912117580635685,0.5734432573765152,0.033782756604387995,0.011012527559931573,0.4309045906276585,0.004745348679988121,0.6562054155535177,0.4853800997118136,0.31850905003279856
2021-12-27,1488.88,285.7052457596423,0.7801689905616634,1.0,0.14723699617625646,1.0,0.23476933800966787,0.4999663257295326,0.11737676331864834,0.2949849732002713,0.5737607325881416,0.16925079432588097,0.34791194186973057,0.4301522035469463,0.1496550884355617,0.7081769098524262,0.48559383919087873,0.34388634448157246
2021-12-28,1494.39,288.25871989719525,0.7333817181534523,1.0,0.14564225091514058,0.5,-0.022808542873653997,0.5002268623046736,-0.011409445835429563,0.5138394342157523,0.573809039148204,0.2948457120237976,0.19110776632668322,0.42963971576900173,0.08210748640584498,0.7573012282775337,0.4857221298793867,0.36783796555923925
2021-12-29,1485.8199,287.0996838234672,0.8149152624829821,1.0,0.1434931669212636,1.0,0.3603535799293183,0.5001368310198603,0.1802260975125112,0.28003072650444566,0.5740785526140736,0.16075963415913966,0.20014233312981736,0.4292288961797641,0.08590687272815414,0.7986312983932023,0.4858595685691947,0.3880226580831771
2021-12-30,1485.97,287.0707658457595,0.6670671112721729,1.0,0.12995563218465955,1.0,0.2980314863969633,0.5003400105565274,0.14911707705003419,0.1946074749550251,0.5740255312923193,0.11170965920451499,0.04141783204959503,0.4287130653120015,0.017756365736559542,0.7990730043670023,0.48616835653058704,0.38848400928106414
2021-12-31,1498.28,288.5635286493158,1.0468518737368675,1.0,0.12353518819965414,1.0,0.6139947298525488,0.5005137993096901,0.30731283499462597,0.3011981339180978,0.5739861914272215,0.1728835697526352,0.21849217299076387,0.42809845640295474,0.09353616199347338,0.9723414460988764,0.4865773323705693,0.473119306996133
2022-01-04,1525.58,293.5554761729328,1.7438487932794944,1.0,0.1455920804563792,1.0,0.8932858390265668,0.500844096780497,0.4473969392140693,0.8345337445658549,0.5737414229986909,0.47880657814763966,0.6915199765967076,0.4275903785864413,0.2956872885930732,1.0718423366950747,0.486972728595626,0.5219579873247122
2022-01-05,1522.5,294.7643419960936,1.3821814967359207,1.0,0.13441322347317225,1.0,0.6541692030343129,0.5015096399383373,0.32807216147248736,0.8789794324895908,0.5731398376641735,0.5037781292472314,0.34358609434975995,0.4276325528414061,0.14692859864759608,0.8284116088312043,0.4869591433390964,0.4034026073686059
2022-01-06,1528.5699,296.0612155583785,1.2514337815414198,1.0,0.12564375069490663,0.5,0.48395543107779737,0.5018525266724448,0.24287425588324485,0.932793509476873,0.5731291981729035,0.534611196147369,-0.005760858551576606,0.42707797561947614,-0.0024603358080374843,0.9780408322500068,0.4871050876504346,0.47640866531884357
2022-01-07,1528.48,296.55479929838475,1.511824337497365,1.0,0.11289965443502833,1.0,0.9339996226129661,0.5022863477548344,0.4691352592466604,0.8841609180118982,0.5732272671853703,0.5068251467840686,0.005677627506248037,0.4260165143417889,0.002418763079942852,1.094309573542593,0.48747190126444634,0.5334451683866932
2022-01-10,1503.71,289.4238910554503,0.24534677967619162,1.0,0.2056843917665509,0.5,-0.446066340576242,0.5029693350961596,-0.22435769072840953,-0.12874165794767284,0.5731295895896348,-0.07378565358263887,-0.1654059398186012,0.424856005441443,-0.07027370686761862,1.2579830045447185,0.487895169201422,0.6137638308548586
2022-01-11,1492.3101,286.6125249410712,-0.6993098213401064,1.0,0.21050816397114316,0.5,-0.7116126864049402,0.5025370324998102,-0.3576117277151567,-0.5562482525050026,0.5739439162162522,-0.31925530043116795,0.03383991095347948,0.42477230489806617,0.014374256973254793,-0.07552896336533761,0.4874560503227149,-0.0368170501670365
2022-01-12,1510.51,287.1008264098992,-0.9582743799058422,0.0,0.18343031431387607,1.0,-0.6635066717568489,0.5028464051643443,-0.33364194469549,-0.5422929656591459,0.5745264175999023,-0.3115616348497759,-0.5160250484762602,0.4232379876488526,-0.21840140309349398,-0.19408005575487233,0.48778529508798085,-0.09466939726708218
2022-01-13,1496.05,281.3443103037702,-1.1193584421254212,0.0,0.23095703753532168,0.5,-0.7558581856500485,0.5027615715845732,-0.3800164493124825,-1.3427017463324373,0.5750497917016542,-0.7721203595459154,-0.12377256521576951,0.4219678091644673,-0.05222803817876441,0.17406642433945033,0.4883561274629752,0.08500640491174093
2022-01-14,1496.02,281.712702495999,-1.4355523609480962,0.0,0.19942800841902394,1.0,-0.4218978997160094,0.5032313115758235,-0.21231223342517264,-1.3078012757343254,0.5755312129632901,-0.7526804545383146,-0.4927564698162276,0.42016135111309105,-0.20703722412770326,-0.5390523267992058,0.48886246428367,-0.26352244885690596
2022-01-17,1452.84,269.8490490878392,-3.4960814264396056,0.0,0.34843056102677994,1.0,-1.6179989385867437,0.503355127050856,-0.8144280613004806,-2.837875439917312,0.5760351882995164,-1.6347161134033417,-2.381556435950025,0.4184735437784931,-0.9966183614604849,-0.10277790990896822,0.48958857326312943,-0.050318890275298206
2022-01-18,1438.9399,265.5418598990383,-4.985740213672458,0.0,0.34994008932567006,1.0,-1.8363891557543648,0.5042945542475638,-0.9260810507262073,-3.0,0.5765045439035696,-1.729513631710709,-3.0,0.41996443386037363,-1.259893301581121,-2.198614975570234,0.486784744735417,-1.0702522296544215
2022-01-19,1442.79,268.16644326950126,-4.159512798138929,0.0,0.31040664483069497,1.0,-1.8574448975582918,0.5027877600635058,-0.9339005594847215,-2.7876727647601744,0.5747903592518282,-1.602327429933038,-1.3486503581631724,0.42249417267700995,-0.5697969173027027,-2.1579930690490796,0.48817946013269,-1.0534878914184664
2022-01-20,1465.3,273.83801619943335,-3.295595585324647,0.0,0.3033212801870868,1.0,-1.4200820966713328,0.503403218324461,-0.7148738977492972,-1.9997583564181056,0.5747229826618637,-1.1493070872036,-1.5199267144458055,0.4196692919198892,-0.6378665680215948,-1.6192956763054955,0.49005752560315285,-0.7935480323501551
2022-01-21,1472.89,274.1815775132849,-3.1770712726825634,0.0,0.2562952167088221,1.0,-1.313832958030957,0.5037374780688957,-0.6618269008823114,-1.9105651466095053,0.5744914960984574,-1.0976034294692634,-1.6891899422394943,0.4188888867852931,-0.7075828944736153,-1.4471700584437666,0.4906528045646161,-0.7100580478573734
2022-01-24,1439.71,264.09397070221587,-4.27626954068497,0.0,0.3578833552287515,1.0,-1.7099900163093655,0.5049293951185735,-0.8634242245938876,-3.0,0.5737191578530574,-1.7211574735591721,-3.0,0.41862354324131407,-1.2558706297239421,-0.8884115302630149,0.490557807910197,-0.4358172128079682
2022-01-25,1479.58,270.15588318652334,-4.4717758750993335,0.0,0.3441032084731334,1.0,-1.6430844121240469,0.5037797962529762,-0.8277527303662935,-2.21266037603519,0.5721400553198416,-1.2659516299487952,-3.0,0.42190854267574684,-1.2657256280272406,-2.266533540415875,0.4907696563594224,-1.112345886757004
2022-01-26,1481.58,269.50469500551986,-4.43569385834781,0.0,0.2982753690216627,1.0,-1.7802273115945415,0.5020751982701588,-0.8938079804347812,-2.2260988927690897,0.5695228416663602,-1.2678141672401901,-3.0,0.42479097182662273,-1.2743729154798682,-2.0275035869314073,0.4930688170598988,-0.9996987951929707
2022-01-27,1470.76,268.2303030900289,-4.061478657633469,0.0,0.26877383583955755,1.0,-1.480893416063228,0.5009552529477082,-0.7418613358325501,-2.3080441936997387,0.567055981210031,-1.3087902649345202,-3.0,0.4272881310042991,-1.2818643930128972,-1.4729789050737736,0.4948900906472867,-0.7289626638535008
2022-01-28,1478.96,270.4398289492221,-3.3723952839745217,0.0,0.24278513254822331,1.0,-1.3283470151269643,0.5002533214476417,-0.6645100063523246,-1.9685185316294516,0.565581926308317,-1.113358503092605,-2.4326145385897493,0.42909615599036444,-1.0438255475151355,-1.1109076337724662,0.49572188566601416,-0.5507012270144568
2022-02-07,1497.66,276.1967614856706,-1.7276215757437643,0.0,0.2509655409149565,1.0,-0.13162435578817047,0.5002306774411313,-0.065842540663669,-1.244786186844281,0.5646015275348715,-0.702808182546589,-1.3606969863337897,0.4303379758116975,-0.5855595867919601,-0.7531704752124664,0.4957858519828571,-0.373411265741546
2022-02-08,1500.99,277.94132843023414,-0.9208774438845951,0.0,0.22457633846208097,0.5,0.8542106125490232,0.4993070265089299,0.4265133609642244,-1.0575343570274958,0.5643315186308827,-0.5967999697056608,-0.8327033037968908,0.43136244819244096,-0.35919693574376077,-0.7888876006521568,0.4961339220895863,-0.39139389939939784
2022-02-09,1505.38,280.41434683563693,-0.5989174663244562,0.0,0.20879814836255578,0.5,0.5867088191127389,0.4968686119841761,0.2915171965914216,-0.7832791464440254,0.5644467313410717,-0.44211935393795476,-0.4810381846619838,0.4343770813692679,-0.20895196268064345,-0.48276204909103554,0.49582055330977837,-0.23936334629727962
2022-02-10,1506.79,281.49548195631513,-0.3433153254294916,0.0,0.18550969484193183,0.5,0.6591815328874594,0.4945563104949414,0.3260023868512218,-0.7008406358096085,0.5635884498535525,-0.39498568753031543,-0.31175570079770865,0.43670661149176715,-0.13614577570860856,-0.27800672637851287,0.4970608115921825,-0.13818624904178942
2022-02-11,1501.71,281.43157969218953,-0.2697735549902003,0.0,0.16484788998539499,0.0,0.3881985423037916,0.4925711797484928,0.1912154139592238,-0.7493234110723973,0.5627019807159621,-0.42164576760727907,-0.1395523076858836,0.43943184748511277,-0.06132372838721872,0.04417005193170816,0.49763416803444216,0.021980527045073694
2022-02-14,1471.96,277.1172483315568,-0.5083816476266952,0.0,0.20020375828123257,0.0,0.9985933770196996,0.49091043545118657,0.49021990955141165,-1.2867679508197785,0.5614894379466995,-0.7225066134736237,-1.0209455240722223,0.4415098132544188,-0.45075746767606156,0.3501624893206883,0.49880421032653127,0.17466252397157836
2022-02-15,1492.75,280.3762407851889,-0.5274728930845496,0.0,0.19546985356829494,0.5,1.001639993320248,0.48819685969182297,0.4889974992806836,-0.8970632018010253,0.5602416362956906,-0.5025721560376577,-0.8339820373846266,0.44371147947131684,-0.37004740366043576,-0.2871776089227601,0.5009124256126464,-0.14385083266713972
2022-02-16,1492.1,283.4373755052365,0.17383159733805087,0.0,0.18979021035641555,0.0,0.9528441324697324,0.48535127321109667,0.4624641128659075,-0.5504245909797197,0.5596829851767554,-0.30806327819422413,0.23996165429989505,0.4463315999781355,0.1071024690970724,-0.17465412059735508,0.501973306617952,-0.08767170643070489
2022-02-17,1507.99,285.1338053300657,0.4773201864361437,0.0,0.17449458853463287,0.0,1.1007405239022,0.4845897386712701,0.533407562822644,-0.39084649148318096,0.558991487256651,-0.21847986156322732,0.41198744232970275,0.4484420044041566,0.18475247442767379,-0.04457746294577859,0.5015985157823842,-0.02235998925094677
2022-02-18,1504.84,286.8277533191997,0.5635375748080684,0.0,0.16193378130841202,0.5,0.9784081398402442,0.4844955026751329,0.47403434353334084,-0.2342246653721069,0.5583216714227404,-0.13077270665898677,0.2316052257043761,0.45059126674761707,0.1043592920355026,0.23159786279613037,0.5005082710985561,0.11591664589821182
2022-02-21,1510.84,289.42033406152115,1.2969137079682187,1.0,0.15847027898047883,1.0,1.427611702294924,0.4838066703296694,0.6906880642109784,0.0284565209866571,0.5574350504536693,0.0158626622119331,0.775293698847498,0.45249203900363777,0.3508142266181767,0.47866859963779995,0.5004480241828957,0.23954875492713051
2022-02-22,1503.47,287.1784530948558,0.5760188090099596,1.0,0.1667676352088028,0.0,1.1970238499232566,0.48334884037346754,0.5785800897597897,-0.29223555444186844,0.5561133776970112,-0.16251610126382626,-0.28979919160047957,0.4541047736635132,-0.13159919630960487,0.5820604941907922,0.500899854454017,0.291554016823601
2022-02-23,1512.3,290.29333927548953,1.0442944445719091,1.0,0.1664847736399219,1.0,1.3222273688714046,0.48198944898121643,0.6372996409502119,0.03839705272315354,0.5549698986783037,0.021309208459314003,0.4475801946451286,0.45450158762580517,0.20342590905607785,0.3622637748713893,0.5031131974788565,0.1822596861063053
2022-02-24,1494.85,286.7326316370353,0.12973741490109325,1.0,0.18946936860706126,0.0,1.1177903785012249,0.48138568148280975,0.53808828310974,-0.4415673140549916,0.554055214336308,-0.24465267283264622,-0.8151832002348345,0.4555438157115258,-0.37135166553890925,0.4122101155360476,0.5037563668054855,0.20765347016290875
2022-02-25,1498.89,288.64690486473955,-0.052305775952917105,1.0,0.17570101519587314,0.5,1.0800861174866994,0.48040465258654597,0.5188783960347491,-0.24677649430913637,0.5537258456865071,-0.13664652300687805,-0.8024202710486518,0.4555613976676042,-0.36555170019574157,-0.13659569750245867,0.5050374941992942,-0.06898594878504652
2022-02-28,1490.13,288.1779274379865,0.24272366521580652,1.0,0.160965411273611,0.0,0.9669388727117063,0.47940042187129867,0.46355090350175,-0.3475225067782093,0.5539295805212058,-0.19250299640133137,-0.23857772643344555,0.45579885835263273,-0.10874345533673122,0.15907152050763315,0.5055538112383867,0.08041921345211914
2022-03-01,1498.78,290.66623790625295,0.578861976158547,1.0,0.1567768280809285,0.5,0.7252187538301117,0.4790627121348845,0.34742526310093447,-0.09140485868970633,0.5537876885055306,-0.05061888541194713,0.1390812419588968,0.4562857452880885,0.06346078814280819,0.4323557259065477,0.5055901824091953,0.2185948103267515
2022-03-02,1485.52,288.1384516832675,-0.00560350293296813,1.0,0.1687625433329754,0.0,0.30053049281152877,0.4788867668031397,0.14392007602826723,-0.4440586456367917,0.5535005909099101,-0.24578672275861857,-0.41099189594973773,0.45641109171248323,-0.18758125991540311,0.5610039091916454,0.5059579782996161,0.28384440371278635
2022-03-03,1505.0,291.9823112102024,0.5370899572480246,1.0,0.17387399340225926,0.5,0.7093009568095867,0.47878388863421767,0.3396018703132652,-0.01865016193191088,0.5534078888201138,-0.010321146740892056,0.1598141592524179,0.4564296804668962,0.07294392564166677,0.26645853486495097,0.5061399444470351,0.13486530803398467
2022-03-04,1505.33,292.75193935301263,0.6631854126113133,1.0,0.1545085139585323,1.0,0.7731289013611594,0.4787164608334918,0.3701095314277,0.020535595263511185,0.5535021245605136,0.011366495607468262,0.35910019595226883,0.45637922598563585,0.16388586947998662,0.23278555079339897,0.5061461748574279,0.11782351609615836
2022-03-07,1499.05,292.70186903512115,0.4298207674817587,1.0,0.13921548816881374,0.0,0.28723201447907587,0.47876045418913094,0.1375153297096614,-0.038847605174752574,0.5535147649996235,-0.02150272304910133,-0.0052500899537232205,0.4564687154983019,-0.002396501817426578,0.6248980212947989,0.5060100238170765,0.3162046626386252
2022-03-08,1473.71,287.1901695495547,-0.18657866929203348,1.0,0.1972337481047565,0.5,-0.14262775188093843,0.4787570749865048,-0.06828404530241905,-0.7484111183037208,0.5534714468709984,-0.41422418450190224,-0.3760752950415612,0.4564514191348177,-0.17166010212326585,0.9239510975491505,0.5060762023832974,0.4675896626355537
2022-03-09,1473.74,287.9624001330834,-1.0163588473428002,0.0,0.17372263142524608,1.0,-0.462719899583561,0.47877092578197583,-0.2215368347013644,-0.6739848512488553,0.5535928668118235,-0.3731132059905942,-0.5555805650551124,0.4566144169421924,-0.253686095777054,-0.3322030498827094,0.5057831676533716,-0.16802271087378778
2022-03-10,1479.08,289.2889348786396,-0.5821796218062412,0.0,0.15847617699281807,0.5,-0.23130580788754956,0.4787703781112912,-0.11074236910165978,-0.5369799463305017,0.5536872222165794,-0.29731893486974337,-0.5429356639582628,0.45646911670858964,-0.24783336295661984,0.14573618218755297,0.505811556301889,0.0737150451217818
2022-03-11,1466.54,286.958696931058,-0.7104529824407779,0.0,0.16785040052267428,0.5,-0.514552041734347,0.4785415128231474,-0.24623451247779368,-0.8385913472793832,0.5539621965193351,-0.46454790472099566,-0.5286807686225211,0.45624224163328053,-0.24120649898474475,0.47740814853742636,0.5059317367806113,0.24153593374275617
2022-03-14,1446.25,282.2963710606937,-2.016124350831664,0.0,0.20616701914540256,0.5,-1.0885100654987747,0.47835124676233365,-0.5206901469446883,-1.3924633471129666,0.5542902972708449,-0.7718289226100019,-1.863668622164882,0.4561878703274088,-0.8501830197414139,0.25025189295748457,0.5058013226934683,0.12657773846443995
2022-03-15,1452.74,284.7159591772439,-2.0994119626464602,0.0,0.19327854134434627,1.0,-0.9283239443849293,0.4789907053195535,-0.44465854088596724,-1.086608900638351,0.554630151024933,-0.602666058666085,-1.6447593493225423,0.45637055202918164,-0.7506197322054863,-0.5973707218678319,0.5046575264792127,-0.30146763088892176
2022-03-16,1459.33,286.59746715343346,-1.4878716483859677,0.0,0.17865052639078582,1.0,-0.6255988022874162,0.47964238107154805,-0.3000636991246449,-0.8606154951236344,0.5542780728969917,-0.4770202981424185,-1.2364718513535244,0.4563261679966194,-0.5642344617638394,-0.2905118222916687,0.5044654919686128,-0.14655318935506487
2022-03-17,1461.34,287.65538069392375,-0.9795786942219966,0.0,0.16060015507129857,0.5,-0.25701954404593574,0.4801254370209399,-0.12340162090797761,-0.7423699471504505,0.5542005724403911,-0.41142184967332257,-1.0241180141751578,0.4561375412560922,-0.46713867294192823,0.04438855965289094,0.504261671842151,0.022383449301231834
2022-03-18,1469.1,288.3152632305465,-0.629518943245776,0.0,0.1428862321325986,0.5,-0.7817928302656421,0.4809654069031309,-0.37601530672266487,-0.6765239509641666,0.5540568910120642,-0.37483275696640433,-0.2206692611819093,0.45577635885252465,-0.10057583237216738,0.440335148775868,0.5039455819785372,0.22190495281546058
2022-03-21,1494.95,292.83887352620064,0.23487044326141954,0.0,0.1589963846202704,0.0,-0.3753532900874046,0.4814422539606741,-0.1807109340112348,-0.1615846561695625,0.5541051359434195,-0.08953488787320613,0.19029271585220714,0.4554274418955023,0.0866645247919184,0.8306691138787986,0.5037526174531602,0.41845174035394206
2022-03-22,1503.78,294.42336534327194,0.5200409473918408,0.0,0.14810776307845586,0.5,0.25142559335262876,0.4815356341082466,0.12107038252610025,-0.014473686294626517,0.5541247819256506,-0.008020228261670197,0.20510003555291834,0.4553276596711662,0.09338771918678328,0.6225594216366659,0.5037319539975583,0.3136030739406275
2022-03-23,1502.34,295.81553139425773,0.9125474319051767,1.0,0.13768293748394705,1.0,0.6553064983214861,0.48182907338384334,0.31574572286865277,0.10331180291220782,0.5541411380247501,0.057249320037159525,0.22004184898492923,0.4551183995071924,0.10014509413462433,0.87249343866814,0.5036224633797759,0.43940729486474006
2022-03-24,1498.26,297.4008770004767,0.931382001450957,1.0,0.13043498416238178,1.0,0.2723859165084037,0.48233702519193994,0.13138181267284357,0.2376486655345982,0.5538743949962934,0.13162751084465207,0.23512361771316057,0.45503980618777606,0.10699060543436534,1.1149579479966272,0.5035006687990301,0.561382072499096
2022-03-25,1498.5,298.45230421728155,1.1292842815688449,1.0,0.12048974584800826,1.0,0.5993045661310717,0.48255996793292405,0.28920039221426497,0.3000434068311749,0.5537172503240819,0.16613921020842803,0.04498820908575645,0.4549946991168766,0.02046939665678089,1.2978638225758565,0.503500653244518,0.6534752824893709
2022-03-28,1483.1801,296.2599873374236,0.719291170814333,1.0,0.134966714593113,0.0,0.664358915946909,0.48310481615064516,0.3209549919465734,-0.02655403358875323,0.5534103079158296,-0.014695275904759207,-0.7697227009208871,0.45477438047788976,-0.35005016445106446,1.5155101790685774,0.5035146776068296,0.7630816192235833
2022-03-29,1497.76,299.8878697879577,1.042389590073505,1.0,0.14410637471365959,0.5,1.071667754066799,0.48407215041383694,0.5187645142402824,0.34385836629526934,0.5534145010525617,0.19029620621604548,-0.5494805979473902,0.45399441896008513,-0.24946112479496557,1.1579725245306238,0.5032848207243713,0.5827899944121426
2022-03-30,1490.51,296.52642321275187,0.2338069181428436,1.0,0.16814398889480706,0.0,0.6437515119862248,0.4843354948228177,0.31179170710078524,-0.12348878189402734,0.5532133834023315,-0.06831564684382745,-1.1598867800460775,0.4541092602579978,-0.5267153276697553,1.0276205305128037,0.5031489447740252,0.5170461855556411
2022-03-31,1492.15,296.4705131923064,0.1022394832233239,1.0,0.15050030734033856,0.0,0.4377014631023958,0.4847051970075266,0.21215617390352942,-0.1773008850918731,0.5533636916237771,-0.098111872302602,-0.5190670393969457,0.4538322756701287,-0.2355693757148722,0.4449683375182749,0.5028774824412728,0.22376455733726866
2022-04-01,1516.4399,301.16044263888847,0.9503920617949685,1.0,0.16533931853777803,0.5,1.1337472858550137,0.4848646479913303,0.5497139786672174,0.32675263301386076,0.5531252414804511,0.18073512904016495,-0.37603451666143256,0.45435760159877625,-0.17085414110864355,0.7776877062559915,0.5025116020897867,0.39079709519622974
2022-04-04,1524.7,302.01060967703665,0.8467758416438507,1.0,0.14787949913488643,1.0,0.7193806568923585,0.485576807159966,0.34931456250643045,0.35736170365401754,0.5525126844201929,0.19744687419485468,0.0444981769083551,0.45485541735324087,0.020240236829108204,0.5572666014949431,0.5020472559506081,0.27977416811345723
2022-04-05,1520.03,301.3645378088464,0.8815432294839509,1.0,0.139708128368945,0.5,0.77822442468404,0.486362299785436,0.3784990209385275,0.215947373184204,0.5517762112672856,0.11915462340870271,-0.14764988476559276,0.45568979934179726,-0.06728254636167245,0.8999329145214888,0.5013397379051192,0.45117213149839325
2022-04-06,1522.9,299.94625339905866,0.7502649068228631,1.0,0.14125841091309263,0.5,0.42298078228118136,0.48730058557543166,0.20611878289277383,-0.007433894069243326,0.5510775140612656,-0.0040966518634733984,0.07164777369960018,0.45589281223732425,0.032663705042454125,1.02907440675689,0.5010124315266444,0.5155790707511085
2022-04-07,1502.35,294.82405857235585,-0.28326970130304696,1.0,0.1905351215171682,0.5,-0.3276778521241653,0.4877035155462928,-0.15980964044761367,-0.6491575086690474,0.5505204402811723,-0.3573744774843129,-0.5381301412015028,0.456403589617932,-0.24560452812597047,0.9575676405807969,0.5007676997773293,0.47951894475485
2022-04-08,1482.0,289.09184933711015,-1.562362074398527,0.0,0.23594969407417105,1.0,-0.30729140242206593,0.48803905101740364,-0.14997020442387216,-1.3221835966285187,0.550443805251427,-0.7277877701692197,-1.35469034934525,0.4568467506354189,-0.6188858842155379,-0.1314047537386166,0.5001205338478126,-0.06571821558989728
2022-04-12,1455.25,282.3298883433894,-3.4870432724754417,0.0,0.28506219481016515,1.0,-0.8197402940270841,0.48837860502134683,-0.40034362127673606,-2.0531029700665067,0.5502783697999943,-1.129778155399724,-3.0,0.45690779362225065,-1.3707233808667518,-1.1725948326186715,0.49991531484333435,-0.5861981149322301
2022-04-13,1477.2,288.4090676450464,-3.0694770211492237,0.0,0.2844553808194438,1.0,-0.7312804860388112,0.4880040363411472,-0.35686782888445584,-1.297891722330299,0.5498741457695289,-0.7136771021177157,-1.8697353046725333,0.4575251292551583,-0.8554508869432337,-2.2862252613620586,0.5001612144389349,-1.1434812032038186
2022-04-14,1472.12,287.9494963833522,-3.385630266210076,0.0,0.24863065752331542,1.0,-0.964058009003781,0.488900496642436,-0.4713284393940666,-1.3216573899608708,0.5490953945532504,-0.7257159860047835,-2.4298922189223515,0.4584136246036571,-1.1138956994724183,-2.1522770410574346,0.49932704797650135,-1.074690141338808
2022-04-15,1458.5601,285.72250621799606,-3.6121081258588865,0.0,0.23860125453441972,1.0,-1.3471926795378613,0.4892458489478593,-0.6591084261968423,-1.5376415746649017,0.5479079139393789,-0.8424859875611079,-3.0,0.4594932561354343,-1.3784797684063028,-1.4661178840186424,0.49930087592146544,-0.7320339436946336
2022-04-18,1432.6,280.14444279139536,-4.054586532782462,0.0,0.2718112103399918,1.0,-1.7991252207264723,0.4907268963491229,-0.8828791357105324,-2.09275227504391,0.5460245228355148,-1.142694062393789,-3.0,0.45974590827087924,-1.3792377248126377,-1.3003888528289018,0.4996779297607506,-0.6497756098655031
2022-04-19,1406.45,272.78897821327274,-4.9651550507908375,0.0,0.3225471917127854,1.0,-2.183099112911292,0.4916048793116031,-1.0732221759280236,-2.7573606409676503,0.5446010715867448,-1.5016615598220957,-3.0,0.4605110387117229,-1.3815331161351687,-2.0188339196866876,0.499663785648153,-1.0087381989055495
2022-04-20,1384.72,265.9811499082567,-5.554717697889993,0.0,0.35481800941677655,1.0,-2.273409100149304,0.4917732690661964,-1.118001825105263,-2.8569463023897526,0.5433689750966901,-1.5523759842357985,-3.0,0.4617575821044748,-1.3852727463134245,-3.0,0.49968904741183556,-1.4990671422355066
2022-04-21,1370.21,261.6268825649165,-5.673256156371773,0.0,0.34938698541856533,1.0,-2.5738159784381747,0.4918168640271096,-1.26584610309833,-2.8013292143491975,0.541767280716661,-1.5176685108501051,-3.0,0.46315984029255847,-1.3894795208776753,-3.0,0.5000873405152206,-1.500262021545662
2022-04-22,1379.23,260.1815441718273,-5.551672318450875,0.0,0.3114480509720714,1.0,-2.3837922477366953,0.4917810401850062,-1.172303831176906,-2.7472674982682523,0.5401305083466468,-1.4838829904038517,-3.0,0.464667775535213,-1.394003326605639,-3.0,0.5004940567548262,-1.5014821702644785
2022-04-25,1310.92,245.70541216602538,-5.4644858716491855,0.0,0.49137159574111056,1.0,-2.5738159784381747,0.4918999073938997,-1.2660598414426776,-2.696161391548359,0.5384263653860457,-1.4516843785455662,-3.0,0.466518210899624,-1.399554632698872,-2.6917251276355585,0.5004920469518573,-1.34718701896207
2022-04-26,1341.34,252.91248773990333,-5.571855049979004,0.0,0.46038073222313525,1.0,-2.519605107149934,0.4921248489891338,-1.2399602828684115,-2.6564494253192654,0.5368025009506303,-1.4259886951602463,-3.0,0.4680545261585618,-1.4041635784756854,-3.0,0.5005808311582204,-1.5017424934746613
2022-04-27,1353.77,256.53291754821896,-5.529095188762959,0.0,0.40637072923463713,1.0,-2.4786327285268563,0.49138988542813816,-1.2179750524892454,-2.612298740879085,0.5359633113680875,-1.40009628344424,-3.0,0.46938765476891176,-1.4081629643067353,-3.0,0.5009536295075793,-1.5028608885227377
2022-04-28,1350.99,256.72449600600527,-5.4940865100947995,0.0,0.33972930605994955,1.0,-2.4431321528600365,0.4909320696405671,-1.1994119242089922,-2.5762888490878177,0.5343584421355563,-1.3766616958897715,-3.0,0.47215174340209654,-1.4164552302062896,-3.0,0.5005192199299153,-1.501557659789746
2022-04-29,1366.8,261.59796165538523,-5.012694426664239,0.0,0.32141458023169744,1.0,-2.38571257360803,0.49048648319514887,-1.1701597701434503,-2.1115401398325115,0.5332005012364947,-1.1258742609396732,-3.0,0.4744546237333758,-1.4233638712001275,-2.586525565627898,0.5000130451318509,-1.2932965243809882
2022-05-04,1348.6801,258.8613102488025,-4.852095153242232,0.0,0.3057005868264626,1.0,-2.338371342178501,0.49013673601478264,-1.146121697245877,-2.2105082341516016,0.5317460525864389,-1.1754290277199337,-3.0,0.4770055685807645,-1.4310167057422936,-2.2013557291264045,0.4994775301356991,-1.0995277225341276
2022-05-05,1360.6801,258.02538476539326,-4.54715031425996,0.0,0.2711571214425347,1.0,-2.0273281643374075,0.4898676950154808,-0.9931225749039316,-2.1485871703402357,0.5307356982082626,-1.1403319120118403,-3.0,0.4788161384927993,-1.4364484154783979,-1.9580838911673042,0.49908352562116615,-0.97724741186579
2022-05-06,1329.26,250.97230955400076,-4.4356653225818,0.0,0.32803484140712336,1.0,-1.9980278101273026,0.4896310560142565,-0.9782964666184836,-2.459976772348246,0.5298359519487382,-1.3033841349489175,-3.0,0.4803362112129917,-1.4410086336389751,-1.4293511618259478,0.4988110034937957,-0.7129760873754238
2022-05-09,1269.62,236.97904773951586,-4.920924148485322,0.0,0.4981152398275134,1.0,-2.2283955504153865,0.4893987673043789,-1.0905740354398532,-2.42254279551405,0.5295613163737152,-1.2828849517640804,-3.0,0.48126478944205253,-1.4437943683261576,-2.21427042213466,0.49843541327316315,-1.1036707929552307
2022-05-10,1293.5601,240.72229158993218,-5.122801256339051,0.0,0.4385829950168571,1.0,-1.8774700777973061,0.4894122543195806,-0.918856863192338,-2.387215991640861,0.52877618770483,-1.2623029712878597,-3.0,0.4820564799026775,-1.4461694397080325,-3.0,0.4984906607169402,-1.4954719821508207
2022-05-11,1301.53,243.19718508084102,-4.609463333053833,0.0,0.38151021450354333,1.0,-0.9207225189519528,0.48914553847204556,-0.4503673123160911,-2.355473331372487,0.5280647322528859,-1.2438423940600256,-2.9388818314132057,0.4828163291819278,-1.4189401377423851,-3.0,0.49877116297844387,-1.4963134889353316
2022-05-12,1238.84,230.19742314310272,-4.754224123174284,0.0,0.5181289752736637,1.0,-1.7088003069666464,0.4874791171071037,-0.8330044649524485,-2.32320738115399,0.5283025008813205,-1.227356269529596,-2.877672219677237,0.4836358197271308,-1.3917453628695926,-2.6075917207208064,0.4993565578060305,-1.302118025822646
2022-05-13,1182.77,218.14669878568256,-5.081751050200689,0.0,0.6046490276000013,1.0,-2.0699916761087453,0.48713635931863314,-1.0083682089194894,-2.2911795559055945,0.528044883027992,-1.2098456405942963,-2.8196377710099125,0.4839922897151554,-1.3646829409584247,-3.0,0.49961808657615947,-1.4988542597284784
2022-05-16,1171.95,215.63731274640992,-4.937717129825291,0.0,0.5287248294179562,1.0,-1.92768909564705,0.48713429345353776,-0.9390434656061148,-2.2583841481110594,0.5275289801382183,-1.191363086413346,-2.764513792858298,0.4841967306113133,-1.3385685402318694,-2.937678665665188,0.4999668802242497,-1.4687420375739606
2022-05-17,1228.37,227.5916111517981,-4.776867870434774,0.0,0.5439129332761324,1.0,-1.7455479072239402,0.4872645332540531,-0.8505435862860624,-2.227285183965165,0.5271142505371623,-1.1740337604783238,-2.7120321875385542,0.48440622090347746,-1.313725262934142,-2.8767021855760575,0.5000744491206952,-1.438565260736247
2022-05-18,1240.76,231.09021197054332,-4.380881414533872,0.0,0.4732082579761834,1.0,-1.0840902907805419,0.4872673266479212,-0.5282417778336022,-2.188107858342503,0.5268928066225679,-1.1528982906749776,-2.6619936918319587,0.48456267135472747,-1.289902774443527,-2.818811673983618,0.5001535166729831,-1.409838571581765
2022-05-19,1241.64,232.05224612391407,-4.307338915803736,0.0,0.3969463363343634,1.0,-1.2501793674091362,0.48670028346104227,-0.6084626524951731,-1.9898792805519712,0.5270395464520183,-1.0487450735163795,-2.614250425587584,0.4849495315095271,-1.2677795191372807,-2.7637301134163548,0.500176071442129,-1.3823516706549022
2022-05-20,1240.71,233.39291746161638,-3.7412992945624577,0.0,0.340142799257046,1.0,-0.9621482110854662,0.4863193484631065,-0.4679112911400274,-1.7917053464975912,0.5271753779941196,-0.9445429432939527,-2.5687066613905376,0.48504822801129915,-1.2459466143883005,-2.164464732916169,0.500307733950091,-1.0828984457401774
2022-05-23,1218.8101,229.67314459137046,-3.153223479624026,0.0,0.3381442437084214,1.0,-0.33678451716270635,0.4858828969124442,-0.16363783683427455,-1.8866574896186807,0.5273755336677682,-0.9949770004359436,-2.5251758836697964,0.48498594540567086,-1.2246748132571965,-1.5380799417309932,0.5005811519979311,-0.7699338290966112
2022-05-24,1233.38,232.17195076073486,-3.048845735588832,0.0,0.3036354984077682,1.0,-0.4906785438959874,0.48510473760479983,-0.23803048628496823,-1.634406950858317,0.5277413288322951,-0.8625440960987079,-2.483650818463864,0.4849278720479466,-1.2043915063078225,-1.4847706600859254,0.5010064294066021,-0.7438796468973332
2022-05-25,1268.4301,241.35081280325252,-2.1159007862457893,0.0,0.3396902104630825,0.5,0.21846112642946053,0.48455636675595437,0.1058567297000726,-1.039880936051855,0.5278385945046623,-0.5488892917378038,-2.332666018374135,0.48488100304904935,-1.1310654387676826,-1.0804080626948425,0.5014797687541934,-0.5418027854403757
2022-05-26,1268.5699,242.412512603577,-1.858627993593947,0.0,0.29216817650299615,0.5,0.7413891868052106,0.4839077251156624,0.3587639548122603,-0.9243219093536205,0.5281513237804614,-0.48818184002439824,-2.2503073885529288,0.484779954272733,-1.0909039129222822,-1.2718445625608885,0.5018743754144631,-0.6383061954595269
2022-05-27,1285.45,245.24175735983826,-1.2014244911436351,0.0,0.26872706205494695,0.5,1.2704149622290468,0.48280704758451126,0.6133652971209945,-0.7186111136848904,0.528674767831966,-0.37991156368882995,-2.132597033916841,0.48514358844802274,-1.0346157777480258,-0.7972848641891925,0.502031914571494,-0.4002624468277739
2022-05-30,1293.92,247.39993675492414,-0.8773147860377412,0.0,0.2441639664564142,0.5,1.348266726575963,0.4815011062023207,0.6491919203021079,-0.5603895197786545,0.5292623448145566,-0.296593071247554,-1.9829835199943044,0.48548646486060165,-0.962711658998867,-0.5319193642863839,0.5023354929969559,-0.267201976093428
2022-05-31,1292.6801,247.17235898824285,-0.8502302093940842,0.0,0.21497569582165033,0.5,1.0882055152854322,0.4802815001046472,0.522644977303438,-0.5412910514222858,0.5297888965095464,-0.28676998882350496,-1.964538729299199,0.48570775390615906,-0.9541916936695737,-0.26239229492369637,0.50273390932765,-0.1319135042044436
2022-06-01,1299.52,248.0793120450517,-0.5705084355934178,0.0,0.1904470970287796,0.0,1.1369168166486208,0.47964887995949596,0.5453208777126266,-0.4596090048555908,0.5300958969335519,-0.2436368476676616,-1.8277711593472887,0.48563358439572885,-0.8876270595689607,0.030679844647050244,0.5030857916049418,0.01543459393057791
2022-06-02,1288.62,246.02555613016142,-0.40325245882232497,0.0,0.19465168857165457,0.0,1.2906483760749403,0.47920835694712566,0.6184894876953481,-0.5428390768370032,0.5302719227478122,-0.28785232101700503,-1.815783388773603,0.4856471786621285,-0.881830079819459,0.2939368568785149,0.503306920710305,0.14794045431879096
2022-06-03,1287.98,246.11484304332393,-0.3310734208719385,0.0,0.17093264607995784,0.0,1.3817292464199513,0.4786106667664282,0.6613103559197273,-0.5045776014789833,0.5305168219373261,-0.2676869055573889,-1.7649769702480704,0.48560674035798396,-0.8570847133290759,0.2628534603061074,0.5036564553520658,0.13238784209479898
2022-06-06,1290.01,244.9128935634501,-0.18441229543454746,0.0,0.16759746529436753,0.0,1.5302996299403482,0.47799003477519564,0.731467973331656,-0.5377975102821131,0.5308238083106865,-0.2854757225079569,-1.8286743329817872,0.4854703753753802,-0.8877672148719912,0.5105858204974137,0.5040536933889416,0.25736266861374457
2022-06-07,1291.35,245.43521447730848,-0.031090743531990817,0.0,0.1485311840104818,0.0,1.4927751443399546,0.47720917543824554,0.7123659957451777,-0.47363226881231785,0.5310772709234699,-0.2515353327421371,-1.5919336882452433,0.4855171061682757,-0.7729110375286204,0.5569871069344948,0.5044813919303794,0.28098963099358903
2022-06-08,1307.91,251.2000852081244,0.319607083539888,0.0,0.1825618820899801,0.0,1.5049497508359657,0.4764343313790908,0.7170097282986626,-0.12126280166034806,0.5313265561704718,-0.0644301467977757,-1.4783635549730574,0.485732299940299,-0.7180889297049798,0.762993511739536,0.504744045419155,0.3851164317439809
2022-06-09,1307.8,252.93610083166357,0.3163630747646975,0.0,0.1705652349033921,0.0,1.5819347448364847,0.4759961822747815,0.7529948991499974,-0.007006545519120071,0.5316507245510641,-0.0037250350018401975,-1.442919507844321,0.4853772203519322,-0.7003602599090546,0.5294457130266578,0.5051574957452314,0.26745347052559487
2022-06-10,1284.08,246.4306850846685,0.13874656388171852,0.0,0.251934355409479,0.0,1.5424162161504138,0.4755623654610407,0.7335151042779586,-0.360255261299182,0.5320434148489465,-0.1916714394389163,-1.5160555478004156,0.4849069870985374,-0.7351459279579222,0.656736881670025,0.5056040497622534,0.3320488270005984
2022-06-13,1227.04,233.9214195834274,-0.9711792693960826,0.0,0.43252343183505737,0.5,0.9263266745494417,0.4752436809402875,0.44023089856605246,-1.0248495493466228,0.5324236607724002,-0.5456541488040735,-1.6187536912102938,0.48435990197839063,-0.7840593792017759,-0.16144699057006134,0.5060276420626909,-0.08169663995628564
2022-06-14,1230.3101,233.48371485684453,-1.9250065574457096,0.0,0.367594820997561,0.5,0.7339827335773587,0.4748397935589882,0.34852420968773484,-0.985049496710264,0.5324274301439994,-0.5244673720980858,-1.5757728554954145,0.4842717881197232,-0.7631023384012866,-1.9466662341004979,0.5064869567071204,-0.985961056634072
2022-06-15,1213.9301,228.13005451278644,-2.2409087647446007,0.0,0.38317458815443173,1.0,-0.2342530314896767,0.4739059647780701,-0.11101390889030287,-1.214216778505356,0.533069168940711,-0.6472615290317174,-1.6361116204107211,0.485209044932004,-0.7938561567416395,-1.3617873831128073,0.5057890670910145,-0.6887771700809407
2022-06-16,1236.63,231.32709455907533,-2.062165181358726,0.0,0.34539831544185495,1.0,-0.16551836540103382,0.47365758262442054,-0.0783990288357992,-0.9640533216223922,0.5331218840066464,-0.5139579231061951,-1.4230908233711987,0.48539791680559025,-0.690765321089532,-1.5402651096661897,0.505784947953561,-0.7790429083271997
2022-06-17,1217.3,225.99413842118983,-2.208815050142946,0.0,0.36678832921535454,1.0,-0.6261292846077642,0.47334433740395365,-0.29637475135187363,-1.192403579045326,0.5333278513172085,-0.635942038715193,-1.4214566807330067,0.4856416766794151,-0.6903186057583334,-1.1593123161166967,0.5056270395548366,-0.5861796543175462
2022-06-20,1180.4,217.13305561555862,-2.844058076091303,0.0,0.4449929190980221,1.0,-1.2570513652701631,0.47305841209742233,-0.5946587227796002,-1.5917930364713833,0.5334937746381607,-0.8492116754698577,-1.45210557962157,0.4856133467339636,-0.7051618503310927,-1.3742565463647742,0.5057467831237599,-0.6950258275107527
2022-06-21,1172.47,213.51273193349732,-3.175185813774828,0.0,0.4215920221640422,1.0,-1.068586992879119,0.47297052785139976,-0.5054101540771768,-1.680145525418592,0.5335922650217275,-0.896512656474227,-1.4801295887517523,0.4854324386823658,-0.7185029158336903,-2.0849233870779034,0.5058987269877666,-1.0547600873897338
2022-06-22,1169.27,215.20341346487402,-3.138723629355529,0.0,0.3636374395110547,1.0,-1.4252182585557172,0.47277643418157633,-0.6738096062104478,-1.4813000806685301,0.5339365589002727,-0.7909202677708513,-1.5056537918170316,0.48541602015726837,-0.7308684713585237,-1.8648693972668422,0.5057326188085628,-0.9431252840157062
2022-06-23,1188.88,221.5184051669019,-2.500043799627159,0.0,0.3620841106556741,1.0,-1.3269857546216857,0.47252814515620845,-0.6270381172800967,-1.0468677979830685,0.5342557386407032,-0.5592951286706107,-1.3390049269275595,0.48536012400626916,-0.6498995973785656,-1.312706335691466,0.505681231399119,-0.6638109562978859
2022-06-24,1185.48,221.81294103047432,-2.375812788582577,0.0,0.3041194577775135,1.0,-1.2791843955484656,0.4723017495836127,-0.6041610280575964,-0.9596369503599345,0.5343382923991274,-0.5127707693784336,-1.3379464197779483,0.48534593893460903,-0.6493668613513268,-1.2050041699325706,0.5058191042022098,-0.6095141297952202
2022-06-27,1202.8199,226.49478289653428,-1.6888904263869429,0.0,0.29797843297104465,1.0,-0.8112601856867517,0.4720735504983755,-0.38297447623511627,-0.6382783497203476,0.5343138150821732,-0.3410409401234325,-1.2736066077348376,0.48540924812168007,-0.618220425863371,-0.6850918948462532,0.5059972052987409,-0.34665458416502304
2022-06-28,1218.1,229.22482074535057,-1.3222227132183682,0.0,0.2741305719935308,1.0,-0.41949030213319666,0.4719348085065809,-0.19797207540759795,-0.43824382610557944,0.5342545758131494,-0.23413376941876796,-1.2427955299995261,0.4855957294515122,-0.6034962019491986,-0.5664325315623997,0.5060102491857473,-0.28662066644280354
2022-06-29,1218.09,229.54727275946638,-1.0687728563762247,0.0,0.23396143463028407,1.0,-0.20881765729494228,0.4719095828339046,-0.09854305354240947,-0.37847089974403103,0.5341866239819089,-0.20217409220965943,-1.2436429790623942,0.48569611194118156,-0.6040325595735532,-0.3241505486049509,0.5060091730725439,-0.16402315105060267
2022-06-30,1197.6,224.11743837048462,-1.2608854048133145,0.0,0.2859996562223982,0.5,-0.7455184570500621,0.4718684533539713,-0.35178664127505194,-0.6365558918957468,0.5341613715640295,-0.3400235682921962,-1.2135029968782112,0.4857842605398792,-0.5895006560014092,0.04036735537928495,0.5059895691315078,0.020425460755342847
2022-07-01,1198.9,225.63711195067313,-1.0092373394760839,0.0,0.25396388606411807,0.5,0.08946475113260124,0.471674903757234,0.04219827788013458,-0.49980210163974087,0.5343091724943219,-0.2670488473380529,-1.1842243967769148,0.4859772018110764,-0.575506058662055,-0.4129475451997177,0.5058286791730114,-0.20888071135611067
2022-07-04,1195.53,225.5051484093645,-0.6469756301134751,0.0,0.22192783117823384,0.5,0.5239484416714154,0.47150883375331043,0.24704631867935348,-0.46026161359205364,0.5343492319616641,-0.24594043972435006,-1.2182160777608408,0.48619039719298923,-0.5922849587134287,-0.11032735677866326,0.5057363104147218,-0.0557965503550498
2022-07-05,1181.29,221.16544080529263,-0.7085559989344254,0.0,0.25934531368812247,0.0,0.4597226107023549,0.4715812587481488,0.2167965674300017,-0.6550228754153192,0.5343631712383441,-0.3500201009405888,-1.3728461736946092,0.4860626146186071,-0.6672892006551522,0.18181284846480972,0.5057768799497809,0.09195673523131377
2022-07-06,1149.61,215.60579157247219,-1.0990844842839604,0.0,0.31051758378137306,0.5,0.25796365331550175,0.47182712067897375,0.12171424778368219,-0.9063706771099709,0.5343972164996456,-0.4843619669644674,-1.366278287504495,0.4858070352456273,-0.6637476041730315,-0.14372344334533557,0.5057571627718914,-0.0726891609301436
2022-07-07,1166.48,218.06665307456376,-1.2421084545180916,0.0,0.2827969268938962,0.5,0.14441628733012643,0.4721630928933894,0.0681880408899729,-0.7008012227865064,0.5342724100032742,-0.3744187582313882,-1.2994254058118522,0.4855680896883277,-0.6309595119925411,-0.6028375801119824,0.5058049385831157,-0.30491822518413536
2022-07-08,1171.3101,221.76162343382927,-0.9030396167444312,0.0,0.2722723687397866,0.5,0.27326676048936094,0.47218908346417393,0.12903358117669528,-0.4418125731366266,0.5340561142172969,-0.2359527060216921,-1.2951372891353996,0.48541908982318577,-0.6286843640881739,-0.33080206927859485,0.5061519964986957,-0.16743612781126063
2022-07-11,1155.29,219.1650202563919,-0.9694014928868284,0.0,0.27107867835352906,0.5,0.16857269624166832,0.47162907130420567,0.07950378417570399,-0.5428312935814655,0.5339123838532754,-0.28982434998623746,-1.3484744999667029,0.48465742125806205,-0.6535481737861168,-0.20792430636524986,0.507553710939375,-0.10553275329017807
2022-07-12,1174.8199,225.23929607545307,-0.6151226918599559,0.0,0.2869848200966379,0.5,0.31172358543994877,0.4714239556477918,0.14695396571681305,-0.15918095713403593,0.5339493690499925,-0.08499457162649238,-1.1675053007406269,0.4848261685096885,-0.5660371216728297,-0.21878875768296072,0.5075441967560254,-0.11104496427744696
2022-07-13,1173.92,225.2336157252585,-0.513949743736598,0.0,0.24692025024268094,0.5,0.5521542800342123,0.4712449793257598,0.2601999322793522,-0.1341087132965875,0.5340431517806509,-0.07161983993015726,-1.1398199057470257,0.48491795196169507,-0.5527191343000201,-0.29517951272670095,0.507524050032831,-0.14981070178577283
2022-07-14,1182.17,227.43649173528465,-0.31553685624231653,0.0,0.22865955734085416,0.5,0.4272797072515106,0.47068956593997097,0.20111609994117138,0.006463111128321685,0.5343345773170124,0.003453463752904647,-1.1153317833909782,0.48468156885385194,-0.5405807585665039,0.04030712219940509,0.5079583337362035,0.020474338630111347
2022-07-15,1179.25,227.73266859804826,-0.3035230312095994,0.0,0.19695657742355777,0.5,0.21192035323967728,0.47003179796406885,0.0996093046584261,0.036639368628269546,0.5346378253393563,0.019588792365225066,-1.0905434777907892,0.48415088010890067,-0.527987584569432,0.20691040765553764,0.508753800879016,0.10526645633618142
2022-07-18,1176.49,228.21172703708567,-0.23798176031519264,0.0,0.17263387242531233,0.0,-0.0458507061424628,0.46951839190731093,-0.0215277498158238,0.07460073976288076,0.5350147553244925,0.03991249653126379,-1.0380717480818997,0.48422759581529246,-0.5026629868574762,0.484112648602691,0.5087586133883025,0.2462964798268436
2022-07-19,1178.33,228.81703246049437,0.06797417743389,0.0,0.15372387523876968,0.5,0.29153340220383234,0.46874220638746894,0.13665401018466977,0.12043961805458678,0.5353715614410522,0.06447994637724808,-1.014658076047505,0.4844643182587648,-0.4915656330781044,0.704312114056165,0.5088736183820568,0.35840585395007657
2022-07-20,1194.14,232.65497677242527,0.6655806775178245,1.0,0.16938016100147257,0.5,0.922985431165203,0.468040170833152,0.4319942588790721,0.34819169504882513,0.5356974480421403,0.18652540246712274,-0.8269063375755047,0.48462837833442085,-0.400742277413672,0.8797350993454999,0.5090206062239141,0.44780329358530163
2022-07-21,1198.47,232.43999520231657,0.6402553097972215,1.0,0.15394950793223397,0.5,0.9778463223860576,0.46757800536505056,0.45721943297482304,0.33138876934728023,0.5359027768569742,0.1775921617124228,-0.8125117917485231,0.48448874570368833,-0.39365281885369835,0.783522347955166,0.5093620303303852,0.39909653396367384
2022-07-22,1194.76,231.53669041442936,0.558189718476949,1.0,0.1504815799687954,0.5,0.7639590259019111,0.4667433502540389,0.35657279520627005,0.27786892830614474,0.5361222442555686,0.14897171345238003,-0.8508081921682464,0.483546738510268,-0.41140552642077294,0.9084966278727303,0.5107897178723264,0.46405073623907184
2022-07-25,1188.5,229.887589308997,0.5175041529862779,1.0,0.16067225954120762,0.5,0.7791403816660282,0.4661171033698928,0.3631706578206818,0.18366254829335096,0.5364952191506074,0.09853407909640034,-0.8611202816749368,0.4837306248098975,-0.41655025189109207,0.9247327688784488,0.5107958578489347,0.4723496679602879
2022-07-26,1185.0699,228.48441643640888,0.19079948569889602,1.0,0.16391632621259258,0.5,0.29744477597773306,0.4655258404006568,0.13846822930981928,0.11057021752568472,0.5369109544545775,0.05936636102596563,-0.8961353886377097,0.48360586413952367,-0.4333763290081475,0.8343005914741286,0.5110163276019676,0.4263412243712586
2022-07-27,1191.04,230.70594397368325,0.6535504291925995,1.0,0.16116681912902953,0.5,1.0787827824980676,0.4651234415161606,0.5017671604438809,0.247936953456017,0.5371203876707368,0.13317199255819726,-0.7971977671502244,0.48354416008377227,-0.3854803247373139,0.7904440446860649,0.511221007539282,0.40409160092783536
2022-07-28,1208.12,234.14325708294274,0.9470780154818337,1.0,0.17032076721696846,0.5,1.3389056670394146,0.4646764658145789,0.6221579534189865,0.4504858118716527,0.5373350474272194,0.24206181508734392,-0.7013500318840421,0.48331214062121863,-0.3389709852346363,0.8244952933930835,0.5116211524679132,0.42182923221013957
2022-07-29,1206.33,233.43801040095028,0.8751282398298375,1.0,0.16160128316073877,0.5,1.2915433894116302,0.4650116004311917,0.6005826585366281,0.40495649677929474,0.537529085971255,0.2176758955718958,-0.6870242020497005,0.482762758276493,-0.33166969878422004,0.7594125248274309,0.511631520159383,0.38853938450553366
2022-08-01,1231.35,238.65294812710064,1.2722140295167306,1.0,0.1883952190432233,0.5,1.663541865578298,0.4653283938801307,0.7740932644619057,0.7024692287706366,0.537687769978039,0.3777091130958765,-0.6211296276626297,0.4822473784338549,-0.2995381346078996,0.8207549820260822,0.5116627931154033,0.41994978656684784
2022-08-02,1241.62,240.21916191308472,1.242152704379771,1.0,0.1747441800765641,0.5,1.7258668202765295,0.46557308915124324,0.8035171469797774,0.775589407695555,0.5378974513049136,0.41718756565852655,-0.6092009661939464,0.48149910548877983,-0.2933297202852856,0.6148909518991309,0.5119244494565112,0.3147777120267527
2022-08-03,1249.76,242.73677442120962,1.4109446540136434,1.0,0.17164887206485893,0.5,1.7226432589676686,0.46551820130820765,0.801921791410338,0.9001989671664669,0.5380229808018895,0.48432773162968473,-0.519761939440643,0.48088932607310636,-0.2499479687760615,0.731131630071635,0.5124153905268402,0.3746430997496821
2022-08-04,1254.15,242.47489232008422,1.458204020373303,1.0,0.15666176301584323,0.5,1.7731610136290397,0.4660480664301405,0.826378261871122,0.8592785186766159,0.5379071407891366,0.4622120511228632,-0.45805121385382647,0.4805567967576523,-0.22011962408054922,0.7606522013607879,0.5123673220989093,0.38973333145986727
2022-08-05,1252.74,243.65636439801852,1.551859768016354,1.0,0.14512363538625128,0.5,1.807096312330007,0.4675231443655204,0.8448593501118614,0.9031003490295626,0.5375257007766531,0.4854396479837556,-0.474813852756454,0.4802449799660103,-0.2280269692046074,0.8785888562479932,0.5117157313436743,0.44958773912534417
2022-08-08,1256.75,244.84055565729,1.666251808434356,1.0,0.13549810906475052,0.5,1.852796914617561,0.4686125260374558,0.8682438423933395,0.9447245657897209,0.5372174564927479,0.5075225283197695,-0.43928231002304396,0.47996665259066373,-0.21084085988405457,0.9804858912497386,0.5113039382609628,0.5013262976053015
2022-08-09,1258.85,245.54577372501214,1.7385698293079157,1.0,0.12347218291046605,0.5,1.832370710979684,0.46958107869052096,0.8604466150227569,0.9582367640477069,0.5368969171608047,0.5144743645273592,-0.3781242561991023,0.47974055140853133,-0.1814015391698981,1.0667097474828644,0.510964102666038,0.5450503889276977
2022-08-10,1256.5,245.73326387714428,1.7919017455995583,1.0,0.11082106399265339,0.5,1.8158267216900033,0.4702675903158443,0.8539244568402771,0.941124187088888,0.5365582791665108,0.5049679743063951,-0.34379519858819,0.4797005936550952,-0.1649187608585261,1.1707416305614413,0.5107259020290152,0.5979280753114122
2022-08-11,1252.0699,243.34377726314762,1.61472764901545,1.0,0.13764118957555796,0.5,1.6000146708077996,0.4711142687140737,0.7537897415694058,0.7837776672597299,0.5361874509296535,0.4202517495035847,-0.4380503910702079,0.4795933552571242,-0.2100860568250564,1.2749348222296513,0.5104356735895114,0.650772214767516
2022-08-12,1262.33,246.29104233032257,1.701251276185055,1.0,0.1448894881635364,0.5,1.793863973124993,0.4715525984506327,0.8459012177940664,0.9353456887469713,0.5357491495579669,0.5011106572889007,-0.35016662953923866,0.47991393976440017,-0.16804984675619722,1.023715632701834,0.5101897745566675,0.5222892478582849
2022-08-15,1274.2,248.89363687740135,1.6906960786879537,1.0,0.14737123975754043,0.5,1.5459254758701946,0.4720918042075548,0.7298187470739829,1.0572964480994738,0.5355254566085925,0.5662091631391137,-0.212620836372764,0.4798421589922824,-0.10202444117185187,0.9739195912856778,0.5099934471910784,0.496692609646709
2022-08-16,1274.6899,249.70495617444973,1.709618809226113,1.0,0.13416131996411543,0.5,1.576002251746428,0.4727987020879374,0.745131819113378,1.0719435910654362,0.5351775618934232,0.5736801575536808,-0.20440119246563013,0.479900782041087,-0.09809229211438664,0.9592868710326713,0.5096485101971023,0.48889912467344077
2022-08-17,1275.28,249.16302391746638,1.4569267309900669,1.0,0.12893438441167202,0.5,0.9289994126835872,0.4733612933973403,0.43975236355327235,1.011440605843133,0.5349718367275466,0.5410922386487232,-0.14499681380923393,0.47981648337110083,-0.0695718613019609,1.0711245749247105,0.5094215956424922,0.5456539900900322
2022-08-18,1273.66,248.09174622671253,1.3576519886959673,1.0,0.13167849342224303,0.5,0.8214198762268698,0.4736108637834051,0.38903337710866553,0.92844694267862,0.534692536489494,0.49643365077674717,-0.18875782020677032,0.480012882558178,-0.09060618538285012,1.1050334784125502,0.5092978241726119,0.5627911461934048
2022-08-19,1269.1801,246.70909444948325,1.15231409528475,1.0,0.13837704421057545,0.5,0.5586451975632901,0.4735973705896341,0.26457289665850087,0.8305017080419114,0.5343926008244441,0.44381396774966014,-0.20691345093115113,0.4805059470557135,-0.09942314369823867,1.0671501229519675,0.5091602042567388,0.5433503745748277
2022-08-22,1260.4301,244.81495097138702,0.6829529652704323,1.0,0.15143067097742885,0.0,-0.17240241113947002,0.4735725059758928,-0.08164504187960499,0.7091638368516319,0.5340675967448688,0.37874142604572125,-0.2506423948592008,0.4810556257738221,-0.12057293410444225,0.9949396232743939,0.509005273648741,0.5064295152087582
2022-08-23,1270.8101,248.3089113311172,0.8247418877456465,1.0,0.16102380912936068,0.0,-0.08420600864615674,0.47302486982565894,-0.0398315362783866,0.8949590103560651,0.5338047890417378,0.4777334057241217,-0.1143948855841226,0.4820069670906742,-0.055139131851087625,0.868515797077017,0.5088901683060646,0.44197915015099903
2022-08-24,1277.16,249.51304186506005,0.8896936729663618,1.0,0.1486980497511626,0.0,-0.03751892434736107,0.4722995311933665,-0.01772017038013802,0.9364947993133292,0.5335748869848909,0.4996901067055477,-0.00581100257166757,0.48287315532888136,-0.002805977147405364,0.8065673480715159,0.5089838000136314,0.41052971378835745
2022-08-25,1288.88,251.66671602048862,1.2971027039637666,1.0,0.14631509166186554,1.0,0.5904372436971693,0.47164806446627866,0.2784785831785744,1.0242721885921444,0.5334989658615623,0.5464481533746681,0.023505732468056116,0.4831799507847027,0.011357498657073743,0.9046722002912371,0.5093761791343883,0.46081846875345034
2022-08-26,1282.5699,249.97182418873777,0.9988742866975995,1.0,0.15443722088394948,1.0,0.03179955353294501,0.4716259720353125,0.014997495345264145,0.89450856953352,0.5334830116044942,0.47720512558077033,0.07769826946176116,0.48312538332399824,0.037538006217324664,0.9208357242585145,0.5094650947996194,0.4691336595542403
2022-08-29,1270.8,247.14931247807237,0.6284817630898992,1.0,0.1779186339014538,0.0,-0.3124757335484859,0.47119672624943143,-0.14723754268043618,0.7105387047148546,0.5335989934407299,0.37914273763652645,-0.047235710297353,0.4832550154537393,-0.022826893909715675,0.8229764027569041,0.5096178464395299,0.41940346204352463
2022-08-30,1279.39,247.0136395033748,0.4793043028816426,1.0,0.16023953516500877,0.0,-0.24658162865526057,0.4704256101509102,-0.11599831311215612,0.6838134771364369,0.5337944871019821,0.3650158643014673,-0.14623609914179544,0.4834939595049232,-0.07070427059662118,0.5902956130863318,0.5098987958172951,0.3009910222889526
2022-08-31,1280.51,248.2766178859523,0.6750074417654852,1.0,0.14857808581990423,0.0,-0.10179572095400294,0.46987404788297765,-0.04783116746182341,0.7376370543698478,0.5338583745084642,0.3937937188230986,-0.08976325421428072,0.4836472818611186,-0.04341375391174547,0.7300319601216689,0.5101949841399828,0.37245864431595543
2022-09-05,1277.35,248.63685469809545,0.7312288353433518,1.0,0.1316276903532372,0.0,-0.07671924660270575,0.4692769461914068,-0.036002573759823214,0.7420942352272882,0.5338995539329123,0.39620378116403493,-0.10863024918605395,0.4838859221004433,-0.052564648295394645,0.8298000737345927,0.510475100740975,0.4235922762345347
2022-09-06,1277.4,248.80511244632692,0.7720740027946371,1.0,0.11795337214811737,0.0,-0.17002176614726328,0.46874066778863194,-0.0796961162024708,0.7361814579462304,0.5340364225915517,0.39314771217983774,-0.07569117855111238,0.4840735389912054,-0.03664009667165219,0.9698730321493484,0.5106467414516771,0.4952625034889224
2022-09-07,1243.17,240.60701989476368,0.16085819479436214,1.0,0.28084534018330004,0.0,-0.8364293870814425,0.468061760862289,-0.3915006117543051,0.27214121850104767,0.5342018590724774,0.14537834485350895,-0.2975423768834225,0.484340249956724,-0.14411174919243463,1.0787887252804722,0.5108435025072361,0.551092210887593
2022-09-08,1234.6,238.51855202286987,-0.7087253653625739,1.0,0.2693668618448423,0.5,-1.0319824541005036,0.46685953457011387,-0.481790848205885,0.1669966625088029,0.5347024513049985,0.08929352480321046,-0.3631439790178101,0.4848766453648603,-0.17608003433060299,-0.27430999442219983,0.5109110512888925,-0.14014800762929636
2022-09-09,1248.78,242.4184469993299,-0.539908556486339,1.0,0.26040504668336895,0.5,-1.0795903139481402,0.4662335146581468,-0.5033411864629335,0.3947957618986618,0.5348124803884551,0.21114170066787324,-0.2766243517585864,0.48501169542381284,-0.13416604584194516,-0.2220937138954279,0.5112392550776782,-0.11354302484933354
2022-09-12,1249.62,242.38817977857218,-0.5011998580483764,1.0,0.22656233478249685,0.5,-1.086975464392908,0.46549321435228036,-0.5059797028423174,0.39386580381741615,0.5347765703831393,0.21063020375667618,-0.267940932303533,0.4853552681012688,-0.13004654303348517,-0.14816278618914025,0.511625205485007,-0.07580381592925003
2022-09-13,1248.4,243.04568247757513,-0.22158342654675572,1.0,0.1985058083581727,0.0,-0.9155134627186381,0.4651141036261337,-0.4258182235700371,0.4326678584367168,0.5346286999239633,0.2313166546549073,-0.1827785812576823,0.4855695649901316,-0.08875171619080621,0.12046750471695558,0.51192110855186,0.06166985855918033
2022-09-14,1240.77,243.34704474407837,-0.08680762468010994,1.0,0.17266336971623034,0.0,-0.8877238220425696,0.46436801888741297,-0.4122305525610704,0.44982984284854866,0.5346544196387264,0.24050351356437027,-0.19967195668839915,0.48586401165929355,-0.09701341789248633,0.35513498199684246,0.5122920619819258,0.18193283220907652
2022-09-15,1245.66,243.68359588258252,0.0578015212460975,1.0,0.1515621972449657,0.0,-0.8230972390791176,0.4635385643483105,-0.38153731252179224,0.4665645436111346,0.534731143974842,0.24948659214328206,-0.2163219966018409,0.48619910318615156,-0.10517556074725277,0.5755010276429371,0.5126451356311166,0.29502780237186044
2022-09-16,1234.03,239.7461334482309,-0.13287667655888685,1.0,0.19590577860229896,0.0,-1.2436583193693687,0.4625198336362179,-0.5752166389750187,0.24463255578674406,0.5349537750939519,0.13086710922900052,-0.15809944812697463,0.4865776869477685,-0.07692766377734202,0.757154835036526,0.51297369968685,0.38840051696447336
2022-09-19,1205.4301,231.88230451785228,-0.7605807448026829,1.0,0.3067238471412782,0.5,-1.5222190233101696,0.4607472501278963,-0.7013582290825328,-0.1833918133768881,0.535441381332012,-0.09819556587950352,-0.3027390797139643,0.48714541094134267,-0.14747795339526304,0.363083482495246,0.513521029029619,0.1864510035546164
2022-09-20,1218.9301,235.2193137496031,-1.0708807083933345,0.0,0.28623731777135225,0.5,-1.369344931610123,0.4592496889938379,-0.6288712339672372,0.029910033323451483,0.5359346620319202,0.01602982360056744,-0.29294923791888877,0.48756380889705464,-0.1428314462532229,-0.6133037056449163,0.5139506721910095,-0.3152078517734418
2022-09-21,1210.55,233.70699558610997,-0.9353753140703199,0.0,0.2665049912639772,1.0,-1.1867882271641403,0.4585975797919024,-0.5442582087029972,-0.034772779496367374,0.5360617256010256,-0.018640356180766655,-0.3081409864273554,0.4875733177825362,-0.15024132309716912,-0.43203579218274035,0.5143912382041416,-0.22223542608938698
2022-09-22,1214.7,236.23941621917731,-0.6948152352873207,0.0,0.24685317576467683,0.5,-1.0593564265863062,0.4580524112097421,-0.48524076552839374,0.1280790527630621,0.5361538566183306,0.0686700780909384,-0.27336203313553287,0.48753406048533865,-0.13327330199709403,-0.2815970820261551,0.5148179974368705,-0.14497124585277132
2022-09-23,1203.28,234.4611375561684,-0.6559079291912348,0.0,0.23840053717308518,0.5,-1.116715384837701,0.45736335053687743,-0.5107446900054494,0.042978293685415905,0.5361523165423904,0.023042911720474926,-0.23938822297087367,0.48758897332695994,-0.11672305786493366,-0.09989348050426661,0.5153799104950361,-0.051483093041326554
2022-09-26,1174.35,226.24927944355338,-1.2360782057775035,0.0,0.343675181097503,1.0,-1.6617417842298903,0.4564553137477448,-0.7585108674883918,-0.3954847559546067,0.5362385207747207,-0.2120741605220497,-0.5051629250897649,0.4876926141688439,-0.2463642275182073,-0.03707183808636019,0.5159968114959103,-0.019128950248854505
2022-09-27,1166.54,225.10863043156837,-1.702034496967928,0.0,0.3081678334126505,1.0,-1.625528934242196,0.4555123357134616,-0.7404484816064766,-0.41929973096073203,0.5365140675810135,-0.22496020419336696,-0.4915411279216525,0.48778358204964445,-0.23976569210234616,-0.9620542322473881,0.5164574952339827,-0.49686011906573824
2022-09-28,1143.62,220.92155286174747,-1.6909403277712824,0.0,0.32477242966279357,1.0,-1.6141070367218444,0.45513446936204643,-0.7346357496519419,-0.6121176323789371,0.5366168873503919,-0.3284726585794767,-0.5782542883202108,0.48747074838703014,-0.2818820506854626,-0.6691759713467762,0.5169789168582163,-0.34594986885440115
2022-09-29,1126.0699,215.96070749866107,-1.9614631749997071,0.0,0.3515973358349017,1.0,-1.6943993065745775,0.45448106896713425,-0.770072408109185,-0.8413793494024615,0.5366614265325168,-0.45153584190532586,-0.6380952719092529,0.4872716722440599,-0.31092575019424973,-0.828536946195453,0.5176946867131758,-0.42892917479094644
2022-09-30,1132.11,217.08058238863987,-1.9481062305998056,0.0,0.30422185862643547,1.0,-1.6470054638978742,0.4537300044692395,-0.7472957964952444,-0.718680119328917,0.5370265952347044,-0.3859503375460794,-0.5240981522994186,0.4864443373570449,-0.2549445784053423,-1.079351479110798,0.5187517958602462,-0.5599155181531396
2022-10-03,1086.4399,205.8456028378868,-2.127528930576429,0.0,0.4696475290175123,1.0,-1.6263212737081658,0.453679928257556,-0.7378293187796577,-1.2794903844946672,0.5372917789729688,-0.6874596648639476,-0.7354563975905014,0.48591684015287684,-0.35737064878739433,-0.6644684499550493,0.5190153094082334,-0.34486929814542916
2022-10-04,1078.14,202.69381521100746,-2.85183585720202,0.0,0.4392221977213805,1.0,-1.5968844236570963,0.45359403398971704,-0.7243372475419666,-1.359805702045184,0.5375354393054088,-0.7309437554188578,-0.6936106493862737,0.4855459997234098,-0.3367798761750617,-2.041227575402591,0.5191851172484354,-1.0597749780661339
2022-10-05,1104.26,209.5068156850745,-2.3652573015794554,0.0,0.42953879461566247,1.0,-1.4803887053963436,0.4542161433739179,-0.6724164484594344,-0.8981103396788837,0.5378992483519164,-0.48309287665035583,-0.5830359215916308,0.484283161162822,-0.28235447917987416,-1.7853585077397582,0.5194438502235945,-0.9273934972897911
2022-10-06,1074.52,201.78634394775997,-2.5441990768924505,0.0,0.4847768911358577,1.0,-1.5492158304905428,0.4545322269946033,-0.7041685215281602,-1.246463179879841,0.5380454446676142,-0.6706538358802574,-0.6617490149687018,0.4832260775829438,-0.3197743808477025,-1.6338503127328652,0.5200001077303344,-0.8496023386363305
2022-10-07,1035.91,193.1825171483052,-2.937156607638451,0.0,0.5477609583794059,1.0,-1.5181808562458898,0.45486191610430654,-0.6905626532648822,-1.5711486022399184,0.5381801001982116,-0.8455609121797594,-0.6680081380365155,0.48210110214428137,-0.32204745958875336,-2.072515896441102,0.520616312018584,-1.078985582605056
2022-10-10,1042.48,196.37894129431302,-2.8101431750097317,0.0,0.4802863455946993,1.0,-1.4886473000684186,0.4555707431548521,-0.6781841567876336,-1.3288871309830705,0.5384433434116245,-0.7155304298232058,-0.6048818963609774,0.480708566137534,-0.2907719090822379,-2.1605203393651022,0.5210118409009951,-1.1256566793166545
2022-10-11,1006.2,187.8085602381622,-2.7931296388810205,0.0,0.548508939632312,1.0,-1.460421680902684,0.45628575578496045,-0.6663696104354235,-1.484019256236114,0.5387015200240847,-0.7994434290794062,-0.6348916540537792,0.4794549203875525,-0.30440192744907624,-1.962334513366696,0.5212743622197942,-1.0229146719171147
2022-10-12,1034.8101,193.96842858621497,-2.6561900562449274,0.0,0.5122449540418578,1.0,-1.431412263770532,0.457019961028215,-0.6541839770037176,-1.243648264764683,0.5388629653217284,-0.6701559917683191,-0.5726041410747466,0.47816990657690306,-0.2738020686432594,-2.0282931918893343,0.5216445152310898,-1.0580480188296315
2022-10-13,1050.99,196.13861904599918,-2.446751753229704,0.0,0.4424978814958211,1.0,-1.323811711490946,0.45762461486949624,-0.6058088246307728,-1.0391354367503594,0.5390376318928977,-0.5601331050419056,-0.534370084537286,0.477090712347473,-0.2549430042890731,-1.9655557324960873,0.5219220204787526,-1.0258668192679523
2022-10-14,1061.85,199.4736322286966,-1.9799734679955345,0.0,0.39884285216253473,1.0,-1.2074483944097603,0.45811320338107675,-0.5531480518803931,-0.7854391377864557,0.5391860234523256,-0.4234978053669023,-0.42870453565083383,0.4766606879440891,-0.20434659888807774,-1.5313982939998996,0.5217329906861017,-0.7989810118601616
2022-10-17,1051.58,199.71824126110283,-1.3228893760765512,0.0,0.3345573979819668,1.0,-0.3431526696501433,0.45830069243559024,-0.15726710611178202,-0.706563736358536,0.5392744566306688,-0.3810317749996846,-0.3705662103036161,0.4764458953941924,-0.17655474987093897,-1.1655493092696294,0.5216731203548655,-0.6080357450941457
2022-10-18,1063.66,201.43836016761662,-0.837525857745389,0.0,0.29711791133328425,1.0,-0.060434769671723766,0.4582525760330906,-0.027694388884033912,-0.5535508329372006,0.5393017393129683,-0.2985309270011747,-0.3354289258120969,0.4765645800901578,-0.15985354517973463,-0.6738138475786425,0.5215787682953897,-0.3514469966804458
2022-10-19,1060.0699,200.7757236552305,-0.7809761702538824,0.0,0.2656065039400968,1.0,-0.3261993668207861,0.45809437676179127,-0.14943009564385895,-0.5331580139418769,0.5393618342720119,-0.2875650843565136,-0.32352318712002126,0.4766412216033482,-0.15420448712589555,-0.36384539100200086,0.5215855630463947,-0.18977650312761424
2022-10-20,1058.45,198.66623071902626,-0.471438589581678,0.0,0.2632438671300899,0.5,0.18605824499453227,0.4578886417679788,0.08519395709028021,-0.5900684907238144,0.5394251167315388,-0.3182977644882965,-0.3798696763739084,0.4767346195777335,-0.18109702565523195,-0.10973172043923801,0.5216154116541367,-0.05723775652842979
2022-10-21,1019.82,189.45503259779417,-0.8854936191172809,0.0,0.4179973241870458,1.0,-0.17805139967221173,0.4576175661922149,-0.08147944817511486,-1.0173231880372193,0.5394411110805905,-0.548785950882846,-0.4577190701478486,0.4769333064173952,-0.21830146953590907,-0.07078766905318357,0.5216551274723782,-0.036926750523410996
2022-10-24,986.15,181.25133114322645,-1.6919289352837565,0.0,0.51349914300173,1.0,-0.3760076757867747,0.45740364928332505,-0.17198728306341207,-1.260387472856684,0.5392576207853009,-0.6796735498802935,-0.48870134015642214,0.47694987885581597,-0.23308604498428045,-1.1631457432471157,0.522017177022649,-0.6071820573557704
2022-10-25,997.7,181.27604891896883,-1.5916415846811782,0.0,0.4310936435386761,0.5,0.43562680178086527,0.4572126253632573,0.1991740737208287,-1.2246960779868152,0.5392984165740227,-0.6604766556427052,-0.4060882810063939,0.4765350403918802,-0.19351529539205112,-1.7928919976459987,0.5225209932317539,-0.9368237073672507
2022-10-26,993.36,179.03907660634073,-1.5928744910216848,0.0,0.40290339677748654,1.0,-0.3224418203570544,0.4564094654511785,-0.1471654988682681,-1.1904387546657453,0.5399037727546236,-0.6427223748773517,-0.3927156311465963,0.4765678185969261,-0.18715563166444846,-1.1784702760019865,0.5225681106704283,-0.6158309856116163
2022-10-27,1028.01,186.8411623089907,-0.8281827944667965,0.0,0.4217370250895535,0.5,0.5367056021442244,0.45617187353113386,0.24483000006478617,-0.779852483204782,0.5399649567093238,-0.42109301233332874,-0.31165413878452497,0.47638646124340883,-0.14846781230742206,-0.9628485698575143,0.5228776213120765,-0.5034519698908319
2022-10-28,1027.36,187.01938738852945,-0.8442887624681749,0.0,0.35550479319149547,0.5,0.5383475692043382,0.45552921617182685,0.2452330462276605,-0.7003101547497947,0.5402302942772992,-0.37832876098586254,-0.3443825727945347,0.47660893046110636,-0.16413580968904729,-1.0460763914825926,0.522961078631731,-0.5470572380209255
2022-10-31,1027.9399,185.83613162355456,-0.6067441911416918,0.0,0.32374136988700036,0.5,0.4469012742160093,0.4551510908975239,0.2034076024829101,-0.6957074009527378,0.5403695978525356,-0.37593912847586364,-0.3088470024595645,0.47670026142273825,-0.14722744681210348,-0.548662674297716,0.5230631347466339,-0.2869852183366347
2022-11-01,1033.75,186.7896585440038,-0.33270393676140425,0.0,0.2833406088342994,0.5,0.6372596045648312,0.455012333170461,0.2899609795083292,-0.5783376857639932,0.5401892504365048,-0.31241180097203436,-0.3183853423264005,0.4769184262733451,-0.15184383641080715,-0.3027866621212877,0.5231712578655058,-0.15840927888689196
2022-11-02,1023.19,185.583584309765,-0.3788711536958594,0.0,0.26590780327892094,0.0,0.15216539645207053,0.45493215529063497,0.06922493176859439,-0.5803349356339447,0.5401767874916075,-0.313483461199893,-0.3050989756882204,0.47702747104570076,-0.14554059279118553,0.02088860911551724,0.523154436285891,0.010927968526624745
2022-11-03,1019.81,184.79431541538727,-0.22722927675882193,0.0,0.2448131339012096,0.0,0.30348726826555317,0.454805503074202,0.1380276797201302,-0.5596580405296792,0.5401605721911538,-0.30230520740389144,-0.31444808927285134,0.4771013770392036,-0.1500236163994238,0.1664173430526001,0.523213901431187,0.08707186732436313
2022-11-04,997.15,178.32681544347713,-0.2827491862045131,0.0,0.35010492631449974,0.0,0.35333886563824274,0.4550400434462534,0.16078333277127585,-0.8478616778634023,0.5400346051508871,-0.45787464642753106,-0.34591398509437776,0.47702261400511753,-0.16500879339064733,0.34278835756462706,0.5232118211849589,0.1793509208423894
2022-11-07,975.19,170.74455944890187,-0.9225120330618897,0.0,0.45609977681039215,0.5,0.1172472132346689,0.4550424734171851,0.05335246191157586,-1.0377478476524833,0.5399458370201523,-0.5603276302165816,-0.40013286477979737,0.4768513254596681,-0.19080388693022052,-0.4293242890027616,0.5234574040725141,-0.22473297782666338
2022-11-08,981.65,171.15473588671372,-1.3155903194498477,0.0,0.3850202086340146,0.5,0.12551598424448523,0.4549558574979277,0.057104232241646166,-1.0107398926446223,0.5400419192105809,-0.5458419114464983,-0.38484884727929075,0.47659479641196306,-0.18341695801845223,-1.2287111600450618,0.5236671588487452,-0.6434356822265432
2022-11-09,985.59,170.96574023911455,-0.9677725699645785,0.0,0.33188862476017655,0.5,0.2199738804125229,0.45450846725184646,0.09997999122173674,-0.9857366894009273,0.5402752227498975,-0.5325691094388325,-0.369685920121739,0.47624957525642064,-0.17606276243625726,-0.6851763098083606,0.5241288762766318,-0.3591206893112254
2022-11-10,947.24,161.94689924564258,-1.1922811162188685,0.0,0.4947741443124504,1.0,-0.7853594456154978,0.45399327474106954,-0.35654790656381075,-0.9633784986421493,0.5403318112405454,-0.5205440490815099,-0.3544819438400184,0.4758796646005176,-0.1686907485415275,-0.27912299521078726,0.5248525365005774,-0.14649841203202021
2022-11-11,954.53,160.05198246806808,-1.6944351860724702,0.0,0.4512658601697441,1.0,-0.5573432921455529,0.4532300675479913,-0.25260473794654875,-0.9410683890543251,0.5405133227548473,-0.5086600019073046,-0.3393717992501873,0.4751035922608425,-0.16123676093578948,-1.4674791397648133,0.5260270244158578,-0.7719336852828275
2022-11-14,941.04,154.60483978020636,-1.5432911398394045,0.0,0.4942442348449504,1.0,-0.6416099207792659,0.4528058303455788,-0.2905247129364166,-0.92035098440909,0.5409153671143,-0.4978319906056503,-0.32430797908815406,0.4740408492809116,-0.15373522983552468,-1.1409316103043496,0.5269371108943505,-0.6011992064618129
2022-11-15,911.9,146.87325433484645,-1.9419222963341531,0.0,0.5899450162983165,1.0,-1.2051616713848463,0.45247763246854644,-0.5453086998100516,-0.8999118782715789,0.5413633609995178,-0.48717931902449085,-0.3092089337198427,0.4730259951266803,-0.14626386357488833,-1.4463011970630664,0.5276704572148978,-0.7631704139247223
2022-11-16,942.9,153.4903322681737,-1.806510698823056,0.0,0.5693559594367255,1.0,-0.8417199937488431,0.45230832214753797,-0.3807169580905754,-0.8811249237899403,0.5419088141875604,-0.4774893626021111,-0.2941294142396584,0.4716663769504975,-0.13873095516899175,-1.5319130311298716,0.5284721824999896,-0.8095734229613778
2022-11-17,969.26,157.86581493834444,-1.5934413840220278,0.0,0.5219985691250916,1.0,-0.5036622047384672,0.45230143563785846,-0.22780713827973773,-0.8627791757735983,0.542557430318041,-0.468107252539641,-0.23097636198369728,0.4703525747770356,-0.10864032657166463,-1.4913263029914916,0.5289832715003654,-0.7888866666309844
2022-11-18,969.33,159.93426649535445,-1.361265672042785,0.0,0.4564952463118457,1.0,-0.04827740042892038,0.4523376608215411,-0.021837686380562712,-0.8421894000409217,0.5432351408130108,-0.4575068773224552,-0.2406463936873034,0.46911768663430253,-0.11289147950347539,-1.4527722089656636,0.5293532076744647,-0.7690296288362918
2022-11-21,960.65,161.14326186196303,-0.9006651487469117,0.0,0.39448095706913455,0.5,0.417284654861228,0.4525800756704332,0.18885472067320516,-0.7701679790669088,0.5437945248264602,-0.4188131302132448,-0.25017033193832494,0.46834219681936506,-0.11716532283902487,-1.0458813556118656,0.5292583268625267,-0.5535414163678473
2022-11-22,952.12,161.08035066389215,-0.5574049694018115,0.0,0.33744035683018064,0.5,0.5305100630226858,0.4525321948247486,0.2400728831962717,-0.6924470870659537,0.5442032684504721,-0.3768319680103006,-0.23523152951390658,0.46780026182025947,-0.11004137109498559,-0.5867565441035388,0.5293584138330255,-0.310604513492797
2022-11-23,946.0,158.46626230590877,-0.44693654178343384,0.0,0.3416466844671094,0.5,0.36820942703433585,0.45287037934836255,0.1667511429006829,-0.775034633292101,0.5444095432094361,-0.42193625068204554,-0.2202993070273012,0.4672573318867541,-0.10293646641807762,-0.16778542170854543,0.5293366174462473,-0.08881496758399358
2022-11-24,947.71,158.84493011951542,-0.11735577653152515,0.0,0.2929214485455753,0.5,0.9661398344045008,0.4536098371392447,0.43825053293796246,-0.6633004018404903,0.5441633394968465,-0.36094376175512144,-0.20552589724881185,0.4668640425451305,-0.0959526512372954,-0.18649011523697856,0.5293036381667583,-0.09870989647707076
2022-11-25,971.46,164.04769981429516,0.3873943709106572,0.0,0.31330227022491636,0.0,1.1427900229824346,0.4539036528840099,0.5187165659111287,-0.2482472239038486,0.5437427603072047,-0.13498263076407932,-0.19059576000073689,0.4673447147356583,-0.08907392108737038,0.17528144913443794,0.5290597339816181,0.09273435685097826
2022-11-28,1005.69,171.17289658256104,0.8119840619433382,0.0,0.35260485145683423,0.5,1.392104903026015,0.45381949769369795,0.6317643478282002,0.28079567567877356,0.5432165530346372,0.1525328590492553,-0.023598158581868665,0.46790303240567266,-0.011041649959646297,0.0731860231221866,0.529178979446258,0.03872850502552894
2022-11-29,1032.16,175.8091525522932,0.9784192853615246,0.0,0.34854208824251415,0.0,1.5908810758908734,0.45377215717942676,0.721897537622929,0.6368550199169435,0.5430167588064752,0.34582294874493186,-0.009734633257760398,0.4680918396862802,-0.004556702390296312,-0.16011955393355526,0.5292576486392554,-0.08474449861603989
2022-11-30,1048.42,180.62851297265323,1.2433796860106197,1.0,0.34598356054630897,0.5,1.6006546560177692,0.45391483706741853,0.7265608973875106,0.9931204733662319,0.5432297806300252,0.539492616885925,0.08203324238195656,0.46804940391925265,0.03839561019843834,-0.11545318187195772,0.5289541394275551,-0.0610694384612544
2022-12-01,1036.28,180.53178255959787,1.268673727649678,1.0,0.2987292526668661,0.5,1.6368532149460482,0.45475090021894776,0.7443604730229942,1.0087895509162947,0.5430418141460326,0.5478149078211462,0.04358436048538277,0.46850425062247164,0.02041945814806392,-0.08317989902290518,0.5280255429311339,-0.0439211113425264
2022-12-02,1080.01,187.52428766661373,1.8552870024836827,1.0,0.33092232573175906,1.0,1.7530886403777235,0.4562926520734412,0.7999214650377747,1.4986584970887302,0.5427623433483377,0.8134153977587771,0.24128667226867706,0.4688817244165526,0.11313491097206889,0.24459548704278114,0.5266459748398027,0.1288152287150618
2022-12-05,1093.67,190.61661516351091,1.8856290752159497,1.0,0.31039534032465765,1.0,1.7519592498108185,0.458243056800133,0.8028231620225773,1.7040955059366807,0.5423626591291881,0.9242377700099174,0.2814926363684193,0.46904511209813243,0.13203274518022406,0.050522747844130925,0.525216840641688,0.0265353980032311
2022-12-06,1048.6899,183.61178118400937,1.7352754253356293,1.0,0.4024621811823964,1.0,1.907738934741783,0.4606936682579733,0.8788832479247504,1.2223235392336989,0.5417957552901803,0.6622497051480882,0.18779706070763197,0.4693500085686792,0.08814255205229983,0.20252857914041528,0.5233825303094626,0.10599992021049079
2022-12-07,1041.02,180.210103278606,1.2820197088842238,1.0,0.40068458659347195,0.5,1.9001102716155251,0.4630491314889919,0.8798444110048814,0.9948737942543064,0.5412654678281899,0.5384908296770635,0.22830568032780024,0.4693928462806358,0.10716505311110312,-0.466606133698015,0.5218117965556011,-0.2434805849088242
2022-12-08,1050.53,184.43275164331777,1.4264977783323094,1.0,0.37948093470190547,0.5,1.8614772105598847,0.4654412576116468,0.866408293898413,1.287334813126456,0.5405459757609529,0.6958636526924841,0.23528049517524546,0.4701328230736561,0.11061308341090588,-0.47404116720260625,0.5197591869994429,-0.2463872516694936
2022-12-09,1051.8101,186.1706843268315,1.5463352093260394,1.0,0.3361770926110764,0.5,1.8240297878162663,0.4660174142419497,0.8500296452184286,1.4004890687863738,0.5407755756902985,0.7573502824209214,0.22083583437318016,0.4707616938410153,0.1039610514503122,-0.31827778871526474,0.5184331914258682,-0.16500576976362288
2022-12-12,1032.0699,184.00484353570062,1.6110104054912404,1.0,0.3251403157047586,0.5,1.7880795599088195,0.4664906026688668,0.8341223115217474,1.247208359792278,0.5400167859481895,0.6735134498627391,0.23388870282514543,0.47337966896611894,0.1107181567182823,-0.014220293453653898,0.516410764339157,-0.00734351261152852
2022-12-13,1047.45,187.21226691595993,1.7797751086191271,1.0,0.3075690887661806,1.0,1.7526830786395764,0.46694419578823515,0.8184051906270051,1.4646423740255619,0.5392408628959757,0.7897950176035544,0.3032800042393064,0.47552248040997114,0.14421645987462153,0.05313963926746781,0.5148405388347256,0.027358440513946067
2022-12-14,1050.4301,188.03348995431773,1.866659659393982,1.0,0.2688514690720321,1.0,1.7180150845143194,0.46812114144207306,0.8042391823775428,1.510933605003946,0.5384526834027032,0.8135662540576948,0.317637810012807,0.4770752137837625,0.15153712611766604,0.1896437461246064,0.5131574271747182,0.09731709684107846
2022-12-15,1055.3199,188.46343736316084,2.0145514727733986,1.0,0.23344103530461066,1.0,1.6856719954660908,0.46926794949392514,0.7910318408317055,1.5334015657671245,0.5375582317874772,0.8242926343139244,0.3328213113251673,0.47856840591613514,0.15927776441580305,0.46896668718507656,0.5116551767295796,0.23994923321196582
2022-12-16,1052.48,189.11102424065305,2.1088968736067386,1.0,0.20644060326998975,1.0,1.5510441636604666,0.4701121859135085,0.7291647622268116,1.5685438506408111,0.5368720214780104,0.8421073078704346,0.3489009710034541,0.4793426514668725,0.16724311654016208,0.7249942910523627,0.5108753152134538,0.3703816869693302
2022-12-19,1038.4,186.0777970499994,1.728913999693315,1.0,0.23807932908215898,1.0,0.8154685648181894,0.4711917787907767,0.38424208360464446,1.3549007501011425,0.5359182177950506,0.7261159952833814,0.3066187825530529,0.48026565636843843,0.14725847085773347,0.9240862308518298,0.5100145789566738,0.4712974499475557
2022-12-20,1023.13,181.24809002392035,1.3056758559685713,1.0,0.3031409718624609,1.0,0.5086926646690234,0.4721643391256203,0.2401865358315002,1.0322707634452253,0.5349742205715116,0.5522382470928686,0.32303727060268056,0.48114137503285614,0.15542659656463456,0.7026081605691059,0.5092802739292603,0.357824476479568
2022-12-21,1018.88,178.9232165401481,1.1430808554821263,1.0,0.3027788097112538,1.0,0.8036088316637011,0.4730204338534459,0.3801233982020247,0.8920710474451636,0.534278454586584,0.4766143406104372,0.3376827124358241,0.481728679373129,0.16267144710884562,0.24313196558432654,0.5086606743115606,0.12367166956081868
2022-12-22,1022.61,180.03328090754272,1.050470420791863,1.0,0.26827529238094316,1.0,0.514491793396055,0.47349902487789275,0.2436113624807103,0.9907894860706352,0.5341017880469295,0.5291824360884246,0.32146010334478853,0.48192384893364015,0.1549192902825262,0.24154565477858583,0.5082158569680251,0.12275733194020173
2022-12-23,1020.34,179.26910246212933,0.9296058155927138,1.0,0.24671732567119703,1.0,0.03723850539527803,0.47340664838823665,0.01762895603016584,0.9588726959054493,0.5342050215080162,0.51223460913962,0.3038593613239874,0.48209376594590325,0.14648870381859802,0.4984989817755672,0.5080322244636982,0.25325354660432997
2022-12-26,985.21,171.1987192672742,0.407339293494372,1.0,0.4050264734152081,0.5,-0.5470308500655053,0.47321953140797524,-0.2588656825337048,0.41954098410655316,0.534108976444074,0.2240806055974906,0.22441992079334394,0.48223059314345534,0.10822215151738152,0.6570580467185821,0.5081776573329372,0.33390221891320465
2022-12-27,1004.57,176.19316748114193,0.11818669853463543,1.0,0.3941226317286008,0.0,-0.42123306640218877,0.4726056094703991,-0.19907711007609152,0.8119815057789371,0.5342856906099449,0.4338300995776024,0.23637631200143502,0.4823228482090541,0.11400969605368415,-0.4534652185022131,0.5084755734566537,-0.2305759870205596
2022-12-28,1015.66,178.28383853074953,0.35015386349343347,1.0,0.35241666779479164,0.0,-0.368967493041185,0.47258671824185844,-0.17436913667425935,0.9872045653733158,0.533991199383789,0.5271585499008491,0.3760293862012009,0.4822457145277133,0.1813385600320156,-0.36153069593234666,0.5088754892325905,-0.18397410976517184
2022-12-29,1009.29,177.04254458084733,0.47611249323910704,1.0,0.323225061725616,0.0,-0.37154916061878934,0.47248990146006276,-0.1755532262883408,0.922287965817157,0.5339413041116373,0.492447639234882,0.39154476295525587,0.482421058787753,0.1888894391076743,-0.05831044216949991,0.5088515489019644,-0.02967135881510845
2022-12-30,1007.09,177.3652398830298,0.55907984578582,1.0,0.27696425825628146,0.5,-0.45829803162121974,0.47209683222460785,-0.216361048943151,0.9735449686722938,0.5340271750006762,0.5198994693561869,0.3743543238237556,0.482597951972246,0.18066262998929944,0.14712160732239887,0.5089585190528612,0.0748787953834847
2023-01-03,1043.9,184.05416598629466,1.332113172983893,1.0,0.3118927075587404,1.0,0.07021059989578832,0.4717265870810735,0.033120206665755,1.4764822648070506,0.5340211942628348,0.7884728223601563,0.5392741412675396,0.48274382765271046,0.26033126310962057,0.4913663924551547,0.5091697045015043,0.25018888084836133
2023-01-04,1046.35,184.39678957323997,1.3967133829604754,1.0,0.26781916585499776,1.0,0.3599159830193518,0.4711438625024861,0.1695722064161166,1.5001385633083584,0.5339788469216143,0.8010422602580444,0.5877814341680487,0.4831584347368028,0.2839915576999875,0.27899178866200125,0.5093603624244667,0.14210735858632717
2023-01-05,1055.8199,185.76438048688254,1.880344041990516,1.0,0.24203272367061626,1.0,0.8012559111459215,0.4710286087594665,0.37741445708736215,1.5967251816493846,0.533877831737915,0.8524561778603019,0.7066124797450045,0.4834974083810442,0.3416453026864128,0.6064357141145986,0.5092511822251943,0.30882810435643926
2023-01-06,1051.4399,183.8085521956892,1.6777695701951696,1.0,0.24599589800837532,1.0,0.32529134351893774,0.47099033368183646,0.15320907842779738,1.4578451543628492,0.5338653574306873,0.778293024412518,0.691088969418859,0.4837565677462352,0.33431882785335015,0.8092442878911003,0.5090535029602083,0.4119486395015039
2023-01-09,1054.21,183.37092211116226,1.6321726161751153,1.0,0.2227638852761036,1.0,0.3766500788271859,0.4703475647054465,0.17715644732248131,1.4357034947128633,0.5340330141916256,0.766713064766961,0.6019594496039935,0.4840031183914181,0.2913502507535145,0.7795042762104115,0.5092375570560811,0.39695285333215863
2023-01-10,1053.35,184.0302061432101,2.1067390151165566,1.0,0.19792598527988414,1.0,0.998988050818929,0.46991125508649473,0.46943572877673395,1.495636125856201,0.5340560440071892,0.7987535126490012,0.7245381676227529,0.4842534159261908,0.3508600826402211,0.9574215392221131,0.5093782321283882,0.4876896910506003
2023-01-11,1055.76,185.21385797020775,2.177037677144432,1.0,0.18271777629049532,1.0,0.8455718467057651,0.4700754607151509,0.3974825754079735,1.5910209568405893,0.5338998542978884,0.8494458570420776,0.7035446362281991,0.4844542390537755,0.34083518138429747,1.1572558528268087,0.5091994668859733,0.5892740633100834
2023-01-12,1056.39,185.61299150968824,2.2309901565484545,1.0,0.1620340667083168,1.0,0.7420640423574334,0.4696873821838875,0.3485381174676563,1.6110813494581622,0.5338356851851099,0.8600527160769496,0.7545899733781591,0.48483917376344027,0.36585477922284304,1.2892167123251335,0.5092584803658896,0.6565445437810057
2023-01-13,1060.17,185.31556451106732,2.1815136238967123,1.0,0.1508876536557877,1.0,0.4960690236634764,0.469773897546849,0.23304027869865138,1.574668012654153,0.5333874884618174,0.83990821643076,0.7703517780245334,0.48470737934465263,0.37339519149976513,1.4421501446033076,0.5097735072999345,0.7351699372675359
2023-01-16,1066.6801,185.53569393352174,2.1776199346969927,1.0,0.1335732473689681,1.0,0.5478542273619925,0.4691396244133852,0.2570201264578905,1.577820053970733,0.5331782817916644,0.8412593853525465,0.6325570777599441,0.4855225024350944,0.3071206953270387,1.5147480395356043,0.5098007770297338,0.7722197275595171
2023-01-17,1088.29,190.13651206832125,2.6440352641326506,1.0,0.1711914078738729,1.0,0.9301644382624185,0.4685483250864912,0.4358269896028731,1.8894672917963318,0.5330664329874364,1.0072115894843021,0.8753410142792746,0.4859968016355229,0.42541293328012203,1.5207239407531075,0.5100095625385247,0.7755837517653537
2023-01-18,1098.28,192.8799650262269,2.5570410670407075,1.0,0.17678008074024762,1.0,0.6272376469131998,0.46791426368778255,0.29349344171264724,2.041834005383274,0.5330138505672154,1.0883258054284193,0.964519164225884,0.48663490480475097,0.46936869166542106,1.383922133943646,0.5100381812832271,0.7058531282342199
2023-01-19,1108.08,194.22995689854784,2.646031645612324,1.0,0.16627643842507128,1.0,0.7783566929305393,0.46687999103659156,0.36339916581868126,2.079267717154093,0.533010817051552,1.1082721847892185,1.0048295856467138,0.48748501621915064,0.48983936685647067,1.341731386441245,0.5101773239154443,0.6845209281479533
2023-01-27,1117.1,196.33968836904248,3.0886497393246795,1.0,0.168506309514158,1.0,1.2944552024827445,0.4650690438127114,0.6020110432770397,2.1558945144425157,0.5328299059397418,1.148725071346411,1.2728779847990663,0.48705944017995323,0.6199672386936202,1.4010845781840424,0.5124218745867183,0.7179463860076085
2023-01-30,1102.5699,195.8114388868313,2.969111067539899,1.0,0.16022449142346615,1.0,1.1903762447933102,0.46460805113275516,0.5530583872081474,2.060256803698337,0.5329791347436775,1.0980738885849144,1.2382266837487337,0.48708739119333033,0.6031246050931396,1.394406890844659,0.5126582429757474,0.7148541866536976
2023-01-31,1111.1801,198.10457877127473,3.1428818607300295,1.0,0.16228441782352981,1.0,1.2187866772414018,0.46358463223401636,0.5650107735406741,2.150443256136572,0.5328611182573432,1.145887598213896,1.4345293955346052,0.4885867442669022,0.70089204691942,1.4271311166110061,0.5122805000511482,0.7310914420560397
2023-02-01,1075.97,191.1277358497207,2.2433900917908947,1.0,0.30205462637567165,1.0,0.45814304383009574,0.4630720858175145,0.2121532549091874,1.6150459105463115,0.532748530436082,0.8604133354303514,0.9295931469180289,0.4892876281895557,0.45483842603678754,1.3978835612159544,0.5121922134857686,0.7159850754145686
2023-02-02,1077.59,189.6176980097928,1.3854068967033026,1.0,0.287364319666001,0.5,-0.07429069442883124,0.46192435430874257,-0.03431668105518597,1.4825332467606813,0.5329296926331059,0.7900859875145304,0.9280966516368294,0.48979398943944324,0.4545761615905919,0.34154593683018525,0.5125560276842228,0.17506142865336624
2023-02-03,1077.15,189.7434368712847,1.5925687202574996,1.0,0.24969046913758242,1.0,0.21443174472335763,0.4599936548026323,0.09863724196100235,1.4661106249766218,0.5331722181160795,0.781689453922337,1.0050730271847443,0.4894385878522375,0.49192152311367476,0.4283254375418096,0.514376410901301,0.22032050126048539
2023-02-06,1089.29,191.30021284669476,1.9377436830809593,1.0,0.23011074972250456,1.0,0.49318942398495413,0.4590431353958893,0.22639521953014596,1.5452173135913183,0.5338245620396174,0.8248749556839196,1.0817432550339068,0.48937547209207954,0.529378616114641,0.6939150265210786,0.5146089623430363,0.3570948917522528
2023-02-07,1065.84,187.32285099474754,1.4648725870326387,1.0,0.2747509667531064,0.5,-0.14262272893819702,0.45800537019969745,-0.06532197576623003,1.2504223633185216,0.5343967803020355,0.66822168497508,0.8829787262127173,0.4893465525881041,0.4320825956808287,0.8347917421940774,0.5149670994745138,0.4298902821429601
2023-02-08,1072.22,188.07260059782382,1.3422606314852188,1.0,0.2432565875415267,0.5,-0.18712980164463303,0.45618302199012634,-0.08536543841866161,1.2872883774057575,0.534892262637136,0.6885605928570531,1.0020651385793566,0.4894273481999161,0.490438083498476,0.48184310215212733,0.5159924308096764,0.2486273935483514
2023-02-09,1064.03,187.56705082894464,1.3543632620392332,1.0,0.22279903188230735,0.5,-0.2919315076807076,0.4546011367097122,-0.13271239523302975,1.2399062298618724,0.5353335047105511,0.6637633475444022,0.9276615500667067,0.4894231600548267,0.4540190472950064,0.7143914392035602,0.516934053471527,0.3692932624328543
2023-02-10,1055.3,185.19840771565273,1.154092592418309,1.0,0.2382892297859514,0.5,-0.6223521527795617,0.4534016779003764,-0.28217551031516463,1.0719161019563852,0.5356960123908849,0.5742211814356168,0.856146888452913,0.4896565408816108,0.41921792388640766,0.8558889198779234,0.5173907350904957,0.44282899741144915
2023-02-13,1043.7,180.51376655841233,0.8816030802598409,1.0,0.299404413018985,0.5,-0.6798886234684437,0.4523172458219626,-0.3075253496329318,0.7589154490496498,0.5361522877284938,0.4068942542004669,0.8265599094902069,0.48973957679349694,0.40479910026820504,0.7289366999283022,0.5177885479784804,0.3774350754241009
2023-02-14,1038.64,180.61652892882233,0.5492534112311896,1.0,0.2599339123128228,0.5,-0.926965279941968,0.45091735019405205,-0.41798472775331985,0.7810911342119741,0.536756261095664,0.4192555567745907,0.8384176330946218,0.4898650411040062,0.4107114882982205,0.26486666440750545,0.5182648945980703,0.13727109391169828
2023-02-15,1048.2,183.40849565236584,0.9352561986156046,1.0,0.25237838756769587,0.5,-0.7129421652438814,0.44940820029975914,-0.3204020554000662,0.9820888016461071,0.5375029005780507,0.5278755795100045,0.8927144484924318,0.48981929401622015,0.43726876091864225,0.5599244613982542,0.5188448328575377,0.29051391358702405
2023-02-16,1058.29,186.09169748979147,1.2443725562556291,1.0,0.24454534313768594,0.5,-0.7007255593999873,0.4476083750274835,-0.3136506289832527,1.162646847472738,0.5382981983726545,0.6258507033382212,1.231607445639333,0.4900702298867037,0.6035741440146439,0.6327242112585402,0.5193389663917044,0.32859833788601667
2023-02-17,1059.3101,186.2681504700545,1.2442801181572112,1.0,0.2132503427758234,0.5,-0.7076412634238681,0.44605529268525096,-0.31564713087269425,1.1677734557573478,0.53931646455142,0.6297994515560469,1.1550610334075795,0.48980961693529945,0.5657600023102576,0.7008901056502755,0.5198643727828715,0.364367795163601
2023-02-20,1086.6899,192.3521106149093,1.8650124207956142,1.0,0.2510580694158924,0.5,-0.31328196775740824,0.4447811762780119,-0.13934192212583024,1.5631276623945458,0.5399615175243949,0.844028784670919,1.3831258698179636,0.48977794619468734,0.6774245478481827,0.9280916434901659,0.5203160849357001,0.48290101040234273
2023-02-21,1082.23,191.4230859497997,1.6259552041336156,1.0,0.23579098265786647,0.5,-0.3814077924504079,0.4429547116893214,-0.16894637874093096,1.4740968816986817,0.5406566779673732,0.7969803230612731,1.3163933101348977,0.490162532059563,0.6452466780819911,0.6771916041442626,0.5207899501012595,0.3526745817312824
2023-02-22,1054.28,185.4476098955565,1.1430979498811191,1.0,0.3237451036193405,0.5,-0.6793970352025223,0.4412575978006359,-0.29978910370633904,1.0613248891577556,0.5413912932365743,0.5745920542852812,0.9407408704523195,0.4904019628950739,0.46134116944543785,0.7807389093336683,0.5212418966079957,0.4069538298567393
2023-02-23,1053.66,185.6241891901189,0.9220535764175888,1.0,0.2789762843700835,0.5,-0.43619731353904634,0.43933752616085714,-0.19163784864825636,1.0760940654094437,0.5421946060523519,0.5834523978699472,0.9622150299452823,0.49068501693757005,0.4721444982662853,0.11134293042995058,0.5217621694101342,0.058094528929612664
2023-02-24,1039.5601,182.45527474647875,0.8234664804848102,1.0,0.2992530565835199,0.5,-0.6670183859573667,0.43808611662081326,-0.2922114944187456,0.8670659908408804,0.5430809988556662,0.4708870643796432,0.838884746514338,0.4905535381981664,0.4115178805430804,0.4468694159443767,0.5220161005824315,0.23327302998083216
2023-02-27,1021.25,177.90591194726974,0.4407438139606701,1.0,0.34437444459492633,0.5,-0.8084715758035337,0.43683191563310125,-0.35316618719316967,0.5770064113118837,0.5437855184390539,0.31376773051789064,0.6719610559796326,0.49051378109703886,0.3296061583185286,0.28817856343930043,0.5223709582032399,0.1505361123174205
2023-02-28,1024.6801,178.4130797763595,0.41463211089900753,1.0,0.29875380615466557,0.0,-0.5919596621590499,0.43545929924000165,-0.257774339662128,0.6339704402685568,0.5445764022723772,0.3452453415084857,0.7279446871425636,0.49036006073496463,0.3569550009989223,-0.05698502552492692,0.5228372133173788,-0.02979389194627249
2023-03-01,1040.55,182.13128556010926,0.9683061040865151,1.0,0.29469048186088176,0.5,-0.3576988023559693,0.43514200612375814,-0.15564977444524214,0.9044499314431232,0.5449481926561723,0.49287835548792897,0.973316372612516,0.49012604118614156,0.47704770053022794,0.29454958422081745,0.522933423657891,0.15402982251360037
2023-03-02,1037.61,181.86056166799426,0.8829513570036602,1.0,0.2619323460597024,0.5,-0.6201747495663829,0.43496194090328855,-0.2697524127706048,0.8949937748005095,0.5451074277331788,0.4878677544187136,0.9864022532457034,0.4899768017278995,0.4833142212625233,0.34704010722371237,0.5230571058347839,0.18152179409302807
2023-03-03,1024.77,179.26734026545,0.8644623763811763,1.0,0.27565000135445056,0.5,-0.6669026523234639,0.4339656878091076,-0.2894128682172702,0.7315016053738391,0.5457072574112104,0.3991857348604553,0.9051224937154009,0.48982414979607075,0.44335085594544565,0.5948365550883529,0.5234020188054878,0.3113386537925456
2023-03-06,1027.1801,180.72738591100622,0.8463143453052526,1.0,0.2515274978129689,0.5,-0.6849842652597387,0.43252492184865565,-0.2962727657990273,0.8461406315421063,0.546389186060315,0.4623220909608523,0.8673363413974895,0.4898727858844273,0.4248844698591949,0.4875186697830391,0.5238374776454918,0.2553805502842327
2023-03-07,1037.84,181.82751054605714,1.0308307064959807,1.0,0.22773267746831555,0.5,-0.7978030859519463,0.4311079332341023,-0.3439392395125324,0.9337572068737913,0.5469462145353776,0.5107149695947476,1.0344670797913356,0.4899151014512606,0.5068010443439614,0.6812825539783123,0.5243843835184671,0.35725393206980405
2023-03-08,1049.1801,184.23092132698048,1.586160516652689,1.0,0.22143570447164285,0.5,-0.0980366976229946,0.4292194113192795,-0.04207925364142795,1.1053315498936287,0.5476632049258728,0.6053494191204271,1.1562988650014425,0.490137983216927,0.5667459936878287,0.8688850631117566,0.5249766359802085,0.45614435748586113
2023-03-09,1055.95,185.67702459855374,1.682827584994395,1.0,0.20592437693443832,0.5,-0.09335130965537693,0.42820573715740773,-0.03997356636559011,1.2030992745529916,0.548047961289748,0.6593561046479418,1.1725169625290708,0.49029338365115843,0.5748773089467567,0.9301486019859511,0.5252577241122015,0.4885677377652866
2023-03-10,1053.0,184.5934512185381,1.7929952421277562,1.0,0.2014941196534739,1.0,0.035420335059476074,0.42723530360157264,0.015132817602804688,1.1212276977399296,0.5483514298224259,0.6148268112121972,1.2386926472575512,0.49046689131607346,0.6075377319964888,1.0569453695042725,0.5255691517687471,0.5554978813162654
2023-03-13,1052.8,183.7235974222947,1.9309772573647996,1.0,0.1942229011603223,1.0,0.3362357476090691,0.4262772651284798,0.14332965492922375,1.0582360007287293,0.5486057174102373,0.5805543203691249,1.3042039907429035,0.4903254893739999,0.6394844600045377,1.0786669325714107,0.5262132405494278,0.5676088220619131
2023-03-14,1040.13,180.17581339238282,1.5605726883307613,1.0,0.24122595955878312,1.0,0.0824966469694761,0.4259929232277949,0.03514298779901853,0.8187286436295743,0.5485370992173317,0.4491030352227072,0.9862919926296294,0.4905094385139561,0.48378553151557047,1.1257686978290373,0.5263435863300672,0.5925411337934652
2023-03-15,1062.1899,185.51465405559082,1.985814872030909,1.0,0.2663434224074016,1.0,0.5278704255321593,0.42547887580589555,0.22459771522660285,1.1872662787437092,0.5485749351013226,0.651304521809819,1.4440198000315598,0.4906574539288503,0.7085190785063327,0.7622623054399394,0.5265819306865638,0.4013935564881545
2023-03-16,1047.4,182.74161398023173,1.4397918807048296,1.0,0.2816120042882177,0.5,-0.04211854998683577,0.4254855694760792,-0.017920835226655524,0.9896134033556573,0.5485253173084769,0.5428280060883837,1.2203931408030402,0.4904361092199607,0.5985248636941707,0.600492067252833,0.5268343470318144,0.31635984614893065
2023-03-17,1045.14,183.46191834849492,1.5979520671012537,1.0,0.24884043916443438,1.0,0.2958104802267369,0.42429279398165176,0.12551025514445635,1.0371982336897017,0.5484463655441416,0.5688476016159202,1.3379784229059701,0.49008803623562447,0.6557272178076248,0.46926673206431957,0.5282006492190003,0.24786699253325228
2023-03-20,1023.1,179.74398432808948,1.2643346969217695,1.0,0.28723111362932197,0.5,-0.018360970840927554,0.4239841787621953,-0.007784761143267284,0.7851291974093046,0.5485761522053358,0.4307031540988599,0.9403476395508917,0.48991631055001694,0.4606916462031901,0.7204241530551584,0.5284729227197871,0.38072465776298675
2023-03-21,1032.4301,181.4218553052924,1.282331558727847,1.0,0.26329869929932076,1.0,0.03129323026362086,0.42341056753927164,0.01324988438605682,0.9084296168291319,0.5486581401232484,0.49841730400234674,1.123597727812382,0.4899235420758693,0.5504769786782407,0.4163585052290972,0.5288408640530756,0.22018739166120274
2023-03-22,1040.54,181.56452154745597,1.2958894815908377,1.0,0.2293448867909359,0.5,-0.2135820207598838,0.4230755375447057,-0.09036132824287234,0.9225569472481749,0.5487731782045738,0.5062745080160903,1.1373689162936138,0.4897872016293497,0.5570687387316552,0.6102776196621249,0.5291158526585649,0.3229075630859646
2023-03-23,1045.1,182.67962436207011,1.5455416646640485,1.0,0.20934819367447438,0.5,-0.22113721618719254,0.4225107169585271,-0.09343284375746352,1.0039624118705124,0.5488909149649164,0.5510658468419898,1.2778050909987568,0.48966520998338103,0.6256966982017396,0.8728263148260746,0.5295577774484103,0.46221196337778253
2023-03-24,1046.79,183.6268240000917,1.8351407297622682,1.0,0.19085782267040774,1.0,0.2988665879494705,0.42185794216085554,0.12607924377299998,1.0708114222953553,0.5490651132454768,0.5879451948471494,1.1712784745018172,0.48959302556605,0.5734497721117322,1.0334028690889925,0.529964194422247,0.5476665190303867
2023-03-27,1052.25,184.90877621458614,2.3560788571063145,1.0,0.17870027012842643,1.0,0.9129423946921457,0.42153081286236344,0.3848333497310928,1.157331921009995,0.549162203459327,0.6355629478756647,1.4489249790497873,0.4896769886585112,0.7095052205331963,1.1813634441876402,0.5300463138987247,0.6261773389663604
2023-03-28,1054.29,185.01199985479164,2.4967694216325502,1.0,0.15906504549205608,1.0,1.1661468002317787,0.4217610162374367,0.4918352595477901,1.1610894822654239,0.549061624801307,0.637509677672362,1.4048885545896164,0.48966986727090195,0.6879315920563067,1.2821250541450429,0.5299739601525817,0.6794928923560916
2023-03-29,1056.33,185.1500096781016,2.3185530748392855,1.0,0.14187921248726149,1.0,0.5249307051275962,0.4223726830288975,0.22171639032899387,1.1674116141907334,0.5486733840418931,0.6405276809278386,1.4249396019814164,0.4896228137100559,0.6976829372890283,1.431552562559494,0.5299323867906506,0.7586260662934248
2023-03-30,1059.4399,185.26385666643552,2.523717599181486,1.0,0.12762975503562926,1.0,0.7194667001178815,0.42199981092308375,0.30361481141520097,1.1692918376794461,0.5486044859802707,0.6414787475710586,1.5770502241134734,0.48975825868488965,0.7723733716204297,1.5207239407531075,0.530175561105139,0.8062506685747969
2023-03-31,1064.64,186.1747774400631,2.6878388114682443,1.0,0.12127805917352959,1.0,0.8476691623233243,0.4215946947258075,0.3573728217181829,1.2271378167195486,0.5480864232472376,0.6725775767972415,1.7359584300515956,0.4901610000802502,0.8508991201718311,1.5207239407531075,0.53066126675256,0.806989292780989
2023-04-03,1079.28,190.1252501499995,3.1139273213842316,1.0,0.1517364515097811,1.0,1.3152862576723947,0.42158889009664113,0.5545100735314696,1.4799685023575335,0.5476040537910112,0.8104367513739971,1.9196932042532358,0.4906823959871,0.9419596610231311,1.5207239407531075,0.5306820086333177,0.8070208354556335
2023-04-04,1078.45,191.71839516400564,3.3032855251510354,1.0,0.14847847423213162,1.0,1.4277633451546294,0.4221171557866474,0.6026834023931015,1.558469975925084,0.5467157772718616,0.8520401242427417,2.151146370404913,0.49124514705351763,1.0567402150632024,1.4921528109936948,0.5306573010606592,0.7918217834519901
2023-04-05,1080.86,193.16664487365634,3.4154378290932357,1.0,0.1441051407418676,1.0,1.302513725745093,0.42312782272960164,0.5511297968499427,1.625096032589623,0.546100665039164,0.8874660241497001,2.3903946117232033,0.4913517708298115,1.1745246254522357,1.5127018869469515,0.5303869781379427,0.8023173826413574
2023-04-06,1070.91,191.13659576586238,3.162169585829712,1.0,0.16687984169867895,1.0,1.2120284251148241,0.4239728115967581,0.5138670991311227,1.4606729835216192,0.5455237619480847,0.7968318209466465,2.1264796632365917,0.49159211346173465,1.045360631883874,1.5207239407531075,0.5300830823172673,0.8061100338680686
2023-04-07,1069.71,191.73479162998328,3.101141909255416,1.0,0.15129635719969736,1.0,1.1332874884417004,0.42461620082376006,0.4812122277832157,1.4762715960075847,0.5450653995447131,0.8046645673143855,2.2357470749313686,0.4916979593789039,1.0993122744311072,1.3510037379384423,0.5299414203096228,0.7159528397267075
2023-04-10,1065.35,191.68610001079838,3.2517424155847934,1.0,0.13822334657316424,1.0,1.3369045985478814,0.4251459138097262,0.5683795272260642,1.4466497562135858,0.5447223287063293,0.7880224240271081,2.276423352897977,0.4917507054168404,1.1194327896149492,1.4644726841020599,0.529820517063737,0.7759076747166721
2023-04-11,1069.46,193.43164986246677,3.3497234160259315,1.0,0.13853143565522846,1.0,1.3530159749361093,0.4258701509545989,0.5762091174900247,1.5292494535919183,0.5442929861418819,0.8323597516513865,2.3095593752810113,0.4916726298898143,1.1355471319310915,1.5207239407531075,0.5297525693943294,0.8056074149534286
2023-04-12,1069.45,193.7864695727852,3.4016411848652526,1.0,0.12481162420647583,1.0,1.2726858695010992,0.4265253765703418,0.5428328197447092,1.5133882251217423,0.5436709487457694,0.8227852121726137,2.5027366185473,0.4914153265238247,1.2298831326065545,1.5207239407531075,0.5301028008687432,0.8061400203413749
2023-04-13,1064.3,192.63150413911424,3.2504030846237044,1.0,0.1343089876601963,1.0,1.1581284246538588,0.4271910716895492,0.49474212288201125,1.401252767816155,0.5432101477936864,0.7611747231017256,2.418739899175601,0.4912539772586555,1.1882155954242135,1.5207239407531075,0.5301886960604203,0.8062706432157539
2023-04-14,1052.89,189.37638525797794,2.707514516480077,1.0,0.18614008152285577,1.0,0.8904511245893475,0.4275924776067126,0.38075020255084263,1.1641672064479318,0.5427601411463818,0.6318635572896685,1.8134769836763307,0.49110072632654583,0.8905998638599195,1.516210335934858,0.5304678867551279,0.8043008927796467
2023-04-17,1053.8101,190.16485485596525,2.4198334260967798,1.0,0.16947027551421873,1.0,0.5477400426554937,0.42788830885810086,0.23437156054572322,1.1965486072523677,0.5425201632028788,0.6491517456867318,1.9251994720108092,0.4909693937313152,0.9452140175849951,1.1140221094020526,0.5305963834026584,0.5910961022793297
2023-04-18,1055.02,191.59620325287548,2.543299982968501,1.0,0.16176060191777494,1.0,0.3727713686411671,0.42766296164223194,0.15942050752850975,1.266035143552607,0.5427943818047272,0.6871967630876963,2.1345547885155662,0.49068838352906174,1.0474012387309215,1.2233108928856569,0.530757534652364,0.6492814736213733
2023-04-19,1048.98,190.0229009371668,2.0859140204739703,1.0,0.17286550721762856,1.0,0.18774119433455808,0.42653327210710035,0.08007786592881407,1.1414820662243628,0.5431958635399164,0.6200483366780708,1.4509053963886616,0.49061045608963344,0.7118293582651516,1.268442443663855,0.5313275844469747,0.6739584596019339
2023-04-20,1049.25,190.0755616914904,2.1175351268943596,1.0,0.15494933192139446,1.0,0.2842153535987093,0.42465303730548376,0.12069291315454396,1.1259438009321294,0.543632317344904,0.6120994377008628,1.558425370412459,0.49056162183221463,0.7645036772140058,1.1649187418426747,0.5324312130508343,0.620239098824947
2023-04-21,1042.91,189.16228940879282,1.9955447971417057,1.0,0.15559297410727038,0.5,-0.04874727122085219,0.4224085387539025,-0.02059126360464034,1.0494831072818773,0.5443790148998573,0.5713165800961496,1.558854310207772,0.49044477943134435,0.7645319583354512,1.2749968739017385,0.5335601492362355,0.6802875223147453
2023-04-24,1041.36,189.05405524496507,1.8560167858962053,1.0,0.14282533259857752,0.5,-0.2069237601762605,0.41942075264619755,-0.08678811923350846,1.0269952084032439,0.5455723297265218,0.5603001684665325,1.4543280613463947,0.4906500450720996,0.7135661288492278,1.2515017087798648,0.5345087450708531,0.6689386078139538
2023-04-25,1034.85,187.81081220694858,1.6342358701204,1.0,0.15146678477071263,0.5,-0.4757208196367349,0.41552157969404263,-0.19767226646880082,0.9323634728734577,0.5470661144395049,0.5100644623502052,1.244655173287333,0.49104644110346235,0.6111834932437581,1.3266949308257026,0.5356620911733944,0.7106601809952376
2023-04-26,1040.8,189.50393083110066,1.8372411801056265,1.0,0.1496398810724469,0.5,-0.5202270160885877,0.4112531405295026,-0.21394499415472376,1.0302897172887369,0.5487155767805821,0.5653360164731922,1.6648522064741829,0.49158254695216796,0.8184122879575154,1.243419309595694,0.536776182160678,0.6674378698296427
2023-04-27,1039.63,190.2948110590666,2.090151932475924,1.0,0.13904708271702104,0.5,-0.3585681629710431,0.4061511970908565,-0.14563288862935847,1.065416910412501,0.5505531341637973,0.5865686192187121,1.9773537052544607,0.49203446952684426,0.9729261814318185,1.256197471036881,0.53836282594689,0.6762900204547518
2023-04-28,1049.12,191.9039254453952,2.478525496315758,1.0,0.1382031158052737,0.5,-0.0035977613991324793,0.40091598126975003,-0.0014424000417076267,1.1521195170328704,0.5525119894008167,0.6365598463833394,2.285710519244487,0.49241813939525614,1.1255253210825351,1.329592000952035,0.5399270816743494,0.7178827288915911
2023-05-04,1040.61,191.28501530249525,2.3925649381136167,1.0,0.1362793120311879,0.5,-0.3854423352921877,0.39599892113376156,-0.1526347489349839,1.0886474450454187,0.5543397177467797,0.6034805174122303,2.4781191182860822,0.49267595463171765,1.220909702292706,1.3312698592811598,0.5414450438567554,0.7208094673436641
2023-05-05,1040.3101,191.23237368930538,2.208902356446863,1.0,0.1257434130760225,0.5,-0.5392537164050419,0.38983040241692807,-0.2102174932710015,1.0638800459440902,0.5566047383339123,0.592160674591381,2.249249784529117,0.4929522604337322,1.1087727655637134,1.321792238994626,0.5433428857995358,0.7181864095627698
2023-05-08,1053.4399,193.06037053731515,2.5146487317848054,1.0,0.12910764521438872,0.5,-0.3687184605167896,0.3832269710599161,-0.14130285879772453,1.163642029292916,0.559059919413302,0.6505456191224288,2.541028625164313,0.4932472953329676,1.2533554967259464,1.3792795910637405,0.5452487513094801,0.752050474734155
2023-05-09,1053.77,193.3149158622703,2.562560081306187,1.0,0.11619221425641887,0.5,-0.1619628196749997,0.3765855272778083,-0.06099285384671035,1.154001448701553,0.5612463351352772,0.6476790838245473,2.5141301635811244,0.49343354731787803,1.2405561650347112,1.3431513586186254,0.547457054318794,0.7353176862936388
2023-05-10,1058.26,195.52587455759885,3.086601854712355,1.0,0.12493688230486592,1.0,0.3630062954350273,0.37095086640811153,0.13465749980322228,1.274567185101241,0.5630036180636536,0.7175859366772052,2.9468224305636515,0.4934454670328515,1.4540961705123636,1.419987818802701,0.5494851697935422,0.7802622477195639
2023-05-11,1057.12,196.17655117934535,3.038347059584517,1.0,0.11627572888543344,1.0,0.4945696350240953,0.36632656654650014,0.18117399631653253,1.2865575497221962,0.5639967597212646,0.7256142892382484,2.8184194955074315,0.4930228550207776,1.3895452263212935,1.3443665027794265,0.5519429011168884,0.7420135477084421
2023-05-12,1066.9,197.68509657510634,3.3485176768829708,1.0,0.11725656922999939,1.0,0.9800356601070456,0.3609622824649965,0.3537559087693287,1.3540098543956873,0.5655659917484229,0.7657819261384347,2.9468224305636515,0.49301260379967926,1.4528205994274854,1.4013201732605005,0.5538771633764501,0.7761592425477216
2023-05-15,1065.71,196.06503218821157,3.1550955690100984,1.0,0.13543645247149602,1.0,0.9031520641538964,0.35746420201979195,0.3228445319153005,1.2079851032802622,0.5668577468901096,0.6847557139222658,2.7959705917275914,0.4929136460068343,1.378172058496333,1.3863868575757472,0.5549124044795453,0.7693232646761987
2023-05-16,1065.91,196.53328789845702,2.904274487574645,1.0,0.12358157307899884,1.0,0.8067435574847789,0.3579461203727568,0.2887707265373927,1.2108422475211815,0.5671272194437396,0.686701597021696,2.54796818534384,0.49179590410750673,1.253080317348337,1.2168196371522666,0.5553179995094566,0.6757218466672196
2023-05-17,1060.4399,194.8200254898962,2.6167648844628575,1.0,0.1425491964330769,1.0,0.6899336616919138,0.35433003102252963,0.24446421575078328,1.0640293852739944,0.5684242951251713,0.6048201533168396,2.1203603019047113,0.49166783280942605,1.0425129544126297,1.3029067515433117,0.5564232130379787,0.724967560982605
2023-05-18,1068.3101,195.0597487020475,2.575780457982393,1.0,0.12760027594497575,1.0,0.7529985529624833,0.34825433985282883,0.262235013972085,1.0578759256772285,0.5703286192939673,0.6033369160758213,2.190685098979971,0.49219884758826715,1.0782526811467308,1.1328639976013737,0.5578391123081,0.6319558467877558
2023-05-19,1067.0699,195.61452924359318,2.741209556280901,1.0,0.1176742815213074,1.0,0.9237363467279691,0.34253163263554104,0.3164089189695215,1.0734048071395357,0.5721835218002108,0.6141845428663756,2.257805201674042,0.4925869596857171,1.1121653998552137,1.2491544291783716,0.559138788827891,0.6984506945897903
2023-05-22,1070.64,197.76961608507975,3.2037116927024734,1.0,0.1252963033601603,1.0,0.9412788063339085,0.3376255578240819,0.3177997820564718,1.2019032537418568,0.5737040880906068,0.6895368101611051,2.9468224305636515,0.4929065255634483,1.4525080057015651,1.3276658627145823,0.5602818568087604,0.743867094783331
2023-05-23,1065.85,197.5598653958963,3.0621129915063694,1.0,0.11861805769938091,1.0,0.7861018014313438,0.3365560657575168,0.26456732957462975,1.1534142996130576,0.5743289782883909,0.6624392562399873,2.891763211875658,0.49218058812693666,1.4232697183448006,1.2690454927778283,0.5609229073331361,0.7118366873469518
2023-05-24,1061.79,196.74805810399636,2.591772825086676,1.0,0.12242131212582044,1.0,0.2394247974677557,0.333892351357445,0.079942108599789,1.061749021280237,0.5754336529138432,0.6109661177929846,2.375203593658776,0.4916649156938675,1.1678042746320132,1.3047628299304475,0.5618341565577601,0.7330603240618891
2023-05-25,1064.63,196.97018601279893,2.3786728700850803,1.0,0.11008041487485357,0.5,-0.09428495685672551,0.33068377501363955,-0.031178505460380132,1.0498729762751793,0.5766230115629947,0.6053809173383984,2.2468143225734396,0.49126167852755187,1.1037737754471724,1.2448769770991124,0.5628641991537955,0.7006966827598897
2023-05-26,1063.76,197.79292424644137,2.547765415822811,1.0,0.1050561192027576,1.0,0.13118730057925435,0.32946509512142236,0.04322163646406666,1.0808745788452536,0.577303564868475,0.6239927475430764,2.3054084379931834,0.49034054341221844,1.1304352262726913,1.330738479073622,0.5636838622605703,0.7501158055429764
2023-05-29,1074.98,200.68901542891538,2.996774423745404,1.0,0.12274842577646168,1.0,0.18498589488425432,0.3278551525911231,0.060648578794482655,1.2594974345840138,0.5779436217930954,0.7279185089825972,2.9468224305636515,0.48968214933009446,1.4430063414925418,1.355445522741886,0.5645383614738587,0.7652009944757823
2023-05-30,1078.05,201.77105433520873,3.029265213971903,1.0,0.11829457540848033,1.0,0.4942212005558695,0.32895619266649156,0.16257712446992137,1.2931381810872047,0.5778853619123072,0.747285625780202,2.9468224305636515,0.4887225539858071,1.4401785844077315,1.2026153093407328,0.5647889845061054,0.6792238793140483
2023-05-31,1075.17,202.58762563789284,3.0771003192495736,1.0,0.11189906041188344,1.0,0.5986742668673972,0.3341905855457657,0.20007130379559748,1.3040571280946216,0.5771198716084662,0.7525972823360733,2.9468224305636515,0.4867823074727152,1.4344610224621295,1.2229750438343507,0.5641739904131916,0.6899707106557735
2023-06-01,1078.39,204.16944998857497,3.254331550803701,1.0,0.11375124621442123,1.0,0.9662333341651286,0.34101897173101503,0.32950389806922237,1.3679061249071358,0.5757040852068684,0.7875091442885349,2.9468224305636515,0.485036230019252,1.4293156422567626,1.257471178382979,0.5630370527455142,0.7080028661891813
2023-06-02,1090.84,205.64590319039584,3.2831746942591,1.0,0.11417796670556168,1.0,1.0189260634955037,0.34808607494153065,0.35467397409777474,1.4179489424815113,0.5739573874472568,0.8138422705602888,2.9468224305636515,0.48379400415256596,1.4256550232089857,1.2269400318552863,0.5615624305209044,0.6890034263920505
2023-06-05,1097.8199,206.01504264718162,3.2574881779405103,1.0,0.10415856363801859,1.0,1.0278209488813594,0.3533882571868562,0.3632198538253244,1.3850750969217418,0.5724660926240733,0.7929085287256992,2.9468224305636515,0.48319288187430665,1.4238836225958997,1.2091545079070591,0.560289167648425,0.6774761727935871
2023-06-06,1108.3101,208.33063619227903,3.4267789786738723,1.0,0.11437070349322973,1.0,1.234125533919487,0.3580131372729474,0.44183315418716684,1.4882321679041592,0.5709736396207928,0.8497413375089807,2.9468224305636515,0.4829213052789918,1.4230833345932097,1.2736717524469237,0.5591088528236715,0.7121211523845148
2023-06-07,1109.54,209.9917780987766,3.5358607621495537,1.0,0.11619935026839331,1.0,1.5969460566023383,0.3630677479166141,0.5797996083149287,1.5360235021439337,0.5692318554868195,0.8743535081967541,2.9468224305636515,0.4828328896778913,1.422822789516675,1.1814323819628607,0.5577000141358139,0.6588848561211957
2023-06-08,1101.3199,207.29791875961223,3.3042571240820187,1.0,0.1527962079533869,1.0,1.3857900309941698,0.36901632165972786,0.5113791398301888,1.2822241478091594,0.5673418934166439,0.7274594758025911,2.9468224305636515,0.48277496355281035,1.422652091511971,1.1565365510022778,0.5557683554231243,0.6427664169372682
2023-06-09,1107.53,209.30708861315762,3.105604204022453,1.0,0.15231541213560904,1.0,1.2110269492882901,0.3744005262391859,0.4534091271033717,1.364886695591649,0.5653536758915377,0.771643710528193,2.9468224305636515,0.48278277334307623,1.4226751055771043,0.8262165565466256,0.5541843203040978,0.4578762608137839
2023-06-12,1116.02,210.88082993980586,3.1260272003999408,1.0,0.14765987365604538,1.0,1.1796960057173203,0.37901282764344774,0.4471199188866024,1.4115158868104167,0.5640726206135821,0.7961974653108561,2.9468224305636515,0.48262118304036017,1.422198927648499,0.8335149310417614,0.552492668581735,0.4605108885539836
2023-06-13,1122.46,211.28921608791282,3.1123231122534687,1.0,0.13325649980537918,1.0,1.2045045237481693,0.3824840530435611,0.4607037721525041,1.376407239150475,0.5627665516323516,0.7745959556185182,2.8936712446234325,0.48325299085813334,1.398375283524451,0.8688826040424507,0.5508777580896423,0.47864810095799565
2023-06-14,1117.42,209.36889756587016,3.023367300042295,1.0,0.1518454612599612,1.0,1.1528239958571342,0.3864003135842175,0.4454515535066073,1.1881252109898008,0.5613516974133419,0.6669561039287096,2.8399494672247125,0.48382551250528916,1.3740400064691194,0.9778481803570199,0.5490828197295669,0.5369196361378585
2023-06-15,1116.97,209.54358490779165,2.819920534912849,1.0,0.13592107012830662,1.0,0.9944030349131925,0.39031858096268557,0.38813398149230516,1.1495078153794085,0.5598715353333413,0.6435767054741445,2.7900953738063428,0.4839603680065089,1.3502955838805757,0.7995482106826155,0.547702137550847,0.43791426406582346
2023-06-16,1115.22,208.86756654937378,2.7366468014216574,1.0,0.1343380738289572,1.0,0.9013961861059686,0.3945980390319687,0.35568916742831075,1.0563473071643357,0.5591169533181678,0.5906216880275741,2.6753135782825375,0.48264967561191,1.291239230718205,0.9131567990318823,0.546561900187026,0.4990967152475678
2023-06-19,1105.4,207.94810119533182,2.374154735917884,1.0,0.13672464027013295,1.0,0.5099240756118775,0.4004560802824138,0.20420219656116564,0.9523329416702889,0.5577976825194243,0.5312091078505933,2.384524333655411,0.4801893596450231,1.1450232128359672,0.9045547015873252,0.5458157674751681,0.4937202186701576
2023-06-20,1111.72,211.05316973198137,2.473479565565561,1.0,0.14963496400676943,1.0,0.3073341067246713,0.4016863040797548,0.12345190144788613,1.118497408808734,0.5578505214883078,0.6239543627872733,2.618462617237258,0.4790379885906608,1.2543430653611733,0.8641813352811073,0.5458695029739102,0.47173023596922814
2023-06-21,1118.46,213.14463129379862,2.535170563491007,1.0,0.1500710639921794,1.0,0.527440268601561,0.4026563972424173,0.21237719831567745,1.2079906853115043,0.5580727811816536,0.6741467213933229,2.5804279223410624,0.4778324109757225,1.2330120954813042,0.7612574182215234,0.5459842339161997,0.41563454830070246
2023-06-22,1125.3,214.94080432045672,2.625147789978331,1.0,0.14751597781535244,1.0,0.6685350579870121,0.4025694936714638,0.26913181979545414,1.2761538478741845,0.5585841149592211,0.7128392676666059,2.5819960364824106,0.4770906487061405,1.2318461640020768,0.7531125510257339,0.5461740585175016,0.4113305385141941
2023-06-23,1129.38,215.07305710363798,2.4579911992092596,1.0,0.13282966780704214,1.0,0.33749226875651506,0.40096142669396173,0.13532138157879425,1.2315101447947616,0.5594474428641718,0.6889652013667154,2.542626065964459,0.4768735681044561,1.2125111644318678,0.770481435968931,0.5466626866904379,0.42119345183188245
2023-06-26,1132.03,215.38534626122208,2.4274263350238687,1.0,0.11963983131133173,1.0,0.2028799512244034,0.39937441857207184,0.0810250625601764,1.1983628532466057,0.5603694204699842,0.6715258975865571,2.5051605166391466,0.47662359442662827,1.1940186100562191,0.8789226681175053,0.5470979214255846,0.48085676482091605
2023-06-27,1134.33,216.0780636847008,2.4162448304827424,1.0,0.11150094627777511,1.0,0.10069620255757093,0.3961476623334864,0.039890565249040964,1.187848857644965,0.5617231297426661,0.6672421779775805,2.4612999264201663,0.47667556634839087,1.1732415363795856,0.9778487768610209,0.548009634574301,0.5358705508765352
2023-06-28,1138.35,216.47098956953968,2.3969714311203107,1.0,0.10188266321240325,1.0,0.11112010872087556,0.3929670734505564,0.043666543925550125,1.156461898141058,0.5629893170917367,0.6510756942770478,2.3804102312787245,0.47664377157952975,1.134607710543192,1.0338681060858546,0.5490269784252192,0.5676214823745207
2023-06-29,1125.39,212.93229266541093,1.9023955751926898,1.0,0.1586032808938485,0.5,-0.2753733022423857,0.38980751566757355,-0.10734258282828023,0.8606862912412002,0.5642102855596669,0.48560805815848823,1.9297930955197071,0.4766009378246209,0.9197411991321706,1.0987646926252648,0.5500621787238651,0.604388900730311
2023-06-30,1120.1801,213.00125314741533,1.5076711964844662,1.0,0.1431504941735131,0.5,-0.4401510086735581,0.3872682089553402,-0.17045649279889527,0.8239901978602205,0.5651482812856219,0.4656766441169031,1.8846224254629922,0.47644558960539746,0.8979200426832695,0.5708090705364087,0.5510266369586829,0.31453100248318894
2023-07-03,1125.5,214.2169504092468,1.716581142098332,1.0,0.13637830583434554,0.5,-0.4090565510959148,0.38585063194056723,-0.15783472873978766,0.8658582161131417,0.565963103423278,0.4900438031159371,2.10831425237408,0.47574447411776655,1.0030188552706987,0.6911201421599624,0.5517900422633291,0.3813532124514837
2023-07-04,1132.0,216.6089739921616,1.815545458794245,1.0,0.1414041445031345,0.5,-0.332059358179286,0.3846095678264709,-0.1277132062420705,0.9831415137788428,0.5666128286751139,0.5570605941101636,2.050381288903204,0.4750715727497226,0.9740778636558484,0.745825925347818,0.5525688947834713,0.4121202072703035
2023-07-05,1134.62,217.1483801095733,1.7830118190252449,1.0,0.12889439902397332,0.5,-0.368162172468496,0.3820513252257821,-0.14065684588959185,0.96857465019672,0.5672285919498826,0.5494032350294356,2.077224707827699,0.47452147057161076,0.9856877230660842,0.7011732318227504,0.5541821752224926,0.38857770681931686
2023-07-06,1126.22,215.66707700834846,1.6775579156964675,1.0,0.14020672383159044,0.5,-0.3400664419508637,0.3817024703699324,-0.12980420098255788,0.819169670941262,0.5676671783148863,0.46501573566436016,1.8989807221301502,0.4737196684036202,0.8995845179923619,0.7982592367219686,0.5546592418278723,0.44276186302230314
2023-07-07,1138.0699,217.90709409868714,1.7603030864755853,1.0,0.14304890480180005,0.5,-0.04711087945478186,0.38249722875167025,-0.018019780835508058,0.9260959092224529,0.5676683941835179,0.5257153776482348,1.8534855743951353,0.4729286095146167,0.8765663554540919,0.6778135110134027,0.5547855392356307,0.3760411342087667
2023-07-10,1149.02,220.38384990527447,1.9663082032276107,1.0,0.14744276152583818,1.0,0.16944373533309232,0.3833874920898187,0.06496260873968526,1.0429575406348683,0.5675094851718094,0.5918882969417506,2.006468699946808,0.47206094947252825,0.9471755195837995,0.6526747064120401,0.5550724953843442,0.3622817779623753
2023-07-11,1151.77,221.06511257781762,1.9401248068654118,1.0,0.13517105189787973,1.0,0.15398780949901786,0.3846515388854008,0.05923164789338916,1.031545811011958,0.5675428892406641,0.5854464899658307,2.0294839650254324,0.47076714219050886,0.9554143663364855,0.6123810602456058,0.5552626048449812,0.34003230266970647
2023-07-12,1154.2,221.39875614414956,1.8942845369151269,1.0,0.12175850322476885,0.5,-0.06549043258215709,0.3860124743865416,-0.025280123929683443,0.9960398204533454,0.5676787065116247,0.565430596909026,2.048854827369744,0.46950142718128185,0.9619402655373536,0.706336058942462,0.5552509933948858,0.39219379839843066
2023-07-13,1165.42,224.29036900550585,2.432134616926241,1.0,0.1330997407343033,1.0,0.8358434693451684,0.38686639679208434,0.3233597512677603,1.1314421117338198,0.5677533725229829,0.6423800747514018,2.172229151620703,0.46856889672916413,1.0178390170178409,0.8076729683498205,0.5553680653763802,0.4485557738892381
2023-07-14,1168.4,225.5233796854199,2.459942616608919,1.0,0.12737785269343863,1.0,1.1108641320485444,0.38842711883063635,0.43148975422391167,1.1464996062080928,0.5674647351475508,0.6505980953836467,2.1045886703728907,0.46781925794459,0.984567110052437,0.7083639591398269,0.555205628228879,0.39328765694892354
2023-07-17,1173.13,226.52113145922308,2.505888109962903,1.0,0.12043040926605962,1.0,1.2147621673170783,0.39018194532201156,0.4739782655473605,1.1437816526619058,0.5671232660592769,0.6486651865162975,2.0745970871212025,0.4674872378973339,0.9698476620081454,0.7453921031041648,0.5546034015782016,0.4133969958910994
2023-07-18,1174.09,226.7043450543875,2.25243614647354,1.0,0.10896479635663661,1.0,0.7395869007931377,0.39271362087250605,0.29044584976034804,1.0874761568315086,0.5665624381559128,0.6161231428508813,1.9420559718860058,0.46705844737187185,0.9070536469383494,0.7924392765956176,0.553750324957565,0.43881350692396104
2023-07-19,1172.98,226.13960267661622,2.0301405428628407,1.0,0.10896724411489929,1.0,0.3170493921826586,0.39393525553336695,0.12489693332617428,0.9860607693069584,0.566133937207338,0.5582424656534449,1.8528453934346643,0.4669938173874976,0.8652673433088938,0.870537326990381,0.5533752380725323,0.48173380057432796
2023-07-20,1172.8101,227.38833510331747,2.2698389047939975,1.0,0.10668976845882834,1.0,0.8654971553368672,0.3940409187800509,0.3410412942904596,1.0069295121777588,0.5658809433281647,0.5698022222161189,1.902651772154355,0.46706290776888976,0.8886580691740441,0.8497505571692905,0.5535004539216475,0.4703373191133751
2023-07-21,1185.9,230.54109002662372,2.3689409648290662,1.0,0.12232058097804242,1.0,0.8079127458478741,0.3939122179378228,0.3182467016171726,1.1457813932770533,0.565403531517265,0.6478288461056182,1.9786266159643155,0.46732096096999126,0.9246536915732458,0.8634131127440708,0.5538620139937336,0.47821172553302965
2023-07-24,1190.72,232.4593538812079,2.386518100480079,1.0,0.12368675982954545,1.0,0.9907394813476533,0.39398362662890746,0.3903351339057913,1.1958947305828134,0.5647166864500716,0.6753417095978275,1.948585596599645,0.46789293329996084,0.9117294305790621,0.7384303029737945,0.5540290325977008,0.40911182639739846
2023-07-25,1195.9,232.24560479975952,2.1474901990831254,1.0,0.11681232244530518,1.0,0.6349277638654713,0.3947643302438923,0.250646833455605,1.1085225890962518,0.5638270742832733,0.6250150481870588,1.8567916555191475,0.4690129900198543,0.8708594061989506,0.7245134316385045,0.5534319913637902,0.4009689112415108
2023-07-26,1200.84,233.20389411003407,2.1779334718233576,1.0,0.11077066154279369,1.0,0.6554633437695184,0.3955665981637556,0.2592794051159487,1.0984048197035743,0.5630212679176926,0.6184252742764109,1.8634478784665707,0.46991766594573353,0.8756670776605399,0.7678651137025232,0.5529118424501528,0.4245617147704582
2023-07-27,1197.33,233.72801164427872,2.1189746129095552,1.0,0.10186109354646555,1.0,0.5242006547064899,0.3958461184359611,0.20750279444715355,1.0609204861505337,0.5621974295423643,0.5964467702626656,1.8377051722275517,0.47085761969260936,0.8652974830918617,0.8136178039322973,0.5527503982020741,0.44972756510787437
2023-07-28,1207.67,235.75759568563984,2.1767696461198067,1.0,0.10664880745275399,1.0,0.5656108325363571,0.3960884064695942,0.2240318933412662,1.1155692633166858,0.5613807996185092,0.6262591650705523,1.7832354504355683,0.4716601798438787,0.8410811532564202,0.8781936090274359,0.5527225767323973,0.4853974344515679
2023-07-31,1222.9,237.32866913816753,2.209770435843068,1.0,0.10676009265087284,1.0,0.7068484531751514,0.3957751106992458,0.27975302480298625,1.137569769633026,0.5607033554921861,0.6378391869397109,1.7601854862136868,0.472211642893934,0.831180080243023,0.8333848073345421,0.553163604375969,0.46099814385734783
2023-08-01,1217.5601,235.04939056351054,1.965226821596794,1.0,0.1317201736321325,1.0,0.452932373072,0.39688856891511165,0.17976368136387155,0.9296558809926152,0.5597811924639294,0.520403877643151,1.708573284805272,0.4730421812235317,0.8082272334245403,0.8267108137501951,0.5525898797584506,0.4568320291652312
2023-08-02,1220.4301,236.39173665726082,1.8968337549634984,1.0,0.1265416579809367,1.0,0.6690211450916621,0.39805059545696536,0.2663042651770369,0.9492031676681916,0.5587667073179116,0.530383128573687,1.631475614747107,0.47414017120691365,0.773548127296098,0.5918357883832284,0.5518392775956902,0.32659823391667653
2023-08-03,1210.95,235.30842300348337,1.7177691646071804,1.0,0.1307983620649182,1.0,0.38300184885070293,0.39942522681813164,0.15298060034895578,0.8267179054259617,0.5578265923215942,0.46116523199501014,1.5865129065068944,0.47507100950022063,0.7537062880793595,0.6350628451155438,0.5509959319383435,0.34991704418385494
2023-08-04,1225.98,238.19804273957394,1.763678179358759,1.0,0.13858830940445643,1.0,0.41811550574162365,0.40090139782101897,0.1676230907024592,0.9439616626590708,0.5566518096151183,0.5254579677264676,1.570945499879671,0.47651249304478316,0.7485751565851452,0.5856371068737931,0.5498660528252423,0.32202196434468716
2023-08-07,1241.42,240.47169983046211,1.7249025289932534,1.0,0.13973809638040335,1.0,0.2858032825275302,0.40284515182708036,0.11513446674248083,1.0173745237825584,0.5554446762082996,0.5650952629449763,1.5821292879513111,0.47780149419865536,0.7559437377985911,0.5263534053730937,0.548546012165621,0.2887290615072051
2023-08-08,1242.23,240.34893571898417,1.724311299127317,1.0,0.12988506841590133,1.0,0.40754649458937375,0.404253545185136,0.1647521152655292,0.9472984304858434,0.5543116657339351,0.5250985709497502,1.5648340588810372,0.4793726293385455,0.7501386172843112,0.519514753540174,0.547283775273458,0.2843219956277265
2023-08-09,1233.99,239.4010840841097,1.5356168503265026,1.0,0.1316390388455747,1.0,0.16426107696238396,0.4058855144473736,0.06667119172655683,0.8352788104305356,0.5531487646885068,0.46203344216013625,1.4172424389856617,0.48083047830007375,0.6814533598046388,0.596109042064224,0.5459720179854379,0.32545885663517066
2023-08-10,1220.61,236.45361496478384,1.1877995464451014,1.0,0.16195636078606196,0.5,-0.2921431464003685,0.40719521223276445,-0.11895929050084562,0.6175315637866657,0.5519094674023866,0.3408215164736616,1.3556884291330538,0.4825908285755963,0.654242802305669,0.5722353932408816,0.544696329252408,0.31169451816661636
2023-08-11,1232.21,237.70510447356386,0.9692335499103586,1.0,0.151687680720935,0.5,-0.5044870894169561,0.40818153896988085,-0.20592231654864904,0.6504432401135322,0.5507212211560444,0.3582128954880186,1.348326824414636,0.4844959005752382,0.6532588190645202,0.3011844121137401,0.5434682052690516,0.16368415190646873
2023-08-14,1236.84,240.15713420017084,1.0474851368716627,1.0,0.15237346495502485,0.5,-0.5046779775554213,0.4089378907470132,-0.20638194764798246,0.7481104607722749,0.549607565943109,0.4111671694016278,1.2901753991623446,0.48633957676676093,0.6274633575835015,0.39683781726409273,0.5423791487878222,0.21523655753451595
2023-08-15,1234.05,239.8147435475372,1.0459863569542465,1.0,0.1433506903515302,0.5,-0.3651143743798773,0.40937405661530024,-0.14946835256844782,0.6813506854055025,0.5484817061686483,0.37370838643038795,1.2343106385645557,0.488399006171574,0.6028360891819299,0.4043871466960221,0.5413382588911295,0.2189102339103764
2023-08-16,1243.26,240.30220448941097,1.0227396844186214,1.0,0.12987904294901978,0.5,-0.4683562942575125,0.4096521402252794,-0.19186315833057074,0.6660471824133873,0.5473363846879485,0.36455185685373803,1.2057939732638492,0.4903876554060782,0.5913064794516384,0.4787233155685297,0.5404886247007458,0.25874450644381575
2023-08-17,1233.48,238.40688697003966,0.9810971640379795,1.0,0.14451954122930347,0.5,-0.4953266332488503,0.4105237135964531,-0.2033433289245464,0.5206610086594358,0.546160855381959,0.28436466185347103,1.1787130404133477,0.4922913835859788,0.5802702735159226,0.5930182404937779,0.5392845207035207,0.31980555759313223
2023-08-18,1177.99,226.0133282583134,0.007386978569839164,1.0,0.4101213394205825,0.0,-1.3169158746911074,0.4108551276227549,-0.5410616397646468,-0.2016912542551546,0.5452708544669028,-0.1099763625462095,0.8335675697815986,0.4940670415433099,0.41183826312844096,0.4580773671989408,0.5383080139062253,0.2465867177522545
2023-08-21,1179.76,225.28127010395593,-1.3360867541946182,0.0,0.36463826094723534,0.5,-1.3727765877775326,0.4116520451076647,-0.5651062898345429,-0.23915925504759855,0.544514718518983,-0.13022573444345278,0.6955057915444317,0.49580146887673526,0.3448327930600057,-1.835809874661156,0.5368679712317938,-0.9855875229766283
2023-08-22,1180.49,227.3076962656298,-0.98350408194239,0.0,0.3285718766929403,0.5,-1.3883156018999598,0.41419314456786854,-0.5750308048035775,-0.12089949695657931,0.5438123349528842,-0.06574663773458651,0.83071210109107,0.49537178001777005,0.4115113321997851,-1.4071041136349105,0.5360214388511886,-0.7542379716040111
2023-08-23,1172.5601,225.8731104616583,-0.9328280347783451,0.0,0.3056584272243496,0.5,-1.4920147791135427,0.41584527187605214,-0.620447291463559,-0.20267196457479666,0.5431144583361793,-0.11007407425997001,0.7420275796518928,0.49514159760420595,0.3674087212552204,-1.0635717639692381,0.535662387447994,-0.5697153903100365
2023-08-24,1189.39,230.7812064323938,-0.47975481787373947,0.0,0.3028368727835257,0.0,-1.243762516734248,0.4169136378157302,-0.5185415554305234,0.07364636143887929,0.5424534662237251,0.03994972403728536,0.9222274865761465,0.4949125634176634,0.4564219694356294,-0.854160051326407,0.535713365669065,-0.45758495591613085
2023-08-25,1183.37,231.27905967511575,-0.5348259555905555,0.0,0.26526766555922365,0.0,-1.341298896282641,0.4173037306759225,-0.5597290333702434,0.09139337812995396,0.5420087356996006,0.04953600933153188,0.8081419350363169,0.49447711116012616,0.39960768944411235,-0.791107574821569,0.5362616090379896,-0.42424062099595633
2023-08-28,1201.72,234.9940828191435,-0.12095660980644415,0.0,0.25870023756643834,0.0,-1.1480323844692828,0.4177135298184647,-0.47954865966257293,0.2881386130834658,0.5416451181546432,0.15606887312850884,0.9134742056922934,0.49426880900767645,0.4515018077067631,-0.4640777946094098,0.5365019267700486,-0.24897863097914322
2023-08-29,1204.4301,236.14752319607547,-0.053927705518674623,0.0,0.2329842096165824,0.0,-1.0680893722587115,0.4177052876837139,-0.44614657851124245,0.33292687849144137,0.5414073479234925,0.18024905833649812,0.8489108759459724,0.4943432454360277,0.4196533575010731,-0.3869785487850543,0.5366797293985419,-0.20768354284500337
2023-08-30,1213.16,239.0357318637355,0.2714787132806589,0.0,0.22457494734211722,0.0,-0.7932754420946981,0.41766944733747124,-0.33132691548608073,0.47011336285564087,0.5409104803140123,0.2542892449042803,0.8810479839297289,0.495056692622653,0.43616870096610794,-0.1633625136599513,0.5365509818617387,-0.08765231710364857
2023-08-31,1224.05,242.13416756576143,0.4913699602500266,0.0,0.2188915462012483,0.0,-0.5882383385723443,0.4174026273136497,-0.2455322280067127,0.6087522624794526,0.5405523415418677,0.3290624609021777,0.9108000419370527,0.49548725963435497,0.4512898168542458,-0.08095454115645376,0.5367220773410606,-0.04345008949968425
2023-09-05,1234.98,244.10330771561283,1.1923810700364421,1.0,0.20518556917880681,0.5,0.8438687977328516,0.41708051452447586,0.3519612323495686,0.6761960356266644,0.5402000251057893,0.36528111542195935,0.9847946816752521,0.49575691074537287,0.4882187691057958,-0.024354088087335794,0.5370780788003802,-0.013080046840881534
2023-09-06,1245.5,246.7377899914228,1.3877347950382823,1.0,0.1985261429861511,1.0,1.0568187714481068,0.4161032312971586,0.43974570569505056,0.7751730386778799,0.5402850875126066,0.41881443303949156,0.9638018813393417,0.4963828289456299,0.4784147044023428,0.09449470916486055,0.5371724231971446,0.05075995190139757
2023-09-07,1243.14,247.29192326358086,1.3934996113002358,1.0,0.17745106869157468,1.0,1.0428331511209674,0.4149858101298942,0.43276096004824505,0.7548497503716504,0.5403073415583117,0.4078508618992616,0.9431727714362274,0.49712844161066166,0.4688780100337005,0.15634819201116626,0.5373249171504892,0.0840097793190287
2023-09-08,1241.48,248.73042142070346,1.5422363552442404,1.0,0.16585811964947392,1.0,1.163105441918641,0.41383419669038196,0.48133280622261254,0.7824842191703908,0.5402132139345764,0.4227083148911243,0.9231534021706808,0.4979031778903912,0.4596410126211083,0.3321380806337128,0.5375903334201164,0.17855422150939518
2023-09-11,1223.63,244.3000673629771,1.0868739735183315,1.0,0.21012073353829558,1.0,0.41885407069825625,0.4126264147950938,0.17283025351455225,0.49142888592654915,0.5400140312459069,0.2653784937598807,0.8351670841389347,0.4985431121074079,0.4163667972562939,0.43168076813271616,0.5381254995269716,0.2322984289876047
2023-09-12,1245.4399,249.11716618095824,1.4229921160203134,1.0,0.21994239175222743,1.0,1.4293971337119173,0.4117427171240029,0.5885438596838065,0.7084705693741125,0.5393215411418747,0.38209343932850776,0.8841396011534152,0.4984261341860421,0.4406782834836858,0.02163911150960129,0.5396031865325244,0.011676533524313481
2023-09-13,1238.39,248.21094241079086,1.213476865237773,1.0,0.20712749750039536,0.5,1.2225379537122674,0.4094288503405591,0.5005423088861133,0.6100747293613351,0.5402345213585795,0.3295834294094858,0.8199805755050865,0.4988029919741287,0.4090087644226051,-0.047505163506021804,0.5401020770548207,-0.025657637480431244
2023-09-14,1223.8101,244.8362319108516,1.0088933265219246,1.0,0.2276903224748923,1.0,0.9950350588373673,0.4073450354729675,0.4053225913389537,0.38713199741127297,0.541216315599936,0.2095221532897731,0.7354080078787979,0.49908314478656113,0.36702974127337057,0.04999453553070041,0.5404358763016331,0.02701884061982721
2023-09-15,1227.36,245.2607651744894,0.8263358401062847,1.0,0.20130542674044294,0.5,0.8929664867687588,0.40545625667737356,0.36205884906360636,0.37680492486259615,0.5419775079673406,0.20421979416685088,0.6754421611247379,0.4992690964971035,0.3372273975207989,-0.1426643481282202,0.5409214120938913,-0.07717020064497138
2023-09-18,1211.8101,243.59737039854826,0.6767455106684106,1.0,0.20080455790559348,1.0,0.483375937842844,0.4037210379673294,0.19514903535434427,0.25713610391047126,0.5425302860337803,0.13950412400415982,0.5946059649082507,0.4995478584771149,0.29703413640763515,0.0832242066370359,0.5414075630517318,0.04505821490227137
2023-09-19,1211.5,244.59245761690164,0.729809010177062,1.0,0.18261587476304544,1.0,0.5720142438367597,0.40267545796556714,0.23033609759979481,0.28329800894598994,0.5426705693874783,0.15373749182105928,0.6037299831407923,0.49962264875554974,0.30163717330994605,0.081365634184305,0.5419763256115342,0.04409824744626186
2023-09-20,1226.11,249.4162674846217,0.9106027553115672,1.0,0.1971833447348076,1.0,0.5222831072246256,0.4015250703925775,0.2097097613932219,0.5059475500987177,0.5426259856993605,0.27454028808449327,0.5906821437630614,0.4997682011577391,0.29520415244446224,0.24164170926400852,0.5427397190197074,0.13114855338938983
2023-09-21,1212.74,247.06525830486882,0.6189336999815881,1.0,0.20567258241790348,1.0,0.18096508475536602,0.40080527095897855,0.07253175982948899,0.33957731970120575,0.5422938446311774,0.1841506902503173,0.5772421112186368,0.4992988773196027,0.2882163380730626,0.13608504609601227,0.5440341459449212,0.07403491182871927
2023-09-22,1193.05,239.81681504672076,0.03993727990096821,1.0,0.2876993311850791,0.0,-0.5356719625172004,0.3996846538025442,-0.21409986289041666,-0.07376440567818378,0.5421287658302014,-0.03998980621251207,0.5420214606970855,0.49879045403761474,0.27035513047923043,0.04339570855877879,0.545487544986238,0.02367181852466652
2023-09-25,1153.2,228.85818320775897,-1.099377440134404,1.0,0.41752804389781767,0.5,-1.263932624075733,0.39869706174300534,-0.5039262234601213,-0.6640431945678897,0.5428286276328596,-0.36046165599622754,0.2873890687962239,0.49864677645811817,0.1433056327445374,-0.6932983422264788,0.5456456050474954,-0.37829519342259255
2023-09-26,1137.96,225.40469285121105,-2.0302882881716635,0.0,0.4046950550905063,0.5,-1.6588427871229912,0.3990694591378938,-0.6619934938519684,-0.8317154268045753,0.5431300050737453,-0.4517296039802812,0.14575119417958465,0.4979064013736054,0.07257045258986258,-1.8124350790306414,0.545749557803915,-0.9891356429292762
2023-09-27,1153.85,230.84462460482573,-1.720276926655163,0.0,0.38868884431842765,0.5,-1.7546270534545283,0.4012903404908694,-0.7041148877152587,-0.5249043412098435,0.5431711634501224,-0.2851129017149707,0.3591484749215871,0.49612900445782093,0.17818397531539168,-1.6661813117470385,0.5456987820773049,-0.9092331125403252
2023-09-28,1152.4301,230.3741041593176,-1.6364234639218673,0.0,0.3436425552035547,0.5,-1.7031694564183752,0.40317815382886335,-0.6866807170964693,-0.548201367186343,0.5430176405408169,-0.29768301295077804,0.30401459468153424,0.49443196202062184,0.1503145325312951,-1.469549314233297,0.5460002319313355,-0.8023742664059151
2023-09-29,1154.15,230.88834759083073,-1.4493740006194156,0.0,0.29947319037170267,0.5,-1.8542811984267906,0.40407534434004666,-0.7492693137575798,-0.5189323763002266,0.5427284181702945,-0.281639347726774,0.35999913702335085,0.4927226029177113,0.17737971184227525,-1.088960716545978,0.547168545131058,-0.5958450509773372
2023-10-02,1155.25,232.17366245040333,-1.1779677512493816,0.0,0.26832958943960233,0.5,-1.728978037204066,0.4039977374195285,-0.6985032150785,-0.45215284902643993,0.5432492644515575,-0.24563170265328962,0.3224048219321321,0.4916692326993691,0.1585165314179481,-0.7164153137962467,0.547656306865499,-0.39234936493554007
2023-10-03,1118.1,223.44959056479198,-1.5871329638057328,0.0,0.36778988467937446,1.0,-2.0419781207834373,0.4034118020034107,-0.8237580733567846,-0.9310570843354511,0.5435719406903103,-0.5060965062256831,-0.014078153870525289,0.490959096540544,-0.006911797705231858,-0.45653624482262006,0.5484046214453554,-0.25036658651803306
2023-10-04,1128.67,226.98637355901909,-1.9253008899367812,0.0,0.34327072426898203,0.5,-2.061812414183883,0.40310009359958426,-0.831116777142308,-0.7265124430138816,0.5440221157114296,-0.3952388363390913,0.06460989959191157,0.49068852030279264,0.031703336027667096,-1.3322559723265757,0.5484296018632859,-0.7306486124830488
2023-10-05,1113.89,224.45411702052044,-1.9603225533576156,0.0,0.33199673354985487,1.0,-2.093498853530721,0.4034817458053837,-0.8446885722641446,-0.8729277536840917,0.5441851344136897,-0.4750343069720176,-0.07729990284737084,0.4897330894262719,-0.037856320233793594,-1.0982110952443689,0.5488410711726968,-0.6027433538876599
2023-10-06,1128.54,228.16304085663398,-1.7304877772283205,0.0,0.3149347250588826,1.0,-1.9259556599148557,0.40351122604134626,-0.7771447296335136,-0.6686040252286161,0.5441020838164771,-0.3637888433749744,-0.042633602302883565,0.4886968052263278,-0.02083490524070901,-1.034365035039687,0.5498245587519329,-0.5687192989791235
2023-10-09,1137.36,230.71027983407924,-1.1767293125137115,0.0,0.29110070112900677,1.0,-0.9572561764129118,0.4028236936313386,-0.3856054687340614,-0.5273022975632761,0.5443460013935801,-0.2870348972042171,-0.029614432247489452,0.4886815509973849,-0.014472026682610117,-0.8900495272295318,0.550100758344156,-0.4896169198928229
2023-10-10,1143.6899,231.1264107171932,-0.8385851207909666,0.0,0.25483133838783045,0.5,-0.49684236856393577,0.40138515539607666,-0.19942515131339014,-0.5187738198610289,0.5449165786186848,-0.2826884549956178,0.05017282882154945,0.48878406229745,0.02452367908835152,-0.6920941919952204,0.5504961578595957,-0.3809951935703102
2023-10-11,1150.8101,233.79606861987173,-0.8687531693406755,0.0,0.24162683062397303,0.5,-1.2632318532883529,0.3989220323578169,-0.5039310182529213,-0.38215810073791096,0.54558262211543,-0.20849881866324207,0.13010043624880627,0.48915122951349255,0.06363878835134534,-0.3989879352246021,0.5513001806734689,-0.21996212077585742
2023-10-12,1151.61,233.9911228799533,-0.6140800490918823,0.0,0.21296884311209363,0.5,-0.7091112379318588,0.3970690658202128,-0.2815661368082178,-0.39471003712538033,0.546051831692952,-0.215532138759907,0.0970535145759594,0.48973392150878103,0.047530398289494236,-0.2982151910257076,0.5516559074251519,-0.16451217181325173
2023-10-13,1154.73,235.255571210794,-0.2746256319434779,0.0,0.19527120688931712,0.5,-0.33345680145813306,0.39463516804651055,-0.13159378087968224,-0.34349883028595124,0.546645566968561,-0.18777211283470133,0.15498800061617293,0.4905053110106143,0.07602243744514918,-0.05665738467172729,0.5521288329048785,-0.03128217567424354
2023-10-16,1141.42,231.7744833836555,-0.3760487212830597,0.0,0.22221680545536684,0.0,-0.29834263180402554,0.3917489713159069,-0.11687541910890738,-0.595538662254085,0.5473005646535701,-0.32593864612469253,0.02965547119112686,0.49138746342494455,0.014572326765279347,0.09442417559426086,0.552750573216899,0.052193017185260815
2023-10-17,1121.65,224.93273598624185,-0.7038716011197614,0.0,0.3002697662184233,0.5,0.18333678321198452,0.3888024790836356,0.07128179582003864,-1.0631235243036266,0.5479656921637559,-0.5825552178506083,-0.14225459862620496,0.49256682631886906,-0.07006989617457432,-0.2215211859669171,0.553122187296868,-0.12252828291461745
2023-10-18,1103.4,220.3348040923678,-1.9784749004263826,0.0,0.32642706896067697,1.0,-1.2239939024703572,0.38430455081728104,-0.47038642689196153,-1.366430685201324,0.5485541270101397,-0.7495611916404793,-0.3142381526776577,0.4942992128613666,-0.15532767151957613,-1.0885408024328749,0.5541359671830605,-0.6031996103743659
2023-10-19,1087.85,217.02150150760664,-2.33828814814112,0.0,0.3300501581972835,1.0,-1.1782419108837294,0.3843614978299854,-0.4528708256733344,-1.5725607694726351,0.5487891308217437,-0.86300425784326,-0.5096507292142003,0.4941840324362098,-0.2518612524971283,-1.3909718861935758,0.5539664890251872,-0.7705518121273974
2023-10-20,1108.03,222.85273139087965,-1.8787693011653013,0.0,0.33267140568820164,1.0,-0.8119135713138177,0.38713788441417335,-0.31432250232558745,-1.1531154439880953,0.5482920128019396,-0.632243987777235,-0.2818517160107102,0.4933442881744813,-0.13904993420605988,-1.4335638877864545,0.5532734771110306,-0.793152876856419
2023-10-23,1093.53,220.02735770165432,-2.1510317569052972,0.0,0.32787072360868375,1.0,-1.2462059911045609,0.38914290679857894,-0.48495222184823283,-1.3367464171972783,0.5479618146535608,-0.7324859924990664,-0.31370712252203936,0.4925756297036179,-0.15452448341880357,-1.4091138043852087,0.5528787360642594,-0.7790690591391943
2023-10-24,1105.9,222.97745910993962,-1.840840898838938,0.0,0.30587315597277465,1.0,-0.9339071069660857,0.39155034898596797,-0.36567165365304655,-1.1202419419245562,0.5474979685454815,-0.6133301874831397,-0.22731959612513442,0.49158550506802723,-0.11174701847303417,-1.3575843085749923,0.5525196737262396,-0.7500920392297173
2023-10-25,1101.66,222.11687727048655,-2.0076052953407064,0.0,0.2798155418237929,1.0,-1.544968383608896,0.39402038169969616,-0.6087490322235398,-1.1898122574633618,0.546957409726551,-0.6507766304030607,-0.2848940722258197,0.4906892804472264,-0.1397944673041676,-1.101775047953546,0.552095608391002,-0.6082851654099384
2023-10-26,1055.45,211.51812612578516,-2.8379481938939053,0.0,0.4213862424978423,1.0,-2.120294102563472,0.3970237492172368,-0.8418071140429461,-1.9663345517326314,0.5464085030948749,-1.074421918995959,-0.9211815501841549,0.48931141192588856,-0.4507446449606876,-0.853662752767639,0.5517102794603348,-0.47097451589431283
2023-10-27,1060.62,213.5552812680431,-3.6142814153253378,0.0,0.3785500072598519,1.0,-2.236136199695992,0.402442976329966,-0.8999173076848342,-1.8116492864911695,0.5456431528130394,-0.9885140284725351,-0.7593356174263058,0.4889022806978285,-0.37124091517481467,-2.4678756030504476,0.5488968578151883,-1.3546091639931535
2023-10-30,1042.4,207.69534420090326,-3.7680918028479375,0.0,0.4128940390424124,1.0,-2.3825860175792766,0.41222704069157123,-0.9821663832198211,-2.2467772603755694,0.5434777084187377,-1.221073356796244,-1.010079720278425,0.485411427010193,-0.4903042384144069,-1.9648732322514944,0.5468789572679813,-1.0745478244174653
2023-10-31,1028.1899,202.07034190574743,-4.229926626204293,0.0,0.4393245033851917,1.0,-2.2677702346395443,0.4179156571355408,-0.9477366878418046,-2.618296161668216,0.5422879617943901,-1.419870488885132,-1.2089057745007794,0.48395536346668383,-0.5850564334954976,-2.3434737520608455,0.5450297938513868,-1.2772630159818588
2023-11-01,1039.66,205.965953677488,-3.903809937138674,0.0,0.4102217783629086,1.0,-1.902621798872428,0.4249236067980266,-0.8084689171494217,-2.25779335776386,0.5405785461624543,-1.2205146508752334,-0.9452326494665516,0.48223413899473905,-0.4558234528652185,-2.614080827118564,0.5428305435425009,-1.4190029162488005
2023-11-02,1075.47,215.17169908251,-2.7812956465209266,0.0,0.43352093155247606,1.0,-1.0473843267818748,0.4303534579002088,-0.4507454667810621,-1.5119325635930643,0.5392792414772105,-0.8153538460591621,-0.6571728162869472,0.48052680224381406,-0.31578915193192825,-2.2155553172561593,0.5413573619250333,-1.1994071817487746
2023-11-03,1076.78,215.92956370675353,-2.912922013071058,0.0,0.3782877482865574,1.0,-1.24300735052888,0.4326005628423634,-0.5377256794559884,-1.4416157130967975,0.5387936310829169,-0.776733364685612,-0.6902640222360409,0.48007816444711393,-0.3313806847789603,-2.344507251083768,0.5404471594467357,-1.2670822841504972
2023-11-06,1089.66,218.26475770721095,-2.240099846878652,0.0,0.3447023445358054,1.0,-0.8003641290120272,0.43537112367279046,-0.3484554301953605,-1.2499631483724696,0.5380776804569125,-0.672577271532878,-0.5990456352889588,0.47965950235932475,-0.28733793131322755,-1.7276442355517265,0.5393061804415052,-0.9317292138371858
2023-11-07,1080.29,216.74909609411532,-2.2196911639944368,0.0,0.32198524128472467,1.0,-1.0285559918311884,0.4357797572661555,-0.44822388045484507,-1.3733634202206721,0.5377666882767037,-0.7385490982924379,-0.6330340018780349,0.4798632817119856,-0.3037697735764651,-1.352516456169189,0.5391050203824493,-0.7291484116706888
2023-11-08,1113.4301,225.68446692101207,-0.9673341310703827,0.0,0.35542635801917005,0.5,0.1701338792817661,0.4368130777467833,0.07431670343806794,-0.6452161158892264,0.5372310761427525,-0.346630148283816,-0.1879760189779617,0.48002201989055243,-0.09023262832078599,-1.1227613510024417,0.5386612723744651,-0.6047880579038487
2023-11-09,1113.89,226.97365002838245,-0.7598882124302176,0.0,0.3168022009608233,0.5,0.9993979431219386,0.4359376401681304,0.43567518091346136,-0.5717404065495527,0.5374804006063196,-0.30729926275507363,-0.2495090967685909,0.4801539799032011,-0.11980278583549185,-1.4257061108856548,0.5390040337806661,-0.7684613447531136
2023-11-10,1101.6801,225.84147626110175,-0.7440119609903325,0.0,0.29317201101907125,0.5,0.8552228338055793,0.4330435273590041,0.3703487126291314,-0.7123694463269216,0.5385690391279603,-0.38366012821240725,-0.33724605752242987,0.48098741627970365,-0.16221110985822987,-1.0537202290506031,0.5395069961416923,-0.5684894355488268
2023-11-13,1100.0699,226.51411295224705,-0.5195527491008324,0.0,0.2598090328884711,0.5,1.1259536531497165,0.43142509334414014,0.48576465991129203,-0.6910959535582317,0.5390493942915028,-0.3725348551628733,-0.373883329716077,0.4813415978182879,-0.17996559932315828,-0.8385378301812333,0.5400077828667854,-0.45281695452609283
2023-11-14,1109.73,228.36085634260965,-0.10067567649157738,0.0,0.24061035678701392,0.5,1.3261632193870685,0.4289101558802177,0.5688048731499189,-0.5586969141177004,0.5397728194268195,-0.3015694085383748,-0.20154170368495378,0.481868591472888,-0.09711661687771485,-0.5007129112427553,0.5408179380741398,-0.2707945242254067
2023-11-15,1122.5,229.93438365108148,0.08979853401344937,0.0,0.22212628339030252,0.5,1.3543458952410983,0.42427795679849994,0.5746191092313284,-0.4508731226275454,0.5406704803038628,-0.2437737877671374,-0.13322985301301166,0.4826789778559247,-0.06430724927221555,-0.3255779300331159,0.5428486450557295,-0.17673953817852608
2023-11-16,1125.53,231.69174275765698,0.2641033163750108,0.0,0.2077773303163372,0.5,1.369637120260733,0.42078674279528067,0.576325142646022,-0.32186757569812563,0.5414287942398811,-0.1742683734151498,-0.11754024997292165,0.4833417408390144,-0.056812109040564863,-0.14909690500785266,0.5442188341268583,-0.08114134381529653
2023-11-17,1101.1899,228.11563487785537,0.004606438475705826,0.0,0.23423855488608322,0.5,1.353662244544024,0.41735390465888417,0.5649562233497578,-0.7597775450883807,0.5422642654918062,-0.4120002124245184,-0.28967681938795464,0.4838343828080224,-0.140155605122362,-0.015018517931437242,0.5455909407691766,-0.008193967327171592
2023-11-20,1103.66,229.15435452163044,-0.09558915066660689,0.0,0.2126164317409293,0.5,1.5762857166858946,0.4122818144397134,0.6498739353506646,-0.6986136678830861,0.5431633124712963,-0.37946131398509914,-0.30073049588155787,0.48513953080857875,-0.1458962516718102,-0.40209923420426924,0.5473910458843277,-0.22010552036036218
2023-11-21,1110.46,230.9317117699129,0.09083988242786802,0.0,0.19989748298979412,0.5,1.561482004755101,0.4062675366303221,0.6343794475644318,-0.5499333444312049,0.5442866394570891,-0.2993213719658584,-0.31150784982325025,0.48668461866789997,-0.151606079103286,-0.1685705431831066,0.5493967826088166,-0.09261211406741936
2023-11-22,1113.8199,232.6590469398255,0.23186086095707387,0.0,0.18857126663477583,0.5,1.4889261654747412,0.40162808868629835,0.5979945700346395,-0.40163698444919993,0.5451669329041936,-0.21895920295305962,-0.26730656621101273,0.4876469574570036,-0.13035123372107943,-0.030527864074167205,0.5510792488644017,-0.01682327240342662
2023-11-23,1088.49,226.026761012026,-0.4009717659336384,0.0,0.27019699875852077,0.0,1.2718056900293786,0.39899507838242393,0.5074442109804846,-1.3154662457056971,0.545695797907463,-0.7178444025707053,-0.5016283209113894,0.48785736046409156,-0.24472306857386472,0.09805063300536454,0.5522809243616424,0.0541514942304469
2023-11-24,1095.61,227.8985480322227,-0.9431778103807269,0.0,0.24961022805345004,0.5,1.2379857028393886,0.39708110803801455,0.4915807346186846,-1.1280969720640874,0.545347062920379,-0.6152043704045229,-0.428661688595531,0.48889028939674384,-0.20956853699076602,-1.1028670359209694,0.5530908239493648,-0.6099856376041226
2023-11-27,1088.0601,225.27871374085296,-1.359707825040084,0.0,0.25598384228581067,0.5,0.6274135272295939,0.3928664823827968,0.24648974544207364,-1.5690338222499673,0.5460334350295729,-0.85674492764073,-0.6108070304386305,0.4903763876962915,-0.2995253451659944,-0.8119865128290856,0.5541068608489784,-0.4499272976754334
2023-11-28,1095.4301,226.77951270254638,-1.2305630580722746,0.0,0.23474618603406322,0.5,0.7870620137985642,0.3900893680510771,0.30702452357969,-1.4202046692222605,0.5461467944790115,-0.7756402275998624,-0.5076985599554955,0.49161949427416674,-0.24959450928904342,-0.9233992789718286,0.5548551492627815,-0.5123528447630588
2023-11-29,1102.8,229.25098425471617,-1.0620371430418667,0.0,0.22435264226411664,0.5,0.35537518864174183,0.3883522742647552,0.13801076272628685,-1.0970054514910836,0.5461854762221338,-0.5991684449409344,-0.5194627909929851,0.4925780551878463,-0.2558759713297753,-0.6214203534742189,0.5551853710111172,-0.3450034894974438
2023-11-30,1094.13,228.3070685806534,-1.466650930462155,0.0,0.2127932317940785,1.0,-0.5903854419247441,0.3884716270199603,-0.2293479931934036,-1.2855353025760972,0.5458529996908023,-0.7017133011195857,-0.5590318369739681,0.49325524950700694,-0.27574538822895506,-0.4683333957991467,0.5548275016280271,-0.2598442479202105
2023-12-01,1102.16,230.0810095058055,-0.8466628350687556,0.0,0.20007270135698316,0.5,0.3494161325170497,0.39137399476809254,0.13675238761961495,-1.0324249556998832,0.5449165798100967,-0.5625854757705709,-0.4809254633576919,0.4937393196810653,-0.2374518110955279,-0.3314405374222896,0.5532755203948669,-0.18337793582227166
2023-12-04,1120.49,235.47125905327323,-0.1975213868453617,0.0,0.21955221193263297,0.5,0.4849313624373371,0.3922337325789376,0.19020643833338635,-0.21454060980159206,0.5441946334584691,-0.11675184851293383,-0.37190099836486107,0.49451401346783613,-0.1839102553141026,-0.15753224672155186,0.5526850734605834,-0.08706572135171163
2023-12-05,1115.97,234.70036503839015,-0.8261862885957536,0.0,0.20633003504560204,1.0,-0.4960010883730132,0.39289173033168273,-0.19487472585727103,-0.402400450060145,0.5438115955372266,-0.21883003079210553,-0.3823595415819782,0.49481888881353386,-0.18919872349284667,-0.40426221246061966,0.5523217396315045,-0.22328280845353035
2023-12-06,1126.4301,237.9677158594224,-0.22252592769788374,0.0,0.20595665300035496,0.5,-0.044030440447112185,0.39520222027180923,-0.01740092782424441,0.059319137787651036,0.5428773801574149,0.03220301811535671,-0.21081416572466483,0.4951749489716073,-0.10438989375520287,-0.24114784907980727,0.5512722785671526,-0.13293812423379317
2023-12-07,1121.49,236.0169858231866,-0.23576197727788906,0.0,0.20928357868431421,0.5,0.35956789236120146,0.39585318643939776,0.14233609593247998,-0.31623450335059655,0.542267171697405,-0.17148358972506153,-0.15992376596666655,0.4960080249961557,-0.07932347130707369,-0.2311622698003031,0.5506565249086635,-0.1272910121782338
2023-12-08,1124.4399,235.6790255327328,-0.2463173630993568,0.0,0.19245916830144838,0.5,0.6903205768183903,0.39539245576772625,0.27294754813521666,-0.42852044835624015,0.5420197815596584,-0.23226655981189614,-0.23122425982280884,0.49690279265851933,-0.11489598043635278,-0.312672154870589,0.5504243608055073,-0.17210237098632455
2023-12-11,1125.5,235.67154506182985,0.023238884936992353,0.0,0.17425924114107405,0.5,1.24589687214605,0.395023175258554,0.49215813847983336,-0.487606380971175,0.5415228903811149,-0.26405001679178575,-0.3026166124712322,0.4980342886768552,-0.15071344933390968,-0.09843716830118458,0.5501558847309292,-0.054155787417145586
2023-12-12,1127.63,236.308274046149,0.01989674983256165,0.0,0.15813967519619798,0.0,0.8865721121178552,0.39457446433034077,0.34981871622912153,-0.43847078985020993,0.5410849826884828,-0.23724995973550622,-0.3434220454836663,0.4981445109409116,-0.17107380689378845,0.14233947078309261,0.5508085691298462,0.0784018002327348
2023-12-13,1114.2,232.89710385712624,-0.4116455188675564,0.0,0.19044923944008033,0.0,0.3363418165062401,0.3948848598200642,0.13281629106269238,-1.0220918237157537,0.5406224746983574,-0.5525658111061681,-0.38459071672878237,0.49797264071217756,-0.1915156548028208,0.3621575959555969,0.5511955519033623,0.19961965597874012
2023-12-14,1110.13,231.20648294696915,-0.758672630163907,0.0,0.19334169278077357,0.5,0.8015410469354987,0.3960612138947647,0.31745932003575417,-1.3080237533292713,0.5397813394091011,-0.7060468135509937,-0.5510845138291399,0.498498758328643,-0.27471494587797013,-0.17317990221716797,0.5507001075165344,-0.09537019077069732
2023-12-15,1102.3,230.59568016311948,-0.955952029136701,0.0,0.18223110562583966,0.5,0.542536048468588,0.3946678403451854,0.21412153055850847,-1.4051997437411239,0.5391719002469936,-0.7576442160594902,-0.5603230180180145,0.5000037551182199,-0.2801636130881813,-0.24007587772103126,0.5509330291868434,-0.13226573054753796
2023-12-18,1091.88,228.91795982874493,-1.4096005914270378,0.0,0.18645179699584802,1.0,-0.34775047438531964,0.3934093545006282,-0.13680828965521583,-1.6577355683758759,0.5385945765138703,-0.892847386421385,-0.664611151028454,0.5015488706862712,-0.3333349722438239,-0.0845925663751898,0.5509933686121539,-0.046609943106613046
2023-12-19,1096.3,230.39170243483505,-1.3677023764782619,0.0,0.1752159935487099,1.0,-0.5317129358555656,0.39462750079228226,-0.20982854701560893,-1.412738205726548,0.5376774186245756,-0.759597431647365,-0.6098607304623395,0.5029536897901976,-0.3067317046441788,-0.16652481609797604,0.5497360412471386,-0.09154469317110912
2023-12-20,1100.76,231.67770816703356,-1.3503069527800242,0.0,0.16405802422542914,0.5,-1.0014164275344974,0.3957251120812463,-0.39628562802609024,-1.210221581245863,0.5368892241420322,-0.6497549257950348,-0.6190897181039777,0.5044374663954873,-0.31229204887186696,0.01463583528273064,0.548356124398145,0.008025649912967803
2023-12-21,1102.4301,232.57745236134383,-0.9014543212212075,0.0,0.15144447867973823,0.5,-0.4342447713875156,0.3971188789019563,-0.1724467967824465,-1.081447053816186,0.5362922777255308,-0.5799717037306471,-0.4996556756863959,0.5060955762222674,-0.2528735270992329,0.19003924987354884,0.5464013695076784,0.10383770639111897
2023-12-22,1103.0601,232.836980825441,-0.7879610602098293,0.0,0.1358838693831378,0.5,-0.3721795103064726,0.3972561260873749,-0.1478505904734455,-1.063741490016774,0.5360476496727767,-0.5702161255829092,-0.5423963186106192,0.5076025630463564,-0.27532176151365845,0.3768326507514429,0.5451422984461157,0.20542741736018397
2023-12-25,1117.66,235.6998224107161,-0.45903546814890195,0.0,0.14310224911631234,0.5,-0.5070599672848488,0.39771931397083615,-0.2016675423306047,-0.6528860238538229,0.5359919211741153,-0.3499416342331398,-0.45411283523257095,0.508614850808806,-0.23096853194217795,0.5948402981473287,0.5439144613515849,0.3235422403570205
2023-12-26,1122.25,236.46191749263363,-0.40275064192346677,0.0,0.13221233621669137,0.5,-0.3444259379648753,0.39892353676093056,-0.1373996133251489,-0.5809570822364752,0.5360508975777202,-0.3114225653869959,-0.4316565990894651,0.509077302296702,-0.2197465769830339,0.4899511014028101,0.5425400882060092,0.26581811377171194
2023-12-27,1121.99,236.50602130027832,-0.3115671406642901,0.0,0.12174821900713236,0.5,-0.2882654903341186,0.3995148104157769,-0.11516633272024636,-0.6236647522320575,0.5362768514015775,-0.33445696965715277,-0.40924300003151465,0.5094628665376612,-0.2084941119065276,0.639959785041576,0.5415188293388193,0.3465502736196367
2023-12-28,1128.9301,237.49080903433756,-0.27863788565904113,0.0,0.11537359927556058,0.5,-0.4977114953904866,0.3999328196804874,-0.1990511617389092,-0.5291301143187997,0.5366285160254723,-0.28394630803128607,-0.4209233546939151,0.5099068933847432,-0.2146317201450586,0.7752739445986636,0.5404429068915918,0.41899130425621267
2023-12-29,1129.9301,238.68800858630706,-0.03984728300580137,0.0,0.11144564630484076,0.5,-0.21662830833615906,0.4006701890315724,-0.0867965052506386,-0.39827124082337506,0.536870364566811,-0.21382002625732155,-0.39865171679213757,0.5100252118186552,-0.20332242629878053,0.8601551346439583,0.5395441544309789,0.4640916748009393
2024-01-02,1131.72,237.65768133330562,-0.2574968159410475,0.0,0.11701376699284327,0.5,-0.5499136757403678,0.40094059357400014,-0.2204827155658033,-0.6212192740609418,0.5379527129936686,-0.334186593845041,-0.3770401958009756,0.5097624601695965,-0.19220093779433167,0.9087503020770215,0.5385125376526714,0.4893734312641285
2024-01-03,1144.17,240.13402907465812,-0.02929952366039118,0.0,0.12324467440736674,0.5,-0.48093153407091244,0.40153869199984465,-0.1931126191323129,-0.2826920289557659,0.5390297265725166,-0.15237940707225642,-0.209926649139991,0.509787211049044,-0.10701792098994721,0.7881537815236604,0.5369642745556256,0.42321042353412536
2024-01-04,1150.72,240.60703603141667,0.0020004352076499754,0.0,0.11274886261650013,0.5,-0.3089275964331439,0.4019516172040564,-0.12417394698526428,-0.2758150977486481,0.5398290966176726,-0.14889301505116778,-0.18549875994436174,0.5097548074461522,-0.09455888465693812,0.6897531661938993,0.5358819647623234,0.36962628190102015
2024-01-05,1154.6801,241.20169039451048,0.35457915281045216,0.0,0.10448959219549592,0.0,0.3033407166415773,0.4023011445635299,0.12203431749762794,-0.24366223622661418,0.5405165341125127,-0.13170346741931382,-0.16037053434971688,0.5096881662478663,-0.08173896357289764,0.8336376038315049,0.5349893817831889,0.4459872663050357
2024-01-08,1160.1899,242.23805230541277,0.7583123313629581,1.0,0.10059208615712463,0.0,0.9994224039134834,0.40207525658240195,0.4018430194877148,-0.14337107713750202,0.5412391039370031,-0.07759803332038455,-0.13504088619750287,0.5097919405252608,-0.06884275542487589,0.9411986489104123,0.5343293907218232,0.5029101006205038
2024-01-09,1158.59,241.75930769261367,0.646405792711703,1.0,0.1004430097936828,0.0,0.8753718865807436,0.4009467712346457,0.35097753155412964,-0.2858919610354524,0.5421334339551055,-0.154991590576309,-0.14591065989444044,0.5096963167364162,-0.07437012592077621,0.9820871039408755,0.5343619476814272,0.5247899776546585
2024-01-10,1161.54,240.65295750790142,0.13444132783953922,1.0,0.10841000266289488,0.0,0.01963981854202722,0.3999190746593883,0.007854338057805823,-0.5221682719438572,0.5426679735961117,-0.2833639980119564,-0.1937236580769306,0.5101031281074134,-0.09881904397345329,0.9523938916030636,0.5342012755990952,0.5087700317671431
2024-01-11,1162.22,241.7034812744196,0.5094348965583625,1.0,0.10413742319892771,0.0,0.9819632147987465,0.4000675448870335,0.3928516125139132,-0.40784531241292243,0.5430727367420684,-0.22148966997950964,-0.16789400236875512,0.5106899024254979,-0.08574177168752588,0.7949750025352053,0.5331170469007499,0.4238147257114848
2024-01-12,1154.7,239.2922212753145,-0.0605043830297643,1.0,0.13042695032818144,0.0,0.1369626621255238,0.39859429557649134,0.054592535830204146,-0.8420340734698271,0.5436168388974193,-0.4577439012635847,-0.21622341288279878,0.5112597257320293,-0.11054632276730303,0.8500776599683221,0.5331198859970129,0.4531933051709193
2024-01-15,1154.12,237.76758628274433,-0.6327659416140685,0.0,0.139756040890526,0.5,-0.275506415331484,0.39831547173658255,-0.1097384677892149,-1.1122596920410026,0.5436175732861294,-0.6046439146513074,-0.2648110190159032,0.5125054853301617,-0.13571709982152017,0.40842152309561974,0.5321304788266308,0.21733354064797397
2024-01-16,1163.12,240.78936633894835,-0.23648744217044337,0.0,0.14722082549457394,0.0,0.3263626068106415,0.3980684538548816,0.1299146582891607,-0.6581274183384502,0.5434652157631579,-0.35766935940695593,-0.2755438502246042,0.5139149465488502,-0.14160610306004184,0.25018020060818247,0.5311106222010435,0.1328733620073937
2024-01-17,1162.53,240.94406909376463,-0.5028656731296824,0.0,0.13350666723366927,0.5,-0.24098949753110316,0.39666094381576744,-0.09559112154037494,-0.6752385687793564,0.5435874427619918,-0.3670512068570376,-0.24822804066133866,0.5151105792167091,-0.12786488980289099,0.16508720939825378,0.5308802867894878,0.08764154507062119
2024-01-18,1169.0601,242.04267444047937,-0.26003002896636396,0.0,0.1262888452134389,0.5,-0.1775851770596627,0.39628367502171485,-0.07037410659458507,-0.5443008698636159,0.5434617437209077,-0.29580669984488756,-0.18301311373165183,0.5160704891566733,-0.09444766712557945,0.378231995549436,0.5303582112541543,0.2005984445986881
2024-01-19,1181.5,242.84710588270687,-0.15992736747481284,0.0,0.11780037142480836,0.5,-0.18497621760022182,0.3957763924247428,-0.07320922008619,-0.4608309538639469,0.5433156143494755,-0.2503766528098451,-0.19397473944408392,0.5172475970963349,-0.10033296787484007,0.4983419031175773,0.5297396659694038,0.2639914732960624
2024-01-22,1182.86,243.33488566369272,-0.19228441197302631,0.0,0.10807484039335519,0.5,-0.4195885575130508,0.39494289933195303,-0.16571352143071622,-0.4277796156874288,0.5433862803342817,-0.23244957417122047,-0.2434079278515657,0.5186525874433442,-0.1262441515844374,0.6279324856462526,0.5289148798720538,0.3321228352133478
2024-01-23,1177.5,242.7492520586075,-0.1584372352472257,0.0,0.10823020697286005,0.5,-0.3220027324442242,0.394660873267706,-0.12708187958102501,-0.5624779973875872,0.54373846206433,-0.30584092124455087,-0.253668009806119,0.5197179564493158,-0.13183581967300118,0.7699617419136486,0.5277163307380542,0.40632138525135136
2024-01-24,1172.97,241.783815623048,-0.28225130250942615,0.0,0.1129330207542614,0.5,-0.2348181839532057,0.3942336291755995,-0.09257322485629581,-0.7486621009496897,0.544172144825491,-0.4074010612233509,-0.34069978523776895,0.5209613293589268,-0.17749141302976898,0.7508429734651657,0.5263609177509669,0.3952143965999895
2024-01-25,1170.37,241.75610384206064,-0.4483758886311655,0.0,0.10587445201842925,0.5,-0.5270107334848962,0.39326759244194887,-0.2072562423486707,-0.7797718713225905,0.5445511215336759,-0.42462564706912986,-0.30998403456221535,0.5224845687244974,-0.1619618746097188,0.6578078941540074,0.5251804948930456,0.3454678753963538
2024-01-26,1175.67,243.00477975989656,-0.35736369107425237,0.0,0.1032862231072272,0.5,-0.6063280849990216,0.3926233727739706,-0.23805857773989858,-0.6063120183581955,0.5448722607844546,-0.33036260018361574,-0.35680797780525353,0.5239719525311655,-0.18695737280931543,0.7597938239743139,0.5238458738406815,0.3980148596585774
2024-01-29,1175.6899,243.3427437375359,-0.20722218316588686,0.0,0.09433257675328728,0.5,-0.2789137168273547,0.3918894063048453,-0.10930333089774978,-0.5914955169143652,0.5454062362838558,-0.32260534365903765,-0.3670118351383495,0.5253351493359067,-0.19280421722045002,0.799067045631736,0.5224726897369241,0.41749070861135057
2024-01-30,1179.65,245.2042302132764,-0.05422492113435934,0.0,0.09793214713774281,0.5,-0.5399758746828026,0.39200164577373214,-0.21167143155376916,-0.33923726306348184,0.5456692312494079,-0.1851113365470033,-0.2580939259149803,0.5262108528998773,-0.13581182488399954,0.9177687263365657,0.5212311752655909,0.4783696718504126
2024-01-31,1164.3101,242.4905478431347,-0.511630598869887,0.0,0.1297731108573141,0.5,-0.8243911000944523,0.3925231198220429,-0.32359256656260044,-0.8194428846794074,0.5465683510244626,-0.4478815462379525,-0.3483019418482784,0.5262186630510794,-0.1832829821774959,0.8523514603832834,0.5198870615050013,0.44312649610816174
2024-02-01,1173.02,244.85792116371533,-0.5152882968739132,0.0,0.1325264229308681,0.5,-0.6015090322821326,0.39325777031586623,-0.23654810086012587,-0.47538238993106935,0.5472665784426797,-0.2601608939894801,-0.35783573623295467,0.526680707671075,-0.1884651787891727,0.3278849527593294,0.5181264810574068,0.16988587676486538
2024-02-02,1172.55,244.83163931846593,-0.5205405900661928,0.0,0.12288874122845453,0.5,-0.37293757942626055,0.3933514071433666,-0.14669552164396063,-0.5290175279633381,0.5475736087766543,-0.28967603689298965,-0.44916056128595566,0.5269511758841952,-0.23668568593043943,0.29474347534781054,0.517455574618642,0.15251665440119686
2024-02-05,1186.0601,246.00929743303433,-0.2180886587105134,0.0,0.11743077980611649,0.5,-0.07027291164365407,0.393928138608252,-0.027682477278366806,-0.3905740927784953,0.5477771631404532,-0.21394756853836033,-0.3775610379866345,0.5269534260449376,-0.19895708250813984,0.43053218421054057,0.5167986918848941,0.22249846961435363
2024-02-06,1188.48,246.70932345967293,-0.094664733654228,0.0,0.10921013245911275,0.0,0.0769023796058879,0.3941881264210238,0.030314004934163304,-0.3347236704160275,0.5482596729889073,-0.18351549008393803,-0.38795056790958,0.5267259027166804,-0.20434361309162236,0.5091418147797757,0.5163205161235389,0.26288036458716907
2024-02-07,1198.53,248.31218677707625,0.24909923567015996,0.0,0.10864271380842996,0.0,0.43492112427296054,0.3945695108121901,0.17160661524626977,-0.1432814737367724,0.5486833885481307,-0.07861616452606228,-0.31651870266512594,0.5264675373480353,-0.16663682191670387,0.6256670883907827,0.5158423910337986,0.3227456068666563
2024-02-15,1202.5,249.68264828497365,0.5935807454601338,1.0,0.10634309735811434,0.0,1.0666356632907856,0.3951833803573485,0.42151668702895523,-0.0016984114508743519,0.5490094505188327,-0.0009324439373994212,-0.2863542048951087,0.5258598943232788,-0.1505821919251684,0.6275218352770096,0.5156453147975445,0.32357869429374647
2024-02-16,1209.7,250.91024637066965,0.7491645984439679,1.0,0.10324128396321054,0.5,1.0661604460078253,0.3947658234930006,0.42088370644394396,0.1107885154001668,0.5495533229913132,0.060884196787435944,-0.13083476478519787,0.5251618782974586,-0.0687094308212007,0.6512460640854315,0.5160969786524463,0.33610612603378864
2024-02-19,1224.97,252.972611633417,1.1084879283197664,1.0,0.10674151763864435,0.5,1.4462275862152698,0.3945591059879473,0.5706222634722038,0.3499771549446125,0.5502542834915981,0.19257642863247576,-0.016848484066482095,0.5243890787264608,-0.00883516103756,0.6858968734687754,0.5162939371071035,0.3541243972526468
2024-02-20,1230.0601,253.3059389375889,0.9354262230164603,1.0,0.09723283354644092,0.5,1.162852477998036,0.39416315619606335,0.4583536029181192,0.3070480310460054,0.5510435581453718,0.1691968395491214,-0.028888494891097165,0.5234854118162107,-0.015122705644816497,0.6251525261935722,0.5166714884137297,0.3229984861940361
2024-02-21,1230.04,253.711548537947,1.121723440844448,1.0,0.08938618584939129,0.5,1.525619885113199,0.39455392397218214,0.6019393121614024,0.27731982659327864,0.5515836856352111,0.15296509205203826,-0.041035194818145944,0.5225200533323309,-0.021441712184880207,0.7513162448631909,0.5167740634792038,0.3882607488158877
2024-02-22,1227.3101,253.54876210639134,0.920088319796563,1.0,0.08678244225978146,0.5,1.1629874717559008,0.3945261472264871,0.45882896650452853,0.16721541861249375,0.5522976687474307,0.09235268587830603,-0.13727308729639173,0.5214945819803954,-0.07158717127679014,0.8519062022709251,0.517068472463629,0.44049383869051856
2024-02-23,1212.0,249.0864813057117,0.015359375234439199,1.0,0.15222917215247384,0.0,0.34576072378851314,0.3948965379088778,0.1365397127689516,-0.6088970190360964,0.5529660995081003,-0.3366994096184997,-0.44610544229098464,0.5205392493286578,-0.232215392051578,0.8659672402503292,0.517033951545484,0.4477344641355653
2024-02-26,1224.17,252.41333218530087,-0.294414961678354,1.0,0.1585710745407685,0.5,0.16274502558125975,0.3958543106389346,0.06442331991138536,-0.13901606699797137,0.5535003145375915,-0.07694543680915605,-0.37126401286033855,0.5201510804719374,-0.19311337742965234,-0.17201330389251612,0.5161197729589887,-0.08877946735093095
2024-02-27,1237.46,255.18331783861154,0.03247698296443652,1.0,0.15942602438300585,0.0,0.4337500231863076,0.3966015755639929,0.17202594259660806,0.21993709703693268,0.5535045783220217,0.12173619015279699,-0.2527422036165267,0.5196789515293265,-0.13134480338264817,-0.2518140261305583,0.5160171115128831,-0.12994034640232036
2024-02-28,1254.55,256.3190953143422,0.18507319444411804,1.0,0.1483617794274562,0.0,0.5468975916040438,0.39629164452289367,0.2167309459623764,0.30369003605559597,0.5539568757955121,0.16823118358358438,-0.1338685684891301,0.519353356508091,-0.06952509037576297,-0.2525952987371395,0.5160976683962017,-0.13036384472607973
2024-02-29,1252.73,257.0455548054008,0.1690789525310736,1.0,0.1360181864417002,0.0,0.3439060852625506,0.3963696631208115,0.13631393916071427,0.31796328745654984,0.5542055065560676,0.17621700479108973,-0.19041374599745076,0.5190741810930529,-0.09883885927248734,-0.08645089916225349,0.516051684604366,-0.044613132148243084
2024-03-01,1258.28,259.5495538783354,0.5468665055182895,1.0,0.1378375644439093,0.5,0.5551694317467143,0.3966553920601078,0.22021094860928023,0.6088949911566789,0.5543076229715573,0.3375151351873461,-0.11351377792139819,0.5186618002536093,-0.05887526041030079,0.09302893171363931,0.5161370903383614,0.04801568213196391
2024-03-04,1261.41,260.85449400198877,0.517301321369768,1.0,0.1307610520583868,0.5,0.35107458244867484,0.39665750307963055,0.13925636726881524,0.6965404095913408,0.5546104211785063,0.3863085699313028,-0.08079491465774642,0.5181301620160912,-0.041862282221694413,0.06507030033263471,0.5163441112088055,0.03359866639134431
2024-03-05,1269.98,262.3908336642236,0.7112687022245233,1.0,0.12619006403990365,0.5,0.4999929251676003,0.3971082590733381,0.19855132006229156,0.8137514735204978,0.554628491133257,0.4513297519161382,-0.04785068898620367,0.5176287082070464,-0.02476889032674575,0.1668144501173959,0.5164811592293505,0.08615652057283929
2024-03-06,1262.73,259.8736264981179,0.29824660776043715,1.0,0.14708142068802005,0.5,0.17806431271896658,0.3979619961948805,0.0708628293407094,0.29374174370012934,0.5546484665940626,0.1629234077179429,-0.10618199850476118,0.5168748278733681,-0.054882802200398664,0.23103556306172934,0.5165575867222518,0.11934317290218353
2024-03-07,1268.46,261.75142487508936,0.31541744052607423,1.0,0.14267726982738677,0.5,0.19807600389542787,0.39885631008617983,0.07900386403034615,0.4846313990181991,0.554575805927504,0.26876484868829154,0.06647602696093091,0.516287937716776,0.03432077086726382,-0.12907611897552013,0.5165327528361148,-0.06667204305982728
2024-03-08,1247.35,258.3969299434907,-0.09290713410853035,1.0,0.17208247641061047,0.5,0.28429532135624946,0.3997081215044171,0.11363514885180107,-0.15170094572222742,0.5544715827684316,-0.08411386348207137,-0.179947186335819,0.5158907124475642,-0.09283308216172026,-0.05731275904033951,0.516383049989081,-0.02959533731653979
2024-03-11,1235.49,256.48242581833836,-0.8790096027506302,0.0,0.17831442172644915,1.0,-0.5096473685638004,0.40068963930469176,-0.2042104202824145,-0.5298552609944871,0.5544453006871393,-0.29377575950275103,-0.19192145595854504,0.5153404755706975,-0.09890489438589728,-0.5465295261974467,0.5161999764997974,-0.2821185285795674
2024-03-12,1245.0,258.0443548003536,-0.9669200495854888,0.0,0.16744557171534064,1.0,-0.7145127808648996,0.4015321072077017,-0.28689982252751794,-0.3439516042117835,0.5542126311457046,-0.19062232355699857,-0.29893076172933997,0.5151490931351039,-0.1539939108150553,-0.6500251470452653,0.5159861802432095,-0.33540399268591703
2024-03-13,1270.51,263.92663555104707,-0.030432948995329168,0.0,0.19031737064486742,0.0,0.037431962927481875,0.40265388395382357,0.015072125256766112,0.5041372370087979,0.5537905248547402,0.27918642508192076,-0.16660115402608403,0.5149804445056353,-0.08579633635550456,-0.46321435702486974,0.5157335029788063,-0.2388951629785115
2024-03-14,1264.26,263.50032275669804,-0.20215596381926687,0.0,0.17680200218573278,0.0,0.15159292412463288,0.4032818304491639,0.06113467192412316,0.3245458082158867,0.5533421369708097,0.1795848710630973,-0.0819885919634891,0.5150140334850699,-0.042225275446878104,-0.7769197946896295,0.5156905952173151,-0.40065023135960925
2024-03-15,1263.78,264.3111469019722,-0.059235185945800295,0.0,0.16092569479029883,0.0,0.16163662707856258,0.4032387420652953,0.06517815017483682,0.3440858895173273,0.5531563815759483,0.1903333055967463,-0.04552725509929421,0.5154519041793328,-0.02346711033298944,-0.5650580277635423,0.5154860511180714,-0.291279531384394
2024-03-18,1243.5601,259.85085605954254,-0.9316317337506179,0.0,0.20175162696328405,1.0,-0.894359848667468,0.4033843572547431,-0.36077077270917585,-0.4538650290961106,0.552842669321722,-0.2509159541972748,-0.30334213575849756,0.5156708923769792,-0.1564247098421232,-0.31721354367208693,0.5154896449537472,-0.16352029700204407
2024-03-19,1242.46,259.8317054132073,-1.492628612574019,0.0,0.18235523109019203,1.0,-1.2428545218047626,0.4037957931173406,-0.5018594273616273,-0.5243073184810899,0.5526561864974413,-0.2897616831844586,-0.36451379317901056,0.5157019971853577,-0.18798049114402615,-0.9955187853643576,0.5153363436493468,-0.5130270108839069
2024-03-20,1260.08,263.1178549186053,-0.8022336611160823,0.0,0.1827665370782257,1.0,-0.5849668780624805,0.4052044179858616,-0.23703116336631389,-0.07636827170748794,0.5520318095380312,-0.0421577152219766,-0.3255325979885336,0.5154044186233124,-0.16778093940921665,-0.6895681522809044,0.5151975797366203,-0.3552638431185752
2024-03-21,1276.42,266.44609183985415,-0.44590866003308477,0.0,0.18311889356971411,0.5,-0.4207728421118197,0.40560655390999556,-0.17066822246788985,0.3528142137549033,0.5516275367063367,0.19462203564860023,-0.2363582535958554,0.5154262842048996,-0.12182525639207109,-0.6754171040784421,0.5152922760174925,-0.34803721682172406
2024-03-22,1281.8,267.20091848421737,-0.3306451038027147,0.0,0.1659291898525234,0.5,-0.13970161620391544,0.4062721019345185,-0.05675686925881412,0.3603672489217867,0.5509587663683858,0.1985474949055166,-0.24813099517667325,0.5155936218672708,-0.12793475850067126,-0.6685236550023982,0.5153160525748488,-0.34450097094874593
2024-03-25,1267.86,264.3740339145364,-0.5805692495064402,0.0,0.18337682295991325,1.0,-0.33252347225766693,0.406647478433589,-0.13521983151356173,-0.1903518148819125,0.5505755753419398,-0.10480305999599139,-0.25983575737265957,0.515697540750259,-0.1339966610760615,-0.40081401271090267,0.5153255384556745,-0.2065496969208255
2024-03-26,1282.21,267.7803824191961,-0.3281149160763004,0.0,0.1840750503762095,0.5,-0.18830957595182726,0.4073130161080559,-0.0767009413429678,0.25715938203605354,0.5503852694192469,0.14153673576560039,-0.062033542207711845,0.5155158262340782,-0.031979272765435135,-0.7006637040956176,0.5151850104743503,-0.3609714377334978
2024-03-27,1283.09,268.75016079582747,-0.47599701522034543,0.0,0.1680958283816599,0.5,-0.6110870143513175,0.4082849606322134,-0.24949763759728452,0.3026762764785659,0.5499337294925523,0.1664518935527766,-0.07379823206108754,0.5154717933363372,-0.038040907025579974,-0.689224153139088,0.5149418553221179,-0.3549103641502575
2024-03-28,1290.1801,269.9239774916687,-0.31881862992423005,0.0,0.15567194191700326,0.5,-0.5685842312293323,0.4087937962727437,-0.23243370638505828,0.37757480655055753,0.549298051263689,0.20740110544448562,-0.13891161631530272,0.515787094804784,-0.07164881901390682,-0.43141738925321743,0.5149009184684687,-0.22213720996975056
2024-03-29,1284.09,268.715577695572,-0.42983221276859596,0.0,0.15541938733494512,0.5,-0.5410737742649785,0.40864995289927003,-0.22110977236841373,0.07991319000641091,0.5488321909036575,0.04385893115331877,-0.2580944321685115,0.516258098944699,-0.13324334089952733,-0.2317064151640197,0.5150398212733858,-0.11933803065397364
2024-04-01,1281.52,268.1162308977167,-0.3899137339011232,0.0,0.14862832722398467,1.0,-0.1223510107971551,0.4082197486748621,-0.049946098877729994,-0.1084002360057159,0.5486516429346042,-0.059473967579034864,-0.30540874410126817,0.5167627334246838,-0.15782385741357113,-0.23816269844872817,0.5150672663259046,-0.12266981003078718
2024-04-02,1287.04,270.1623600250652,-0.0657419044236124,0.0,0.14474375647174476,0.0,0.24573243142457035,0.4081351271084603,0.10029203713413802,0.12094616800561611,0.5485447095257138,0.06634438059688887,-0.31592106461444575,0.5169325983051298,-0.16330989679046826,-0.13409319810290624,0.5150777693523747,-0.06906842536417103
2024-04-03,1271.47,267.2410557560247,-0.8291269433306008,0.0,0.16664110410707716,1.0,-0.7641920404871445,0.40760529466309003,-0.3114887218419506,-0.4267042831668531,0.548653656911733,-0.23411286537939358,-0.48890626852113983,0.5170721771519216,-0.25279982868744777,-0.05963329379473921,0.5152411592015624,-0.03072552742180877
2024-04-04,1268.25,265.6731729305135,-1.511343735728801,0.0,0.16895708732986942,1.0,-1.411724422127327,0.4076006044296866,-0.5754197277472486,-0.7336558617067608,0.5487071313103,-0.4025622032461029,-0.6068234317380244,0.5173606438734578,-0.3139465613614856,-0.4261332185347558,0.5148982379933105,-0.21941524337396406
2024-04-05,1255.11,262.44599671606846,-1.891845108619913,0.0,0.19117295212800706,1.0,-1.5557214988691745,0.40738907871948166,-0.6337839481684041,-1.277308344828821,0.5487340158731707,-0.7009025375662317,-0.6135506950248654,0.5178874730056875,-0.31775021900731076,-0.46531592299659935,0.5145072241160256,-0.23940840387796664
2024-04-08,1250.35,259.97388390765985,-2.259378278532649,0.0,0.20067585113108502,1.0,-1.3188511566425403,0.40745326147994393,-0.5373702051805994,-1.671839357602292,0.548947121822773,-0.9177514035058121,-0.7292997987514631,0.5181677450291413,-0.3778996321692522,-0.8295746208389299,0.5139465781219532,-0.4263570376769848
2024-04-09,1262.8199,263.22089184551004,-2.072538978112193,0.0,0.19799400222310276,1.0,-1.2664514687724648,0.4077553513464021,-0.5164023636124834,-1.1746530571336629,0.5490265308895346,-0.6449156929568811,-0.7906700644413066,0.5180426668148712,-0.40960082875386056,-0.976392851221483,0.5137482235366972,-0.5016200927889676
2024-04-10,1258.5601,261.82858586482126,-2.3911726211604445,0.0,0.19383987393309818,1.0,-1.8993193809557263,0.4079041412497494,-0.7747402410477512,-1.4095286988347409,0.5489695193199413,-0.77378829226697,-0.7398222679719876,0.5181084029492034,-0.38330813372522404,-0.894302647612839,0.5136247279895731,-0.4593359541204995
2024-04-11,1258.2,261.4548517541647,-2.4899796093460975,0.0,0.1792916502822305,1.0,-1.9942575920490726,0.4088052408384326,-0.8152629552114938,-1.4756870921678331,0.5488945277329529,-0.8099965695370773,-0.8566748606572379,0.5178243017460866,-0.44360706154326024,-0.8204435271977898,0.5132748435380681,-0.42111302305426623
2024-04-12,1276.6,265.3045709212141,-1.8152991753192085,0.0,0.18409007754449833,1.0,-1.8463799200110989,0.4095016111129766,-0.7560955519711938,-0.8987046504654969,0.5489590375056964,-0.49335203992143245,-0.5230405914262923,0.5177228155585584,-0.27079004764463366,-0.5754459132119504,0.5127528565369623,-0.2950615357819485
2024-04-15,1216.61,251.21290685131612,-3.7569734832949004,0.0,0.40472333621747675,1.0,-2.146580066679755,0.4091568804279986,-0.8782880036716139,-3.0,0.5491988703012708,-1.6475966109038125,-1.7649645463775747,0.5180192446656188,-0.9142856011761077,-0.6181867743819971,0.5124717652849747,-0.31680326754336646
2024-04-16,1215.6801,249.46495877543362,-5.112868806647796,0.0,0.37188624866946757,1.0,-2.209487162328396,0.41212479658083345,-0.9105844473225531,-3.0,0.5489967619777708,-1.6469902859333123,-1.977923131101815,0.5182296607495261,-1.0250184332195342,-3.0,0.5100918800574656,-1.530275640172397
2024-04-17,1193.01,244.86160999030727,-5.24147900653224,0.0,0.37834572777199177,1.0,-2.3855328332391568,0.4147768775131801,-0.9894638597761072,-3.0,0.5482162359586091,-1.6446487078758274,-2.0824809366600614,0.5163344905959674,-1.0752567336061858,-3.0,0.5107032350913732,-1.5321097052741195
2024-04-19,1174.85,239.0168328659487,-5.624796069312621,0.0,0.40075541071752774,1.0,-2.5738159784381747,0.4180662857273751,-1.0760256862514175,-3.0,0.5470123107881667,-1.6410369323645,-2.6710963709054365,0.5146013098416803,-1.3745496911812962,-3.0,0.5110612531718028,-1.5331837595154085
2024-04-22,1190.22,243.7600797841833,-5.469288170493661,0.0,0.3784123362786846,1.0,-2.5738159784381747,0.4218862218975469,-1.0858574990028196,-3.0,0.5452335509384654,-1.6357006528153961,-2.3657622655960995,0.5133162544007066,-1.2143842249783194,-3.0,0.5111152645657087,-1.533345793697126
2024-04-23,1177.4,240.64502241001068,-5.491205382348526,0.0,0.3666352043275081,1.0,-2.5738159784381747,0.425679241586096,-1.0956200336837378,-3.0,0.5437482737166299,-1.6312448211498898,-2.408203652566845,0.51178000949202,-1.232470488169377,-2.9972422915465677,0.5110931617593988,-1.5318700393455211
2024-04-24,1205.61,248.20599950537425,-4.844896540855533,0.0,0.3710418450112336,1.0,-2.5261660178144787,0.4291764017464746,-1.0841708417398386,-2.4049053948335044,0.5422315156381584,-1.3040154972069549,-2.0686409526940093,0.5105180412230921,-1.0560785271632167,-2.7407368973242927,0.5110420033797923,-1.4006316747455227
2024-04-25,1204.97,247.29320053073138,-4.834008432709737,0.0,0.33488299074978856,1.0,-2.374871933041098,0.43200177147462326,-1.0259488820991172,-2.4321141798939756,0.540928088778561,-1.3155988750212855,-2.2273690517455775,0.5096415423988234,-1.1351597990230209,-2.6565946009726438,0.5109175769872352,-1.357300876566314
2024-04-26,1209.52,247.85191126186993,-4.358322057846443,0.0,0.29359825349833013,1.0,-2.210992937546633,0.4348269641725289,-0.9613993468403041,-2.280468961580974,0.5395834428340917,-1.2305032935661477,-2.111561177593401,0.5088397920294355,-1.074446350464056,-2.1380134919190725,0.5107418971410626,-1.0919730669759349
2024-05-02,1216.36,250.50866596768878,-3.709958701426466,0.0,0.2732078788587491,1.0,-2.1036680961995873,0.43734189764603015,-0.920022197209339,-1.8954323728915625,0.5384617019991859,-1.0206177415315463,-1.8917538677651504,0.5082000808260964,-0.9613894685013299,-1.5828862440262255,0.5104152602458684,-0.807929294184251
2024-05-03,1221.03,251.23015324517675,-2.9991588616038904,0.0,0.2421883102761675,1.0,-1.1040555231435183,0.4397817910437127,-0.48554351537975965,-1.764491586017665,0.5374061706978523,-0.9482486664703336,-1.7788515899389121,0.5076225607788029,-0.9029851993302355,-1.2987724368835691,0.5100058036440621,-0.6623814804235616
2024-05-06,1241.58,256.72601909141827,-1.974646794428573,0.0,0.25014637923333527,1.0,-0.3975361012411982,0.4414313026973847,-0.1754848790401415,-1.078160755717527,0.5367895709126345,-0.578745449436453,-1.4946338017927852,0.5071462147483299,-0.7579978750141165,-0.907229824200485,0.5097039125068202,-0.4624185909378619
2024-05-07,1248.63,258.57733274982985,-1.411367147673948,0.0,0.23039551850284726,0.5,0.49846121885424655,0.4424067233325209,0.2205225945416418,-0.8602245430699658,0.5365123245256036,-0.46152106921644254,-1.3224971061400215,0.5067101908100141,-0.6701227609979018,-0.9816755557692889,0.5095837510278316,-0.5002459120012456
2024-05-08,1250.46,259.21981158913303,-0.9311583401762955,0.0,0.20565884541101026,0.5,1.2161764912228386,0.4416446397585342,0.5371178283489086,-0.7975412823789558,0.5369080793249528,-0.42820635810444496,-1.3210700155345736,0.5066906615681994,-0.6693738401491246,-0.7270724948203993,0.5098473300976727,-0.37069597027163453
2024-05-09,1248.64,258.8306956273159,-1.071897759706941,0.0,0.18971745175921814,0.5,0.619523467582755,0.4404481112243486,0.2728679411559834,-0.8602591044060218,0.5375202472144437,-0.4624066864688008,-1.3212248949231054,0.5066138108386534,-0.6693507789918939,-0.4174066054995292,0.5103135230629933,-0.2130082354022297
2024-05-10,1244.7,259.0656666476486,-0.6643184141139544,0.0,0.169544618354043,0.5,1.3592594960156819,0.4410363289170615,0.5994828181684115,-0.8441164598317918,0.5375440757236721,-0.45374980220341876,-1.3770886768318173,0.5059834786140515,-0.6967841190633843,-0.2219162072464744,0.5104057627019597,-0.11326731101556292
2024-05-13,1240.1801,258.6329699011092,-0.6552494623042351,0.0,0.1593374324132014,0.0,1.1643739025681108,0.4403252097590461,0.5127031828862625,-0.9072828507427755,0.5380791735242578,-0.4881900064804052,-1.3747920557044147,0.5054820483268527,-0.6949327043409521,0.029689779305397426,0.5109524552141745,0.015170065630859804
2024-05-14,1243.28,259.5901992119951,-0.5040044362511638,0.0,0.14697560787481578,0.0,1.2294916960310451,0.43991321198814276,0.5408696411137663,-0.8012735213496528,0.5385697138352084,-0.4315416510970122,-1.370018924881123,0.5049127377273828,-0.6917400061000534,0.15333348970587407,0.5113532600251768,0.07840757983213559
2024-05-15,1254.39,262.18664786391236,-0.18271423819449886,0.0,0.14765046917198732,0.0,1.2809932319815842,0.4388961871846816,0.5622230453260997,-0.5060916790566339,0.539434334177797,-0.2730032279248386,-1.2490666345660995,0.5043771402921458,-0.6300006571767839,0.3088178322307956,0.51184415238979,0.15806660158102395
2024-05-16,1268.78,264.66192169272284,0.08175495232552984,0.0,0.1471847602428504,0.0,1.3520007315696134,0.4380447373797001,0.5922368053975737,-0.23792007225789774,0.5403913184320744,-0.12856994152889978,-1.0692300693915848,0.5035547029838569,-0.5384158300138882,0.3054488416286694,0.5123735864777121,0.15650391847074405
2024-05-17,1273.11,267.1214909116805,0.45049267766403844,0.0,0.14651313701920288,0.5,1.5992069070102306,0.4366516960605915,0.6982964082978298,0.013976292643555762,0.541621663208641,0.007569862867093366,-0.8307902825768992,0.5027035446298668,-0.4176412198954559,0.3162502323271281,0.5130988369574448,0.16226762639457118
2024-05-20,1277.58,268.4639128773279,0.6430658056215836,1.0,0.13823636748039844,0.5,1.5538889932908813,0.4352793408904422,0.6763757768165676,0.12134331633129054,0.5428663833076646,0.06587320727532557,-0.5327430203499062,0.5018156503785348,-0.26733878524151317,0.3272668037106012,0.5138180984585957,0.1681556067712036
2024-05-21,1277.14,269.3732864031512,0.8762734196475219,1.0,0.1282277308281765,0.5,1.6316983268895262,0.4342632922772391,0.7085866874383083,0.16990216242762154,0.5438052805144218,0.09239369309895959,-0.2944151706782138,0.5010951914488646,-0.1475300263164497,0.4331810768819535,0.5143878098983197,0.2228230654267037
2024-05-22,1266.91,268.10975023790377,0.661114844527911,1.0,0.13285924575712918,0.0,1.6093944202862556,0.43354189998185505,0.6977399147910994,-0.0407257294584942,0.5445658974805293,-0.022177843413114125,-0.6015248530563276,0.5004426243977669,-0.3010286761039897,0.5566560954338985,0.5148267513904305,0.28658144925391543
2024-05-23,1281.03,271.70643121897876,0.9409050790296887,1.0,0.1421871319013368,0.5,1.5911911421474443,0.4326328271589127,0.6884015223774682,0.3328798271722786,0.5454544922390464,0.18157079710687674,-0.3582602700287589,0.4996344276315172,-0.17899916495893176,0.48489474077138367,0.5154354202866316,0.24993192450427543
2024-05-24,1261.9301,265.82225089405705,0.13423912868523102,1.0,0.20800442575308262,0.0,1.3169284516528097,0.43191666057334344,0.5688033390519053,-0.42821170220555205,0.5463622244957053,-0.23395869817211792,-0.7912406624018699,0.498734246242672,-0.39461881535954907,0.37603398848746106,0.5159461886553963,0.1940133031649927
2024-05-27,1267.6801,267.4184446144454,-0.2826069018143291,1.0,0.19258683148423078,0.5,1.0822426835048327,0.4306145688903671,0.4660294665921875,-0.2701409791695016,0.5474172842265345,-0.14787984117526537,-0.6665068696257274,0.4982187320735135,-0.33206620750321647,-0.5203001402047703,0.5164140828835613,-0.2686903197280348
2024-05-28,1281.73,271.11253525409853,0.1255875688078236,1.0,0.1934776979074234,0.0,1.1929473298863273,0.42908684672905123,0.5118780080947655,0.12667348964991765,0.5484013163219785,0.06946790846711336,-0.6052590146365529,0.49826690795402584,-0.30158053773425564,-0.298449968172222,0.5165951632162029,-0.1541778100197996
2024-05-29,1272.64,269.94983049376043,-0.02073959086596941,1.0,0.18726720515328454,0.5,0.8665864552794454,0.42906229663123147,0.37181957473171684,-0.06861574784227759,0.5489272091571304,-0.03766505096729083,-0.41760211844110495,0.49769954308383635,-0.20784038353898004,-0.2846546843296303,0.5166039386905963,-0.14705373109141537
2024-05-30,1266.3199,269.54933505351664,-0.13828261281328308,1.0,0.1739797701671975,0.5,0.6839592384076251,0.42991999220950944,0.29404775044782816,-0.16390602977941196,0.5490140120550104,-0.08998670700920297,-0.48324809978517946,0.4971232359784009,-0.2402338591456216,-0.19775174098253165,0.5163534672258916,-0.10210979710628666
2024-05-31,1261.72,269.3622421502799,-0.2876571785287407,1.0,0.16041393900086343,0.5,0.19446085971985125,0.43061030425321584,0.08373684996930707,-0.22681042324430248,0.5491818480553423,-0.12456016739552041,-0.48283968936909943,0.49651909673921923,-0.23973912643539044,-0.013744663845248188,0.5161810246519539,-0.0070947346671368745
2024-06-03,1280.0,273.5972870786597,0.41642569984633215,1.0,0.1699812395164235,0.5,0.7165274345638593,0.4318963149255088,0.3094655585311594,0.23612016797134436,0.5492378154483002,0.12968612523986686,-0.22490251174660691,0.4958750758168374,-0.11152355006374587,0.17219980768785323,0.515665884482375,0.08879756613905172
2024-06-04,1283.52,273.89304553321705,0.23115263600658112,1.0,0.15214833474711567,0.5,0.5162683749513656,0.43245556917456196,0.22326313393641897,0.21257354636807332,0.549557672661106,0.11682142341135608,-0.2899387247098978,0.4952013765561941,-0.1435780555932888,0.06720830370234059,0.5155037747350302,0.034646134252094875
2024-06-05,1284.35,273.60919676432434,0.3913814046161349,1.0,0.1426087430579524,0.5,0.4831645340411077,0.4328721916619189,0.20914849078368414,0.12319782240878703,0.5499138236185408,0.06774818558229402,-0.0936400524628762,0.4945751702105871,-0.0463120448853553,0.3119992880732182,0.5153754488624896,0.16079677313551205
2024-06-06,1283.5601,273.38790018135336,0.1808383349942907,1.0,0.13374421748501822,0.5,0.01466719577243973,0.43266755621679476,0.006346019751414801,0.046645030477425256,0.5505440809625884,0.025680145435666015,-0.15949917648354725,0.4940293689848779,-0.07879727751177452,0.4416188976958414,0.5153978883298311,0.2276094473189844
2024-06-07,1287.58,274.05940443330985,0.5347266760803264,1.0,0.12273160670484144,0.5,0.7222752743571796,0.43235950442788706,0.31228257968158635,0.07980437011322984,0.5512359103361476,0.043991034608169104,-0.22524077630188263,0.4935703930653571,-0.11117217849366638,0.5619898940265386,0.5153566698666657,0.28962524028423736
2024-06-10,1290.67,274.9761284022887,0.7107761059773785,1.0,0.1147124160052495,0.5,0.9406294842481114,0.4320908136764321,0.4064373592168091,0.14351660838980587,0.5520134939776175,0.07922310444107418,-0.29069929982683584,0.49280594061490124,-0.14325834188725703,0.7146214773586841,0.5154812664857222,0.3683739842067523
2024-06-11,1284.41,273.43494097491794,0.36818870741379045,1.0,0.12425154932610596,0.0,0.23446155166477756,0.4316148160138783,0.10119707948412139,-0.08950654815614707,0.5530225283550478,-0.0494991375656453,-0.22140930530638367,0.4917516532036459,-0.10887839191908494,0.8246700976960163,0.5158052396986458,0.4253691574143993
2024-06-12,1300.1899,276.1041159539358,0.7650615220352386,1.0,0.12774746797184297,0.5,0.8808262006581872,0.43040628546772386,0.3791131331679383,0.19231379103197968,0.5542160185844913,0.10658338358463364,-0.1525358702150357,0.4911548822923638,-0.07491873738082915,0.686459878327975,0.5161026213599436,0.35428374266349577
2024-06-13,1301.51,276.67123549714756,0.5704359760659681,1.0,0.11683862499033283,0.5,0.45341904465732996,0.42943469977950144,0.19471387131672885,0.20942639318199724,0.5553488741681635,0.11630471167472131,-0.15037698393288973,0.49025512267687144,-0.07372308670579678,0.6449342854832577,0.5165494954740826,0.3331404797803147
2024-06-14,1279.91,270.6279701104549,-0.15973725820521473,1.0,0.19228870262105094,0.0,0.0633457129780577,0.42847865163465065,0.027142285683673755,-0.5788326421160862,0.5560929545852334,-0.3218847541647114,-0.5579404240423519,0.48954343110556386,-0.2731360695381862,0.7891096339068296,0.5172174591169653,0.4081412798140091
2024-06-17,1274.77,269.67107551095006,-1.08606420394826,0.0,0.1840765154867372,1.0,-0.5602942090542491,0.4276746448779563,-0.2396236268844514,-0.7127827769946907,0.5569805600117855,-0.3970061502972585,-0.6230815587905055,0.48921974022417086,-0.30482379832996254,-0.27958449058885776,0.5172340859538034,-0.1446106284365876
2024-06-18,1279.5,271.1954639979174,-0.9538240802505736,0.0,0.17156981797520307,1.0,-0.7171920978746469,0.4265410437434443,-0.3059118659920024,-0.5368707675773271,0.5576118537934075,-0.299365503956283,-0.5503651454000045,0.4889764089512289,-0.26911557240961514,-0.1534249456174189,0.5177198373642764,-0.07943113789267306
2024-06-19,1279.79,271.23284633060314,-0.8832486077445185,0.0,0.15606206686471835,0.5,-0.44554423458906733,0.4254759341879021,-0.18956834943381723,-0.5517507372853545,0.5584220332709118,-0.30810976857361233,-0.8265034607217043,0.4888155975548,-0.40400778303379004,0.035601830890902596,0.5178748630428553,0.018437293296701077
2024-06-20,1282.3,271.2995412068602,-0.7457894163730241,0.0,0.14242578097277403,0.5,-0.3837048639512273,0.4246449154472545,-0.16293831950926924,-0.5627339949288608,0.5591186514333345,-0.3146350723603175,-0.8228722554836,0.4885859291862843,-0.4020438055470682,0.2583438046656406,0.5180220257917016,0.1338277810436308
2024-06-21,1282.02,270.7861729060465,-0.8475382318333854,0.0,0.13667050683878298,0.5,-0.7544822510392721,0.42412919178497954,-0.3199979473493985,-0.645488240608806,0.5600034650383401,-0.36147565138243315,-0.8196371417283812,0.4883013670158878,-0.4002299367629635,0.4522687255466853,0.5177570113395742,0.2341653036614099
2024-06-24,1254.12,263.6540714569365,-1.8636482516545807,0.0,0.22684962835125666,0.5,-1.337362358407522,0.4244728211418918,-0.5676739731622147,-1.536765619385082,0.5607684623799187,-0.8617696934208959,-1.4529259136676098,0.4882254317136657,-0.709355381448341,0.5324970302772914,0.5167179922742279,0.2751507963768708
2024-06-25,1256.5601,265.2944981069254,-2.3663068972206918,0.0,0.2089733204218797,1.0,-1.4419744682018585,0.4263646322205417,-0.6148069138062966,-1.3019776549143625,0.5616004316681485,-0.7311912130221897,-1.3023955826549989,0.48883549082041544,-0.6366571838894973,-0.74688175437577,0.5136711189622742,-0.38365158650270825
2024-06-26,1261.24,266.3794257567789,-2.1948240485280532,0.0,0.1901330595961077,1.0,-1.667177647206708,0.42714126063562774,-0.712120361931413,-1.147008973677258,0.5614940580687968,-0.6440387232713694,-1.2235232243799392,0.4887569547055899,-0.5980054851595032,-0.46892368676165064,0.5132167236586883,-0.24065947816576738
2024-06-27,1259.09,265.89320854761525,-2.1400729178002758,0.0,0.17738205793225573,1.0,-1.6589053713707491,0.4275699429058178,-0.7092980749231457,-1.19311973143491,0.5616351234328556,-0.6700979476346212,-1.359829777187211,0.4887916820507685,-0.6646734840940586,-0.1872608668080935,0.512672042935888,-0.09600341114845051
2024-06-28,1245.3199,262.1386574901384,-2.523576248778287,0.0,0.20526108471065047,0.5,-1.8696542866782497,0.4288976832703755,-0.8018903920728278,-1.6394485449980984,0.5617874426186886,-0.9210216053994118,-1.6389202709002821,0.4889249206613926,-0.8013089634202685,0.001261008361978492,0.5112671205519765,0.0006447121142207082
2024-07-01,1254.5601,264.19517522257644,-2.24866640203616,0.0,0.1934541889921964,1.0,-1.67909432898674,0.4313323156163691,-0.724247645060164,-1.3430469895341466,0.5621486658011025,-0.7549920732748077,-1.1674365617696294,0.4893275827453259,-0.5712589107792471,-0.38976505537277517,0.5084287834177733,-0.19816777292194113
2024-07-02,1269.79,267.09700503162924,-1.6863948075199333,0.0,0.1890193213431165,1.0,-1.2790691956534554,0.4335128503923139,-0.5544929328567337,-0.9553881709938203,0.5620910511324914,-0.5370151412734648,-1.011198472254759,0.48915119951268343,-0.49462894564880827,-0.19782318061439907,0.5068050540363676,-0.10025778774092663
2024-07-03,1276.85,268.3345813956444,-1.4852646622280201,0.0,0.1740337674893986,1.0,-1.4689305877448477,0.4353884026879257,-0.6395553422576652,-0.7941087568554994,0.5621704479162462,-0.4464244755356695,-0.7051018803674552,0.4888147449175716,-0.34466419579271773,-0.10806726207034029,0.5054319651997428,-0.054620648641967716
2024-07-04,1279.89,268.5073646469324,-1.4485344290752913,0.0,0.15680578756490537,0.5,-1.5796326784333974,0.43760714724316496,-0.6912585501013188,-0.7735538574967897,0.5620853138231946,-0.4348032627502258,-0.7770488635152649,0.48842874543533016,-0.37953300154870995,0.11321918539407261,0.5039815922218296,0.05706038532496323
2024-07-05,1283.04,268.42021293789674,-1.2210479796929297,0.0,0.14463494951662925,0.5,-1.1593725091877953,0.4393276880064173,-0.5093444439996729,-0.7856137880895002,0.5620144666348779,-0.4415263140941264,-0.9236144122047435,0.4886548943065954,-0.4513287029759572,0.36061396813830965,0.502341831937437,0.181151481376827
2024-07-08,1283.5601,269.2686941662528,-0.5287126592758964,0.0,0.13336840660167137,0.0,0.07704143098616974,0.44159768894731666,0.034021317876686746,-0.6781914304928786,0.5620274019018981,-0.3811621676720443,-0.9175548143291209,0.48872992635938095,-0.4484364968377667,0.5334523291505155,0.500259672278853,0.26686468735722774
2024-07-09,1293.71,272.3414040496379,0.016793529155221976,0.0,0.13870544438372145,0.0,0.3787158836255437,0.4440235698678377,0.1681587786130665,-0.2938641257716691,0.5620468758517494,-0.16516541381487218,-0.6805935086479591,0.4879108658115888,-0.3320689680701728,0.6932799398615727,0.4988881295141184,0.34586913242720047
2024-07-10,1285.9399,270.87178157550704,-0.2994410427952702,0.0,0.1439997623807291,0.5,-0.003045371189218565,0.44651368558150284,-0.0013597999136617058,-0.5024544174805676,0.5619764865528959,-0.28236756818871134,-0.6757610256145613,0.4868545120903419,-0.32899730441524627,0.6293670697606534,0.49777569366870444,0.31328362972234913
2024-07-11,1283.8,271.0657227931172,-0.4732083650114481,0.0,0.13073017070333062,0.5,-0.2335028344866435,0.4488325603276605,-0.10480367504640614,-0.48905189421934564,0.5619783823592223,-0.2748365924031013,-0.7486908791878678,0.48616550447690676,-0.3639876789776286,0.5448059171413109,0.4963594794172306,0.27041958141568795
2024-07-12,1280.75,270.4683907415855,-0.0689271210410079,0.0,0.12749226196366473,0.0,0.6457452928034678,0.45042312325378586,0.29085861161096843,-0.5755971871119219,0.5622116702249603,-0.3236074559429826,-0.8207601350347808,0.48556270441133276,-0.39853051084049884,0.7316651180992008,0.49524328161613496,0.36235223413150514
2024-07-15,1279.8199,271.0046390826992,-0.011808237990313664,0.0,0.11649491444523671,0.0,0.7266607381361733,0.45163677056198126,0.32818670906600683,-0.5127300390756009,0.5625839060248726,-0.2884536681194371,-0.8928558059653264,0.48458895647900624,-0.4326680632989596,0.7704687742836409,0.4946686966210106,0.38112678436207625
2024-07-16,1281.1801,270.5773829921513,-0.0572960681785637,0.0,0.11334535654840704,0.0,0.35743727493303035,0.45289843717777245,0.1618827832062512,-0.5763279836230832,0.5630090138528608,-0.3244778497154398,-0.7261491961342884,0.4834117465299982,-0.35102905114463057,0.9233987296473786,0.49418310294786205,0.4563280494752555
2024-07-17,1268.66,264.56150080912755,-1.0323576372778283,0.0,0.19223913132793816,0.5,-0.2690607346993822,0.45497504419894913,-0.12241591966205313,-1.3595976112737997,0.5632062167855026,-0.7657338269961232,-1.2820038315086872,0.48263041555931757,-0.6187340419496751,0.9628935291269698,0.49281269109811504,0.4745261513300232
2024-07-18,1274.4399,267.3656211423535,-0.8620696752838082,0.0,0.18729254242271462,0.5,0.3408104031262141,0.455987361049515,0.15540523633974374,-0.9634972008445724,0.5644909930354233,-0.5438854916916033,-0.784993351010595,0.4825473634407307,-0.37879647184866666,-0.19326452702403613,0.4904829124254795,-0.09479294808328202
2024-07-19,1264.78,264.31385397949566,-1.3730482159795292,0.0,0.204174682771886,0.5,0.018709363942148925,0.454741868261575,0.008507931113038547,-1.3492347317163085,0.5653352353984152,-0.7627699346625569,-1.1898071642552,0.4820828878008835,-0.5735856736703269,-0.09203503129213014,0.49112319651646585,-0.04520053875968392
2024-07-22,1254.64,260.61938824414466,-2.1267461985767553,0.0,0.2266453831716499,1.0,-0.48066213395972973,0.4535433551765485,-0.21800111694241542,-1.797764953245582,0.5663404780233082,-1.0181470629946532,-1.5128817736877964,0.4816459559344068,-0.7286733881035996,-0.32944867460339455,0.491501842376569,-0.16192463053608722
2024-07-23,1231.8101,255.04059091127237,-3.2394195331101128,0.0,0.27087231258997796,1.0,-1.0858950912687,0.4535170317754781,-0.49247191861174267,-2.4513191893752775,0.5669463476723339,-1.3897664613954197,-2.1605345274661305,0.4815398704899878,-1.0403835165451876,-0.6452993886042439,0.4909312516830102,-0.31679763655776266
2024-07-24,1238.47,258.0332868156618,-3.296196082526836,0.0,0.25569307421283044,1.0,-1.1654620873018475,0.4549270074017156,-0.5302001796163865,-1.9627625810034512,0.5670478542212114,-1.1129803099036937,-2.137583191065035,0.48192584470387523,-1.0301565849788221,-1.273408497550982,0.4891274160851099,-0.6228590080279338
2024-07-25,1233.1899,257.1619127334046,-3.15833012254712,0.0,0.2373385489843852,1.0,-1.2066099807012374,0.45467755878041366,-0.5486184804253207,-2.00442631113012,0.5671676905135428,-1.13684584168825,-2.036663446147101,0.4819520801640038,-0.9815741844645839,-1.0042867455667726,0.48919456334326417,-0.49129161596896515
2024-07-26,1242.11,259.7208097721941,-2.5510225770051487,0.0,0.22432420546176687,1.0,-1.0534418344433054,0.4549786512986392,-0.47929354505657945,-1.602241610588279,0.5674054647895468,-0.9091206457609945,-1.6863263723326931,0.4818214633756183,-0.812508240446236,-0.7162919757172307,0.48876737086267086,-0.3501001457413389
2024-07-29,1246.6,260.3747858682877,-2.271061399133613,0.0,0.20055325910096405,1.0,-1.2174513604341164,0.4548660061648808,-0.5537772380206674,-1.465961213444374,0.5678931407820317,-0.8325093177675639,-1.3333753005854276,0.48138882555476137,-0.6418719699725459,-0.49700614721882896,0.48873213084402195,-0.24290287337283595
2024-07-30,1245.0601,258.7249523948169,-2.3204006417820016,0.0,0.19931118171455897,1.0,-1.4121598698064812,0.45560688545164535,-0.643389760042332,-1.6393686382648252,0.5682580185698201,-0.9315843740858736,-1.4115914752427772,0.4809856201697503,-0.67895520114598,-0.13620768333046462,0.4880143680774931,-0.06647130650781598
2024-07-31,1251.51,258.81156388592,-2.0725973224844294,0.0,0.18012172397465806,1.0,-0.9790269760599175,0.4567337388437935,-0.4471546512047792,-1.5732793485578007,0.5689692028006031,-0.8951474967315841,-1.4030139115646967,0.48087482081739275,-0.6746740633279829,-0.11439062722398373,0.48623836209214855,-0.05562111122008338
2024-08-01,1226.96,251.0760205988733,-3.4876334675766305,0.0,0.270904421869071,0.5,-1.5105371966369012,0.457970286778245,-0.6917811531330079,-2.5401603725853437,0.5696285047785341,-1.4469477549334735,-3.0,0.4805520582331627,-1.4416561746994883,0.19139049770032035,0.48461975021649173,0.09275161518933928
2024-08-02,1236.6,254.52437934291422,-3.591569964288389,0.0,0.25915352246985646,1.0,-1.3279387403751957,0.46165222543375845,-0.613045874733911,-1.9774028343358703,0.5713332335158691,-1.129755955304557,-2.6551617841394233,0.48091764698602046,-1.2769141575955354,-1.1945454692739028,0.47872097912018646,-0.5718539766543854
2024-08-05,1188.0699,242.1783986554545,-4.416311033412346,0.0,0.40955089987954346,1.0,-1.7223040162491527,0.4623673907589177,-0.7963372140867253,-3.0,0.5711412152809814,-1.7134236458429442,-3.0,0.4805805541335979,-1.4417416624007937,-0.9711869079579121,0.4785984111536502,-0.46480851108188304
2024-08-06,1210.28,248.28341670455023,-4.875315746118135,0.0,0.39415555010850295,1.0,-1.2453434455692556,0.4640950088689335,-0.5779576774163319,-2.4946269255040177,0.5710591059547282,-1.4245794217689167,-3.0,0.4815583356884956,-1.4446750070654868,-3.0,0.47603454662246647,-1.4281036398673994
2024-08-07,1215.88,249.59826459174997,-4.509445129347689,0.0,0.3480300493128932,1.0,-1.0485543102829233,0.4607491846032769,-0.48312054347510835,-2.2024488544808154,0.5698535306289222,-1.255073255755518,-3.0,0.4833418220055562,-1.4500254660166685,-2.758800432637983,0.47891317127169997,-1.3212258641003944
2024-08-08,1208.3199,248.05189268697703,-4.22883996955572,0.0,0.32279100409996553,1.0,-1.076936577885327,0.4583968884135545,-0.49366437632137555,-2.296793114369518,0.5687325004346757,-1.306260890916522,-3.0,0.484788179105469,-1.454364537316407,-2.0259383345009563,0.4810364404509251,-0.9745501650014156
2024-08-09,1223.64,251.8360887600192,-3.3572859217049142,0.0,0.30515951367256305,1.0,-0.8501642812689538,0.45718304608371035,-0.3886806957821086,-1.7106434815945697,0.5680281029095451,-0.9716935716047427,-2.494970722582192,0.48528888353605315,-1.2107815564170519,-1.6292285407330698,0.4825167729674636,-0.7861300979010106
2024-08-12,1230.28,253.39067779082475,-2.664299247748481,0.0,0.27509599045795585,1.0,-0.6035677350974968,0.4570750311974107,-0.2758757413494389,-1.4394716755413968,0.5675259384656555,-0.8169375135563607,-1.906952509132396,0.48508955567737166,-0.925042745352883,-1.3372577588989405,0.48340960685250495,-0.6464432474897986
2024-08-13,1230.42,252.62871537317818,-2.3633987029500756,0.0,0.25292583361328724,1.0,-0.20921820581984388,0.456796587390094,-0.09557016243838298,-1.4807851747651384,0.5675186098012711,-0.8403731437970436,-2.048161924450507,0.4848075078050123,-0.9929642781739683,-0.8977756372953164,0.48396403343005656,-0.43449111854068084
2024-08-14,1230.36,252.12850374478472,-2.291283044125687,0.0,0.23141287325539522,1.0,-0.24200158906842653,0.4568204899074763,-0.11055128447662638,-1.481457889288204,0.5678653545762048,-0.8412686095903619,-2.1841663824971103,0.48421542383164434,-1.0576070506196678,-0.5821939877375555,0.48412746502989934,-0.28185609943903106
2024-08-15,1223.5601,250.49600843624714,-2.0354873307390697,0.0,0.22594706230242334,0.5,0.40134932589718186,0.4581344055397413,0.1838719348336813,-1.6294076351912017,0.5680206218727327,-0.9255371382254852,-2.3957574836218796,0.4833557693274553,-1.158003201618062,-0.28087153305582113,0.4835624466870086,-0.13581892572920387
2024-08-16,1252.23,259.11698342676004,-0.6934456391060384,0.0,0.261047225886626,0.5,0.5950401055930463,0.45873243173607026,0.27296419461918614,-0.4152900633008021,0.5686179432250369,-0.23614138163589746,-1.3052834886677942,0.48222336670235133,-0.6294381984063742,-0.20857516913316235,0.48342405331374355,-0.10083025368295295
2024-08-19,1261.62,261.33169145420453,-0.2886347558734171,0.0,0.241951894807569,0.5,1.2716805720346143,0.4608613549122799,0.5860684314434955,-0.1004903222485072,0.5685955109921795,-0.057138346128658736,-1.0415709294353754,0.4805250904847034,-0.5005009651131703,-0.6562885930065657,0.48311654271265314,-0.3170638760750835
2024-08-20,1272.55,263.87649116201015,0.11041298668370103,0.0,0.22787256414166515,0.0,1.2195396310786286,0.46204238532843733,0.5634790001461321,0.24993195482260017,0.5690337166059575,0.14221970915129642,-0.8597097648030061,0.4795735667877921,-0.4122940783088715,-0.379322141283407,0.4824175137410064,-0.18299164430485598
2024-08-21,1284.05,265.0690727986683,0.3607259262575712,0.0,0.20710167893520665,0.0,1.2480440470756697,0.46452138643387253,0.5797431510781313,0.4013376891142987,0.5690660808036628,0.2283876658230728,-0.7612242004220878,0.47803229972069916,-0.36388975513082106,-0.17343791147214613,0.48152756686201387,-0.08351513551281188
2024-08-22,1282.78,264.64197232249995,0.5207130462037463,0.0,0.1915284077915756,0.5,1.4664249636845217,0.46740046822382936,0.6854077146412574,0.311593135197687,0.5689658585704351,0.17728585569240565,-0.836711401199859,0.4762758569627706,-0.39850543963698337,0.1176133253999015,0.48059958610024933,0.056524915507066606
2024-08-23,1285.3199,265.1595490241347,0.6443226468523148,1.0,0.17185496608010908,0.5,1.2850533348413482,0.47047740193897897,0.6045885543291784,0.3542592725609623,0.5684077016119776,0.2013636988911077,-0.6540968969206844,0.47451704364639424,-0.31038012578508345,0.3098987485532073,0.47999716072287657,0.14875051941711218
2024-08-26,1280.02,263.8547584227804,0.6077606731925518,1.0,0.17097380287715827,0.5,1.4455245246351403,0.4699076280180371,0.6792630006131993,0.14813431944640768,0.5672555616289935,0.08403001657410072,-0.9038271839869612,0.47502558856051097,-0.42934104003039547,0.568760295212848,0.48141316885205476,0.2738086960356473
2024-08-27,1280.5601,263.8340339347891,0.5928462132577759,1.0,0.1564281916227178,0.5,1.355612868173027,0.4701048541452923,0.6372801896699622,0.12556838372935034,0.5663779118971579,0.0711191589769305,-0.8055231870049199,0.4747947292697149,-0.38245816349447886,0.5531933769292596,0.48248051989872776,0.26690502810536204
2024-08-28,1281.4399,263.7592542067181,0.6378606785249863,1.0,0.14447388932424007,0.5,1.4459144145216523,0.47093171792761185,0.6809269592069788,0.10139105594470002,0.5655567055672059,0.057342391574064816,-0.9680347286062606,0.474754458294837,-0.4595788031900548,0.7441210044382799,0.48267704955476537,0.3591701309339974
2024-08-29,1281.47,263.25882155419214,0.7734886072381464,1.0,0.13869908778002854,0.5,1.5669463572424829,0.4722104792659999,0.7399284903375856,0.02064444946993662,0.5648964601981408,0.01166197642830658,-0.8674464589432412,0.4737207862975321,-0.41092741860160215,0.8957182807607439,0.48321617228382635,0.43282555907385634
2024-08-30,1283.87,263.57878172815765,0.720611034822944,1.0,0.12512759206532564,0.5,1.239521642905921,0.47373584479014,0.5872058326376988,0.05924231777346235,0.5642514670624805,0.0334275647158578,-0.7661335895590204,0.4726769344552005,-0.3621336764959166,0.955765055300294,0.4834988592673669,0.46211131396530397
2024-09-04,1275.8,262.3486689405949,0.6059625509683845,1.0,0.1303333208123656,0.0,1.2755954445331563,0.47580034822325507,0.6069287567008737,-0.11564551791552737,0.5635644350577859,-0.06517370097102923,-1.0209186174149494,0.4715213555515976,-0.48138493039135977,1.1286533224394266,0.48340124888896613,0.5455924256298998
2024-09-05,1268.21,260.24869894141005,0.08318999903528668,1.0,0.14553355389283976,0.0,0.6863853286544846,0.47810002407452074,0.32816084215410696,-0.4013335658901563,0.5632726030772554,-0.2260602023612255,-1.0965787005832917,0.4696622367182893,-0.5150216052535841,1.0265449913880431,0.48328224155589394,0.49611096449598935
2024-09-06,1273.96,260.9447986018853,0.1257048052160296,1.0,0.13348994130275108,0.0,0.8669437605587048,0.48032792963638454,0.4164173016203442,-0.2865215744926215,0.563162299030869,-0.16135814861320913,-1.0824922543761206,0.4682215577312113,-0.5068462095759578,0.7822059193895302,0.4825990860302675,0.3774918617848524
2024-09-09,1267.73,259.97332228344357,-0.10083252544085819,1.0,0.13460961771323707,0.0,0.6197540960278695,0.4823067569881286,0.29891158818531094,-0.4082986555841614,0.5630751953980097,-0.2299028452737963,-1.3414820295826457,0.46639793081779357,-0.6256644428266002,0.944724965390756,0.4824929912651248,0.4558231744742274
2024-09-10,1255.23,257.5366839501203,-0.8755225227764628,0.0,0.15373925492169785,0.5,-0.3348292338982433,0.4827458522924434,-0.16163742389063335,-0.7335653745265293,0.5637669650274267,-0.413559924846029,-1.5999697109204067,0.46386750332298726,-0.7421739551970508,0.9135071683797911,0.48368397802605034,0.44184878115725035
2024-09-11,1253.27,257.0357594587157,-1.1720548956777588,0.0,0.14680938511633718,0.5,-0.7205063424699091,0.4833049322409375,-0.3482242690265851,-0.7718351153767324,0.5648529059606714,-0.4359733078430374,-1.490707731776464,0.46192926940735146,-0.6886015334393921,0.6217401964846713,0.4837136416973974,0.3007442146312557
2024-09-12,1256.35,257.2585216912013,-0.7802633839187362,0.0,0.1330376790235371,0.5,-0.458975146417233,0.48351287490910927,-0.2219203925560257,-0.7040592287458899,0.5656929558527403,-0.39828134620466304,-1.102840061454343,0.4606243105685117,-0.5079949429747418,0.7192143585609259,0.48376856451096606,0.34793329781669435
2024-09-13,1251.71,257.77127499819505,-0.7212186640888789,0.0,0.12151592369816121,0.5,-0.587234916361222,0.4834395526506155,-0.2838925852664908,-0.5948216963540721,0.5665576337821945,-0.3370007728086741,-1.1825557721452122,0.4594498245114021,-0.5433250419870633,0.9153893277410514,0.48394680006436186,0.44299973597334924
2024-09-16,1239.26,255.21957488539084,-1.0772756758015598,0.0,0.1447795209337031,0.5,-0.6321377633525967,0.4842760631457509,-0.3061291874021559,-0.940916687290808,0.567450363549341,-0.5339235162728105,-1.6409410699857734,0.45863343354790365,-0.7525904371773461,1.06737225781482,0.4828376054159771,0.5153674650507526
2024-09-17,1258.95,259.0772404405866,-0.5400909605304379,0.0,0.15543550530247907,0.5,-0.45984753355006186,0.48454987424160245,-0.22281906455199355,-0.3201745004929163,0.5687902317343161,-0.18211212833078474,-1.0503883718293976,0.4568935592275438,-0.4799156817763582,0.7143189043003748,0.482635853612698,0.34475591412869855
2024-09-18,1264.9,260.3467318918026,-0.35103440572411354,0.0,0.14582772386025272,0.5,-0.2882605937637952,0.4838444174972056,-0.1394732790770421,-0.10938522668807954,0.5692722369378557,-0.06226997268467747,-0.9393043490157466,0.4553532431323749,-0.42771528161266437,0.5749851500268058,0.48422837987605466,0.2784241276502704
2024-09-19,1271.27,262.00480157117386,0.03217438043690091,0.0,0.14011228806638937,0.5,0.044671019542273,0.4833445939681358,0.0215914958028026,0.15317897829133945,0.5696240610829633,0.08725443168685185,-0.9252533288111713,0.4540216766465077,-0.4200850676696105,0.7072491394355138,0.4855623025444049,0.343413520616857
2024-09-20,1272.04,262.28442308008744,0.10559281727333492,0.0,0.12669937185025687,0.5,0.04945146617082925,0.4829907810187977,0.023884602268373474,0.1947942374420876,0.5697322584008456,0.11098056082135113,-0.9113745714766801,0.4521772034204571,-0.41210280499884266,0.7852856730729415,0.4875047034595443,0.38283045918245295
2024-09-23,1268.48,261.3392474786712,0.07109842654610599,0.0,0.12841570525867882,0.0,-0.049503121210065316,0.4831599022370937,-0.023917923204286158,0.048812830600044044,0.5699543179661999,0.027821083572647756,-0.8974471016504626,0.45058485764157563,-0.4043760745380183,0.965245281274184,0.4885507858616612,0.47157134071576273
2024-09-24,1276.99,263.3070162333495,0.7345684946347979,1.0,0.1271790649840972,0.5,0.8841441131733364,0.48312021608479505,0.42714789500640177,0.3607375343428441,0.5703701248878268,0.2057539125148547,-0.7844211282852013,0.44913749047317064,-0.35231293703214833,0.9275553218962176,0.48943670897991437,0.4539796241456898
2024-09-25,1287.48,266.02009495247967,1.283844726413383,1.0,0.13124368054913743,0.5,1.2220470301517727,0.48396873159213294,0.5914325511284865,0.7738788407226874,0.5706049413038535,0.4415790904868633,-0.4709828727697868,0.4465123942141771,-0.21029969015430866,0.9396970762235948,0.4907249225521886,0.4611327749523416
2024-09-26,1291.49,266.55827741900544,1.4042846456460183,1.0,0.12000860714754732,0.5,1.2724057339359225,0.4850779740804242,0.6172159956259525,0.8219813981654335,0.5703584627339254,0.4688240466535193,-0.25689150394212956,0.44455483210304336,-0.11420235940369171,0.8795068063687804,0.4916925709258373,0.4324469627702382
2024-09-27,1290.92,266.33396541813295,1.2591056710014223,1.0,0.11452074343921118,0.5,0.9231995552066123,0.4864115545356296,0.44905493079465014,0.7393607624212623,0.5696052814735734,0.42114379518947886,-0.25055232367808755,0.4442314594113743,-0.11130322440642787,1.0176378146021992,0.4915404697488137,0.5002101694237212
2024-09-30,1287.9399,266.0354990377695,1.444098847644457,1.0,0.11054837298886501,0.5,1.1606853832377135,0.4865761113352095,0.564761780259424,0.646454286599614,0.5685125867877414,0.3675173987147705,-0.044765594271288525,0.44578516434039905,-0.01995583779902198,1.082525730875083,0.4912359044245648,0.5317755064692844
2024-10-01,1292.2,266.95997837877775,1.554152638966356,1.0,0.10447146766508969,0.5,1.1914132580957228,0.4854501793514068,0.5783717798242125,0.7509103644954368,0.5669801454190327,0.42575126765828164,-0.005891673870922339,0.44905403024377094,-0.0026456798966195947,1.1252822586730455,0.491143681614786,0.5526752713804816
2024-10-02,1287.84,265.2171104967032,1.0974765107355067,1.0,0.11882627162608798,0.5,0.9978820249847677,0.48470296848603417,0.4836763797089718,0.43679183223352586,0.5651972496009631,0.2468735422265541,-0.490165094963036,0.45226579956512,-0.22168490859237044,1.1988269109338665,0.49098955989721027,0.5886114973923512
2024-10-03,1278.1,262.2408856420614,0.20143749365062796,1.0,0.147432440753002,0.0,0.4133357076418535,0.4845275481282219,0.20027253697755085,-0.05391838103368181,0.5639191220614381,-0.030405606095487942,-0.9704404055814129,0.4541649210882527,-0.4407399902217343,0.9621724467705713,0.49087931646303024,0.4723105529902994
2024-10-04,1270.6,261.2186103985069,-0.21094830396393432,1.0,0.14708772425152428,0.0,0.28861487076197756,0.48528803262025116,0.14006134281702814,-0.21719096060596577,0.5629264974632512,-0.12226254673459527,-1.0544973183714013,0.4556975988003974,-0.48053189592330575,0.5140081976398211,0.4898458760639664,0.2517847958769385
2024-10-07,1269.9301,261.4698681518272,-0.059324079728005186,1.0,0.13302208687426822,0.0,0.2873765584007987,0.486477651845229,0.13980227332618386,-0.18648209521618173,0.5619565304661768,-0.10479483122174871,-0.7522328574274155,0.4567710682838776,-0.3435982058853544,0.5099786934257122,0.48877862402152356,0.24926668405291402
2024-10-08,1271.98,261.7746174591551,-0.12725306391578656,1.0,0.12028391081719071,0.0,0.07678021891781892,0.4875599451525286,0.03743495932437093,-0.1435074729259379,0.5609560846397509,-0.08050139012907918,-0.9407888890713242,0.45805923442035457,-0.4309370382791866,0.7110748787688664,0.4876426035025474,0.3467504051681083
2024-10-09,1281.85,263.96288204450843,-0.006455320313996982,1.0,0.12168681289314205,0.0,-0.6087561717853724,0.4878265643779777,-0.29696743182594826,0.19087592552491123,0.5601124811213007,0.10691198823208264,-0.5432750204749395,0.46003539356630596,-0.2499257378589317,0.8911410357851777,0.48648400615602216,0.4335258611388003
2024-10-10,1286.36,263.95308109034033,0.07522478840509073,1.0,0.11371781085917444,0.0,-0.38589076507504,0.4870687638293613,-0.1879553379182662,0.16874769890538774,0.5594707590471932,0.0944094031940645,-0.54041731559721,0.46266479241770575,-0.25003206513971693,0.862644423928375,0.48548715629764777,0.41880278826900935
2024-10-11,1288.39,265.0955601076567,0.20865693987632516,1.0,0.10872488782412654,0.0,-0.4966485769857899,0.4867808588172919,-0.24175902083552872,0.33206188426962835,0.5588131277358873,0.18556054015058326,-0.43879209172193395,0.4646813485980764,-0.20389850093551912,0.9672875899317998,0.48460657034774945,0.46875392149678974
2024-10-14,1286.34,264.3386389098862,0.08621693739069419,1.0,0.11064599762404549,0.0,-0.45920832829332026,0.4853836688806403,-0.2228922231675573,0.1883693852271579,0.5584766117111855,0.10519989601178217,-0.6305690579287468,0.4662780798849863,-0.2940205295659008,1.0269512217111885,0.4848621663672395,0.4979297941123701
2024-10-15,1281.08,261.97598063508826,-0.5326088406047516,0.0,0.13240468155575968,0.5,-0.9642055255911568,0.48425053693846726,-0.4669170434865547,-0.1991640854634595,0.5582719998156392,-0.11118773228313843,-0.916400810492432,0.4674642602163044,-0.4283846269384665,0.9768948492831475,0.4850886074905043,0.4738805621034081
2024-10-16,1279.48,261.18581563249137,-0.8731973096845733,0.0,0.13156354237475237,0.5,-1.1809713189921378,0.4843378452735533,-0.5719891039705182,-0.3199553115688563,0.5580688468357723,-0.17855709176621187,-0.905261104223037,0.468939968568418,-0.42451311376056233,0.6239278091258216,0.4838091769553508,0.30186199981271894
2024-10-17,1286.52,263.15046033767305,-0.5714933584780866,0.0,0.129879439529051,0.0,-1.037373591198005,0.483794463709592,-0.5018756002201324,0.0009714059996112012,0.5579609745434467,0.0005420066382204169,-0.7951917502438816,0.470263464818973,-0.37394962766515116,0.6287142822464307,0.4831922406526518,0.30378986276897657
2024-10-18,1285.46,262.45105709068525,-0.48906205780301515,0.0,0.12832780109450231,0.5,-0.8616432213161732,0.48292345859414393,-0.4161077245122058,-0.11746713683630798,0.5578594581773831,-0.0655301533091513,-0.6883338681865984,0.4713318437305985,-0.32443367119460415,0.656144456599022,0.48313978427264914,0.3170094912129461
2024-10-21,1279.77,260.9159318157631,-0.9603239929010512,0.0,0.13679069356845425,0.5,-1.0823291697861661,0.4820978608714563,-0.5217885775126899,-0.37194738578080283,0.5579957901621476,-0.20754507542750422,-1.172962065353616,0.4722658450412534,-0.5539499209955593,0.6687991389240686,0.4828947321228073,0.3229595810347023
2024-10-22,1269.89,259.16670645997397,-1.3643604535463338,0.0,0.14670487628903167,0.5,-1.0663416982443366,0.48146919073775013,-0.5134106745036189,-0.6591243489099866,0.558557845714031,-0.3681590763848254,-1.5543214050962686,0.4730327839438056,-0.7352449813961356,0.5236327498107027,0.4821208735120371,0.252454278738246
2024-10-23,1270.9,260.2569965376722,-1.2812639611584449,0.0,0.13710977888546363,0.5,-0.9227494764103352,0.4812618907107446,-0.44408415766958753,-0.4873756649202222,0.5584683788666385,-0.2721838974870465,-1.5500550757407525,0.474922940139734,-0.7361567139493163,0.35616150473561214,0.48057076823774736,0.1711608079475052
2024-10-24,1257.41,257.6253802881577,-1.5824152970649843,0.0,0.15835954188187132,0.5,-1.1127819819256424,0.48092324760887817,-0.5351627246283239,-0.9117699476146736,0.5582514245406023,-0.5089968721092019,-1.629992124556272,0.47648158443877536,-0.7766612301312982,0.49707372021999924,0.4796180528279066,0.23840552980383967
2024-10-25,1252.72,256.9134183511484,-1.9905683507930323,0.0,0.15312308438534744,0.5,-1.1309113781825433,0.4806612570912827,-0.5435852846960563,-1.0122279962418117,0.5581005050746265,-0.5649249559532322,-1.9899395891393097,0.47823398121755756,-0.9516567320965228,0.14550932104573353,0.47831040274666775,0.06959862195277898
2024-10-28,1254.77,257.65492348177844,-1.6991456295526544,0.0,0.1404023485320845,0.5,-1.1675576386352213,0.48066033019839705,-0.5611986401120662,-0.8639602361187411,0.5577101110202046,-0.4818393592028253,-1.5831865029475796,0.48019687369347874,-0.7602412091891392,0.21840201859246458,0.4767976945565157,0.1041335789513764
2024-10-29,1261.78,259.1768775473969,-1.045290630513024,0.0,0.13462366941281448,0.5,-0.5107144003056936,0.48018667478829574,-0.24523824964928959,-0.5963172869422645,0.5572082100605034,-0.33227288808523475,-1.3780909320262096,0.48216113951159817,-0.6644618941363576,0.41330376703536875,0.4758785596576155,0.19668240135785794
2024-10-30,1258.63,258.9016632773283,-1.2422504545969775,0.0,0.12796344789215208,0.5,-0.7112620426017604,0.4800611749701738,-0.3414492918830869,-0.6624204854689052,0.5567733314192896,-0.3688180604949055,-1.5902223337477501,0.4839409637298284,-0.7695737287385831,0.5005004841313543,0.4747060873116829,0.23759062651959822
2024-10-31,1264.48,259.2147490687305,-0.9996170718632214,0.0,0.11588241987419855,0.5,-0.7275255035560935,0.47997080889493937,-0.34919100443351625,-0.6213171401517722,0.5569528591355708,-0.34604435763746566,-1.2166259974360365,0.48489735037716175,-0.5899387225567057,0.6029374958288205,0.4736096440177912,0.28555701276446616
2024-11-01,1254.89,257.44759093560765,-1.6113293437561615,0.0,0.1296082665274655,0.5,-1.06821121721315,0.478372812327725,-0.5110032041382768,-0.9623990840741435,0.5569738429774419,-0.536031116334746,-1.9225923462567913,0.488285649921113,-0.9387742533253549,0.7938645619358242,0.47171677386512306,0.37447923004221617
2024-11-04,1244.71,255.51766984412407,-2.0600031536309276,0.0,0.14342940384798689,0.5,-1.026046242048296,0.47810629128152365,-0.49055916346905537,-1.3654654525142462,0.5578885339984956,-0.7617775195287652,-2.1665712995629387,0.491137744591213,-1.064084941563395,0.5479846931885731,0.4679299880408321,0.2564184709302881
2024-11-05,1245.76,256.1112530613767,-2.006688904174023,0.0,0.13110995836830627,0.5,-0.8319755591187068,0.4778701075440699,-0.3975762499100941,-1.2780337471759784,0.5590495395017335,-0.7144841778264056,-2.0817604585549088,0.494368914979091,-1.0291576591421652,0.29033359859565266,0.4633607111108089,0.13452918270464176
2024-11-06,1261.28,260.1293977676265,-0.7774927863039827,0.0,0.14457646198910187,0.5,-0.4067689704603713,0.4770531135393734,-0.19405040384932554,-0.4999220133939808,0.5593768568470484,-0.279644804520973,-1.0817645743706819,0.4977933668239326,-0.5384952295868402,0.5100681293656864,0.4601300064464385,0.23469765165315606
2024-11-07,1259.75,260.45844600453114,-0.9857799198996383,0.0,0.1303682270091619,0.5,-0.327729220493675,0.475877225520819,-0.15595887217063079,-0.45004079420883,0.5589016332031677,-0.25152853489136573,-1.393599949541008,0.49966252599693267,-0.696329671016858,0.2566588101361752,0.4598991093139929,0.11803715817921619
2024-11-08,1252.5601,260.03730365566906,-1.1767336017374095,0.0,0.12570294333006,0.5,-0.5632131818987746,0.4746457978088699,-0.267326770058816,-0.5409663028130186,0.5583945680817908,-0.3020726450060788,-1.6934509616331592,0.5012982860384284,-0.8489240645568311,0.5251868222410421,0.460007501432386,0.2415898778843164
2024-11-11,1250.3199,259.7067806100361,-1.214646504296672,0.0,0.12066629506060797,0.5,-0.5297967437524062,0.47438916810387494,-0.25132983653284574,-0.6144058883452368,0.5581950054792599,-0.34295829821135904,-1.7881881297254618,0.5020459762289933,-0.8977526552691172,0.6034260202760002,0.45969891319862727,0.27739428571665015
2024-11-12,1244.8199,259.1885427293125,-1.1943332170301244,0.0,0.11842798357188934,0.5,-0.5963698216882635,0.47444962304596316,-0.28294743709598486,-0.7027130305956811,0.5583517354097127,-0.3923610401281171,-1.6608009689300323,0.502903517334074,-0.8352226488667513,0.6896245859395268,0.45850730311470705,0.316197909060729
2024-11-13,1246.04,259.30661561986466,-0.930224089282602,0.0,0.10945153763638091,0.5,-0.5604235432227078,0.474368384270028,-0.2658472107054401,-0.6615620486782686,0.5581180496221595,-0.3692297203123554,-1.2448550072375308,0.5029295657457294,-0.6260743882063683,0.7212144860265002,0.4588471756367388,0.3309272299415619
2024-11-14,1231.89,255.2842778634248,-1.7189616475510072,0.0,0.15817619868731977,0.5,-0.6971089875940193,0.47430809072716984,-0.3306444329344696,-1.4170377537740406,0.5571205686277252,-0.789460879149548,-2.01189530650339,0.5021253893997975,-1.0102237142096397,0.8923420849430512,0.46099739739261947,0.4113673787426504
2024-11-15,1218.5699,252.4855868292537,-2.9510491301618487,0.0,0.17896703378898735,1.0,-0.8690522796740929,0.47571522226419705,-0.41342139838436825,-1.8830890449100253,0.5573085599170134,-1.0494616438143105,-2.814808477950853,0.5018792698536968,-1.4126940236919696,-0.16421746047533503,0.4595861125409148,-0.07547206427120055
2024-11-18,1217.12,252.85398471277256,-2.7497922691249537,0.0,0.16027795830792735,1.0,-0.6819968742818844,0.4765587557468412,-0.3250115818310097,-1.7202917969528766,0.557225351336392,-0.9585902009581797,-2.3642698825743005,0.5010355122990834,-1.1845831718289084,-0.6125444231623363,0.459733700705368,-0.2816073145068558
2024-11-19,1205.15,249.30659932833063,-3.388663308527602,0.0,0.19154864523007464,1.0,-1.091605265161063,0.4762901111514279,-0.5199207930770466,-2.2810609708194294,0.5568330540551574,-1.2701701468674051,-3.0,0.5004913780028504,-1.5014741340085511,-0.21058953793188806,0.4610781500741215,-0.09709823457459898
2024-11-20,1216.54,252.36866332150657,-3.278312457452668,0.0,0.18930376602059948,1.0,-1.149889824130218,0.47690290244702954,-0.5483857946220053,-1.5995614804824398,0.5571545647792674,-0.8912029804958744,-2.8662115726279547,0.5002968987948414,-1.433956761075651,-0.8794182380013584,0.4602666896914097,-0.40476692125913755
2024-11-21,1228.33,254.83596830832673,-2.366356310855901,0.0,0.1830228653681771,1.0,-0.7201819499476508,0.47702793105707125,-0.34354690556817513,-1.07470928482986,0.5564164112384988,-0.5979858833897244,-2.1061828447317708,0.499606277314781,-1.0522621704006954,-0.8067979561285583,0.46177775819494143,-0.37256135149730635
2024-11-22,1228.1,254.24465632139731,-2.3686380142291097,0.0,0.1728981490761125,1.0,-0.7586280542620307,0.4773738403718796,-0.36214918767691223,-1.136546402417828,0.5561897534684214,-0.632135463366193,-2.1417004088363694,0.49901288599581506,-1.0687361019518538,-0.6610304277817233,0.46233463451862167,-0.30561726123415117
2024-11-25,1234.7,255.93611409072884,-1.9078264145408257,0.0,0.16368945712050545,1.0,-0.4762981907128094,0.47816484834151124,-0.2277490521275267,-0.7778823120696811,0.5555358914050268,-0.4321415436438335,-2.0919439192425395,0.49798224710391553,-1.041750933719772,-0.444926511405244,0.46341334976530096,-0.20618488504969348
2024-11-26,1242.13,257.71346591209993,-1.2438384100560276,0.0,0.15631121165279213,1.0,-0.006711645667371855,0.478891253306098,-0.00321414840539415,-0.42008498462937793,0.5551601933191795,-0.23321446127733003,-1.8008558378432218,0.49678326754830215,-0.8946350475071911,-0.24284005641558065,0.4643993026962444,-0.11277475286611231
2024-11-27,1241.97,257.21885564120026,-1.3774034404696653,0.0,0.148905960281936,1.0,-0.2975926737902054,0.4793005188091562,-0.14263632294144943,-0.5031097850708062,0.5550762018729025,-0.2792642686221954,-1.8515835712476265,0.49554362453904854,-0.9175404340330044,-0.081569287945553,0.46540083687325856,-0.037962414873016166
2024-11-28,1242.11,257.46483612484866,-1.094508036594438,0.0,0.13449513771438354,0.0,0.20839832188705956,0.48041187531880714,0.10011702863105469,-0.4438771270197258,0.5558222432427373,-0.24671678046424544,-1.9748677475024714,0.494091009873456,-0.9757643997300134,0.059917382663851805,0.4649087415090266,0.02785611496876611
2024-11-29,1250.46,259.18275531403185,-0.22518550295933412,0.0,0.13077198955200817,0.0,0.9902307644124778,0.48181190059727985,0.4771049666314732,-0.1227573146148961,0.555260477550685,-0.06816228513590689,-1.6261872918355484,0.4917847507933013,-0.7997341120585787,0.35494068790050615,0.4665735241097505,0.16560592760367823
2024-12-02,1251.21,259.52122728525944,0.07439118265560146,0.0,0.11847897474194075,0.0,1.127253825145999,0.4825976817328908,0.5440100827399925,-0.06689907517443126,0.5558367722562159,-0.037184966011881815,-1.2867174061721913,0.4899255907678132,-0.6303957853701391,0.42387312033636154,0.4670309151487091,0.19796185129762983
2024-12-03,1249.83,260.0452011115887,0.5206102080711701,1.0,0.10896650176333746,0.5,1.7646101213817487,0.4833354552693104,0.8528986363908805,0.023647886031925094,0.5559478363683303,0.013146991074133618,-1.3508507818682947,0.488497120623993,-0.6598867173353316,0.6724336693693889,0.4676316970213303,0.31445129794148746
2024-12-04,1240.41,258.0945934276532,-0.1694461281622061,1.0,0.1261734657434355,0.0,0.7146439057783253,0.48310804937021107,0.34525022331487565,-0.34389903699904995,0.5565316624092023,-0.191390702762005,-1.4911501397976814,0.48683172435979816,-0.7259391938370593,0.8586635403554124,0.4689072333912385,0.4026335451219825
2024-12-05,1267.53,264.5062269951241,1.0276883758627169,1.0,0.15969168185769894,0.5,1.4874115783156523,0.4831128568516678,0.718587656914323,0.8350159992692054,0.5569280222791407,0.46504380904443904,-0.7671679942151048,0.48642703730555453,-0.37317125454169825,0.46331959782156323,0.4688516640932452,0.21722816444565302
2024-12-06,1270.14,264.50791588609763,0.820981214807013,1.0,0.1463893423066015,0.0,1.6169467608439376,0.48381009973287237,0.7822951736266504,0.796239357988333,0.5570018982048566,0.4435068338249178,-0.6015956095421506,0.4856933474423268,-0.2921909854051341,-0.24024845033956188,0.46880555142075847,-0.11262980723942101
2024-12-09,1273.84,265.6088098417045,1.0328659754397163,1.0,0.13672605944915878,0.5,1.512848860881305,0.4843178877411203,0.7326997647735937,0.9570234673715129,0.5572813073866625,0.5333312890965136,-0.5166920540447428,0.48608123551993837,-0.2511543120134034,0.03847590231065751,0.46754546359343774,0.017989233583012187
2024-12-10,1272.0699,265.72485055573185,1.2652342294403245,1.0,0.1253874330351579,0.5,1.7313796532473062,0.4850678770446729,0.8398366527590128,0.9373298300093535,0.5571325479854357,0.5222169564958664,-0.4298542106212802,0.4866280044799996,-0.20917909673195903,0.24092138495446475,0.46637502494285,0.11235971691740446
2024-12-11,1268.86,265.39894407205423,1.3720927323316656,1.0,0.12026427682606618,0.5,1.9182110826905958,0.4856304282305796,0.9315416695236778,0.8328375691609796,0.5570521172291383,0.4639339312090926,-0.5006688670580715,0.48663363753044697,-0.24364231197471709,0.47278198190478465,0.46587952164803775,0.22025944357361232
2024-12-12,1267.35,264.9169129748192,1.175808899773238,1.0,0.11755086434405893,0.5,1.7209513091929316,0.48581801064767527,0.8360691414536223,0.70378042344705,0.5569492021312151,0.39196994531440327,-0.6501668999456411,0.4864240058190392,-0.3162567879225052,0.566549208220257,0.46602589342084544,0.26402660092771785
2024-12-13,1262.5699,263.5005717145772,0.9544564803957832,1.0,0.12614038496980282,0.5,1.6291031630489798,0.4859902348349213,0.7917282287804869,0.40953791454830635,0.5568013852353366,0.2280312781268879,-0.7197997121540779,0.48571516981933965,-0.34961763942482976,0.6091215582703929,0.46676169814207946,0.28431461291323823
2024-12-16,1263.79,263.8222823980592,0.8717164670623309,1.0,0.11431734720527657,0.5,1.5930875464994723,0.4863134572108275,0.7747399123776733,0.44812289954338286,0.5568715436873519,0.24954689083037573,-0.710371225431359,0.48467492185150207,-0.34429911817149966,0.41018329179529434,0.46742221309556764,0.19172878202578147
2024-12-17,1261.72,263.49511361167373,0.8272912654803126,1.0,0.11070586046521996,0.5,1.3533217182148118,0.4864412077268877,0.6583114510514398,0.36038762231799193,0.5571595746460007,0.20079341435837594,-0.7014819525745347,0.4841526827123568,-0.3396243692132632,0.6584366990494108,0.46748726146059055,0.3078107692837601
2024-12-18,1266.0,264.8906353825626,1.2162047537502563,1.0,0.10778368243420133,0.5,1.590473476334603,0.48640520053860525,0.7736145702078652,0.5895595765291569,0.557655765714158,0.32877129708348174,-0.46039713836062457,0.48371235289056363,-0.2226997830605001,0.7199971302070599,0.46738890392886967,0.3365186695194094
2024-12-19,1254.67,262.62381839328265,0.1921116876008068,1.0,0.12896695950928933,0.5,0.2628399565418038,0.48708671896747135,0.1280258520455,0.13645740188889025,0.557946347472355,0.07613590896947356,-0.7701558525020932,0.483125280554394,-0.37208176231068224,0.7710459229403536,0.46693935884330817,0.3600316888965155
2024-12-20,1257.5,262.5475948179367,-0.07770584586340884,1.0,0.12069347795211895,0.5,0.037739653440638864,0.4872119112257099,0.0183872086818096,0.10329020078422815,0.5583352868754687,0.057670563886286795,-0.6087432661828792,0.4828826845186529,-0.2939515825570416,0.3004491414749917,0.46659465704349545,0.14018796412553639
2024-12-23,1262.76,264.04002564487126,0.13339991377491756,1.0,0.11712642853380081,0.5,0.01106488638396927,0.4866764006757115,0.0053850190792358536,0.3607984183573333,0.5587033717639962,0.20157929286335902,-0.6043313617626317,0.4834289251865038,-0.29215126067340524,0.4689225206783847,0.46614707732420463,0.21858686250572792
2024-12-24,1260.36,263.6483245435163,-0.10259857626965874,1.0,0.11385496211834793,0.0,-0.27924455862181385,0.4860621157676751,-0.13573020098032942,0.26281030228882113,0.558715769314049,0.14683626022695648,-0.7559459233865485,0.4842201208156438,-0.366044226352328,0.541557154070009,0.46595191096565464,0.2523395908360422
2024-12-25,1274.04,266.4638932251115,0.8773589624590238,1.0,0.12029682003898805,0.5,0.6385262697704615,0.48552786106413254,0.31002229399491144,0.7559937331345443,0.5585075812917442,0.4222282313646907,-0.2789688188261859,0.48495684705264863,-0.13528783880394868,0.601718674438977,0.4659923113817313,0.28039627590337035
2024-12-26,1272.87,265.8884973182875,0.4918243629909311,1.0,0.11859479196949002,0.5,0.0631935787221347,0.4853143567207061,0.030668751006412105,0.6064220205312569,0.5583815898649831,0.3386148919533787,-0.19786697211913729,0.48551847852810653,-0.09606807125424681,0.46933831722180364,0.4657808307223193,0.21860879128538713
2024-12-27,1275.14,265.31126631759633,0.31792724330960187,1.0,0.11715777873204739,0.0,-0.013337278712971785,0.4846656658651358,-0.006464121068251372,0.46809952727132365,0.5584504327012696,0.2614103835519304,-0.3508615192384902,0.4860426930509044,-0.17053367769860747,0.5012905036610675,0.4658270141147821,0.23351465852453035
2024-12-30,1272.02,264.73171390476415,0.17468675251710258,1.0,0.1159552062888534,0.0,-0.18720534261740324,0.4844404698551681,-0.09068984413697255,0.3368268577856981,0.5582874656938503,0.18804621281080033,-0.3453752380692841,0.4863055958382449,-0.1679579109370589,0.5263898458363083,0.4659821930847259,0.2452882947803337
2024-12-31,1266.78,263.8746213126002,0.14005921199129256,1.0,0.11810833588786915,0.5,0.07412018353985601,0.4839913714779119,0.035873529285649464,0.16082210798177432,0.5582634372682699,0.0897811027906342,-0.49591646654323357,0.4866294970438767,-0.24132758068971025,0.5486172461028966,0.4661394850805601,0.25573216060471915
2025-01-02,1269.71,264.4106490683352,0.0977317555337176,1.0,0.10866424843222733,0.0,-0.09556336935155213,0.483858417490158,-0.046239140664469484,0.24853636085221062,0.5582578302573038,0.1387473695494014,-0.46968593949176096,0.48671791913824874,-0.2286045631179233,0.5015704613352322,0.46619190680454853,0.233828089766709
2025-01-03,1254.59,260.86215441972615,-0.6159195122896768,1.0,0.14861299063227265,0.5,-0.4417846712157642,0.4838417934482115,-0.2137538876389638,-0.41351128433337936,0.5581042192565795,-0.23078239249666613,-1.0281893981095573,0.48674205714296226,-0.5004630227684301,0.7056228090938657,0.4663678474863579,0.32907979061438336
2025-01-06,1246.35,257.65859191749405,-1.6931161548052749,0.0,0.17578391759538664,1.0,-0.6450278043957145,0.4840106295477012,-0.3122003136813412,-0.9805431129933994,0.5582828231061663,-0.5474203772992636,-1.5679439086440823,0.48670478122059324,-0.7631257970227799,-0.15100214739238663,0.4660176561531352,-0.07036966680189027
2025-01-07,1246.95,256.88802542470097,-2.198049686833799,0.0,0.1686509681492694,1.0,-0.9840404076405177,0.4844300096937032,-0.47669870421229166,-1.0731373784463818,0.5580877558404633,-0.5989048312456592,-1.6133311951055265,0.48653898071409574,-0.7849485152208968,-0.7242614599864939,0.4659886723245562,-0.337497636154951
2025-01-08,1251.02,258.5935226324849,-1.7951726290556782,0.0,0.1600345781156068,1.0,-0.8455558689174261,0.4851525661386757,-0.4102235996189069,-0.7103716539267501,0.5575651632359064,-0.39607848717982924,-1.5013590559702652,0.4865063891425935,-0.7304207731266266,-0.5547363692547135,0.46589656538572005,-0.2584497691303156
2025-01-09,1245.77,257.6345738492765,-1.9096205294204571,0.0,0.15731874016751854,1.0,-1.0723848647177614,0.48568598263195345,-0.5208422967800804,-0.8502168946667396,0.5571474390324386,-0.47369616548568655,-1.547664930307531,0.48659541294368963,-0.7530866558614596,-0.3478180793512549,0.4657475298448606,-0.1619954112932307
2025-01-10,1230.48,253.84904590421863,-2.3405055318493067,0.0,0.1916254553197627,1.0,-1.1677031415947634,0.4858089955658182,-0.5672806903372024,-1.4939217335921333,0.5571886575773158,-0.8323962452657773,-1.6676855799611336,0.48663321127390535,-0.8115511891716717,-0.27769918319028697,0.4655303828750229,-0.12927740707465543
2025-01-13,1235.65,256.0261024989634,-2.2141184730070598,0.0,0.18292977178391454,1.0,-1.0099218257720026,0.48582361328944357,-0.4906438705364262,-1.0213493684804085,0.5577254237460055,-0.569632509328451,-1.4034865229910474,0.4866185747928869,-0.6829626115589278,-1.0128897013266844,0.4648872241138359,-0.4708794815832546
2025-01-14,1229.0699,254.53444132182184,-2.3398739856516464,0.0,0.18312359333142267,1.0,-1.1821273527602594,0.4857281128129891,-0.5741924881608554,-1.237915127406298,0.5581637294879999,-0.6909593243027118,-1.4508282371757852,0.48635095818322926,-0.7056117033097286,-0.7942283335522974,0.46474099989288,-0.3691104698783505
2025-01-15,1236.1801,257.14505620915924,-1.8390575098123594,0.0,0.17860912952000957,1.0,-1.1869654784122834,0.48586830387257135,-0.5767089037514713,-0.6998636834566263,0.5582274991733253,-0.3906831537782242,-1.0434893192382846,0.4861091553214247,-0.507249711561851,-0.7840761605877106,0.4647708463010304,-0.36441574072081284
2025-01-16,1242.36,258.3652643377378,-1.5808240967085525,0.0,0.16536298723623236,1.0,-1.167049423027346,0.48571276816979103,-0.5668508058495697,-0.4422092346651179,0.5588551120578944,-0.2471308913918102,-0.948238350113322,0.4856880858169877,-0.46054806916479796,-0.6592371169002615,0.4646193644899322,-0.30629433030237463
2025-01-17,1249.11,259.9587695873056,-1.0186533387558883,0.0,0.15641833169755362,1.0,-0.82864278177068,0.4853433002014598,-0.4021762223926999,-0.1307667029395501,0.5593306363296241,-0.07314182316590548,-0.778711362109085,0.4855810254627881,-0.378127461752454,-0.3556335367728338,0.4645451408885484,-0.16520783144482887
2025-01-20,1249.55,259.9339883316194,-0.8059064051104532,0.0,0.14385439549698878,1.0,-0.45542863917442733,0.4847543568953129,-0.220771017094707,-0.12512174333580775,0.559619000702232,-0.0700205049717059,-0.915842243254736,0.48614130258580984,-0.44522874109896743,-0.15054313586238058,0.464226691869628,-0.0698861419450729
2025-01-21,1246.09,259.1914010543666,-0.8342154040790157,0.0,0.1409491312098049,0.5,-0.6488734427113305,0.4844569910991634,-0.3143512756600866,-0.25049617685114983,0.5598072632671873,-0.14022957922193555,-0.8986070723928,0.4863893569594194,-0.43707291610032045,0.12377617613392065,0.4640502615073602,0.05743836690332695
2025-01-22,1242.53,258.13191947055327,-1.1463472501347205,0.0,0.1421556235701335,0.5,-0.9368460082906188,0.48404724064987137,-0.45347772522692054,-0.4267239764461775,0.559830916955076,-0.2388932750205798,-1.1082105610370032,0.48696021812403073,-0.5396544565299336,0.18471078965503782,0.4638505785326577,0.08567820664271333
2025-01-23,1259.63,261.6204471403356,-0.18335534941472093,0.0,0.1497207913078574,0.0,-0.32018353546769873,0.48372968327757077,-0.15488228020248276,0.23832021969798212,0.5599483730658921,0.13344701928859104,-0.4808457853170885,0.4874701521512349,-0.23439796812980115,0.15636936909366841,0.4635043298381299,0.07247787962897195
2025-01-24,1265.05,262.8987273603982,0.4161276907645943,0.0,0.14081643542384878,0.5,0.7835459648313337,0.4834623962089237,0.3788150096971896,0.469497585231574,0.5600075599561876,0.26292219711085596,-0.4688634670654363,0.48785842856322487,-0.2287389942532491,0.006754709716700185,0.4633031382622649,0.0031294782097978095
2025-02-03,1253.03,261.1905236099688,0.1180207368220718,0.0,0.14959132111676382,0.5,0.4930030319891708,0.48413078598184517,0.23867794536835002,0.14066655996809474,0.5599458825295844,0.07876566106373552,-0.6098747145541148,0.4882025696138358,-0.29774240278782343,0.21266730302988754,0.4623161707373146,0.09831953317780971
2025-02-04,1264.6801,264.6977059018574,0.7742124592388098,1.0,0.1547039356611898,0.5,0.9689226061845524,0.484396107802551,0.4693423391977011,0.7834022887315791,0.5599735040288599,0.438684524685251,-0.2903414288726621,0.48825085916409666,-0.14175945209800875,0.01719879749967254,0.4619536600752304,0.007945047453866452
2025-02-05,1269.61,265.95704871666766,0.9693961997595276,1.0,0.1449761029723318,0.0,1.0913127914238512,0.48485147469560197,0.5291246162760281,0.9809330469126191,0.5601832258328346,0.5495022385455423,-0.1259274787330282,0.4886823136579028,-0.06153853166036258,-0.10350663432785136,0.46076392794898663,-0.047692123401680206
2025-02-06,1271.48,266.0304528812234,1.0509116924859747,1.0,0.13311829619459925,0.5,1.1374457122424726,0.4857010301037289,0.5524585541232385,0.9533964318045526,0.5602626294188569,0.5341523917613745,-0.19420030151016068,0.4895216585956863,-0.09506525369503623,0.12937213234009137,0.45887780639139053,0.059366000296397804
2025-02-07,1275.2,265.98557111656476,1.0701090868956393,1.0,0.12406935574914611,0.5,1.03936388345581,0.48663517386132665,0.5057910241307018,0.9058663840556426,0.5600560963896527,0.5073359909048131,-0.26212334297751727,0.4899074622377966,-0.12841618175140304,0.40504106641997306,0.45772705283985804,0.18539825361152745
2025-02-10,1263.26,262.83260986703436,0.38970847319253993,1.0,0.1541777451840308,0.5,0.8333103040235889,0.4870850858989929,0.4058930210158457,0.29569123482267207,0.5599449410512304,0.16557081105214663,-0.9464026503220295,0.49000047071686176,-0.46373774414547997,0.616645099072723,0.45728472616429966,0.28198238527002756
2025-02-11,1268.45,264.39603472380674,0.64721305400567,1.0,0.14643983024966062,0.0,1.0507545498834152,0.4879504002117382,0.5127161031399172,0.5728582305719978,0.5597459963137049,0.320655101018029,-0.3108968735490208,0.4892741566125673,-0.15211380559918114,-0.07443282889784937,0.45738345642911354,-0.03404434455309515
2025-02-12,1266.91,264.5272949950019,0.749392676567787,1.0,0.13378278647682867,0.5,1.1442761551140008,0.4887064469552839,0.5592151341014167,0.5780078648086635,0.5596321523074786,0.3234717854335225,-0.3777371870356113,0.48956733596217306,-0.18492778835086932,0.1131320231336594,0.4564007957562541,0.051633545383717096
2025-02-13,1270.35,265.81839890486225,0.8511178603413634,1.0,0.12710030876560227,0.5,0.8196187095895381,0.48933029860490446,0.4010642679056151,0.794808600510684,0.559448847386091,0.4446547554482543,-0.36689350351350625,0.4900748549923892,-0.1798052805320312,0.4066743709765404,0.45541133333481926,0.1852041175195252
2025-02-14,1276.08,266.81547777184454,1.3720533795296985,1.0,0.11947892381555988,1.0,1.0031024504448165,0.48960757916956704,0.49112656242134717,0.9486276757264309,0.5592091609413614,0.5304812865887313,0.19118614400149822,0.49037530167570104,0.09375296304094871,0.5640551525038255,0.455084163914149,0.25669256747867125
2025-02-17,1272.72,267.219747898724,1.4258250770846859,1.0,0.10929287363600151,1.0,1.053242276857118,0.48980489110997694,0.5158832187284248,0.9871303340197618,0.5590128864780818,0.55181857735046,0.042376021893605634,0.4907947660080758,0.020797929749625275,0.7419278314414339,0.4546605976497912,0.3373253512561759
2025-02-18,1278.14,268.6803646696039,1.770270582775236,1.0,0.10678678431871766,1.0,1.1053673823047316,0.4898993143477812,0.5415187226934898,1.2190154335276417,0.5587850956297135,0.6811676555978399,0.20970992399375485,0.49104084431644873,0.10297613813943167,0.9780781061789461,0.45457317113601814,0.4446080663444746
2025-02-19,1288.5601,271.856225598915,2.402406268633226,1.0,0.11574317917474798,1.0,1.1757732905047695,0.4897606042778731,0.5758474372513992,1.7498791136493264,0.5585491960060956,0.9773935720366905,0.7730269757400945,0.4912782013960523,0.3797713022722234,1.0321884574592248,0.45475606095067755,0.4693939570729131
2025-02-20,1292.98,272.2317799611646,2.2614127754847235,1.0,0.10582071902088688,1.0,1.080470531954925,0.48924572424024604,0.5286155879265312,1.744848226309524,0.5583873905085484,0.9743012479224441,0.7834639150052328,0.49184661522306616,0.38534407474473575,0.8203041031728442,0.45489454879928415,0.3731518648910124
2025-02-21,1296.75,272.5005558991075,2.280585947690487,1.0,0.09706734940172751,1.0,0.9922462078848817,0.4888530564823914,0.4850625915075868,1.726783764155734,0.5584229666491938,0.9642757123415068,0.716559836564996,0.492433322279213,0.3528579409315509,1.0522426221310113,0.4546382106638139,0.4783897029098426
2025-02-24,1304.5601,274.220545259681,2.9173887054116423,1.0,0.0975540690187225,1.0,1.4203046383501527,0.48802119868859845,0.6931387721106178,1.9681038298909628,0.5584299129907573,1.0990480504827864,1.1328654607474498,0.49284556023429116,0.5583277126721553,1.2456679363100889,0.45507647232638465,0.5668741701460829
2025-02-25,1303.16,274.325898382402,2.6633074030073716,1.0,0.09147573846457557,1.0,1.0571401402966614,0.4874691922848458,0.5153232503223021,1.9044448063503714,0.5580501539334467,1.062775717341578,1.0635606618503053,0.4934024546328928,0.5247634412079247,1.2303133881528359,0.4555302734509017,0.5604449941355667
2025-02-26,1302.96,274.4577426905946,2.659082992114591,1.0,0.08585555579936334,1.0,1.1434349780416277,0.48642739812345137,0.5561981012921348,1.8468186957941384,0.5580603012693399,1.0306361977647263,0.9104908518830555,0.49385061398871527,0.44964646623355536,1.3649204387686464,0.4561454346642,0.6226022268241748
2025-02-27,1307.8,276.0899593068212,2.803716644372219,1.0,0.08712118280892421,1.0,0.9337270699824847,0.48555520640302163,0.45337604018943395,2.0402237572031567,0.5578959305012681,1.1382325314556483,1.078313826219338,0.49428559709713626,0.532994993450923,1.486661398919396,0.4568041382993049,0.6791130792762138
2025-02-28,1305.36,275.8888446790606,2.652410562095283,1.0,0.08548163495950722,1.0,0.7377982105634923,0.48399229212201333,0.35708864705414445,1.9065870450431348,0.5577269351165332,1.0633549491647951,1.1645151679667258,0.494790254234759,0.5761907560184893,1.4314480154012659,0.45812086977816335,0.6557762098578537
2025-03-03,1309.37,276.565463529242,2.9265524799661073,1.0,0.0809386605064494,1.0,1.0801746314968068,0.48232508335273017,0.520995319172202,1.9428231659481865,0.5572233766872648,1.0825864848358908,1.3346633300101733,0.4955085086874558,0.6613370362531746,1.4392323026357778,0.4597128889430419,0.6616336397048398
2025-03-04,1311.91,276.2354288139374,2.7496657531672355,1.0,0.08142062647506128,1.0,0.8748138529774623,0.48118130255712577,0.4209440692707132,1.8042968991939867,0.5564423413962222,1.0039871911614455,1.2609612409375923,0.4959134306481257,0.6253276149076792,1.5157779932847308,0.4614177543980331,0.6994068778273974
2025-03-05,1304.71,273.5033770378502,1.8911732845150437,1.0,0.11276776961627502,1.0,0.3499759708159528,0.47968091243702354,0.16787679301202935,1.2551856288433496,0.5557457248269118,0.6975640470938703,0.6889554468078637,0.4962577107022,0.3418994528086817,1.475543173455914,0.4634449224544456,0.6838329916004625
2025-03-06,1318.22,276.92165930023987,2.3600693968992106,1.0,0.12209612076778616,1.0,0.8290073696334743,0.4781371926035125,0.3963792563641718,1.822807322334815,0.5554956808668657,1.0125615946094864,1.2046215510652836,0.496642171055403,0.5982658624211894,0.7589657150952264,0.464925722580354,0.3528626835043632
2025-03-07,1326.05,276.85434218017986,2.19295422239417,1.0,0.11469751091955749,1.0,0.7555219128443853,0.4777422209030602,0.3609447165832049,1.7496916509136986,0.5553890018911248,0.9717594996181935,1.2173491397560745,0.49687272289377715,0.604867581782998,0.5489583244825946,0.4652127730287673,0.25538242440977366
2025-03-10,1330.28,276.502283473978,2.092094315147455,1.0,0.11118753379008949,1.0,0.7672565717254766,0.47763112147396714,0.3664656168115107,1.634489565744064,0.5554465291301093,0.9078715561919198,0.9772693200853855,0.49701259590870434,0.48571516167757195,0.7139018221124713,0.4651087449026585,0.33204198046645256
2025-03-11,1332.54,277.32291237114873,2.192401752689218,1.0,0.1043540350332531,1.0,0.7878469939489452,0.4773312691647214,0.3760640055292606,1.7207555289309973,0.55535511407923,0.9556303830719397,0.991662953889786,0.49714890826809677,0.49300415489622307,0.7901139501390365,0.46537997351785754,0.3677032091917946
2025-03-12,1334.41,276.6531802068636,1.9230374187211905,1.0,0.10557431693600124,1.0,0.35870756195732306,0.477134860024071,0.17115188236408313,1.5418690067443417,0.5551545909807387,0.8559756577850329,0.924341182981982,0.4975283610032,0.4598859537767845,0.9368495016871936,0.4654151216497895,0.4360239247952899
2025-03-13,1326.27,274.1336888282465,1.3342279977182194,1.0,0.12897846936561672,1.0,0.11133290465124107,0.47597909081456974,0.05299213473364291,1.0262043877695213,0.5549439686571268,0.5694859356021752,0.5870717627593465,0.4978484296761635,0.29227275519695783,0.8991888406029703,0.4665062034179094,0.4194771721854434
2025-03-14,1326.15,273.36434963668,0.8561940998910766,1.0,0.1280672482279667,1.0,0.003400273742567006,0.47493242698446503,0.001614900260968898,0.8471962193125375,0.5549301162820178,0.47013469649679235,0.4238094795428768,0.49815074064117293,0.2111210061250341,0.37093104352398176,0.46726608633681366,0.17332349700828126
2025-03-17,1336.26,275.6398407256845,1.1709898804169543,1.0,0.12787308665798794,0.5,-0.09304058035792424,0.47422607005931655,-0.04412226877917645,1.230259009764994,0.554758799755021,0.6824970116450286,0.7055532636674796,0.49888230705929804,0.35198803993164945,0.3864454865978858,0.4674064101760446,0.18062709761945256
2025-03-18,1330.97,275.12466358454606,1.0004394951375046,1.0,0.12435658180394349,0.5,-0.4217929076927281,0.47328594562366244,-0.199628655174707,1.1042956065312077,0.5547029461085912,0.6125560263176345,0.8116141215132189,0.4995620983884648,0.4054516536248541,0.38926809665327805,0.4676994388571349,0.1820604703697231
2025-03-19,1324.63,274.43796464955983,0.8190337294282483,1.0,0.12315382528688504,0.5,-0.5211471497838883,0.47174928812241396,-0.24585079691757436,0.9487762517463495,0.5550352620191707,0.5266042754856018,0.6465565010832078,0.49936916704600215,0.32287038139409907,0.45923565680149875,0.4690617252293,0.21540986946612173
2025-03-20,1323.9301,273.916195588017,0.6112341699260316,1.0,0.12036285512689988,0.5,-0.866936575542779,0.4698307564400765,-0.4073134670728334,0.8304284622941681,0.5550583915234001,0.46093628655625146,0.665392444652673,0.4992817801569475,0.33221832426916975,0.4784919082994404,0.4710487727462107,0.22539302617344378
2025-03-21,1321.88,273.0503089160099,0.4449110104964875,1.0,0.12169499127724462,0.5,-0.9766648170862958,0.46749519672344486,-0.45658611079662514,0.6416579172285664,0.5554000632328804,0.3563768478026241,0.5858567542990283,0.49921721909070405,0.29246977966666676,0.5341063983308391,0.4730340145959526,0.2526504938238218
2025-03-24,1330.3199,273.5235162786635,0.3549223927797669,1.0,0.11156787397428049,0.5,-1.028523247830638,0.465633079134872,-0.47891444684917905,0.7112799321427709,0.5558471444896375,0.3953629192143423,0.4099014637455954,0.4997054801240445,0.20483000774454135,0.4930972077386301,0.4738293160116758,0.23364391267006232
2025-03-25,1331.92,274.1599127313332,0.5845761710439348,1.0,0.10366201983449345,0.5,-1.1082012441654323,0.4633283612840286,-0.5134610664320914,0.8144430963675745,0.5560718137745955,0.4528888498133148,0.6157666002652601,0.5007763272522134,0.3083613365254188,0.7094829873367855,0.47469362500361506,0.3367870511372926
2025-03-26,1326.09,272.4990244372786,0.49819093633716527,1.0,0.11663122005002724,0.5,-0.9885939245649565,0.46043418303980443,-0.4551824360151798,0.4847590413812069,0.5566386588849647,0.2698356226767961,0.5354962196058489,0.5013254877625151,0.2684579034888851,0.8715347949183363,0.47626308049532007,0.4150798461866639
2025-03-27,1323.8101,272.18321448791835,0.24136614563307288,1.0,0.11254451668717219,0.5,-0.9739075833572954,0.4579274709704973,-0.4459790366057951,0.42339330551008575,0.5571793923447818,0.23590602468695812,0.35578512729598194,0.5014613080376893,0.1784124753141989,0.5713029180727447,0.4779017813505131,0.2730266822377109
2025-03-28,1317.46,270.7076745693941,0.04368255098830026,1.0,0.12207117318732116,0.5,-1.0517539164453158,0.4558311174452174,-0.47942216301065216,0.13348889021454935,0.5575488809629445,0.07442658136010735,0.2723966343602405,0.5013781524252711,0.13657372126239947,0.6508149630544943,0.4795593664774305,0.3121044113764456
2025-03-31,1306.86,268.72420678811227,-0.5337533763251403,1.0,0.13644575140358248,0.5,-1.2056637844975078,0.45407999503852625,-0.5474678052827591,-0.24385851846673276,0.5579304262736103,-0.1360560871585953,-0.11419610472665101,0.5016655800645999,-0.057288255118813185,0.43094559324714204,0.4804754346711269,0.20705877123502722
2025-04-01,1317.33,270.1303956390449,-0.26277833569184417,1.0,0.12997721834257783,0.5,-1.1059937770674682,0.45248225230490846,-0.5004425552827008,0.06275291489149323,0.5580327821129029,0.035018183682594184,0.29843154001589095,0.5017025423250019,0.149723862335938,0.10983728491697309,0.4818233955102653,0.05292217357232443
2025-04-02,1317.83,270.32005135317064,-0.19949757739945978,1.0,0.11894132794580561,0.5,-1.2109441366042093,0.45119672810268363,-0.5463740323509484,0.11836183892084438,0.5583353460130761,0.06608559828861363,0.3166270582817079,0.5013402515437959,0.15873788904452357,0.25266943968482614,0.4830539370752451,0.12205296761835144
2025-04-03,1229.84,252.26612897818538,-3.260811960217247,0.0,0.6302039607967308,0.5,-1.462673325648535,0.4497860749488302,-0.6578900940758067,-3.0,0.5588308492222526,-1.6764925476667578,-2.322059533135995,0.5010001004662626,-1.1633520593897764,0.4893599660648001,0.48414818813298915,0.23692274091509402
2025-04-04,1210.67,244.1633284336196,-5.327024095559189,0.0,0.6290983324832624,1.0,-1.5508853175774768,0.4517385502458337,-0.7005946849599988,-3.0,0.5585463666915462,-1.6756391000746387,-3.0,0.5024505052582421,-1.5073515157747264,-3.0,0.48114626491660845,-1.4434387947498253
2025-04-08,1132.79,228.53657608637857,-5.3163410870312555,0.0,0.7363832315019896,1.0,-1.5408322233622305,0.4508734291539963,-0.6947203082983052,-3.0,0.5574323190523943,-1.672296957157183,-2.984698695974891,0.5029932484035552,-1.5012832925942656,-3.0,0.48268017632716714,-1.4480405289815015
2025-04-09,1094.3,218.2496866923323,-5.277259316701009,0.0,0.7537251186291937,1.0,-1.511735250529194,0.4500948055909406,-0.6804241836919095,-3.0,0.5564414848002651,-1.6693244544007952,-2.9303220043027567,0.5033215865016333,-1.4748943201663094,-3.0,0.48420545281399835,-1.452616358441995
2025-04-10,1168.34,232.89945500430505,-5.24120241186335,0.0,0.7362405777635549,1.0,-1.4897316601329822,0.44970289544932823,-0.6699366410043367,-3.0,0.5555196646028602,-1.6665589938085805,-2.8767741026615417,0.5038039265076538,-1.449330088596417,-3.0,0.48512556281800534,-1.455376688454016
2025-04-11,1222.46,242.68033479570744,-4.766390749030861,0.0,0.683314600601886,1.0,-1.4377143750935664,0.4494342677670055,-0.646158107428275,-2.7860373481860417,0.5545949374674058,-1.545122208899095,-2.215943105440604,0.5044547494973575,-1.1178430241554362,-3.0,0.48575580284935166,-1.457267408548055
2025-04-14,1241.4399,247.2906573430006,-4.138062100389924,0.0,0.6057931046387046,1.0,-1.2747373121407113,0.44957809303543667,-0.5730939699133392,-1.9226409371235478,0.5541229304973151,-1.0653794303730044,-2.064574016848609,0.5048155799651084,-1.042229129696324,-3.0,0.48578652346908513,-1.4573595704072555
2025-04-15,1227.79,243.11639903024394,-4.512675782027281,0.0,0.5644526330396301,1.0,-1.3403215655318717,0.4495778599255756,-0.602578901043916,-2.3746708384469977,0.5537894589495085,-1.3150676788067386,-2.2533349539425522,0.5059546939365498,-1.1400853969585336,-3.0,0.4849812684060309,-1.4549438052180927
2025-04-16,1210.3,240.0590021711761,-4.646212126718573,0.0,0.5187713911643144,1.0,-1.4228862307861672,0.44946811606334275,-0.6395419935239293,-2.6137874352422403,0.5533615047544675,-1.4463693482739666,-2.1823803032431752,0.506585860898482,-1.105563004726334,-3.0,0.4849125933981142,-1.4547377801943426
2025-04-17,1217.25,241.9030246008321,-4.3548632426717315,0.0,0.4545368194017436,1.0,-1.4004295734652232,0.4496345272789534,-0.629681489252502,-2.16956366206337,0.5528379106163072,-1.1994170418841774,-2.1128547928368095,0.5072153927132589,-1.0716724734948135,-3.0,0.4846974126800794,-1.4540922380402381
2025-04-18,1219.12,244.16892151899262,-3.713660183797626,0.0,0.40414163423044325,1.0,-0.87649377391382,0.45010502885244796,-0.39451425539647095,-1.7110098331243067,0.5522994585304706,-0.9449898043748653,-1.814644827663587,0.5078805611352709,-0.9216228333349995,-3.0,0.4841777635637633,-1.45253329069129
2025-04-21,1207.0699,242.08851583624175,-3.4400722985122796,0.0,0.37593010305961033,1.0,-0.6673976510293166,0.450851042143013,-0.3008969264903663,-1.8872130338687927,0.5520436055806145,-1.0418238877156587,-1.7607484979151014,0.5087326586006444,-0.8957502644714408,-2.4884098014467986,0.48287915404294945,-1.2016012198348138
2025-04-22,1197.13,237.37448355940876,-3.2358512751603037,0.0,0.3850880348915083,0.5,0.2516827765582655,0.4493971458286688,0.1131055214395191,-2.3909258176144115,0.5525543732808464,-1.3211165167129264,-1.8675410845792693,0.5091017776981106,-0.9507684860835635,-2.228757680284282,0.4832610576426374,-1.0770717938033332
2025-04-23,1211.0,242.11483981677299,-2.5506106508707296,0.0,0.36312880171490924,0.5,0.7807355344634543,0.4454026785453797,0.34774169828558116,-1.6406198486233319,0.553609819788696,-0.9082632587381204,-1.6597903717326832,0.5116966133948166,-0.8493091121609377,-2.3618116914000105,0.48301055601136117,-1.1407799782572523
2025-04-24,1223.35,244.98670707698747,-2.311816428485771,0.0,0.3321945370862991,0.5,0.3383856639970703,0.4406602401062349,0.14911310794545674,-1.2003484800404887,0.5555155612196456,-0.6668122595488406,-1.4764346400422146,0.5149496719790598,-0.7602895335882597,-2.1461467186848777,0.48171345150514205,-1.0338277432941276
2025-04-25,1229.23,245.71059637219955,-2.1066311490785985,0.0,0.2927436360301922,0.5,0.4324170902261132,0.4373087364432654,0.18909977134325504,-1.0482568721481678,0.5576871997616254,-0.5845994396591918,-1.5988818081402145,0.5170355926339705,-0.8266788032234501,-1.8425287673452588,0.480021095580257,-0.8844526775392116
2025-04-28,1226.8,246.00306521246958,-1.875695333021423,0.0,0.2569570562499291,0.5,0.4633071324353525,0.43350306904976343,0.2008450638233705,-0.9703491338230585,0.559509584442708,-0.5429196406296812,-1.6399556839006164,0.5196732519244367,-0.8522411032645969,-1.4239860167063936,0.478501646053036,-0.6813796529505154
2025-04-29,1226.3,246.24417516435403,-1.2550530696694402,0.0,0.22698747965975277,0.5,1.23733657455776,0.4294952211004888,0.5314301456654066,-0.88095735568592,0.5613056365624083,-0.49448632931762126,-1.524014512046023,0.5222272327541406,-0.7958818813029465,-1.0395719370686987,0.47723008579202736,-0.4961150047142791
2025-05-05,1240.05,250.63585530199984,-0.47879602626510004,0.0,0.22802686931588417,0.5,1.354124961622354,0.42440349689999396,0.5746953689520972,-0.21506855301042332,0.563263006043642,-0.1211401596741074,-1.1220480188155173,0.5249754315950252,-0.5890476429480191,-0.720524769417575,0.4764632767206251,-0.34330359259507065
2025-05-06,1241.95,250.63442556419716,-0.6094983454744178,0.0,0.20506762344442295,0.5,1.2499310417448724,0.42038710538669977,0.5254548925721091,-0.19467742664391247,0.5652279351736993,-0.11003711988686796,-1.2476103456077292,0.5272884930879977,-0.6578505790964956,-0.7725403393633622,0.4751409348612865,-0.36706553906316347
2025-05-07,1250.37,252.16040767023395,-0.23053826206877584,0.0,0.19023524224469007,0.0,1.1458726092031704,0.4167964336687565,0.4775956169545941,0.045038347601442576,0.5669399695276707,0.025534039416738492,-0.9279574589472213,0.529281777757122,-0.4911509735545669,-0.5115883454813425,0.474047047841488,-0.24251694488554162
2025-05-08,1269.8,255.50109429222724,0.1994052501968537,0.0,0.18130904166638692,0.0,1.2164006232777644,0.41454126002714103,0.5042482470713642,0.5326830564041223,0.5681343107049865,0.30263552107438146,-0.8355057100192389,0.5306867607945143,-0.4433918188754306,-0.34688966490681034,0.4730227379865647,-0.16408669907346138
2025-05-09,1267.3,255.353825315508,0.19012850996860248,0.0,0.16621615144971283,0.0,1.3080890066462794,0.41376536110416273,0.5412419201913833,0.5077748323034655,0.5688001615558028,0.2888224066481819,-0.8884653167108408,0.5314554980526001,-0.472179777395021,-0.3553868998320093,0.47203776941479725,-0.16775603947594164
2025-05-12,1283.26,257.9712266712423,0.5833680105213764,0.0,0.1634239460534042,0.0,1.4252829411080903,0.41356773796149776,0.5894510419091835,0.8768545808675802,0.5692119857796476,0.4991161372156159,-0.7947399820609476,0.5317963501419307,-0.4226398217718755,-0.17516246699130772,0.47133012139892017,-0.08255934683154742
2025-05-13,1293.4301,260.55933130844966,0.951344753509475,1.0,0.1606945600627692,0.0,1.4092402148734562,0.41474258785623946,0.5844719336277002,1.2212547963033173,0.5691152338330997,0.6950347089679569,-0.48653291433576507,0.5315451393874387,-0.258614205767181,-0.14775449871791915,0.470697568754072,-0.06954768331900119
2025-05-14,1309.73,262.82747088693054,1.1477878162704183,1.0,0.1561294402304283,0.0,1.3520393545439702,0.4175455010847155,0.5645379497793174,1.497397245911381,0.5686453563755368,0.8514879905370245,-0.40044110004709077,0.5310737870859128,-0.2126637715068574,-0.11841527614552202,0.46931742548799504,-0.05557435253906639
2025-05-15,1313.2,263.5163288008767,1.226149379895835,1.0,0.14225135419203053,0.0,1.4051859019241475,0.41948115900041916,0.5894490107501907,1.5359142955205765,0.5684197516753156,0.8730440224543733,-0.3882644584687865,0.5310726356306676,-0.20619662928073235,-0.06443549047554838,0.4678636541059087,-0.03014702402799654
2025-05-16,1301.39,261.97877754981175,1.1856943474115615,1.0,0.1496166791428193,0.5,1.3677678516201102,0.4225184481739697,0.5779071501287735,1.2656502747695932,0.5679853876870985,0.7188708619912901,-0.3040509014174577,0.5307364259691119,-0.1613708887309883,0.10790414874800906,0.4660360570558144,0.050287224022486234
2025-05-19,1296.29,260.22641332226664,0.7536459871288348,1.0,0.15867567927157364,0.5,0.9772541232976173,0.42472848839709554,0.4150676665680258,0.9829380844008435,0.5677679035527904,0.5580806955024626,-0.43732656433975975,0.5304443857096266,-0.23197742077570535,0.026849852707349648,0.4646225053829448,0.012475045834051837
2025-05-20,1315.15,262.5262428886395,1.0274943680599526,1.0,0.1546440451355699,0.0,1.2313215545520562,0.4265301673878519,0.5251957887713585,1.2738678970355146,0.567544581094523,0.7229768219927821,-0.35195955521505823,0.5302583260996302,-0.18662948460310713,-0.07346711075873125,0.463455793339939,-0.03404875810108096
2025-05-21,1323.05,262.8934044415145,1.154821761858718,1.0,0.13904413413188915,0.0,1.4383659612384494,0.42822874364663616,0.6159496484852274,1.2872299386793167,0.5673709682705939,0.730336896695381,-0.3389083169255279,0.5303741345921865,-0.17974820529547134,-0.025362364407365036,0.46196710362762977,-0.011716578026418912
2025-05-22,1313.84,261.11309924543605,0.9970929844654794,1.0,0.15013288714005218,0.5,1.474368875348519,0.42970444918088946,0.6335428654710827,1.0107336067758137,0.5672781532646514,0.573367093894304,-0.5415545964788147,0.5305061065349275,-0.2872980204540697,0.168233305724413,0.4605571127579581,0.0774810455541625
2025-05-23,1314.46,261.7823814537263,1.0962793434301967,1.0,0.13703272880268788,0.5,1.5409824702607327,0.4307304149216533,0.6637480188023996,1.0851738520299525,0.5672394093401956,0.6155533748568951,-0.381082235215903,0.5303546622910652,-0.20210874016305452,0.04150902116271966,0.4598202848276011,0.019086689933956676
2025-05-26,1332.51,266.93172018714336,1.7224874645249857,1.0,0.1562366230328425,0.5,1.5439276452268513,0.43151680830978856,0.6662307297295385,1.7660683907018164,0.5673924122457747,1.002053804391317,-0.07369693305116112,0.530330822798836,-0.03908375514277301,0.20327403509087624,0.45892081349788827,0.09328668554690321
2025-05-27,1339.8101,270.1384774605449,2.0290029584234937,1.0,0.15805915452418237,0.5,1.6517106440507134,0.43275342795390354,0.714783443200896,2.1284963802519234,0.5674732640778283,1.2078647884794014,0.23528808422945055,0.5302591695662149,0.12476366415233407,-0.04021722146306871,0.4577376740469906,-0.018408937409137783
2025-05-28,1341.87,269.19460050172177,1.7329199864345843,1.0,0.15534212672002531,0.5,1.5140957665885264,0.4348410568601701,0.6583910033308642,1.9212396257242896,0.5676085985971117,1.0905121315266033,0.024235651209588524,0.5306689703942411,0.012861108074226286,-0.06337879093790759,0.45510897368440184,-0.02884425649710939
2025-05-29,1341.86,269.593739091964,1.6795663839501942,1.0,0.13977367761287893,0.5,1.187203961673247,0.4362069873066263,0.5178666634399786,1.8900314767265733,0.5677413272829813,1.073048979203358,0.18629314134107067,0.5310281579398853,0.09892690368318345,-0.02267400610958816,0.4532133548283935,-0.010276162376325941
2025-05-30,1332.6,266.7721063069898,1.3385108051155015,1.0,0.16410086272856694,0.5,1.1438184071897266,0.4379656353956938,0.500953155482139,1.4420158653545823,0.5678032292547676,0.8187812649849399,-0.10495257729334981,0.5312175860593846,-0.05575265476048427,0.1651747279164915,0.451213332384522,0.07452903940890686
2025-06-02,1336.3,269.48574399102904,1.620939399462844,1.0,0.16150486317768242,0.5,1.3854453363814967,0.43922022937877,0.6085156184372281,1.7541136406568345,0.5674181215874312,0.9953158670323914,0.13671526893145872,0.530923416747291,0.07258533770261483,-0.12305773679125481,0.4508243460018929,-0.05547742370939053
2025-06-03,1347.25,271.61137400077894,2.096452974946029,1.0,0.1554409566449105,0.5,1.4097735500658288,0.44071341366221545,0.6213061137402116,1.9609991428763702,0.5672406642821042,1.1123584564618292,0.7669389875740783,0.5310566491414268,0.4072880488370084,-0.09901321453950716,0.4494313642878894,-0.04449964409302019
2025-06-04,1345.74,271.8560594620546,1.7732246485869132,1.0,0.1399225823913896,0.5,1.2156341901912922,0.4423924598682864,0.537787399698718,1.9077939534010682,0.5673244974804275,1.082338245909459,0.31315061705189495,0.5314167752455221,0.16641349107986342,-0.029770013898312686,0.44724494071807785,-0.013314488101127212
2025-06-05,1342.09,271.3861730619371,1.814382009542225,1.0,0.1344373079402943,1.0,0.9986671503386073,0.44357460832519896,0.4429833900586903,1.7664375241860515,0.567249492887212,1.00201078981148,0.5621302196353759,0.531759082466334,0.29891784981990627,0.1580895573427141,0.44575986571573456,0.07046997985214816
2025-06-06,1329.89,268.60226563467444,1.2713932463554007,1.0,0.1589965764968589,1.0,0.7916814802867554,0.4443590623245031,0.35179084023989726,1.3500430627206657,0.5672481192432905,0.7658093882257493,0.1003539798089469,0.5320924731704665,0.05339759730904162,0.22582035335793638,0.44458092057619236,0.10039542058071241
2025-06-09,1310.5699,265.2462196204638,0.7163088590143941,1.0,0.18725552832941791,0.0,0.6063562332169194,0.44462525085447174,0.26960129230124535,0.8817422832683698,0.5672255131639335,0.5001467191052396,-0.04689233774918917,0.5322083398876618,-0.024956493226947502,-0.06412055982947361,0.4442047798848294,-0.02848265916514336
2025-06-10,1316.23,266.7120461743127,0.5261458611493336,1.0,0.1733642167435836,0.0,0.3679979702412779,0.444852310485475,0.16370474731579754,1.056087413675628,0.5672929953432256,0.5991109922483272,-0.11494656111850154,0.5323353348256429,-0.061190116100073744,-0.3954572846537198,0.4437388540417845,-0.1754797623147174
2025-06-11,1315.2,267.3855022935958,0.6179095905258573,1.0,0.15678532661052877,0.0,-0.09017973728071606,0.4451647705558213,-0.04014484205535421,1.1183808527006505,0.567490716401179,0.6346707513084535,0.23178783851431722,0.5327054735364924,0.1234746502757694,-0.22607813275600133,0.4427273340541802,-0.1000909690030115
2025-06-12,1322.99,270.1134041325818,1.2469987303564998,1.0,0.15537465511793586,0.5,0.08071124704638369,0.4451910737098596,0.03593192673304129,1.4409012643504715,0.5677201749320948,0.8180287178569263,0.7549966761052775,0.5329702083365856,0.4023907357572594,-0.02115564758825028,0.4420876246738772,-0.009352649990727206
2025-06-13,1315.49,267.0117026352789,0.49282089823615804,1.0,0.18052919288520533,0.0,-0.4698532086156793,0.44490269183553877,-0.20903895728068067,0.9985221896225115,0.5683621070859111,0.5675221756658883,0.25712224653827886,0.5331035623951614,0.13707278560060343,-0.0061965489283251065,0.44139177811547803,-0.0027351057496529784
2025-06-16,1338.11,272.1213624027516,1.146127095709928,1.0,0.19108293842186644,0.0,-0.5827567789827363,0.4439212210525527,-0.25869810090266887,1.628213132716698,0.5689634099053069,0.9263936960430945,1.1439857872914245,0.533288708771497,0.6100747033575883,-0.2982525657860157,0.44138162714930196,-0.13164320278808583
2025-06-17,1347.6899,273.10082830520383,1.2059296531779269,1.0,0.17351485624167862,0.0,-0.4293895236757692,0.44273175755546124,-0.19010437849287565,1.6954854234253296,0.5701670924420714,0.9667099941523345,1.165623845594764,0.5333223667904419,0.6216532681199761,-0.4361382745373577,0.44098223391543695,-0.19232923060150814
2025-06-18,1346.83,272.8242825900844,1.3171450177167623,1.0,0.16088849782085465,0.0,-0.09193429797687304,0.4419407434576766,-0.04062951199715884,1.5999962600279245,0.5715145972714979,0.914421218185762,1.0083027126928872,0.5334574014891397,0.5378865450275981,-0.2149134050309216,0.43986662202777804,-0.09453323349943916
2025-06-19,1352.04,273.50847285038014,1.632263504610594,1.0,0.14613350689692123,0.5,0.30663426844416236,0.44164374982756416,0.13542310814131178,1.6187114348241853,0.5723571461910427,0.9264810573427787,1.1126587238151149,0.5336232925640481,0.5937406117023334,-0.053276438076575505,0.43886703803703286,-0.023381272575830087
2025-06-20,1349.35,274.0564108219659,1.733992314518889,1.0,0.13271538466754465,1.0,0.4555917843538587,0.4417566898091998,0.2012607185604274,1.6163846727936064,0.5730087394759431,0.9262025438656992,1.0335818587048617,0.5335113484317197,0.5514276511521939,0.12579125281065137,0.4380384145113049,0.05510140094056845
2025-06-23,1358.1801,274.6640950536627,1.830046504976964,1.0,0.12153332737392916,1.0,0.04181219580106836,0.44195254236237397,0.01847900623603554,1.6220341911545855,0.5732390373642251,0.929813318309314,1.4156626853064667,0.533868655494135,0.7557779344377801,0.2882070950237139,0.4371032086613591,0.12597624599383456
2025-06-24,1366.77,276.5672736460815,2.1492418566058173,1.0,0.11973117908048495,1.0,0.3037094086022803,0.4413715817801656,0.1340487020763071,1.78210039219377,0.5737041841063103,1.0223984514990623,1.5133533185884211,0.5339635777850461,0.8080755524463461,0.42273311394866625,0.43696399569619004,0.18471915058410202
2025-06-25,1366.75,276.67154000315963,2.2536941000704647,1.0,0.11075078457111574,1.0,0.4975406240793577,0.4410204182304602,0.2194255741181225,1.7119664711178304,0.574051481420743,0.9827568888878322,1.6098458119447034,0.533904164415887,0.8595033830647519,0.43944347719205606,0.43693504162730346,0.192008253999758
2025-06-26,1365.67,277.0370353865512,1.942106108789492,1.0,0.10111173028484904,0.5,-0.04914531549341496,0.4410975604035479,-0.021677878769408025,1.6761867956182264,0.5742798575426756,0.962600314202549,1.4279088885894657,0.5336498472957873,0.7620033603480658,0.5474890626271622,0.4368677464725284,0.23918031300828535
2025-06-27,1371.4399,278.02832298111997,2.2742227217438966,1.0,0.0964197531326311,1.0,0.5501178066279515,0.43993723701054005,0.24201730787819956,1.7098655683357507,0.5745588607617511,0.982418412998733,1.4222037391029663,0.5334734055736802,0.7587078721188811,0.6647384141599569,0.4378852230405933,0.291079128748083
2025-06-30,1376.0699,280.5354013074917,2.774518577358803,1.0,0.10188167070636907,1.0,0.6053976421036367,0.4391951273889748,0.2658876945446917,1.9135312192055332,0.5742156196840891,1.0987795148209558,2.0597143576208943,0.5328608607425568,1.0975411654856722,0.7100832241770768,0.43982196998024137,0.31231020250748326
2025-07-01,1377.84,280.13996735022715,2.4163371372395037,1.0,0.1007433433150336,1.0,0.5018782892927658,0.4387149451914805,0.22018150617986976,1.767070089364394,0.5745638831485794,1.0152946523409134,1.6969413600204093,0.5330186265828901,0.9045013531097802,0.6285826548770913,0.4396551884858765,0.27635962560894023
2025-07-02,1384.59,283.59034399263965,3.254484950304582,1.0,0.11176508762252993,1.0,0.9247828612854644,0.43836708044976763,0.40539436295169146,2.0610566784193263,0.5747632648018229,1.1846196654298928,2.5983208236335065,0.5331355679785914,1.3852572480984509,0.6351542754500789,0.43959977066468153,0.27921367382454665
2025-07-03,1381.96,282.82003644774903,2.6988192279830807,1.0,0.11343672979401459,1.0,0.5660191403487073,0.4391083497619359,0.24854373065219043,1.8594233632197619,0.574844748491241,1.0688797555688014,2.19150651530163,0.5325477430994032,1.1670818487115209,0.4876689979157236,0.4394658958566903,0.21431389305056792
2025-07-04,1386.97,284.6070934917895,2.8550337685577176,1.0,0.1117247044451446,1.0,0.8566683770077106,0.43867597766083677,0.3757998378149797,1.951801593001533,0.575050416806186,1.1223843195785093,2.168099718783885,0.5319464674277194,1.1533129864381195,0.4622093237459934,0.44035594755323887,0.20353662472610867
2025-07-07,1402.0601,287.20193278611055,3.371862508663181,1.0,0.11516583913792831,1.0,1.1907787583117164,0.439165989812516,0.5229495320416837,2.118010941092726,0.5751885183402152,1.21825557503549,2.672943393105458,0.5320377160451847,1.422106697985894,0.4744357969962022,0.43957623965246967,0.20855070360011302
2025-07-08,1415.46,289.830764429994,3.534853051796515,1.0,0.11817087945049276,1.0,1.2309276618625253,0.4407289840146954,0.5425054978082553,2.1558945144425157,0.575176569437177,1.2400200108854746,2.9468224305636515,0.5317555407070961,1.5669891549321735,0.42279242274062423,0.4383673363141454,0.18533838817061155
2025-07-09,1431.3199,291.7170295639184,3.575236897410066,1.0,0.11612205096203941,1.0,1.3639745868166062,0.442948925990447,0.6041710783086794,2.1558945144425157,0.5750587197471794,1.23976593938528,2.9468224305636515,0.5313665449446117,1.5658428534938902,0.3788341922488079,0.4367531484949716,0.1654570262222162
2025-07-10,1445.64,292.9789611791733,3.5802436172753214,1.0,0.11067036632957163,1.0,1.3525464459546692,0.44557176768046935,0.6026565107939583,2.1558945144425157,0.5747535596928107,1.2391080464980395,2.9468224305636515,0.5308136402296618,1.5642135414779117,0.4004664751182601,0.4351563222712961,0.17426551850541158
2025-07-11,1457.76,293.3603382008236,3.552864301290111,1.0,0.10101098452019747,1.0,1.2282575183938995,0.4476178864737471,0.5497900344289669,2.1558945144425157,0.5744845491524624,1.2385280881497753,2.9468224305636515,0.5301540613248419,1.5622698795664618,0.4658439736360436,0.4342146954614087,0.20227629914490716
2025-07-14,1470.42,297.1443496385016,3.5201804121638154,1.0,0.11311522521473981,1.0,1.0416792685250709,0.44894351788409026,0.4676551553185712,2.1558945144425157,0.5745216715565825,1.238608120137181,2.9468224305636515,0.5295851829930361,1.560593496138035,0.5843809308650273,0.43349060037781684,0.25332364057002815
2025-07-15,1460.65,296.3087200045469,3.446439335610483,1.0,0.11490504311388554,1.0,1.0278190960634286,0.4497360879384871,0.46224733937203843,2.1558945144425157,0.57458914471563,1.2387535851506437,2.9468224305636515,0.5290675179828456,1.5590680292744874,0.43020630895132883,0.43321164272929913,0.18637038181331356
2025-07-16,1475.47,298.8899791633307,3.4871118329320048,1.0,0.11716182092718058,1.0,1.1376780376778335,0.4506188164661401,0.512659130857906,2.1558945144425157,0.5747549076871172,1.2391109526315705,2.9468224305636515,0.5285342608192043,1.5574966151034104,0.4109887171293611,0.43272510150963656,0.17784513433911808
2025-07-17,1490.01,300.99977116642634,3.5356938895782877,1.0,0.11620266276042665,1.0,1.2742530977349387,0.4517193200179015,0.5756047428395311,2.1558945144425157,0.5747691905276276,1.2391417449290776,2.9468224305636515,0.528067497103101,1.5561211453150239,0.381429097607962,0.43212816622623307,0.1648262564946555
2025-07-18,1497.28,302.9414591689032,3.5049037261122136,1.0,0.11433155799110051,1.0,1.1947705239714057,0.45306876624445586,0.5413132072409669,2.1558945144425157,0.5749115874105653,1.2394487375878764,2.9468224305636515,0.5276337604775002,1.5548430004977467,0.3927549397585438,0.4310544913571406,0.1692987807856235
2025-07-21,1485.05,302.04231763461553,3.2723893679757103,1.0,0.11645291479838561,1.0,0.9339979084557994,0.45424132257584476,0.42426044522003514,2.07742236798589,0.5750327018108882,1.1945857970652995,2.796069966994053,0.5272389026533546,1.4741968611399459,0.41694753459892725,0.4301410841125311,0.17934626455042965
2025-07-22,1509.54,307.02298051341046,3.3931556108800702,1.0,0.1330268159438134,1.0,1.0543286915804244,0.4546092243744099,0.4793075487150632,2.1558945144425157,0.5752336640565844,1.2401431008622592,2.8528351227088486,0.5267352598739172,1.502688849737484,0.39761872898548906,0.4301007450066693,0.17101611156526378
2025-07-23,1512.3101,310.17629394674873,3.3118593988830134,1.0,0.13536416440047935,1.0,0.9757843319430047,0.45467237541040595,0.443662180092782,2.1558945144425157,0.575173637472768,1.2400136898794887,2.9468224305636515,0.5258890974450825,1.549701788340043,0.18202951415706514,0.43114843729671753,0.07848174057069936
2025-07-24,1521.02,312.81671167288164,3.2767525620306763,1.0,0.13428171812058642,1.0,0.9295720123921926,0.45589621306056427,0.42378836021668853,2.1558945144425157,0.575598597039388,1.2409298578780246,2.9468224305636515,0.5255949833363195,1.548835086287195,0.14709646367597556,0.4296449830907131,0.06319925764876821
2025-07-25,1531.13,317.1424862823834,3.287628057840501,1.0,0.14284343398045007,1.0,0.9480323223913579,0.456859532672836,0.4331176037664592,2.1558945144425157,0.5761089397696324,1.2420301029706442,2.9442837272977376,0.5252877896322837,1.5465962911625302,0.15382282793272642,0.4283113295100862,0.06588405994086728
2025-07-28,1557.42,324.6789468088383,3.2690977695819265,1.0,0.16912827577184553,1.0,1.0649033226796087,0.45751062095839345,0.48720458041980425,2.1558945144425157,0.5766734339832413,1.243247092949198,2.8990354883806115,0.5251616015811496,1.522462120118552,0.03790074414779841,0.4270094547816994,0.016183976094372082
2025-07-29,1493.41,309.55320136719826,2.1198141884823967,1.0,0.3786548910674863,0.5,0.3915544123152707,0.45793484392900063,0.17930640869330505,1.652265874831164,0.5775195292702364,0.9542158102617693,2.1246198498950974,0.5253347287660507,1.1161365925756084,-0.3053770626983661,0.4251944199769157,-0.129844623048286
2025-07-30,1507.63,312.8826767268126,1.096851481841234,1.0,0.3405626325115659,0.5,0.16634347181273637,0.4579082643663845,0.07617005046644872,1.7817316877531768,0.5788411136232903,1.0313395543169535,2.1371291194239994,0.525828093478382,1.123762530383855,-2.6830543714346704,0.42280941653799986,-1.134420653326023
2025-07-31,1502.52,314.58853376711767,1.2768751121052888,1.0,0.3010497240131316,0.5,0.16767303373787315,0.4613384512628641,0.07735401770317636,1.7805033736981604,0.5820703852413925,1.0363782846520873,2.0380597608817244,0.5273784479082262,1.0748287934380143,-2.2096503837946995,0.4125928655384493,-0.9116859836879894
2025-08-01,1495.21,313.18620254683145,1.1833102762918444,1.0,0.2776833558051774,0.0,-0.1862398217830571,0.4637819071537419,-0.08637465973451922,1.5634622563550034,0.5844525566696875,0.9137695129832402,2.002013632495477,0.5285905202541078,1.0582454275566004,-1.7347372741670628,0.40486246244446555,-0.702330004513477
2025-08-04,1528.1899,318.7851298663089,1.6413554713004934,1.0,0.2691163668061435,0.5,0.10100261264757647,0.4649054266146941,0.046956662722120235,1.8382950376250318,0.5861941732925661,1.077597839848432,2.074888919896996,0.5290777117534433,1.0977774818816761,-1.451008618420749,0.4003949430597176,-0.5809765131517353
2025-08-05,1547.15,318.57392442541357,1.4492569202563679,1.0,0.23940225232506365,0.0,-0.1877187635553788,0.46566319832370107,-0.0874137198225683,1.6960788706136283,0.5875241471321857,0.9964872919261927,2.035096714161095,0.5296681407774367,1.0779258928919777,-1.3553073430233766,0.396767971122812,-0.5377425447392341
2025-08-06,1573.71,324.43119432121586,1.9184555124861824,1.0,0.2399296553030357,0.5,0.10352735154846009,0.46592108290479445,0.04823557574372387,1.9669858995716532,0.5888505247388152,1.1582606791166183,2.0984026110760032,0.5298895288766144,1.111921570976521,-1.014630632366647,0.3941949913514441,-0.39996231335068066
2025-08-07,1581.8101,328.4328212070792,1.9716680614877178,1.0,0.22930454098621023,0.5,0.17423822436785633,0.4645736968143046,0.08094649602093526,2.0472510636392447,0.5897821636893081,1.2074321619283912,2.0517990876419896,0.5294697791975177,1.0863656098914725,-1.0205604596279854,0.3949557349106105,-0.4030762063530814
2025-08-08,1584.95,330.7968308517529,1.9935161008404763,1.0,0.21143254659431354,0.0,-0.05759283213489336,0.46455320112822823,-0.0267549345303054,2.012993913176075,0.5918281495481116,1.1913464626866084,2.2256241066991103,0.5306530764155123,1.1810342791644093,-0.9021425932896686,0.39030382680000286,-0.35210970648023626
2025-08-11,1596.86,334.23193164207004,1.8905564966414516,1.0,0.20217263047187067,0.0,-0.43688612784554265,0.4629270100837787,-0.20224638891061655,1.9656668387091527,0.5940893788728654,1.1677817912797095,2.2772027282537066,0.5317255735164843,1.210846926694005,-0.7379393362845217,0.3873297144732267,-0.2858258324216462
2025-08-12,1608.22,337.51439834398866,2.4112864411625274,1.0,0.1934444531761612,0.5,0.7682226885454463,0.4622735551927238,0.355129033413616,1.9175754724344551,0.5976262294482715,1.1459933992734912,2.174541536921581,0.5337396765527436,1.1606390965670306,-0.6594464289758053,0.3798262862392423,-0.2504750880916104
2025-08-13,1611.6,340.19208935032384,2.3173463819793607,1.0,0.182774648592608,0.5,0.4590258415218076,0.46384458279739393,0.2129166499539055,1.8731027512649516,0.6005956978900652,1.1249774541157749,2.2249277332254414,0.5356327965814882,1.1917442639392546,-0.5730707585719268,0.37044637656717766,-0.21229198602957414
2025-08-14,1640.6899,343.3987335100239,2.443506187351815,1.0,0.1765142251867683,0.5,0.6827954104842263,0.4645195168519944,0.317171794186892,1.825312884079035,0.6033193437889207,1.1012465714320256,2.2162363911191743,0.5372676069438993,1.1907120222785823,-0.45660836315744235,0.36272704117899923,-0.16562420054568502
2025-08-15,1630.0,340.7407464169226,2.157843538898698,1.0,0.18432863084584747,0.5,0.23449977838721783,0.46530655879976035,0.10911428492066275,1.7780189926444643,0.6052796617858829,1.0761987345167174,2.063525143052894,0.5385180061889056,1.1112454457575205,-0.3890525216452295,0.3565455011308075,-0.1387149262962027
2025-08-18,1636.37,343.6519837105837,1.919759881379542,1.0,0.17622418411815335,0.5,0.014730034344322478,0.4654069228398485,0.00685545995751641,1.7331103282798395,0.6067502493983806,1.0515651239187018,1.9204799494181208,0.539501557904374,1.0361019246351897,-0.49591551876583034,0.35240402955485645,-0.17476262713186563
2025-08-19,1654.2,346.2039453042647,2.2152340797063794,1.0,0.16741261943210947,0.5,0.6703030849284405,0.4657840850497403,0.312216509119412,1.6901975535689828,0.6079074258936169,1.027483644041809,1.878556510099429,0.5400026564526959,1.0144255057501972,-0.3978233883019771,0.3491287422739707,-0.13889157920503875
2025-08-20,1664.36,342.8498965435259,1.7232153907850893,1.0,0.1835325607348731,0.0,-0.010511339421478935,0.4667149738277942,-0.004905799502990603,1.616950863870871,0.608683313930956,0.9842110102844438,1.5615149701750122,0.5403990045003056,0.843841135394901,-0.28889662453458687,0.3459055831900215,-0.09993095539126495
2025-08-21,1688.0,343.19142698118793,1.5543500968069144,1.0,0.16333936088956028,0.5,0.00281772706516231,0.46786777663448836,0.001318323697140312,1.508774660231246,0.6089570586095107,0.9187789791989833,1.4899712447914122,0.540082017271851,0.8047066755639968,-0.49499027867161205,0.34435803893087996,-0.1704538816532061
2025-08-22,1645.47,334.54742349204366,0.8865496100744202,1.0,0.24497313125331788,0.0,-0.49139695947670786,0.4685253512710425,-0.2302319330523468,0.915373798306752,0.6092671500849143,0.5577071853567579,1.1919127945001022,0.5401690627559712,0.6438344170919708,-0.24727585345597028,0.34277531808035555,-0.0847600593219616
2025-08-25,1614.03,327.4512083916819,-0.11938794263036417,1.0,0.2874825414054834,0.0,-1.1562737879642315,0.46976492796015135,-0.5431768727052285,0.4489402432775178,0.6091089944058197,0.2734535401310729,1.0873630663162979,0.5393136972784296,0.5864297955790528,-1.2725003838982294,0.3427066986803667,-0.4360944056352614
2025-08-26,1667.63,338.8474609844832,0.4222801851624842,1.0,0.31030923026500273,0.0,-0.7286515786584185,0.470830587440326,-0.3430714508190641,1.0340037326518656,0.6093118762605556,0.6300307544025262,1.3979918117553627,0.5378109057719422,0.7518552425419102,-1.7961940763317186,0.34324484702789293,-0.6165343609628882
2025-08-27,1672.78,339.8241395279681,0.2506524816490606,1.0,0.2712112008380603,0.0,-0.8169484553183572,0.47236630100319843,-0.38589891994900916,1.006107422563406,0.6098323772486447,0.6135568812693485,1.334515316799405,0.5373635789444355,0.7171199267914955,-2.0361368884150948,0.3409031143299375,-0.6941254064627742
2025-08-28,1680.86,342.66566125296237,0.29806405812246917,1.0,0.24819241347796345,0.0,-1.1549630612528972,0.47427517756122994,-0.5477703109523795,1.079164926208745,0.6102859121362043,0.6585991513367035,1.3190511579715969,0.5369855200953292,0.7083113720957241,-1.5415326768175535,0.33802472188479626,-0.521076154357579
2025-08-29,1682.21,343.29695715406785,0.4487513580610747,1.0,0.21806822468543183,0.0,-0.9129133977715534,0.47458150298203605,-0.43325181240686117,1.0270701870726608,0.6108081395155192,0.6273428301177082,1.2576672420054624,0.5367090600109156,0.6750014032632724,-1.2469724146368755,0.3370893036438582,-0.42034106291304474
2025-09-03,1681.3,346.7755842177431,0.6936659289643055,1.0,0.2072442614906271,0.0,-0.9747342178645676,0.4751898061802833,-0.4631837640643539,1.1266928623945154,0.6111226155426454,0.688547488979766,1.4201047814961942,0.5364822955501993,0.7618610730988925,-0.8736308408476468,0.3360216413206882,-0.29355886904999917
2025-09-04,1696.29,350.5356877643967,0.800153534566631,1.0,0.19951187617409777,0.0,-1.061284228442724,0.47507249235575544,-0.5041869435041398,1.2300331019171435,0.6116231203924208,0.752316683980532,1.486773053743078,0.5362977395741699,0.7973530279821986,-0.7310795590635214,0.335571184901155,-0.24532923389195982
2025-09-05,1666.97,344.26058888770865,0.38486390031704826,1.0,0.2395554305581243,0.0,-1.3489919036242766,0.47456774127224927,-0.6401880406975247,0.8104442531483648,0.6120944170083619,0.49606840264862556,1.3774215527889393,0.5363758230252804,0.7388156190299271,-0.6258018551277993,0.33530114835010905,-0.20983208066397968
2025-09-08,1624.53,333.92433180291005,-0.30719835828433734,1.0,0.31943265199413756,0.0,-1.5283282002163256,0.4739764329244586,-0.7243915486763919,0.20840906401856912,0.6127786886306896,0.12770863294804824,1.2292392526668385,0.5358744867620131,0.6587179536305626,-1.099926762794376,0.3356890737420688,-0.3692333961865563
2025-09-09,1637.3199,336.2858518240781,-0.3007406763911537,1.0,0.2857008285804681,0.0,-0.9390186745361061,0.47391195965156435,-0.44501218019882055,0.2941284991711509,0.6134892161475723,0.18044466240317125,1.213399628324216,0.5342344361278524,0.6482398662355332,-2.0303360879495185,0.33709346393100936,-0.6844130248310376
2025-09-10,1643.26,336.4283151418596,-0.11712597729496033,1.0,0.25025369670968534,0.0,-0.7870225234658488,0.4752977954050825,-0.3740700703374627,0.2594328262660995,0.613968956423317,0.1592837016045488,1.1974785890280935,0.5326588493001801,0.6378475672933076,-1.6040619191065335,0.3367620472881992,-0.540187175855354
2025-09-11,1657.75,338.8736680999986,-0.06878553832245843,1.0,0.228964230283588,0.0,-1.0780006303858138,0.47597822603073553,-0.5131048277110543,0.34496577115537214,0.6143248373501897,0.21192104125640676,1.1818514345128346,0.5309115096482571,0.6274585292771673,-1.1691311463645242,0.33790929475571607,-0.3950602811449782
2025-09-12,1667.26,342.23480699952904,0.2304806456107814,1.0,0.21591857423923966,0.0,-0.8237836892641768,0.4763661523667928,-0.3924226664372975,0.4716264289606051,0.6146534413334377,0.28988680758443597,1.2077524638594639,0.5294364754269183,0.639428207653931,-0.9036631209371951,0.3390773575804515,-0.3064117031902881
2025-09-15,1684.9,347.7046151245822,0.6696614779348988,1.0,0.21614114380262744,0.0,-0.3788924387663405,0.4763410192303537,-0.180482010460633,0.6963967649646977,0.6147612234112763,0.4281177272093526,1.2736713707620702,0.5282461990299383,0.6728120604183149,-0.7359412410593315,0.34076945989756985,-0.25078629923213563
2025-09-16,1680.9,345.4802263670851,0.6891662260339355,1.0,0.21275120182332793,0.0,-0.13083877577226727,0.47569132258207175,-0.06223887029212894,0.5168521350361671,0.6146258079218144,0.31767066107271896,1.2955537525126797,0.5269248223807365,0.6826594309274403,-0.7237197444060209,0.3439521964104976,-0.24892499567409485
2025-09-17,1670.97,341.36884633949654,0.45682815865756193,1.0,0.2281146088275485,0.0,-0.3269529052236575,0.4752786741761079,-0.1553937433127266,0.25102673174843043,0.6145883827868556,0.15427811310153766,1.3172810649170887,0.5255816148388286,0.6923387092957353,-0.6762025248964689,0.3466341987748003,-0.23439492042698445
2025-09-18,1665.1801,340.1417931545891,0.05741657903642233,1.0,0.2140776069650138,0.0,-0.8286562717679392,0.4750664791508934,-0.39366681745510074,0.14530921442448674,0.6145704190364346,0.08930274479871195,1.2559247151129722,0.523919471478326,0.6580034129585555,-0.8476546192175427,0.34946162570220307,-0.29622276126574437
2025-09-19,1658.62,338.41494659300383,0.035458332441377916,1.0,0.20692192087034877,0.0,-0.7159901538650653,0.47464975956081873,-0.33984455437996686,0.01769175579670304,0.6145040247356978,0.01087165514171513,1.1547136144390127,0.5215795000391009,0.6022749497074433,-0.6725965565517147,0.3536201839141089,-0.23784371802781368
2025-09-22,1634.45,333.5607264714152,-0.2204499521253952,1.0,0.23205475153773503,0.5,-0.8438516938906219,0.47386735123304213,-0.39987376701746485,-0.2619462259186925,0.6140739104148746,-0.16085434326830966,1.057794617471182,0.5188752071151721,0.5488634012256739,-0.5804535964658444,0.35934869614950926,-0.20858524306529458
2025-09-23,1635.26,333.383064471299,-0.2485059509574622,1.0,0.20840387738058477,0.5,-0.7139804271328363,0.47383653236868584,-0.3383100097717363,-0.28858088604077714,0.6140126493005613,-0.17719231437540095,1.125245109098594,0.5167551916472115,0.5814762520023313,-0.8674474325251053,0.3625347969469663,-0.31447987881265627
2025-09-24,1657.46,338.76783125262733,0.09919171944633096,1.0,0.21026128562003096,0.5,-0.4677420706771497,0.4741978041799794,-0.22180226283770113,-0.028961846506133877,0.6140571200244922,-0.01778422805614797,1.0701807054625592,0.5146688440600171,0.550788666615749,-0.5809349985783206,0.3649469506819291,-0.21201045627556894
2025-09-25,1666.09,340.72780584022536,-0.11144664379805774,1.0,0.19308980535103135,0.0,-1.0232258439985846,0.4742902356882568,-0.4853060267124042,0.042895755799850985,0.6139912649971077,0.026337619366557524,1.0963260854318053,0.5135234000142128,0.562989098915213,-0.5878289109078372,0.3665477001372022,-0.21546733536742407
2025-09-26,1660.7,337.96957928247974,-0.24889212519351825,1.0,0.19918522502072905,0.5,-1.190161133732052,0.47395537074861527,-0.5640832613885669,-0.12980565823891183,0.6141286890818819,-0.0797173787296737,1.0421930927947616,0.5122121657135233,0.5338239811520799,-0.3768940224973127,0.36857964821755174,-0.13891546622735754
2025-09-29,1666.48,336.93935608701065,-0.29423357858073007,1.0,0.18831817602476614,0.5,-1.0345644652668349,0.4734284236793108,-0.4897922239859067,-0.20499912780456644,0.61422692153285,-0.12591598318831812,0.9502010246119579,0.5106639765850568,0.48523343378353784,-0.44112267181729625,0.37123189455532796,-0.16375880519004307
2025-09-30,1661.7,334.86357312119,-0.495140395640557,1.0,0.18893433862145906,0.5,-1.393034822092826,0.4734038086923913,-0.6594679904198715,-0.328066615946658,0.6143568134564776,-0.20154996077443885,0.9404055038127841,0.5098716031503214,0.4794860618404099,-0.30528728526080884,0.37213638356933243,-0.11360850628665657
2025-10-01,1665.05,336.1326790862911,-0.3225321935385677,1.0,0.17174628705526726,0.5,-1.1720324973008862,0.4730820815992312,-0.5544675735250486,-0.27486421688361323,0.6148607539540338,-0.16900321962804352,1.0100823628596434,0.5094734796094713,0.5146101760982591,-0.30535658596961646,0.37225847322986905,-0.11367157648373467
2025-10-02,1652.71,331.68304721765435,-0.6177123856334663,1.0,0.19993021153851157,0.5,-1.5124699148824918,0.472952978546015,-0.7153271512049123,-0.5146778018463718,0.6153611061366819,-0.31671270144817937,0.8825194408279629,0.5089909546380491,0.4491944126736621,-0.09366393637236947,0.3722558222987779,-0.03486694565403681
2025-10-03,1645.8199,328.46984011941134,-1.0749054351910794,0.0,0.2101227906546295,0.5,-1.706142919186834,0.47251312420162644,-0.806174921079454,-0.6798457783058539,0.6160757053531326,-0.41883646740112834,0.6016037809553378,0.5085091964675397,0.3059210552454326,-0.41853058160770124,0.3722908403906765,-0.1558151019559297
2025-10-06,1695.5,338.9764520064633,-0.11215683697607576,0.0,0.24337018174600691,0.5,-0.6545936563036678,0.47243998578871804,-0.3092562176814898,-0.14189427661971418,0.6168010377931342,-0.08752053707594577,0.9508207808268384,0.5075595387237993,0.4825981569254728,-0.5315158430661462,0.3724785285835308,-0.197978239144113
2025-10-07,1685.3,335.4091188548111,-0.6383234932091933,0.0,0.24838324118730895,0.5,-1.0775988486374566,0.47246622989024023,-0.5091290653498027,-0.34360279782690323,0.617237942286414,-0.2120846838945325,0.8241117401995017,0.5071093795393018,0.41791479324362363,-0.8997942407184598,0.37233460945579544,-0.33502453720848174
2025-10-08,1697.83,337.6747050571272,-0.5332480830544376,0.0,0.22652843496453995,0.5,-1.0130999753904235,0.4726289756887654,-0.4788204036390893,-0.24262406783479606,0.6173853227154948,-0.1497925384187317,0.891846869811007,0.5059934941939721,0.451268713941628,-0.9531428778272635,0.3734003193199587,-0.35590385493824456
2025-10-09,1716.47,340.02963148552465,-0.2443641579678733,0.0,0.20873176722709588,0.5,-0.7658859158631226,0.47273849495977793,-0.3620637551760237,-0.1428088724249046,0.617244508335939,-0.08814799224592007,0.9190707881021822,0.5043993945582271,0.4635787490748934,-0.6861039261488616,0.3756444902851407,-0.25773115962082294
2025-10-10,1747.55,343.27435359524895,0.12770828479756977,0.0,0.19841618321807633,0.5,-0.23754153742276635,0.47297399834858317,-0.1123509707287154,-0.0029879276527796433,0.6171754650945431,-0.0018440756387731229,0.8313480084443466,0.5031686285755713,0.4183082372779744,-0.46778198679758565,0.37710923270170393,-0.17640490611291612
2025-10-13,1765.12,344.83356677663846,0.22775870419516753,0.0,0.1810136698222806,0.0,-0.09915051217056202,0.47313143546007735,-0.046911224149859876,0.044711392212755406,0.6170619651467455,0.027589699543249746,0.7447004095287244,0.5024455271489516,0.3741713898337001,-0.33616628474360194,0.37806040284157694,-0.12709116103192242
2025-10-14,1761.06,342.066907861702,0.18911063727489844,0.0,0.1889891908264858,0.5,-0.07899405105371747,0.4729596861945036,-0.037361001597598816,-0.12700533076161494,0.6167382064509134,-0.07832903990362342,0.6991412982012096,0.5018661732349811,0.3508753678787778,-0.1213865069379021,0.37957010432986327,-0.04607468910265717
2025-10-15,1757.95,342.17927932796476,-0.013103158738039175,0.0,0.16984045385019655,0.5,-0.2805339960616828,0.4731333954079745,-0.13273000208403132,-0.14536105681244563,0.6161064826137438,-0.08955788942173246,0.5777502261715088,0.5008385666567817,0.28935959516136994,-0.210029907872943,0.3817306935264995,-0.08017486239364534
2025-10-16,1766.85,345.83742619557364,0.3847768749250891,0.0,0.16799654785404725,1.0,0.164607840240319,0.4731468859776993,0.07788368701722155,0.016033342919443864,0.6156492180025303,0.00987091503032202,0.5731188547408488,0.499967395137359,0.2865407409088886,0.027324888653296492,0.38358919231652344,0.010481531968656936
2025-10-17,1731.19,341.69343874020745,0.29968130296553647,0.0,0.1922667718096921,0.5,0.395557152730862,0.47327602580966904,0.18720771722505064,-0.22338908228627402,0.6149703418945278,-0.13737766030909473,0.45312747587816704,0.49925357707146556,0.2262255132015391,0.06129483720635852,0.3854440916206655,0.02362573284804143
2025-10-20,1636.4301,323.4189930880314,-1.372890087470237,0.0,0.4306610637102209,1.0,-1.1195825272970115,0.4731221880903688,-0.5296993350625071,-1.1600625359649472,0.6141180071676009,-0.7124152927765868,-0.08819434437150644,0.4986415937154858,-0.043977368434100356,-0.22383504747145583,0.38777703571247696,-0.0867980911970427
2025-10-21,1663.4301,327.21846629268407,-2.0524099199672126,0.0,0.38410939480485096,0.5,-0.8501557591020077,0.47363932857614827,-0.40266720292622055,-0.9450668091668164,0.6132208151195582,-0.5795346390597151,0.17980268683313932,0.49674900796022925,0.08931680631294574,-2.9656779998978107,0.3909813824475133,-1.1595248842942223
2025-10-22,1678.5,330.9420941891086,-1.7218377225560293,0.0,0.34576956361374817,0.5,-0.8417087959259876,0.47443776123115305,-0.39933843674769504,-0.743385722102635,0.6126109160309943,-0.45540620818165733,0.13932296888607196,0.49344136958696505,0.06874771658206547,-2.3684030207632176,0.39513578812577593,-0.9358407942087424
2025-10-23,1687.06,329.80504711022985,-1.622741777210254,0.0,0.31052929421993586,0.5,-0.9427046830684366,0.47525509398033366,-0.4480252027473905,-0.794984071790218,0.611878010757635,-0.48643327243100354,0.13784157089880808,0.49076378323360825,0.0676476508211627,-1.896424160960272,0.39860858578718483,-0.7559309528530227
2025-10-24,1683.18,329.25617596796275,-1.5776403826427154,0.0,0.27659357667455725,0.5,-1.194710686149587,0.47592177132073293,-0.5685888259681198,-0.8158564969245308,0.6110711546901723,-0.498546371637152,0.17300652124260749,0.488146704129227,0.08445256313744194,-1.4790826008093498,0.40224781756564953,-0.5949577481748858
2025-10-27,1652.54,325.89008188391983,-1.7633774428316422,0.0,0.27448255766993057,0.5,-1.5387507796233848,0.4763185339063777,-0.7329355153975063,-0.9774126120061667,0.6101064341652731,-0.5963257234192479,0.014574684950527207,0.4851461589197342,0.007070852421213531,-1.084406917170236,0.40684640557935653,-0.4411870564361015
2025-10-28,1680.5,331.47324798558117,-1.1791382212078878,0.0,0.2663585622399302,0.5,-0.9006677579578051,0.4763076068226253,-0.42899490433518167,-0.6840063755484247,0.6093061791489857,-0.4167693111989568,0.20308833342059066,0.48242923543549754,0.09797574941796496,-1.0488359823426188,0.41126521434578994,-0.43134975509171425
2025-10-29,1685.83,335.03063321856274,-0.8952003864038999,0.0,0.24829768935965368,0.5,-0.8063606799886668,0.47615407578611596,-0.38395192433026765,-0.5080439772381282,0.6088050698021391,-0.309299749025015,0.3900594692094093,0.48049711508961057,0.18742244966850596,-0.9395233228735773,0.4144348024551564,-0.38937116271712313
2025-10-30,1669.5699,333.7780459926937,-0.7792197984550508,0.0,0.23125202988087573,0.5,-0.600217567381118,0.4756570852286058,-0.28549773860350686,-0.5818383824314384,0.6081546840401697,-0.35384773763003485,0.3437163497972117,0.478104374221192,0.16433229032938823,-0.7265404932124148,0.4187056542517556,-0.3042066125508973
2025-10-31,1639.65,330.78533926751646,-0.7876996842298857,0.0,0.23340146770380163,0.5,-0.7349364130180673,0.4750113142331355,-0.3491031114254986,-0.7390096469128847,0.6078757439498323,-0.44922603890327273,0.49137539179360484,0.4761975331959548,0.23399174944531045,-0.5292896945026955,0.42200383961053545,-0.2233622833464248
2025-11-03,1617.0,323.7829649377835,-0.9472395036494394,0.0,0.278396766612505,0.5,-0.36833411087183626,0.4747183934430384,-0.1748549773633481,-1.0873031262866097,0.6075239545795745,-0.6605626951083757,0.2526707834795074,0.4741322964838033,0.11979937882550067,-0.5447940767535618,0.4251536862945562,-0.2316212100032162
2025-11-04,1651.98,330.907661664366,-0.7516498350498386,0.0,0.27852537349980233,0.5,-0.1448541792040612,0.47455495802143244,-0.06874126893141232,-0.7110170620880099,0.6069099578671783,-0.43152333519467895,0.40124577571333553,0.4728424129158514,0.1897260207605861,-1.0314958057961825,0.4276423124608365,-0.4411112516843334
2025-11-05,1654.89,329.37833917885524,-0.8521255691454597,0.0,0.2593817656056855,0.5,-0.265025417105053,0.47388460346783257,-0.12559146469372498,-0.7868754403352592,0.6063270917908721,-0.47710389734013964,0.39515620013246033,0.4712845592401809,0.1862310156104513,-1.011003489522133,0.4309196033813578,-0.43566122272204627
2025-11-06,1642.64,327.33930392170174,-0.9393692701097957,0.0,0.248179359004417,0.5,-0.5158293653370842,0.4734754034773301,-0.24423251687843106,-0.8864435838700933,0.6056464960130113,-0.536871450484138,0.38720206862225387,0.46945661934864746,0.1817745741402063,-0.782945534641194,0.43430846954541413,-0.340039876887433
2025-11-07,1599.1,319.3413112587815,-1.4368642651805568,0.0,0.3016057187544517,0.5,-0.8669887938369779,0.4726453696080112,-0.4097782389090822,-1.2813274847182567,0.6044526142545275,-0.7745017478541284,0.06788914963049966,0.46676385910191664,0.03168820147267948,-0.6464497570633976,0.4397441205351821,-0.28427247989002585
2025-11-10,1580.54,315.7807754342195,-1.7510336291618294,0.0,0.2980902567908527,1.0,-0.5106780165829615,0.47188227746930733,-0.24097990551867657,-1.430800368390245,0.6034826436404898,-0.8634631888379317,-0.21186996460636767,0.4641303860402628,-0.09833528846309024,-1.2329878966203929,0.44465582171965584,-0.5482552463421309
2025-11-11,1593.61,318.45982946760734,-1.6355668092280224,0.0,0.27120653372977577,1.0,-0.651141820244379,0.4709248143826589,-0.30663884083537085,-1.2560121399475703,0.6027267413377744,-0.7570321041912836,-0.09584676951512064,0.4620677067547126,-0.04428769698969929,-1.1755324814168224,0.4488248309189753,-0.5276081672116688
2025-11-12,1631.86,325.2785558334798,-1.1043601813734805,0.0,0.27148573795093356,0.5,-0.6359175514217463,0.47077097391164674,-0.2993715250103252,-0.8856461422915132,0.602019625545467,-0.5331763589481241,0.2526759280834813,0.460572862248422,0.11637567541868542,-0.8598426782247801,0.45146395109761744,-0.38818797283371653
2025-11-13,1631.4399,326.1592859227812,-0.9547302829609057,0.0,0.23960599111965955,0.5,-0.5467131606629629,0.47070411703760984,-0.2573401355627009,-0.8305209809033028,0.6015876317982978,-0.49963115006041725,0.40249231455987966,0.4594423328774724,0.18492200796664454,-0.8442898165100842,0.4532578716704932,-0.382681005304432
2025-11-14,1635.46,327.50892527899657,-0.5382821636611601,0.0,0.21532776039557228,0.5,-0.09932997355706015,0.47023534092901575,-0.0467084639800743,-0.7551550380822253,0.6008708297442766,-0.4537506343180375,0.394503749717123,0.45799300069646054,0.1806799561189506,-0.4790127762791609,0.4561528048985876,-0.21850302148199888
2025-11-17,1654.42,331.79645606969837,0.22457711157929858,0.0,0.21038270721504865,0.0,0.8306746543707745,0.46938443364580085,0.38990575218574736,-0.5373175835337279,0.5999724873200748,-0.3223757670735428,0.5433432245817178,0.45710090919739976,0.24836268196255018,-0.19890254501767848,0.4590969687559302,-0.09131555549545614
2025-11-18,1659.92,332.34491420831756,-0.018074419205090612,0.0,0.1866882597396693,0.0,0.38385377109836,0.46787684032762544,0.17959628956934426,-0.5165880789942392,0.5987968084609196,-0.3093312929907079,0.3786164320849195,0.4566864708870296,0.17290900218870062,-0.13240893848875784,0.462570115518507,-0.0612484179724276
2025-11-19,1649.0,329.22440611820934,-0.13143370968431123,0.0,0.19812794544936946,0.5,0.0926272143760671,0.4669757168656715,0.043254659834534165,-0.684738287953987,0.5978014593106536,-0.409337547784772,0.3699830988402483,0.45590501058327515,0.16867714859239635,0.14171396122564672,0.46552950113704744,0.0659720296735302
2025-11-20,1655.99,328.5587549521179,-0.15713472414695434,0.0,0.18468326510676328,0.5,0.3419491804639873,0.4654855191057485,0.1591723917760644,-0.7256189117746448,0.596385257841232,-0.43274842179319567,0.2408114812652992,0.4543692347641643,0.10941732846493889,0.01493461479311717,0.47031527110261545,0.007023977405238033
2025-11-21,1654.9301,327.10343226500373,-0.015635523005961646,0.0,0.18056680256481566,0.5,0.6808716433233473,0.4642905493925586,0.3161222693444111,-0.8042351392256549,0.5959519138686261,-0.47928547042193004,0.15173331087862849,0.45303369110113123,0.06874030189034049,0.16645531161681598,0.47332449421972883,0.07878737618121678
2025-11-24,1667.98,326.8200161622879,-0.022897148480276214,0.0,0.16649843085871316,0.5,0.6552777845183865,0.4637645967603127,0.30389463750316054,-0.825036396489019,0.5957869145281107,-0.49154588903758367,0.13938626721066838,0.45235146583925756,0.06305158229060828,0.21424663783511627,0.4746983280167443,0.10170252076353864
2025-11-25,1660.36,323.3159726657668,-0.5617970840133367,0.0,0.1861339073802542,0.5,-0.2296081024672178,0.4619790040554618,-0.1060741225008697,-1.0049307879195795,0.595287978043906,-0.5982232168147158,-0.07694485401341601,0.45061376483680476,-0.03467241035180372,0.3701111638812698,0.4787012199148057,0.17717266565405243
2025-11-26,1680.36,328.96076422874717,-0.14242087647073912,0.0,0.19412446862855223,0.5,0.09093790328050921,0.4615348946502955,0.041971015610288584,-0.7043492991958217,0.5961233263335273,-0.41987904713730206,0.36772198431750425,0.44965595996093977,0.16534838185702902,0.1464303611264477,0.47899064551700493,0.07013877319924533
2025-11-27,1684.32,328.4260209982641,-0.23667188565358194,0.0,0.18015534386699342,0.5,0.14822186223227704,0.461465668566948,0.06839930075125578,-0.7358027487846405,0.5963886091033562,-0.43882437792209794,0.2334136421913987,0.4489910983093859,0.10480064756791012,0.06039950757431131,0.4793506621511595,0.028952543949350103
2025-11-28,1690.99,327.17939246371435,-0.25057260506502366,0.0,0.17482339907677233,0.5,0.08884234329236192,0.46110876169719844,0.04096598290181841,-0.8004696935077896,0.5965718265040557,-0.47753766711708373,0.18198263547375942,0.4482775080039581,0.08157872233016958,0.21748198717372805,0.4801333580636243,0.10442035682007211
2025-12-01,1701.67,326.8539763837933,-0.3432508587895262,0.0,0.16200007375408249,0.0,-0.1509090026788975,0.4609295433194567,-0.0695584176875789,-0.8125326977378856,0.5965107073376957,-0.4846844542626323,0.17317260661032938,0.4481807349597097,0.07761262610550611,0.2776009785468114,0.4804716026340926,0.13337938705517885
2025-12-02,1717.06,328.74361199661723,-0.2851549224184288,0.0,0.1526560392819761,0.0,-0.2993114215071215,0.46117410262251485,-0.13803467621821605,-0.7104278327286547,0.5962649888849136,-0.4236032437854846,0.1640568619488407,0.44873242716551026,0.07361763385546033,0.4226125875620473,0.48002678978421837,0.20286536372981145
2025-12-03,1731.77,332.1719187458577,0.1555348603871518,0.0,0.15300579979828435,0.5,0.20223712139831274,0.4609505563827979,0.0932213136298077,-0.5336278167655231,0.5961629249973661,-0.31812912010289274,0.2817992686862722,0.44923813129023404,0.1265949768635755,0.5289647875789142,0.47989525192882676,0.25384768999666135
2025-12-04,1737.24,334.393193895389,0.41498487391690453,0.0,0.14658680596105242,0.5,0.5087521492752779,0.4609388945094716,0.23450365326626427,-0.42613214807414723,0.5954823900934316,-0.2537541900308413,0.40052591638600793,0.45033109036273133,0.1803692726446431,0.529188794566769,0.4797269720056546,0.2538661380368385
2025-12-05,1741.32,331.5925106789151,0.09548940561732949,0.0,0.1615711925981741,0.5,0.15586984823415628,0.46135938404577215,0.07191201717261833,-0.5828529915437104,0.5942946133716811,-0.3463863932619971,0.17785768035750574,0.4521842934612654,0.08042444952911831,0.6044006631619819,0.47905197632119767,0.2895393321775899
2025-12-08,1753.74,329.1566646583852,-0.1466775438123602,0.0,0.17051348842109207,0.5,0.06116992154564744,0.4620901672561115,0.028266019278071444,-0.7125040740247999,0.5934771847161487,-0.42285491195102465,0.08407540772780908,0.45389034212597734,0.0381610155779563,0.439041694813979,0.4777458172201788,0.2097503332826367
2025-12-09,1747.17,326.04346813380715,-0.485704418416949,0.0,0.18503585889214064,0.0,0.06401059494370655,0.4633347095234842,0.02965833041466768,-0.8721049805055039,0.5923793492390013,-0.5166169808199422,-0.355546258035351,0.45622805867835936,-0.1622101790738232,0.34364961065308874,0.47567174818412516,0.16346441106214868
2025-12-10,1718.98,324.41487849487163,-0.9366507660610535,0.0,0.18260559257839962,0.5,-0.5690817701638614,0.4629306183957066,-0.26344537577967975,-0.9412533986270842,0.591491009432958,-0.5567429228861365,-0.4438535745185891,0.45788556601043673,-0.20323414519419972,0.18245519617677056,0.4755780028040104,0.08677167779896246
2025-12-11,1698.9,322.9400607522535,-1.0489819300210472,0.0,0.17917991192723315,0.5,-0.6781406991214078,0.4634145981477468,-0.3142602995709793,-0.9983239426964605,0.5910755639344245,-0.5900848874185485,-0.5303806968980975,0.46053550693964024,-0.244259143116965,0.21059247014820126,0.4730577499534422,0.09962240008544553
2025-12-12,1646.89,311.5579833084885,-2.1300716410951868,0.0,0.30430686220133346,0.5,-1.5349400304633884,0.46517329430975574,-0.7140131105385712,-1.5508202242928524,0.5905364064011235,-0.9158158022280853,-1.3391586409536282,0.4619795212078602,-0.618663867769126,0.25164367489657297,0.47059056616172545,0.11842113944059546
2025-12-15,1646.01,311.78230135653286,-2.6970370230584666,0.0,0.265692859376648,1.0,-1.5121736887268313,0.46700917394211705,-0.7061989852293216,-1.482605409499642,0.5906346981427566,-0.875678198504639,-1.2376121316012265,0.4651316223302836,-0.5756525385873189,-1.1589433291983793,0.46551655041696893,-0.5395073007371871
2025-12-16,1679.18,319.4655841461929,-1.6150505249546576,0.0,0.27289817896286767,1.0,-0.794402109227415,0.4684368286205735,-0.37212720469598476,-1.0473359453103497,0.5891876415261504,-0.6170773955029663,-0.6353385489957605,0.46681207389679735,-0.29658370568329295,-0.7092622227991967,0.4642319983897309,-0.32926221907241365
2025-12-17,1673.66,317.73905729458187,-1.9790373942248385,0.0,0.25702422909316996,1.0,-1.3911214059970978,0.4693729345233038,-0.6529547366110421,-1.1074396058059965,0.5883094014809255,-0.6515171316679979,-0.6762179943676895,0.4685322678304847,-0.31682995044887546,-0.7732070056947299,0.46266468469914623,-0.3577355754969232
2025-12-18,1676.98,318.0539543739672,-1.8097892682744288,0.0,0.22560543422800378,1.0,-1.3574553089177934,0.47035669292169235,-0.6384881898915676,-1.0631782550079498,0.5873615166221106,-0.6244699923011184,-0.5903308794972822,0.4704562887378485,-0.27772487469564144,-0.5838531434269288,0.46091421175979497,-0.2691062113861014
2025-12-19,1704.31,319.99258201872146,-1.290385445268539,0.0,0.20686389434632393,1.0,-0.8479388531108111,0.4714169166994496,-0.39973271968316604,-0.9403826832411828,0.5866182018500646,-0.5516455986938815,-0.5053513328500345,0.4721526107654952,-0.23860295115896657,-0.2187267485855237,0.45903930992357,-0.100404175732525
2025-12-22,1751.03,325.8837530977312,-0.9387727435193415,0.0,0.21305999193638617,0.5,-0.9164673570199716,0.4725762781519129,-0.4331007326282186,-0.6279520748387439,0.5860039328928095,-0.36798238552370377,-0.29388930546175396,0.4737802516957935,-0.13923894911237172,0.00339057590816303,0.45695002469123036,0.0015493237449525873
2025-12-23,1772.15,324.4300078562013,-0.789775554768677,0.0,0.20444399332447238,1.0,-0.45898572388857223,0.47300324261022025,-0.2171017357110939,-0.6956365087232909,0.5856924085203968,-0.4074290222488643,-0.294916670519807,0.47557216214419773,-0.14025415865147262,-0.054919379227569703,0.45504225482397415,-0.024990638157246246
2025-12-24,1782.82,325.3763238630446,-0.8086799653979567,0.0,0.183759639750041,0.5,-0.6201753200623922,0.4734695781160727,-0.29363414714794117,-0.6423140959635548,0.5853217037411341,-0.3759603809863342,-0.34021922260825627,0.4772605955804081,-0.16237322880991983,0.05137809476216011,0.4532630424316534,0.023287791546238487
2025-12-25,1742.85,321.5932898413792,-1.0658588108748683,0.0,0.20337918361448412,0.5,-1.124787405768743,0.47312276754497945,-0.5321625303170455,-0.826215479289553,0.5849250049264404,-0.4832740932937431,-0.3842994784714988,0.47826037090084483,-0.18379521111078026,0.2943674657811167,0.45308343941063417,0.13337302384670052
2025-12-26,1729.8,320.2824753363597,-0.6853103879367848,0.0,0.19518154539175367,0.0,0.12894698453368156,0.4731960207205443,0.061017199965251685,-0.8766295875717963,0.5851634649170161,-0.5129716069122872,-0.5554487064015803,0.47941805445259644,-0.2662921381712571,0.07295271488029416,0.4514726728888932,0.03293615718150773
2025-12-29,1754.84,322.99371380626087,-0.31777026458359287,0.0,0.1853675917749193,0.0,0.5811110003870051,0.4727106423913121,0.2746973542935992,-0.7259891141185371,0.5848576166697061,-0.4246002630115189,-0.5135882128957,0.4802457178363524,-0.24664853997438482,0.17448852100129542,0.45149780430614556,0.07878118410871164
2025-12-30,1766.9,324.4817127773554,-0.2822962425541283,0.0,0.17046698196663757,0.0,0.34643732539369,0.4717543031057418,0.16343329901091733,-0.6414303960153502,0.5844433112540887,-0.3748797045862327,-0.42679449792589436,0.48080996524775166,-0.20520704771568088,0.29696594614810806,0.4524330566504045,0.13435721073686796
2025-12-31,1784.49,324.0658258835548,-0.08826057949811636,0.0,0.15913862526399625,0.0,0.647039374672223,0.47133882549712586,0.30497477890840036,-0.6554360429691883,0.5842528166468894,-0.38294035423663997,-0.46785538534952736,0.4820309318339491,-0.225520767363564,0.476360794337742,0.4518125037827761,0.21522576319368728
2026-01-05,1788.4,320.89175225339073,-0.453699683227164,0.0,0.17685368198222626,0.0,0.18502955913483973,0.4709595875806992,0.08714144486038272,-0.8047285406125686,0.5840858709514318,-0.4700305705231668,-0.7210322403618024,0.48264991628821863,-0.34800615045173067,0.6135862930220777,0.45176301367830085,0.2771955928873508
2026-01-06,1816.27,323.41330932548766,-0.1895274838879383,0.0,0.16885813804126046,0.0,0.6364917061291548,0.47109261359367705,0.2998465413710822,-0.6666323659305704,0.5840960681506171,-0.3893773438419896,-0.5903227652200288,0.48333420769505886,-0.28532318601197887,0.41103409049777156,0.45087867132994586,0.18532650459494796
2026-01-07,1861.58,329.95774393937785,0.07761394827232176,0.0,0.18525465470195904,0.0,0.43776962932259134,0.4706164427017408,0.20602158567465761,-0.3381918167474117,0.5838906209907956,-0.19746702989465156,-0.3349439973905771,0.48363265641452724,-0.1619898552081053,0.5119390457755689,0.45132179232468944,0.231049247700421
2026-01-08,1855.56,329.1664942226663,-0.015053761292100176,0.0,0.17493274212408141,0.0,0.4324672291862293,0.4703741653039757,0.20342141194979577,-0.3863545507263444,0.5836569199967172,-0.2254985071036536,-0.2935310770127834,0.4839648478032271,-0.14205872301200906,0.33017781863005236,0.4515205094404166,0.14908205687376672
2026-01-09,1867.9,327.44566201448674,-0.12710544393503273,0.0,0.1748556794799769,0.0,0.14893967160822805,0.4700168107548479,0.07000414944417371,-0.4806597409042066,0.5833723879493246,-0.2804036208423906,-0.25564735026411783,0.48426747981177765,-0.12380169803296313,0.4582415878455055,0.45193568412208124,0.20709572549614733
2026-01-12,1877.33,334.7760026862795,0.6157450941974608,0.0,0.19445751726082344,0.0,1.0776512763930355,0.46943400761410387,0.505886157487637,-0.12706616546371985,0.5827033607845107,-0.07404188165771028,-0.0499681974907642,0.48421121912267917,-0.02419516182436573,0.45890476174173417,0.4534622377900137,0.20809598019189984
2026-01-13,1902.93,339.0417530607117,0.8955294180868085,1.0,0.19233780857860788,1.0,1.3195055267056297,0.4684132698311866,0.6180738983245061,0.05871238083614382,0.5824573120677834,0.03419745552692037,0.28537326051246004,0.48389280815449476,0.13809006840157848,0.23105184106587087,0.4551705597698359,0.1051679958338036
2026-01-14,1894.44,340.023274230989,0.8030629003546095,1.0,0.1734957511914412,1.0,1.1346507510654096,0.4671270053400283,0.5300260074519987,0.07432493593445759,0.582739348642094,0.04331206475431118,0.2323296519975316,0.48372970335375676,0.11238475364104751,0.25715363131523156,0.4563033930616013,0.1173400745072522
2026-01-15,1864.8,341.3123488314642,0.8731202899339309,1.0,0.15902451177575458,1.0,0.9530865145158757,0.46607749604511983,0.4442121761999301,0.10355231384375181,0.5829320192391547,0.06036395940582492,0.3095056781527033,0.4835744720149361,0.14966904489831823,0.4786311046040364,0.4572939521156475,0.2188751094298577
2026-01-16,1879.13,341.20076032371054,0.987069105740722,1.0,0.14663731930772958,1.0,1.0068150237558364,0.46512671890070645,0.46829656853948903,0.05975024581940082,0.5828729099011941,0.034826799648065815,0.38656405645556996,0.4830667233126635,0.18673623210244364,0.6476969067135764,0.45887127508261377,0.29720950545072355
2026-01-19,1896.59,343.31391227876725,1.2404101626570843,1.0,0.1402940921542865,1.0,1.2924514777646334,0.4639955175796762,0.5996916923720185,0.12924733988281512,0.5825137075563418,0.07528834714693328,0.42015068840505904,0.48223483841342785,0.20261129933230412,0.78644395080793,0.46134098104905896,0.36281882380582825
2026-01-20,1893.78,342.3470138114604,1.0973275742433635,1.0,0.13807959596042685,1.0,1.176907740196816,0.4634746307820194,0.5454668803522201,0.041162608158980915,0.582753124114467,0.023987638501345776,0.2766721186032298,0.4819240872903988,0.1333349582365625,0.8541882180670011,0.4618866062635018,0.3945380971532351
2026-01-21,1885.44,338.5388081986096,0.6903595795241959,1.0,0.1645548848498877,0.0,0.8967272068700739,0.46274995718323503,0.4149604765841686,-0.18361019521250965,0.5829582329271947,-0.1070370749485019,-0.04385985469135292,0.48138556230732316,-0.021113500813314413,0.8717579883184678,0.46291480446339217,0.40354967870184366
2026-01-22,1882.73,342.4869048216149,0.8040724673698708,1.0,0.16529901784473627,0.5,1.0633745025999675,0.462351411177723,0.4916527018875042,-0.009826695944880774,0.5834664054175308,-0.005733546960090612,0.1276595505180888,0.48098383384657883,0.061402180035321365,0.5544298839895657,0.4630903560962596,0.2567511324071359
2026-01-23,1870.79,337.6235481955806,0.5229482027042469,1.0,0.1978932573604593,0.5,0.8648951621437077,0.4616503864474862,0.3992791858402039,-0.2837049988742562,0.5838472445910234,-0.1656403818694339,0.07548662717371508,0.48054649357156964,0.03627483399987315,0.5456114653642877,0.46376328357517294,0.2530345647336038
2026-01-26,1843.72,330.36979175140067,-0.4536403143150862,1.0,0.2517174564340327,0.5,-0.04813441403843993,0.4611783482766692,-0.022198549561513046,-0.6639345780284925,0.583909451045675,-0.38767767498685896,-0.24714205957812477,0.48045460598227874,-0.1187405408562568,0.1615003163287681,0.4642495618207465,0.07497645108954254
2026-01-27,1830.5,331.48208676547625,-0.8009657930985776,0.0,0.22418836246238275,1.0,-0.18367643085971613,0.4609356807004404,-0.08466302068695063,-0.6086038986254612,0.5840017716710983,-0.35542575504320684,-0.2986921295394803,0.4807320959721145,-0.14359089348388873,-0.46820112314785955,0.4640871478984292,-0.21728612388453136
2026-01-28,1802.91,330.99902820449256,-0.9780698574356451,0.0,0.20495856613146743,1.0,-0.6210912309638391,0.4603614769376379,-0.28592647639952856,-0.6365911379173524,0.5836946267967641,-0.37157482666879643,-0.5329731390524074,0.48055264556535426,-0.2561216519869058,-0.13852757985929576,0.4652279527721037,-0.06444690238041427
2026-01-29,1814.98,333.19050746191914,-0.8005782340190907,0.0,0.19041642039742238,0.5,-0.7500891450800002,0.4599833779268984,-0.3450285387001979,-0.5265329679042468,0.5834052220911583,-0.3071820830784938,-0.3989369152131912,0.4802563716090651,-0.19159199540120045,0.09270252999219358,0.466269724941071,0.04322438316080149
2026-01-30,1829.04,336.4687836308354,-0.3196788133865028,0.0,0.183768764129132,0.5,-0.27100811207473824,0.4600342750555498,-0.1246730203724754,-0.3666699614075002,0.5835064083023219,-0.21395427221324143,-0.22015047257052356,0.48080173360213013,-0.10584872886523593,0.2680753899470939,0.465530267769374,0.12479720806444998
2026-02-02,1806.5,337.13211751753073,-0.4323005276217192,0.0,0.16470662148272153,0.5,-0.5234159119518778,0.4604122488320513,-0.240987097096243,-0.3465559265229495,0.5834444301025337,-0.2021961250488378,-0.31649655333754206,0.4817578110817645,-0.15247468675081718,0.35187821856842116,0.4642440840435671,0.1633573812741788
2026-02-03,1813.4,340.9186684593013,-0.19959916520304444,0.0,0.16470662148272153,0.5,-0.6563172659636456,0.4605822745960499,-0.3022880992141965,-0.16919915929625065,0.5835223113472504,-0.0987314845105598,-0.13662471310572108,0.4827704425582724,-0.06595837321044597,0.5775871360729814,0.4629237305215416,0.26737879173215784
2026-02-04,1791.43,341.9692084852877,0.013446238097693963,0.0,0.16470662148272153,0.5,-0.23166108445965214,0.4606868821850523,-0.10672322272332523,-0.13638293502490356,0.5838175513166187,-0.07962275116761271,-0.13971281488361967,0.48426260636805696,-0.06765769187855952,0.5802972030537696,0.4608843579802845,0.2674499038671914
2026-02-05,1782.56,336.3956040538649,-0.5498872170293865,0.0,0.16470662148272153,0.5,-1.0932961219076023,0.4610441992250683,-0.5040578350407632,-0.4349270804568055,0.5838904422547496,-0.2539497653564912,-0.280397613527145,0.4852550958849794,-0.13606437083803413,0.7492238904214445,0.4593883865773358,0.34418475420590205
2026-02-06,1755.49,328.1988962271506,-1.0544280828683714,0.0,0.16470662148272153,0.5,-1.0909029305544184,0.46098072012668295,-0.5028852185152847,-0.8482560331110287,0.5846177411830038,-0.4959055260222249,-0.32912659976469794,0.487606239193845,-0.1604841835299222,0.2299145615157532,0.45602524915272286,0.10484684519906039
2026-02-09,1754.82,328.5037732572454,-1.4744253346669927,0.0,0.16470662148272153,1.0,-0.961587876130155,0.4611010080334231,-0.4433891389963328,-0.8211196021234168,0.5848020087454113,-0.4801923927420071,-0.611731356108824,0.4896848478400888,-0.29955557603516064,-0.5541907816032866,0.4534327080766476,-0.25128822689349223
2026-02-10,1754.03,325.8567432905602,-1.431308688215043,0.0,0.16470662148272153,1.0,-1.0459268041594414,0.4611557833488647,-0.4823351946977218,-0.9395744680037421,0.5838820243174135,-0.5486006423749819,-0.658279965851743,0.49138232370489743,-0.32346713926861,-0.16987265371186572,0.4527256753413375,-0.07690571187372958
