timestamp,market_trend,market_breadth,market_cycle,market_volatility
2016-01-05,0.0,0.0,0.0,0.0
2016-01-06,0.0,0.0,0.0,0.0
2016-01-07,0.0,0.0,0.0,0.0
2016-01-08,0.0,0.0,0.0,0.0
2016-01-11,0.0,0.0,0.0,0.0
2016-01-12,0.0,0.0,0.0,0.0
2016-01-13,0.0,0.0,0.0,0.0
2016-01-14,0.0,0.0,0.0,0.0
2016-01-15,0.0,0.0,0.0,0.0
2016-01-18,0.0,0.0,0.0,0.0
2016-01-19,0.0,0.0,0.0,0.0
2016-01-20,0.0,0.0,0.0,0.0
2016-01-21,0.0,0.0,0.0,0.0
2016-01-22,0.0,0.0,0.0,0.0
2016-01-25,0.0,0.0,0.0,0.0
2016-01-26,0.0,0.0,0.0,0.0
2016-01-27,0.0,0.0,0.0,0.0
2016-01-28,0.0,0.0,0.0,0.0
2016-01-29,0.0,0.0,0.0,0.0
2016-02-01,0.4483859787897412,1.034615121738373,0.0,0.0
2016-02-02,0.17349460864897587,0.5433811399717642,0.0,-0.3291540701823209
2016-02-03,0.3583266458860977,0.24783766169566013,0.0,-0.5213300328732787
2016-02-04,0.7546101867364716,0.4340799916395748,0.0,-1.1227576300050577
2016-02-05,1.0628507384897457,0.993971496582032,0.0,-1.380626075709907
2016-02-15,0.9106743773532675,1.0474882798078482,0.0,-1.5859403536897174
2016-02-16,1.3595591406010574,1.2774332302968368,0.0,-1.6814361994874498
2016-02-17,1.253056038499993,1.0374115208087402,0.0,-1.6348390307197618
2016-02-18,1.6515542127898575,1.1802144794879457,0.0,-1.7732833488393849
2016-02-19,1.7762699481825734,1.728664692045633,0.0,-1.6532609396467797
2016-02-22,2.1331816223815894,1.8525767263120283,0.0,-1.6924953701889076
2016-02-23,1.7468677526461904,1.8015174439350605,0.0,-1.4807955927829741
2016-02-24,1.895607827452054,1.970613039183711,0.0,-1.3913563955235075
2016-02-25,1.431432055107936,1.4850014139794876,0.0,-1.4012554723548867
2016-02-26,1.5037023642798968,1.4879310324752009,0.0,-1.1004408224001205
2016-02-29,1.3916001524852788,1.6284326617081732,0.0,-1.2667241866655883
2016-03-01,1.3712560465824881,1.41305334965834,0.0,-1.4253027728921517
2016-03-02,1.5521336081650994,1.7545598738904813,0.0,-1.5747081499843243
2016-03-03,1.3631689875080288,2.033215639007633,0.0,-1.5156597597603134
2016-03-04,1.5061416989336505,1.7885601118942351,0.0,-1.4875954471174822
2016-03-07,1.4946131241926779,1.6983192315851792,0.0,-1.459963695189367
2016-03-08,1.3407850844506706,1.6783443279353036,0.0,-1.5388994387719983
2016-03-09,1.2272708503902627,1.604503460486598,0.0,-1.5205922196010497
2016-03-10,1.5464761573877557,1.7068278826077405,0.0,-1.5304254770561732
2016-03-11,1.5356253353523774,1.7414555561597145,0.0,-1.3149761486657887
2016-03-14,1.4477256303090222,1.6127997708758302,0.0,-1.3850971666204537
2016-03-15,1.0329673315180254,1.2836894551174196,3.0,-1.4702519585065525
2016-03-16,1.06368480378907,1.2480910756116579,3.0,-1.0015152286903943
2016-03-17,1.2892304386450948,1.4817938949029519,3.0,-1.1226502103147642
2016-03-18,1.0176931835643637,1.3294535956419038,1.2324806188111832,-1.0544711120473123
2016-03-21,0.6965657921215874,1.0278477068908813,-0.5476284842456055,-0.882683461269339
2016-03-22,0.6169580125373085,0.845579647455292,-0.9098821579311728,-0.6253024735166268
2016-03-23,0.8259188110782633,1.1016229375170703,-0.4304800926408245,-0.7472193543821983
2016-03-24,0.718200468860896,1.0252444187026148,-1.5275746866818298,-0.7826159850651672
2016-03-25,0.6047885418288175,0.89808059365386,-3.0,-0.8500102692923415
2016-03-28,0.8860993960700753,0.9916751475306284,-2.963786029424103,-0.8876272419527155
2016-03-29,0.5621733631818986,0.6474560895348921,-2.0210594011630874,-0.8354411352968704
2016-03-30,0.6136054363431075,0.5842373443196788,-2.5708679271585577,-0.5673990524202217
2016-03-31,0.09845243487676623,0.5218607881273767,-3.0,-0.7586742347726121
2016-04-01,-0.30828108194440507,0.054261028030256196,-3.0,-0.13812372963171346
2016-04-04,-0.5449025290441329,0.1480069648601632,-2.812114415607177,0.21187108490509213
2016-04-05,-0.2285993763021889,0.14678237120773163,-2.3563213958095544,0.25964986869896967
2016-04-06,0.12302755859050003,0.2891427911097955,-2.336387195523322,0.09994415585186811
2016-04-07,0.27829749073686016,0.38297571044743406,-2.565511039151005,0.0030828039725135795
2016-04-08,0.4619281555387871,0.23405076166652217,-1.1209880242417636,-0.23053364885484504
2016-04-11,0.6940027580582244,0.4763943062521075,-0.8664928793244588,-0.4005042410805682
2016-04-12,0.5712120238997699,0.42293478645185967,-0.616916330442009,-0.49743276274301107
2016-04-13,0.5298261947217133,0.6164860484141299,-1.2214884052841117,-0.5933486785253936
2016-04-14,0.7293223743868271,0.7582592118678657,0.7846397514872178,-0.7782858072656411
2016-04-15,0.6153633337708082,0.7002283205218653,1.6768983162830842,-0.8391600310236201
2016-04-19,-0.0604704960205326,0.2933826567587167,-0.1774919267892211,-0.8955417674334619
2016-04-20,-0.0892530785116642,0.2911599955313003,-0.21055523800963755,0.04958894661739241
2016-04-21,0.13900540839442932,0.3905209726231807,-0.20904341032218693,-0.21230681596193804
2016-04-22,0.5480704832354671,0.6927507341926327,1.4433537381713424,-0.366700750187056
2016-04-25,0.5810575809940179,0.8381829170145471,1.8705891762708848,-0.3384376232636301
2016-04-26,0.8067080319096727,0.6249677862432494,2.190096557307929,-0.6076798570410724
2016-04-27,0.7044283637597625,0.7217813488370449,1.2373230336635692,-0.6795715406948718
2016-04-28,0.5032609487777757,0.6632996686305641,1.4395943225961645,-0.7912211506607782
2016-04-29,0.7554745194548728,0.9144350755818469,1.158540969053796,-0.7339109559475306
2016-05-04,0.7844798116266226,0.801065406877622,0.789260362287939,-0.7662538921887939
2016-05-05,0.7822800770053131,0.8444826326179531,2.0058412963777816,-0.9613535019771426
2016-05-06,0.6905070532046232,0.8356024047303887,1.5526695319292811,-1.1465002006562177
2016-05-09,0.3952221177471099,0.671275695673008,1.276027123775921,-1.1935729975090668
2016-05-10,0.2682645710711221,0.6654430758306331,0.3823382714399811,-0.9192361736872959
2016-05-11,0.5560674460450918,0.9208449692600599,1.1032347380330934,-0.9231816890759784
2016-05-12,0.559359467928921,0.9108903927283962,0.6505197407833341,-0.8992384991887463
2016-05-13,0.3989859557929212,0.9533711015989119,0.4232301914580091,-1.0912877388705486
2016-05-16,0.3808150360135425,0.7337747403492553,0.9600305959283449,-1.0306256320876883
2016-05-17,0.7704977835372109,1.04162572849791,0.08949177109241171,-1.161537041174391
2016-05-18,0.7216038662463891,1.0815559850412984,0.024537173722906924,-1.0061322808385573
2016-05-19,0.6697037607538509,0.9644149744449904,0.3806490614781728,-1.123026558640378
2016-05-20,0.5789242210426702,0.9019656959663674,0.702354707445184,-1.212907102729775
2016-05-23,0.4507451901182399,0.9977419196711445,1.5904142380799466,-1.2324994890983296
2016-05-24,0.49815502156265834,0.9870951397277771,1.6536703620449038,-1.190762081611215
2016-05-25,0.5275642937177589,1.0290236302271758,0.4577865791881009,-1.2930611011134208
2016-05-26,0.18603841447703007,0.8084291571886473,-0.6703332449972138,-1.3883607060645142
2016-05-27,0.39612798376266156,0.8014995652070835,0.4955081777589437,-0.9926302438085677
2016-05-30,0.6357420727392571,1.109895121712885,1.2923860696303702,-1.0081027036137364
2016-05-31,0.8571532678064872,1.149511160314626,1.2749128946397659,-0.99096900175125
2016-06-01,0.9453297857456585,1.2919033159726891,0.7828235514691824,-0.980708152100066
2016-06-02,1.2289400804474329,1.37785466778161,1.7822703912564701,-1.061062274206872
2016-06-03,1.2365032709683643,1.1524539256305626,1.7459973597159821,-0.9753356563761915
2016-06-06,1.029635090475715,0.9841939801300796,1.9220457269695603,-1.094790425471124
2016-06-07,1.2949643676327476,1.2331899330659404,1.7605475464210596,-1.0100226335826188
2016-06-08,1.4614836703379426,1.3719343883815507,1.4593071810313658,-0.93658957916126
2016-06-09,1.615648728316046,1.302334642722338,2.195910670676465,-0.9357432614535991
2016-06-10,1.5984899246636646,1.387376594026241,2.137101486469673,-0.932682540130915
2016-06-13,1.123031618623774,0.9619119372405144,1.4048269539102174,-1.0481564120986941
2016-06-14,1.2007290764182932,0.9021433005218115,0.8951371393070353,-0.583763483705087
2016-06-15,1.254952372246826,0.8946690216710314,1.0040149999888752,-0.7036616678500741
2016-06-16,1.3069041522569849,0.9900242719565782,1.2838563923570154,-0.819118603886677
2016-06-17,0.9326081033801434,0.9299217486276075,0.5731118663630421,-0.9156578928258692
2016-06-20,1.291843646043255,0.8192966000490438,1.4110941814407585,-0.6025798494194156
2016-06-21,1.2868224124611205,1.0704957780702173,1.24953222149291,-0.499282100636021
2016-06-22,1.305138877023885,1.060467925557606,0.6583916946690392,-0.6815782648969126
2016-06-23,1.5009241375552718,1.3059685595927963,0.1282221529611993,-0.8195581491356236
2016-06-24,0.662444417191281,0.8312355797637551,-0.7531560593318699,-0.7946453888506068
2016-06-27,0.3258572928383314,0.5673290911644011,-0.4253445891479446,0.3740345227573469
2016-06-28,0.4588593251997715,0.5122897732969617,-0.7471906052591043,0.47598569023921017
2016-06-29,1.0735715500555465,0.8729539273269085,-0.9185945708544997,0.21404841598027832
2016-06-30,0.9111155273744548,0.6069374951279304,-0.9115649642855286,0.3907588553515526
2016-07-01,1.0678676183233031,0.7827862717615642,-0.12357457986910307,0.20904235701424392
2016-07-04,1.47009602726481,1.0918636847654317,0.057260872690231106,0.02548778024344386
2016-07-05,1.465602957374207,1.144698719495941,0.057028779325360816,0.07897634169997297
2016-07-06,1.5870804858577114,1.1964425252495217,0.23858104762103916,-0.1841873770147962
2016-07-07,2.0513394022680247,1.3090690376125838,0.6381690805351298,-0.3084443134683658
2016-07-08,1.8329819471874167,1.1090240522460646,2.132523326871934,-0.10236418705017196
2016-07-11,1.0708625420211495,0.9124666937101421,0.9307722262962422,-0.23102508045561368
2016-07-12,1.048879950373832,0.9683966714226556,0.7450865615243247,0.6264185391830062
2016-07-13,1.4013406600811436,1.272046711393394,1.0271155063364832,0.24541893981266658
2016-07-14,0.8679859005407659,1.1974616416103983,0.19191466233947893,0.2364372609440602
2016-07-15,0.7180093368870124,1.3098199932137857,0.6977561261494288,0.6327415669833832
2016-07-18,1.1331900862136115,1.2964250132212871,0.18619704313251026,0.40506196034518316
2016-07-19,0.7492486093379463,1.1605506715985356,0.29486170789312127,0.4101331180664949
2016-07-20,0.2501659171298274,0.965543332819635,-0.729947495993005,0.5518294611963853
2016-07-21,0.03603855244654522,1.082074253466351,-1.1975796671135048,0.8937831505128663
2016-07-22,-0.43503436247247296,0.9501016151070129,-2.109374546689123,0.7580504020371568
2016-07-25,-0.5619983212109781,0.6335944586383053,-1.4752877129065882,1.07281198483728
2016-07-26,-0.5352057932110187,0.8169857945780505,-1.423271130413621,0.82262406976374
2016-07-27,-0.4266341708481867,0.8121013828225753,-2.803746155495014,0.39825733554326803
2016-07-28,-0.5688678789213054,0.8073037385243156,-3.0,0.08486266406920644
2016-07-29,-0.5824323446658468,0.6777398726104635,-2.8667046395615943,0.012815140536890103
2016-08-01,-0.9230617016125002,0.6116276588692681,-2.83728573774884,-0.23265580628487093
2016-08-02,-1.652509350058477,0.2941039025916298,-3.0,0.0912963130975592
2016-08-03,-1.910103752646628,0.16653862817277632,-3.0,1.1769051701213384
2016-08-04,-2.2074493736524827,-0.024485450161613704,-3.0,1.2393527483348603
2016-08-05,-2.349197126896531,-0.4064121753212407,-3.0,1.406156221407457
2016-08-08,-2.2076353530662076,-0.21332488761443535,-3.0,1.3233160735864622
2016-08-09,-1.7631721682865384,-0.27663957257218114,-2.8432180190190017,0.8059791401529128
2016-08-10,-1.215483577818266,0.23870139661889853,-2.4181613872359407,0.6606161129047248
2016-08-11,-0.5959629472197857,0.43118442178144767,-0.9930834972147599,0.6687636605335446
2016-08-12,-0.8200481884396371,0.36490709606534,-1.1136747847493311,0.7684514353531959
2016-08-15,-0.5437902618202327,0.4930780886314158,-0.8766148804147262,0.7527629358486957
2016-08-16,-0.29964513201631277,0.42617096040820746,-0.2054196854935416,0.5151500253161458
2016-08-17,-0.19256721217216322,0.2942614849899808,0.6196238779935905,0.2938638314608126
2016-08-18,-0.4127548809159983,0.22785692403314445,0.8994752369795853,-0.010706096490487536
2016-08-19,-0.5020146787553099,0.2926737082826345,1.022394478873552,0.056125264898942456
2016-08-22,-0.7194474052117823,0.2258882288012536,1.499336283069016,-0.09016221679351136
2016-08-23,-0.5493718734550302,0.2251402415296918,1.7850558689670883,0.011113926415773651
2016-08-24,-0.6121622756584643,0.15819804837666554,1.1609171893903547,-0.2135423816707355
2016-08-25,-0.6653358857968837,0.22410194881591095,0.9756060685565731,-0.3532963158884416
2016-08-26,-0.3724267903676272,0.22337420388635323,1.5232213825150138,-0.48332700835441894
2016-08-29,-0.6387646065921062,0.22265350536457038,0.5769388804504151,-0.5173223548837536
2016-08-30,-0.3907994878692654,0.28893029201774895,0.4729055055780769,-0.2696896753497546
2016-08-31,-0.17883749156181955,0.4222672952382162,0.8019913001416266,-0.379369180458087
2016-09-01,-0.303329394037232,0.2861327497214281,1.0770528437460232,-0.49872903216877423
2016-09-05,-0.4726233736162608,0.08251772262080043,0.9687870139517969,-0.5235170724717352
2016-09-06,-0.3081759217965468,0.082270098067351,1.1403549376999966,-0.45801701482324114
2016-09-07,-0.25128375016051846,0.28594273154101524,0.803331754477871,-0.6148630214675829
2016-09-08,-0.013120842217214563,0.2850311883137233,0.7485629100640846,-0.84137816393084
2016-09-09,-0.06319937836625665,0.4207205743607838,0.8469799883670583,-0.8647971182221854
2016-09-12,-0.5496900533361269,0.07678893381080207,0.10131672757531254,-0.9698177608349599
2016-09-13,-0.6387592721387577,0.21402498096557623,0.3322404520658731,-0.22575322028276643
2016-09-14,-0.824886933719159,0.07553322973198714,-0.5187271610674727,-0.32210705910489523
2016-09-15,-1.1102920534729417,-0.13209191894783953,-0.3363529444990833,-0.2302031413789661
2016-09-16,-1.3004951205903952,-0.20102955384132334,-0.5420752086192416,0.04840059336286366
2016-09-19,-0.9392925397599645,-0.061400248754124497,-0.7727228871433147,0.1368863786650048
2016-09-20,-0.705592609271475,0.21766245182226956,-0.17309191640825794,0.04554386024043781
2016-09-21,-0.5544421071294865,0.21702459935071092,-0.06841462320090248,-0.1422442545351363
2016-09-22,-0.22415334953007252,0.21639232342846557,-0.19881221130397417,-0.37181388527284015
2016-09-23,-0.25499502515446876,0.21576554324754119,-0.32912799325787523,-0.3905988705663046
2016-09-26,-0.18164036046730858,0.21514417963026383,0.3806179910041681,-0.5828035965200854
2016-09-27,-0.010832611188569784,0.3557857697675188,0.3531322428500971,-0.8046430921345598
2016-09-28,0.04699986280441665,0.4254546702610788,0.7730730300407196,-0.9016865858614467
2016-09-29,0.07100321042911874,0.5658266359389766,0.8747990826911105,-1.0823953343112898
2016-09-30,0.03076066508899392,0.4928322405816701,1.106619218962384,-1.264665234323498
2016-10-03,-0.04424207935075177,0.4135476052032223,0.9261801931041106,-1.3342092947094362
2016-10-04,-0.3673369748739778,0.28247072032585036,0.3710150281744121,-1.3336812310255506
2016-10-05,-0.20908838983187814,0.47678949896595,0.36989614076173466,-0.8695060801451011
2016-10-06,0.06817765195333339,0.5403662003173232,0.006871019956223067,-0.971955126996548
2016-10-07,0.021050239345122557,0.6037431409784889,0.17624880676121532,-0.9415599128165977
2016-10-10,-0.4081792277858776,0.47091166256838746,0.005940636371833145,-1.0424359222707684
2016-10-11,-0.1955162787559457,0.7311624560325088,0.10323642392371417,-0.425673839419958
2016-10-12,-0.11890368419293047,0.7936702137833898,-0.33598852460208056,-0.5432427194788322
2016-10-13,0.11870910921182388,0.7248683642918329,-0.01728931399522048,-0.7594063022543247
2016-10-14,0.0816274286496152,0.7220397844117888,0.4237890303377657,-0.7958732363168451
2016-10-17,-0.14858910543161696,0.7192441114247213,-0.19139897101032438,-0.93603899738958
2016-10-18,-0.2452566472591152,0.5848790674046669,0.05534839964127304,-0.7338460592025456
2016-10-19,-0.16685965798210564,0.7805764573671096,-0.11761369800954763,-0.7703675325656861
2016-10-20,-0.3084788903286778,0.645549893159119,-0.6611268541782452,-0.9539366102681825
2016-10-21,-0.5620908783810794,0.4448411248763623,-0.9793362899016284,-0.8825632083027631
2016-10-24,-0.8924442938129,0.17801394870079523,-1.2447253420660265,-0.6138424976825536
2016-10-25,-1.1499045665494207,-0.2884939871191118,-1.334694207131268,-0.222271969223929
2016-10-26,-1.2416021166888485,-0.15429083630321164,-1.5202582181069855,0.001854852839588998
2016-10-27,-1.189229842655879,-0.1539050512849095,-1.9174917852537643,-0.07178336061737563
2016-10-28,-0.8784160584871545,0.1147371217638908,-2.014690084167348,-0.3587252710697932
2016-10-31,-1.159562547824742,-0.08723344558246111,-1.4918313297660428,-0.42390058042700585
2016-11-01,-1.1633048886806225,-0.01962780103373564,-1.5754246844379574,-0.11790461217114578
2016-11-02,-1.4757442842721247,-0.22223589916169872,-2.2894856064802838,-0.3160745894824146
2016-11-03,-1.6365831313469925,-0.42467211967938234,-2.2557807801729597,0.06844823977058832
2016-11-04,-1.6611398411219673,-0.4234819621604468,-2.56333372094886,0.14273954548712942
2016-11-07,-1.3217864577545242,-0.15053015092394167,-1.4315690851884877,-0.014926922222083316
2016-11-08,-1.2724570588742234,-0.0820296299834843,-1.1686780004235637,-0.12159588866427122
2016-11-09,-1.7076108582781087,-0.49139933509665196,-1.8928910624820643,-0.39199893686361226
2016-11-10,-0.9396294580267132,-0.21650973027354695,-0.8483272187476607,0.3020615049367871
2016-11-11,-0.9116009657852648,-0.215984336027975,-1.1202208958042907,0.5989006845927624
2016-11-14,-1.0536589928988547,-0.3528609808158015,-1.2743615658524334,0.2254120241251001
2016-11-15,-1.0459415021815142,-0.5582853060403022,-1.1297663359841,0.19262552693319865
2016-11-16,-0.9382597553983963,-0.2809957291506116,-0.38992011881380073,-0.07904802715223082
2016-11-17,-1.0274254564228424,-0.07294108466617014,-0.5502128613666977,-0.3778167042754983
2016-11-18,-1.1085583308546276,-0.2113484812600535,-0.8480955678640608,-0.40904660947882826
2016-11-21,-0.9790134538580851,-0.2802711567668995,-0.7065801205018334,-0.44148003901417976
2016-11-22,-0.7723010429568116,-0.07085301285885587,-0.19547277839563632,-0.6713132638105331
2016-11-23,-0.6472079929012095,-0.0009407078264909969,0.6630765534723562,-0.7877788886113369
2016-11-24,-0.5628131511612815,-0.0009386151189552584,0.42902733284711586,-0.9591309854700155
2016-11-25,-0.7361179280843851,-0.3511908227790204,-0.10741690387539324,-1.1400220874443951
2016-11-28,-1.2636407567466148,-0.4905696886354986,-0.45698050661205186,-0.9317414679690894
2016-11-29,-1.5173286190381712,-0.7697886692743094,-0.8984973418928743,0.043421725153721974
2016-11-30,-1.3495578061738116,-0.48628427795789364,-0.3585617499391205,0.29294951656836926
2016-12-01,-1.2431129732138666,-0.6960155633719924,0.040543301448344456,-0.024765257787419323
2016-12-02,-1.29171547967096,-0.6937740118249835,-0.17087669427111293,-0.3483318758731458
2016-12-05,-1.4043856921490765,-0.40943898254195177,-0.7344268312855797,-0.4228166225551653
2016-12-06,-1.8793921875875481,-0.8321098025972323,-1.5955349562381311,-0.36217466213265626
2016-12-07,-1.8549848543255238,-0.8995984848040804,-1.8827082519639617,0.48687757643755103
2016-12-08,-1.6847902748790482,-0.7549976284377219,-1.9101908019717881,0.22304684450081885
2016-12-09,-1.7628494866039561,-0.8937479733352949,-1.823353349520255,-0.10135854413896091
2016-12-12,-2.2724793445970004,-1.101913945247329,-1.7162156950402474,-0.1050007572360499
2016-12-13,-2.5674086342412314,-1.5177538095959682,-1.9720731316392024,0.8791575126610794
2016-12-14,-1.9115842952448303,-1.2976888093405818,-1.773158815924155,1.2612484705346922
2016-12-15,-1.874561577711526,-1.080389523732463,-1.6462068658128217,1.2720838995192507
2016-12-16,-1.572286541962449,-1.0755226045361945,-1.2756899609579155,0.8695051790376292
2016-12-19,-1.1701217387338396,-0.7195551036149473,-0.480433238677602,0.5871457029702195
2016-12-20,-1.3031717692596307,-0.8580816996663267,-0.0485965411534225,0.4739879504739838
2016-12-21,-1.1730277696182332,-0.8550218201243642,-0.09394199235829538,0.4444309691180462
2016-12-22,-1.2869118568537703,-1.1332264172334112,-0.20758310033204921,0.07021792218915857
2016-12-23,-1.3173728757130045,-1.1279564021251494,-0.5945905151648943,0.0677772083564296
2016-12-26,-1.3849300698281484,-1.1928386333080896,0.3203830631660379,-0.08592127554721578
2016-12-27,-1.2850175652614508,-1.0468830842071202,1.0497848904970573,-0.14019233762862132
2016-12-28,-1.1348623827048663,-1.0424686155994027,0.7949360978209166,-0.46756605682376146
2016-12-29,-1.026608658386197,-0.8977672283818268,1.0429453934675474,-0.6895050274258131
2016-12-30,-0.9419093433041485,-0.6131084848875293,1.1295344876233444,-0.9181553517801982
2017-01-03,-0.6911274865639061,-0.09585213571973814,1.1698303754482606,-1.134638059630485
2017-01-04,-0.5965791848888103,-0.251459018820906,2.0063739533143528,-1.1333352499787495
2017-01-05,-0.5369677425737676,-0.2727490500052836,1.22196389685148,-1.2933919728660732
2017-01-06,-0.5747960340938701,-0.19230153566245992,0.9424245617411194,-1.4594439172798335
2017-01-09,-0.5191042641791737,0.20150173904174165,1.2335384158835827,-1.4338348010598827
2017-01-10,-0.5597166220487326,-0.21855304320010593,1.4459975079644662,-1.581014956229422
2017-01-11,-0.3291739353597228,-0.23518258972826842,1.726341012937638,-1.545686958352005
2017-01-12,-0.24926356955977472,0.010990143126289905,1.3717167341964132,-1.4794850714088421
2017-01-13,-0.28157814950610016,0.0022521648165908965,1.578634079849497,-1.5819588908503206
2017-01-16,-0.6263195376805925,-0.3562009800691152,1.3972999870773564,-1.5687318243106612
2017-01-17,-0.6097516778624914,-0.10865390546142356,0.8102954254966834,-0.8557199351807645
2017-01-18,-0.7895278031592671,-0.21908384897397631,0.4206312769007115,-1.023893705858305
2017-01-19,-0.9093771809104542,-0.7947310865332773,0.3226687678409163,-0.807277863537026
2017-01-20,-0.6983627856696212,-0.737086857008616,0.707640312651806,-0.7159361550797748
2017-01-23,-0.7178810753781445,-0.9745685448000713,0.2707799971612114,-0.8048884994872582
2017-01-24,-0.29840327969540076,-0.19696567723608352,0.679728099613174,-0.959729542763663
2017-01-25,0.02177379881209792,-0.0005699218369310395,1.0608036261644886,-0.7546118841913795
2017-02-02,0.24398779297224163,-0.013658358594275348,1.1262895682842404,-0.7065147052355273
2017-02-03,0.08776943118481824,0.40504104909430627,0.8091927966965942,-0.7753053302933907
2017-02-06,0.1429723458007066,0.5086947754713181,0.9007337728183604,-0.7007897781879077
2017-02-07,0.166887060203283,0.6137719318631136,0.7769362078604788,-0.9832137321882141
2017-02-08,0.37629157160187693,0.7205166632926049,1.177164234936242,-1.2698571002481431
2017-02-09,0.406691009095374,0.8320164450587506,1.334847150271225,-1.2778765649575075
2017-02-10,0.5264820764528314,0.833670583497841,1.676538734562287,-1.5119635508858214
2017-02-13,0.883000128228429,1.4264897577627305,2.0770300205008887,-1.589814835885826
2017-02-14,0.8165520778474145,1.1858473691638676,2.0058674291795775,-1.3066719827691495
2017-02-15,0.991542974025659,1.544685452225174,1.9596600256008567,-1.427958990788669
2017-02-16,0.8724536187960982,1.1744646510065604,1.4619110042747998,-1.408542250046288
2017-02-17,1.0155859903860331,1.1714648138912398,1.7212573752704499,-1.400178550805993
2017-02-20,1.3245596910105462,1.6596091486655689,2.150474466175552,-1.4213543581283306
2017-02-21,1.4764157534774422,1.5226276159159196,1.7027772101093792,-1.1932698442688825
2017-02-22,1.3781912462253367,1.7534536399158929,1.331921095091643,-1.1999404166835437
2017-02-23,1.3204075177760723,1.3696686142407142,1.2555361182625375,-1.311157522057227
2017-02-24,1.1066469585773682,0.9911070606298532,0.7810598809552456,-1.4878246080699147
2017-02-27,1.1552059377735475,1.1058427151739878,0.6659393005475799,-1.2532200177786337
2017-02-28,0.8478139193922802,0.9745294209275863,0.3292379615897995,-1.3966433689309548
2017-03-01,0.6621481599864757,1.0894969727890416,-0.028248474737128288,-0.9027628656766431
2017-03-02,0.5812722241215387,0.8360619938531957,-0.16170971715116975,-0.7663263589356127
2017-03-03,0.5624784677098614,1.197425098520644,-0.31683531200130666,-0.8798214616090431
2017-03-06,0.6988798488448413,1.192389929055935,-0.6488584761725793,-1.1054877440063813
2017-03-07,0.87604625780854,1.1858939785431877,-0.5126077658640463,-1.186140697458946
2017-03-08,0.9987083687740067,1.420949314282791,-0.8205952766823598,-1.1939442075923539
2017-03-09,0.9351967361534607,1.291764728702915,-0.70565132397528,-1.2649274039432188
2017-03-10,0.8363484742481703,1.1645329599039722,-0.7242354441989514,-1.3788152997091552
2017-03-13,0.7100462058167775,1.0413081861397817,-0.6764071550952881,-1.3907638735666965
2017-03-14,0.7258754675567849,1.1614359844886981,-0.5184989055204087,-1.314726891913297
2017-03-15,0.6957226922058153,0.9191115393210254,-0.8469095569886289,-1.5156665581558872
2017-03-16,1.025649290730376,1.1552022103703947,-0.26527905409238595,-1.6315124056507693
2017-03-17,1.019761935461394,1.2683699878818102,0.04861664262045665,-1.3552784205631891
2017-03-20,1.2834365527934506,1.7392672403914538,0.38535420232922796,-1.5482146969073658
2017-03-21,1.3391411283302348,1.6085160127090807,0.5849485497190459,-1.3634241428034175
2017-03-22,0.9751735941503535,1.3593716817099508,0.1385929278578878,-1.457441856521134
2017-03-23,1.194712878469378,1.5821386317543873,0.4258999579776648,-0.830916671872921
2017-03-24,1.100494076925558,1.3364645523739394,0.7339397626288895,-0.7988720859939733
2017-03-27,1.2145685885827664,1.5593257485677101,0.7513165539552967,-0.9169973806100212
2017-03-28,1.0407615974701823,1.5453884086923744,0.8114383641359492,-1.001693680475421
2017-03-29,1.176366496255207,1.4177189897477434,0.7607936792750079,-0.9168419286515168
2017-03-30,1.2203026364813756,1.1754202438743502,0.40113676370664647,-0.9770695222812203
2017-03-31,1.080671710584211,1.0509833571472833,0.24145660808509822,-1.1303617720007986
2017-04-03,1.1496059085716344,0.9276547660872996,-0.12161943722413139,-1.1024982294015089
2017-04-04,1.0879343717358896,1.0367384781953792,-0.21872737524692948,-1.2067258146890694
2017-04-05,0.9413293593432424,0.9134294195323257,0.06852217218945003,-1.3411201076198336
2017-04-07,0.9198000584435342,0.9066307648459904,-0.7949496750459599,-1.2600496935764702
2017-04-10,0.9292312401042594,0.7827719769146283,-0.776505740775953,-1.4500648097362432
2017-04-11,0.969119445175335,1.12643169869374,-0.6918262987494814,-1.4841727356374643
2017-04-12,0.591426538049094,1.001334538838562,-0.6471016987322691,-1.4711172403499413
2017-04-13,0.5472798358982152,0.9934197750318219,-0.6926438523819055,-0.8679427231154636
2017-04-14,0.22629649670716626,0.7514411777139274,-1.4373048640972417,-1.0109706062457806
2017-04-17,-0.23683157934957633,0.3935432128462124,-1.4089368665337543,-0.43849219282073415
2017-04-18,0.03728206940197849,0.3903696052677577,-1.1957321581704186,0.4835693636103383
2017-04-19,0.3672155776821412,0.7390285459095517,-0.7822435467068641,0.35611822266232024
2017-04-20,0.12647766828732268,0.732633383929734,-0.8916264726352483,0.3356596203162237
2017-04-21,0.23419875621148162,0.7262606044905775,-1.2010229596055837,0.49919700256588856
2017-04-24,0.10496376113130851,0.4838576543411591,-1.1941681247434714,0.18056691388804172
2017-04-25,0.09721452834397964,0.47985162886741756,-1.2733407581967051,0.11649995635052193
2017-04-26,0.45266444455527893,0.7128958885838746,-0.6401328062935062,-0.19455084126289615
2017-04-27,0.7501044523375263,0.8252503098764523,-0.5448488691789508,-0.08908900481271316
2017-04-28,0.6924800970368886,1.0544957003529134,-0.18231137345207668,-0.06301079942919566
2017-05-03,0.7539944784301482,0.9291595015978671,0.6054181179662891,-0.30388485350544225
2017-05-04,0.8461618844855578,0.6889716817746222,0.17972047855649442,-0.5421919961897834
2017-05-05,1.0005968644940715,0.6846116389760024,0.0908469376282641,-0.7061339389885258
2017-05-08,1.135413132466891,0.7977896633701033,0.5219170696621515,-0.7613716249312815
2017-05-09,1.433942209988115,1.0266574396189823,0.4114172931802723,-0.8262029793654233
2017-05-10,1.4418662260794597,1.0190272246120586,1.487226192830625,-0.6467177426160187
2017-05-11,1.3347040560093322,1.0114603760972847,0.8978685366577271,-0.8555950401863515
2017-05-12,1.516505138394777,1.0053869747232071,0.8959878728875741,-0.9602713959589219
2017-05-15,1.831171011449519,0.8833976849872454,1.3808781603517737,-0.9015685315616653
2017-05-16,1.679435350297606,0.9946630291607012,1.017721562281083,-0.6464467186465136
2017-05-17,1.6926694479199689,0.8721666039668234,1.3232202319540518,-0.7307566616907637
2017-05-18,1.4505884979138635,0.9840124415606569,1.5981145803096655,-0.898794761039881
2017-05-19,1.6818980828800765,0.9799055882636827,0.9721889817530116,-0.7011552390256839
2017-05-22,1.773296438331779,1.089749758649761,0.9673032933762206,-0.5933582923614175
2017-05-23,1.5273891503727137,0.9685271220678968,0.963356511219324,-0.6760377965789875
2017-05-24,1.8152326784127948,1.078438533780342,0.9844947134462004,-0.5163612308995068
2017-05-25,2.0009554360425286,0.9586242232848766,1.2674574298699475,-0.3378246828092895
2017-05-26,1.9902884127802776,1.1824869204121704,1.4544961443522069,-0.3079059053284417
2017-05-29,1.9080885184044687,0.49108230523879187,1.3121678287460699,-0.5377796162181333
2017-05-30,1.3824034695699237,0.7168798591516147,1.152834004942079,-0.8262746313880777
2017-05-31,1.39919285430093,0.6017790983108954,0.9334347336773522,0.17395462925314187
2017-06-01,1.4594186147936659,0.9434386319948533,1.190297623772219,-0.13271720635211237
2017-06-02,1.4872924163618202,0.9430942491683133,1.0769843423004264,-0.3369304712151165
2017-06-05,1.3941785733236889,0.9442070042989121,0.4729376755536903,-0.5543091776257816
2017-06-06,1.5377755275947682,1.169479500019533,1.0154327485489467,-0.7331994249114784
2017-06-07,1.610016847913452,1.2767088946601834,0.6061902216354101,-0.7381324620171801
2017-06-08,1.4863313586814635,1.3856055922177077,0.6305245634307507,-0.8311127323274484
2017-06-09,1.4003691983025601,1.1581143709734192,0.3066902367489165,-0.9128197587156882
2017-06-12,1.2523101212268457,1.3823337017105688,-0.2982872047766184,-1.0545376563991862
2017-06-13,1.3433834722226776,1.6049448026945654,0.6038811788603127,-1.0041762712975233
2017-06-14,1.4022091316840566,1.7043946682880022,0.4747201783047638,-1.0617525208545486
2017-06-15,1.3869475002565452,1.5794703234734078,0.3880285247672053,-1.1404063176684385
2017-06-16,1.4415668480944435,1.5675118378666348,0.34580751235512847,-1.3087872067308204
2017-06-19,1.668952638020221,1.776033746550873,0.633539444532293,-1.3575684286481022
2017-06-20,1.706620330253269,1.5428433994348487,0.9824656521416165,-1.132857242264222
2017-06-21,1.588819357749891,1.5308798323774933,0.501264980182531,-1.1986854182826572
2017-06-22,1.7204406873481126,1.6304376179386255,0.26191653310452984,-1.2465146482244274
2017-06-23,1.760744188837543,1.62001149664287,0.7679705883873319,-1.1667070490925364
2017-06-26,1.7845900821662053,1.8284725497775598,1.505695030319473,-1.2216747720081969
2017-06-27,1.4187431622625395,1.8110936495694598,0.29596072877697654,-1.2909277476484167
2017-06-28,1.4477158444906644,1.4741670805425575,0.4471213944598176,-0.6388452274211972
2017-06-29,1.5285229084632987,1.6725906044629508,0.18175813022112544,-0.787083796310159
2017-06-30,1.5188185879261198,1.658996988484215,0.6816564372354933,-0.8370338885879475
2017-07-03,1.377484646994231,1.8515436429705219,0.10914006721430015,-1.0097019855221874
2017-07-04,1.2666666586507838,1.729749479464486,0.10878928047738651,-0.9935976480358842
2017-07-05,1.3504523435069498,1.8207414552290664,0.043309631023678366,-1.034000077642991
2017-07-06,1.3441894671677084,1.705540618739995,-0.34968877574312246,-1.0653754897934786
2017-07-07,1.028422372482203,1.696066090032104,-0.4782880221590924,-1.2172004467889281
2017-07-10,0.5070412455723329,0.8689585426440326,-0.8014772262212463,-0.6067419416826844
2017-07-11,0.6382003721866284,1.177663672887374,-0.6200802799563402,0.661733601885439
2017-07-12,0.7906864003216693,1.2750876432800817,-0.3085223972737528,0.4070472866786754
2017-07-13,0.8877062270858849,1.473447462314656,-0.524172604951582,0.2409965590471598
2017-07-14,0.8790404171361713,1.571326816790669,-0.3220757345015604,0.024292713002358378
2017-07-17,0.4570966961598398,1.2608713262665592,-0.73588733209963,-0.3101792742658533
2017-07-18,0.07313125360216774,0.7508725300662752,-1.079574158673426,0.5463681341244119
2017-07-19,0.0958384286506202,0.7544775901553942,-1.245552047723937,1.186937330809513
2017-07-20,-0.06016959786522251,0.6538959977401212,-1.2789602002004397,0.6847364319210409
2017-07-21,-0.4758125477143822,0.24304383969031598,-1.7643384172125949,0.6981541920193121
2017-07-24,-0.7452078617093453,0.1431939336930525,-1.5154500630834244,1.5096149655557272
2017-07-25,-0.3782492183809794,0.14582466524586987,-1.7651875908648074,1.7904449066725183
2017-07-26,0.04064586151603974,0.35277099191045513,-1.3923669524447635,1.6841170109092194
2017-07-27,0.04060253771315155,0.456966418779066,-1.2584150494288573,1.6925321166910352
2017-07-28,0.2526751699463318,0.35421366542400673,-1.1129023430933633,1.1424289869522846
2017-07-31,0.309121648927623,0.5617116114416173,-0.49832901640994937,0.9235279889027616
2017-08-01,0.17627604665144195,0.457474192876273,-0.4196619469759605,0.5167221056248782
2017-08-02,0.049830842505475786,0.3532869456310377,-0.5583730012191481,0.4498791145438755
2017-08-03,0.18911361917544875,0.4540029911285953,-0.8316395882672093,0.39196074539152764
2017-08-04,0.2454498361549555,0.2438239441125674,0.08462777207388432,0.18902811003882575
2017-08-07,0.213960053026811,0.44672164996799313,0.659182678342441,-0.1086795630784626
2017-08-08,-0.08760509633914411,0.3371925627812951,0.5409523788506911,-0.36683123568947124
2017-08-09,-0.5695960794161151,0.22815341950134502,-0.15891681465033503,0.2345856388984889
2017-08-10,-0.6910231661328138,-0.0900801399600704,-0.6867790894854298,1.4284120194148089
2017-08-11,-0.7034917884227467,0.22183009722392774,-0.8651861630093863,1.2954822481041934
2017-08-14,-0.38625199261251847,0.011796856642199424,-0.3218160241284651,0.8943225139169007
2017-08-15,-0.4422788139277704,0.010965882676964845,-0.5395629336709605,0.8585657754272682
2017-08-16,-0.43134627966661154,0.11536560525826368,-0.4228183360745156,0.6121354258095811
2017-08-17,-0.8903843442714142,0.010133898835617832,-1.0862969210499804,0.2093903052737669
2017-08-18,-0.8011306739747548,0.21770945056628407,-1.5248288245666843,1.4910136630621582
2017-08-21,-0.9288972082343384,0.006393146747037906,-1.5105584770084397,0.9438749806984658
2017-08-22,-1.1232895288130402,-0.621173106489424,-1.77523270599138,0.9665211760450491
2017-08-23,-1.0470165973473344,-0.5158556520763287,-1.2242344517838142,1.227446094586514
2017-08-24,-1.0192493607787003,-0.20239486300113363,-0.8173614482141446,0.683149884644549
2017-08-25,-0.9581373649958046,-0.09930133964227207,-1.1625766044845798,0.29166052848749796
2017-08-28,-0.777318904880159,0.10837708157074782,-1.5262727647115375,-0.14384284641124792
2017-08-29,-0.7960957436716212,0.0018170049495912464,-1.1641809513460493,-0.3016086235067691
2017-08-30,-0.6566671927636248,-0.20893461574604705,-0.6638024524749286,-0.4489600308250494
2017-08-31,-0.6484115880843088,0.20884396487265458,0.045345069463597,-0.6262317859096022
2017-09-01,-0.5437609956618593,0.20758108914671958,0.4950657011979162,-0.8288806334624974
2017-09-05,-0.579757159981285,0.10096886576932623,0.28615660214950717,-1.0091078987998527
2017-09-06,-0.6708097425784746,-0.111167535360666,0.7134584123831392,-1.0338099533390555
2017-09-07,-0.588409915402761,-0.008610807362325673,0.5746271484638561,-0.8686529888679736
2017-09-08,-0.6132179208362398,-0.11461687530143999,1.0706190395813837,-1.0807017478501557
2017-09-11,-0.9154076740377933,-0.42964102482631017,0.5269028725416246,-1.1219915232184199
2017-09-12,-0.7549895481517533,-0.4282432147334372,0.26881301711936634,-0.11669107560527904
2017-09-13,-0.5296129682398716,-0.2198351215935078,1.046534141434365,-0.311778826205413
2017-09-14,-0.3979017584549825,-0.22073020677391378,0.9246087039066875,-0.33993176320595114
2017-09-15,-0.3922892855041591,-0.3274040553710683,0.7068074999160442,-0.5190010491513444
2017-09-18,-0.30934724840170913,-0.015334941189794598,1.1942492394849962,-0.7586766657598346
2017-09-19,-0.3221548283992383,-0.019565505356034685,0.6474064973264114,-0.9536404185829813
2017-09-20,-0.28245700888576236,-0.23385240606547938,1.179796892643864,-1.098914814907221
2017-09-21,-0.2515468742017521,-0.12929030012117804,0.8688414352261709,-1.3208547537031883
2017-09-22,-0.2770916762211118,-0.4470143355253524,0.9338400646915089,-1.3525935408444207
2017-09-25,-0.38576494400040456,-0.44701433552535474,0.9512244369142397,-1.3409339073037674
2017-09-26,-0.2766587547714172,-0.13059885901165807,0.9216476213295273,-1.2893353889187193
2017-09-27,-0.395854355817,-0.026344366626784247,0.035090061139208595,-1.3186990395543634
2017-09-28,-0.5508689719790557,0.28950473666562865,-0.08011242089863523,-1.0916208284673679
2017-09-29,-0.5147080604324102,-0.028867355001088384,0.5053798823765662,-0.7084792217257014
2017-10-02,-0.7194232465844582,0.18637974476836872,0.4469171292048042,-0.9776314776847375
2017-10-03,-0.9294138319398595,0.09292549338504223,0.01972944487295312,-0.407030708572453
2017-10-04,-0.726568465880188,-0.000615764244946251,-0.2231534838657907,0.12860328471516128
2017-10-05,-0.7243535500420196,0.18327125086089305,-0.3233862328993925,-0.015401329270775204
2017-10-06,-0.6938597951219228,0.3674702860405637,-0.4436771007317816,-0.25537946179670074
2017-10-09,-0.631961868467978,0.1809915270409589,0.1741176356619059,-0.5474526693064041
2017-10-10,-0.4901607076619477,0.08824169655486035,0.19483643958273425,-0.8317763574485838
2017-10-11,-0.5272541814609996,0.08767748995943973,-0.13403756612517623,-0.9314583281712939
2017-10-12,-0.43456736467578155,0.1812564959280241,-0.6864105924593138,-0.9524882725102259
2017-10-13,-0.33291413257602076,0.18229051776298286,-0.31543271545408325,-1.11010724265383
2017-10-16,-0.35531473027295457,-0.002367707181691413,0.1576177267867357,-1.2242357836224853
2017-10-17,-0.27770680671991116,-0.001032411356944781,0.34331258955550087,-1.2662913099948176
2017-10-18,-0.4448555044009078,-0.0923844740473104,-0.00702038475720168,-1.262201689806024
2017-10-19,-0.4264971906502428,-0.3694229109062667,0.5877718485800361,-0.9317276342181989
2017-10-20,-0.6998442512746614,-0.4588752681407637,-0.6028206796293283,-1.1211263016149828
2017-10-23,-1.1121904411593728,-0.5484753397132948,-0.9900286872084423,-0.25947387141996925
2017-10-24,-1.0044573975268591,-0.4536523379814189,-0.7642570444231813,1.0679031466871776
2017-10-25,-0.9665763897304487,-0.5459819064296844,-1.010577258263399,0.6240836403677983
2017-10-26,-1.1965970135347939,-0.9190617660715589,-1.4377630209692598,0.23683587747681326
2017-10-27,-1.0403066158160148,-0.8266098490540066,-1.435662541204961,0.788743382379128
2017-10-30,-1.3665582531133598,-1.1960609252169554,-2.0016981606178263,0.4763012699133071
2017-10-31,-1.6533643654261638,-1.6479255100029595,-1.8363016844627054,1.36646219816887
2017-11-01,-1.6993375547497962,-1.9091903229147644,-1.9274364082096918,2.0126034163939046
2017-11-02,-1.9788111127428083,-1.8925069057090966,-2.1357475124469256,1.7725711898064564
2017-11-03,-1.613717798981772,-1.7002334753782422,-1.7957348434191307,2.38338906715756
2017-11-06,-1.1265742991843737,-1.3354098404766521,-1.3791107682415589,2.1441747262859234
2017-11-07,-0.9757651620057404,-1.4242285165593542,-1.4530689445329084,2.203236085197645
2017-11-08,-0.7879854912669588,-1.6862931147690774,-1.0262556079996943,1.6814758026888508
2017-11-09,-0.6738488975414068,-1.5863745828224354,-1.026752462593878,1.3109912756745183
2017-11-10,-0.5356229703963303,-1.4940948424738891,-0.8297537773584296,0.8816775783839649
2017-11-13,-0.4431740649915117,-1.221488676084982,-0.3176048920279073,0.5757826207688908
2017-11-14,-0.31390328920582355,-1.307755954408695,0.131164026194351,0.23872658739069966
2017-11-15,-0.11117177956178904,-1.039237174682088,0.9291747512581098,0.012282557505836688
2017-11-16,0.22735140260018533,-0.8639638276419002,1.940972884128241,-0.044025317907966856
2017-11-17,-0.0021895678683550054,-0.8652210391057783,2.157889577316598,0.17132202955334336
2017-11-20,0.07732686225987222,-0.9538661380717327,1.6716495774065032,0.5159397802905125
2017-11-21,0.08766034357651574,-0.7749850908124011,2.189267664870149,0.19154173486373433
2017-11-22,0.32861904263993585,-0.6871676566199822,2.0619716154250547,-0.19411932756953584
2017-11-23,0.3072866407212268,-0.6876067781644921,2.055274805934884,-0.13129847913565637
2017-11-24,0.7081636782966899,-0.23857710146509234,2.071196724720775,-0.41336950389642335
2017-11-27,1.0755401865997554,0.11940417026445833,2.1420574169141204,-0.001887248496392048
2017-11-28,0.9298934181863494,0.20489237880815914,2.283202839445247,0.3081845222846531
2017-11-29,1.0935829778690596,0.38043227073699276,2.1009292081190543,0.2221554299258439
2017-11-30,1.074862324006683,0.2832185427819156,2.018672571524263,0.15377622297087598
2017-12-01,1.2604625929563675,0.0949666202346029,2.104294686914451,-0.19958605211526828
2017-12-04,1.598570067724456,0.45581710666508607,1.8391201146746947,-0.15762202325422267
2017-12-05,1.1886518105481487,0.5419348297160504,1.6724563713966685,0.1787324029002618
2017-12-06,1.11997850903356,0.16590499657786079,1.6921039499117905,0.8868188236931679
2017-12-07,1.1135836889010626,0.5317551483835218,1.5500101125353873,0.47591344416103604
2017-12-08,1.0540036499850574,0.14986355765858775,1.4844078952596385,0.10304891574236863
2017-12-11,0.45789666623801767,0.048247912342159874,0.9217393883311882,-0.2111957324022948
2017-12-12,0.23748659631137067,-0.05528139615372463,0.9153660329236815,1.4342623715172955
2017-12-13,0.13800079247031585,-0.4514819737402371,0.21578221349497137,1.4800453104810523
2017-12-14,0.5968060350241957,0.11982010028650315,0.49226033515521833,1.1965476277747324
2017-12-15,0.661403523062672,0.10999385020508418,0.3338643617753237,1.4849785022826252
2017-12-18,0.9491191505549614,0.3032395919477708,-0.2473344288099258,1.0654952253927659
2017-12-19,0.7504524463767809,0.09055519966208042,-0.022407292655535337,1.0792837940648252
2017-12-20,0.7438225133336291,0.0826215215148957,-0.14113081256084864,1.046293063854319
2017-12-21,0.5278264850090748,0.1784850671795165,-0.16155200316614302,0.5518245102089491
2017-12-22,0.39742455562359075,-0.25305056186141295,-0.9517246602774411,0.6726914273802116
2017-12-25,0.16827703973705088,-0.4826606713983867,-0.9681942864663018,0.5284878831662249
2017-12-26,0.3037435398658281,-0.2819240593118323,-0.4686038499419109,0.7350320208449735
2017-12-27,0.2587895570614582,-0.18719243979768893,-0.4477116257965824,0.47460548466490704
2017-12-28,0.42742848128155053,0.02541842698814049,-0.46308943111752404,0.11722909051805382
2017-12-29,0.5123620272412648,0.47556991069535076,-0.4790742513828724,0.0008970624510876214
2018-01-02,0.7391514963226451,0.6641630791040446,-0.2934991427693529,-0.23711686855151792
2018-01-03,0.972687844124186,0.7937309818103455,0.21499765556490102,-0.18949821538310113
2018-01-04,1.400831180873801,1.1915993153343296,0.6340958495978667,-0.12348980518678865
2018-01-05,1.1223261077935813,1.0490117743936869,0.309052343292543,0.3150950107593256
2018-01-08,1.4526947804740866,0.9063561284781938,0.5756264926278518,0.511845390771347
2018-01-09,1.7301665337292556,1.849320465081859,1.6262284462060645,0.6793044467750933
2018-01-10,1.82311066565589,1.6953456763299442,1.5729354005270755,0.7557162753088058
2018-01-11,1.8483160677126413,1.5476867109995303,1.8025419676642618,0.5266460901007469
2018-01-12,1.5301749107915217,2.0730637138519477,1.4069922361059322,0.22432026748790382
2018-01-15,1.8965116520874759,2.049453765880788,1.7450302158184807,0.470468745152357
2018-01-16,1.780428308567605,1.8941654537762844,1.5011441932546083,0.7644225930516046
2018-01-17,0.7463406954090837,0.8082218211898564,0.5059863480900141,0.30262768449783745
2018-01-18,0.9139674491456415,1.0719307617880185,0.2245610255872611,3.0
2018-01-19,1.0111745167320105,1.0645333441356133,0.785410071846961,2.843514667751969
2018-01-22,1.1487093143635314,1.1979079325823,0.3284524714829936,2.221746017952413
2018-01-23,3.0,1.7422769933771596,1.4458931398101353,1.778945600111086
2018-01-24,3.0,1.7396192018986216,1.0716884399341806,3.0
2018-01-25,1.5915720828419113,0.894128111890279,-0.4553007106423259,3.0
2018-01-26,1.7093301703520063,0.7473718765910315,-0.40822272035529056,3.0
2018-01-29,1.5132304166339914,0.460311352512262,-0.6400767329755772,3.0
2018-01-30,1.670453659697391,0.31505578775562393,-0.2707917482623516,3.0
2018-01-31,1.2676784531346779,-0.11113646024480195,-0.18179494156219045,3.0
2018-02-01,0.7016122107469037,-0.535362905888263,-0.7804551516869527,3.0
2018-02-02,0.6538367068247228,-0.5346618987520715,-0.7314047969118426,3.0
2018-02-05,-1.0186534909591265,-1.5124415094971997,-1.958699470661265,2.7853964356326557
2018-02-06,-2.4087904595446763,-2.0509226668337304,-2.9694095321547143,3.0
2018-02-07,-1.430511088098942,-1.7528028787638759,-2.6744271642730015,3.0
2018-02-08,-1.6876098443259047,-1.8702251153602867,-2.6340706182496265,3.0
2018-02-09,-1.9988551911941603,-2.1172470432477337,-2.7144854144434243,3.0
2018-02-12,-1.127538522882576,-1.5560799858604917,-2.588976521569769,3.0
2018-02-13,-0.5167949633020997,-0.7354940784931152,-2.5496439825919603,3.0
2018-02-21,-0.04528245869918019,-0.32385264091387256,-2.3609394841663036,2.81770427473048
2018-02-22,-0.3707308906597257,-0.32026188868296096,-1.88108238396443,2.430278534419862
2018-02-23,0.08453113992248615,-0.1801393057917692,-1.7434957980831454,2.1942771806413215
2018-02-26,-0.13582064553752274,-0.5846067685492967,-0.324390204178939,1.9185475542813792
2018-02-27,-0.11370260770287759,-0.8521479034377827,-0.26098569632303925,1.6580211227117185
2018-02-28,-0.06487871475617656,-0.9815808732681364,-1.012345398209514,1.2280455082690103
2018-03-01,-0.2609753180870901,-0.7059922849543211,-0.093210562343131,0.8858628591494472
2018-03-02,-0.0033126763996403543,-0.7016146334279683,0.502948218334037,0.7843509002620903
2018-03-05,-0.3963267975187541,-1.6354197228808494,0.5992472747375206,0.6354357135116898
2018-03-06,0.03276301205732734,-1.2211407689879055,1.4237988953327083,0.7955026578229532
2018-03-07,0.01707882520876048,-1.4766312221668776,0.7826647397631509,0.7473175464150822
2018-03-08,0.11169748442209816,-1.4633492060483346,0.9148600755124264,0.47210360689023734
2018-03-09,0.04577153110568003,-1.3185775868824856,0.8093821615801523,0.2767585326708966
2018-03-12,-0.07451521690254215,-1.1760757206828347,0.8621989738694668,0.12063631366848347
2018-03-13,0.1255219576120246,-0.9040813367196557,0.9734504043107471,0.04764326506932809
2018-03-14,0.346056064056871,-1.160565931266581,0.730328752358371,-0.024046572387741057
2018-03-15,0.33076401944283057,-1.0207578592192512,0.9801213867490419,-0.06732011512909121
2018-03-16,0.2528295445343843,-1.1446166478046695,0.6191250145774957,-0.2397579100442916
2018-03-19,0.24573774263117562,-1.0055049311145938,0.8701870353602525,-0.3235218978233901
2018-03-20,0.15608191428558119,-0.9979054918575885,0.020972111976613424,-0.46261081139366483
2018-03-21,0.40119002795706044,-0.7289855239283262,0.5524781443441531,-0.49788269829052556
2018-03-22,0.25234015143344235,-0.9841325991776466,0.11958201548304323,-0.4585839649252876
2018-03-23,-0.25302953676062206,-1.2367949511403389,-0.7450255482870595,-0.4353784733696423
2018-03-26,-0.22824063190651278,-1.0967623676518883,0.26059996877426606,0.06550188952380376
2018-03-27,-0.3120474319247373,-0.9581115365749958,-0.4256896167406408,-0.12307992141946857
2018-03-28,-0.4147912869019622,-1.4691408532937171,-0.892325055513694,-0.1879233343236494
2018-03-29,-0.5237382110664432,-1.4560864638346933,-1.0027924754809496,-0.21798200709929677
2018-03-30,-0.23573686755389273,-1.6995255537662044,-0.21243123403347725,-0.23164759724973266
2018-04-02,-0.015151798762107357,-1.1760846651395183,0.03488643402179971,-0.22049295744281563
2018-04-03,-0.016204842378522065,-0.5874365042816174,0.935206883737776,-0.24892654696647953
2018-04-04,0.15472293585132293,-0.8154187224951395,0.4190606329719214,-0.39506351907804477
2018-04-05,0.43629279131992244,-0.5775737008515719,-0.02452198895933977,-0.4258729109264581
2018-04-06,0.6029784561842487,-0.22509669938298557,0.8213155058458924,-0.37578701786177016
2018-04-09,0.5228725168524383,-0.2226595303334619,0.5863546286301126,-0.40039429292783263
2018-04-10,0.016403491015190196,-0.8011171894343451,0.5109465247428241,-0.4750303835969244
2018-04-11,-0.7736149690475034,-1.3720038870708124,-0.48125487268034595,0.011996778363343622
2018-04-12,-0.6602990361800608,-1.2454572946639721,-0.39371369939676193,0.8690270022287971
2018-04-13,-0.9381661131192627,-1.6916359446831062,-0.4125613442820474,0.5933034230874561
2018-04-16,-0.9732197350980666,-1.3344473529934902,-1.0000619652562819,0.659017594449809
2018-04-17,-0.7403457514094285,-1.0977643379298996,-1.1609573200660417,0.4531414180876651
2018-04-18,-1.0208800961827718,-1.6558220738175473,-1.107632288809644,0.31479043684465763
2018-04-19,-1.7847985129483703,-1.862567451460108,-1.9599662482593871,0.436138873368675
2018-04-20,-1.3769583106412553,-1.9521156506670334,-1.8917651828548685,1.251526439725418
2018-04-23,-2.429173248890807,-2.5806491087026706,-1.9654082322836088,1.0718866341819524
2018-04-24,-2.5424914590519667,-2.6429264038418174,-2.002612679392577,2.237368328586446
2018-04-26,-3.0,-3.0,-1.9040514305676455,1.947993736406585
2018-04-27,-2.651381009128103,-2.632961858057506,-2.0716676757217236,2.450414184571195
2018-05-02,-2.9742578793060344,-2.687415465054474,-2.2319039720013816,2.088619884810633
2018-05-03,-2.9089905139143495,-2.8375173323151084,-2.447774713653023,2.1309276078050963
2018-05-04,-2.694625693165828,-2.48778663150451,-2.408813616115345,1.7153776691353717
2018-05-07,-2.064847925275258,-2.2519268093392095,-2.2118021520917743,1.2822425389952983
2018-05-08,-2.0239681492432022,-2.2199199572877153,-1.8788147886300055,1.2369419229167635
2018-05-09,-1.893669548659226,-2.092600933714443,-1.9209958716646207,0.9311779945927507
2018-05-10,-2.268525728924705,-2.7300353793283207,-1.661436206905999,0.6124099754649751
2018-05-11,-1.9982550916413544,-2.306581700649964,-1.4714930769200938,0.9704381555802476
2018-05-14,-1.6983984629530124,-2.17998704425711,-0.31055710320841956,0.733327972726427
2018-05-15,-1.484690130450911,-1.6852532914095082,-0.08225175289729478,0.5665735795751115
2018-05-16,-1.6235949329022292,-2.0390691024745924,-0.029441080954298576,0.37426004027756926
2018-05-17,-1.7338750939298018,-1.8298607114945835,0.27983950916169115,0.3982618307219345
2018-05-18,-1.6643683324758867,-1.9924966719374422,0.4288314055093984,0.3917096598244793
2018-05-21,-1.8867705641298855,-2.3295128909073477,0.09401545257158242,0.16175625842366687
2018-05-22,-2.5752613841282432,-3.0,-0.8257870175396876,0.36407867694514406
2018-05-23,-2.312833002014064,-2.675391852321772,-0.5605831520468171,1.391976340227985
2018-05-24,-2.425929325252099,-2.8830456442737575,-0.2961265722241519,1.0624612803548843
2018-05-25,-2.783370609742121,-3.0,-0.923995387198546,1.020139459179472
2018-05-28,-3.0,-3.0,-2.3864923767055353,1.3838179733522107
2018-05-29,-2.8478928049238,-3.0,-2.1185894885268035,2.9038201328031445
2018-05-30,-2.9096690720174236,-3.0,-2.0615965727945347,2.7243839338520033
2018-05-31,-2.3243211843506937,-2.9547978336023397,-1.5682971947480833,2.3537421102931297
2018-06-01,-1.9559010262400374,-2.6698049717295866,-1.3183244387939157,2.0846602664379885
2018-06-04,-1.385011173678663,-1.876642335305588,-0.9139740425451044,1.721008627992608
2018-06-05,-0.9586907222710004,-1.7054018583497361,0.1864567204764512,1.5963945526301657
2018-06-06,-0.568278587478761,-1.4629278410915598,0.4100756519192834,1.3949831110694253
2018-06-07,-0.4595823093389708,-1.2997037255563237,0.7462164017649775,1.2111808629879355
2018-06-08,-0.4638069046858725,-1.4389372307218182,0.935579184110382,0.8642330399635407
2018-06-11,-0.529433276194261,-1.501354224956819,1.5629083647185245,0.581066853932236
2018-06-12,-0.9759805580835118,-2.153942920949084,1.2701214069546618,0.41937877241558
2018-06-13,-0.7873872851090883,-1.833949865771302,1.634100065256582,0.8351934380691476
2018-06-14,-0.8559574590897902,-1.8890193909640518,1.6380933011634498,0.5921586466786006
2018-06-15,-0.8643481070060753,-2.161227432762762,1.5950094825079442,0.4487785362421375
2018-06-18,-1.446491929528961,-2.494096751335275,1.5982502676501409,0.25507590621474957
2018-06-19,-2.086800787597861,-3.0,0.4342949072608066,0.9803958861995177
2018-06-20,-1.6581215193183112,-2.6108513828492903,0.15693039119219784,1.7030213846344595
2018-06-21,-1.871592451066041,-2.707169932431216,-0.1651736147304295,1.4498490670800848
2018-06-22,-1.4978770952443445,-2.321579290356457,0.2557776525549882,1.4117435711986734
2018-06-25,-1.2287757831288897,-2.1552764817609655,0.37996325827251914,1.1736110197073062
2018-06-26,-1.2702803313504707,-2.333845047547502,-0.26961063524771345,0.9081608673383864
2018-06-27,-1.383989950295876,-2.573429854277108,-0.37306133012066117,0.6985727886512239
2018-06-28,-1.7031891596542819,-2.73501032046646,-1.5453292275326063,0.6223527742566375
2018-06-29,-1.6334854177106681,-2.6239545264361714,-1.4237276586734315,0.8722529587718475
2018-07-02,-2.1175800412656725,-2.772573726678346,-1.7995350604048488,0.5554172845523185
2018-07-03,-2.7904169987473546,-3.0,-1.9634423861915493,1.1289107751063974
2018-07-04,-2.4760197152950316,-3.0,-1.8905064639948121,1.9950222885606266
2018-07-05,-2.8426882093200216,-3.0,-2.2290429671687737,1.5595991056517706
2018-07-06,-2.2373301657342464,-3.0,-2.165684685595825,1.8487662347169955
2018-07-09,-2.2203444783945883,-3.0,-2.0574086996316363,1.6780274517818548
2018-07-10,-2.127842361430879,-3.0,-1.407663648607785,1.3311137712858854
2018-07-11,-2.5243203768262834,-3.0,-1.7510915818876276,0.9431786017865085
2018-07-12,-2.2550854755997367,-2.905943671385404,-1.5120882923619399,1.3923499307505978
2018-07-13,-1.8456318413735602,-2.7890070065071937,-1.610428267607882,1.0399777789132545
2018-07-16,-1.6009928029632683,-2.8031990959976953,-0.7075312763212707,0.8798904375977269
2018-07-17,-1.2038256313825815,-2.7557114545158763,0.46257842939021765,0.6250044839230209
2018-07-18,-0.5472817053840927,-2.1591787740191215,0.8739491083885668,0.5476473304173584
2018-07-19,-0.38326214711638074,-2.008907058244614,1.3432184658051567,0.7208623331393622
2018-07-20,-0.411497248765226,-1.985108750321832,1.1579761312769743,0.46871726761851384
2018-07-23,-0.29889094569538976,-1.9617089874326918,1.259081850911471,0.2656252218236606
2018-07-24,-0.3265417194598006,-1.9984884182367932,1.0753720739461337,0.05079065155217292
2018-07-25,-0.30563110444869845,-2.093352855868349,1.570258531093474,-0.09253830953817972
2018-07-26,-0.3578821312592782,-1.8886216758986052,1.681036337909787,-0.2772870791021222
2018-07-27,-0.013480164746487822,-1.5710042119114909,1.5864866262036663,-0.33462044215414033
2018-07-30,0.33871290012191774,-1.4374970037293355,1.3848071970452525,-0.2639846198335116
2018-07-31,0.4231032085480455,-1.1874422756147058,1.759381195189627,-0.1901767971009747
2018-08-01,0.32276458983380935,-1.414738291968938,1.4951664587282065,-0.33377277853108295
2018-08-02,0.301515397932513,-1.3432335086287932,1.5738645567970995,-0.3605439685658517
2018-08-03,0.35598069020863954,-1.3316939295078245,1.7719086409138096,-0.4844459053059605
2018-08-06,0.2904873759888819,-1.1436772251432021,1.4349959152310134,-0.6088717251724726
2018-08-07,0.1339958864120374,-1.252174986098291,1.393792074742795,-0.6392393045474102
2018-08-08,0.27565851737217417,-1.0654756148178794,1.415890192775022,-0.528559087408774
2018-08-09,0.2701842313696678,-1.2332319260869213,1.5569875700773832,-0.5867418465646681
2018-08-10,0.34730645516346076,-0.9884487073912602,1.2592526128893888,-0.697197420431575
2018-08-13,0.5548529043943665,-0.8635144835996655,1.0996300639812981,-0.7723848677273804
2018-08-14,0.5875784872316583,-0.7392072242358251,0.8217745925602048,-0.7290786035236906
2018-08-15,0.303638758447317,-1.1441920964532,0.8019592678584132,-0.8237421844918775
2018-08-16,0.3618421210034466,-0.6662609266469399,0.8117729164017746,-0.4957677136146117
2018-08-17,0.29805839649839205,-0.8369302334703663,0.612377598815007,-0.6130636144692097
2018-08-20,0.3146575059929616,-1.0062527263466947,0.2179318960472357,-0.6472211846964393
2018-08-21,0.5615814544039516,-0.7054324210381677,0.3639442593094173,-0.7717042547940265
2018-08-22,0.6435950640980189,-0.5237012532636809,0.8247310706228064,-0.6947155253907723
2018-08-23,0.7062325668713734,-0.4025385571818888,1.0427203463656125,-0.7542429910900255
2018-08-24,0.7352128624126398,-0.3404940671174303,1.1241840886688865,-0.8162211248885292
2018-08-27,0.6827117154656195,-0.39572550862274497,0.7420425791323881,-0.8932601659409977
2018-08-28,0.7355374075701516,-0.1562777316779711,0.9902868316476633,-0.9278730850440939
2018-08-29,0.63461734700479,-0.3295324500494431,0.8778850772724711,-0.9729881194497303
2018-08-30,0.787213416500771,-0.1486081585314623,0.9905168070047535,-0.9297309886612996
2018-08-31,0.6402047330890603,-0.08660569412550803,1.1767440961928985,-0.8969946729183901
2018-09-04,0.4014300328016593,-0.26036264968632605,0.20038043947661957,-0.8013871164408293
2018-09-05,0.2814422190531133,-0.49293546320614756,-0.3224770537437173,-0.5641621810138114
2018-09-06,0.17250497313217694,-0.6065000407122614,-0.48487537129038616,-0.5316621424389015
2018-09-07,0.3706874493673044,-0.24612911309590482,-0.749655531313068,-0.5123656153467291
2018-09-10,0.27832770278985125,-0.36100995766320565,-0.5809628610598044,-0.519884959756499
2018-09-11,0.5172549537388607,-0.11952260915129337,-0.3525504401685956,-0.5330660406290573
2018-09-12,0.5447763348928257,-0.23582085997185287,-0.6778945312623662,-0.5017803996443311
2018-09-13,0.6086002320821889,-0.17341033767054415,-0.9415414511662507,-0.6327376812000493
2018-09-14,0.6504122399421917,-0.05122975796804595,-0.7860548362715418,-0.7172067855573994
2018-09-17,0.6045696159901509,-0.10798450771276626,-0.8099278669206279,-0.804901595002532
2018-09-18,0.7672137612844387,0.07359039820464915,-0.04646963888940558,-0.8594352957745567
2018-09-19,0.7876209577254544,0.016859478381858223,0.1353667150013158,-0.8319634632757575
2018-09-20,0.9434328920243137,0.43807179769506915,0.9542357160996053,-0.916211426081272
2018-09-21,0.9336429959634984,0.3197941269521452,0.8045296088798934,-0.8803567852105452
2018-09-24,1.002313086057655,0.4413164163360752,1.084155780624915,-0.9754838713204492
2018-09-25,1.082977469926485,0.6211474686036128,1.3013518826078487,-0.9978033154261441
2018-09-26,1.1993820063009553,0.7998053442270276,1.3684448329351084,-1.0046083139673778
2018-09-27,1.2310835876484165,0.9780640304358108,1.5361876411820337,-0.9772124479378905
2018-09-28,1.209119329879608,0.9172567319696084,1.1741184190039777,-1.017580612174563
2018-10-01,1.037688516492584,0.8581774210435402,1.3837767895434225,-1.0918270138879118
2018-10-02,0.9118699647766397,0.7386363043743898,1.1285411473854075,-0.9675068422229317
2018-10-03,0.9222822360365457,0.7994232087145043,1.2524149844226766,-0.9181302601926418
2018-10-04,1.010703440885609,0.9190441755268823,1.4016088721487077,-0.9904654741787244
2018-10-05,0.7834059612384893,0.7991890535758113,0.858853674685045,-0.9881037080135732
2018-10-08,0.6474309488944818,0.8596106566019511,0.925238127087596,-0.7685611650520182
2018-10-09,0.543620322185513,0.8011772301584769,0.487449068717433,-0.712825296580991
2018-10-10,0.38293744812906194,0.5630243452797484,-0.45136598997307636,-0.7036938845281543
2018-10-11,-0.7985875049949599,-0.6935065253229481,-1.380918938419425,-0.6024687473125083
2018-10-12,-0.2925378475833702,-0.4481434556079958,-1.1717244269984413,2.3816658952717566
2018-10-15,-0.5454358483956661,-0.5632308758458666,-1.2798089986781085,2.091841085052641
2018-10-16,-0.3473432800220431,-0.3776749112860826,-1.3140686631706835,1.8894271926032518
2018-10-17,-0.17096753619838018,-0.192670444329046,-1.4729631990316236,1.4580866832872184
2018-10-18,-0.3830805559931268,-0.6104818504169204,-1.683600150255963,1.0934086238061445
2018-10-19,-0.4434315401001832,-0.7856941762522915,-1.5844656913263664,1.0118210157845922
2018-10-22,-0.7001058407820429,-0.9598256275016966,-1.7899675250591243,0.7447860704242292
2018-10-23,-1.0605708503148679,-1.0723368941773728,-1.855499306307472,0.8128997391445889
2018-10-24,-1.3353438571018654,-1.540349027992783,-1.9881925799792828,1.0567375742051721
2018-10-25,-1.4888123598932086,-1.7027168299224664,-1.7655825535954097,1.146322750582664
2018-10-26,-1.5722155851654729,-1.6265272606989616,-1.9253337365788272,1.055560370995138
2018-10-29,-1.6640721284377364,-1.78544982341887,-2.00241879234489,0.8889522985425246
2018-10-30,-1.6589320647829078,-1.6503762097220005,-2.0372053381065682,0.7715946891638645
2018-10-31,-1.1607467293100664,-1.4609522156332058,-1.8910393664250538,0.5367901250823548
2018-11-01,-1.3595807386470218,-1.5642916587568811,-1.5109818420810759,0.5699645765771845
2018-11-02,-1.0366829262241442,-1.3793154012479483,-1.3217702579100816,0.6410449545816606
2018-11-05,-0.8767210774926466,-1.3121696544100163,-0.9905254766563857,0.5080104464569755
2018-11-06,-0.8478225006280663,-1.2456569484646953,-0.7787383858422688,0.27041952637813277
2018-11-07,-0.9485107701053221,-1.2933320200748026,-0.9641926089993526,0.024354080105358094
2018-11-08,-0.7886429345348928,-1.169998681482892,-0.02024969781025011,0.01019847188911229
2018-11-09,-1.0357746046855836,-1.3887389862587471,-0.3418264802523168,-0.1491311519956586
2018-11-12,-0.9685655603426493,-1.4903724077480172,-0.02330704382929886,0.1075326915826906
2018-11-13,-1.1261293669398986,-1.5336144514059298,-0.06497442556227172,-0.1490278569672816
2018-11-14,-1.1106530619049604,-1.4083544964034398,-0.1852419371184406,-0.02813277848307463
2018-11-15,-1.1226883740516824,-1.3966671053154667,-0.10417210572235143,-0.1878724330060002
2018-11-16,-0.9432676564822932,-1.3294069241520718,0.1250156237067797,-0.2823001122305443
2018-11-19,-0.6818587469990909,-1.2630495439926397,0.24967734649899126,-0.3918455670283629
2018-11-20,-0.6172314947709808,-1.2528252521057568,0.3484651835865449,-0.4058584056942133
2018-11-21,-0.5260014355964209,-1.1878116944956432,0.7139317507081117,-0.5798120296668702
2018-11-22,-0.48736537763343696,-1.0685290658103044,0.6915091848122396,-0.7047524388551648
2018-11-23,-0.6636143023006397,-1.2248634847905893,0.7494575059470404,-0.8359713037714682
2018-11-26,-0.6496571790136929,-1.160269040033871,0.9017543592044509,-0.5979207465880223
2018-11-27,-0.6490911999998185,-1.2600711460067338,0.9592866363087766,-0.6999948739850909
2018-11-28,-0.5736653869857741,-1.3585768915425414,1.0981699299370784,-0.7662761619243198
2018-11-29,-0.6325020963811259,-1.292764815257405,0.8585070761565431,-0.8818284383871972
2018-11-30,-0.5638963286743259,-1.1734970886129172,0.9310059028542325,-0.8313769212986872
2018-12-03,-0.07177229124621397,-0.672849534337385,0.8940624719522869,-0.9436457600738266
2018-12-04,-0.006708244311162239,-0.2828317773986309,1.0762692588496416,-0.6261506224546519
2018-12-05,-0.0027078033945406384,-0.442783855347223,1.3101837991954344,-0.7547829454458471
2018-12-06,0.04147180311305169,-0.3819610052790598,1.1459844674005382,-0.8528572769308731
2018-12-07,0.22212028088996513,-0.09997160362582055,1.5954348958060611,-0.9625131666348206
2018-12-10,0.11993908153282799,-0.5390628506614276,1.6035003100331875,-0.9405575887039636
2018-12-11,0.05574966295699396,-0.64465965545693,1.3680519765678285,-0.8678774073199111
2018-12-12,0.2194718708097405,-0.30450167358472124,1.4430515038156024,-0.8590138914954333
2018-12-13,0.2956668682713607,-0.3555871574404588,1.39573571544482,-0.8646207208166956
2018-12-14,0.14269315717692416,-0.1833360950876816,1.5201287789303757,-0.9366077344667249
2018-12-17,-0.1939862762758172,-0.7948008668737732,0.36977662116588683,-0.7897099956984971
2018-12-18,-0.3998966278121456,-0.9001178329294941,0.03265099876327911,-0.31633794935650206
2018-12-19,-0.5108438140341175,-1.0049737848414544,0.032664216963958194,-0.14663750288510174
2018-12-20,-0.3972890989051342,-0.8289112345197225,0.006257918515584349,-0.1415044167195369
2018-12-21,-0.3659712830158572,-0.709643949901437,-0.07430176092662887,-0.3163815725308467
2018-12-24,-0.46098482290775683,-0.8160994782055534,-0.5725321896760892,-0.49359215908078813
2018-12-25,-0.8014341591306547,-0.8657866414741788,-0.9613791283727426,-0.4613173085171493
2018-12-26,-0.8736486873856277,-0.9715605647665644,-0.9978519675212604,0.004016176628993258
2018-12-27,-0.5995299832888135,-0.6816780684301602,-1.152476741626121,-0.04820385691183456
2018-12-28,-0.6408111501178363,-0.7321829910394764,-1.317870551522459,-0.11699968100024974
2019-01-02,-0.8761509811732742,-0.8391879832757076,-1.3481099427774152,-0.2113805121979868
2019-01-03,-1.2334910698170225,-1.0027972232966251,-1.5223587534355976,0.026692498191585652
2019-01-04,-1.1672563324585687,-0.8816862826570624,-1.4046140587983416,0.4665358625647252
2019-01-07,-0.9145455036469161,-0.7606289252907099,-1.4968550545594705,0.16231833901247494
2019-01-08,-0.8872785740743712,-0.754567710475729,-1.586759973356757,0.026913189387998238
2019-01-09,-0.6640980773711289,-0.6905520595177356,-1.1444353916213956,-0.1723229081031222
2019-01-10,-0.5892504402056348,-0.6844396079344182,-0.328404470673373,-0.2739484923676929
2019-01-11,-0.4605984483308179,-0.6789467790850723,-0.12678215500512777,-0.47861442704065665
2019-01-14,-0.4959061355396235,-0.7326058170479278,-0.4369777092256258,-0.6070677917763665
2019-01-15,-0.315196178808599,-0.7867780536659409,-0.22061417781830348,-0.6438463464139184
2019-01-16,-0.3158896508007512,-0.7822317699790058,0.19361563745077676,-0.7048807820826459
2019-01-17,-0.45363346627731893,-0.9604485892196246,0.6489833354630041,-0.7859744459648295
2019-01-18,-0.39794515581550544,-0.895067450106295,0.5199097201358591,-0.6446883701173406
2019-01-21,-0.28775652403730245,-0.8891760173390857,0.3212055927524872,-0.8045290635039457
2019-01-22,-0.3579368715166514,-0.8837753827452205,0.5737398502363628,-0.8954528488158697
2019-01-23,-0.2669813433369555,-0.8156646673712187,0.6543397322213749,-0.8439992631051305
2019-01-24,-0.24662161247801642,-0.8105913966660492,0.7063975030629038,-0.9444738512558931
2019-01-25,-0.22895409995681404,-0.8065899940816467,0.6298407673912044,-1.016328360875012
2019-01-28,-0.18401734287837754,-0.8027502931249137,0.6051633816107636,-1.070898340847547
2019-01-29,-0.11792968747115229,-0.7321420305116783,0.5358961936423404,-1.1507230931858763
2019-01-30,-0.15186092179051636,-0.7927333075431641,0.2011965080395271,-1.241721918334037
2019-01-31,-0.12592429020485887,-0.6541407449469608,0.611959859775511,-1.2097981702304146
2019-02-01,-0.06656425698815364,-0.5812429263520382,0.29079721514071927,-1.2587703028132917
2019-02-11,0.351912653562064,-0.3725505777624955,0.5956397212910901,-1.3314344065036632
2019-02-12,0.6823670410315825,-0.026555531014800987,0.8833915609245405,-1.0751399068234633
2019-02-13,0.9787339422199157,0.18522117307241862,1.1810082813815443,-0.9335954403430753
2019-02-14,1.022341636440261,0.18985475704325827,1.263416781892569,-0.8336522246499607
2019-02-15,1.004732322734086,0.46777453352812837,1.4780236333636902,-0.9349890750383315
2019-02-18,1.1612773008084023,0.5398655320100275,1.505812870231942,-1.047620262353483
2019-02-19,0.8928118624103657,0.47377855454674317,1.4415235428943618,-1.0357655627269267
2019-02-20,0.8156446197211041,0.26911303547928883,1.614532299634051,-0.752984845895135
2019-02-21,0.8714648658007046,0.48077869907864396,1.404797360024465,-0.7948216173453357
2019-02-22,0.9406649466950596,0.4180086395990164,1.4470585878345235,-0.9022379483518337
2019-02-25,1.1863400354483074,0.5658887567455865,1.5015081022821812,-0.9830298346976586
2019-02-26,1.2193206971370476,0.5041297340152129,1.3177161025363429,-0.8941511601548824
2019-02-27,1.3356642279152182,0.7253393097128615,1.0699305496046299,-0.991757940910556
2019-02-28,1.0077271036057944,0.3063302576892679,0.9704927733148816,-1.004527725233771
2019-03-01,1.3035298840874603,0.5988381884727554,0.9643104909697794,-0.5949056683100202
2019-03-04,1.5776055290269626,1.0342509887326525,1.061964620292681,-0.5094353988855089
2019-03-05,1.58792502779956,1.2550719204518828,1.2121094146637428,-0.44525738565702083
2019-03-06,1.646070044178066,1.474424216188968,1.1011245008065902,-0.6055275318653484
2019-03-07,1.5750457891457124,1.1853868716384737,0.9005415934470394,-0.7030673091709715
2019-03-08,1.311487711791269,0.7565281055842188,0.4038337906293551,-0.8065897878576578
2019-03-11,1.3322998257882004,1.0482886177672364,0.22089073980978338,-0.5730728577939942
2019-03-12,1.579657976047126,1.4092968746380836,0.5505739761210197,-0.7166690647259061
2019-03-13,1.647807929542004,1.4799964774395369,0.4195366499342083,-0.638228371221307
2019-03-14,1.6965944302795264,1.5505180996315553,0.6171178363522338,-0.7204147601085694
2019-03-15,1.5531346951213205,1.5505180996315548,0.28949666606447094,-0.8027687867503007
2019-03-18,1.5763826216451433,1.4058021112602828,0.27741568657523125,-0.7829257517779469
2019-03-19,1.366481937916529,1.2634454374836401,0.1083808371932793,-0.8847248614630029
2019-03-20,1.3112093409012586,1.1932079427078737,0.14930973649727478,-0.7282244811323366
2019-03-21,0.8487751131739197,0.9079181529572564,-0.15148233318953624,-0.8248841019750766
2019-03-22,0.8102684261918696,0.9127693694713297,-0.018917701009476325,-0.14443908020175747
2019-03-25,0.2658730495833738,0.11725013015905475,-0.5831530598166872,-0.31543427522389755
2019-03-26,0.388159446575721,0.5631978244389156,-0.7899274244365163,0.4756526417880803
2019-03-27,0.5794661273047963,0.7150268883263827,-0.9318636046091837,0.2160145969068124
2019-03-28,0.6303050404262486,0.7938428849078308,-1.108417524464469,0.06381887174060116
2019-03-29,0.573125021151843,0.5778902491948211,-0.998175375448721,-0.18047961954598152
2019-04-01,0.6299623359045327,0.43364421885378107,-1.046873395806688,-0.30759496622258625
2019-04-02,0.6323168118407074,0.289264727759212,-1.121401806965479,-0.4919485971457397
2019-04-03,0.6529914151723974,0.4423900834277659,-1.1791147224486966,-0.6637350566162488
2019-04-04,0.7369608852456946,0.5974577955457356,-1.0935051012960322,-0.825964186117979
2019-04-05,0.784175606863435,0.6805405879453392,-0.8785082348693212,-0.9110132830287618
2019-04-08,0.9219197740392786,0.9888010288276077,-0.39425554915850747,-1.0138845751670809
2019-04-09,0.6968576954755739,0.9207306725038544,-0.7542613568432582,-1.0213954866115693
2019-04-10,0.4954770484738567,0.7023122591703188,-1.1477532247788158,-0.7531032379573727
2019-04-11,0.555625305034424,0.5589220308537327,-0.8948531399835449,-0.5540226497980764
2019-04-12,0.5085150848892057,0.6435894140224447,-0.9013181822030706,-0.7087752205020464
2019-04-16,0.35452568531008916,0.5707536966323539,-0.5374780588427599,-0.7646169268857245
2019-04-17,0.10885767906602922,0.5761592416915946,-0.6255841077327531,-0.6361506304563515
2019-04-18,-0.17789620753172217,0.2675951917255034,-0.87975101974226,-0.35144658308359616
2019-04-19,-0.07151397594746446,0.19463518349079673,-0.8774993030908701,-0.020372031048981734
2019-04-22,-0.20857322980380286,0.12211816935216414,-1.016441978603274,-0.22723694516168452
2019-04-23,-0.07654335339059824,0.2845866965911884,-1.0388984274739739,-0.1677957444130786
2019-04-24,0.13198338355975373,0.20910839609283868,-0.5796681509647,-0.3309261450427726
2019-04-25,0.0007438437863438521,0.2125736382930425,-0.6984079517147775,-0.3920123176337298
2019-04-26,0.17496467846991515,0.13475392827866225,-0.8942028025561258,-0.3310049199210112
2019-05-02,0.09384573712433297,0.2155570403288623,-0.8454214179168724,-0.4159245691173656
2019-05-03,0.0625981446709116,0.294234531047794,-0.8735738762514497,-0.4390206793525342
2019-05-06,-0.4244356788344804,-0.10198221397958532,-1.0571438198186671,-0.5351402052915053
2019-05-07,-0.39236417505399684,-0.020844100828817838,-0.6474631747585665,0.2723026145632907
2019-05-08,-0.44763806769799674,-0.019948296695072854,-0.9008223145463825,0.005940901298509726
2019-05-09,-0.4352799152909862,-0.0976145309859088,-0.6986455018822295,-0.0885436724779257
2019-05-10,-0.2505934699812615,-0.015572713412105489,-0.7175649486885836,-0.2724856723775309
2019-05-13,-0.13775901537868113,0.14576765124168498,-0.5510043266480602,-0.3725041072284408
2019-05-14,-0.015911098178238603,0.22742265313065047,0.15631498561137702,-0.5175472748759155
2019-05-15,0.3140263401372965,0.46561194758314073,0.24400134749369784,-0.6303393379489082
2019-05-16,0.31957135359642447,0.4654359268464246,0.5837495184747633,-0.5223674539987428
2019-05-17,0.33690519072132985,0.5450584838556394,0.5537908009381288,-0.6751210342732912
2019-05-20,0.5112184881172387,0.6262708235840448,0.8416176315646973,-0.8228531360915112
2019-05-21,0.46350265835115845,0.4670034282263186,1.1394671585960618,-0.8262697684110314
2019-05-22,0.3857540592599836,0.5478363479736894,1.1722055598834127,-0.8659005973186019
2019-05-23,0.43850247531935505,0.8657520793087476,1.296223783474133,-0.8487924014430154
2019-05-24,0.2741203782155212,0.7830495478544875,1.0268151267896353,-0.9533854900105182
2019-05-27,0.3160062149940634,0.6192237505673409,1.1489972334310483,-0.7740511230664572
2019-05-28,0.2975650909803401,0.6159892506284924,0.9584033002734917,-0.896400849753319
2019-05-29,0.26157089739309075,0.5327714097498251,0.7311318351719293,-0.9578650267203367
2019-05-30,0.19748135213829285,0.6078342772195158,0.5822229104834739,-0.9829908355217094
2019-05-31,-0.10947492687680738,0.6812519985471731,-0.04029071966408448,-0.9599726401146785
2019-06-03,-0.5188657426360486,0.11725344146553476,-0.521708629004649,-0.5042986739126225
2019-06-04,-0.5433956703555768,0.1921900765700088,-0.6478038948881101,0.10545993987013212
2019-06-05,-0.4611101340345537,0.2687276735641609,-0.7050214441957312,-0.05132052906352888
2019-06-06,-0.4782991910394161,0.18544727622339588,-0.9066459088062132,-0.26813127326374653
2019-06-07,-0.16000095003902995,0.6658964790363349,-0.4946758912164494,-0.38009425577069317
2019-06-10,-0.044252103881723015,0.5841129155315534,-0.8506300970850624,-0.338141504145024
2019-06-11,0.06335978246666635,0.6637628656384676,-0.6335277055657793,-0.4836626627069579
2019-06-12,-0.06441412116601061,0.583898593099621,-0.8936760215437647,-0.613773271568766
2019-06-13,-0.15098299559594974,0.2635473656738122,-1.0321484036519815,-0.5159292333170888
2019-06-14,-0.11174107754019223,0.26440136110338835,-0.16366062584796107,-0.49344021844689373
2019-06-17,-0.29411198834280755,-0.057891887440871675,-0.39889178882895815,-0.6709002987302589
2019-06-18,-0.3502619239001489,-0.29760298271807445,-0.50008290765375,-0.4509451795944121
2019-06-19,-0.20432172849664793,-0.13608429977839054,-0.1610525204774097,-0.4721610316996432
2019-06-20,-0.028227133215039345,0.10375733061689724,0.12485172985952828,-0.5762779570851239
2019-06-21,-0.042588722219173036,0.10093860491509261,-0.12561720764584922,-0.6320168632511712
2019-06-24,-0.014389690403827388,0.17597932765890384,0.1846956951346813,-0.7177465170126078
2019-06-25,0.02858563751063845,0.2526935279944068,-0.03056597393151238,-0.8652588976852819
2019-06-26,-0.066079685351804,0.4901916376268388,0.07616837049267211,-0.9956194046405797
2019-06-27,-0.32712101943065425,0.08221260347041556,-0.17865714015734468,-0.905764626778766
2019-06-28,-0.14962727163773468,0.24151273932793488,-0.2709879311491627,-0.4899152108774413
2019-07-01,0.027261689679576526,0.5611187978088791,0.5475287064258411,-0.556279018077136
2019-07-02,-0.07853160864549462,0.3938462923420777,0.16826863550956422,-0.6074087494430601
2019-07-03,-0.10362078961668719,0.22602250978656846,0.27069960264223025,-0.5473070408088864
2019-07-04,0.16218344431198248,0.6278556398833817,0.508370220240142,-0.6279535829899149
2019-07-05,0.2231152363675441,0.6217643869535207,0.4346698725219217,-0.5773629309164839
2019-07-08,0.1147152221519803,0.5336804538536409,0.006029358210550274,-0.7202248640915163
2019-07-09,0.2107477203546347,0.5275808466947557,0.013055822766619232,-0.669507128080965
2019-07-10,0.2070233080115975,0.5215106232829675,0.47485525219022934,-0.7753169605083502
2019-07-11,0.25555765285332477,0.5154334233679424,0.6076216175201091,-0.8968693497582084
2019-07-12,0.2019323707618571,0.5946697582893891,0.4056030658023228,-1.0254018069096018
2019-07-15,0.1316774277008302,0.5030729946355561,0.30137925235676366,-1.0363643449297126
2019-07-16,0.13108664049364616,0.40993129660033806,0.2666976158007418,-1.0130661944858352
2019-07-17,0.22640557866482566,0.4915840104829233,0.47391873036793014,-1.1124371761492524
2019-07-18,0.0385556707748276,0.12844822101170103,0.23913931109206552,-1.1749014007217198
2019-07-19,0.1374127122339374,0.029179512494789363,0.24930858617090562,-0.9316730992653643
2019-07-22,-0.02468884129123975,-0.07224501820891634,-0.00890223053752658,-1.0166720090181962
2019-07-23,0.09699249773604621,0.10497992348739964,0.07919234200928167,-0.8356929153267098
2019-07-24,-0.08159246190731385,0.09885319019556045,-0.03203248322980794,-0.9199267607050556
2019-07-25,-0.017401982944166616,0.09267269832161375,-0.1581282492812638,-0.7103135091150449
2019-07-26,-0.09823696667198623,0.08643644908278708,-0.24051265964983756,-0.8634765072289496
2019-07-29,-0.15199760933380319,-0.01423998372974152,-0.3520510940197947,-0.8220467794255303
2019-07-30,-0.43263947857649193,-0.11663817944407537,-0.6353995233278296,-0.825424144489901
2019-07-31,-0.3843527577313012,0.06717324627056608,-0.6293211571748415,-0.40853754907626744
2019-08-01,-0.29469386004013254,0.062412028227933423,-0.28949525464626696,-0.6079009940281902
2019-08-02,-0.22364666152578694,0.15404318626790756,-0.7934359672908801,-0.763085287796643
2019-08-05,-0.3713750581765945,-0.040447712082990674,-0.8887805378358453,-0.9112413615115054
2019-08-06,-0.5525118975299519,-0.42807588576930383,-1.0854533744623152,-0.719164015878528
2019-08-07,-0.56793393000791,-0.5265022026668238,-1.1063882060472972,-0.4831451957568501
2019-08-08,-0.12716186484492253,0.2406661641699861,-0.8355278175202138,-0.5545693873642549
2019-08-09,0.09094258185156869,0.7179928406924558,-0.49086278889744345,-0.38824712064736605
2019-08-12,0.13250346331948612,0.6160714239942691,-0.4261879140910844,-0.4493439724645213
2019-08-13,-0.07210806481406035,0.4191207754773435,-0.5537356541388274,-0.6505713991254705
2019-08-14,-0.025737062475660853,0.7031712146201339,-0.2654346241126552,-0.42685026245170865
2019-08-15,0.10473093016253922,0.6981779854050341,-0.021689678372897394,-0.6334470483274732
2019-08-16,0.2183512686056847,0.5977679270476243,0.13210100761157015,-0.7377143825549514
2019-08-19,0.18310387546712756,0.4986642225851735,0.07508142728444296,-0.8390722530489083
2019-08-20,0.3736084578212404,0.6860892491788859,0.5423393850987227,-0.8800323329935799
2019-08-21,0.3901664159493622,0.6827703997930801,0.4239918537273247,-0.8856798292636204
2019-08-22,0.39867619920850544,0.6784256160075212,0.40995236344861385,-1.009298935264151
2019-08-23,0.2890658974808032,0.673287652324148,0.7384998647804203,-1.1057835377948309
2019-08-26,0.05578261469661706,0.6696403758489303,0.03278505371380764,-1.0017114143140418
2019-08-27,0.05800646714340104,0.8582864481768143,0.30619533715600844,-0.6772155013088536
2019-08-28,-0.0065417349269829925,0.7599702116320044,0.2046461282313848,-0.7821958323333613
2019-08-29,0.014450724060176298,0.7582913849735711,-0.15292372162961568,-0.7682151802693289
2019-08-30,0.25099558225496477,0.8513658835650143,0.16779119655266278,-0.8847476348183533
2019-09-03,-0.1589447652365333,0.6601962718386594,-0.19149244625668427,-0.8594297983142466
2019-09-04,-0.19707794252075347,0.37296619434057804,-0.20240322154260199,-0.20421079122640473
2019-09-05,-0.19066865882991627,0.47034429626669455,-0.37999326069066985,-0.3000891503315027
2019-09-06,-0.20423649459101603,0.5679231971460491,-0.3897247059773214,-0.4463520465312764
2019-09-09,-0.27955765939500016,0.4723469316763577,-0.3564330304656947,-0.5426362314983912
2019-09-10,-0.5440666022552979,-0.007243905886516938,-0.5080568705542153,-0.5279701838142314
2019-09-11,-0.46842506640275045,0.08845052874391204,-0.6443156467973229,-0.18400261709906068
2019-09-12,-0.18448165857045992,0.28188312908728974,-0.5987964421993713,-0.413694008575928
2019-09-13,-0.01208617386598189,0.6648306313734413,-0.309164325829843,-0.4266145169491789
2019-09-16,0.09978768190961056,0.6653934564707474,-0.3698550555347183,-0.5277303249458187
2019-09-17,0.19043862265454617,0.9510345772110478,0.3451453426946058,-0.6622445628038063
2019-09-18,0.13727656607531652,0.663096195003778,0.15769395093487004,-0.793684687572552
2019-09-19,0.34621776068234517,1.0454924598865862,0.2764912453319447,-0.8010558298428879
2019-09-20,0.2837093428381742,0.8530298307295568,0.34904236897368457,-0.8125760714356302
2019-09-23,0.04657291399272696,0.7590756557395346,0.04196290469986544,-0.8137000931970853
2019-09-24,0.06364005319496134,0.5693022524417339,0.4398951669007645,-0.5188782416504486
2019-09-25,0.221432205044855,0.6721666133463737,0.5195217778667409,-0.6574774832824889
2019-09-26,0.32670772552100336,0.7736743464137779,0.38371603134747023,-0.7408466537588407
2019-09-27,0.40749066620581337,1.0697564305658687,0.3417910554236507,-0.8540168008649545
2019-09-30,0.4247946973034425,0.8851084790131124,0.19318249974418542,-0.9707774610037061
2019-10-01,0.5240692063031622,1.2886730268280846,0.3139436773449595,-1.0624026785052112
2019-10-02,0.405554629805277,1.2279860545617303,0.1717146351991817,-1.0946131394128862
2019-10-03,0.48225030413527037,1.1653547932851003,0.3146213529285851,-1.010055273554344
2019-10-04,0.3564648594920798,1.3415101809270324,0.23327350479683148,-1.0925928112754408
2019-10-07,0.19840188263784084,1.2733415384180538,0.07445885774364722,-0.9810899394633399
2019-10-08,0.24676691616863264,0.9619237542877029,0.13113366356243916,-0.8127808925062793
2019-10-09,0.3273088999447087,1.4743713221017472,0.04881753287083755,-0.9503059484097984
2019-10-10,0.33040817362167635,1.3237074311620223,-0.1385439097299251,-1.0631111965656495
2019-10-11,0.44502180282029596,1.3415245033751972,0.18668338559988812,-1.0824119871555575
2019-10-14,0.5600951884908306,1.3579492632845185,0.24024623312202234,-1.0772219325967063
2019-10-15,0.5670598318830268,1.3676573402166088,-0.12112942787748528,-1.0719731062100333
2019-10-16,0.5343199124027784,1.3566572293969077,0.07942253707969298,-1.065901464473996
2019-10-17,0.478572526354175,1.2632975439821783,-0.028586209486610732,-1.0941934747948492
2019-10-18,0.47501702755662206,1.254515943362694,0.06989434021831917,-1.1197576188532896
2019-10-21,0.3283258459368403,1.163484237687615,0.14247667646284853,-1.1443035347189643
2019-10-22,0.23037824375694269,0.8234754519545034,-0.07268195922155785,-1.1591318441147127
2019-10-23,0.22098028874064476,1.1544262195009223,0.02500017296667531,-1.1447530546544906
2019-10-24,0.484405369451401,1.3124884611404262,0.22980131277419444,-1.1724109695980642
2019-10-25,0.402282896795857,1.2181637972562709,0.03576414516270566,-1.139542234652048
2019-10-28,0.39221520076466926,0.874876273640081,0.24285119488981902,-1.1005025173121261
2019-10-29,0.29180921548302535,0.8685432670936561,-0.10566499488129176,-1.1895953572904152
2019-10-30,0.40296869278722197,0.9476624609123171,-0.10117499912643194,-1.1267748347437687
2019-10-31,0.19886889927068033,0.9419829474747524,-0.37616855220092515,-1.225207221783267
2019-11-01,0.33838145614296194,1.1093482920704107,-0.06561711306706126,-0.9619030431261911
2019-11-04,0.35606728542653526,1.2766403714370342,0.25213421236492944,-1.0720155452108677
2019-11-05,0.41350673514659303,1.4417745275359297,0.12809297923550506,-1.2317684197103123
2019-11-06,0.4832976271445565,1.4348387376738607,0.3983492679483034,-1.2688564530009547
2019-11-07,0.4290152752673749,1.4256860136406067,0.20045734436582946,-1.2811941880690176
2019-11-08,0.39132704301305565,1.2416634182603774,0.3426907702445209,-1.2900593930171802
2019-11-11,0.17949897817149896,0.9700984368870292,0.2041222840105055,-1.2916030845161275
2019-11-12,0.2923777568595823,1.05169677217499,-0.09940935499646385,-1.207615069409342
2019-11-13,0.12416721922611539,1.3088692983615529,-0.4715829096108828,-1.2830350934479275
2019-11-14,0.09748614927317087,1.2134334691150857,-0.2189092870356488,-1.088407566349762
2019-11-15,-0.025459135041522533,0.6711341503005549,-0.4268415355171978,-1.1612743553168277
2019-11-18,-0.20712342302574582,0.5752765478945866,-0.5148692177891755,-1.0263711478403257
2019-11-19,-0.04981922488081974,0.6612041009897907,-0.3503839492868458,-0.7823459867529666
2019-11-20,-0.14302883766047012,0.4705256935167377,-0.8250350057730721,-0.925282387611076
2019-11-21,-0.48337384834681707,-0.09758918443418296,-0.7017467787896418,-0.8792800811443082
2019-11-22,-0.9955477162261889,0.0825493241793304,-1.3318467122491942,-0.29555277171299604
2019-11-25,-1.1082540264922716,-0.21161295603618324,-1.247451632463771,0.6438341101482891
2019-11-26,-0.9059884670813324,-0.028348464841756762,-1.5002487033269842,0.5952993764458007
2019-11-27,-0.7885063962215382,0.15790945782728338,-1.2533385920721527,0.26428644196429035
2019-11-28,-0.9604564778949672,-0.33860135158446875,-1.5049804229429031,-0.10371260623362774
2019-11-29,-0.7560913439150422,0.045663243407775875,-1.1865495197405411,0.05608187642739238
2019-12-02,-1.1328402566003866,-0.4619934424308592,-1.4537329118353057,-0.18788896401073774
2019-12-03,-1.153380354587117,-0.4773394183555257,-1.5003446912720428,0.4277731401842064
2019-12-04,-0.6925070439434767,-0.4920724613274163,-1.414686274484781,0.2394476250286808
2019-12-05,-0.735915833938214,-0.4015081507274764,-1.446368091820781,0.2446448128454607
2019-12-06,-0.5871758995615628,-0.30212534616989717,-1.0570132142239612,0.08651455857697445
2019-12-09,-0.4685941319186653,-0.19841001264253483,-0.6695275754846357,-0.22000265185439302
2019-12-10,-0.5977448641034921,-0.6160902551068569,-1.0304752201468466,-0.5115193564934836
2019-12-11,-0.5626816274890617,-0.5121858343405415,-0.5959519776753346,-0.39812029498964724
2019-12-12,-0.20548725922418845,-0.4058715235569893,-0.20264187977617687,-0.6065335137046058
2019-12-13,-0.2019898384488081,-0.5127363505132709,-0.10448899862536742,-0.5871966996911532
2019-12-16,-0.06523041440250218,-0.8291230254024533,0.5555992398696332,-0.7397601696563895
2019-12-17,-0.3217823624715679,-1.137796448050819,0.2909594806271381,-0.9253528445127354
2019-12-18,-0.5848321067745996,-1.545161410083357,-0.13179108457111233,-0.515155883079272
2019-12-19,-0.7500589227917427,-1.6346622363703076,-0.07673853120815968,-0.1287593256605985
2019-12-20,-0.5601374951490002,-1.3277688347796273,0.12899844672422128,0.01927726845779754
2019-12-23,-0.6587817986296164,-1.231686534882717,-0.058250659561632265,-0.2275636226314983
2019-12-24,-0.4734792125089508,-0.8274531861536645,0.20798983650220382,-0.20533645107872936
2019-12-25,-0.3092326933414686,-1.148619463781784,0.1295572746016363,-0.4200812289037992
2019-12-26,-0.3944362077915082,-1.2566970028846953,0.004136130080207773,-0.6252527084518082
2019-12-27,-0.4133831331935948,-0.9483127998494848,0.12625096051900986,-0.5977756577286386
2019-12-30,-0.3384484552982178,-0.8518945862109549,0.41878548036245616,-0.6995123332388745
2019-12-31,-0.3933580223864026,-0.43714935672760824,0.36593682730946864,-0.9615538144071056
2020-01-02,-0.11678504141772707,-0.6316118022805822,0.6637780220853292,-0.968479412828751
2020-01-03,-0.3913495180338172,-0.9085299139517303,0.4393767205670944,-0.9781536345916882
2020-01-06,-0.8096773464604952,-1.4581357788796514,0.4930751547262222,-0.5170563090297723
2020-01-07,-0.6169302978259075,-1.3373171049724333,0.4667154620168976,0.23878766154689518
2020-01-08,-1.5656685645967476,-2.0258138837570447,0.15420748343210466,-0.015993383979128608
2020-01-09,-1.0534262219147394,-1.8885296642371245,0.7440462698167064,2.182927039826544
2020-01-10,-0.9313592328967831,-1.3463374868438107,0.5730518578686927,1.9920896677972346
2020-01-13,-1.1314449379291072,-1.6239360081809187,0.1464634115051242,1.3741020905236565
2020-01-14,-0.8457581759743613,-1.4897921486414143,0.43821120993977974,1.3946510897032718
2020-01-15,-0.8109887993301831,-1.3567886309381878,0.16163491844871325,1.0170619882704073
2020-01-16,-0.5980008885140798,-1.3639178474325961,0.4108219672816488,0.5887665553019429
2020-01-17,-0.6099429376168584,-1.5111078751399347,0.6388821833397808,0.24500946046302682
2020-01-20,-0.6511427879373731,-1.3809446062525037,0.5524648324781041,-0.0006440270368867432
2020-01-21,-0.20713332134074397,-0.8360811224307347,0.848702289224762,-0.15310181474487752
2020-01-22,0.2707645954222578,-0.7084900408683349,1.433066445127458,-0.11292985259101589
2020-01-30,-1.3346302635006229,-1.5828047735890824,-0.2714894062646476,-0.02333433264350158
2020-01-31,-3.0,-2.4487769901423797,-1.4386914744893515,3.0
2020-02-03,-3.0,-2.8624577295492513,-1.9615156992419516,3.0
2020-02-04,-3.0,-2.98063196993983,-2.1826215658604613,3.0
2020-02-05,-3.0,-2.8196836640039344,-1.9923817543061773,3.0
2020-02-06,-2.3930348647962694,-2.1149244311888373,-1.968478480252849,3.0
2020-02-07,-2.032513237086981,-2.253342227484593,-2.0047502289982706,3.0
2020-02-10,-2.32220307281696,-2.391233240292561,-1.9606079696832188,3.0
2020-02-11,-1.809499907917829,-2.517663526761296,-1.8785780176711453,3.0
2020-02-12,-1.1119869096134727,-1.9522882976026554,-1.7200615939321344,2.6869994659135976
2020-02-13,-0.8837782956409675,-2.0799324974153186,-1.1919502721427881,2.451180140903603
2020-02-14,-0.8114881399281109,-1.9225049276685098,-0.37028745474699853,1.888663824866308
2020-02-17,-0.8940737405575582,-2.037427945425305,0.2563268276319595,1.3660040258038846
2020-02-18,-0.7390415444532467,-2.0140238990093104,0.4059103793808345,1.1418026988277965
2020-02-19,-0.5661644991646553,-1.9892544165117902,-0.07108911379034814,0.7409543699407386
2020-02-20,-0.12247521172896403,-1.3001447160135422,0.14397914541566503,0.4173457908412619
2020-02-21,-0.43214099819094975,-2.215044929392971,0.9028651143676001,0.36733712541683805
2020-02-24,-2.3139439013777934,-2.9540528311250944,0.2266791876062804,0.5936899572686478
2020-02-25,-1.7986286288247966,-2.5159335811803296,0.6429230519858289,3.0
2020-02-26,-2.2269229738613165,-2.4744626610335567,-0.5072878566291217,3.0
2020-02-27,-1.7733607387048063,-2.6802950669807983,-0.32662818058495063,3.0
2020-02-28,-2.458935123064957,-2.7523245193757058,-0.8940291221968341,2.788102047210596
2020-03-02,-2.2568919927948876,-2.8198034705008626,-0.4212879720236262,3.0
2020-03-03,-1.6422254405342158,-2.5309544476710086,-0.07805246984888449,2.43474510360825
2020-03-04,-1.2649946788830846,-2.138044717937269,0.020024320096837706,2.120120766420652
2020-03-05,-1.1927253340875577,-2.112013487337207,-0.5650630920939812,1.7114765325072474
2020-03-06,-1.1386944597681106,-2.0895214426414896,-1.341144268436228,1.2531129565346208
2020-03-09,-3.0,-3.0,-2.8980274842705582,0.8856784366367388
2020-03-10,-3.0,-3.0,-2.787816131373584,3.0
2020-03-11,-3.0,-3.0,-2.802443354879807,3.0
2020-03-12,-3.0,-3.0,-3.0,3.0
2020-03-13,-3.0,-3.0,-3.0,3.0
2020-03-16,-3.0,-3.0,-3.0,3.0
2020-03-17,-3.0,-3.0,-2.961376460041339,3.0
2020-03-18,-3.0,-3.0,-2.9008756347111215,3.0
2020-03-19,-3.0,-3.0,-2.843352886529882,3.0
2020-03-20,-3.0,-3.0,-2.7874798351673733,3.0
2020-03-23,-3.0,-3.0,-2.7345244130680406,2.8752807412153687
2020-03-24,-3.0,-3.0,-2.683522096255479,3.0
2020-03-25,-3.0,-2.8707207484083375,-2.6348077160855516,3.0
2020-03-26,-3.0,-2.922159804468768,-2.350982629271313,3.0
2020-03-27,-3.0,-2.862076847391453,-2.043274851109878,3.0
2020-03-30,-3.0,-2.8056724764299874,-2.2641360060389837,2.9058696254712464
2020-03-31,-3.0,-2.752450810838255,-2.278757994047577,3.0
2020-04-01,-3.0,-2.700765841917773,-1.793841033376909,3.0
2020-04-03,-3.0,-2.6512456007170218,-0.4295880776253392,2.9057861290014584
2020-04-06,-2.1954618963019725,-2.4888129373175656,0.5624305617445895,2.674343719899647
2020-04-07,-1.854880036263492,-2.373269291182393,1.5482582920979533,2.813817813115666
2020-04-08,-1.665609872085228,-2.337192713949321,1.400937985038433,2.308372863466289
2020-04-09,-1.2147589978196849,-2.1549138295410226,1.5050888014689272,1.8074832997093035
2020-04-10,-1.1800727085479579,-2.053695628469846,2.149288403819391,1.5991717781197148
2020-04-13,-0.8945043061953385,-1.955287554503428,2.1207235801048596,1.2590342165191173
2020-04-14,-0.7917069451037709,-2.07751452912073,2.159736081603327,1.039179345375063
2020-04-15,-0.2908001412275453,-1.7616545986378493,2.1953274042517394,0.7350916949965761
2020-04-16,-0.008601198998009848,-1.8149867208067365,2.2451815141806053,0.7759648235654132
2020-04-17,0.47129084975840774,-1.7950150757622616,2.2446642709504814,0.6548295212767016
2020-04-20,0.7281527693997264,-1.4178540538890658,2.3521961566293736,0.7057289849507337
2020-04-21,-0.19424433460646756,-1.6910931150937583,2.516390913037132,0.5968847396562252
2020-04-22,0.11522485666990526,-1.4616755944877884,2.5814961225477524,1.775460426711496
2020-04-23,0.2669585285124639,-1.3786016668554646,2.658722327216921,1.4949464308724214
2020-04-24,0.4124529007199875,-1.3671399410357807,2.6142705522284335,1.1680123765973716
2020-04-27,0.4791146294693261,-1.356046652254901,2.5687368883956556,0.897510657955965
2020-04-28,0.5161134477588002,-1.3451014437923663,2.468081149724337,0.6243733132984042
2020-04-29,0.6442245997125042,-1.1946894041039353,2.4867407822039325,0.3788825943384336
2020-05-04,0.3226405920097276,-1.2556637130812296,2.221600874487549,0.23257177159019346
2020-05-05,0.4446838988518936,-1.1762824095163613,1.8527437100105768,0.4736507771322614
2020-05-06,0.8271457111404348,-1.0993390153629095,1.6777375252835953,0.30251681202415887
2020-05-07,1.0555237675057096,-0.953621843111374,2.2215303101764152,0.3487689527959539
2020-05-08,1.239013982408737,-0.8093985412834244,2.1640530333867507,0.28647520640281926
2020-05-11,1.5536661697122096,-0.6667007786474287,2.2037211496035525,0.21029466921262122
2020-05-12,1.8972241767229265,-0.45521895965817655,2.28226026135811,0.24540271875423414
2020-05-13,1.969043398247758,-0.3137125137957932,2.249298032620453,0.30776328855547624
2020-05-14,1.8690095175129826,-0.2420354935653137,2.2194524223204515,0.18372843942019035
2020-05-15,1.516702081026884,-0.44779102532661663,1.8333863743847905,0.047226138676089414
2020-05-18,1.6618895562494969,-0.4441809932845868,2.0695272682405976,0.2682967997377
2020-05-19,1.7727986917232754,-0.3013373011369898,1.82585439682287,0.18529665555137975
2020-05-20,1.8084746549984674,-0.01947868988668354,1.4730082980275303,0.09713901645302933
2020-05-21,1.791268562070099,0.12174573896813577,1.3923070188303937,-0.025316078519498218
2020-05-22,1.5279180017973435,-0.22480782045934739,0.9427822753022912,-0.16361531196825324
2020-05-25,1.763814551053552,0.5463587671075117,1.3852080761784764,-0.02003727939256484
2020-05-26,2.1277952042968713,0.7566045443028718,1.3967181841166934,0.012417395606469235
2020-05-27,1.7229269458321284,0.47735047699654776,0.6004199303224126,0.15394151418868354
2020-05-28,1.6814292316021004,0.47816108139157504,0.08258492910868243,0.413598837236736
2020-05-29,1.7076784379286267,0.47857815847086355,-0.03450425842828615,0.18876422171429608
2020-06-01,1.9715292691794237,0.8973067991054433,0.22364072914116861,0.043885590674110575
2020-06-02,1.7488960410821421,0.7570013277998358,-0.2867601472977354,0.1025858149807281
2020-06-03,1.7949754376180909,0.7538836290194121,-0.3276998492346601,0.12734129385290538
2020-06-04,1.8715462160931422,0.9592196249798681,-0.4495894296769096,0.014807931542754895
2020-06-05,2.090926724113792,1.3690755514832935,-0.12830613923603681,-0.055197087176748295
2020-06-08,2.413807381872788,1.7013433059782745,0.016559257885527288,0.002304139697441803
2020-06-09,2.3551570611435317,1.5534744604000357,-0.4290667998431989,0.15139116899796004
2020-06-10,2.401539319002113,1.9480305239639861,0.40388422610879976,-0.005673394806070588
2020-06-11,1.4114168213936091,0.8519447780036482,-0.44848339120776415,-0.06265908633941225
2020-06-12,1.2936665968512033,0.7144752589111848,-0.3024236555304012,1.5430671003157284
2020-06-15,0.6405068130483755,-0.10443517348948823,-0.8858755658783303,1.2299179186069435
2020-06-16,1.0478646353747556,0.5780209861362704,-0.5179968100590213,1.7893654284212361
2020-06-17,1.015085497374734,0.5753342275300711,-0.7056040124869386,1.6277076419367815
2020-06-18,1.019859136520309,0.7075723537061943,-0.744550125102259,1.2130539957020587
2020-06-19,1.3300315648283498,1.1095513860719841,-0.5799230399240138,0.8637940884682461
2020-06-22,1.4078626880179916,1.304695714292928,-0.7643475484436696,0.8085623262836478
2020-06-23,1.3871032888068897,1.5627192985985576,-0.8543907500386452,0.5929356453518322
2020-06-24,1.0860508327899079,1.3507071258964474,-1.0090655552292132,0.3424948906868671
2020-06-25,0.9903096449703662,1.0094401644509607,-0.8828295522066811,0.4960689740541376
2020-06-26,0.89549507062342,1.005796151552205,-0.8906215025124025,0.3506286211681994
2020-06-29,0.32836475595284076,0.20089933230665918,-1.072045040994747,0.23348889012065058
2020-06-30,0.24362999802925978,0.20114994476038703,-1.105906390449537,0.9486948925949132
2020-07-01,0.6205915593705119,0.7764033393093033,-1.0019501398134796,0.7614556910836267
2020-07-02,0.6247489579347287,0.5545428602877833,-0.8058963282290185,0.756850430223739
2020-07-03,0.6898981622421175,0.6263588646330132,-0.916575049750792,0.4647490288272787
2020-07-06,0.847225500470226,0.9919080363927422,-0.7497096868176839,0.2664300703493275
2020-07-07,0.8007775586681922,0.9163629490139351,-1.179144437498037,0.17439500759716062
2020-07-08,0.8263720833485083,1.4223220304402617,-0.895994016561706,0.025665787051838394
2020-07-09,1.0784334005656875,1.4860495656405004,-0.12190522527943694,-0.1302748868517225
2020-07-10,0.9637921468583079,1.4048641871189937,-0.11877607609143984,-0.07450281101890692
2020-07-13,0.898322106160219,1.4682806624985936,1.0472809527423221,-0.10825950861098067
2020-07-14,0.9451256263313244,1.5308524795195861,1.0875494481429284,-0.1984827056657081
2020-07-15,0.955872026644017,1.520592927585512,0.9680536987398158,-0.30291082197964314
2020-07-16,0.9414467365553073,1.3685786337160855,0.7195742223724715,-0.4190702722591548
2020-07-17,0.8883795756728291,1.5017718294408606,0.6328571084452851,-0.5360702233383025
2020-07-20,0.6310961011299124,1.3497921910728703,0.3572191324662457,-0.5824800472385424
2020-07-21,0.6036317622612831,1.3402117070860804,0.7917292117866772,-0.27565493053820656
2020-07-22,0.4403372353365367,1.120747392266655,0.22507956327825504,-0.3746743611285831
2020-07-23,0.38456188571222594,0.9046340874464662,-0.07847747295034536,-0.24832941880939613
2020-07-24,-0.38096072987111274,-0.08158185173590547,-1.4466274200778069,-0.2983817021242005
2020-07-27,-1.332955627059098,-0.9918139873077432,-1.9024100990268595,1.3182383375470816
2020-07-28,-0.6362813109602264,-0.21579084073758256,-1.7972273412559134,2.757408945377038
2020-07-29,-1.1069422792537846,-0.6345960807018206,-1.9879209052785511,2.5932026604395735
2020-07-30,-0.9092201024526119,-0.5613948019942859,-1.9942348170978668,2.718477702537857
2020-07-31,-1.0034657868097228,-0.5580285759616725,-2.0274256309025356,2.1467678705727677
2020-08-03,-0.5061353819394618,-0.20506200655418386,-1.8946746140975905,1.8136221182619192
2020-08-04,-0.17323160670003412,0.07682478210820926,-1.863299289208678,1.6701840170735973
2020-08-05,0.11694632036833287,0.5667045805964883,-1.5370239178797134,1.4266861182015116
2020-08-06,0.10884431283739082,0.6333818459608969,-1.5152567369078282,1.2014255258327065
2020-08-07,0.1329154453827822,0.42024027043239903,-0.7782981225855337,0.8610384149348014
2020-08-10,0.30156812005119965,0.41991668704445706,1.4070685993796945,0.53823626981312
2020-08-11,0.33184193148143787,0.8398879416296252,0.478774717203399,0.37982402261151244
2020-08-12,0.4034246495506133,0.9081128123302228,1.2713637819555064,0.14501028741757221
2020-08-13,0.5672287605926831,1.1135438748668534,1.3281170499403945,-0.02113781725418979
2020-08-14,0.4417269654348441,1.040981509479104,1.5041470312303664,-0.08600936319297783
2020-08-17,0.4332722173919232,0.899886739398314,1.5977315033824364,-0.08124771563256421
2020-08-18,0.44522397899344257,0.9672208339012701,1.5057623968358773,-0.2318374684762433
2020-08-19,0.5823603876040523,1.1024038508766367,1.6378489034802424,-0.3852844171250305
2020-08-20,0.5052349057982537,1.1679526420919912,1.7172030823562268,-0.4171467656412069
2020-08-21,0.7298486357623281,1.2325919787007389,1.8450099835712104,-0.4326004404948285
2020-08-24,0.9661998767408044,1.637267122434684,1.9557836932427326,-0.3822465349679958
2020-08-25,1.0291270854929297,1.4227453675000779,1.9511026912353657,-0.32276435004466525
2020-08-26,1.0456541287809828,1.618176029869078,1.8286141623761605,-0.4074469244938659
2020-08-27,1.1277065405260924,1.608577761665228,1.9113932181302025,-0.5124350988893331
2020-08-28,1.1166636093845606,1.8656657063433262,1.8913863567974465,-0.5499946144387723
2020-08-31,0.9729165251044277,1.651086589211178,1.709718105753358,-0.6521987856243923
2020-09-01,1.1264583822227354,1.7729644171268453,1.85390276056714,-0.5776419892462447
2020-09-03,1.2049262710853992,1.9555569593339857,1.6259170929931186,-0.5483907386054743
2020-09-04,1.1268745526162092,1.6748575812554893,1.732325280866549,-0.5779990053742986
2020-09-07,0.8996870753186781,1.5314288718783235,1.2163780139802431,-0.6188293961857304
2020-09-08,1.0064725393436587,1.7803608198216467,1.0974674937581228,-0.4125227269666046
2020-09-09,1.0385827898922966,1.8290117664959813,1.0287616232155834,-0.4474364343390931
2020-09-10,1.0790341979488631,1.7465725195559039,1.0698418237589753,-0.5338155975315491
2020-09-11,1.1048265662761556,1.7300687739458478,1.158601437842219,-0.5983532688068056
2020-09-14,1.2564391862470259,2.0916989106871964,1.1374811535463167,-0.6642288404339259
2020-09-15,1.2258344346805907,1.9445903617126539,1.2014658638824438,-0.6125157493986507
2020-09-16,1.2510051571199188,2.049328893845601,1.0600440506562545,-0.714179929279854
2020-09-17,1.1986353929109215,2.0905326997716633,0.8261601886424337,-0.7587562380446311
2020-09-18,1.2838558437272278,2.067587510028396,1.1581573859541685,-0.8175164659916907
2020-09-21,1.2760076644067901,2.1076913086470013,1.4135878231369756,-0.7974823239023153
2020-09-22,1.2187463727439847,1.9654941878479857,1.094682998736674,-0.8551584863403716
2020-09-23,1.2777323491434847,2.065084508103484,1.1115165823550952,-0.8969872912869407
2020-09-24,1.1810153063711786,1.9831736008481606,0.6186708131200207,-0.8854655015050602
2020-09-25,1.0889633376282926,1.904215199275636,0.49828595841284207,-0.8656171516875455
2020-09-28,1.1928368428684764,2.002644861397692,0.3184437941619606,-0.847206571937111
2020-09-29,0.9748110356580839,1.7521029459373318,-0.29003255087354246,-0.8080385916510391
2020-09-30,1.0799044532306454,1.7956639992659498,-0.002312413147547771,-0.5838901564909164
2020-10-01,1.2486208255148497,1.8398974297587702,0.022314873529413196,-0.5871126007533432
2020-10-02,1.160572414224807,1.9287946037065822,-0.1400557710091424,-0.5276574580428226
2020-10-05,1.3859928158295565,2.0141855357810052,0.04551888644956217,-0.5716844932543035
2020-10-06,1.387807440649409,2.046424287783367,0.338440250461105,-0.4558837634073748
2020-10-07,1.299351546233823,2.2278311721700708,0.14197705881040357,-0.5478526190951282
2020-10-08,1.171707975430987,2.050943065975674,0.37986646172536565,-0.6024429286867092
2020-10-09,1.1504653676244472,2.03140574038408,0.3781068910869261,-0.5817334499696943
2020-10-12,0.9836770011427975,1.8632430039241659,-0.29565357714665164,-0.6851126913707803
2020-10-13,0.9753270726063887,1.9457284404860733,-0.023485174442602067,-0.5724564385004943
2020-10-14,0.9910110204415071,1.9765839369243874,-0.05550151090519915,-0.6752514629233208
2020-10-15,0.9071959010432942,2.054502403961846,-0.3699726044745544,-0.7438453051042545
2020-10-16,0.8617585365194679,1.8894625039828332,-0.09785770284561728,-0.7464990809400526
2020-10-19,0.8487116076437389,1.8244944624272699,-0.595526757150621,-0.8022486994093422
2020-10-20,0.8833644623273769,1.8088242210430188,-0.528002139106055,-0.883461648371676
2020-10-21,0.6931974845056632,1.7931102284384992,-0.7412110306819157,-0.9123662982409511
2020-10-22,0.7673914269572045,1.7765080105274653,-0.7378968337097257,-0.6868064832196099
2020-10-23,0.8550710675663642,1.8081518495370017,-0.4866398603206501,-0.7129386138698341
2020-10-26,0.6034620767726027,1.653252057010461,-0.7100171638235385,-0.7198590885664409
2020-10-27,0.4027625050963257,1.4549334741904811,-0.6420216288258817,-0.4027156706506928
2020-10-28,-0.006760235996422131,1.2125468834471977,-1.1206025733750162,-0.2218439455042307
2020-10-29,0.028120518946485762,1.2523929514086052,-1.0603900120002951,0.3860274775559471
2020-10-30,0.08536739917185102,1.1992231969852156,-1.0647464658551336,0.13277531036401125
2020-11-02,0.23667805540503745,1.2853302505415949,-0.9742014446728631,-0.060509120140875616
2020-11-03,0.3748050441008787,1.4163491555521364,-1.0004298007453474,-0.13513163918649057
2020-11-04,0.5377468642155153,1.5452373837904212,-0.8029668817164171,-0.2062662446692187
2020-11-05,0.4126379692313076,1.4444769929467527,-0.8300695795020436,-0.23866439616585042
2020-11-06,0.42853677063419904,1.5723518304681336,-0.8669039023088763,-0.2193621581360006
2020-11-09,0.6802469041311144,1.7421145067951826,-0.36394196415397384,-0.38570133864959444
2020-11-10,0.6817382394694478,1.7278231795009695,-0.0006690334920516768,-0.3004936707889285
2020-11-11,0.6720488946206924,1.6684562216651746,0.6786277944036356,-0.45824170810812637
2020-11-12,0.7751792832564952,1.6550067235076156,0.802178433275682,-0.6029708814871791
2020-11-13,0.8630753555435184,1.774657463196305,0.6705278292641721,-0.6236903494650924
2020-11-16,0.6308060975435607,1.6281200107417708,0.5720243298774144,-0.6513147745959503
2020-11-17,0.848209591053012,1.7450516676179455,0.8427114872021952,-0.396228062052865
2020-11-18,0.9035579205978023,1.7286604335059008,1.2359208164030262,-0.3363521970348543
2020-11-19,0.965681673360623,2.012875903920641,1.2058612222371679,-0.4344121885802199
2020-11-20,1.0864230591255601,2.0320103678991486,1.4249654557105997,-0.5097408328044596
2020-11-23,1.1461714230404068,2.091231324586252,1.2779824126249288,-0.5146647174223573
2020-11-24,1.0890775610582228,2.065018585551639,1.174143016233639,-0.5707110803476505
2020-11-25,1.0533337234043714,1.956549731744275,1.3298789654049836,-0.673766519385159
2020-11-26,1.0626211806508055,2.0159286692213656,1.1949098984162765,-0.79097528379143
2020-11-27,1.1295293175940075,2.032554226477234,1.3600645682792925,-0.8534604516033847
2020-11-30,1.0480509419653576,1.9671466328782445,1.3484260337776213,-0.8515054018544715
2020-12-01,1.0948350743459754,1.9442511313057893,1.0702081608991199,-0.8756154099974487
2020-12-02,1.1224362638950052,1.9612163115204801,0.7942899143541046,-0.8901489725410977
2020-12-03,1.242834797558737,1.8984664566178262,1.0245700698835383,-0.9170554695999688
2020-12-04,1.1989987317834463,1.9160226384826986,0.8621231259108519,-0.8445303294906187
2020-12-07,1.2177141265016485,1.9717908877683228,1.081602645934992,-0.9364901286513353
2020-12-08,1.2269463925034514,2.025478961881369,0.8262969939562762,-0.9592303849565004
2020-12-09,1.2983967356522899,2.077049273992812,1.2717242139537803,-0.9870972619715199
2020-12-10,1.0308961536700851,2.012615480358575,0.543218875006546,-0.9485724988172686
2020-12-11,1.1631744843440626,1.9502724550834376,0.4978336710138001,-0.608445852103274
2020-12-14,1.3689484811869874,1.9646468309078464,1.130779983060073,-0.5728177644004578
2020-12-15,1.3239316464885071,1.941203338702537,0.8774487316052094,-0.45815129307455144
2020-12-16,1.4131917632566822,1.9550775872929858,0.9039334259102182,-0.6000810806807259
2020-12-17,1.2208543977207151,1.8585193826512156,0.31617295435751186,-0.5947572764318331
2020-12-18,1.3912482320183528,1.9103974658819975,0.5594647187834267,-0.4944751622057232
2020-12-21,1.5209768649890134,1.8882858292872329,0.8011021382658698,-0.42373696875925715
2020-12-22,1.6527829189301568,1.866622840969507,0.8269908005315305,-0.397134475991376
2020-12-23,1.5095699950207577,1.845463857959687,0.5976860063087436,-0.36499680256490125
2020-12-24,1.2285516276396906,1.8603236783337842,0.5639822579125628,-0.4189175221098254
2020-12-25,1.4812903428324724,1.8393081438267032,0.5812297328996062,-0.1860802732142968
2020-12-28,1.5453078381378085,1.8187914601369692,0.5472153213572049,-0.0728032169729627
2020-12-29,1.6077435600489138,1.7638423937316894,0.5746879215517976,-0.16228850843973164
2020-12-30,1.514299750652079,1.745020855340784,0.20587542008794832,-0.23548079803922123
2020-12-31,1.5844182455427787,1.830206397325137,0.733761923478285,-0.39462129045449895
2021-01-04,1.5709151087351307,1.8304864736514992,0.6252708829938249,-0.42534777739710905
2021-01-05,1.556103893620568,1.7727091793107659,0.5666875726454613,-0.302749678586434
2021-01-06,1.5413848180803327,1.7980761949515323,0.7538327403994026,-0.37751838434559437
2021-01-07,1.5269934195920356,1.7785056872149072,0.9280584772933445,-0.5054394454414392
2021-01-08,1.5126689737095886,1.7595945419998522,1.4306072588892362,-0.3861592984469394
2021-01-11,1.4986365040961893,1.741024959507091,1.2224387467189262,-0.4284216820743375
2021-01-12,1.484865698099862,1.7226876445542387,1.280231220592937,-0.3910681816122304
2021-01-13,1.4712747343638155,1.7047917804247412,1.0846820526476137,-0.4096321995523244
2021-01-14,1.4579677486370193,1.6872269629536423,1.187185822236748,-0.4752422950985119
2021-01-15,1.444879657968229,1.669989811190799,1.2440203625074004,-0.5343220030703463
2021-01-18,1.4320651537380529,1.6530925655358375,0.7788056727459514,-0.5524084754697358
2021-01-19,1.061216359405889,1.6365467197074022,-0.30524512584339625,-0.6461288073957373
2021-01-20,0.993940685299995,1.620292088304185,-0.36912107537348354,1.8054556847028527
2021-01-21,1.3608746665245672,1.6043313240560924,-0.05000819506580478,1.2972372220502322
2021-01-22,1.3919549575891048,1.5886822380562273,-0.15691670593700882,1.2761229085819366
2021-01-25,1.379750330536905,1.5733301493956455,-0.1904240125630122,0.9233126040696765
2021-01-26,0.944861622970318,1.5585497527672802,-0.4344857773692359,0.6526774095155996
2021-01-27,0.365881016072329,1.2921787500023114,-0.6251551540132572,1.1633303228813898
2021-01-28,-0.6585279735315093,0.8590508315798452,-1.155955595144613,1.835838501833533
2021-01-29,-0.3001839958121995,0.9227557768185647,-1.058789868641106,2.9215910586133123
2021-02-01,-0.8106841354035165,0.6325375106110767,-1.268734388278148,2.866277700617337
2021-02-02,-0.4698721144982615,0.7685788173249258,-1.1818398284639737,2.813683587361248
2021-02-03,0.06797657915566861,1.0806120785916287,-1.1721968199080872,2.717858795170316
2021-02-04,0.1228272207453514,1.1779289025154716,-1.3811103449460886,2.513590281065252
2021-02-05,0.2840179035429076,1.2739973114245247,-1.4772733117824512,1.8903509862680778
2021-02-08,-0.21426891400388826,0.8759381190737204,-1.6663120417775796,1.49314308105699
2021-02-09,0.11724522384846668,1.0453796643612796,-1.361473817023663,1.894762909273952
2021-02-17,0.715888816169083,1.3886583686694367,-0.6795024875412358,1.6474993675764
2021-02-18,0.8716428142122293,1.4532983355894054,0.129652682293343,1.7244707675242001
2021-02-19,0.8263825739571751,1.4404359722777296,-0.13365056743109083,1.3688839769727221
2021-02-22,0.761402551016114,1.4275457602188182,0.4219707501065643,0.9172810387453328
2021-02-23,0.6827842159190897,1.3042685908181326,0.6603373368378039,0.5792931894863521
2021-02-24,0.4443084928808867,1.2939726998641201,0.3303451450605471,0.32506626986233306
2021-02-25,0.41679537323568766,1.2139147400860346,0.9372766251898164,0.3965092506097194
2021-02-26,0.4184876236767855,1.1694872524266866,0.5835466271989408,0.1185474500898247
2021-03-01,0.7031719932010392,1.299867550050894,1.2067027705501283,-0.1011090188579292
2021-03-02,0.6485666888925832,1.324547250242592,1.0029130065537233,-0.004954688985483707
2021-03-03,0.7065721115672811,1.3491129972135139,0.5743628841901774,-0.1954052828249008
2021-03-04,0.40977206069249617,1.1990396791552091,0.5703952056364814,-0.3027196827038406
2021-03-05,0.4060422986675113,1.2245165550916537,0.42601763419872873,-0.007774734625325962
2021-03-08,0.4658953151456262,1.249759327188388,0.9943560467443555,-0.21288645382263544
2021-03-09,0.4625416870685928,1.3095995199622754,0.7276687559365015,-0.32693544120765416
2021-03-10,0.5590991450284866,1.3003877560153057,0.34111828934407223,-0.4803713060656316
2021-03-11,0.6583390409485419,1.2914837564071755,0.0939667917599345,-0.5084309940316869
2021-03-12,0.5876669974182428,1.2834435853452493,0.15318723253688596,-0.5256165035294468
2021-03-15,0.5999384871112662,1.2758006699028919,-0.16535333812849648,-0.6083299169533647
2021-03-16,0.5413792033349111,1.2683214368971396,-0.2414435670163124,-0.6970262346640136
2021-03-17,0.5445559453482515,1.2254625383533984,-0.08131236590197259,-0.7745070213919003
2021-03-18,0.6113289136296918,1.2542232075893562,0.4683231499928774,-0.8523170534118985
2021-03-19,0.5848069957359112,1.2469875742575043,0.3816256835571025,-0.8566314080536613
2021-03-22,0.5128109619585325,1.2401692519849146,0.20101545906889154,-0.944235701501797
2021-03-23,0.29627130179222483,1.2334767382088296,0.029449453301111362,-0.9682436352086935
2021-03-24,-0.16472719332656988,1.1176755868219883,-0.3930744552856263,-0.7257483141272711
2021-03-25,-0.24285633213582192,1.075076590012622,-0.3088130913970337,0.030829131511990487
2021-03-26,-0.3689976261807172,1.0322521552976258,-0.45239746454758567,-0.10337491008494351
2021-03-29,-0.059875192214450604,1.1011699994507564,-0.36584327597347976,-0.14612351813974533
2021-03-30,0.07819508587851856,1.1331447016008172,-0.7790155847796556,-0.05072529824733078
2021-03-31,0.05031270700203008,1.127789812766691,-0.9017105203084423,-0.13044233724103282
2021-04-01,0.34796008006159285,1.1088155437597988,-0.6048015523014397,-0.332902014478111
2021-04-02,0.41097219205901575,1.1038421937011267,-0.31777886189174404,-0.23964404675675172
2021-04-05,0.440688714511732,1.0990543907114725,-0.2411115706027031,-0.3587342577434724
2021-04-06,0.37884410574652827,1.058830633321863,-0.1386361019703289,-0.48701072732816125
2021-04-07,0.5125830072398131,1.1250608446333985,0.24054706192442074,-0.6204683193098918
2021-04-08,0.43384418674159136,1.0485648873904188,-0.6621118750645781,-0.6353016188960717
2021-04-09,0.43285436181821424,1.0797320657021139,-0.14408259997240686,-0.7339759596732592
2021-04-12,0.6699057846015769,1.0747020248702792,-0.4378258275918386,-0.8281721253091054
2021-04-13,0.2227878580438021,1.069637940443116,-0.5133518693439331,-0.7367832678867283
2021-04-14,0.351851684492431,0.9911818014412495,0.1675830269931643,-0.33462038580693804
2021-04-15,0.019614648524099748,0.948803996366292,-0.4489638451896095,-0.40387324462886814
2021-04-16,-0.4331322174826289,0.7933908352435741,-0.7537383051215774,-0.22802565640633066
2021-04-19,-0.1327725991021521,0.9025198720003565,-0.8391502445875724,0.10138113275410007
2021-04-20,-0.27415995471573956,0.7822780259971713,-0.9240438175602158,0.061234175411769724
2021-04-22,-1.3083911238622112,0.5449963754228495,-1.0658528002051586,-0.04846637146544377
2021-04-23,-0.7706625371843804,0.7345846930643616,-0.8969619205653409,1.2508757925329368
2021-04-26,-1.3586971048905054,0.37402764163500957,-1.2925492728702548,1.1625881873600596
2021-04-27,-1.3466846205410643,0.36725675595186535,-1.3403325529233598,1.4474719788963162
2021-04-28,-1.02355892605432,0.441056446788455,-1.2153703305048755,0.9934461924371325
2021-04-29,-0.8806621249663891,0.47536688725863885,-1.4708084606324432,0.7930669682629358
2021-05-04,-1.033940364463251,0.3456999400577111,-1.3215643440895635,0.5158430726493762
2021-05-05,-0.630134618881422,0.5050447045866707,-1.1499229669239492,0.37882981090848383
2021-05-06,-0.753621691658525,0.33088458977586344,-1.3939769749366704,0.34461229310159786
2021-05-07,-1.0663717895896578,0.15374221326499538,-1.3704122474205391,0.1844386993215083
2021-05-10,-0.8684582987480034,0.2744904446040062,-0.7953881972946352,0.287324123922028
2021-05-11,-0.7409328832696258,0.267188645763261,-0.7772115049588604,0.12325353580227627
2021-05-12,-0.3128233934626623,0.34751058149896663,-0.0013484712895369057,-0.055857263699330126
2021-05-13,-0.49976282880909767,0.2966164808234407,-0.053652936533648214,-0.002525985986985654
2021-05-14,-0.4387249713170355,0.2897665795253868,0.011650845543484813,-0.04121735838352235
2021-05-17,-0.752445260851857,0.19318770844500063,0.02998993196223244,-0.2292959377522483
2021-05-18,-0.9413680632258778,0.09500953818784688,-0.11942573506933793,-0.06589212520008292
2021-05-19,-0.8690062181640197,0.04107703280919092,-0.005762170152010145,-0.06521474016732813
2021-05-20,-0.7667439614381296,-0.059495702462716356,0.07165000242945034,-0.25445080840771217
2021-05-21,-0.42055544781856063,0.16498745979741514,0.3762443767408734,-0.39411865777684574
2021-05-24,-0.0022636990902543393,0.2984438941847496,0.7039440171054441,-0.344618810723489
2021-05-25,0.1256226852602306,0.1968785988144108,0.7872529825693295,-0.24427251031837324
2021-05-26,0.12609070315202603,0.1905656944344853,0.6444118560654054,-0.3458313369460879
2021-05-27,-0.13037808398016704,0.08911146310201623,0.8028692455517605,-0.5093225983821369
2021-05-28,0.2235760802794214,0.17844369303164692,0.883836141164853,-0.40419404727388514
2021-05-31,0.38015904972117065,0.22015619378243534,0.7104355969380549,-0.3306001355599942
2021-06-01,0.2951945345416707,0.310809371888248,0.8016474929335226,-0.39358463929849336
2021-06-02,0.5020099185298653,0.20730600276741284,0.8449378161894722,-0.5215915952116215
2021-06-03,1.1147707299877152,0.5444730575670906,1.2558101510419484,-0.5214785424849876
2021-06-04,1.222957791115712,0.6368483025494981,1.3047233197409003,-0.2197862000079705
2021-06-07,0.9126348040319476,0.7294486516727741,1.0331835430508833,-0.3054948865339175
2021-06-08,0.04555084431860334,0.4756789810981125,0.6102130630099375,-0.24156679456685387
2021-06-09,0.24272289881583975,0.4210174978533991,0.6300353416212386,0.6419597624972216
2021-06-10,0.1934483838276772,0.2169664324562246,0.5535647911035982,0.43999634370882423
2021-06-11,0.6042605087356959,0.5616537169642104,0.6818489853908916,0.1564536654200698
2021-06-14,0.8831125094126199,0.6055321381642232,0.7357315026626555,0.17376804885339542
2021-06-15,1.0731053399640422,0.6997717259755626,0.718336301722394,0.12363491996025029
2021-06-16,0.9945904530649713,0.694661303476134,0.7596377877917082,0.03257622609687723
2021-06-17,1.264358950317167,0.6886474735670501,0.8604269689890394,-0.1993710132427597
2021-06-18,1.3994364909461396,0.7339227575102607,0.8416550772443459,-0.17864321593345645
2021-06-21,1.1458021482787446,0.8823115053143855,0.8467293081555138,-0.2409752578762925
2021-06-22,1.037175802571603,0.8754693695760442,1.0417841067480038,-0.2652837038047908
2021-06-23,0.6937585180420726,0.764995718069421,0.7960825488269561,-0.42784615134930665
2021-06-24,0.49316663565560054,0.7066504861077489,0.6226737921998517,-0.2833837644977302
2021-06-25,0.5998188568881359,0.6483302296800862,0.42528828856836687,-0.3137403025318487
2021-06-28,0.8268576005510212,0.6944402607388632,0.33590044851362993,-0.3968820556291495
2021-06-29,0.7341543917210797,0.6357368080886021,0.6553454946297964,-0.3828040861915814
2021-06-30,0.5272244345868272,0.6832337589310802,-0.07513410864130794,-0.5291500755364463
2021-07-01,0.6644498955955997,0.6726416926592818,-0.20342796826517587,-0.5179266145363044
2021-07-02,0.529504404526261,0.5481316921669999,-0.5300039396066808,-0.5440466783184307
2021-07-05,0.14935264323504027,0.3627077633684604,-0.5071041805171856,-0.6098666890996272
2021-07-06,-1.0364251718383626,0.05435314474447167,-1.3154381995762041,-0.3493084334211685
2021-07-07,-0.7580645279633698,0.16890078300275485,-0.9132558507906912,1.3922260078951474
2021-07-08,-0.9196405428186558,0.0397179665428069,-1.093328793383631,1.1006904328887597
2021-07-09,-1.4539667759225317,-0.3956931920785593,-1.4434350274635415,0.8756575991199559
2021-07-12,-2.494382612879174,-0.831333128688854,-1.8855499145838897,1.1735113251827833
2021-07-13,-2.1144477925042455,-0.6513692063827533,-1.9209681305810669,2.2669617442232233
2021-07-14,-2.2903437350210214,-0.5326116250620384,-2.0283144853673436,1.8289191561164697
2021-07-15,-1.8467677379694067,-0.4132697164750305,-2.0287599880507186,1.5918146539813842
2021-07-16,-1.6954891787935154,-0.35604036829282043,-2.067264427174079,1.3372555678334097
2021-07-19,-2.6368905002057312,-0.9242881023621267,-2.205263810386504,0.9434690109850259
2021-07-20,-2.0546562236445527,-0.5525559258385857,-2.012551364187343,2.024526625680254
2021-07-21,-1.9843701013096118,-0.6841978818135719,-2.0263465407231407,1.7755943137749914
2021-07-22,-1.3922738032347142,-0.3742911319184362,-1.8529755455630172,1.2487428332265906
2021-07-23,-1.706754517605877,-0.4452306478747052,-1.8340439243145636,1.180944798908657
2021-07-26,-1.4506506305508553,-0.45420667859874775,-0.6936512989250171,1.1853775233537691
2021-07-27,-1.3102639591067464,-0.4060649342815572,-0.5004404021824048,0.8960682006044086
2021-07-28,-1.3926533214670676,-0.5650218679579253,-0.5611356385090478,0.6018978102649687
2021-07-29,-1.1494682416632522,-0.5862606409087097,-0.9514391911432458,0.3817926398937834
2021-07-30,-0.8459914957721004,-0.6837235493700442,0.03446904888346681,0.25759829284078534
2021-08-02,-0.7994596225711338,-0.6421407725502518,0.9440840435728198,0.2085088123667625
2021-08-03,-0.664177645165874,-0.5254451590382058,0.9007794862629289,-0.014999096406765913
2021-08-04,-0.5750743384284303,-0.47485401387247683,0.9486537356400648,-0.14522417781769212
2021-08-05,-0.3119491610032626,-0.34196406157143217,0.9441627170978378,-0.29149780676819065
2021-08-06,-0.3916412502759968,-0.3575088659601634,1.0850596200188107,-0.29766787327118294
2021-08-09,0.12191389793268005,-0.2931764426920076,1.1327528403566185,-0.42674130445884356
2021-08-10,0.26255299515552566,0.09707311795065053,1.1777202997586196,-0.22423851972686626
2021-08-11,0.05069805197983882,0.0026596604987000885,1.2682164864221235,-0.31349491068751884
2021-08-12,0.025985259973201075,0.1605215804221506,1.072200810156923,-0.3186442470797621
2021-08-13,0.13881789428464014,0.15133406111223088,1.2024670713141115,-0.5037032722627455
2021-08-16,0.5419014365859793,0.14255709948145648,1.2119162859327957,-0.5738012615388899
2021-08-17,0.30409965512118253,-0.04280604600056389,1.1431010319089312,-0.4272607089689713
2021-08-18,0.31100846477276023,-0.14452274343312127,1.2351089718688988,-0.4038923968200721
2021-08-19,0.4370152245866691,0.02431561395655911,0.9938866955353494,-0.5498658195342143
2021-08-20,-0.5714499385185628,-0.1712222089566084,0.66205591242563,-0.598315967031086
2021-08-23,-1.3026956396956935,-0.5585967702358617,-0.49900142745403525,0.7281284294290926
2021-08-24,-1.4108196146863177,-0.6692570838506396,-0.6541579228261963,1.2637318316373738
2021-08-25,-1.1188778435451827,-0.5847514348878877,-0.5941522448116711,0.961595959312207
2021-08-26,-1.0911294715464,-0.888229769604292,-0.52046917611397,0.7299396957662388
2021-08-27,-0.5413250488673573,-0.5108275795921075,-0.4330821835773793,0.3742848101041101
2021-08-30,-0.034587455522327025,-0.029819832687750347,-0.48165103622709365,0.42816766756060454
2021-08-31,0.02240839028641249,0.16120194942902194,-0.4756287459911448,0.45237713960410214
2021-09-01,0.12589365943820077,0.15350546991532946,-0.30468933968011325,0.18718141098787572
2021-09-06,0.4813728235908483,0.4486134100318804,0.07508020461513512,-0.004842731034293122
2021-09-07,-0.07713008397119102,0.03716840845737027,0.37232904450835913,0.0018837415832471352
2021-09-08,-0.2794797083416263,-0.1756116282530952,0.6156073151765579,0.3620057538481756
2021-09-09,0.000916718574909604,0.02060975802513082,0.42244886194190745,0.24700806564964845
2021-09-10,-0.046431692736685085,0.11708180356325476,0.5084750916947639,0.1511743490761672
2021-09-13,-0.3407218834537994,0.10996368487423701,0.23019889285680145,-0.10760581341346032
2021-09-14,-0.5833873838328905,-0.3206441972932185,-0.27164880648923895,-0.03814322321744935
2021-09-15,-0.3053888601541928,-0.3300177282131119,-0.23912113613756555,-0.024866698919011988
2021-09-16,-0.2878675571758478,-0.014487306632720786,-0.023788584049051074,-0.08976489225937805
2021-09-17,-0.07699581264573263,0.08660660449807811,-0.23102374450688618,-0.30995262897041814
2021-09-20,-0.2593468041666506,-0.13514333848000745,-0.31155820465448014,-0.3701584693139356
2021-09-21,-0.35778344630437897,-0.2487642527349592,-0.18087137305995923,-0.39429744633239483
2021-09-22,0.000740966160381657,0.1811834015219101,-0.3320800455726401,-0.504090899244091
2021-09-23,-0.16479374975031352,0.06696410738478274,-0.1844875932661335,-0.43398838930735706
2021-09-24,-0.43006343816980647,-0.37713967607881355,-0.25129445094560954,-0.47482855354753306
2021-09-27,-1.3399927926839137,-0.4915168429632216,-0.46048491440205025,-0.3754774079874018
2021-09-28,-0.8955170075179762,-0.2762999714447827,-0.4283541326166339,0.7933501035707535
2021-09-29,-0.7953778607987552,-0.17162895133388834,-0.7952769061556545,0.6826148282573926
2021-09-30,-0.7095438578979231,-0.39873079306418235,-0.8758355054171626,0.36598675761704025
2021-10-01,-0.8513662880657015,-0.5126681918127243,-1.194672347083414,0.09230724051454622
2021-10-04,-0.6392596576872436,-0.5196611559882697,-0.9327181881756822,-0.020291049911975834
2021-10-05,-0.42863812569817106,-0.3113282598530681,-0.48447677845603565,-0.14871654032431628
2021-10-06,-0.23744211757885753,-0.31651632190752327,-0.5381305800225238,-0.25295642383355804
2021-10-07,-0.08745957966936796,-0.2125983680447895,-0.5769763502494966,-0.3492046563240316
2021-10-08,-0.09980614410478321,-0.2163823321015409,-0.3718643102907414,-0.4545837290963882
2021-10-11,0.1591710264009668,-0.10989442953476107,0.881181141117966,-0.6497426791370244
2021-10-12,0.17377246610086422,-0.11345404992938789,0.7162658259396361,-0.6294615189980111
2021-10-13,0.1254856154234194,-0.11702825735495503,0.5659550985502192,-0.7739204822381619
2021-10-14,0.20825819827200856,0.2052432989819746,0.6820613143954498,-0.9161765929576242
2021-10-15,0.17266987976863793,0.20059806557660936,0.9853764361137606,-0.973276974087013
2021-10-18,0.0635421796445075,0.19626921167350195,1.098385588544766,-1.0998864000937845
2021-10-19,0.02026401947433498,0.1926203836674353,0.5562098104180547,-1.126155036691118
2021-10-20,-0.018131063407196366,0.18793757045346443,0.4586560606706098,-1.2205254877656775
2021-10-21,-0.015490555733576659,0.29311693598982735,0.520552577275693,-1.3060317687063012
2021-10-22,0.18640325879515698,0.17740039980573374,0.756507689247756,-1.3696350265236301
2021-10-25,0.10241841181982309,0.2831778323590382,0.8170678511014291,-1.281012352226831
2021-10-26,0.28005453317044715,0.3890830886815294,0.3263841526011949,-1.313569249056559
2021-10-27,0.7447267891922714,0.38389452505146254,0.34889341035330296,-1.2445480636114314
2021-10-28,0.9745571835569979,0.713211253475884,0.4652858418209728,-0.9471315397968609
2021-10-29,0.9532119792926885,0.7072843095620468,0.7169358559712719,-0.8707718835702363
2021-11-01,0.9892679907376456,0.8161715270367375,0.3980764348127838,-0.9696619521861843
2021-11-02,1.3556061225807547,1.3831454022580334,0.8836382810007963,-1.013743020357466
2021-11-03,0.6498701294986001,1.2654260349110653,0.685311046678644,-0.8097938010036633
2021-11-04,0.840811989939624,1.2612736141717364,0.8305083055122804,-0.11610920586681647
2021-11-05,1.1306018761831176,1.1381299676727963,0.9758969767552361,-0.1952770637373901
2021-11-08,1.4788884005310088,1.3649956899856936,1.1756077141807497,-0.18924559338425406
2021-11-09,1.409152816908015,1.2400186769066635,1.1670733807171025,-0.13381828139665455
2021-11-10,1.5741929066855582,1.231681285191487,0.9647550878783343,-0.35131046033143043
2021-11-11,1.5490273984561491,1.3398716944192488,0.9015974351371928,-0.38571340461872033
2021-11-12,1.7138789117104256,1.329057463721613,0.8811579553810903,-0.5328096006986309
2021-11-15,1.7151610884922928,1.3187351374183411,0.822423240740857,-0.5319125294924711
2021-11-16,1.338057435588485,1.1905978840095033,0.5846900990717383,-0.6350945956192863
2021-11-17,1.4083190774447127,1.2989275655794807,0.5557004187077914,-0.5041558920535647
2021-11-18,1.442762303096649,1.1710226995526207,0.33200668075915224,-0.5804054696099544
2021-11-19,0.8252176871622625,1.1616603048214738,0.08290763073237391,-0.6640916379976792
2021-11-22,0.05239392360582918,1.034266978652345,-0.386591864923766,-0.14449219174756525
2021-11-23,0.43396781192074907,1.144897759948284,-0.2700013217410407,0.5686573720546829
2021-11-24,0.765097930885288,1.1367333335963348,0.02968643532626454,0.49581959482392046
2021-11-25,1.0808925958533189,1.0121293994665765,0.09059252411115477,0.4087456062967231
2021-11-26,0.6848661392471934,1.1232766329596948,-0.21506385080080456,0.33441176555186514
2021-11-29,0.6099876231934933,0.9985009972477922,-0.8021472613380478,0.3791325590430902
2021-11-30,0.633633429415963,0.8758895565416883,-0.612121113803456,0.059383539543970715
2021-12-01,0.6779805884810927,0.9882095966061653,-0.6343987841933415,-0.16532032578671566
2021-12-02,0.5332965234306022,0.9824315466110984,-0.8128052360541475,-0.34191813317537206
2021-12-03,-0.4500027806238199,0.8605416870031087,-1.5268070587272007,-0.4724065074389586
2021-12-06,-1.2812442764636907,-0.6572817925866963,-1.5684850960333399,0.7970589555131677
2021-12-07,-0.5593274315606825,0.7422124369735712,-1.5260215463565963,1.5253835684122736
2021-12-08,-0.42738942978227895,0.7389377888570747,-1.5674651499402183,1.4912470877624722
2021-12-09,-0.05240509864866913,0.8525096562049056,-1.400382503325724,1.0579620483518142
2021-12-10,-0.0044038542249277175,0.966199635893853,-1.2073493608985315,0.871229757570766
2021-12-13,0.38788103590420847,1.0801508723703528,-0.4845215740693515,0.4993344503470706
2021-12-14,0.34927171226554055,1.1919442610079283,-0.7611885455243976,0.42874917401788626
2021-12-15,0.23024095109863163,1.1867501911503058,-0.9097342686526254,0.0837552090462059
2021-12-16,0.3884772417658947,1.1823399691990604,-0.706297054382536,-0.13055284825620314
2021-12-17,0.3518197233328547,0.8345028150934534,-0.06715343199894801,-0.2599553308771933
2021-12-20,0.1559989905146803,0.7192702559613163,0.4872220222788716,-0.49921477716759655
2021-12-21,0.3625410956528589,0.4885260153762673,-0.12033592654640325,-0.5269003718996041
2021-12-22,0.3477569225908928,0.48994301234169363,-0.17411256272486184,-0.5627653635089244
2021-12-23,-0.025750187723424273,0.1457859409357564,-0.4386053772651272,-0.7428349794030138
2021-12-24,0.19095955073994164,0.609570518065869,-0.07987059874048022,-0.486224715044976
2021-12-27,0.39433034622732316,0.8406272711224179,0.1639116662687359,-0.5297111450905966
2021-12-28,0.5834751414805656,0.7258399993601697,-0.061070395926027726,-0.5708577205633338
2021-12-29,0.37243529076042386,0.7268005388419213,0.26813455893107657,-0.6071274024197535
2021-12-30,0.29183444955267224,0.6124958942402037,0.21286739327651705,-0.6104335390967124
2021-12-31,0.3782513120242103,0.7287069714636957,0.4846375891540531,-0.7565344586970986
2022-01-04,0.8343880375567465,1.045470028987345,0.7284183425941565,-0.8426533805840437
2022-01-05,0.8666108085046743,0.8042800287784709,0.5208513769285392,-0.6434632348667214
2022-01-06,0.9069252252270564,0.5643214136022904,0.37280816117445825,-0.7693481470537503
2022-01-07,0.859416213756904,0.5671519668724594,0.7618603898015971,-0.8695382068387287
2022-01-10,-0.008526671463084001,0.44904202162936674,-0.4320505206211559,-1.0103674870820594
2022-01-11,-0.37561482105043026,0.5754017234938921,-0.6660372792395262,0.09913855120471632
2022-01-12,-0.3689915955132512,0.21155877286848448,-0.6299481605224526,0.19973803626700184
2022-01-13,-1.047475582288553,0.46209566806929814,-0.7144241972838087,-0.1041585389553691
2022-01-14,-1.0257601791985198,0.21978884482741035,-0.4349128285610761,0.49033363493337295
2022-01-17,-2.342866234198366,-1.0107085092042174,-1.4617450913241032,0.13086496395930605
2022-01-18,-2.754122965697415,-1.4936034749888338,-1.6621398892504107,1.892602040614724
2022-01-19,-2.395266389495499,-0.37402925864257464,-1.6948223994590956,1.883470795808216
2022-01-20,-1.7303241846890374,-0.49252748383012496,-1.3323226470072371,1.4431202607190046
2022-01-21,-1.6710304096144974,-0.6110452244096621,-1.2490376267837622,1.3085873633675889
2022-01-24,-2.725265773918511,-1.962163069166249,-1.6021090863393437,0.8254179847858355
2022-01-25,-2.0042286626530776,-1.819451392780913,-1.558074106989879,2.0017532662760487
2022-01-26,-2.039486872595766,-1.6798841046299877,-1.69298643112733,1.8085205228434242
2022-01-27,-2.138534492018744,-1.7857589756001186,-1.442389680188778,1.3408298395981522
2022-01-28,-1.8534234417875552,-1.28288047477624,-1.3160314214485727,1.034682725081124
2022-02-07,-1.2076600662915262,-0.5396045842962928,-0.261914824715683,0.7256732299564049
2022-02-08,-1.0406296149072403,-0.17382719598848526,0.6108450823724753,0.7469637661822529
2022-02-09,-0.7941662096711057,0.06971547314396559,0.380901232538251,0.46871885179939066
2022-02-10,-0.7186129279877375,0.18664338879673073,0.44981947567945096,0.28357356558968394
2022-02-11,-0.7643907036741446,0.30559602303315425,0.2174990429165838,0.012525787769022056
2022-02-14,-1.2626438147163555,-0.3177936177603362,0.7567766385677536,-0.23472941522105417
2022-02-15,-0.9121456993923073,-0.19153762206019354,0.7659994095362844,0.24394256350145366
2022-02-16,-0.5987913777177213,0.5570717545591126,0.7296919289742088,0.1503169512297385
2022-02-17,-0.4538698606182106,0.6761799895031716,0.8639428957481743,0.04712224874405276
2022-02-18,-0.31227019358629376,0.5481011199815745,0.7647107432681196,-0.16359519328527855
2022-02-21,-0.07510464679024939,0.9233129788902456,1.1626191441645835,-0.3489577219355991
2022-02-22,-0.3724405945268582,0.17958580844741018,0.9696614764641308,-0.42790554028232264
2022-02-23,-0.07468310145464954,0.6849388522477478,1.0869527114450444,-0.27496882281843427
2022-02-24,-0.5157934086613902,-0.18866726602438244,0.9130548966855753,-0.3144990334614032
2022-02-25,-0.3425991528694853,-0.18448427021225453,0.8820134602422589,0.0728206849804943
2022-02-28,-0.437316711207966,0.19756487224876518,0.7864476700652665,-0.13849923366742004
2022-03-01,-0.20753761458354622,0.45173734514325176,0.5730284383794546,-0.3348813559962744
2022-03-02,-0.5306728370606836,0.07421466479657295,0.2011469272632615,-0.4283657944850088
2022-03-03,-0.14873597857387527,0.4574479093042393,0.5524791368921438,-0.22017479253004524
2022-03-04,-0.11636876865118062,0.5881652697431369,0.6050708577271083,-0.19709430743829195
2022-03-07,-0.17341200124184555,0.3390690878043365,0.18234059489478835,-0.4763851262902457
2022-03-08,-0.8180346914820684,0.08706148237154868,-0.19261276563876312,-0.6909294263394153
2022-03-09,-0.7556434935916874,-0.03672054963390739,-0.4728472504771721,0.20201621462053906
2022-03-10,-0.6363045173465244,-0.03222884907731845,-0.2772640706939718,-0.13715850693428183
2022-03-11,-0.9140083854143393,-0.02672887166583181,-0.5258210912376409,-0.37294935682935376
2022-03-14,-1.4246982896233884,-0.9213047076005835,-1.02710163347164,-0.21040398365359203
2022-03-15,-1.1560270761257705,-0.7856189830081031,-0.8941813296463149,0.39479255563027116
2022-03-16,-0.9577194003493741,-0.5208087386472525,-0.6361350306993772,0.1796384712952095
2022-03-17,-0.8562386271309084,-0.3851437156404824,-0.31816575746183784,-0.055620724319601716
2022-03-18,-0.8017764909796037,0.14222398118022578,-0.7747425471114533,-0.33414644718951775
2022-03-21,-0.3394671127492642,0.4090363093164649,-0.4244144366175988,-0.6090122547728726
2022-03-22,-0.2098491590929182,0.41483612232361766,0.11667157967411321,-0.4595340747386488
2022-03-23,-0.10652773177619382,0.4206959262217862,0.4665510401660972,-0.6340986013220513
2022-03-24,0.01218888101533883,0.4266172046419144,0.13491322915099482,-0.8035368216723501
2022-03-25,0.06727496599776986,0.2997088599913509,0.4196774040427784,-0.9318298537557717
2022-03-28,-0.2265524711667173,-0.22955275618717227,0.47984334367789694,-1.0891246708170792
2022-03-29,0.10787842919587605,-0.09166014202539526,0.8393186030828869,-0.8426451101418788
2022-03-30,-0.312091888556154,-0.48901822579832693,0.47170037420401784,-0.7545794368658579
2022-03-31,-0.36167322716031763,-0.08183480182328909,0.295394281508248,-0.3426148076713351
2022-04-01,0.09157772005699447,0.0059855904060247735,0.9081397417645254,-0.5812224407754616
2022-04-04,0.11940428428322754,0.27037176029097787,0.5529406732065423,-0.42619959612337943
2022-04-05,-0.009300433309212385,0.14495639721759837,0.6092258808662308,-0.6716706038290645
2022-04-06,-0.2125012480746316,0.28016984793550365,0.30279105969418174,-0.7670092558107126
2022-04-07,-0.7934059443633272,-0.10762658725172644,-0.3506822180214103,-0.7184679569252204
2022-04-08,-1.4077445477189794,-0.6271748648563947,-0.33376667854660425,0.06048317285761244
2022-04-12,-2.0891976738348252,-1.922997801135633,-0.7845356043772043,0.8095207204231404
2022-04-13,-1.4146870357458026,-0.9972358771803738,-0.7077508258735655,1.6283845627831999
2022-04-14,-1.4466503113419178,-1.3795432192203374,-0.9151728363536931,1.5524423719471605
2022-04-15,-1.656431999435236,-1.8842616082085062,-1.2567285539684623,1.0638878498459592
2022-04-18,-2.188883606818347,-3.0,-1.6665952859732471,0.9513786902409609
2022-04-19,-2.850832554094488,-3.0,-2.0319063505987103,1.493112310877507
2022-04-20,-3.0,-3.0,-2.1395030176138587,2.296307985558782
2022-04-21,-3.0,-3.0,-2.4452558764232206,2.8092819238957922
2022-04-22,-3.0,-3.0,-2.300028843724985,2.7484276729090378
2022-04-25,-3.0,-3.0,-2.572825797736996,2.2011041574908923
2022-04-26,-3.0,-3.0,-2.4917041784424105,3.0
2022-04-27,-3.0,-3.0,-2.485444018792125,3.0
2022-04-28,-3.0,-3.0,-2.47756460749688,3.0
2022-04-29,-2.540563891293707,-3.0,-2.4460137353885085,2.310293623983205
2022-05-04,-2.670793234713652,-3.0,-2.4244680123685876,1.9970370102652333
2022-05-05,-2.6327408868087203,-3.0,-2.1325260110622657,1.8009235470941103
2022-05-06,-3.0,-3.0,-2.1170835081622235,1.3471731819586752
2022-05-09,-3.0,-3.0,-2.366537143595625,2.0604751563443315
2022-05-10,-3.0,-3.0,-2.0277962596682086,3.0
2022-05-11,-3.0,-3.0,-1.071052379724101,3.0
2022-05-12,-3.0,-3.0,-1.8690448977336616,2.5680017195877984
2022-05-13,-3.0,-3.0,-2.252951931902675,3.0
2022-05-16,-3.0,-3.0,-2.132314873624739,3.0
2022-05-17,-3.0,-3.0,-1.965577729754436,3.0
2022-05-18,-2.9894524170644154,-3.0,-1.2966586440623982,3.0
2022-05-19,-2.784886637434575,-3.0,-1.476842877844614,3.0
2022-05-20,-2.5716219269266642,-3.0,-1.1866837361738736,2.421739480210739
2022-05-23,-2.706538576025729,-3.0,-0.5445423187361312,1.794165180071969
2022-05-24,-2.423339593680624,-3.0,-0.7063922107448118,1.7533840725570597
2022-05-25,-1.720443598381153,-2.8685323467052233,0.02310764948526865,1.3439113470513417
2022-05-26,-1.5898473139441722,-2.8115812026100455,0.5609753262147048,1.5532408386793766
2022-05-27,-1.349348398486399,-2.708166255204972,1.1088837301630563,1.0662387594834943
2022-05-30,-1.1646158143077225,-2.561005848196673,1.1945582934830825,0.7948695092933135
2022-05-31,-1.1459812852733666,-2.5675711983132623,0.9267895233007256,0.5185318761856297
2022-06-01,-1.0527831988929814,-2.428662397064813,0.9780042613734392,0.21665342738879692
2022-06-02,-1.1585001168726459,-2.4387269145043486,1.141162041452355,-0.05530574702467432
2022-06-03,-1.117958803689436,-2.400509997673287,1.240131683951806,-0.021415244488418497
2022-06-06,-1.1638689709348171,-2.5032771643296114,1.400917163831138,-0.27693249096128564
2022-06-07,-1.0938666749579737,-2.232311200074095,1.3631903888998544,-0.3239342569389462
2022-06-08,-0.6798428842294735,-2.1093894369844515,1.376796740642859,-0.5391088250722418
2022-06-09,-0.5497096014413974,-2.081822327047764,1.4624742530657386,-0.29705054233053485
2022-06-10,-0.9726046816936134,-2.1902399275625797,1.4302643186394002,-0.42998134673255123
2022-06-13,-1.7701039211301095,-2.3381593211239022,0.7854269741092342,0.41726905344283227
2022-06-14,-1.731842492727802,-2.3035946569811263,0.5838450734856323,2.290181594300687
2022-06-15,-2.0161049074723376,-2.400097288680856,-0.43602940191531914,1.6907602129564965
2022-06-16,-1.7275252195208703,-2.1477761562231885,-0.36813131660934867,1.8923468629574203
2022-06-17,-2.009658873801951,-2.161890209842267,-0.8557678891110445,1.4998492771787875
2022-06-20,-2.5005114996383764,-2.2175543838674767,-1.5263430938167184,1.7389527909610323
2022-06-21,-2.6223689595470607,-2.270595807996101,-1.3379721568930982,2.5215052047170667
2022-06-22,-2.3983783463502557,-2.3210693474318314,-1.724620196966751,2.309419925276035
2022-06-23,-1.8913750201564787,-2.1225835430066757,-1.6333786034579598,1.7273520573765304
2022-06-24,-1.7966931404849042,-2.135894721313107,-1.5940175920590853,1.6216749550667313
2022-06-27,-1.4236498030475433,-2.067109792985958,-1.1091875286804087,1.0652751228418185
2022-06-28,-1.1933820947215574,-2.0408632953402037,-0.7024763504052007,0.9418081034112579
2022-06-29,-1.1288661340366557,-2.0553541461971347,-0.4848660694084185,0.6835503593299975
2022-06-30,-1.4395743130375307,-2.0294504417891837,-1.0534439664366448,0.2922749004355893
2022-07-01,-1.2856843693469395,-2.0042121255033285,-0.18106338732858865,0.7862663346022715
2022-07-04,-1.2454790013228716,-2.0612104371307383,0.2756313679490378,0.46339133716269115
2022-07-05,-1.480085886108887,-2.2769743226799353,0.21017536003797635,0.151337889836459
2022-07-06,-1.7816892676359752,-2.284041220996686,0.0007914304716951448,0.5058226386396104
2022-07-07,-1.548737704234879,-2.211529541893125,-0.11669574215735472,1.0053649390296813
2022-07-08,-1.2479248329942445,-2.220005698568409,0.023146869382961677,0.7170943549120783
2022-07-11,-1.3684602501139094,-2.305018251477375,-0.08322268238473238,0.5815520458232558
2022-07-12,-0.9210456559528526,-2.0796467643078604,0.07071026698270731,0.5909715086126099
2022-07-13,-0.8894525993408932,-2.05369587091791,0.3276948076111086,0.6718748963738513
2022-07-14,-0.7186213798814785,-2.0297093628388967,0.20378567360632474,0.3093354218915023
2022-07-15,-0.6780374710048949,-2.005753969442314,-0.013223229123391368,0.12408404110833049
2022-07-18,-0.6278472783484812,-1.9448299185711657,-0.27202606897991527,-0.17663794125866553
2022-07-19,-0.5702186802830941,-1.9224856775345327,0.08065832780600968,-0.4164076459226202
2022-07-20,-0.303211831034984,-1.6794603749709731,0.7310294917765293,-0.6092857343173939
2022-07-21,-0.3153835191536627,-1.664511824168717,0.7927434774398637,-0.5138476272126423
2022-07-22,-0.37070422754311155,-1.7218619784723934,0.5831617597560128,-0.6531392035006577
2022-07-25,-0.4725823097349126,-1.7415245957053036,0.6044837850594336,-0.6778317170627878
2022-07-26,-0.5524232158536511,-1.7958591902486898,0.13012268557901263,-0.5898497054446453
2022-07-27,-0.3916166421006032,-1.6695328382227062,0.9126898852472812,-0.5504703722553264
2022-07-28,-0.15705966326770726,-1.5462313966089056,1.1813444790804242,-0.5931931369567601
2022-07-29,-0.2044201973437168,-1.5323014498692593,1.1448646870583599,-0.5308475974405387
2022-08-01,0.13888607838381892,-1.4479134766822543,1.5319261271048148,-0.6010778533024732
2022-08-02,0.22794252310939084,-1.4358535068875846,1.6124749168328127,-0.38800676586361366
2022-08-03,0.37571982209978394,-1.3183967384560833,1.625831821384825,-0.5142856913462266
2022-08-04,0.33514747062845246,-1.2379365705932075,1.6872520033004212,-0.5493350216576519
2022-08-05,0.3908651375233619,-1.263725870637438,1.7334123383138063,-0.6777333130660423
2022-08-08,0.44425936596226445,-1.2190146254898715,1.792362504990486,-0.7896774000946525
2022-08-09,0.4646046664155765,-1.1398414829718784,1.7835273138077499,-0.885291234197719
2022-08-10,0.45019527019893363,-1.0965621105393875,1.776676466020686,-1.001157184617108
2022-08-11,0.2709050848680504,-1.22751997366511,1.5591602845818386,-1.1179745393914367
2022-08-12,0.44587964643594874,-1.1136232188581578,1.7686661065549427,-0.8547184452744085
2022-08-15,0.5896936292574751,-0.9317694182851931,1.514133548111319,-0.8049487127638381
2022-08-16,0.6108786424007975,-0.9248236670297396,1.5513934863247856,-0.792530916535491
2022-08-17,0.544271373773478,-0.8486452102489767,0.8737910807024004,-0.9153815167423739
2022-08-18,0.4480010562898688,-0.9115747408587069,0.7583729816880335,-0.9547839047938029
2022-08-19,0.33546903732451727,-0.9394641295675052,0.48118646760605766,-0.9178389037609996
2022-08-22,0.19508020928070227,-1.0016145521807076,-0.2828148337880973,-0.8433701319125863
2022-08-23,0.40869227907683636,-0.8217011774259846,-0.19612356129491684,-0.7084138846823078
2022-08-24,0.4624821415891551,-0.6777838221805159,-0.15112904478257982,-0.6420151137465658
2022-08-25,0.5727560581309322,-0.6387142855001666,0.5003807494578338,-0.7546889298107057
2022-08-26,0.4309324277530668,-0.5654929773732168,-0.0734105926596387,-0.7800438192285165
2022-08-29,0.22426388500741054,-0.7339369964756621,-0.4274926528521357,-0.6814491843083917
2022-08-30,0.19894550722820797,-0.8668595465048439,-0.3589038817916082,-0.43536725848158164
2022-08-31,0.2653169417023431,-0.7921024487929922,-0.20884035870528447,-0.590677314446163
2022-09-05,0.27224834564751843,-0.8205246902674737,-0.181801758811296,-0.7040157542472183
2022-09-06,0.2668211812956877,-0.7799475183501761,-0.2770534939502785,-0.8624822407052384
2022-09-07,-0.2728034893201864,-1.0823143325104536,-0.966895196532527,-0.9877986968642818
2022-09-08,-0.3984088190705419,-1.176173673964059,-1.1756573260323604,0.4826175017148729
2022-09-09,-0.1352407214141743,-1.0644877878704733,-1.233330579802666,0.42764407485807626
2022-09-12,-0.13567049170632653,-1.0562998235225767,-1.249917332445049,0.34734012914483364
2022-09-13,-0.09123516123953666,-0.9460007970501426,-1.0792409963290068,0.055007154092391264
2022-09-14,-0.07150987346562124,-0.9727511218752752,-1.0573788798940658,-0.20119870056423678
2022-09-15,-0.05082465690293,-0.9992281853286343,-0.9960839208989898,-0.44209787046185606
2022-09-16,-0.30640329412473727,-0.9237939207832803,-1.441905912045374,-0.6426941385839383
2022-09-19,-0.8035293531750994,-1.1201950953460473,-1.7457394111553763,-0.21500963105553755
2022-09-20,-0.5578600512020113,-1.1113183272180467,-1.5971977838887195,0.8510761728479909
2022-09-21,-0.6348722149407643,-1.136239560541004,-1.4134433068655337,0.6576241795334383
2022-09-22,-0.4473529669409696,-1.093527249379216,-1.2854018192736893,0.4972378092730295
2022-09-23,-0.5464839125440829,-1.0513242446344586,-1.3536283300385523,0.302273442562642
2022-09-26,-1.0574128418013997,-1.4120130609061998,-1.9472017788861762,0.23687783799259937
2022-09-27,-1.0886338859427576,-1.3995018121900733,-1.924753558657908,1.2496546084193423
2022-09-28,-1.3154952349037508,-1.5200703067479557,-1.9282400804990179,0.9367962513973694
2022-09-29,-1.5822108598301918,-1.604960043773234,-2.0312520084640253,1.116784703940201
2022-09-30,-1.4431452788551034,-1.4576453555289333,-1.995747395523467,1.3942972184689812
2022-10-03,-2.1027373619834764,-1.7468703561066659,-1.9863434330797305,0.943250869890438
2022-10-04,-2.207871834100151,-1.696848444434537,-1.966140044019841,2.4725490194235262
2022-10-05,-1.6742337813272845,-1.553546163314819,-1.8453105209785012,2.21201315340858
2022-10-06,-2.091482075340202,-1.664152431045394,-1.9318864504648494,2.0620479735999764
2022-10-07,-2.489182320435855,-1.6785444498258633,-1.9108218303561675,2.5806982482261573
2022-10-10,-2.2169441301886605,-1.5994197922300886,-1.890491288643679,2.713227895828075
2022-10-11,-2.416458442409195,-1.6457239291643064,-1.8708110422767514,2.516098162122167
2022-10-12,-2.1433728336786486,-1.567739656366424,-1.8507437032570448,2.6209135768428946
2022-10-13,-1.909832796820724,-1.522064430334995,-1.742386840018073,2.5762200072984616
2022-10-14,-1.615040027758022,-1.385207574352741,-1.622542268795371,2.09078982833407
2022-10-17,-1.5277261630712775,-1.3118077036430673,-0.6519097106766433,1.6771230953826763
2022-10-18,-1.351311233409126,-1.270106507608987,-0.3371493811306364,1.112708294639702
2022-10-19,-1.3326965578373837,-1.2595310780774909,-0.6419482814351509,0.7589372355374903
2022-10-20,-1.406163902255728,-1.3406288966226243,-0.0718571049086718,0.4705732574614476
2022-10-21,-1.923850851329142,-1.4508336146245733,-0.48352870372861506,0.43153957340783833
2022-10-24,-2.225973784709914,-1.4984825854503967,-0.7093632671032398,1.6984937141615157
2022-10-25,-2.1953790736759236,-1.3942104591502167,0.19644797954191429,2.4417616363782644
2022-10-26,-2.1660860888127935,-1.3820923047317542,-0.655565523291566,1.7438885539345765
2022-10-27,-1.6810184781519297,-1.2796973456209007,0.29994726785487746,1.5043940762206405
2022-10-28,-1.5926373137546181,-1.3293878386183497,0.30164905039177903,1.6087119808124009
2022-10-31,-1.5946005927824989,-1.2881267542887902,0.1990548855180865,1.0462930835535287
2022-11-01,-1.461398126510427,-1.3076749839161346,0.41072944879726353,0.7718087813636748
2022-11-02,-1.4709589590853942,-1.2969434311376624,-0.13304819882110386,0.4088561388858568
2022-11-03,-1.4535454308012272,-1.3164342420354462,0.03351651054060777,0.24919272952468224
2022-11-04,-1.8019067626747463,-1.3661050890018827,0.08493097561913017,0.055172954810971064
2022-11-07,-2.0349847945120367,-1.4450505274132444,-0.18046647940594182,0.9315357997632769
2022-11-08,-2.012250325531693,-1.4331659845783613,-0.17559679010577867,1.8421262003104928
2022-11-09,-1.9910848551451457,-1.4213638239799353,-0.0760692605871524,1.2349791702622428
2022-11-10,-1.9718299404232447,-1.4099577370600036,-1.190946508016741,0.7805698042015601
2022-11-11,-1.952855271366986,-1.398619656532581,-0.9468472551127314,2.1357912934816365
2022-11-14,-1.93510759698548,-1.3874547076161505,-1.0457438665098087,1.7766305796107287
2022-11-15,-1.9177848068027943,-1.3765679310711472,-1.6725801105382172,2.137774062161898
2022-11-16,-1.9017115085935568,-1.3658461966300641,-1.2825914673285688,2.251545982220601
2022-11-17,-1.886162606606628,-1.2953831149261887,-0.9191432956097686,2.2209730479227723
2022-11-18,-1.8694748365349554,-1.3154743886935816,-0.426471152816234,2.191773566009327
2022-11-21,-1.7955757420327219,-1.3355195728263562,0.07805506014927338,1.7349347198974423
2022-11-22,-1.715991498437935,-1.3253031186324669,0.20051744532818006,1.2146581079362273
2022-11-23,-1.813163606144441,-1.3152345991078405,0.023774291975621746,0.7398589625153664
2022-11-24,-1.6979141014523254,-1.3052049248617086,0.6800648003298697,0.764706005051579
2022-11-25,-1.2526000427376114,-1.2954229969245938,0.8802914939527371,0.3505715566662232
2022-11-28,-0.6867468367399152,-1.1048353526482164,1.162588680369497,0.4670892141703579
2022-11-29,-0.31301458363719314,-1.0967008104163345,1.3939270589412314,0.7349134266726902
2022-11-30,0.06284519272869973,-0.9977128139024651,1.4202227574010489,0.6852721800486765
2022-12-01,0.07474443238783632,-1.051139932631437,1.47852668994064,0.6494740927420706
2022-12-02,0.5959258801807882,-0.8297729787228584,1.6286054184522596,0.27597932894277244
2022-12-05,0.8167492741512887,-0.7924836228662122,1.6482644026683386,0.5003036190035656
2022-12-06,0.30094518911032836,-0.9089760015789374,1.8492464374949569,0.3297796687557614
2022-12-07,0.062423469985204205,-0.871208457255781,1.8648125616098168,1.0980491593644204
2022-12-08,0.3851505579690649,-0.8641866686594748,1.8438877974584407,1.1079455943311864
2022-12-09,0.5158325604330951,-0.8883734418887846,1.8234150455923366,0.9277449185020785
2022-12-12,0.35790358458506355,-0.8815275531696662,1.8034854426615055,0.578246663925216
2022-12-13,0.5988660575231752,-0.8124468483563851,1.7838347312134994,0.499535488179379
2022-12-14,0.656241463901486,-0.8059762138048967,1.7645561955449691,0.3424497280128657
2022-12-15,0.6842632098248352,-0.7995828348028159,1.7468203143698975,0.023174346147511123
2022-12-16,0.7271481193614642,-0.7932708198900413,1.6066111928827627,-0.27128025994593796
2022-12-19,0.49799565528147405,-0.8504282043355472,0.748638378506565,-0.5014304807047263
2022-12-20,0.14511431973104127,-0.844073143847302,0.392041687400856,-0.2499334681199445
2022-12-21,-0.009954129553700428,-0.8375971382445545,0.7436083551904625,0.2757692724128474
2022-12-22,0.09664106689075816,-0.8632303106985744,0.40241975029462046,0.2811088266305631
2022-12-23,0.05955940553375212,-0.8888243170923432,-0.1601456448202363,-0.008018431294268458
2022-12-26,-0.5292374964932335,-0.9791025183970753,-0.8517323999478826,-0.1856168974906527
2022-12-27,-0.10588014236043021,-0.9718860664227644,-0.7045950776717017,1.0791344269797278
2022-12-28,0.0824668456119113,-0.8348404848056726,-0.6453026265531568,0.9803859616075361
2022-12-29,0.009310613844122332,-0.8285596377355937,-0.6516175211774538,0.6425145465909192
2022-12-30,0.060009409108478455,-0.8551481034679957,-0.7569371170333582,0.4152301813111498
2023-01-03,0.6035544676294393,-0.696754186634338,-0.13477122358910215,0.031535984337735475
2023-01-04,0.6331148432071643,-0.6563726640656945,0.20702630732759505,0.27416086782891635
2023-01-05,0.7420180100547488,-0.546880100775573,0.7292762125004245,-0.08861085249525977
2023-01-06,0.5887607874477537,-0.5754980667372998,0.16471687685820055,-0.31145911502647944
2023-01-09,0.560905147610456,-0.6742015787467113,0.22388253823613294,-0.2757382182378604
2023-01-10,0.621549620500592,-0.5627620494554498,0.9615379816722834,-0.47159633631399106
2023-01-11,0.722110626171859,-0.5920242051650627,0.7805606803873731,-0.6923275921602233
2023-01-12,0.7528454373161959,-0.5503766096318202,0.6636220901641136,-0.8372015631712322
2023-01-13,0.7253554806288388,-0.5442730168118166,0.3771704019375782,-1.017658701476176
2023-01-16,0.7406488383245771,-0.6821826542286382,0.4428624583401097,-1.11123636879634
2023-01-17,1.1028867922314498,-0.4587548127556328,0.9028260398503984,-1.262373357462849
2023-01-18,1.2978597130562282,-0.3795106500693413,0.5485830828267209,-0.9883059206072194
2023-01-19,1.366742760681769,-0.33697837158365174,0.7353614446619098,-0.9499387884025868
2023-01-27,1.4889156956891112,-0.0736965673985545,1.3585622499840315,-1.0307608686019285
2023-01-30,1.3986561609706112,-0.10408146721245445,1.2463560898945747,-1.0366307422516774
2023-01-31,1.5327026540935567,0.08870103322932546,1.2918601127338705,-1.088489135111643
2023-02-01,0.9458422639285762,-0.391359246798405,0.396690272715912,-1.0693932293872095
2023-02-02,0.8080077138236479,-0.3859132337539988,-0.22744727355100847,0.1352971779917744
2023-02-03,0.804398261892312,-0.30506525668883744,0.11901773289519564,0.02972298265748902
2023-02-06,0.9106913246836206,-0.2239131721063167,0.45361793947269535,-0.2800093078508093
2023-02-07,0.5863198162449723,-0.40811909280152237,-0.28688162817539775,-0.44772892697602645
2023-02-08,0.6408221519205778,-0.2880002288205333,-0.33459965990548285,-0.05027896035520475
2023-02-09,0.5979204507671672,-0.35823841775092286,-0.4577522951977145,-0.3199173284923576
2023-02-10,0.4139656404839942,-0.4288932121459536,-0.8492761449829536,-0.48737754301553976
2023-02-13,0.0589434549124181,-0.4613536085223269,-0.9220532433860075,-0.3466466744669778
2023-02-14,0.08872585875715705,-0.45504475759160795,-1.2186036513473353,0.18299306885361102
2023-02-15,0.3265853728808741,-0.40921618482521144,-0.9737330026972616,-0.15489531864584785
2023-02-16,0.545199725647212,-0.08443429048994254,-0.9661146338863829,-0.2380962489360797
2023-02-17,0.5606412226276379,-0.15705885593906363,-0.9809628647552473,-0.3189346575693237
2023-02-20,1.034204649331323,0.053744326423968626,-0.5241991692222661,-0.583338160927922
2023-02-21,0.9432781211379773,-0.01850759091704167,-0.6091230719249446,-0.2978095086597223
2023-02-22,0.4659646646400123,-0.3822224445172874,-0.963591523478174,-0.41803098468665584
2023-02-23,0.48752743007941496,-0.3754047638573728,-0.6859681623669953,0.3525684209944158
2023-02-24,0.24591334124636038,-0.4956468593304277,-0.9615855273383611,-0.02981558309868333
2023-02-27,-0.09510526867905295,-0.6609277801889446,-1.1339107085989617,0.15377095237675595
2023-02-28,-0.025684611210519667,-0.6122459403085307,-0.8887202936897056,0.5519710811627169
2023-03-01,0.2964223939351172,-0.3884216814692067,-0.6221815227641828,0.15058607482175668
2023-03-02,0.2896961462712595,-0.38166420410325635,-0.9326804903269088,0.09166245279936876
2023-03-03,0.09862336917838936,-0.46431102617207404,-0.9929822769729636,-0.19058781321507987
2023-03-06,0.23832057849767213,-0.5033476738339413,-1.0192992667747836,-0.06615217019680113
2023-03-07,0.34515597011508153,-0.3599522681003954,-1.1571647465032555,-0.28761396735244393
2023-03-08,0.5532487015550782,-0.25970800267015004,-0.3496301790427777,-0.5036890912215477
2023-03-09,0.6759642122938743,-0.25164118303511906,-0.3462755292604115,-0.574364551972709
2023-03-10,0.5876127843383367,-0.19558613376844688,-0.19720414105204886,-0.7194519855372111
2023-03-13,0.5204711289729622,-0.13828065694187874,0.15361668329390635,-0.7507723901436746
2023-03-14,0.23929059246714787,-0.4250550878049595,-0.13965316225440413,-0.8098921816249832
2023-03-15,0.6902027281382235,-0.017835639482308124,0.3799308373346828,-0.39298501635771194
2023-03-16,0.4622760984068359,-0.21107745610034265,-0.2773585802139168,-0.20736804295110414
2023-03-17,0.5284476492621731,-0.09999413375325128,0.11759968550785327,-0.05884415936480386
2023-03-20,0.23109977358346637,-0.45515903187348833,-0.24427650016093622,-0.3499694316376299
2023-03-21,0.3862714704873132,-0.2903833197382997,-0.18632779946356007,-0.0003898839158206869
2023-03-22,0.41000368167892975,-0.28238291537701327,-0.4682205486520979,-0.22252973030952172
2023-03-23,0.5139640756117929,-0.16393809459549413,-0.47717355933609973,-0.5234411817665106
2023-03-24,0.6006411522123855,-0.26628258887757716,0.12404709534961147,-0.7097502832022168
2023-03-27,0.7119154943556615,-0.026760623658855252,0.8364827546726649,-0.8820023776501572
2023-03-28,0.722162288124376,-0.07227798407486248,1.1369089883287504,-0.9998700124325853
2023-03-29,0.7352951504632729,-0.059404778209562845,0.3928424991731622,-1.1746708290522787
2023-03-30,0.7449507231592906,0.0778028110382239,0.6193466499224586,-1.3288660513223423
2023-03-31,0.8218158003971571,0.22193671372726118,0.7676278523220458,-1.4547433798418463
2023-04-03,1.145204632608076,0.39676608535363583,1.3177669573204371,-1.5167015966614101
2023-04-04,1.2574046649302877,0.6148842751865266,1.4594271621315524,-1.2741361240506033
2023-04-05,1.3539930835760732,0.846550645767697,1.3171822042633332,-1.3062293377285177
2023-04-06,1.1601579397049966,0.6170842851443418,1.2169677653123163,-1.3457084170789597
2023-04-07,1.191437980494416,0.7275795623550979,1.1288818181755984,-1.1312436232990672
2023-04-10,1.1670044344500972,0.7753123277679984,1.3772475898717127,-1.2702729676285336
2023-04-11,1.2880644085111208,0.8245882532409283,1.4090183112165975,-1.3800144413054456
2023-04-12,1.286131598056303,1.0345529924120331,1.3255001613596502,-1.3793972473999692
2023-04-13,1.1591947595472674,0.992896136636229,1.2005183575710543,-1.490769702000016
2023-04-14,0.8702428641193526,0.44374674914708845,0.8899924907943578,-1.3877573997590946
2023-04-17,0.9238764942618334,0.5701283673215558,0.48765609355717965,-0.9176314750293317
2023-04-18,1.026022858544479,0.7961157766197157,0.2849965318644246,-1.0603601064914459
2023-04-19,0.878434087677657,0.15159422505539338,0.0713776529263788,-1.1270270381941188
2023-04-20,0.8678515038694872,0.26402005287431163,0.19280377050539954,-1.013951704011502
2023-04-21,0.7787591346102111,0.2741981740185412,-0.1915041398525518,-1.1574582320878841
2023-04-24,0.7581645019162605,0.18353215886537677,-0.3667075701164297,-1.137183146117119
2023-04-25,0.6466184207055614,-0.008047955812902345,-0.6691014808533243,-1.2357564046052194
2023-04-26,0.776521761549297,0.3984958298480751,-0.707980028555767,-1.1472654232631168
2023-04-27,0.8276190770780151,0.7076489086786323,-0.5115508841658964,-1.1685274430166146
2023-04-28,0.9423121858171318,1.0197886124118987,-0.09899116495711403,-1.2612028121719516
2023-05-04,0.8714975412533152,1.2288694244511411,-0.5171717032058266,-1.2689138775882909
2023-05-05,0.8500649187139026,1.0328116165444439,-0.6766901209212935,-1.2680587411522892
2023-05-08,0.9802046255124489,1.3395112105477085,-0.47673651809619977,-1.3469834596089403
2023-05-09,0.9772860758330513,1.3424013876539127,-0.24126152488291433,-1.3175306532937165
2023-05-10,1.1299516065765998,1.8410825248568317,0.3373788300903013,-1.4212769218962045
2023-05-11,1.1513080946101872,1.72131504988045,0.4863194137097993,-1.3447762879660812
2023-05-12,1.238786673134578,1.9027930211715485,1.0135840622034444,-1.4159156344160162
2023-05-15,1.071858426438135,1.7854866989479619,0.9392948616216729,-1.4032737751502757
2023-05-16,1.0810315881125365,1.5696608600651347,0.8431984387218998,-1.2164889830652916
2023-05-17,0.9148651738871841,1.1607291737881784,0.7251801802409993,-1.3178254251491612
2023-05-18,0.912773105035562,1.250705583480702,0.7975750502339121,-1.129630204674287
2023-05-19,0.9353596017548303,1.3391154847693232,0.9824743840248127,-1.2617662641654948
2023-05-22,1.0862092817732656,2.299083563088129,1.0084386442937754,-1.3504853232822474
2023-05-23,1.0371037225731206,2.0748075548862475,0.8541466780199473,-1.288235792333788
2023-05-24,0.9407967776808588,1.5712469565922003,0.29352071163999327,-1.3331162555802376
2023-05-25,0.933057857365592,1.4606146437821148,-0.04891912775874613,-1.27828012818468
2023-05-26,0.974086454324623,1.5433226291676536,0.18707919934581102,-1.3804187264901464
2023-05-29,1.1809970038693016,2.652436939681019,0.24340627219897276,-1.4187973286393287
2023-05-30,1.2293278597489066,2.33310783851741,0.5621039972200463,-1.265089944037502
2023-05-31,1.2533365077761385,2.840362948572284,0.6671432713758482,-1.2976120641590758
2023-06-01,1.3366903332646758,2.8755478302140713,1.0442207275587347,-1.3457958487369597
2023-06-02,1.4058059761927926,3.0,1.0997602027701283,-1.3237621502481234
2023-06-05,1.3830614532646068,3.0,1.1099592669131035,-1.314439476006782
2023-06-06,1.5124814281809875,3.0,1.3241451676289895,-1.3937014623284893
2023-06-07,1.5817019425914063,3.0,1.7039370039088753,-1.3027017294999723
2023-06-08,1.3110695136998198,3.0,1.4867781956702382,-1.2829463363509017
2023-06-09,1.4166225472826046,3.0,1.305584082817472,-0.9276094813662814
2023-06-12,1.4828415271739452,3.0,1.2721920778842106,-0.9379929959015318
2023-06-13,1.4568010280857917,3.0,1.2961271321059806,-0.9805263476216067
2023-06-14,1.2558113640437647,3.0,1.2409669145518711,-1.1037528535508974
2023-06-15,1.2217501624644653,3.0,1.079807950670662,-0.9151585967106358
2023-06-16,1.125694593748276,2.911447691799292,0.98645181101232,-1.045096849884958
2023-06-19,1.0163261541474955,2.580969834291485,0.5861255995139799,-1.043122592427292
2023-06-20,1.2113123496999743,2.938547018372547,0.37974078892845553,-1.006224175040909
2023-06-21,1.3198959944332083,2.943445972971156,0.6123739256037648,-0.9024874728212682
2023-06-22,1.4016668433407407,3.0,0.7643756908174807,-0.9004468453023463
2023-06-23,1.3569113120457414,3.0,0.429872237786344,-0.9236563292721969
2023-06-26,1.326399637371663,3.0,0.2987439399152458,-1.0430197071749543
2023-06-27,1.3233373171564151,2.990954690400983,0.20142253026384627,-1.1534310168717161
2023-06-28,1.297747404870516,2.9270575913951817,0.21853602628701946,-1.2191819898439782
2023-06-29,0.9853855722875337,2.3361348213710005,-0.16592018478572756,-1.2955218514484421
2023-06-30,0.953125517148882,2.301596990311635,-0.32940358080723064,-0.7537187698992655
2023-07-03,1.0058154258320373,2.647710872105037,-0.2973280425391072,-0.8842540798290305
2023-07-04,1.1401617534249864,2.6006667226820523,-0.21600101160574628,-0.9463510260766502
2023-07-05,1.1326724043804917,2.6734550369320087,-0.25241494891974553,-0.9062777090792729
2023-07-06,0.9796501344665883,2.450524605645254,-0.22637524068500564,-1.01304698765901
2023-07-07,1.1017640740239967,2.411949571668595,0.06603405393305219,-0.8929489706196931
2023-07-10,1.2339342932910673,2.660024632264047,0.28373235566896315,-0.8723301995420325
2023-07-11,1.2297081984629037,2.724973664103313,0.2697994155941446,-0.8366500313754374
2023-07-12,1.2002581949025481,2.7855386779424043,0.05042024521104722,-0.9399751627235278
2023-07-13,1.3526254606045802,3.0,0.9570182466400236,-1.0513176475423727
2023-07-14,1.378348167013959,2.9383663823491117,1.2398013485561774,-0.9546230984619232
2023-07-17,1.3852642753883007,2.930075219598585,1.3516757180227665,-0.9992291147722073
2023-07-18,1.3348893182742596,2.767098629791492,0.8767828421218486,-1.0538331834608208
2023-07-19,1.2356640083980692,2.664165076616733,0.4528427200858616,-1.1407524845677668
2023-07-20,1.2662080434304928,2.7674879876389697,1.0117882213800597,-1.1242595910242288
2023-07-21,1.4234140533548836,2.9126528028086325,0.9582194859720566,-1.1425937422522408
2023-07-24,1.4868558742684985,2.9012066096590146,1.1458971883650473,-1.0150896496578914
2023-07-25,1.4029058401027983,2.7942852086191765,0.7858555919399696,-1.0032630467983408
2023-07-26,1.4012566545718095,2.834448042740939,0.8078441189386524,-1.0506329307316404
2023-07-27,1.3700666982602097,2.824981340178509,0.6753269542489984,-1.100778900500747
2023-07-28,1.4381943491079867,2.7699796511230397,0.719957241128499,-1.171601009343167
2023-07-31,1.471503120724234,2.762270759530993,0.8627349655542556,-1.1282097497457841
2023-08-01,1.2551162717310163,2.7098954661576404,0.6024783420695153,-1.1243495122152465
2023-08-02,1.2835312204816216,2.616185542874893,0.8189716316098176,-0.8804245646911768
2023-08-03,1.1567577795043955,2.5704490973474807,0.5247106395457494,-0.9273537087260534
2023-08-04,1.2893186553349614,2.5693712528775605,0.5541954424935389,-0.8779452858957926
2023-08-07,1.3749157039798665,2.610083827621564,0.4155114708617637,-0.8172710305767059
2023-08-08,1.3046852176628365,2.606536860190441,0.5306119917297067,-0.8113561600004305
2023-08-09,1.1875184651818715,2.397048951858084,0.28223001976462314,-0.8927871419470732
2023-08-10,0.9533728878507709,2.319635597551838,-0.17518367796903755,-0.8681475979547933
2023-08-11,0.9918183618026227,2.3264512605851566,-0.38994421832425863,-0.5823697409161278
2023-08-14,1.1015829348793724,2.252760087434901,-0.396104850017424,-0.681140056837263
2023-08-15,1.032553284875054,2.1813762358623623,-0.2660788567091646,-0.6869186857201406
2023-08-16,1.0187516937887182,2.1523015055134502,-0.37202098184162563,-0.7643012575874105
2023-08-17,0.8613577855005521,2.1249482445792003,-0.4037161887860965,-0.88436801540476
2023-08-18,0.07044229502691146,1.5926157566226544,-1.2011164294328665,-0.7428432366089723
2023-08-21,0.02747934313557066,1.3842979438424428,-1.2662048161273933,1.6805381148397591
2023-08-22,0.15544626688249255,1.6071711884298685,-1.292986476834117,1.2423164067737005
2023-08-23,0.0650709748541254,1.477115065353267,-1.4061762578224704,0.8881837852646519
2023-08-24,0.3674823530240084,1.7719414566701222,-1.1731597298823908,0.6733689860418992
2023-08-25,0.3867734676585138,1.6024209025587752,-1.2765830094239272,0.6125563528896858
2023-08-28,0.6021986489516316,1.7791228830024182,-1.0951509457344568,0.26966045570045327
2023-08-29,0.6514538169129493,1.6875778803107007,-1.0251044414576804,0.19161449576800288
2023-08-30,0.8029694713830912,1.7486245081917846,-0.7602104046897558,-0.0425069689450507
2023-08-31,0.9578472027900039,1.806637497250471,-0.5602617976739106,-0.12762251605979194
2023-09-05,1.0355771705155496,1.9356565555632887,0.847233352636107,-0.18656255901559035
2023-09-06,1.1484216256415805,1.91439454986022,1.0631641342578353,-0.3112489233512354
2023-09-07,1.130502095873771,1.8934610705271469,1.0564871570764436,-0.3753464831503474
2023-09-08,1.1654331680254983,1.8731881211617325,1.183525214639258,-0.559939666846734
2023-09-11,0.8501828910860914,1.7446508040996844,0.4542108732733102,-0.6635854195312476
2023-09-12,1.094601057296636,1.833387015140983,1.4613779392713049,-0.23313074844070386
2023-09-13,0.9912646663524846,1.7424899640580285,1.2668623894585422,-0.1625091823853198
2023-09-14,0.7497762814601361,1.6185980111663778,1.0502506001885512,-0.26778236947683376
2023-09-15,0.7417333232673999,1.5330211811849004,0.9568979595600601,-0.06513212266833872
2023-09-18,0.6129191508950486,1.414016072778162,0.559719425551144,-0.3036966416776754
2023-09-19,0.6443960522637887,1.4370940115742847,0.6521805219727129,-0.3011711121731138
2023-09-20,0.8936628523060373,1.4250199526776228,0.6094001216771178,-0.4693991249995071
2023-09-21,0.7162334109353566,1.412608431331053,0.2835505592085091,-0.35871608132261973
2023-09-22,0.2664794344364937,1.3657878056055355,-0.40221127091136094,-0.2653529571672309
2023-09-25,-0.3782070956307467,0.9737248711795815,-1.0994068423803989,0.5086711278964933
2023-09-26,-0.5623938664798932,0.7588290079336575,-1.4814624782168506,1.701019170221383
2023-09-27,-0.22490606739817356,1.0997833646976012,-1.5770150813159336,1.5603720809835886
2023-09-28,-0.24553221555694396,1.0220524336546595,-1.5201973576668477,1.3620811009100804
2023-09-29,-0.20844529100304643,1.1174831049515168,-1.6602939751109351,0.9532044098710539
2023-10-02,-0.12899930543308677,1.0677621691872048,-1.5334740674268201,0.553705405292019
2023-10-03,-0.6389418383358918,0.5564584512881272,-1.8279192385374923,0.2724641634506693
2023-10-04,-0.4108608891965615,0.6857303724100509,-1.8435397238947637,1.1997214906330107
2023-10-05,-0.5531667706683415,0.477446362544711,-1.871167621067057,0.9516351427761345
2023-10-06,-0.320732376130775,0.5395394551119862,-1.7067697262018822,0.8657235248875421
2023-10-09,-0.16227082386313707,0.5679262149103388,-0.7775578581902974,0.6997304510192003
2023-10-10,-0.13976728615961664,0.6977252237705769,-0.3332359816226646,0.4814204429379674
2023-10-11,0.01729395325356526,0.8271939359274579,-1.0375911860808973,0.16386094962209008
2023-10-12,0.018664827951261297,0.7864544997648443,-0.5125504971313793,0.0458777288088942
2023-10-13,0.0854090318578918,0.8819139834138672,-0.15745338059330977,-0.20682319770177393
2023-10-16,-0.14785297453634108,0.7044608904342535,-0.11600729388520253,-0.3654708813295739
2023-10-17,-0.5884602790332467,0.45887507904462854,0.3253366999652487,-0.07476858332103263
2023-10-18,-0.8711722548944566,0.21356569006281315,-0.9250051479359765,0.7314621147390318
2023-10-19,-1.0619176645320139,-0.0659486097742907,-0.8863771141099998,1.0061754894057982
2023-10-20,-0.6530366276226638,0.27488186785652186,-0.5614358427477518,1.0451183302050804
2023-10-23,-0.8215380611175295,0.23590787011601108,-0.951454332292964,1.0252459161408303
2023-10-24,-0.6073929908117398,0.3694960425872665,-0.6763927644316594,0.982109057221574
2023-10-25,-0.6569143398583328,0.29482919339266156,-1.2309733340035431,0.7449207343143586
2023-10-26,-1.3630963301925736,-0.6149139500906988,-1.7653281293465661,0.5013136657782135
2023-10-27,-1.1989816418098902,-0.3748332594887118,-1.8988861636487597,1.990643774597399
2023-10-30,-1.5824376206124402,-0.7282244533794286,-2.0599633917523645,1.5201693692629508
2023-10-31,-1.9284134358375287,-1.009675485722993,-1.9848488158503008,1.8791654396821376
2023-11-01,-1.599150610961047,-0.6272000708759737,-1.665210953553378,2.145370398915717
2023-11-02,-0.9070242118648367,-0.20958944247537695,-0.8687868399760001,1.7886000192158618
2023-11-03,-0.834218376860993,-0.2493013129903626,-1.062065249210431,1.9330524417815487
2023-11-06,-0.6507252330836665,-0.11258183544600693,-0.6473450248314374,1.3612890160316822
2023-11-07,-0.7520854957252112,-0.1528616341121839,-0.8685186960778482,1.011576898495316
2023-11-08,-0.08743342387624485,0.4814781875217723,0.26685374728512223,0.7978575915724704
2023-11-09,-0.006569272860558762,0.4043410609321466,1.0584918044279137,1.0892616061156104
2023-11-10,-0.1114838514173827,0.29115038424375395,0.9271810871283335,0.7212361446822093
2023-11-13,-0.07614963222440059,0.24939890566289788,1.1919228582358044,0.5111245051448313
2023-11-14,0.051215379994637135,0.4962021321175667,1.3924023908111043,0.18826759001643995
2023-11-15,0.15531787449238568,0.5988654848219179,1.4300892500466607,0.01050759200792607
2023-11-16,0.27370162061872355,0.6291165219519455,1.4554428679801645,-0.1629849699975448
2023-11-17,-0.057487734203002815,0.4040483902743626,1.4478515327242585,-0.29652505927060635
2023-11-20,0.008213576283538465,0.39810080531572234,1.671543777677448,0.04102155956848129
2023-11-21,0.13888350651753023,0.3922481781959945,1.6710939790416526,-0.18001278551172054
2023-11-22,0.2653912513694749,0.4602857793053095,1.6152594073930844,-0.3119756073461201
2023-11-23,-0.3871592754313945,0.15688299469557107,1.4169766039329943,-0.43097122852043146
2023-11-24,-0.23095356114080548,0.26281138173763835,1.3929360753763143,0.5908368178503296
2023-11-27,-0.5203174511955487,0.031243880003752098,0.809250825628122,0.3398868021758337
2023-11-28,-0.39361107031652565,0.17588886910678556,0.9646083678951436,0.43200606226238836
2023-11-29,-0.15780930563659917,0.16957491026298951,0.547238195959401,0.17446818651413762
2023-11-30,-0.2811101523042356,0.12575330899337822,-0.3683998616087195,0.04224809553005219
2023-12-01,-0.10783708748482214,0.234884203101658,0.5306118293280874,-0.0778968916732132
2023-12-04,0.4471077435954156,0.38306058367252627,0.6561724295756636,-0.2288996202861873
2023-12-05,0.32138300384128965,0.377305529860207,-0.2869582434964012,-0.02455271432654273
2023-12-06,0.6332442146973475,0.6037688322957241,0.13797486507240692,-0.16359636952668472
2023-12-07,0.3779642473318762,0.6752755391937909,0.5147235520027194,-0.17505289850817068
2023-12-08,0.30216522713389815,0.5916035051391895,0.8194241260727732,-0.10881281706984597
2023-12-11,0.26332147068961614,0.5079547384626988,1.3350470871994011,-0.2941286903977509
2023-12-12,0.29605646954153386,0.46324470548138363,0.9913498976705997,-0.5000128097741868
2023-12-13,-0.10160579365693782,0.4184136977356708,0.47162340431533073,-0.6866522386950583
2023-12-14,-0.3003767873402845,0.21635127204233884,0.8948693348253275,-0.2500226349938311
2023-12-15,-0.373936416172981,0.21107849197279668,0.6490006885516079,-0.19836403129676736
2023-12-18,-0.5569532386270759,0.08711262473344358,-0.17202792172861292,-0.32838536793826273
2023-12-19,-0.3973233310064692,0.16125824991038964,-0.3450420899605757,-0.26263862968560453
2023-12-20,-0.2644011836001549,0.15593820334987848,-0.7766409148892026,-0.41114625015569645
2023-12-21,-0.18004684032088616,0.3102332945560235,-0.26880078654913864,-0.5546079727830928
2023-12-22,-0.1701822779655355,0.26442967103536263,-0.21528617866851688,-0.7090489759424163
2023-12-25,0.11489400205531176,0.37956212686582613,-0.3410076449505862,-0.8914398751053751
2023-12-26,0.16501817777226163,0.41414649337508674,-0.1968168605394279,-0.8097703735938653
2023-12-27,0.1359164408007265,0.4488038218006945,-0.14613814036109873,-0.9359672540092414
2023-12-28,0.20582753367548523,0.44269712345724915,-0.332041070102104,-1.0504548556980022
2023-12-29,0.2979319823944708,0.4775948755460924,-0.07635821500045045,-1.1248236117873915
2024-01-02,0.1450942259180807,0.5107545543378728,-0.37424480405518873,-1.1696096060819108
2024-01-03,0.3793410132713213,0.7176501675756671,-0.310541478682106,-1.0774175935957548
2024-01-04,0.3855344235155556,0.7541151672994658,-0.1534500880712709,-1.0029125074988172
2024-01-05,0.4067740128849882,0.7905149057600294,0.39667314466908177,-1.123916985494503
2024-01-08,0.47489772848141737,0.8268796914288247,1.0247330496865121,-1.2166930383199812
2024-01-09,0.37572885670770917,0.8201118763224464,0.9147148829098803,-1.2555040232580486
2024-01-10,0.21204985589577655,0.7702687749141383,0.1466980135931495,-1.2365342903670633
2024-01-11,0.2893006477751716,0.8070760631833919,1.0151222443016663,-1.1132140745901657
2024-01-12,-0.011965142712917603,0.7570457159063945,0.2523402767264288,-1.1615915530892544
2024-01-15,-0.2031448396022663,0.7070729381794852,-0.12125978168372904,-0.8037654696109698
2024-01-16,0.1067719033790555,0.7007775179314871,0.41738310923433203,-0.6746535324208679
2024-01-17,0.09209277608278557,0.7382875138633208,-0.09302870005948403,-0.6038651494609188
2024-01-18,0.18002415455762177,0.819862768751525,-0.03807560570075389,-0.7750025034302607
2024-01-19,0.23445003418077065,0.8131465545598386,-0.04823201749684105,-0.8701330939084676
2024-01-22,0.25368071312288065,0.7623156971424127,-0.2613471861550516,-0.9748487304594992
2024-01-23,0.15703151324813222,0.7558362937608556,-0.17743607207570156,-1.0905453899925575
2024-01-24,0.024747421862638275,0.6610671285002413,-0.10449564545436024,-1.0753522187697266
2024-01-25,-0.0010698548752924128,0.6995656945410638,-0.3698745868674786,-0.9998656724566172
2024-01-26,0.11333791792019378,0.649552262772663,-0.4456689963744458,-1.082334125484467
2024-01-29,0.12017663041038273,0.6434322599921269,-0.15786487197665539,-1.1143947099149523
2024-01-30,0.28994740165779137,0.7710602031793958,-0.3898647854721667,-1.2162293386764897
2024-01-31,-0.04096603007575886,0.6751989547991506,-0.6458558075422608,-1.1684942740770279
2024-02-01,0.19077222625539705,0.6690801450519949,-0.451932627563232,-0.7454741518106265
2024-02-02,0.1523038005887241,0.5729920256203909,-0.2489164824367657,-0.7197424363101141
2024-02-05,0.24507022259135666,0.657244613610974,0.02110032856955328,-0.8328174974134755
2024-02-06,0.2818634739909787,0.6510802721685514,0.15402204614849208,-0.8989851493707506
2024-02-07,0.4124504009307958,0.7356567990448551,0.47589590064602993,-0.9958505202699629
2024-02-15,0.5108261763762857,0.7748807554573075,1.0422429541404747,-1.0003193056578867
2024-02-16,0.5894229812172687,0.951149737031102,1.0487670414045598,-1.0240873892360218
2024-02-19,0.7540405933388029,1.0813313369363862,1.3950813251767267,-1.0561052757987484
2024-02-20,0.7255553984621813,1.072930212486897,1.1528092663623284,-1.01014707471434
2024-02-21,0.7059073355568926,1.0647463154974688,1.4850688834030021,-1.1164215828702073
2024-02-22,0.6291567477702206,0.9647118047415231,1.1726638954814836,-1.201662854947514
2024-02-23,0.09760740136190413,0.6352925170103239,0.4524329193826072,-1.21772908161686
2024-02-26,0.41719132440663154,0.7216377141751209,0.2950209792235376,-0.3711557312801931
2024-02-27,0.6621934502036283,0.8546010591559625,0.5384165091816392,-0.309144461906871
2024-02-28,0.721059259507982,0.9881010419959949,0.6431954772201116,-0.3097389514607462
2024-02-29,0.7337584707875346,0.935459986186204,0.4699570763117503,-0.44733324907527683
2024-03-01,0.9350660698608008,1.0239022405687062,0.6598358812865404,-0.5973972560787656
2024-03-04,0.9977367469122633,1.0644271369660043,0.4856241888075264,-0.5775864103250128
2024-03-05,1.0811533993338798,1.1050305743025326,0.620401322877233,-0.6626627045513405
2024-03-06,0.7296735091455174,1.0507698127548357,0.3452885207873682,-0.716552351155072
2024-03-07,0.8619991886242421,1.2364346161860462,0.36746750055021843,-0.4273921826900857
2024-03-08,0.42955434393508624,0.9882649170413503,0.44705789618193487,-0.48607429955391546
2024-03-11,0.17066622859397954,0.981640162840671,-0.2341424396626234,-0.08962175190749415
2024-03-12,0.29561940985557916,0.8777217942884389,-0.4103931876015519,-0.0033976820796179853
2024-03-13,0.8740855051917654,1.0181060908251547,0.23697481914287608,-0.1519036096163363
2024-03-14,0.7527739636344604,1.109320635040563,0.3356845677809347,0.10559975578276848
2024-03-15,0.7681488544113754,1.152742453390644,0.34619554836079663,-0.06260198896447842
2024-03-18,0.22284987290603453,0.897450906765733,-0.5648533034811112,-0.26256807663901993
2024-03-19,0.17353399243302017,0.8415185205728866,-0.8693379266818415,0.28964336982793115
2024-03-20,0.4786062854914124,0.8854951116114073,-0.30456883756138103,0.04222817349730832
2024-03-21,0.7732159556755532,0.9814715455270981,-0.16263095568995248,0.032726865008897356
2024-03-22,0.7799660707992597,0.9759204831211706,0.08073812684743391,0.027290836142954432
2024-03-25,0.40461305897212385,0.9704858029375469,-0.08359278778735911,-0.18982028779973154
2024-03-26,0.7104089982702565,1.1705608049250957,0.04279695834550396,0.05639877708647644
2024-03-27,0.7420293621378297,1.165054483920902,-0.32284723259892956,0.05058933773943807
2024-03-28,0.7934528061337337,1.1065182172660422,-0.2905361123656439,-0.1561640050314273
2024-03-29,0.5899639881276576,0.9958281102277899,-0.2716288215931757,-0.3159414760714642
2024-04-01,0.46050288768499675,0.9550606677813845,0.08662221765845614,-0.3074961510837885
2024-04-02,0.6163115189811738,0.9492146775214532,0.4016401426073954,-0.3884411962582017
2024-04-03,0.24076175529204547,0.785846210958121,-0.4700334250582318,-0.44487019726362115
2024-04-04,0.02739991969614165,0.6741855687918039,-1.0357697002038608,-0.1444261085013891
2024-04-05,-0.3501408161764367,0.6680234470599768,-1.1703696386133169,-0.10880218663391077
2024-04-08,-0.6300126299212225,0.5553076122741419,-0.9758539324466233,0.18954951165147216
2024-04-09,-0.29668777384265943,0.49561619071082064,-0.9395796156000937,0.3137655549670543
2024-04-10,-0.46590260194080724,0.5433799071754953,-1.501334026484194,0.2535056708202137
2024-04-11,-0.5204734104817902,0.42889967497300185,-1.6017865815307857,0.19956402517359745
2024-04-12,-0.1288551462449603,0.749486168815022,-1.489098618612733,0.007467098937460071
2024-04-15,-1.6289027187430547,-0.4618821604573684,-1.7722430526491109,0.04642464414610527
2024-04-16,-1.7662161959902738,-0.6896206988482515,-1.8522424938099817,2.970623707883479
2024-04-17,-2.187547427615631,-0.8117351187066694,-2.0394130022972856,2.4613646658319093
2024-04-19,-2.697896512710056,-1.4340833348136246,-2.3418513276504758,2.4767087799289533
2024-04-22,-2.11476646378949,-1.1635919235785375,-2.361439750769025,2.6879333303511133
2024-04-23,-2.3513481202708015,-1.2349568855457786,-2.3810326006153937,2.3176299986310473
2024-04-24,-1.5179056982769075,-0.9088472203470652,-2.332645924539699,2.13513193255363
2024-04-25,-1.5715147932065212,-1.0959329828057163,-2.224077505991773,2.1025731972275494
2024-04-26,-1.4765249243705751,-0.9964491513371497,-2.095533495662897,1.6507223769211525
2024-05-02,-1.1802969541926018,-0.7798419502080666,-2.014025573010784,1.1488778457888464
2024-05-03,-1.0884588120245076,-0.6758697731555438,-1.0517437957712468,0.8942969184116579
2024-05-06,-0.5277138263633199,-0.3881967804806007,-0.3680800505523386,0.5353082905486956
2024-05-07,-0.3526540473099751,-0.21646663850879577,0.5004373246285944,0.6121555897692783
2024-05-08,-0.3057040138249908,-0.22562695270726305,1.2039791545348082,0.38017642808507696
2024-05-09,-0.36308458924457615,-0.2356958202043493,0.6307492745969939,0.09597490332333371
2024-05-10,-0.3551787784399622,-0.3072622596928051,1.3589181116549311,-0.08156800581350694
2024-05-13,-0.4135099317291691,-0.31689848091970924,1.178025726664637,-0.31124178269745645
2024-05-14,-0.3309013258857364,-0.3247270372376463,1.2485140630857867,-0.42143098388905736
2024-05-15,-0.09016688184394826,-0.20562961961020484,1.3057145506167662,-0.5612741375954676
2024-05-16,0.12819860476394604,-0.02067834999395657,1.379053641719174,-0.5539393406295671
2024-05-17,0.33359768104711135,0.2302228216528513,1.6299977455227725,-0.5596960745329835
2024-05-20,0.4194660268407632,0.548321393426442,1.593803251655392,-0.5666363450059094
2024-05-21,0.4575447756677854,0.8046250077359053,1.681709259473032,-0.6600010419642856
2024-05-22,0.2816058522246018,0.4688478055794755,1.6695965529238082,-0.7706567282375244
2024-05-23,0.5873481213070542,0.729700748123872,1.6595233154449398,-0.7021717967657547
2024-05-24,-0.042230905703578576,0.25376255811933074,1.3888629957725775,-0.5992710457469709
2024-05-27,0.08405107797867166,0.3824536999571635,1.1560508376452654,0.2190549440113404
2024-05-28,0.4070588519773705,0.44393830686385455,1.2743285435965017,0.022822513762205343
2024-05-29,0.24451183684520916,0.6435167509578513,0.9512038628208288,0.0148654380973365
2024-05-30,0.1635489262610284,0.5686052833299342,0.7701188922849181,-0.05873551476230918
2024-05-31,0.10833606250412281,0.5626929582671084,0.27655108895362207,-0.21926933720532155
2024-06-03,0.4820926296527483,0.8352689628807636,0.804490272578705,-0.381772585314468
2024-06-04,0.45933360064576306,0.7587536936926624,0.6020588306278345,-0.28386107331086724
2024-06-05,0.38277204502332546,0.9615615083601697,0.5660963778199569,-0.49754244197065717
2024-06-06,0.31646014868022043,0.8842922784603925,0.08996357053192527,-0.6086680116069634
2024-06-07,0.33875902130176866,0.8077834274959242,0.7995279622459746,-0.7115871384838749
2024-06-10,0.38481760690057826,0.7322162688407668,1.016389419794008,-0.8425391261541976
2024-06-11,0.1937645371090728,0.7972685635771889,0.3011822704360971,-0.9367536527433529
2024-06-12,0.4133341402207881,0.8611560349966911,0.9418757511147658,-0.8121615950534933
2024-06-13,0.42222837828186,0.856013048458069,0.5120331102107759,-0.7748383029416064
2024-06-14,-0.20337107571984778,0.4345099843497641,0.12001330148838814,-0.9010165260285872
2024-06-17,-0.31336562344966673,0.362593447375447,-0.5030390883873347,0.0396395370760779
2024-06-18,-0.18044569838018976,0.4295696647194353,-0.6641779469678333,-0.06697622165482338
2024-06-19,-0.19655611754262245,0.1485654448966586,-0.4015489591744627,-0.2293653705891813
2024-06-20,-0.20950933082416875,0.14639860314593317,-0.3454094174269104,-0.42084239439187987
2024-06-21,-0.27820907492902414,0.14323875490125315,-0.7151051624211135,-0.5873574471248896
2024-06-24,-0.979069960097767,-0.48512505556344215,-1.2989164054194635,-0.6551935314452083
2024-06-25,-0.8046654119646516,-0.34472489820763674,-1.4150181258064811,0.46144933070626004
2024-06-26,-0.6909185856215465,-0.2737197998781607,-1.6547433881811673,0.2241372761496426
2024-06-27,-0.7333467878268426,-0.41119947235481036,-1.6633633806996175,-0.01688901017860199
2024-06-28,-1.0889452463714502,-0.6867543874784447,-1.8954255272393483,-0.17680265782001328
2024-07-01,-0.8676790983082585,-0.24130588961453178,-1.7208455197085666,0.1658196348293323
2024-07-02,-0.5738357101193376,-0.09798706127851377,-1.3265100355781152,0.004572988294825713
2024-07-03,-0.45464283350099044,0.1842358773146263,-1.530974835080268,-0.06809539285200643
2024-07-04,-0.4437990708281275,0.11073706479346909,-1.6568635992500578,-0.25575558764185446
2024-07-05,-0.4581345265012155,-0.03175867040360612,-1.2333270363992757,-0.4656450876454394
2024-07-08,-0.3803823027049218,-0.03175867040360612,0.036891920808064596,-0.6116752453754702
2024-07-09,-0.09002457225980677,0.1816946616188077,0.34902223521553744,-0.7472885588355528
2024-07-10,-0.253491769790189,0.18055586915646202,-0.04219900668468005,-0.6907610365912895
2024-07-11,-0.24759256378079886,0.10846578013600121,-0.2801878852914317,-0.6171084485201892
2024-07-12,-0.31796198969003575,0.038076918510829595,0.6243243864306137,-0.7757600567766526
2024-07-15,-0.27484060241092184,-0.031486803943292056,0.7098552522712069,-0.8086411384529304
2024-07-16,-0.32736727862453563,0.11281769839414289,0.33139719463353057,-0.9389128929958283
2024-07-17,-0.9235065130117244,-0.38159554648225263,-0.31754875138759103,-0.9719356689737991
2024-07-18,-0.6312933973549938,0.05044035782442612,0.30391059723715486,0.01618291533012116
2024-07-19,-0.9264169604199037,-0.3026870649779121,-0.0314108298249785,-0.06632764492309458
2024-07-22,-1.2723517021190511,-0.5841011118585812,-0.5458131826597638,0.13925202231841066
2024-07-23,-1.7854675253969587,-1.148533452523471,-1.1709017053613662,0.4117545354047198
2024-07-24,-1.4326669337957043,-1.139325016163223,-1.261732189632298,0.9512714738510272
2024-07-25,-1.4776761510684202,-1.0595537568807536,-1.3138544570309456,0.7304363484686097
2024-07-26,-1.1819318023144954,-0.766418315876175,-1.1657651277439571,0.49241321296712104
2024-07-29,-1.0865054241862382,-0.47335274619189216,-1.3436004052257275,0.31190742481382167
2024-07-30,-1.225408795916688,-0.5394379433088484,-1.555669134717181,0.011992691149936585
2024-07-31,-1.183964506442005,-0.5334081467849422,-1.1194078021130733,-0.002245087700421145
2024-08-01,-1.9320611178996272,-1.8955490970080697,-1.6794175015175021,-0.2542449149029244
2024-08-02,-1.5201137186009048,-1.5933352835561394,-1.5031374337258838,0.9109120823440402
2024-08-05,-2.708312484486469,-2.987095494990268,-1.9286949467162757,0.7308240969425652
2024-08-06,-1.9865438277342318,-2.3831029972733173,-1.4451436210828579,2.6098860574961282
2024-08-07,-1.78072974165646,-2.353030222439529,-1.2494205099203823,2.322424510778088
2024-08-08,-1.874506021211768,-2.324765785505897,-1.287771620598018,1.7131450763501863
2024-08-09,-1.4271115412486681,-1.6793891390166211,-1.058350820895991,1.3834819946597257
2024-08-12,-1.2233620648157935,-1.179505440368129,-0.8067049307205779,1.1396511885263674
2024-08-13,-1.2638475860904672,-1.3118621580921084,-0.3986908472962872,0.7630199516518864
2024-08-14,-1.273902899108015,-1.4428904819792439,-0.43387502492685054,0.4929417369436745
2024-08-15,-1.3997765388788197,-1.6429288414237113,0.238539247600302,0.23389353603772847
2024-08-16,-0.4606496465098932,-0.7140060800133666,0.4439667410070108,0.17424171172421396
2024-08-19,-0.22171263610804662,-0.4941610369431147,1.1589961306522676,0.5677707269517184
2024-08-20,0.04343874807333036,-0.3449480065136759,1.1140988129042313,0.33129698329569274
2024-08-21,0.15575529950303696,-0.2669137077320279,1.1541252086229725,0.15663853789244087
2024-08-22,0.08723572613731968,-0.3354250462191685,1.3977208538076005,-0.0924326929933618
2024-08-23,0.12025328117299344,-0.18874206615113093,1.2178277493306726,-0.2642996017198024
2024-08-26,-0.03811563579712735,-0.40154682538359415,1.4005901520470345,-0.49143283667003035
2024-08-27,-0.0558533153947051,-0.32580263602993254,1.317432175527957,-0.4828253176548995
2024-08-28,-0.07615834010495032,-0.46533930179036903,1.426649536706293,-0.6508563425009836
2024-08-29,-0.13990903238031552,-0.38827971050852395,1.5704165950992284,-0.7861158756712159
2024-08-30,-0.11340020150124853,-0.3103983013422651,1.233365563555875,-0.8430817509925239
2024-09-04,-0.24989908142065512,-0.5235885697463701,1.2832345870285833,-0.9979298686073841
2024-09-05,-0.47103657108444197,-0.5907255318841954,0.6608064015981058,-0.9157599593162836
2024-09-06,-0.38851335298178175,-0.5847342078275433,0.8599608931834213,-0.7090628821965318
2024-09-09,-0.484887627862312,-0.7986175613914042,0.5946529090054888,-0.8528324627481055
2024-09-10,-0.7335708062315164,-1.0128586259773893,-0.4287419631765665,-0.8291616358051702
2024-09-11,-0.7667560118899385,-0.9322209611411464,-0.8459069673816493,-0.578579223842637
2024-09-12,-0.7209058452028899,-0.6287869436182815,-0.5736472928774363,-0.6632939705323243
2024-09-13,-0.6446963763727611,-0.6972538829779142,-0.7144266181605454,-0.8338071871510742
2024-09-16,-0.9042256489480139,-1.0653609361026295,-0.768563269503907,-0.9700194787433948
2024-09-17,-0.4539373619289682,-0.6073190284755424,-0.5923892759903375,-0.6670264773292727
2024-09-18,-0.30420845402621816,-0.5257166324705603,-0.4166732051351367,-0.5476759655073518
2024-09-19,-0.1173165458225634,-0.5199553983031647,-0.0707270906217404,-0.6653338866777991
2024-09-20,-0.09036025239884035,-0.5145368987321434,-0.06824515426919656,-0.7354933736771718
2024-09-23,-0.1991831287190963,-0.5089937442445372,-0.17523470016969947,-0.8956156887186534
2024-09-24,0.020631208073211452,-0.4271728344045824,0.8040306644210943,-0.8654163991653246
2024-09-25,0.31367428082847076,-0.19225955242056786,1.1651300731207734,-0.8793147843361653
2024-09-26,0.34858205834509126,-0.03404149227403575,1.2286796606217423,-0.8301361753682646
2024-09-27,0.29271799382082614,-0.03282325895885589,0.8683220391153456,-0.9577553371544074
2024-09-30,0.22956943444790057,0.12009156158277402,1.128131772814356,-1.0197661533927367
2024-10-01,0.307070467602173,0.14563891572363577,1.1699817125582697,-1.062865775737432
2024-10-02,0.08335507842455898,-0.22258389247184487,0.9744225109039649,-1.1335816949673476
2024-10-03,-0.2687275059381954,-0.588568435247832,0.3666653799038155,-0.9358111138849725
2024-10-04,-0.3868273777812988,-0.6577014170851603,0.2421275131948453,-0.5533919686202518
2024-10-07,-0.3636378514656568,-0.43569045782424265,0.24738995040647124,-0.5532507919776285
2024-10-08,-0.33252095467449333,-0.5823774879540063,0.03618031894700176,-0.7320315479844236
2024-10-09,-0.09112274345674597,-0.2876193058108427,-0.6615189826297776,-0.892828277475021
2024-10-10,-0.10611949095135413,-0.28874668572065487,-0.42621406285859686,-0.8744046864168841
2024-10-11,0.011609369690408131,-0.21558958514469576,-0.537828444547163,-0.9706371924225601
2024-10-14,-0.09114733676969025,-0.3632605400191072,-0.5004797731887322,-1.0286576197845876
2024-10-15,-0.37034223135559086,-0.5827717586787957,-1.0147016688866601,-0.9917057646576172
2024-10-16,-0.4587666213864267,-0.5798357666234808,-1.2412086588844675,-0.691860360204929
2024-10-17,-0.23010834601235752,-0.502371405135784,-1.100605060617305,-0.6983481315220754
2024-10-18,-0.31559011855284275,-0.4267340260574073,-0.9253284774165547,-0.7237823209922366
2024-10-21,-0.49740834411772405,-0.7960383018651754,-1.1596598212108444,-0.7378100108743245
2024-10-22,-0.7019997036443508,-1.0925911635222414,-1.1450150205460357,-0.6173835872104576
2024-10-23,-0.5764196684295212,-1.0990420396057599,-0.9982611041033055,-0.4781706804792543
2024-10-24,-0.8808979210123071,-1.1716879329334884,-1.1984145975350038,-0.6039747570213669
2024-10-25,-0.9536928074262204,-1.4641496259881486,-1.219361094356667,-0.30852586758093836
2024-10-28,-0.8492187540473541,-1.1641912373297159,-1.261884046584969,-0.37523733319783675
2024-10-29,-0.6576758270226196,-1.0152877029219995,-0.5795773362239427,-0.5448096132979969
2024-10-30,-0.70039062352482,-1.1859493174091786,-0.7791164443271629,-0.6226556153755597
2024-10-31,-0.6676823173056513,-0.9004775242936658,-0.7873175746276897,-0.7134232202228741
2024-11-01,-0.9036278037910526,-1.4605007362221376,-1.125309194453447,-0.8773167306203146
2024-11-04,-1.1777868172747883,-1.6637651600733732,-1.0734080717044252,-0.6782627150067265
2024-11-05,-1.1105133077843183,-1.6129791893604482,-0.8710767228769652,-0.47393948414700326
2024-11-06,-0.5655957122610893,-0.8251150312572013,-0.441247925527543,-0.6552688772249589
2024-11-07,-0.5292578872409611,-1.0800068322612004,-0.35841342756459116,-0.46044166769598394
2024-11-08,-0.592245087544474,-1.3314728349933977,-0.5943051078600008,-0.6752374363846338
2024-11-11,-0.6427366882479304,-1.4215318018850793,-0.5591211520113799,-0.7406789077302718
2024-11-12,-0.7070774692854849,-1.3325727156299796,-0.6297039434446325,-0.81207454681831
2024-11-13,-0.6814210094409222,-1.0037592714295285,-0.5992680216736281,-0.841102033218806
2024-11-14,-1.2161454277770638,-1.6476810985767019,-0.7420575289753253,-0.9776034893581568
2024-11-15,-1.5573775960227196,-2.352559295502073,-0.9210084689658153,-0.1729807863027625
2024-11-18,-1.4555111522336852,-2.0084928303900846,-0.740504176384639,0.16885803556769655
2024-11-19,-1.876960720133031,-2.9065787941049526,-1.1560303193181647,-0.13832838610550427
2024-11-20,-1.4006562465841748,-2.548681724422709,-1.2221263838726177,0.37477338437838187
2024-11-21,-1.0290944621966747,-1.9099785069613386,-0.8026144742748124,0.3225796578592825
2024-11-22,-1.0798398562756164,-1.9671535076188345,-0.8466215434442376,0.21205021328875118
2024-11-25,-0.8251510817203837,-1.9477354263770132,-0.5754623927533701,0.04775699866845528
2024-11-26,-0.5698650781957674,-1.7050930442597854,-0.1240334110885425,-0.10605226536608944
2024-11-27,-0.6309089058047579,-1.7697384549313273,-0.41199567319348207,-0.22868082908365683
2024-11-28,-0.5896940579697434,-1.9037038988162918,0.0701187392399333,-0.34053573866777825
2024-11-29,-0.35710443988467916,-1.5994795710989833,0.821100205892823,-0.5690200686904564
2024-12-02,-0.31646173256844035,-1.2972540128196606,0.9525976211172806,-0.6252928356598785
2024-12-03,-0.2514553610335898,-1.366771874932986,1.5777694691540862,-0.8185196325999442
2024-12-04,-0.517825736516205,-1.5089485953786088,0.5683744421716856,-0.9649988263530697
2024-12-05,0.33610705366961713,-0.8416038536176185,1.3233722932444396,-0.6660953044946173
2024-12-06,0.30711517261349286,-0.6920610158090618,1.458423788226489,-0.12930702703895552
2024-12-09,0.4240553118430218,-0.6170593209449046,1.3703443622023441,-0.3430720607341412
2024-12-10,0.40800489245149085,-0.5405331809370681,1.5999096438502793,-0.49871702651901645
2024-12-11,0.3322487806218354,-0.610905811903207,1.8013717876055255,-0.677583727942617
2024-12-12,0.2387047737235502,-0.7546662558296192,1.6164082555350714,-0.7518497482985402
2024-12-13,0.02519520196411487,-0.8245328586442146,1.527738812777346,-0.786627385828492
2024-12-16,0.051780956346468406,-0.8209618693907581,1.4982041420954044,-0.6353501918894288
2024-12-17,-0.011035127955342162,-0.8177544469841277,1.2660644767427849,-0.8256887506517216
2024-12-18,0.15621646306815837,-0.5974103168948798,1.5110483086578075,-0.8757632956593947
2024-12-19,-0.16971347633152337,-0.8897132642090998,0.17506764006013312,-0.9183296686953104
2024-12-20,-0.19220570041081883,-0.7434874258952486,-0.05039334507073169,-0.5589894949468921
2024-12-23,-0.004961005290622995,-0.7432390058713209,-0.07610193841920707,-0.6898467442391967
2024-12-24,-0.0748357320174614,-0.8889062934234869,-0.3656052239148571,-0.747058098558614
2024-12-25,0.2832652214129024,-0.44814139888130544,0.5585087921133631,-0.7943806334668444
2024-12-26,0.17696848833057902,-0.3751997027248363,-0.018093083481107324,-0.6927737104578021
2024-12-27,0.07685116548012025,-0.5208014874381419,-0.09391222219074422,-0.7163683959878967
2024-12-30,-0.01882100500043264,-0.5192094502422635,-0.2686650227156882,-0.7352208357084553
2024-12-31,-0.14709056107104898,-0.6631569802791808,-0.005882366352985788,-0.7512509789181676
2025-01-02,-0.0850766262833168,-0.642895188234292,-0.17551953456643626,-0.713398895972806
2025-01-03,-0.5656551573653643,-1.168376133475759,-0.5248500227764666,-0.8678178201407474
2025-01-06,-0.9795529603403553,-1.6836066823616993,-0.7306951947142886,-0.20986034815475962
2025-01-07,-1.0525549128212044,-1.7404622573935848,-1.0760540688949605,0.23173867808111398
2025-01-08,-0.7950146215177794,-1.6485502600680455,-0.9410416911062093,0.10663613063663988
2025-01-09,-0.9008531268000417,-1.7052964724991972,-1.177850912507257,-0.04702596176715568
2025-01-10,-1.3747985881826446,-1.833201086305872,-1.2835524569611878,-0.09637972326137095
2025-01-13,-1.039136746695542,-1.5956484491968603,-1.1323505696474572,0.4662306970627625
2025-01-14,-1.2031822030432098,-1.652353056148301,-1.315238546637148,0.3058937459507814
2025-01-15,-0.817568702732762,-1.275255057208093,-1.3298188540348366,0.30318098636608404
2025-01-16,-0.6334508805427282,-1.192440644346655,-1.3187813172883567,0.21359829368382136
2025-01-17,-0.4086988799091505,-1.0385905631049197,-0.9797586285467941,-0.011965368071534784
2025-01-20,-0.4065892813235721,-1.1748056976488115,-0.6042806498648684,-0.16425594166270643
2025-01-21,-0.49958925030608226,-1.1653814141402028,-0.8042970190095289,-0.3695181577012265
2025-01-22,-0.6301098294502537,-1.3709055745591967,-1.1031559271095739,-0.4137647307662377
2025-01-23,-0.15099985010891473,-0.7857888880192395,-0.4764491915244127,-0.39043785994756997
2025-01-24,0.01472981482794219,-0.779650449454653,0.6532095212041351,-0.2754441029980783
2025-02-03,-0.22415950862761647,-0.9172009679370898,0.35906555218153874,-0.4266029391224396
2025-02-04,0.24053983776130278,-0.6230706119040827,0.8506559183526391,-0.27740233585183743
2025-02-05,0.3856836071604385,-0.474101653940489,0.9837858245672969,-0.18436566602661758
2025-02-06,0.36754498921039547,-0.5419302921689287,1.0397963531389116,-0.3544515685771171
2025-02-07,0.334597833292007,-0.6094055998803609,0.9456816105092708,-0.5560715538295522
2025-02-10,-0.10907471786284957,-1.2500441793020913,0.7390030542349072,-0.7095059655217594
2025-02-11,0.09204159643519509,-0.6668785384760978,0.9715115440332883,-0.19558840481444673
2025-02-12,0.09524636929991698,-0.7333163283969455,1.0770467539972195,-0.33193000183745053
2025-02-13,0.2526640387305093,-0.7278532567161163,0.745904139283542,-0.5469676910693275
2025-02-14,0.36481686614088116,-0.21898056379754013,0.94188391120218,-0.661707745690626
2025-02-17,0.3935318400098218,-0.3594805444998561,0.9996380647126011,-0.7916839229810517
2025-02-18,0.5628991622868478,-0.21084302771874786,1.0583440880316466,-0.9648272285301603
2025-02-19,0.9539953727365759,0.2991682823294927,1.1326217205628275,-1.0045846431000012
2025-02-20,0.9555994201038273,0.3037932955799512,1.0330378528927617,-0.8477956250110136
2025-02-21,0.9452785793928111,0.23694862425300672,0.9369730635842294,-1.0175858183222453
2025-02-24,1.1286318005274585,0.6079260661783733,1.3853207760529453,-1.160877008947089
2025-02-25,1.0882274187380647,0.5404683441995782,1.0022141308548176,-1.1499385011355416
2025-02-26,1.0523553667101426,0.39837967716320505,1.0911947748684019,-1.249293258305052
2025-02-27,1.2114361992925462,0.5477073959457421,0.8760221064727786,-1.340203788399043
2025-02-28,1.1224535679596677,0.6238300177326811,0.6742236467987988,-1.3076125250431982
2025-03-03,1.1577536627535874,0.7749613295453049,1.0346301724667624,-1.3217912467220336
2025-03-04,1.0587913030251512,0.7060111999070369,0.8215731746493277,-1.3879864622553253
2025-03-05,0.6438408248288863,0.19086055664461948,0.27280299246465967,-1.3663509599436376
2025-03-06,1.0738285785218424,0.6448027716315089,0.7734269024230587,-0.8319063648537575
2025-03-07,1.0190091970549513,0.6515421932757112,0.6979780272804396,-0.6752512069106144
2025-03-10,0.9297700457054701,0.43317506930422606,0.7107928937352959,-0.7994930392809796
2025-03-11,0.9986918528647989,0.4401967928164479,0.734584844981754,-0.8574299114166988
2025-03-12,0.8636194002751919,0.37324949733286483,0.2854929917992089,-0.9706908612346057
2025-03-13,0.4745487927329734,0.07315822879237739,0.025130628359501823,-0.9452295379262309
2025-03-14,0.340424069059205,-0.07456804795783034,-0.08707252522999855,-0.5500920963463999
2025-03-17,0.6329816734215392,0.16366438569984113,-0.18694356507072854,-0.5639913332450751
2025-03-18,0.534265373670851,0.24874125419751975,-0.533537705578924,-0.5678370164026841
2025-03-19,0.4139346718102092,0.10015087772400637,-0.6413451430801741,-0.6233057917541283
2025-03-20,0.32128054673898104,0.10851573257233456,-1.009160892862011,-0.640180721445346
2025-03-21,0.17910342440537363,0.03558735219026422,-1.127761968883948,-0.6839059527725725
2025-03-24,0.23178331369027624,-0.11799974384019672,-1.18449220602341,-0.6565543866449368
2025-03-25,0.30816228057290285,0.049077854204510295,-1.274708965322355,-0.823037324444848
2025-03-26,0.0563074458034403,-0.024383343739756695,-1.1549067018833727,-0.9496273920798106
2025-03-27,0.006077576651366001,-0.17994726214132276,-1.1461841958352952,-0.7265775064295723
2025-03-28,-0.21271334394618271,-0.25501175586589486,-1.2353860302965036,-0.7892671358931275
2025-03-31,-0.4976979968146431,-0.5784942705674717,-1.4076204321690744,-0.6261410544904482
2025-04-01,-0.2745503284462012,-0.25014206962757607,-1.3085932958326045,-0.3856963542882419
2025-04-02,-0.23797046447525452,-0.24276116436346948,-1.42845399699451,-0.49471252989245085
2025-04-03,-2.901810660902101,-2.3779997449636285,-1.7093037293283322,-0.6747328217145884
2025-04-04,-3.0,-3.0,-1.819245462533332,3.0
2025-04-08,-3.0,-3.0,-1.8243133599434094,3.0
2025-04-09,-3.0,-3.0,-1.8054130363240568,3.0
2025-04-10,-3.0,-3.0,-1.7896497772794222,3.0
2025-04-11,-2.7099316090911945,-2.4649244006498234,-1.739103128483064,3.0
2025-04-14,-2.011591052824006,-2.3567157994274552,-1.5665508771080692,3.0
2025-04-15,-2.4200252386620145,-2.5433362385107636,-1.6449489397694013,3.0
2025-04-16,-2.661394808989196,-2.505786744085536,-1.7382224309017558,3.0
2025-04-17,-2.305876607699188,-2.4682818505962323,-1.7148617515993163,3.0
2025-04-18,-1.925079062138339,-2.22317153090811,-1.136507814297364,2.914161874051916
2025-04-21,-2.085628521507388,-2.192553862008079,-0.9011485286240913,2.3202961818721715
2025-04-22,-2.5424649074044847,-2.3041026249277343,0.11049377061003861,2.033742583518859
2025-04-23,-1.8787021111028193,-2.134009473288344,0.6932205285340473,2.157512939124106
2025-04-24,-1.4771760901448063,-1.9771730738698334,0.2212212089141636,1.9305110096052656
2025-04-25,-1.3374241325189116,-2.0962944331290805,0.32915421205206197,1.6083046698509993
2025-04-28,-1.2591717140946181,-2.1433850141244695,0.36878699176874385,1.1829751572887708
2025-04-29,-1.18011325254735,-2.049977428484358,1.1933267168773352,0.7968729653680536
2025-05-05,-0.6071915188581978,-1.691749424659493,1.3237330513266559,0.4779660101299941
2025-05-06,-0.5858154837696107,-1.8117672835007623,1.2223571853451543,0.5179232067590024
2025-05-07,-0.379385633679364,-1.5262928647250313,1.1212698623722646,0.26733837647612013
2025-05-08,0.0377016228990581,-1.446432060338958,1.2048420407137375,0.10912105432936624
2025-05-09,0.01899975229678103,-1.5001235171423195,1.3111426530315717,0.1150476039082897
2025-05-12,0.3353317390229579,-1.4200497313953724,1.4422006796666242,-0.05606115490040172
2025-05-13,0.6341512349496969,-1.142719696469834,1.4279568411409898,-0.08355124285101394
2025-05-14,0.879662204430429,-1.0674769530006583,1.3750543585673602,-0.11171813510839647
2025-05-15,0.9238684334367555,-1.0593382198109782,1.4316824533785275,-0.16229559764064924
2025-05-16,0.6998127360228883,-0.9852018229484657,1.3947496520528295,-0.3227831962288874
2025-05-19,0.4611531729058216,-1.1097527043383346,0.9820958228966112,-0.24662860626194563
2025-05-20,0.7186801701069999,-1.0351481021979194,1.2482551764316734,-0.15163740451936605
2025-05-21,0.7355805593943529,-1.0269669539833157,1.4666173076524656,-0.19498738262369736
2025-05-22,0.49694026046425843,-1.2163146818026251,1.5027720833065121,-0.3743408973437373
2025-05-23,0.5627602719387738,-1.0757135911670217,1.572381307150408,-0.2552145580965712
2025-05-26,1.1639017048132216,-0.803477526591468,1.5739872673211626,-0.404563716966136
2025-05-27,1.4999244067727593,-0.5301100820407707,1.6872579568577237,-0.17587995266713735
2025-05-28,1.329114365785802,-0.7252745242899297,1.5413662693352308,-0.15221397080532167
2025-05-29,1.3185295577766618,-0.5844573802904871,1.1969045742528095,-0.18838255257818715
2025-05-30,0.9277580950099531,-0.8481859847884605,1.1514422580572954,-0.3649877240599248
2025-06-02,1.2172385882485153,-0.6385819904006005,1.405877220860984,-0.09806622487885575
2025-06-03,1.4197302312939382,-0.08718195676939249,1.4365070913765627,-0.12091978308469169
2025-06-04,1.3880546116687273,-0.49205757263288574,1.236792409417061,-0.18565369843135884
2025-06-05,1.27336175265142,-0.2791512749512626,1.0134413080986553,-0.3604673206187236
2025-06-06,0.8964199677926091,-0.6888864850657332,0.7952998032265662,-0.4234661014732301
2025-06-09,0.4670016932961204,-0.8225711026375573,0.6000338543030735,-0.15399790642653585
2025-06-10,0.6288279828892519,-0.887730965669718,0.347888949867475,0.15599284192312987
2025-06-11,0.6890155233775187,-0.5988346938004407,-0.13554148062008967,0.0012197846451040874
2025-06-12,0.9922150570010536,-0.16286521299294557,0.04131654934148419,-0.18677070485858682
2025-06-13,0.5857548751372939,-0.5891702642530982,-0.5431818089410959,-0.19808487300045585
2025-06-16,1.1778566911867323,0.14638669893228817,-0.6658640852083548,0.07609909587895504
2025-06-17,1.2506308187455462,0.15643826530797475,-0.5098484149188887,0.20749835514056778
2025-06-18,1.170400180344296,0.01760424581285038,-0.15842011216818166,0.005913118606184969
2025-06-19,1.2014158766229057,0.10031699474433727,0.2600845862565712,-0.14047349772121112
2025-06-20,1.2132883357221307,0.032311894124113116,0.41998143781106784,-0.3070975359454832
2025-06-23,1.2322996204266918,0.3448051056410553,-0.011395912171574903,-0.458563298594143
2025-06-24,1.4014863703879945,0.4282989917283396,0.2657150351963434,-0.5842666005145589
2025-06-25,1.3502812471463526,0.5122910284350197,0.4722690184846725,-0.6005151430382316
2025-06-26,1.3313973777068382,0.3649576811006077,-0.0983556761399774,-0.700865203353667
2025-06-27,1.3813922025962428,0.36804017436328834,0.53535073634495,-0.810022616631448
2025-06-30,1.6015188754774377,0.914375133417454,0.599386615057233,-0.8571548683925814
2025-07-01,1.4770909567730135,0.6222900994389851,0.49775182614900193,-0.7860650032764513
2025-07-02,1.7929535529776903,1.4145222326577762,0.9437879322318176,-0.795655829955225
2025-07-03,1.6138736355554908,1.0939665485352934,0.5790180166422697,-0.6613571023316425
2025-07-04,1.7298019720536142,1.0954097735431179,0.8845243849899606,-0.6410373284513365
2025-07-07,1.925534795835708,1.5698496373405346,1.2360796134222203,-0.655121229872334
2025-07-08,2.1084783723314775,1.9622227551891338,1.2863759185311416,-0.6095724002852562
2025-07-09,2.1953114373432165,1.9565170321269736,1.4321400965932523,-0.5702055122560151
2025-07-10,2.207162411888512,2.256221624358649,1.431805421207906,-0.5908103399444545
2025-07-11,2.1254749367103516,2.1637637994344354,1.3138426648141208,-0.6515825736308747
2025-07-14,2.3982663816113687,2.6831127116403763,1.128114072402055,-0.7615067329191835
2025-07-15,2.1787099699623966,2.506951346156474,1.120727397503279,-0.6182815963133951
2025-07-16,2.315711190340339,2.5587786417770224,1.2424507030442768,-0.6003967487889305
2025-07-17,2.391129544471992,2.459324525744104,1.389706556720813,-0.5720472626565843
2025-07-18,2.440925937272349,2.4353772818405477,1.3125961671392758,-0.5814524009283795
2025-07-21,2.214227318762994,2.269268573961833,1.0470793494694741,-0.6021769370515622
2025-07-22,2.552789476568671,2.3900517795155025,1.1798988708538491,-0.5823789825600579
2025-07-23,2.687051786568883,2.724551207406675,1.1033238334385724,-0.3847634863812274
2025-07-24,2.757037321337555,2.8237182353920716,1.061217222844523,-0.3536272830413244
2025-07-25,2.8796418746257633,2.7059816384334163,1.087984391122096,-0.3617943384361115
2025-07-28,2.8264574365547808,2.7253924884694167,1.2186575225762224,-0.2573432948515916
2025-07-29,1.9283598553539527,1.8643021058324276,0.5222499659067823,0.05501866102241415
2025-07-30,2.1030883707298926,1.9129905065667638,0.2938639978970066,2.2795072818018336
2025-07-31,2.1241814780342483,1.8268742346666549,0.30053194058341315,1.861929511605687
2025-08-01,1.8829426445827615,1.812424830237862,-0.05902904297157832,1.4289864698215164
2025-08-04,2.236166834723613,1.9309387858749676,0.24295110812999163,1.1711903577122322
2025-08-05,2.085708937759593,1.913251952315201,-0.04755069774778387,1.0893662470185168
2025-08-06,2.436109158552219,2.022298543521257,0.25648033095988265,0.7710766165978632
2025-08-07,2.5620744203391794,1.9972157445513794,0.3344917200248248,0.7755966696740999
2025-08-08,2.5353994749364133,2.2375801523836305,0.10940237771696731,0.6621885910559466
2025-08-11,2.5002708003299032,2.3364902843737148,-0.26281508205149057,0.48568442214724183
2025-08-12,2.464591173224363,2.240860093729735,0.9420733956850473,0.39592060050078404
2025-08-13,2.431226419847604,2.3377761304177787,0.6413355589426427,0.3061982487529595
2025-08-14,2.3955951783975835,2.3652937641853966,0.8684548605350544,0.19226883511560633
2025-08-15,2.360177352718779,2.2062463867758684,0.43117317465480093,0.12515664649463684
2025-08-18,2.3262394520362584,2.053074974993251,0.2174761382079537,0.219184223881871
2025-08-19,2.293561372678838,2.027101109150701,0.8669178791750034,0.12848705166826813
2025-08-20,2.2210542960196253,1.6369800558762682,0.19767018103610184,0.028948190644115555
2025-08-21,2.1045065951797843,1.5617473921543146,0.20984020300280898,0.215697121102668
2025-08-22,1.3734247622781193,1.1852015557604463,-0.2808429199760567,-0.011161155044849701
2025-08-25,0.7948759695117963,1.0577858410601477,-0.9425137970767942,0.9207406343955644
2025-08-26,1.5330444130058385,1.477936044672013,-0.5285622624781654,1.4102636487873599
2025-08-27,1.50631353930917,1.407820983415598,-0.6218518101045649,1.651449461397858
2025-08-28,1.6068722772118686,1.3997824067044162,-0.9621264600857735,1.2093667892259858
2025-08-29,1.5503518147057016,1.3308076551172545,-0.7320202050550789,0.9463686579502307
2025-09-03,1.686048303758472,1.5612974093660545,-0.8000700356185491,0.6059022591530142
2025-09-04,1.8284353068607397,1.6672749126053743,-0.892709178192698,0.4785499219253024
2025-09-05,1.3045485776759513,1.5357164746299452,-1.1837920995757838,0.38546473947980453
2025-09-08,0.5447613204539792,1.348420044179767,-1.3723708113954411,0.833711650129313
2025-09-09,0.6568301906390989,1.339234298445924,-0.8032649411993,1.7222902347112174
2025-09-10,0.6170345742407315,1.3298650684596878,-0.6604673889355714,1.338174596159039
2025-09-11,0.7295441073757093,1.3206060771076393,-0.9533587953300028,0.9383258835413832
2025-09-12,0.895035221427507,1.3687013104628298,-0.7103950521682987,0.6949835307247849
2025-09-15,1.1865371152365762,1.4729242500432598,-0.2738391895788064,0.5424574958769537
2025-09-16,0.9658828822239544,1.5176299759263217,-0.027423988505653994,0.5357989584337627
2025-09-17,0.6351928747003679,1.5620849349965917,-0.21749109153690935,0.4958008418077312
2025-09-18,0.5062154697512371,1.4916024782675124,-0.7075355615035411,0.6637234066953822
2025-09-19,0.35037273394050494,1.3649462579971439,-0.5964020115801553,0.5040026152259486
2025-09-22,0.000753798077670216,1.2415834697449064,-0.7220844653362264,0.42146467808200977
2025-09-23,-0.03151035404238689,1.3460989419715188,-0.5962723579064345,0.6978936915556235
2025-09-24,0.2962803910074925,1.2801680473889365,-0.3569738527409778,0.4318266714881152
2025-09-25,0.388414833470722,1.3273288983974594,-0.9053191407846002,0.44291585442559445
2025-09-26,0.17309681342605707,1.261988706991664,-1.0755391588383705,0.24800397638134247
2025-09-29,0.0789550389891532,1.1421644108355733,-0.9307229590140919,0.3128493998076122
2025-09-30,-0.077154085570432,1.1360730425314503,-1.2949669486620197,0.18881842727507378
2025-10-01,-0.011844371307299694,1.2415785223772144,-1.0865533769329865,0.19264795863683104
2025-10-02,-0.31571538384240283,1.0688500742361167,-1.4357958795673194,-0.0026460802436044048
2025-10-03,-0.5269952217358848,0.676785199301658,-1.6440441475083654,0.30676514475259753
2025-10-06,0.14880711053300724,1.1742786308899944,-0.6075157233548958,0.41766392982914674
2025-10-07,-0.10565731463801566,1.0022127407693542,-1.0347029758417003,0.7688274651769553
2025-10-08,0.02259891784172379,1.1062641677467218,-0.9780081377760439,0.8257555533954654
2025-10-09,0.15033373208263057,1.1537784281427748,-0.7374755950252109,0.5809951925431173
2025-10-10,0.32876978810799284,1.03705242293628,-0.21461689064576314,0.38057308210625107
2025-10-13,0.39150970260585655,0.921246420461998,-0.07763390099271926,0.2612444418926047
2025-10-14,0.1770939032997512,0.862161238534039,-0.05513667250199489,0.06428557110320554
2025-10-15,0.15513566834041545,0.6943130580498971,-0.2543514033922121,0.1507133490362306
2025-10-16,0.358986222221364,0.6918657866086653,0.189997141772413,-0.06662750275540572
2025-10-17,0.05929792064102869,0.5251082496180186,0.42251504720944183,-0.09435523165492787
2025-10-20,-1.1214514729387821,-0.24302105614949038,-1.0797307070193307,0.17418714452451775
2025-10-21,-0.85399178551702,0.1406898335815257,-0.8093490986226913,2.771413114238789
2025-10-22,-0.6024075329385885,0.08547768961249737,-0.7987874206646688,2.244159938836756
2025-10-23,-0.6695040016747323,0.08539333476786856,-0.8984045742986423,1.8165763753074784
2025-10-24,-0.6970704118434455,0.13896603814685043,-1.1473329846419258,1.4305097485358504
2025-10-27,-0.9021933393093015,-0.0820514692073839,-1.4915912382007745,1.0600007133501081
2025-10-28,-0.5319072793128793,0.19027665264282465,-0.8587936437083004,1.0335013735225556
2025-10-29,-0.3068858982916617,0.4613336692399175,-0.7623050842289616,0.9352109243263391
2025-10-30,-0.3965709007922631,0.40230033548123234,-0.5545590306508223,0.7347052559715714
2025-10-31,-0.5925679346181091,0.6176903481863082,-0.6832603774161072,0.5482634812918153
2025-11-03,-1.033283303180424,0.2852757459065321,-0.3217062645833463,0.5675598864762952
2025-11-04,-0.5590115452678862,0.5012349561845995,-0.09926722615314913,1.0447074488147086
2025-11-05,-0.6543296766872307,0.4979765166786528,-0.21455640877479307,1.032632512095258
2025-11-06,-0.7786396002482191,0.49359853010464433,-0.4564680910795318,0.8185112593796983
2025-11-07,-1.2760834479081637,0.05062924833770731,-0.7976860532627023,0.6919276553346178
2025-11-10,-1.4681161483226417,-0.33639680183282206,-0.4474662107908349,1.2679218579810287
2025-11-11,-1.2541010716127945,-0.17120471196674486,-0.5852342712367541,1.2216299888331366
2025-11-12,-0.7883762315868207,0.32189274171060456,-0.5715127742480759,0.9218470136644229
2025-11-13,-0.719587768826506,0.5380353477209401,-0.4838674869336491,0.9132178024100479
2025-11-14,-0.6242556149855765,0.5337048191069955,-0.04523489806836846,0.5635067221695873
2025-11-17,-0.3471028661578999,0.7485628911543931,0.8677685347932094,0.2960785097562424
2025-11-18,-0.31900479003218196,0.5248610849940089,0.4358301648644602,0.23577114836113103
2025-11-19,-0.5265745884921655,0.5201489804931648,0.15539007634940452,-0.024857816810577124
2025-11-20,-0.570939256999925,0.3496913643039137,0.4027428402663499,0.09836128551619938
2025-11-21,-0.6635756601913485,0.23476547504514864,0.7376275805630761,-0.048459238419062196
2025-11-24,-0.6797251564193443,0.22849384038627757,0.7187021502351884,-0.09431228422414756
2025-11-25,-0.8992244512273136,-0.05541836051567203,-0.1335912737122037,-0.24695944766039674
2025-11-26,-0.5225257777556974,0.5534930289821347,0.17964983671512022,-0.032876430506004264
2025-11-27,-0.5580253463184021,0.38057704049897495,0.2389076561071342,0.04935327014379939
2025-11-28,-0.636839467269441,0.3195417256303169,0.18471334919036658,-0.10257823861444927
2025-12-01,-0.6523062613908153,0.31498924686688035,-0.04540820329337837,-0.1607276260785985
2025-12-02,-0.5252499369856134,0.31028249449631357,-0.18703549918989368,-0.30076941043146904
2025-12-03,-0.30489445455464964,0.47405228257880183,0.2957333850150434,-0.4035604146586448
2025-12-04,-0.1710248515212992,0.6379254713668177,0.5890215441793638,-0.40290171087036514
2025-12-05,-0.3650880283848195,0.35115445254266703,0.24714325611733262,-0.47450429529188726
2025-12-08,-0.5269974568840939,0.23418600905962103,0.15040400522395125,-0.3126609457414646
2025-12-09,-0.7258842320826261,-0.33512447276111723,0.15143007316065962,-0.21723148263591313
2025-12-10,-0.8181442893964335,-0.44838150172523433,-0.45796992179830365,-0.059979588550658686
2025-12-11,-0.896174028326273,-0.560525087681801,-0.5676309000913546,-0.08675966425611595
2025-12-12,-1.6001346848437628,-1.6240212591440037,-1.3923114091501307,-0.1251430727213751
2025-12-15,-1.5308264019674704,-1.4991887275096676,-1.3815766496676205,1.234738039741802
2025-12-16,-0.9930340874466914,-0.7102587769016283,-0.7066418348863975,0.8089065619985375
2025-12-17,-1.077222203477454,-0.763907615772213,-1.2786217364579675,0.876334534136351
2025-12-18,-1.0285232464936662,-0.6503421506874596,-1.2562100798559177,0.7000545494905551
2025-12-19,-0.8791508046963334,-0.5374907282303553,-0.7834382565277384,0.3541045454527908
2025-12-22,-0.48634941332015713,-0.25793510713214896,-0.8544053351570957,0.1455399209223884
2025-12-23,-0.5757565804682936,-0.25776266615702453,-0.4322967447084404,0.2053601137316417
2025-12-24,-0.509991221038196,-0.3143094821096756,-0.585710926122871,0.10834182657725995
2025-12-25,-0.7464287374530081,-0.37013772809881706,-1.062272753674646,-0.1204366458066085
2025-12-26,-0.8152037697898168,-0.5928869124081441,0.10889144437996096,0.09287377570692355
2025-12-29,-0.6267705612013184,-0.5363590477786768,0.5348040868706172,-5.853863514358802e-05
2025-12-30,-0.523088128218773,-0.4229842003602334,0.3145048263178372,-0.11264782897924643
2025-12-31,-0.5444839649209414,-0.4770479980342398,0.5980603713686515,-0.2797944117798861
2026-01-05,-0.7392038830883166,-0.8090994853106729,0.16747070965474725,-0.4073508673507385
2026-01-06,-0.5658710492649154,-0.6390581627185039,0.5930811976192407,-0.21393368966249365
2026-01-07,-0.14656890219036395,-0.3038857554172439,0.40909691333455583,-0.30637801589714336
2026-01-08,-0.20860978539237832,-0.2480572385120116,0.40657059431807924,-0.13290555711954288
2026-01-09,-0.32781409858417465,-0.1941449686040151,0.1438860479428053,-0.24963332694153864
2026-01-12,0.12817311901089468,0.0809421654403295,1.0202823153489955,-0.25044732390149016
2026-01-13,0.3702965996089822,0.5233779391087413,1.2568934002876488,-0.038338394157418576
2026-01-14,0.39472262439283773,0.46209302789009254,1.0922955112274457,-0.06346839777251469
2026-01-15,0.43689093750634583,0.5688266124784888,0.9291497797399256,-0.27179695517035085
2026-01-16,0.388129341522597,0.6752611522951988,0.9865836277823029,-0.43181900995336986
2026-01-19,0.4815277621290944,0.7254237592555254,1.2630478021400295,-0.5666745554805958
2026-01-20,0.3766990232193643,0.5503368868578374,1.1632524994179199,-0.6350799912327515
2026-01-21,0.0984158904770098,0.1503204252420821,0.9084139924368426,-0.6566024821001812
2026-01-22,0.32011627946184534,0.3727112207751279,1.0706556773205895,-0.3607329503742009
2026-01-23,-0.021157297802583467,0.3121678708644771,0.8930110041262294,-0.3540624195768629
2026-01-26,-0.49760940148892324,-0.08838153343436203,0.04943966047979593,0.008341855808201383
2026-01-27,-0.42794348286327333,-0.14814804199480602,-0.07283087412724436,0.6049601880204348
2026-01-28,-0.46200993000864155,-0.4358073116935861,-0.47304748932472435,0.297375633976058
2026-01-29,-0.3251532153954222,-0.2659697210229649,-0.5926430716547194,0.08181439296561956
2026-01-30,-0.12568823093952844,-0.03980254727691223,-0.1539866991769975,-0.08218485022962276
2026-02-02,-0.09994902568096298,-0.15615683090678578,-0.38973117475340935,-0.1596880735406276
2026-02-03,0.12154639676916684,0.07038917668836299,-0.5173749801700137,-0.372152522819705
2026-02-04,0.16172617345464382,0.0688156650571738,-0.13014551986070985,-0.37566920576135404
2026-02-05,-0.21447239137459176,-0.10386876091550593,-0.9306637780681541,-0.5354827167357951
2026-02-06,-0.7378131699826627,-0.16224946044121033,-0.9365249960361298,-0.04497551828411633
2026-02-09,-0.707302112388312,-0.5080043229679023,-0.8243941866472224,0.696408658623631
2026-02-10,-0.8617979765025695,-0.5649941952288261,-0.9097815689739096,0.3379617259615985
