date,price_for_regime,market_return,regime_label,bull_probability,bear_probability,expected_return
2020-01-03,132.57382065781374,-0.005018162655784799,Bull Market,0.9995122000928445,0.00048779990715559134,0.002340747940974461
2020-01-06,131.5485295539132,-0.0077637977487187105,Bull Market,0.8584406236820348,0.14155937631796514,0.0014025036125112796
2020-01-07,131.99342583838097,0.003376287516965715,Bull Market,0.9991985890558184,0.0008014109441816323,0.002338662164489081
2020-01-08,129.7596663601261,-0.01706809793502394,Bull Market,3.3347919357886384e-09,0.999999996665208,-0.004306846660982224
2020-01-09,130.8572684078889,0.008423155910905082,Bull Market,0.9824052156763549,0.017594784323645186,0.0022269721435087884
2020-01-10,131.08668149018192,0.0017516200777980642,Bull Market,0.9970969857767599,0.0029030142232400412,0.0023246847396426033
2020-01-13,130.574397216799,-0.00391563720865132,Bull Market,0.8470126062223368,0.15298739377766327,0.0013264977094091836
2020-01-14,131.14670126063666,0.004373395644081657,Bull Market,0.9969357731499499,0.0030642268500501524,0.002323612540432603
2020-01-15,131.16894828213782,0.0001696202387715769,Bull Market,0.993617932525988,0.006382067474012006,0.002301546116937682
2020-01-16,131.5976187674399,0.003262750435879366,Bull Market,0.9991323430981138,0.0008676569018861967,0.0023382215732964304
2020-01-17,131.5330907061679,-0.0004904639423854269,Bull Market,0.9992884191289593,0.0007115808710407662,0.0023392596098341617
2020-01-20,131.402766279816,-0.0009913021260628077,Bull Market,0.9994915322107768,0.0005084677892231163,0.0023406104822203686
2020-01-21,132.3545589932516,0.007217216385390348,Bull Market,0.999938795851652,6.120414834807157e-05,0.0023435851606428797
2020-01-22,133.413980054837,0.007972551430755658,Bull Market,0.9999766280950138,2.3371904986238336e-05,0.002343836776798808
2020-01-30,129.90650295007495,-0.02664194237783216,Bear Market,1.482159347082979e-21,1.0,-0.004306846683161388
2020-01-31,125.97423742515738,-0.0307375624590531,Bear Market,1.573969726907468e-30,1.0,-0.004306846683161388
2020-02-03,123.14844997605968,-0.02268688314994261,Bear Market,5.36071809905275e-18,1.0,-0.004306846683161388
2020-02-04,122.55329404466208,-0.004844549213747148,Bear Market,0.06004663442034971,0.9399533655796504,-0.003907486190980213
2020-02-05,122.78602851968834,0.0018972461683282396,Bear Market,0.7652431254168722,0.23475687458312774,0.0007826620654117487
2020-02-06,125.47269405718755,0.02164492269429307,Bear Market,6.2121290165307275e-09,0.9999999937878709,-0.004306846641845518
2020-02-07,126.08515464000271,0.004869351492202926,Bear Market,0.79890634016997,0.20109365983002997,0.0010065506836827776
2020-02-10,125.1249611233184,-0.0076445822245297095,Bear Market,0.0026271615409172175,0.9973728384590829,-0.004289373854981287
2020-02-11,126.14002405944257,0.008079665038928553,Bear Market,0.6535333428151545,0.3464666571848455,3.969829746816242e-05
2020-02-12,127.68788126534808,0.012196266527256867,Bear Market,0.20098924356526104,0.7990107564347391,-0.0029700996030262478
2020-02-13,128.1351533364758,0.0034967338071198836,Bear Market,0.9857086040819583,0.014291395918041712,0.0022489424476276197
2020-02-14,128.2149438273585,0.0006225119033866522,Bear Market,0.9954460803198318,0.00455391968016815,0.002313704833404928
2020-02-17,127.9153801901192,-0.0023391511722023806,Bear Market,0.9951764232173907,0.004823576782609195,0.0023119113874576144
2020-02-18,128.19686420257835,0.002198130952041473,Bear Market,0.999655006747969,0.00034499325203110365,0.0023416977250319323
2020-02-19,128.53623290602272,0.002643748740866718,Bear Market,0.9997483566227399,0.00025164337726015705,0.002342318580010624
2020-02-20,129.5530768742846,0.007879824473013823,Bear Market,0.9998489751738452,0.00015102482615483775,0.0023429877777846526
2020-02-21,128.7696708595414,-0.006065345954264756,Bear Market,0.9919083192056608,0.008091680794339253,0.0022901757541582157
2020-02-24,124.07461480315736,-0.037142194328447065,Bear Market,5.022536226784226e-41,1.0,-0.004306846683161388
2020-02-25,125.0713588645881,0.008001328413905865,Bear Market,0.9855510403064524,0.014448959693547656,0.0022478945163398236
2020-02-26,123.78104312806516,-0.010370221783763242,Bear Market,0.00045706141983056645,0.9995429385801695,-0.0043038068412894395
2020-02-27,124.6505778829369,0.007000222452811222,Bear Market,0.9720013486779957,0.02799865132200434,0.0021577777001372195
2020-02-28,122.72460127076424,-0.015571615029451794,Bear Market,7.114697894237538e-09,0.9999999928853022,-0.004306846635842679
2020-03-02,122.9383999835462,0.0017405858079407744,Bear Market,0.9743976066724673,0.02560239332753268,0.002173714826027842
2020-03-03,124.19563536621185,0.010174610121184752,Bear Market,0.933203464825154,0.06679653517484592,0.0018997392248649423
2020-03-04,124.94232594321105,0.005994211470824893,Bear Market,0.9981527193026214,0.001847280697378604,0.0023317062532473244
2020-03-05,124.98444206345891,0.0003370276900104747,Bear Market,0.9976726735632342,0.002327326436765686,0.0023285135463687163
2020-03-06,124.98846940374892,3.222221373284952e-05,Bear Market,0.9962875450331464,0.0037124549668536263,0.0023193012796555194
2020-03-09,117.507069045365,-0.06172299441472148,Bear Market,1.5337585836073266e-110,1.0,-0.004306846683161388
2020-03-10,117.51401344204083,5.9095946664420217e-05,Bear Market,0.702485282844102,0.297514717155898,0.0003652697645770426
2020-03-11,113.6527972897269,-0.03340942661775931,Bear Market,1.2590280402858608e-35,1.0,-0.004306846683161388
2020-03-12,107.90051751789058,-0.051938494665764876,Bear Market,1.6407607325445522e-80,1.0,-0.004306846683161388
2020-03-13,106.17962657377193,-0.016077418293381013,Bear Market,6.644798858510427e-10,0.9999999993355201,-0.00430684667874204
2020-03-16,104.75527885411506,-0.013505297911359479,Bear Market,2.1036972187410657e-07,0.9999997896302781,-0.0043068452840262575
2020-03-17,105.79033049948374,0.009832168781573138,Bear Market,0.3455864519340328,0.6544135480659672,-0.002008406864380326
2020-03-18,106.25511013737096,0.004383780955795771,Bear Market,0.8752187958004826,0.12478120419951737,0.0015140925323534377
2020-03-19,103.9708143495601,-0.02173267355570536,Bear Market,2.2870918208913045e-16,0.9999999999999998,-0.004306846683161386
2020-03-20,103.0794891999382,-0.008609798106003536,Bear Market,0.001593142738955686,0.9984068572610444,-0.004296250947455532
2020-03-23,97.06584783372136,-0.06011083855695004,Bear Market,1.0530906913861618e-105,1.0,-0.004306846683161388
2020-03-24,96.06319710183146,-0.010383313814423336,Bear Market,0.00012917190134971,0.9998708280986504,-0.004305987581654752
2020-03-25,99.28616657722743,0.03299997392774489,Bear Market,9.263677294352643e-23,1.0,-0.004306846683161388
2020-03-26,97.82205400412118,-0.014856199269330022,Bear Market,4.1409644975987755e-08,0.999999958590355,-0.00430684640775251
2020-03-27,96.93811325098233,-0.009077285515846727,Bear Market,0.003023267631882503,0.9969767323681175,-0.004286739417181884
2020-03-30,93.0295418880484,-0.041155669746137234,Bear Market,2.5146276216129313e-51,1.0,-0.004306846683161388
2020-03-31,91.81400772339178,-0.013152221856607775,Bear Market,2.527059890894327e-06,0.9999974729401091,-0.004306829876093156
2020-04-01,94.24430381598263,0.02612551197076139,Bear Market,1.4053912615140894e-12,0.9999999999985947,-0.0043068466831520415
2020-04-03,96.8765896057904,0.027547508836821354,Bear Market,1.1852275030202322e-13,0.9999999999998815,-0.004306846683160601
2020-04-06,101.41969858081012,0.045829441999957816,Bear Market,6.731881804746323e-45,1.0,-0.004306846683161388
2020-04-07,102.4728285007622,0.010330337266229455,Bear Market,0.9975563878204987,0.0024436121795012845,0.002327740148627097
2020-04-08,102.89370080793812,0.004098748689035263,Bear Market,0.9999306092409557,6.939075904422665e-05,0.00234353071281398
2020-04-09,104.59397424666624,0.01638951805891363,Bear Market,0.5781493923678527,0.4218506076321472,-0.0004616682128086079
2020-04-10,104.42588878828931,-0.0016083207803171812,Bear Market,0.9999232148570942,7.678514290572883e-05,0.002343481533958132
2020-04-13,105.44012805368874,0.00966566361652156,Bear Market,0.999894374043968,0.0001056259560319181,0.0023432897183562054
2020-04-14,105.65360176924077,0.0020225497792155447,Bear Market,0.9999920215710568,7.978428943174307e-06,0.002343939156328124
2020-04-15,107.74017104502671,0.01955666982089889,Bear Market,0.037520245950190455,0.9624797540498096,-0.004057305571755672
2020-04-16,108.89899504578806,0.010698296843348406,Bear Market,0.9999336315350608,6.636846493930068e-05,0.0023435508136051887
2020-04-17,111.0319437694866,0.01939713995155165,Bear Market,0.09975868874137382,0.9002413112586262,-0.003643367715194416
2020-04-20,112.2305318135983,0.010737134003365446,Bear Market,0.999971985247387,2.8014752613071226e-05,0.0023438058979671924
2020-04-21,107.993671161411,-0.038482450571727195,Bear Market,3.7978722788212266e-41,1.0,-0.004306846683161388
2020-04-22,109.30503640632556,0.01206984781145274,Bull Market,0.9995214729907312,0.0004785270092686774,0.002340809613524468
2020-04-23,109.94570093154262,0.005844143161692282,Bull Market,0.9999956073610108,4.39263898915192e-06,0.0023439630048394467
2020-04-24,110.58563219827084,0.00580355683509264,Bull Market,0.9999972176039229,2.7823960771501047e-06,0.002343973714305649
2020-04-27,110.88473956443916,0.0027011066594991107,Bull Market,0.9999985742576603,1.4257423397255715e-06,0.0023439827371911034
2020-04-28,111.06214731669957,0.0015986508532431873,Bull Market,0.9999987598442771,1.2401557228365042e-06,0.0023439839714977945
2020-04-29,111.66909503828806,0.00545005916121168,Bull Market,0.999999102875409,8.971245908904572e-07,0.0023439862529425915
2020-05-04,110.20765007438293,-0.01317367530994333,Bull Market,0.07633746451653146,0.9236625354834685,-0.00379913850441868
2020-05-05,110.74854283452854,0.0048959373662867955,Bull Market,0.9999987795093174,1.2204906826502573e-06,0.002343984102286809
2020-05-06,112.54060023107472,0.01605179589350753,Bull Market,0.9867620439563418,0.013237956043658138,0.0022559487065258624
2020-05-07,113.7016116542974,0.010263527794172741,Bull Market,0.9999922427889799,7.757211020031514e-06,0.0023439406276128927
2020-05-08,114.71283669924787,0.008854358022203059,Bull Market,0.9999979554445186,2.0445554814241327e-06,0.002343978621564587
2020-05-11,116.40558283291472,0.014648563330995264,Bull Market,0.9994825512690508,0.0005174487309492152,0.002340550751423754
2020-05-12,118.34635026381642,0.016535000357679408,Bull Market,0.9933061079361485,0.006693892063851516,0.002299472221824748
2020-05-13,119.08812172747866,0.006248240794196054,Bull Market,0.9999997141133187,2.8588668125120573e-07,0.00234399031818746
2020-05-14,119.00935194189944,-0.0006616600104069655,Bull Market,0.9999995976392447,4.023607552948911e-07,0.0023439895435371574
2020-05-15,117.6355475182393,-0.011610813167069306,Bull Market,0.830354827899633,0.16964517210036695,0.001215709509307408
2020-05-18,118.63333400515948,0.008446244907425298,Bull Market,0.9999987816682883,1.2183317117213673e-06,0.0023439841166457767
2020-05-19,119.5131337523096,0.007388761698340386,Bull Market,0.9999993392956341,6.607043659015287e-07,0.0023439878253354216
2020-05-20,120.0495175232396,0.00447803248466015,Bull Market,0.9999997252075429,2.7479245713635156e-07,0.0023439903919733576
2020-05-21,120.33398437564097,0.0023667762799366257,Bull Market,0.9999997555423827,2.4445761724841596e-07,0.002343990593725491
2020-05-22,119.3477836366584,-0.008229297645161582,Bull Market,0.9986185600426355,0.0013814399573645756,0.002334804484963489
2020-05-25,120.86487645867808,0.012631415785613645,Bull Market,0.9999624538122042,3.754618779586798e-05,0.00234374250592728
2020-05-26,123.16451465557236,0.01884778110314375,Bull Market,0.747996558964865,0.252003441035135,0.0006679579303141326
2020-05-27,121.52049569604604,-0.01343804180703344,Bull Market,0.07681004819870502,0.9231899518012949,-0.0037959954264804815
2020-05-28,121.67283042951463,0.0012527872850734611,Bull Market,0.9999988035991764,1.196400823625563e-06,0.002343984262504581
2020-05-29,122.18035426042296,0.00416254201777395,Bull Market,0.999999163908288,8.360917118536651e-07,0.002343986658862438
2020-06-01,124.00226479564004,0.01480156320578018,Bull Market,0.9988598219130645,0.0011401780869354354,0.002336409078797085
2020-06-02,123.26644236505057,-0.0059516192812964054,Bull Market,0.9998542384730503,0.00014576152694963145,0.002343022783139763
2020-06-03,123.94431847704648,0.005484209576482727,Bull Market,0.9999989247038613,1.0752961387009296e-06,0.0023439850679523306
2020-06-04,124.8199599035711,0.007039958057439497,Bull Market,0.9999983842657721,1.6157342278336475e-06,0.0023439814735856626
2020-06-05,126.55087482369564,0.01377202156537948,Bull Market,0.9997246587592112,0.00027534124078875506,0.002342160969337956
2020-06-08,129.00885653814248,0.019236657502223715,Bull Market,0.4408118374909038,0.5591881625090962,-0.0013750781655907378
2020-06-09,129.40126412149496,0.0030370937792944543,Bull Market,0.9999995162397344,4.837602655620629e-07,0.002343989002162128
2020-06-10,130.4048367995119,0.007725589706722565,Bull Market,0.9999994092685932,5.907314069081411e-07,0.0023439882907143
2020-06-11,125.18956896028372,-0.04081460064405617,Bear Market,4.184554135934317e-46,1.0,-0.004306846683161388
2020-06-12,124.83140595342677,-0.0028650656368488596,Bear Market,0.9999472592037917,5.2740796208379555e-05,0.002343641449034538
2020-06-15,121.2344407324919,-0.029237876816907166,Bear Market,8.204461888340554e-24,1.0,-0.004306846683161388
2020-06-16,123.78239435718204,0.020798942047979108,Bear Market,0.0009610929598355021,0.9990389070401645,-0.0043004546087149695
2020-06-17,123.82176761952472,0.0003180339325496359,Bull Market,0.9999832451601756,1.6754839824499368e-05,0.002343880785833208
2020-06-18,124.0800279221268,0.0020835701933433577,Bull Market,0.9999930938571957,6.906142804317347e-06,0.002343946287930491
2020-06-19,126.196942319826,0.016916977067587335,Bull Market,0.8373555650718909,0.16264443492810912,0.0012622702844404844
2020-06-22,127.00911403483246,0.00641512696836899,Bull Market,0.9999954749809651,4.525019034989996e-06,0.0023439621244010886
2020-06-23,127.24727140281831,0.0018733644563293543,Bull Market,0.9999977109048577,2.289095142360376e-06,0.002343976995170697
2020-06-24,125.74302556679,-0.011891867641609074,Bull Market,0.24416354011521052,0.7558364598847895,-0.0026829543119336217
2020-06-25,125.40888089911456,-0.002660898493929885,Bull Market,0.9999719904986228,2.8009501377116594e-05,0.002343805932892317
2020-06-26,125.05167053006632,-0.0028524301268935625,Bull Market,0.9999699121291657,3.00878708343393e-05,0.002343792109991876
2020-06-29,121.73859776909184,-0.026850911374971555,Bull Market,1.5474212856962923e-19,1.0,-0.004306846683161388
2020-06-30,121.25427887842632,-0.003986285842494023,Bull Market,0.9996472362076083,0.00035276379239173466,0.0023416460444198066
2020-07-01,123.60618503160904,0.019210765566501992,Bull Market,0.03529718726804584,0.9647028127319542,-0.004072090776921942
2020-07-02,123.75441798774558,0.0011985172422058884,Bull Market,0.99999224973702,7.75026298001973e-06,0.002343940673823188
2020-07-03,124.28538058323144,0.004281275904593203,Bull Market,0.9999952921760755,4.707823924634165e-06,0.002343960908595217
2020-07-06,125.40982310222957,0.009006581652216364,Bull Market,0.9999826602189474,1.7339781052559124e-05,0.0023438768954833324
2020-07-07,125.3063142617854,-0.0008257054963703497,Bull Market,0.9999905190149265,9.48098507353171e-06,0.002343929163069358
2020-07-08,125.64394947158466,0.0026908552196962853,Bull Market,0.9999981449544776,1.8550455224689636e-06,0.0023439798819647945
2020-07-09,127.42094257658016,0.014044005057229818,Bull Market,0.9992501789578437,0.0007498210421563472,0.002339005280616459
2020-07-10,126.9600064749012,-0.0036239868422889396,Bull Market,0.9999841125586033,1.5887441396727717e-05,0.0023438865547604154
2020-07-13,126.7733174135978,-0.0014715378502971525,Bull Market,0.9999986079591259,1.392040874115546e-06,0.0023439829613341218
2020-07-14,127.28313579894797,0.00401343137112942,Bull Market,0.9999997025706957,2.9742930421182536e-07,0.0023439902414193344
2020-07-15,127.58094871018332,0.0023370342459725145,Bull Market,0.9999996946188062,3.0538119382172094e-07,0.0023439901885325977
2020-07-16,127.72228575047887,0.0011072092763182509,Bull Market,0.9999995445246669,4.554753331645485e-07,0.0023439891902806566
2020-07-17,127.60945520715514,-0.0008837957258649919,Bull Market,0.9999990736581303,9.263418697249588e-07,0.0023439860586231772
2020-07-20,126.16615366997036,-0.011374750357832671,Bull Market,0.808722278054299,0.19127772194570108,0.0010718349052307038
2020-07-21,126.12368717273668,-0.0003366484951823318,Bull Market,0.9999989340826386,1.065917361367597e-06,0.0023439851303290677
2020-07-22,125.1992714169306,-0.0073564303864558705,Bull Market,0.9991724032353513,0.0008275967646487643,0.002338488006815618
2020-07-23,124.91889046496723,-0.002241988884762801,Bull Market,0.9999913469447179,8.65305528209106e-06,0.002343934669497024
2020-07-24,120.05416914793685,-0.03972159991717429,Bear Market,1.6176680199902167e-44,1.0,-0.004306846683161388
2020-07-27,113.77547690918536,-0.0537160449126455,Bear Market,1.0629623933660102e-82,1.0,-0.004306846683161388
2020-07-28,117.85474996510052,0.03522592816593896,Bear Market,5.8548226957971445e-24,1.0,-0.004306846683161388
2020-07-29,114.60982198922504,-0.02791942642654341,Bear Market,4.3475925701057797e-23,1.0,-0.004306846683161388
2020-07-30,115.5398741315922,0.008082193639751304,Bear Market,0.9984537638312242,0.001546236168775759,0.0023337084519096116
2020-07-31,114.64461931473949,-0.0077786241596247,Bear Market,0.6985546013180026,0.3014453986819974,0.0003391274349689986
2020-08-03,117.5233684871205,0.024800117751096272,Bear Market,7.57724866377344e-09,0.9999999924227514,-0.004306846632766328
2020-08-04,119.47657362980136,0.01648312103167339,Bear Market,0.32946924451954085,0.670530755480459,-0.002115599814456079
2020-08-05,121.24638835190898,0.014704427002392405,Bull Market,0.9440814342218931,0.055918565778106936,0.0019720868469115358
2020-08-06,121.18456734735994,-0.0005100091752782865,Bull Market,0.9999561677619181,4.383223808193971e-05,0.0023437006984194926
2020-08-07,121.3274031195536,0.001177968975596214,Bull Market,0.9999892037846493,1.0796215350668187e-05,0.0023439204156846653
2020-08-10,122.39946781421396,0.008797319759789169,Bull Market,0.999993347637263,6.652362736985161e-06,0.0023439479757808353
2020-08-11,122.62776502021526,0.001863444070460702,Bull Market,0.9999982923291437,1.7076708563421847e-06,0.0023439808621299576
2020-08-12,123.12999554908386,0.0040872054405291635,Bull Market,0.9999993538925726,6.461074274070782e-07,0.002343987922417308
2020-08-13,124.25087630295994,0.009062046035313256,Bull Market,0.9999969095765383,3.0904234617338892e-06,0.0023439716656651365
2020-08-14,123.55464243402533,-0.005619210617085678,Bull Market,0.9999488690699211,5.113093007892503e-05,0.0023436521559948194
2020-08-17,123.57521399312768,0.00016648380286603896,Bull Market,0.9999992641718175,7.358281825322171e-07,0.00234398732569902
2020-08-18,123.72376851646074,0.0012014165177243676,Bull Market,0.9999995274127653,4.725872347251773e-07,0.002343989076472156
2020-08-19,124.6866124962468,0.007752081838771133,Bull Market,0.9999992013007437,7.986992563254975e-07,0.002343986907553636
2020-08-20,124.30071787548668,-0.0030997153884453764,Bull Market,0.9999971621451521,2.837854847849168e-06,0.002343973345458299
2020-08-21,125.84962081428294,0.012383934733613,Bull Market,0.9999747519848587,2.524801514124415e-05,0.002343824299092403
2020-08-24,127.55114920373796,0.013429745797184959,Bull Market,0.999940022867779,5.997713222092231e-05,0.0023435933213294723
2020-08-25,128.20372748449088,0.005103165229318386,Bull Market,0.9999998305071681,1.6949283188554128e-07,0.0023439910923042013
2020-08-26,128.57976357303195,0.0029288203520808393,Bull Market,0.9999998690041174,1.309958826560038e-07,0.0023439913483412097
2020-08-27,129.39825764172335,0.00634547711645762,Bull Market,0.999999814598011,1.854019890213789e-07,0.0023439909864949606
2020-08-28,129.6327484946016,0.0018105239247681072,Bull Market,0.9999998895984655,1.1040153436874584e-07,0.002343991485310902
2020-08-31,128.97938747771732,-0.005052836399310354,Bull Market,0.9999913992917608,8.600708239135528e-06,0.002343935017648774
2020-09-01,130.26248290330037,0.009898909470552372,Bull Market,0.9999986014354496,1.3985645504037209e-06,0.0023439829179462022
2020-09-03,131.1094849363441,0.0064812229482056295,Bull Market,0.9999997989292775,2.010707225643604e-07,0.002343990882284738
2020-09-04,130.9309038236628,-0.0013630046968975229,Bull Market,0.9999995398909417,4.6010905830331697e-07,0.0023439891594624973
2020-09-07,129.71172102720612,-0.009355274787969232,Bull Market,0.9964050466617167,0.0035949533382833242,0.0023200827640579495
2020-09-08,130.68483898513787,0.007474157784508116,Bull Market,0.999999339947541,6.600524590889995e-07,0.002343987829671149
2020-09-09,131.19146516909476,0.003869207010854322,Bull Market,0.9999997660201855,2.3397981454329556e-07,0.0023439906634116687
2020-09-10,131.77393564109624,0.004430023286665589,Bull Market,0.9999997732842804,2.2671571962334652e-07,0.0023439907117239938
2020-09-11,132.27354345840865,0.0037842316482763136,Bull Market,0.999999809651276,1.9034872394856213e-07,0.002343990953595023
2020-09-14,133.65871579087957,0.010417576743907066,Bull Market,0.9999970159214572,2.9840785429103608e-06,0.0023439723729480597
2020-09-15,133.83521849268593,0.0013196764845881004,Bull Market,0.9999997980861728,2.019138272561839e-07,0.0023439908766773846
2020-09-16,134.39328360228404,0.004161123150434031,Bull Market,0.9999998428829164,1.5711708356605573e-07,0.00234399117461331
2020-09-17,134.41600956868749,0.00016908616654954197,Bull Market,0.9999996805815661,3.1941843383593546e-07,0.002343990095173175
2020-09-18,135.39957468204727,0.007290679467529716,Bull Market,0.9999996711155146,3.2888448547009384e-07,0.0023439900322159914
2020-09-21,135.75552423999147,0.0026254329261708427,Bull Market,0.9999998873214049,1.1267859503082721e-07,0.002343991470166538
2020-09-22,135.75720631443042,1.239039094441433e-05,Bull Market,0.9999997213940692,2.7860593075186047e-07,0.002343990366610559
2020-09-23,136.58252609721367,0.006060976134573637,Bull Market,0.9999998004491193,1.9955088077495666e-07,0.0023439908923929605
2020-09-24,136.3047466812071,-0.0020358553854213073,Bull Market,0.9999988517505691,1.1482494308974958e-06,0.002343984582751737
2020-09-25,136.02028866663383,-0.0020891073614775894,Bull Market,0.9999985473488158,1.4526511843051051e-06,0.002343982558224713
2020-09-28,137.13596270162023,0.008168806193613255,Bull Market,0.9999989482107929,1.0517892071543971e-06,0.0023439852242931455
2020-09-29,135.92552022548216,-0.008865771852867023,Bull Market,0.9957804475603849,0.004219552439615207,0.002315928656056198
2020-09-30,137.01557354474824,0.007987504553993743,Bull Market,0.9999982149127887,1.7850872113373958e-06,0.002343980347246252
2020-10-01,138.62778249389703,0.011697922685459654,Bull Market,0.9999709955633708,2.9004436629157826e-05,0.002343799315738236
2020-10-02,138.399191095194,-0.0016503190835404473,Bull Market,0.9999977325405347,2.2674594652660117e-06,0.0023439771390660995
2020-10-05,140.49707295644015,0.01504445702795717,Bull Market,0.9985347134998405,0.0014652865001595942,0.002334246835114808
2020-10-06,141.01313619194394,0.0036663950139579887,Bull Market,0.9999996726498338,3.273501662313322e-07,0.002343990042420501
2020-10-07,140.84640788246583,-0.001183059665211129,Bull Market,0.9999988436182848,1.156381715130251e-06,0.0023439845286652244
2020-10-08,140.33985665018898,-0.0036029624782329198,Bull Market,0.999994132133316,5.867866683967227e-06,0.0023439531933377037
2020-10-09,140.59830455225222,0.001839892265723409,Bull Market,0.9999996200930996,3.799069003721936e-07,0.002343989692874129
2020-10-12,139.72280532452749,-0.006246422716995041,Bull Market,0.9998530914998075,0.0001469085001924532,0.002343015154805499
2020-10-13,140.0066211952332,0.0020292178168484433,Bull Market,0.9999994374458877,5.625541123449292e-07,0.0023439884781169466
2020-10-14,140.47550098524536,0.0033433876151386303,Bull Market,0.9999995414739207,4.5852607927042234e-07,0.0023439891699906356
2020-10-15,140.17471334359766,-0.002143506339619715,Bull Market,0.9999966569571913,3.343042808578088e-06,0.0023439699855345567
2020-10-16,140.14195878129087,-0.00023369685582794706,Bull Market,0.9999989317707724,1.068229227714968e-06,0.002343985114953217
2020-10-19,140.34781207101884,0.001467813432634557,Bull Market,0.9999991652429813,8.34757018668137e-07,0.0023439866677392673
2020-10-20,140.92723472566882,0.004119977800038501,Bull Market,0.9999993909374878,6.09062512215427e-07,0.0023439881687970713
2020-10-21,139.7440089136391,-0.008431450306360782,Bull Market,0.9967121156896043,0.0032878843103957413,0.0023221250306944496
2020-10-22,140.58405227041618,0.005993305612980741,Bull Market,0.9999986308916654,1.3691083345598376e-06,0.002343983113854748
2020-10-23,141.56510915549194,0.00695419992635889,Bull Market,0.9999984813197792,1.5186802207771462e-06,0.002343982119076228
2020-10-26,139.87111490671504,-0.012038355847475363,Bull Market,0.3782971080709923,0.6217028919290076,-0.0017908535600106442
2020-10-27,138.48779565451838,-0.009939187053644926,Bull Market,0.9362135678005266,0.06378643219947343,0.0019197589348347883
2020-10-28,135.36714091549158,-0.022791554270103397,Bull Market,2.8925785193917686e-13,0.9999999999997108,-0.004306846683159464
2020-10-29,135.6464695323511,0.002061363009101882,Bull Market,0.9999933137965383,6.686203461739581e-06,0.002343947750711627
2020-10-30,136.11463201588955,0.0034454007140287345,Bull Market,0.999995393188406,4.6068115939055135e-06,0.0023439615804119554
2020-11-02,137.35546427327142,0.009074782139559923,Bull Market,0.9999769713801273,2.3028619872697792e-05,0.002343839059932796
2020-11-03,138.54478521896368,0.008621437020390373,Bull Market,0.9999860880003478,1.3911999652198253e-05,0.00234389969310522
2020-11-04,139.98564891543933,0.010346277268331703,Bull Market,0.9999649055296107,3.509447038921486e-05,0.002343758811904786
2020-11-05,139.17811536934497,-0.005785391242006297,Bull Market,0.9996975581285225,0.0003024418714775553,0.0023419807274090826
2020-11-06,139.4554256378043,0.0019905023567360534,Bull Market,0.999997879848985,2.1201510149220454e-06,0.0023439781187908717
2020-11-09,141.63955121039126,0.015540437992711304,Bull Market,0.992365435428248,0.007634564571752008,0.0022932159605144704
2020-11-10,141.90621565415245,0.0018809275506317382,Bull Market,0.999999112380119,8.876198809507279e-07,0.0023439863161568864
2020-11-11,142.08677780913763,0.0012715960144883995,Bull Market,0.9999994387641017,5.612358983099409e-07,0.0023439884868841753
2020-11-12,143.18112724200262,0.007672470557583585,Bull Market,0.9999989820315119,1.0179684880509963e-06,0.0023439854492293
2020-11-13,144.19999870863134,0.00709076305713942,Bull Market,0.9999992594215087,7.405784913754928e-07,0.002343987294105481
2020-11-16,142.637512128699,-0.010894684103025194,Bull Market,0.9207607140436145,0.07923928595638556,0.001816984493910041
2020-11-17,144.6703263798885,0.014151010876726797,Bull Market,0.9995595103089046,0.00044048969109537707,0.0023410625935999306
2020-11-18,145.4681864692471,0.005499870339170793,Bull Market,0.9999996116631558,3.883368442175007e-07,0.002343989636807931
2020-11-19,146.3492577510463,0.006038528378046918,Bull Market,0.9999996343257637,3.6567423632527445e-07,0.002343989787533285
2020-11-20,147.7533539383024,0.009548414732229529,Bull Market,0.9999981771283605,1.8228716394428907e-06,0.002343980095948107
2020-11-23,148.7132853205159,0.00647583646704973,Bull Market,0.9999996657639937,3.342360063688124e-07,0.002343989996623888
2020-11-24,148.72573315975671,8.370010976822351e-05,Bull Market,0.999999624555618,3.7544438200723667e-07,0.00234398972255362
2020-11-25,148.89579852333276,0.0011428298290378166,Bull Market,0.9999997658537586,2.341462413267342e-07,0.0023439906623047907
2020-11-26,149.43441321291374,0.0036108664400232404,Bull Market,0.9999998302531569,1.6974684322695412e-07,0.0023439910906148135
2020-11-27,150.47445958516684,0.006935777070098207,Bull Market,0.9999996951191973,3.04880802744721e-07,0.002343990191860618
2020-11-30,150.27862182329125,-0.0013023160968945447,Bull Market,0.9999994309859619,5.690140380610072e-07,0.002343988435153021
2020-12-01,151.1523133423376,0.00579697611501136,Bull Market,0.9999997374062021,2.6259379789754764e-07,0.0023439904731046746
2020-12-02,151.8907227419435,0.004873306910646774,Bull Market,0.9999997519972976,2.4800270237845194e-07,0.002343990570147701
2020-12-03,153.46038462442974,0.010281120132770969,Bull Market,0.9999967313839631,3.2686160369552504e-06,0.002343970480535025
2020-12-04,153.65458558558927,0.0012646793929367733,Bull Market,0.9999997156654455,2.8433455442682843e-07,0.0023439903285104057
2020-12-07,154.38420571174927,0.004737205256155997,Bull Market,0.9999998072876951,1.9271230497333456e-07,0.002343990937875227
2020-12-08,155.04489183332822,0.004270361972048124,Bull Market,0.9999997914279871,2.0857201290582104e-07,0.002343990832394864
2020-12-09,156.27432213957897,0.007898238478541663,Bull Market,0.9999995153529447,4.846470552442916e-07,0.0023439889962642325
2020-12-10,154.49664055851798,-0.011440586052207515,Bull Market,0.8617629527626338,0.1382370472373662,0.0014245998880082155
2020-12-11,156.1946677761713,0.010930747522921393,Bull Market,0.9999868314505169,1.3168549483011006e-05,0.0023439046376725276
2020-12-14,158.6438225096581,0.01555847975183128,Bull Market,0.9979306661846162,0.0020693338153837506,0.002330229413731622
2020-12-15,158.91784474859918,0.0017257895722621623,Bull Market,0.9999996084008451,3.9159915485671913e-07,0.002343989615110828
2020-12-16,160.4162746255116,0.009384784047383857,Bull Market,0.9999975008093377,2.4991906623826784e-06,0.0023439755978592394
2020-12-17,159.34981990880183,-0.0066702423365451215,Bull Market,0.9997947304929337,0.00020526950706628992,0.00234262700515058
2020-12-18,161.58326092539045,0.013918646637942943,Bull Market,0.9996424163572246,0.00035758364277542714,0.002341613988371369
2020-12-21,163.55226877215142,0.012112068588853664,Bull Market,0.999962918165398,3.7081834602112626e-05,0.002343745594265565
2020-12-22,165.64238170914646,0.012698511474219543,Bull Market,0.9999324337890733,6.756621092674159e-05,0.00234354284758958
2020-12-23,165.17123791441492,-0.002848396107840108,Bull Market,0.9999954937377923,4.506262207701639e-06,0.002343962249149725
2020-12-24,163.27055530571627,-0.011574068012595867,Bull Market,0.7317862461564084,0.26821375384359153,0.0005601457512621445
2020-12-25,166.42530615689557,0.01913792381186309,Bull Market,0.3191869397119813,0.6808130602880187,-0.002183985767279977
2020-12-28,167.89878026593948,0.00881470231724316,Bull Market,0.9999961054765957,3.894523404253112e-06,0.002343966317725957
2020-12-29,169.41549424464188,0.00899294405884342,Bull Market,0.9999960937519472,3.906248052774226e-06,0.0023439662397472085
2020-12-30,169.41337923111172,-1.2484257958882483e-05,Bull Market,0.9999985939922829,1.4060077172474235e-06,0.0023439828684428984
2020-12-31,171.02300620258927,0.009456327437493027,Bull Market,0.9999961262932415,3.873706758469536e-06,0.0023439664561741144
2021-01-04,174.05721661768445,0.017585989648035392,Bull Market,0.9135513641841985,0.08644863581580152,0.0017690362694016094
2021-01-05,175.4148466236464,0.007769644434959154,Bull Market,0.9999983020565879,1.6979434121425667e-06,0.0023439809268256217
2021-01-06,176.09834473311622,0.0038888951406841994,Bull Market,0.9999995671817403,4.328182597265327e-07,0.0023439893409692024
2021-01-07,179.0608922007999,0.016683312012249814,Bull Market,0.9833254834629661,0.016674516537033862,0.002233092696304917
2021-01-08,180.6397331421932,0.008778695224048082,Bull Market,0.9999982763538782,1.7236461218568615e-06,0.00234398075588104
2021-01-11,182.98154363243432,0.012880670178216265,Bull Market,0.9999180434211201,8.195657887978096e-05,0.0023434471395705724
2021-01-12,184.846686987969,0.010141469229268658,Bull Market,0.9999943942020235,5.60579797647003e-06,0.0023439549363144588
2021-01-13,184.4061683565472,-0.0023860009965268373,Bull Market,0.9999971618573389,2.8381426612280256e-06,0.002343973343544099
2021-01-14,185.7207662349124,0.0071035273761243,Bull Market,0.9999991656235883,8.343764116950601e-07,0.002343986670270623
2021-01-15,187.39560768679928,0.008977642462320688,Bull Market,0.999997718469711,2.2815302891353654e-06,0.0023439770454833173
2021-01-18,188.2332216914337,0.004459803547853495,Bull Market,0.9999995082962301,4.917037699314184e-07,0.0023439889493311597
2021-01-19,179.1904048100452,-0.049232780386269166,Bear Market,1.4682966191709045e-67,1.0,-0.004306846683161388
2021-01-20,179.17168690714297,-0.00010446363246502108,Bear Market,0.9999703957854069,2.9604214593152228e-05,0.002343795326711621
2021-01-21,184.1184044459636,0.027234562185795723,Bear Market,1.5860887887147186e-10,0.9999999998413911,-0.004306846682106505
2021-01-22,185.45445992302788,0.00723029976662874,Bear Market,0.9999854072636367,1.459273636326042e-05,0.0023438951656350195
2021-01-25,187.0063799910596,0.008333381031418029,Bear Market,0.9999807781992462,1.9221800753667094e-05,0.002343864378473488
2021-01-26,182.2226887217614,-0.025913230334649328,Bear Market,5.795017289657108e-18,1.0,-0.004306846683161388
2021-01-27,176.1588126600723,-0.03384357070774468,Bear Market,2.4794426884352396e-32,1.0,-0.004306846683161388
2021-01-28,164.65182059842635,-0.0675528666832933,Bear Market,4.0628420644255975e-129,1.0,-0.004306846683161388
2021-01-29,168.71464895942506,0.024375754013028987,Bear Market,9.176271534275497e-09,0.9999999908237284,-0.004306846622131485
2021-02-01,162.87682531513542,-0.035214577930400545,Bear Market,1.7713799225808294e-36,1.0,-0.004306846683161388
2021-02-02,166.61983955334992,0.022720565367988187,Bear Market,4.4812032752287e-07,0.9999995518796725,-0.004306843702785281
2021-02-03,172.8012337871146,0.03642718871942057,Bear Market,8.60051577699639e-26,1.0,-0.004306846683161388
2021-02-04,173.6756800127307,0.005047655687535391,Bear Market,0.9998276720775412,0.00017232792245880593,0.002342846094323005
2021-02-05,175.80129627463157,0.012164706795996683,Bear Market,0.9920285213826215,0.007971478617378536,0.0022909751994729393
2021-02-08,170.39369801678896,-0.031242728557964068,Bear Market,3.706142495185912e-28,1.0,-0.004306846683161388
2021-02-09,174.31272779646935,0.02273934197317018,Bear Market,1.4808252826486452e-06,0.9999985191747174,-0.00430683683443099
2021-02-17,181.5161979442177,0.04049392237960996,Bear Market,1.776028270776912e-32,1.0,-0.004306846683161388
2021-02-18,183.9332320581935,0.013227927912518502,Bull Market,0.9951026434851824,0.004897356514817536,0.00231142069034441
2021-02-19,184.09839107076812,0.0008975262628654859,Bull Market,0.9999841522814251,1.5847718574968865e-05,0.0023438868189505037
2021-02-22,184.0035006626425,-0.000515566001471264,Bull Market,0.9999878444167815,1.2155583218512157e-05,0.0023439113747479668
2021-02-23,183.71282123081252,-0.0015809985854348828,Bull Market,0.9999858615592825,1.413844071745601e-05,0.0023438981870821736
2021-02-24,181.50238238834075,-0.012105004457700061,Bull Market,0.12414212709300297,0.8758578729069971,-0.0034811973948229583
2021-02-25,181.64989076680916,0.0008123776029226251,Bull Market,0.9999958245588646,4.175441135469447e-06,0.0023439644493873824
2021-02-26,182.13404447235683,0.002661766749440635,Bull Market,0.9999971265568661,2.873443133854537e-06,0.002343973108766342
2021-03-01,185.9694639715563,0.020839563961854504,Bull Market,0.007204419182395057,0.992795580817605,-0.004258931251791505
2021-03-02,185.95670795284428,-6.859435920324777e-05,Bull Market,0.9999968525773612,3.147422638837341e-06,0.002343971286572792
2021-03-03,187.25429346853088,0.006953657525053411,Bull Market,0.9999963494341605,3.650565839610996e-06,0.002343967940248419
2021-03-04,184.3686937604208,-0.015530028029561646,Bull Market,0.00021633939995810758,0.9997836606000419,-0.004305407844663952
2021-03-05,184.79963616163872,0.0023346672075182633,Bull Market,0.9999968013094752,3.1986905248419506e-06,0.0023439709455983413
2021-03-08,185.9884913277932,0.006412606833789147,Bull Market,0.9999971978738208,2.8021261793078105e-06,0.0023439735830839185
2021-03-09,186.46176530287588,0.0025414090681226778,Bull Market,0.9999982763940749,1.7236059250445403e-06,0.0023439807561483825
2021-03-10,188.1428681779412,0.00897540505539675,Bull Market,0.9999878702960352,1.2129703964902202e-05,0.0023439115468667135
2021-03-11,189.90969148153263,0.009347039833249993,Bull Market,0.9999825165272817,1.7483472718448402e-05,0.0023438759398132112
2021-03-12,189.71333961887203,-0.0010344571539884822,Bull Market,0.9999936489600738,6.35103992624271e-06,0.0023439499798303073
2021-03-15,190.4513148453386,0.003882402768179203,Bull Market,0.999997620630523,2.379369476946561e-06,0.0023439763947706404
2021-03-16,190.37291438448804,-0.00041174093421903813,Bull Market,0.9999943435408503,5.656459149708792e-06,0.0023439545993751572
2021-03-17,190.98077940197012,0.003187935725778205,Bull Market,0.9999979280540414,2.0719459586906818e-06,0.0023439784393949354
2021-03-18,192.3072199987837,0.006921405805761824,Bull Market,0.9999973380391526,2.661960847347336e-06,0.0023439745153009603
2021-03-19,192.62580425022472,0.0016552714582176514,Bull Market,0.999998378175471,1.621824529040043e-06,0.0023439814330800507
2021-03-22,192.43931558101457,-0.0009686085505341175,Bull Market,0.9999952357224839,4.764277516028266e-06,0.0023439605331314747
2021-03-23,190.70958044077307,-0.00902911066455024,Bull Market,0.9777414949509234,0.022258505049076536,0.0021959544882765975
2021-03-24,186.44766681072275,-0.022601156835178708,Bull Market,2.8825036966697537e-13,0.9999999999997117,-0.00430684668315947
2021-03-25,186.07624833496965,-0.001994065796717419,Bull Market,0.999896891525503,0.00010310847449703884,0.0023433064617203354
2021-03-26,185.253161759626,-0.004433195437758467,Bull Market,0.9991696443509389,0.0008303556490610004,0.0023384696579198407
2021-03-29,188.5998388921901,0.01790418440992995,Bull Market,0.1485354663008932,0.8514645336991068,-0.0033189612254515078
2021-03-30,190.33461379763696,0.00915613247965448,Bull Market,0.9998337783162795,0.00016622168372061464,0.0023428867059331546
2021-03-31,190.57157322197173,0.0012441880073237245,Bull Market,0.9999695574222311,3.0442577768837338e-05,0.002343789750893197
2021-04-01,193.619163782242,0.015865319966359766,Bull Market,0.8683423034612673,0.13165769653873266,0.0014683580895894248
2021-04-02,194.6509252797575,0.005314671179427256,Bull Market,0.9999875314147916,1.2468585208397539e-05,0.0023439092930221555
2021-04-05,195.4049504894263,0.0038662468418773463,Bull Market,0.9999918900166428,8.10998335711823e-06,0.0023439382813809093
2021-04-06,195.46868948284305,0.00032613605760793533,Bull Market,0.9999879004105577,1.2099589442330392e-05,0.0023439117471535514
2021-04-07,197.02380207014943,0.007924333629555221,Bull Market,0.9999873340672562,1.2665932743832978e-05,0.0023439079804954896
2021-04-08,197.00451324358255,-9.790578916608151e-05,Bull Market,0.9999820639932349,1.7936006765197627e-05,0.002343872930082168
2021-04-09,197.55619445591773,0.0027964344197682666,Bull Market,0.9999949537477277,5.046252272278466e-06,0.002343958657762796
2021-04-12,199.8344332455633,0.0114661171710204,Bull Market,0.9997694771286482,0.00023052287135189885,0.0023424590490929644
2021-04-13,197.26193042583617,-0.012956748254165786,Bull Market,0.010613639850536465,0.9893863601494636,-0.004236257074343821
2021-04-14,198.69083032493683,0.007217558475295468,Bull Market,0.9999778035395315,2.2196460468560338e-05,0.0023438445944909342
2021-04-15,196.91561147582505,-0.008974731334255708,Bull Market,0.8210982453873998,0.17890175461260005,0.0011541454702286708
2021-04-16,194.22446020537384,-0.013760767209703558,Bull Market,0.00025693453717742353,0.9997430654628225,-0.004305137852946073
2021-04-19,196.61914773672743,0.01225409574935616,Bull Market,0.9895296357089477,0.010470364291052274,0.002274355513420983
2021-04-20,196.03191074800296,-0.0029911414415697574,Bull Market,0.9987226206503186,0.001277379349681384,0.00233549657530131
2021-04-22,189.29530657536557,-0.03496919158898216,Bear Market,5.804078082814004e-36,1.0,-0.004306846683161388
2021-04-23,193.0769898607132,0.019780756228147112,Bear Market,5.745764678837244e-05,0.9999425423532117,-0.004306464541608868
2021-04-26,189.2774471696511,-0.019875107475303914,Bear Market,1.844044206868762e-12,0.9999999999981559,-0.004306846683149124
2021-04-27,189.39872717615725,0.0006405473534870708,Bull Market,0.9912515170580308,0.008748482941969192,0.0022858074688833583
2021-04-28,191.65220784310665,0.011827851508831958,Bull Market,0.8739930520635568,0.1260069479364431,0.0015059403082231084
2021-04-29,192.770278011822,0.005816898659510745,Bull Market,0.9980602508113808,0.001939749188619204,0.002331091260208504
2021-05-04,191.90247832728667,-0.004511892991624126,Bull Market,0.959528375378357,0.040471624621643054,0.0020748219640832058
2021-05-05,194.8064701479184,0.015019287357272761,Bull Market,0.40345244198631597,0.5965475580136841,-0.0016235494865953182
2021-05-06,194.24052835086405,-0.002909377008115099,Bull Market,0.9937414884539573,0.006258511546042754,0.0023023678675100838
2021-05-07,192.3298660742632,-0.009885277626456085,Bull Market,0.031976991214909246,0.9680230087850907,-0.004094172865996851
2021-05-10,193.773865328436,0.007479886202654835,Bull Market,0.998958563425217,0.0010414365747830074,0.002337065792687424
2021-05-11,194.79502396822053,0.005256010034558916,Bull Market,0.9996967396558225,0.00030326034417748856,0.0023419752838790093
2021-05-12,197.89215538336364,0.01577436595588451,Bull Market,0.6191282675170456,0.3808717324829545,-0.00018912431577603134
2021-05-13,196.92498855633315,-0.004899325049491733,Bull Market,0.9953938061281352,0.004606193871864732,0.0023133571661771834
2021-05-14,197.58684887568305,0.0033553413484913074,Bull Market,0.9999372844170759,6.271558292422464e-05,0.0023435751083350016
2021-05-17,195.7050853620155,-0.009569369263370386,Bull Market,0.36356812458772525,0.6364318754122748,-0.0018888136563589
2021-05-18,194.580801145473,-0.005761352717530994,Bull Market,0.9789414376762523,0.021058562323747733,0.002203935114035269
2021-05-19,195.1829446822884,0.0030897897626772338,Bull Market,0.9998772228897674,0.0001227771102326031,0.0023431756487926215
2021-05-20,196.0116436011749,0.004236766986636155,Bull Market,0.9999131200229108,8.687997708912149e-05,0.002343414394842228
2021-05-21,198.55700453854905,0.01290217182209546,Bull Market,0.9931491490369683,0.006850850963031713,0.00229842831347195
2021-05-24,201.7153157420493,0.015781139938187434,Bull Market,0.8791052996859045,0.12089470031409545,0.001539941043590233
2021-05-25,203.0120262602157,0.006407844593401764,Bull Market,0.9999791407121184,2.0859287881571674e-05,0.0023438534878103953
2021-05-26,203.4599835471917,0.0022041245523521584,Bull Market,0.9999875776782948,1.2422321705206923e-05,0.0023439096007132625
2021-05-27,202.10884889071335,-0.006662936335401675,Bull Market,0.9952069688700391,0.004793031129960856,0.002312114541672557
2021-05-28,204.93514448314096,0.013887152543332532,Bull Market,0.9936835900852468,0.006316409914753317,0.002301982794787059
2021-05-31,206.508776855572,0.00764935372196123,Bull Market,0.9999757156431446,2.4284356855365726e-05,0.00234383070822842
2021-06-01,206.44554976610831,-0.00030621831946886496,Bull Market,0.9999853232299912,1.4676770008771022e-05,0.002343894606740781
2021-06-02,208.39076608896923,0.00937830419241307,Bull Market,0.9999586502413373,4.1349758662674194e-05,0.0023437172089901892
2021-06-03,213.29825690042676,0.023276453084420706,Bull Market,3.10904833236386e-05,0.9999689095166764,-0.004306639905365395
2021-06-04,214.8744910957924,0.007362641939153017,Bull Market,0.9999965111826599,3.4888173401357787e-06,0.0023439690160116313
2021-06-07,213.4924817082183,-0.006452477759711349,Bull Market,0.9993495330611339,0.0006504669388659929,0.0023396660687517684
2021-06-08,207.99803623619877,-0.026072979082593123,Bull Market,1.4418550669831367e-18,1.0,-0.004306846683161388
2021-06-09,209.79851903181884,0.008618998500408061,Bull Market,0.9998081015096629,0.00019189849033713233,0.002342715933628812
2021-06-10,209.9054058472285,0.0005093439035686568,Bull Market,0.9999418876408658,5.811235913415425e-05,0.0023436057236348624
2021-06-11,213.26178201335773,0.015863453726526647,Bull Market,0.8923518542113317,0.10764814578866838,0.0016280417437551454
2021-06-14,215.88182570237475,0.01221072012370564,Bull Market,0.9993048723410134,0.0006951276589865416,0.0023393690374969665
2021-06-15,217.9891215059293,0.009714005456189707,Bull Market,0.999952461721919,4.75382780809932e-05,0.0023436760501444913
2021-06-16,218.2513993727348,0.0012024462921464258,Bull Market,0.9999949830257203,5.016974279623795e-06,0.0023439588524860086
2021-06-17,221.0196206552997,0.01260387233545761,Bull Market,0.9996727109312759,0.0003272890687241234,0.002341815472703011
2021-06-18,222.93526032838096,0.008629938059891772,Bull Market,0.9999915080776516,8.491922348384357e-06,0.002343935741166208
2021-06-21,222.04055359361604,-0.004021377847961435,Bull Market,0.9999554865598825,4.45134401175567e-05,0.0023436961678544935
2021-06-22,222.1032017972824,0.00028210777849044206,Bull Market,0.999997277980818,2.7220191819461743e-06,0.002343974115862652
2021-06-23,220.36648031831007,-0.007850166770590257,Bull Market,0.9948946441317799,0.005105355868220225,0.002310037320153056
2021-06-24,219.5609773517424,-0.003661984959939204,Bull Market,0.9998980133444091,0.00010198665559087728,0.0023433139227571577
2021-06-25,220.99140474811463,0.006493813136428046,Bull Market,0.9999896731024511,1.032689754882914e-05,0.002343923537041759
2021-06-28,223.3787775233965,0.01074507624645368,Bull Market,0.9998901820921428,0.0001098179078572105,0.002343261838359928
2021-06-29,223.4506394507929,0.00032165262754002923,Bull Market,0.9999939121845015,6.087815498551641e-06,0.0023439517304935714
2021-06-30,222.63525903259955,-0.0036557144220165758,Bull Market,0.9998621184132908,0.00013788158670916995,0.002343075191352865
2021-07-01,224.35075279578552,0.007675865198011635,Bull Market,0.9999775892549894,2.241074501057781e-05,0.002343843169318966
2021-07-02,224.0573261913612,-0.0013087482588155595,Bull Market,0.9999529125335836,4.708746641642851e-05,0.0023436790484202483
2021-07-05,221.86147645731435,-0.00984873241634354,Bull Market,0.5492284874682672,0.45077151253173275,-0.0006540164922170736
2021-07-06,213.4316965145452,-0.03873634835976909,Bear Market,5.723325208041096e-44,1.0,-0.004306846683161388
2021-07-07,215.66297837441007,0.010400045033732343,Bear Market,0.9486094005431503,0.05139059945684963,0.0020022016214712285
2021-07-08,214.65568093793345,-0.004681643495991679,Bear Market,0.8861905823506393,0.11380941764936062,0.001587064117173726
2021-07-09,210.730267794575,-0.018456296368700477,Bear Market,4.512682332931647e-11,0.9999999999548732,-0.004306846682861258
2021-07-12,202.56452200391516,-0.03952050102748945,Bear Market,1.499796992370234e-47,1.0,-0.004306846683161388
2021-07-13,204.9748880494092,0.011829011339481568,Bear Market,0.09654705230680369,0.9034529476931963,-0.003664727791734897
2021-07-14,203.1842321147576,-0.008774359482031308,Bear Market,0.0025320417579469887,0.997467958242053,-0.004290006481334285
2021-07-15,206.23561928165856,0.014906183255909849,Bear Market,0.00975560650261944,0.9902443934973806,-0.004241963715913991
2021-07-16,207.1708701561733,0.004524614363623135,Bear Market,0.9835817923327614,0.016418207667238564,0.0022347973653072677
2021-07-19,199.31841827845304,-0.038640274659564856,Bear Market,2.0228059584792847e-45,1.0,-0.004306846683161388
2021-07-20,203.38087364958432,0.020176808212197455,Bear Market,6.561660805363014e-07,0.9999993438339195,-0.004306842319106493
2021-07-21,203.5772997082659,0.0009653378985590529,Bear Market,0.9560965930129718,0.0439034069870282,0.0020519977324217824
2021-07-22,208.10230482386436,0.02198402499369345,Bear Market,1.353820867730379e-07,0.9999998646179132,-0.004306845782756939
2021-07-23,205.4567385468207,-0.012794315143507136,Bear Market,2.343766639895113e-05,0.999976562333601,-0.004306690803017912
2021-07-26,207.376377931846,0.009299899372806444,Bull Market,0.986307017846499,0.013692982153501048,0.0022529224011727596
2021-07-27,208.55290834825468,0.005657372987217598,Bull Market,0.998993506393144,0.0010064936068559754,0.0023372981927378897
2021-07-28,208.1645019925479,-0.0018641240252658072,Bull Market,0.9967403896427977,0.0032596103572023007,0.0023223130762022822
2021-07-29,210.2178369348758,0.009815669722982413,Bull Market,0.9931310109706271,0.006868989029372937,0.0022983076801147075
2021-07-30,212.8802747422149,0.01258560545358736,Bull Market,0.9731162661330207,0.026883733866979353,0.0021651928365204382
2021-08-02,213.58431156511267,0.003301739394498833,Bull Market,0.9999414345409148,5.8565459085244076e-05,0.002343602710140081
2021-08-03,214.98818814307435,0.006551431089296277,Bull Market,0.9999339869808015,6.601301919849534e-05,0.002343553177617549
2021-08-04,216.01307482513485,0.004755849701001992,Bull Market,0.9999723605268229,2.763947317706571e-05,0.0023438083938902648
2021-08-05,218.3180525225032,0.010614018621238168,Bull Market,0.9996597663976943,0.00034023360230574977,0.002341729380695489
2021-08-06,218.1467323144194,-0.0007850356905482903,Bull Market,0.9999637767335063,3.622326649361903e-05,0.0023437513044637414
2021-08-09,222.31866028104812,0.018943838951546672,Bull Market,0.060877309115361065,0.9391226908846388,-0.0039019615074031132
2021-08-10,223.9066664426468,0.0071175380259070895,Bull Market,0.9999881129367558,1.1887063244151908e-05,0.002343913160631058
2021-08-11,222.95338245232173,-0.00426659505051107,Bull Market,0.999825925429281,0.00017407457071901407,0.002342834477646807
2021-08-12,223.3052537310377,0.0015769839420795284,Bull Market,0.9999931946550018,6.805344998178119e-06,0.002343946958320461
2021-08-13,224.6545145709933,0.0060240450849329405,Bull Market,0.9999948239481765,5.17605182346984e-06,0.0023439577944868915
2021-08-16,228.1639444983572,0.015500694041048396,Bull Market,0.9841985520622124,0.01580144793778765,0.00223889933490954
2021-08-17,227.12314538172657,-0.0045720643208066155,Bull Market,0.9998247118269952,0.0001752881730049542,0.002342826406173511
2021-08-18,227.79853264983268,0.002969248540704893,Bull Market,0.9999959501981524,4.049801847717925e-06,0.002343965284994045
2021-08-19,229.3517073346812,0.006795055652146821,Bull Market,0.9999936414385763,6.3585614238112195e-06,0.0023439499298060387
2021-08-20,222.64013439033135,-0.029699944408651306,Bull Market,1.5159970260564194e-24,1.0,-0.004306846683161388
2021-08-23,217.61644775966187,-0.022822621583112095,Bull Market,1.189373727207371e-15,0.9999999999999988,-0.00430684668316138
2021-08-24,216.8806348149543,-0.0033869670367252013,Bull Market,0.9632068509912103,0.03679314900878959,0.0020992869127919337
2021-08-25,219.0432679214379,0.009922148500262691,Bull Market,0.9866605460961391,0.013339453903860966,0.0022552736606086814
2021-08-26,219.3563043894072,0.001428087712406891,Bull Market,0.9990879002260917,0.0009120997739083591,0.0023379259909142363
2021-08-27,223.5529658583517,0.018951001251724834,Bull Market,0.002258024361467297,0.9977419756385326,-0.004291828926894817
2021-08-30,227.62482237672955,0.01805038803090129,Bull Market,0.023983149151471532,0.9760168508485285,-0.004147338621774683
2021-08-31,228.53700324713168,0.0039993793212223395,Bull Market,0.9999318221072562,6.817789274388596e-05,0.002343538779392354
2021-09-01,229.8245195355074,0.005617922145113929,Bull Market,0.9999549054352042,4.509456479590633e-05,0.002343692302887875
2021-09-06,233.0318760358639,0.013859192048418862,Bull Market,0.9923490904136829,0.007650909586316986,0.0022931072524557355
2021-09-07,229.51515376445232,-0.015206194433860763,Bull Market,5.6097205746878914e-05,0.999943902794253,-0.004306473589683072
2021-09-08,228.47259708392696,-0.004552778887289682,Bull Market,0.9986956224620818,0.0013043775379182184,0.002335317014700681
2021-09-09,231.00000576574243,0.011001457573519096,Bull Market,0.9992983170061001,0.0007016829938998635,0.0023393254390205046
2021-09-10,231.1554304561241,0.0006726078892928291,Bull Market,0.9999771254230835,2.2874576916574312e-05,0.0023438400844476813
2021-09-13,229.42714423243856,-0.0075048185945873905,Bull Market,0.9791660435389116,0.020833956461088446,0.0022054289314444252
2021-09-14,227.9784894232399,-0.006334244907629563,Bull Market,0.9843987261614716,0.015601273838528388,0.0022402306605962138
2021-09-15,230.38790087405368,0.010513134006582128,Bull Market,0.9990664834970866,0.0009335165029134463,0.0023377835516998
2021-09-16,230.91349750669843,0.002278756847171504,Bull Market,0.999975998076431,2.4001923568956358e-05,0.0023438325866467083
2021-09-17,232.91876166047496,0.008646559644891623,Bull Market,0.9999188207984775,8.117920152246276e-05,0.0023434523097821433
2021-09-20,232.00156129851663,-0.003945628988787405,Bull Market,0.999504443072068,0.0004955569279319951,0.0023406963502789115
2021-09-21,231.66008389795408,-0.0014729597146525377,Bull Market,0.999920510626813,7.948937318704273e-05,0.0023434635485581755
2021-09-22,234.77666684795207,0.013363566769134375,Bull Market,0.9956538288587432,0.0043461711412568094,0.0023150865354695065
2021-09-23,234.00689899509797,-0.0032841106250089632,Bull Market,0.9998332953086922,0.00016670469130780573,0.0023428834935275036
2021-09-24,232.41128558475845,-0.006842012973450764,Bull Market,0.9890710503882794,0.010928949611720565,0.0022713055363300584
2021-09-27,225.72899409985865,-0.029173446258486647,Bull Market,1.92290710027505e-24,1.0,-0.004306846683161388
2021-09-28,229.17640824550145,0.015156910100603481,Bull Market,0.44318708330882045,0.5568129166911796,-0.0013592807883013793
2021-09-29,230.12883203537115,0.0041472427111767995,Bull Market,0.9997261747641866,0.00027382523581337057,0.0023421710520428233
2021-09-30,231.0031817608593,0.00379219289550193,Bull Market,0.999814909491339,0.0001850905086609312,0.0023427612124181925
2021-10-01,230.1451617479877,-0.003721236409391759,Bull Market,0.9959571104765512,0.004042889523448809,0.002317103612651708
2021-10-04,231.98951631906627,0.007981934491325329,Bull Market,0.999627513745362,0.000372486254638045,0.002341514873500641
2021-10-05,233.8951753461888,0.00818086401835695,Bull Market,0.9998543150550522,0.00014568494494776647,0.0023430232924743204
2021-10-06,235.73118652436068,0.007819069291581252,Bull Market,0.9999123657544771,8.763424552303045e-05,0.0023434093783243856
2021-10-07,237.30495000854572,0.006653907256131273,Bull Market,0.9999644137933681,3.5586206631874616e-05,0.002343755541446253
2021-10-08,237.65984118880783,0.0014943897016565736,Bull Market,0.9999847991789631,1.5200821036933174e-05,0.002343891121361816
2021-10-11,240.1459383476516,0.010406402353840419,Bull Market,0.9999639427373114,3.605726268861082e-05,0.002343752408528306
2021-10-12,240.8140703305168,0.0027783283457738636,Bull Market,0.9999978652882527,2.1347117472618666e-06,0.002343978021949787
2021-10-13,240.9931480577692,0.0007433584581720182,Bull Market,0.9999969592121292,3.04078787076796e-06,0.0023439719957834555
2021-10-14,242.20016603475975,0.004996014855339235,Bull Market,0.9999987809124802,1.2190875198501058e-06,0.002343984111619019
2021-10-15,242.5026748592499,0.001248224017872591,Bull Market,0.9999990716077638,9.283922362668151e-07,0.00234398604498652
2021-10-18,242.20676002619533,-0.0012209990089751138,Bull Market,0.9999979635183628,2.0364816371867535e-06,0.0023439786752624246
2021-10-19,242.39798528187023,0.0007892009620275596,Bull Market,0.999998483662653,1.5163373469935984e-06,0.0023439821346583046
2021-10-20,242.6146459428968,0.0008934228161896359,Bull Market,0.9999985401838517,1.4598161482384359e-06,0.002343982510571692
2021-10-21,243.1461821729833,0.0021884697631677085,Bull Market,0.999999065344944,9.346550560883974e-07,0.002343986003333514
2021-10-22,245.2755225991473,0.008719325516828663,Bull Market,0.9999964696259264,3.530374073614885e-06,0.0023439687396244915
2021-10-25,245.19916252562663,-0.0003113721317470313,Bull Market,0.9999987235413061,1.276458693733672e-06,0.002343983730052583
2021-10-26,247.19489508815352,0.008106285850794115,Bull Market,0.9999970596050944,2.9403949055170987e-06,0.002343972663480895
2021-10-27,251.5875868441112,0.017614112309167873,Bull Market,0.89936797589302,0.10063202410698006,0.0016747048387820412
2021-10-28,254.2955805885724,0.010706106803954205,Bull Market,0.9999886142383282,1.1385761671813135e-05,0.0023439164947070576
2021-10-29,255.0628150135485,0.0030125546642698984,Bull Market,0.9999996187226422,3.812773577956694e-07,0.002343989683759438
2021-11-01,256.2936070574236,0.004813841647510281,Bull Market,0.999999533448981,4.665510191221071e-07,0.0023439891166180536
2021-11-02,260.2677223868125,0.015387112867022129,Bull Market,0.9992831678233892,0.0007168321766106968,0.002339224684246787
2021-11-03,255.57799084136212,-0.018183191747844555,Bull Market,1.606635244029007e-06,0.9999983933647559,-0.004306835997689205
2021-11-04,257.98018229851147,0.009355158198404587,Bull Market,0.999992324834291,7.675165708977422e-06,0.0023439411732830394
2021-11-05,261.29273066707503,0.012758583091269465,Bull Market,0.9998807360651333,0.00011926393486671675,0.002343199014356017
2021-11-08,265.255657004735,0.015052752068312096,Bull Market,0.9988692399112046,0.001130760088795547,0.0023364717163855
2021-11-09,265.899493212885,0.002424287981446369,Bull Market,0.9999996227249509,3.772750490746031e-07,0.0023439897103781485
2021-11-10,268.5108261671806,0.00977284174072673,Bull Market,0.9999965800969313,3.4199030688049373e-06,0.002343969474349348
2021-11-11,269.602123689069,0.004056022135450157,Bull Market,0.9999997249278402,2.7507215986136833e-07,0.0023439903901131
2021-11-12,272.3402642167787,0.010104999676357484,Bull Market,0.9999969375091835,3.06249081642709e-06,0.0023439718514406604
2021-11-15,273.7673139301057,0.00522627049549265,Bull Market,0.9999997445306755,2.554693244287743e-07,0.0023439905204884004
2021-11-16,271.8598381373092,-0.006991893846899401,Bull Market,0.9997730473303168,0.0002269526696831612,0.0023424827939291133
2021-11-17,273.70478760429853,0.006763475536984593,Bull Market,0.9999992160565477,7.839434523110351e-07,0.0023439870056921113
2021-11-18,275.2902906387129,0.005776035178769783,Bull Market,0.9999993345177278,6.654822722389811e-07,0.0023439877935583363
2021-11-19,271.03532670225127,-0.01557697401394388,Bull Market,0.00040492718518102575,0.999595072814819,-0.004304153577685411
2021-11-22,265.08897026466605,-0.022183662731847895,Bull Market,9.092509935617947e-13,0.9999999999990908,-0.004306846683155342
2021-11-23,269.14559355203585,0.015186966667694228,Bull Market,0.9377699960198497,0.062230003980150356,0.001930110488185177
2021-11-24,272.9283422673252,0.013956805038410203,Bull Market,0.994166017032854,0.005833982967145851,0.0023051913386979337
2021-11-25,276.74796197661175,0.013897929237027835,Bull Market,0.996394485621531,0.0036055143784689526,0.0023200125242810294
2021-11-26,274.2378845128672,-0.009111286049656355,Bull Market,0.9261106121681293,0.07388938783187074,0.0018525658044822337
2021-11-29,274.47506846142306,0.0008645101670824812,Bull Market,0.9999775286488293,2.2471351170692716e-05,0.0023438427662371584
2021-11-30,275.582763161899,0.00402756268211624,Bull Market,0.9999916222238154,8.37777618453642e-06,0.002343936500333955
2021-12-01,276.8917722847908,0.004738721835817138,Bull Market,0.9999943299546269,5.6700453730779364e-06,0.002343954509015374
2021-12-02,276.4814577237888,-0.0014829580252423448,Bull Market,0.9999787172255509,2.128277444917963e-05,0.002343850671269457
2021-12-03,268.2323136190564,-0.030290311157685188,Bear Market,6.675093409687974e-26,1.0,-0.004306846683161388
2021-12-06,260.92640092465706,-0.02761506812061872,Bear Market,4.1793130882992886e-23,1.0,-0.004306846683161388
2021-12-07,267.69457684854274,0.02560831324215803,Bear Market,1.3312865049012387e-10,0.9999999998668714,-0.004306846682275971
2021-12-08,269.2895809065976,0.005940617523934459,Bull Market,0.9991984234969565,0.0008015765030434129,0.002338661063383762
2021-12-09,273.2075532225799,0.014444465014003585,Bull Market,0.8003407331777838,0.19965926682221624,0.0010160906005009566
2021-12-10,274.2381384144219,0.003765072682205506,Bull Market,0.999927787585868,7.221241413195218e-05,0.002343511946440552
2021-12-13,278.5067478813648,0.01544544122608501,Bull Market,0.9229144152415587,0.0770855847584412,0.0018313084136221962
2021-12-14,278.9361977100653,0.001540785176517118,Bull Market,0.9999846655915078,1.53344084922159e-05,0.0023438902328931713
2021-12-15,278.5820077606127,-0.0012705952689177897,Bull Market,0.9999658706444339,3.412935556617636e-05,0.0023437652307279973
2021-12-16,280.7687467106026,0.00781888671113955,Bull Market,0.9999844066823534,1.5593317646494023e-05,0.0023438885109300952
2021-12-17,281.1931446310832,0.0015104155911742267,Bull Market,0.9999967816814229,3.218318577114613e-06,0.0023439708150553274
2021-12-20,280.09165851240374,-0.003924879228916828,Bull Market,0.9999679334687088,3.206653129123527e-05,0.0023437789502399344
2021-12-21,282.71629194073887,0.00932699139450666,Bull Market,0.9999788198407586,2.1180159241359e-05,0.002343851353746673
2021-12-22,283.3274401655764,0.0021593683584792875,Bull Market,0.9999973885386619,2.6114613381987593e-06,0.0023439748511650607
2021-12-23,280.5338322768507,-0.009908929317161991,Bull Market,0.8386695280084872,0.1613304719915128,0.0012710092402559512
2021-12-24,283.1348440833855,0.009228933155131293,Bull Market,0.9999795227108407,2.0477289159376016e-05,0.002343856028422358
2021-12-27,285.7052457596423,0.009037405122668572,Bull Market,0.9999915178492929,8.482150707127863e-06,0.0023439358061558197
2021-12-28,288.25871989719525,0.008897739707772797,Bull Market,0.9999915778854485,8.422114551596768e-06,0.002343936205446619
2021-12-29,287.0996838234672,-0.004028924003000628,Bull Market,0.9999721543552171,2.7845644782930676e-05,0.0023438070226761277
2021-12-30,287.0707658457595,-0.00010072959257588497,Bull Market,0.9999973223553947,2.677644605256226e-06,0.002343974410990813
2021-12-31,288.5635286493158,0.00518650874032788,Bull Market,0.9999992157919921,7.842080078911489e-07,0.0023439870039325948
2022-01-04,293.5554761729328,0.017151372330808108,Bull Market,0.9787186720009216,0.021281327999078437,0.0022024535354155847
2022-01-05,294.7643419960936,0.0041095590770600775,Bull Market,0.9999995675787662,4.324212338871644e-07,0.0023439893436097573
2022-01-06,296.0612155583785,0.004390045855448281,Bull Market,0.9999994863594803,5.136405196701217e-07,0.0023439888034333715
2022-01-07,296.55479929838475,0.0016657796676638045,Bull Market,0.9999996665401075,3.3345989249880463e-07,0.0023439900017856964
2022-01-10,289.4238910554503,-0.024339657387768866,Bear Market,3.0768128256263432e-15,0.9999999999999969,-0.004306846683161368
2022-01-11,286.6125249410712,-0.009761148283414574,Bear Market,0.6062672577001602,0.3937327422998398,-0.00027466082019463067
2022-01-12,287.1008264098992,0.0017022493396356166,Bear Market,0.9999637544503757,3.6245549624249057e-05,0.0023437511562622295
2022-01-13,281.3443103037702,-0.020254242762815743,Bear Market,6.821037893739995e-11,0.9999999999317896,-0.004306846682707732
2022-01-14,281.712702495999,0.0013085433141593417,Bear Market,0.9999064803122067,9.351968779315358e-05,0.002343370235195975
2022-01-17,269.8490490878392,-0.04302504094441285,Bear Market,1.5476741043404473e-54,1.0,-0.004306846683161388
2022-01-18,265.5418598990383,-0.016090232546429058,Bear Market,2.3674051449900763e-09,0.9999999976325948,-0.0043068466674161575
2022-01-19,268.16644326950126,0.00983535205311151,Bear Market,0.8493585881186682,0.15064141188133187,0.0013421004570704168
2022-01-20,273.8380161994333,0.02092890510680519,Bear Market,2.7001536074837235e-06,0.9999972998463925,-0.004306828724874732
2022-01-21,274.1815775132849,0.0012538287418996687,Bear Market,0.9974914010513506,0.0025085989486494107,0.002327307932094684
2022-01-24,264.09397070221587,-0.037485589118360044,Bear Market,1.595825859447551e-42,1.0,-0.004306846683161388
2022-01-25,270.15588318652334,0.022694148093183136,Bear Market,5.896026674864016e-09,0.9999999941039733,-0.004306846643947864
2022-01-26,269.50469500551986,-0.0024133261659991623,Bear Market,0.8761482004458725,0.12385179955412746,0.0015202738529253796
2022-01-27,268.2303030900289,-0.004739859990168129,Bear Market,0.7172024605195613,0.2827975394804387,0.00046315134239945186
2022-01-28,270.4398289492221,0.008203678353706037,Bear Market,0.9910523551128011,0.008947644887198866,0.0022844828748700805
2022-02-07,276.1967614856706,0.021063885923835814,Bear Market,4.309805738798618e-05,0.999956901942612,-0.0043065600449246795
2022-02-08,277.94132843023414,0.0062965269491562,Bull Market,0.9999472042601837,5.2795739816463244e-05,0.002343641083613452
2022-02-09,280.41434683563693,0.00885827685190693,Bull Market,0.9998923474224516,0.00010765257754841437,0.002343276239622983
2022-02-10,281.49548195631513,0.0038480781056859964,Bull Market,0.9999896882167637,1.0311783236294373e-05,0.002343923637564617
2022-02-11,281.4315796921896,-0.0002270356810095244,Bull Market,0.9999826751111606,1.732488883953807e-05,0.0023438769945290424
2022-02-14,277.1172483315568,-0.01544866607590382,Bull Market,5.960095771559921e-05,0.9999403990422844,-0.004306450286793173
2022-02-15,280.3762407851889,0.011691722474039688,Bull Market,0.9991466882532342,0.0008533117467658458,0.0023383169806121705
2022-02-16,283.4373755052365,0.010858782798244166,Bull Market,0.9998701429113286,0.00012985708867145173,0.0023431285609965898
2022-02-17,285.1338053300657,0.005967361400220479,Bull Market,0.9999963267178144,3.673282185704468e-06,0.00234396778916566
2022-02-18,286.8277533191997,0.0059233104612752335,Bull Market,0.9999972140810338,2.7859189662767518e-06,0.002343973690875481
2022-02-21,289.42033406152115,0.008998201614895665,Bull Market,0.9999964824684556,3.517531544371143e-06,0.002343968825038085
2022-02-22,287.1784530948558,-0.00777626423730625,Bull Market,0.9974868063080279,0.002513193691972114,0.0023272773731970453
2022-02-23,290.2933392754896,0.010788116170625582,Bull Market,0.9999771045973351,2.2895402664870563e-05,0.0023438399459389846
2022-02-24,286.7326316370353,-0.012341742017402938,Bull Market,0.10061467921266103,0.8993853207873389,-0.003637674660467608
2022-02-25,288.64690486473955,0.006653974182910941,Bull Market,0.9999896314299033,1.0368570096725837e-05,0.0023439232598843566
2022-02-28,288.1779274379865,-0.0016260656747931444,Bull Market,0.9999863868129059,1.3613187094095953e-05,0.002343901680459406
2022-03-01,290.66623790625295,0.00859756716863139,Bull Market,0.9999908787882241,9.121211775957833e-06,0.002343931555863602
2022-03-02,288.1384516832675,-0.008734560515379535,Bull Market,0.9726635934039054,0.02733640659609459,0.0021621821831234313
2022-03-03,291.9823112102024,0.013252122754869651,Bull Market,0.9992265655030335,0.0007734344969665695,0.002338848231332579
2022-03-04,292.75193935301263,0.002632404674433068,Bull Market,0.9999982880098606,1.7119901394812966e-06,0.002343980833403101
2022-03-07,292.70186903512115,-0.0001710478855758235,Bull Market,0.9999956125258976,4.3874741024575056e-06,0.0023439630391902766
2022-03-08,287.1901695495547,-0.019009971174606687,Bull Market,1.438337551879776e-08,0.9999999856166244,-0.004306846587499875
2022-03-09,287.9624001330834,0.002685308519071271,Bull Market,0.9999639609292071,3.603907079273602e-05,0.002343752529519675
2022-03-10,289.2889348786396,0.004596046817744357,Bull Market,0.9999851476388052,1.4852361194838691e-05,0.00234389343891209
2022-03-11,286.958696931058,-0.008087671066241203,Bull Market,0.9615413409581812,0.038458659041818694,0.0020882098738713682
2022-03-14,282.2963710606937,-0.016380811997782983,Bull Market,4.587686579904608e-07,0.9999995412313419,-0.00430684363196495
2022-03-15,284.7159591772439,0.008534568559336979,Bull Market,0.9988815829724467,0.001118417027553296,0.0023365538080973884
2022-03-16,286.59746715343346,0.006586628956008849,Bull Market,0.9998668900291131,0.00013310997088693055,0.002343106926601005
2022-03-17,287.65538069392375,0.0036844910434914173,Bull Market,0.9999743150322881,2.568496771196299e-05,0.0023438213929912475
2022-03-18,288.3152632305465,0.0022913765911661446,Bull Market,0.9999849754135579,1.5024586442100495e-05,0.002343892293469715
2022-03-21,292.83887352620064,0.01556799262681821,Bull Market,0.9752649211541199,0.02473507884588021,0.0021794831949233217
2022-03-22,294.42336534327194,0.005396211631227459,Bull Market,0.9999976062266824,2.3937733174931523e-06,0.002343976298973017
2022-03-23,295.81553139425773,0.0047173056209360645,Bull Market,0.9999990736430744,9.263569256187599e-07,0.002343986058523043
2022-03-24,297.4008770004767,0.005344927611560189,Bull Market,0.9999990299871373,9.700128626880935e-07,0.0023439857681744384
2022-03-25,298.45230421728155,0.0035291522852734583,Bull Market,0.9999995252281068,4.747718932479459e-07,0.002343989061942344
2022-03-28,296.2599873374236,-0.007372730786492517,Bull Market,0.9992177853578553,0.0007822146421446941,0.002338789836001457
2022-03-29,299.8878697879577,0.012171233001817742,Bull Market,0.9999411041784729,5.889582152711017e-05,0.0023436005129527007
2022-03-30,296.52642321275187,-0.011272305872153814,Bull Market,0.545559311395604,0.454440688604396,-0.0006784195911821271
2022-03-31,296.4705131923064,-0.0001885676541605798,Bull Market,0.9999924211034634,7.578896536604903e-06,0.0023439418135537964
2022-04-01,301.16044263888847,0.015695390872676927,Bull Market,0.9923778321794854,0.00762216782051465,0.0022932984093098673
2022-04-04,302.01060967703665,0.002818993378038752,Bull Market,0.9999989304782209,1.0695217790578706e-06,0.002343985106356666
2022-04-05,301.3645378088464,-0.0021415271006663475,Bull Market,0.999994971658723,5.02834127701792e-06,0.00234395877688594
2022-04-06,299.94625339905866,-0.004717317768531187,Bull Market,0.9999485140733928,5.148592660728217e-05,0.002343649794970099
2022-04-07,294.82405857235585,-0.017224536472965794,Bear Market,1.2950228220328885e-06,0.9999987049771779,-0.004306838070173223
2022-04-08,289.09184933711015,-0.019634311402001066,Bear Market,1.8610581043202174e-10,0.9999999998138942,-0.004306846681923628
2022-04-12,282.3298883433894,-0.02366825133842957,Bear Market,2.763372977653737e-17,1.0,-0.004306846683161388
2022-04-13,288.4090676450464,0.021303642070715827,Bear Market,1.3986521862817433e-06,0.9999986013478137,-0.004306837380951016
2022-04-14,287.9494963833522,-0.0015947411482202726,Bear Market,0.9854582275240915,0.014541772475908632,0.002247277233476226
2022-04-15,285.72250621799606,-0.007764023142738894,Bear Market,0.14224605329492246,0.8577539467050775,-0.003360791098146986
2022-04-18,280.14444279139536,-0.01971574456817584,Bear Market,1.4893773973739429e-12,0.9999999999985105,-0.004306846683151482
2022-04-19,272.78897821327274,-0.026606814558588748,Bear Market,5.599694477027294e-23,1.0,-0.004306846683161388
2022-04-20,265.9811499082567,-0.025273081444989274,Bear Market,1.5168209461408793e-21,1.0,-0.004306846683161388
2022-04-21,261.6268825649165,-0.016506064862416556,Bear Market,1.8654050524795172e-10,0.9999999998134594,-0.004306846681920737
2022-04-22,260.1815441718273,-0.005539742232327633,Bear Market,0.04401216535399092,0.9559878346460091,-0.004014128861631455
2022-04-25,245.70541216602535,-0.057246327347076395,Bear Market,1.459680000265367e-96,1.0,-0.004306846683161388
2022-04-26,252.91248773990333,0.028910223807384935,Bear Market,3.0351254139653295e-17,1.0,-0.004306846683161388
2022-04-27,256.53291754821896,0.01421345926843752,Bear Market,0.004256711975158138,0.9957432880248418,-0.004278535977559268
2022-04-28,256.72449600600527,0.0007465200175357224,Bear Market,0.7995002132556324,0.20049978674436766,0.0010105004379041879
2022-04-29,261.59796165538523,0.01880531779983521,Bear Market,7.910415853477395e-06,0.9999920895841466,-0.0043067940722598935
2022-05-04,258.8613102488025,-0.010516391102300791,Bear Market,0.00022357480109982023,0.9997764251989001,-0.004305359723176562
2022-05-05,258.02538476539326,-0.0032344659680507647,Bear Market,0.7807451877194385,0.2192548122805615,0.0008857637844462794
2022-05-06,250.9723095540008,-0.02771535810108232,Bear Market,3.0389702175706956e-24,1.0,-0.004306846683161388
2022-05-09,236.97904773951583,-0.05737088147934523,Bear Market,1.8829280186116737e-96,1.0,-0.004306846683161388
2022-05-10,240.72229158993215,0.015672220943969133,Bear Market,0.0011568889374651218,0.9988431110625349,-0.004299152401209951
2022-05-11,243.19718508084105,0.010228623513241412,Bear Market,0.6324683661070607,0.3675316338929394,-0.00010040146910723739
2022-05-12,230.19742314310272,-0.05493527328851164,Bear Market,9.288315099058958e-89,1.0,-0.004306846683161388
2022-05-13,218.14669878568256,-0.05376953555076175,Bear Market,1.4910260386607098e-85,1.0,-0.004306846683161388
2022-05-16,215.63731274640992,-0.011569877935253593,Bear Market,2.2407919470645066e-05,0.9999775920805293,-0.004306697651698843
2022-05-17,227.5916111517981,0.05395495496875444,Bear Market,6.667009402189282e-67,1.0,-0.004306846683161388
2022-05-18,231.0902119705433,0.015255318580453646,Bear Market,0.008222306807863336,0.9917776931921367,-0.004252161445173428
2022-05-19,232.05224612391407,0.00415438282625125,Bear Market,0.9802606883165776,0.0197393116834224,0.002212709237516402
2022-05-20,233.3929174616164,0.005760829203285306,Bear Market,0.9920679761870441,0.00793202381295591,0.0022912376070210933
2022-05-23,229.6731445913705,-0.016066186610409126,Bear Market,8.263104208371323e-08,0.9999999173689579,-0.0043068461335956385
2022-05-24,232.1719507607349,0.010821076494053158,Bear Market,0.9640806337427044,0.035919366257295665,0.0021050983011081086
2022-05-25,241.35081280325247,0.03877326562776272,Bear Market,3.8960655031641726e-30,1.0,-0.004306846683161388
2022-05-26,242.412512603577,0.0043893426771005415,Bear Market,0.9998484180140047,0.0001515819859952403,0.002342984072204311
2022-05-27,245.24175735983823,0.011603616231844707,Bear Market,0.9976883934800166,0.002311606519983283,0.0023286180970028005
2022-05-30,247.3999367549241,0.008761715572930182,Bear Market,0.9998854975092935,0.00011450249070654832,0.002343230681954071
2022-05-31,247.17235898824285,-0.000920301378392555,Bear Market,0.9999498340984103,5.016590158965906e-05,0.0023436585742438384
2022-06-01,248.0793120450517,0.0036625987300003605,Bear Market,0.9999905793179297,9.42068207045715e-06,0.0023439295641349174
2022-06-02,246.02555613016145,-0.00831308442652821,Bear Market,0.9774611441342345,0.022538855865765473,0.002194089920158549
2022-06-03,246.11484304332396,0.00036285139074988094,Bear Market,0.9999905787451281,9.421254871894425e-06,0.002343929560325307
2022-06-06,244.9128935634501,-0.004895657784300003,Bear Market,0.9997726393410405,0.00022736065895953079,0.0023424800804581624
2022-06-07,245.43521447730848,0.002130409408523122,Bear Market,0.9999967611056452,3.238894354864628e-06,0.0023439706782091446
2022-06-08,251.2000852081244,0.0232167535388441,Bear Market,2.482466481482472e-05,0.9999751753351851,-0.00430668157831489
2022-06-09,252.9361008316636,0.006887117146330875,Bear Market,0.9999962812685416,3.7187314583895577e-06,0.0023439674868898693
2022-06-10,246.4306850846685,-0.026056133416093863,Bear Market,8.125188578448126e-18,1.0,-0.004306846683161388
2022-06-13,233.9214195834274,-0.05209551231493763,Bear Market,5.4767171541227254e-77,1.0,-0.004306846683161388
2022-06-14,233.48371485684453,-0.001872914190622631,Bear Market,0.9987896611079444,0.0012103388920554894,0.002335942450584946
2022-06-15,228.13005451278644,-0.023196450163302275,Bear Market,8.404599109062611e-16,0.9999999999999991,-0.004306846683161383
2022-06-16,231.3270945590753,0.013916821850549665,Bear Market,0.7979760545699484,0.20202394543005173,0.001000363504023499
2022-06-17,225.99413842118983,-0.023323639963715382,Bear Market,5.887608532344034e-16,0.9999999999999994,-0.004306846683161384
2022-06-20,217.13305561555865,-0.03999873759283955,Bear Market,3.0948178038724575e-47,1.0,-0.004306846683161388
2022-06-21,213.5127319334973,-0.016813859914116474,Bear Market,7.987026706778815e-09,0.9999999920129733,-0.00430684663004096
2022-06-22,215.203413464874,0.007887224747899031,Bear Market,0.9920746940075229,0.00792530599247713,0.002291282286162875
2022-06-23,221.5184051669019,0.028921989349976054,Bear Market,8.919118466195566e-15,0.9999999999999911,-0.004306846683161329
2022-06-24,221.81294103047432,0.0013287393703762364,Bear Market,0.9993795824303939,0.0006204175696061172,0.0023398659222658453
2022-06-27,226.49478289653428,0.020887492380620144,Bear Market,6.487032793660244e-05,0.9999351296720633,-0.004306415241060714
2022-06-28,229.22482074535057,0.0119813608441805,Bear Market,0.9946202584438305,0.005379741556169555,0.002308212425145289
2022-06-29,229.5472727594664,0.0014057178794407734,Bear Market,0.999958498553238,4.1501446761979274e-05,0.0023437162001370775
2022-06-30,224.11743837048465,-0.023938796903268916,Bear Market,6.101289950862894e-16,0.9999999999999994,-0.004306846683161384
2022-07-01,225.63711195067316,0.006757816513387806,Bear Market,0.9999387109296156,6.128907038443355e-05,0.0023435845958400966
2022-07-04,225.5051484093645,-0.0005850196564030038,Bear Market,0.9999658756784565,3.4124321543399634e-05,0.002343765264208471
2022-07-05,221.16544080529263,-0.019431967380999764,Bear Market,1.7385863934599043e-09,0.9999999982614136,-0.00430684667159833
2022-07-06,215.60579157247216,-0.025459321129675264,Bear Market,4.98218239360658e-18,1.0,-0.004306846683161388
2022-07-07,218.06665307456376,0.01134906285104797,Bear Market,0.997703472394132,0.0022965276058679817,0.0023287183844314095
2022-07-08,221.76162343382927,0.016802272547849825,Bear Market,0.41625618861604585,0.5837438113839541,-0.001538393830409547
2022-07-11,219.1650202563919,-0.011778073436529016,Bear Market,0.03748412360495041,0.9625158763950495,-0.004057545815654652
2022-07-12,225.23929607545307,0.027338411944102373,Bear Market,4.6724816936544794e-11,0.9999999999532753,-0.004306846682850629
2022-07-13,225.2336157252585,-2.5219497315272883e-05,Bull Market,0.9999762463505416,2.3753649458360563e-05,0.002343834237877822
2022-07-14,227.43649173528465,0.009732886547593722,Bull Market,0.9999087668844794,9.123311552061316e-05,0.0023433854428197994
2022-07-15,227.73266859804824,0.0013013926705741767,Bull Market,0.999990770857001,9.229142998867973e-06,0.0023439308380304256
2022-07-18,228.21172703708567,0.002101390520031744,Bull Market,0.9999934581849113,6.541815088803088e-06,0.0023439487110154347
2022-07-19,228.8170324604944,0.0026488739045784034,Bull Market,0.9999968001107431,3.1998892569081113e-06,0.0023439709376257673
2022-07-20,232.65497677242527,0.01663387042655442,Bull Market,0.9558769487698322,0.044123051230167847,0.0020505369139447475
2022-07-21,232.43999520231657,-0.0009244631671968759,Bull Market,0.9999967206133291,3.2793866708225063e-06,0.002343970408901274
2022-07-22,231.53669041442936,-0.0038937556871488314,Bull Market,0.9999711225320803,2.8877467919599394e-05,0.0023438001601866695
2022-07-25,229.887589308997,-0.00714790356419835,Bull Market,0.998997821825475,0.0010021781745249388,0.002337326893983119
2022-07-26,228.48441643640888,-0.006122438709483422,Bull Market,0.9994455892270134,0.0005544107729865979,0.002340304922836647
2022-07-27,230.70594397368325,0.009675921191026256,Bull Market,0.9999879787706495,1.20212293504557e-05,0.002343912268313899
2022-07-28,234.14325708294277,0.014789207993348699,Bull Market,0.9982158134784479,0.0017841865215521243,0.0023321258824464475
2022-07-29,233.43801040095028,-0.0030165760086312914,Bull Market,0.9999915689674458,8.43103255414356e-06,0.00234393614613442
2022-08-01,238.65294812710064,0.022093834944826064,Bull Market,0.0015005363656125192,0.9984994636343876,-0.004296866857526004
2022-08-02,240.21916191308472,0.006541284563419802,Bull Market,0.9999992377104872,7.622895128241363e-07,0.002343987149708975
2022-08-03,242.7367744212096,0.010425942095763172,Bull Market,0.9999936714989411,6.328501058908093e-06,0.002343950129732683
2022-08-04,242.47489232008425,-0.0010794551924664692,Bull Market,0.9999991078792708,8.921207292710914e-07,0.0023439862862224695
2022-08-05,243.65636439801847,0.004860721822710156,Bull Market,0.999999744608472,2.553915280571528e-07,0.0023439905210058116
2022-08-08,244.84055565729,0.004848315435789893,Bull Market,0.9999997980162133,2.0198378672900455e-07,0.0023439908762120953
2022-08-09,245.5457737250121,0.0028761754217874803,Bull Market,0.9999998457487516,1.5425124843304366e-07,0.002343991193673518
2022-08-10,245.73326387714428,0.0007632736057686933,Bull Market,0.9999997996320021,2.0036799783383392e-07,0.002343990886958447
2022-08-11,243.3437772631476,-0.009771489666102761,Bull Market,0.9942085734968686,0.005791426503131366,0.0023054743748843645
2022-08-12,246.29104233032257,0.012038770713329455,Bull Market,0.9999834227803369,1.657721966314005e-05,0.002343881967156287
2022-08-15,248.89363687740132,0.010511708544347019,Bull Market,0.9999957833394432,4.2166605567869235e-06,0.002343964175243651
2022-08-16,249.70495617444973,0.0032544015343001047,Bull Market,0.9999998196408502,1.8035914984440714e-07,0.0023439910200340713
2022-08-17,249.1630239174664,-0.0021726488441357644,Bull Market,0.9999981878213585,1.8121786414474895e-06,0.0023439801670655145
2022-08-18,248.09174622671253,-0.004308774545678664,Bull Market,0.9999883777774256,1.1622222574510409e-05,0.002343914922043687
2022-08-19,246.70909444948325,-0.005588734950996439,Bull Market,0.9999380307931807,6.196920681932534e-05,0.002343580072362236
2022-08-22,244.81495097138705,-0.007707264261217175,Bull Market,0.9980170207818975,0.001982979218102506,0.00233080374424665
2022-08-23,248.3089113311172,0.014170958239574113,Bull Market,0.9987144055486424,0.0012855944513574591,0.0023354419379834927
2022-08-24,249.51304186506005,0.004837604587375843,Bull Market,0.9999988892624674,1.1107375326530103e-06,0.002343984832237329
2022-08-25,251.66671602048865,0.008594470859109374,Bull Market,0.9999976730426946,2.3269573054341403e-06,0.0023439767433555496
2022-08-26,249.97182418873777,-0.006757448423088107,Bull Market,0.9996292214945603,0.00037077850543971514,0.0023415262314654454
2022-08-29,247.1493124780724,-0.01135555031684347,Bull Market,0.575703269884824,0.42429673011517605,-0.00047793697937959065
2022-08-30,247.0136395033748,-0.0005491021840569855,Bull Market,0.9999947356069349,5.264393065032577e-06,0.0023439572069435255
2022-08-31,248.2766178859523,0.005099963511093348,Bull Market,0.9999982861154907,1.7138845092491628e-06,0.002343980820803953
2022-09-05,248.63685469809545,0.0014498977996206114,Bull Market,0.9999984768910095,1.523108990464367e-06,0.0023439820896211947
2022-09-06,248.8051124463269,0.0006764919960981679,Bull Market,0.9999983128245209,1.6871754790760223e-06,0.0023439809984414093
2022-09-07,240.60701989476368,-0.03350492933670648,Bear Market,5.815022203049459e-31,1.0,-0.004306846683161388
2022-09-08,238.51855202286987,-0.008717886172300472,Bear Market,0.8621085568598554,0.13789144314014454,0.001426898445182962
2022-09-09,242.4184469993299,0.01621825921935826,Bear Market,0.6997357894168115,0.30026421058318853,0.00034698332672800417
2022-09-12,242.38817977857215,-0.00012486306549983279,Bear Market,0.9999658513137555,3.414868624448278e-05,0.0023437651021627694
2022-09-13,243.04568247757516,0.0027089296903450772,Bear Market,0.9999906536562393,9.346343760708037e-06,0.0023439300585470398
2022-09-14,243.3470447440784,0.0012391727433414047,Bear Market,0.9999914643902779,8.535609722199413e-06,0.002343935450608523
2022-09-15,243.68359588258247,0.0013820534644012573,Bear Market,0.9999941843335749,5.815666425150404e-06,0.002343953540513216
2022-09-16,239.7461334482309,-0.016290059412840608,Bear Market,1.1396692057264323e-05,0.9999886033079427,-0.004306770885598492
2022-09-19,231.88230451785228,-0.03335065137241322,Bear Market,1.641386209384155e-31,1.0,-0.004306846683161388
2022-09-20,235.2193137496031,0.014288394106133924,Bear Market,0.9269548304118663,0.07304516958813367,0.0018581805640200788
2022-09-21,233.70699558611,-0.006450153794526475,Bear Market,0.9872875723795905,0.012712427620409455,0.002259443911407698
2022-09-22,236.2394162191773,0.010777591157164201,Bear Market,0.9993056404704556,0.0006943595295444144,0.002339374146202143
2022-09-23,234.4611375561684,-0.007555916852771878,Bear Market,0.9726249363061389,0.027375063693861033,0.002161925080993739
2022-09-26,226.24927944355335,-0.035652451650217035,Bear Market,1.6243751768457762e-36,1.0,-0.004306846683161388
2022-09-27,225.1086304315684,-0.0050543101839337565,Bear Market,0.9873094499272165,0.012690550072783623,0.0022595894154525445
2022-09-28,220.92155286174747,-0.018775413534669327,Bear Market,8.709146842126236e-10,0.9999999991290853,-0.0043068466773690745
2022-09-29,215.9607074986611,-0.0227111926683236,Bear Market,5.28944174997045e-15,0.9999999999999947,-0.0043068466831613535
2022-09-30,217.08058238863987,0.005172150612997897,Bear Market,0.9996543402970836,0.00034565970291635886,0.002341693292574458
2022-10-03,205.8456028378868,-0.05314224503467502,Bear Market,3.113630960031582e-81,1.0,-0.004306846683161388
2022-10-04,202.69381521100743,-0.015429846026556575,Bear Market,2.9493717813956657e-07,0.9999997050628219,-0.00430684472158173
2022-10-05,209.5068156850745,0.03305973097605449,Bear Market,7.202890716506854e-21,1.0,-0.004306846683161388
2022-10-06,201.78634394776,-0.0375468375264932,Bear Market,1.0328762143666994e-41,1.0,-0.004306846683161388
2022-10-07,193.1825171483052,-0.043574007676426864,Bear Market,5.222723633343919e-56,1.0,-0.004306846683161388
2022-10-10,196.37894129431305,0.016410739886068657,Bear Market,0.017579001923591447,0.9824209980764085,-0.0041899315732967105
2022-10-11,187.8085602381622,-0.044623019210927165,Bear Market,1.6698328491327406e-58,1.0,-0.004306846683161388
2022-10-12,193.96842858621497,0.03227225916534077,Bear Market,6.803161847287145e-20,1.0,-0.004306846683161388
2022-10-13,196.1386190459992,0.011126242711204574,Bear Market,0.9665605851482818,0.03343941485171823,0.002121592058393216
2022-10-14,199.4736322286966,0.016860409030322644,Bear Market,0.04315769903133426,0.9568423009686658,-0.004019811779491258
2022-10-17,199.71824126110283,0.0012255212556444436,Bear Market,0.9998894047341155,0.00011059526588445243,0.0023432566682769188
2022-10-18,201.43836016761665,0.00857585014222814,Bear Market,0.9998436310572647,0.00015636894273540866,0.002342952234926198
2022-10-19,200.7757236552305,-0.0032949473354617538,Bear Market,0.9996454790701113,0.00035452092988879714,0.0023416343579813837
2022-10-20,198.66623071902623,-0.010562298349968993,Bear Market,0.4047836657527613,0.5952163342472386,-0.0016146957317811975
2022-10-21,189.45503259779417,-0.047474482662394284,Bear Market,4.0138086085188496e-64,1.0,-0.004306846683161388
2022-10-24,181.25133114322645,-0.04426706341881439,Bear Market,1.340964464197571e-56,1.0,-0.004306846683161388
2022-10-25,181.27604891896885,0.00013636363563185598,Bear Market,0.9997265500923914,0.0002734499076086282,0.002342173548290249
2022-10-26,179.03907660634073,-0.012416914502910005,Bear Market,0.0022489205342353033,0.9977510794657647,-0.004291889474983135
2022-10-27,186.8411623089907,0.04265476941430669,Bear Market,6.244735137239376e-37,1.0,-0.004306846683161388
2022-10-28,187.01938738852945,0.0009534308617689004,Bear Market,0.9999558793979005,4.412060209945741e-05,0.0023436987805568665
2022-10-31,185.83613162355456,-0.006347014738340252,Bear Market,0.9948947304407277,0.005105269559272305,0.002310037894179964
2022-11-01,186.7896585440038,0.005117890532025844,Bear Market,0.9999882665030665,1.17334969335089e-05,0.0023439141819758514
2022-11-02,185.583584309765,-0.006477793315190395,Bear Market,0.9966061012229159,0.0033938987770840987,0.002321419945555146
2022-11-03,184.79431541538727,-0.004261971838382618,Bear Market,0.9997665737257598,0.0002334262742401796,0.002342439739028085
2022-11-04,178.32681544347713,-0.035625489350328686,Bear Market,1.4677240212624462e-35,1.0,-0.004306846683161388
2022-11-07,170.74455944890187,-0.04344927337275942,Bear Market,7.563346809651276e-54,1.0,-0.004306846683161388
2022-11-08,171.15473588671372,0.002399400292390128,Bear Market,0.9999181105712492,8.188942875070759e-05,0.0023434475861752635
2022-11-09,170.96574023911455,-0.0011048486133586207,Bear Market,0.9998871734523729,0.00011282654762709754,0.0023432418283815017
2022-11-10,161.94689924564258,-0.05419468788548474,Bear Market,1.287009063313091e-83,1.0,-0.004306846683161388
2022-11-11,160.05198246806808,-0.011769846171888372,Bear Market,0.00533193739154073,0.9946680626084592,-0.004271384826530781
2022-11-14,154.60483978020636,-0.03462621205448264,Bear Market,8.648205135929229e-35,1.0,-0.004306846683161388
2022-11-15,146.87325433484645,-0.05130244139128098,Bear Market,7.376292254849795e-76,1.0,-0.004306846683161388
2022-11-16,153.4903322681737,0.04406758362948656,Bear Market,8.105710701867998e-41,1.0,-0.004306846683161388
2022-11-17,157.86581493834444,0.028107816571095026,Bear Market,4.330020961018795e-13,0.999999999999567,-0.0043068466831585085
2022-11-18,159.93426649535445,0.013017496765612884,Bear Market,0.9723241828512351,0.02767581714876483,0.002159924818215733
2022-11-21,161.14326186196303,0.007530898140054845,Bear Market,0.9998981836960437,0.00010181630395635716,0.0023433150557384363
2022-11-22,161.08035066389215,-0.0003904816185077323,Bear Market,0.9999626130644667,3.738693553334209e-05,0.0023437435650884224
2022-11-23,158.46626230590877,-0.0163615983896471,Bear Market,5.205540641656338e-06,0.9999947944593582,-0.004306812061949178
2022-11-24,158.84493011951542,0.0023867295097174373,Bear Market,0.9999935170765334,6.48292346656636e-06,0.0023439491026941263
2022-11-25,164.04769981429516,0.03222879400515741,Bear Market,4.437186550833032e-17,1.0,-0.004306846683161388
2022-11-28,171.17289658256104,0.04251689875940991,Bear Market,3.016766056929549e-35,1.0,-0.004306846683161388
2022-11-29,175.8091525522932,0.02672490937521395,Bear Market,3.968698205178588e-09,0.9999999960313019,-0.004306846656766216
2022-11-30,180.62851297265323,0.027043461465498977,Bear Market,2.4533177286416966e-09,0.9999999975466822,-0.0043068466668447665
2022-12-01,180.53178255959787,-0.0005356647259675297,Bear Market,0.9999985330278617,1.4669721382724613e-06,0.0023439824629783554
2022-12-02,187.52428766661373,0.03800152830842511,Bear Market,1.0740210614751397e-25,1.0,-0.004306846683161388
2022-12-05,190.6166151635109,0.016355789123206118,Bear Market,0.9938059733282234,0.00619402667177657,0.0023027967460204912
2022-12-06,183.61178118400937,-0.03744051657014885,Bear Market,6.530688172781886e-38,1.0,-0.004306846683161388
2022-12-07,180.210103278606,-0.018700233165199146,Bear Market,2.3632427739036712e-07,0.9999997636757226,-0.00430684511140669
2022-12-08,184.43275164331777,0.023161496668506205,Bear Market,7.895010969931884e-05,0.9999210498903007,-0.004306321598700424
2022-12-09,186.1706843268315,0.009379003294009026,Bear Market,0.9999960428408764,3.95715912358742e-06,0.0023439659011458783
2022-12-12,184.00484353570064,-0.011701829767828456,Bear Market,0.7649925630774148,0.2350074369225852,0.0007809956156569248
2022-12-13,187.21226691595996,0.0172810094677049,Bear Market,0.967008517582366,0.032991482417633985,0.0021245711848516197
2022-12-14,188.03348995431773,0.004376994726309539,Bear Market,0.9999997746869397,2.2531306035928155e-07,0.002343990721052855
2022-12-15,188.46343736316084,0.0022839368108708035,Bear Market,0.999999842713754,1.5728624605484e-07,0.002343991173488238
2022-12-16,189.11102424065305,0.0034302506039930996,Bear Market,0.9999998849920637,1.1500793638548067e-07,0.0023439914546744644
2022-12-19,186.0777970499994,-0.016169422460002084,Bear Market,0.0004395651966973961,0.9995604348033026,-0.004303923205850904
2022-12-20,181.24809002392035,-0.026298094094792304,Bear Market,1.474465963800355e-17,1.0,-0.004306846683161388
2022-12-21,178.9232165401481,-0.012909999944462064,Bear Market,0.12697929877032207,0.873020701229678,-0.0034623278230577056
2022-12-22,180.03328090754272,0.006184971794487906,Bear Market,0.9999984693549572,1.5306450428690384e-06,0.002343982039500124
2022-12-23,179.26910246212933,-0.00425368510216732,Bear Market,0.9999643767731357,3.5623226864283484e-05,0.0023437552952306514
2022-12-26,171.1987192672742,-0.04606305986385451,Bear Market,2.048334146981684e-59,1.0,-0.004306846683161388
2022-12-27,176.19316748114193,0.028755952920995316,Bear Market,1.397727125519885e-12,0.9999999999986023,-0.004306846683152093
2022-12-28,178.2838385307495,0.011795943072011185,Bear Market,0.9996551656563819,0.00034483434361813885,0.002341698781906187
2022-12-29,177.04254458084733,-0.006986810202843956,Bear Market,0.9979725437147939,0.0020274562852060133,0.0023305079344384787
2022-12-30,177.3652398830298,0.0018210400871816038,Bear Market,0.9999970683523114,2.931647688685384e-06,0.002343972721657225
2023-01-03,184.05416598629463,0.03701898600633678,Bear Market,2.169703325557279e-24,1.0,-0.004306846683161388
2023-01-04,184.39678957324,0.0018598061996222186,Bull Market,0.9999993592872289,6.407127710636999e-07,0.0023439879582962987
2023-01-05,185.76438048688252,0.007389198256435049,Bull Market,0.9999994343966455,5.656033544981391e-07,0.002343988457836928
2023-01-06,183.8085521956892,-0.010584360364462206,Bull Market,0.965265795240857,0.03473420475914301,0.002112980619306046
2023-01-09,183.37092211116223,-0.0023837404995414218,Bull Market,0.9999977987831823,2.201216817673223e-06,0.0023439775796352774
2023-01-10,184.0302061432101,0.0035889097174345358,Bull Market,0.9999998806961053,1.1930389463588506e-07,0.002343991426102738
2023-01-11,185.21385797020773,0.006411238508258263,Bull Market,0.9999998244619297,1.7553807019160138e-07,0.0023439910520982954
2023-01-12,185.61299150968824,0.0021526687950013355,Bull Market,0.9999999050412981,9.49587019188766e-08,0.002343991588018693
2023-01-13,185.3155645110673,-0.0016036892147410782,Bull Market,0.999999597083683,4.0291631705549357e-07,0.002343989539842206
2023-01-16,185.5356939335217,0.0011871576180209685,Bull Market,0.9999998852628015,1.1473719843110306e-07,0.0023439914564750987
2023-01-17,190.13651206832125,0.024495015080211346,Bull Market,4.015775646704263e-05,0.999959842243533,-0.004306579600392431
2023-01-18,192.8799650262269,0.014325753804774572,Bull Market,0.9999207020988007,7.929790119934973e-05,0.00234346482200752
2023-01-19,194.22995689854784,0.006974749385772275,Bull Market,0.9999998992569874,1.0074301253767715e-07,0.0023439915495481745
2023-01-27,196.33968836904248,0.010803461127886542,Bull Market,0.9999993969050299,6.030949700304473e-07,0.0023439882084862326
2023-01-30,195.8114388868313,-0.002694113391545809,Bull Market,0.999999771796799,2.2820320099268945e-07,0.002343990701830995
2023-01-31,198.10457877127476,0.011642917200378619,Bull Market,0.9999987340637679,1.265936232053028e-06,0.002343983800035781
2023-02-01,191.1277358497207,-0.03585308827218504,Bear Market,3.967859047144022e-34,1.0,-0.004306846683161388
2023-02-02,189.6176980097928,-0.00793204920105177,Bear Market,0.9986054212509279,0.0013945787490721785,0.002334717100976465
2023-02-03,189.7434368712847,0.000662897985771764,Bear Market,0.999999355795798,6.442042019469993e-07,0.002343987935075354
2023-02-06,191.3002128466948,0.008171161694672422,Bear Market,0.9999991572821718,8.427178280466076e-07,0.0023439866147932065
2023-02-07,187.32285099474757,-0.02101038496263872,Bear Market,5.44777267775555e-10,0.9999999994552228,-0.004306846679538163
2023-02-08,188.07260059782385,0.00399445756091635,Bear Market,0.999999322179633,6.778203668918986e-07,0.002343987711499656
2023-02-09,187.56705082894464,-0.0026916757705936108,Bear Market,0.9999946814523439,5.318547656041496e-06,0.002343956846770065
2023-02-10,185.19840771565276,-0.012708661378826334,Bear Market,0.1711299484285033,0.8288700515714966,-0.003168688964730045
2023-02-13,180.51376655841236,-0.02562068064117903,Bear Market,6.153079271059543e-17,1.0,-0.004306846683161388
2023-02-14,180.61652892882236,0.0005691152166838119,Bear Market,0.9999952865792415,4.713420758493353e-06,0.002343960871371576
2023-02-15,183.40849565236584,0.015339722723763424,Bear Market,0.9915952569866089,0.008404743013391093,0.0022880936277727693
2023-02-16,186.09169748979147,0.014523667660198641,Bear Market,0.9983319623867848,0.0016680376132152046,0.0023328983701245247
2023-02-17,186.2681504700545,0.0009477552128023179,Bear Market,0.9999988576076514,1.1423923485573973e-06,0.0023439846217062476
2023-02-20,192.3521106149093,0.03214029722189449,Bear Market,5.316885186446947e-16,0.9999999999999994,-0.004306846683161385
2023-02-21,191.4230859497997,-0.004841513928672926,Bear Market,0.9999753048924902,2.4695107509796597e-05,0.0023438279763919882
2023-02-22,185.4476098955565,-0.03171367227436284,Bear Market,4.875325312915187e-27,1.0,-0.004306846683161388
2023-02-23,185.6241891901189,0.0009517258294811394,Bear Market,0.99999767329508,2.326704919961392e-06,0.0023439767450341245
2023-02-24,182.45527474647875,-0.017219068442357606,Bear Market,4.3421441289489195e-06,0.9999956578558711,-0.004306817804260294
2023-02-27,177.90591194726974,-0.02525024712959275,Bear Market,8.731047958083142e-17,0.9999999999999999,-0.004306846683161387
2023-02-28,178.4130797763595,0.002846708614284897,Bull Market,0.999995932020091,4.067979909070016e-06,0.002343965164094687
2023-03-01,182.1312855601093,0.020626241670458043,Bull Market,0.009427480634733608,0.9905725193652664,-0.00424414602820112
2023-03-02,181.86056166799423,-0.0014875275042382412,Bull Market,0.9999932138813309,6.786118669091571e-06,0.0023439470861916782
2023-03-03,179.26734026545,-0.01436203607313032,Bull Market,0.003685245223088543,0.9963147547769114,-0.004282336710865552
2023-03-06,180.72738591100625,0.008111528002607057,Bull Market,0.9999934111664529,6.588833546980838e-06,0.0023439483983032435
2023-03-07,181.82751054605717,0.006068752744719648,Bull Market,0.9999981282149027,1.871785097276092e-06,0.002343979770632579
2023-03-08,184.23092132698048,0.013131484526746789,Bull Market,0.9998681670777896,0.00013183292221034023,0.002343115420046024
2023-03-09,185.67702459855371,0.007818759529483275,Bull Market,0.9999988935634174,1.1064365825966033e-06,0.0023439848608422546
2023-03-10,184.5934512185381,-0.00585289157011054,Bull Market,0.999957694537933,4.230546206689888e-05,0.002343710852760809
2023-03-13,183.7235974222947,-0.0047234056457423675,Bull Market,0.999990333952463,9.666047537075442e-06,0.0023439279322487266
2023-03-14,180.1758133923828,-0.019499325013362816,Bull Market,5.4593385341852656e-08,0.9999999454066146,-0.004306846320069576
2023-03-15,185.5146540555908,0.029200761273776646,Bull Market,1.2097879109907539e-11,0.9999999999879021,-0.004306846683080927
2023-03-16,182.74161398023173,-0.015060666887670453,Bull Market,0.0021890721027351488,0.9978109278972649,-0.0042922875172596246
2023-03-17,183.4619183484949,0.003933906877480726,Bull Market,0.9999995619717473,4.380282526000975e-07,0.0023439893063183785
2023-03-20,179.74398432808948,-0.020473587361571538,Bull Market,1.7638951816236802e-09,0.9999999982361049,-0.004306846671430006
2023-03-21,181.4218553052924,0.009291482549970222,Bull Market,0.9999935382994827,6.4617005173878475e-06,0.002343949243844543
2023-03-22,181.564521547456,0.0007860694428630195,Bull Market,0.9999989365250035,1.0634749965263336e-06,0.0023439851465728427
2023-03-23,182.6796243620701,0.006122850900072741,Bull Market,0.9999992967111767,7.032888232982731e-07,0.002343987542113056
2023-03-24,183.6268240000917,0.005171635680405789,Bull Market,0.999999726780365,2.7321963510311023e-07,0.0023439904024339436
2023-03-27,184.9087762145861,0.006957034187843856,Bull Market,0.9999998204061489,1.7959385113283962e-07,0.00234399102512395
2023-03-28,185.01199985479164,0.0005580851336954431,Bull Market,0.9999999080106624,9.19893375731276e-08,0.0023439916077674567
2023-03-29,185.1500096781016,0.0007456725766044935,Bull Market,0.9999998731421678,1.2685783226474775e-07,0.0023439913758627156
2023-03-30,185.26385666643552,0.000614701566343833,Bull Market,0.9999999107829113,8.921708875428492e-08,0.0023439916262052367
2023-03-31,186.1747774400631,0.004904834964286021,Bull Market,0.9999999494548459,5.0545154018885833e-08,0.0023439918834060446
2023-04-03,190.1252501499995,0.020997170130004617,Bull Market,0.22954701259210275,0.7704529874078972,-0.002780166481807205
2023-04-04,191.71839516400564,0.008344537236344853,Bull Market,0.9999999299949907,7.000500933465298e-08,0.0023439917539816823
2023-04-05,193.16664487365637,0.0075256577636849545,Bull Market,0.9999999606910446,3.930895541777827e-08,0.002343991958136192
2023-04-06,191.1365957658624,-0.01056492777334598,Bull Market,0.9975690819886626,0.002430918011337405,0.002327824575494559
2023-04-07,191.73479162998328,0.003124790049928498,Bull Market,0.9999999754767672,2.452323284373572e-08,0.002343992056473651
2023-04-10,191.6861000107984,-0.00025398521837586495,Bull Market,0.9999999618407766,3.8159223533454414e-08,0.0023439919657828735
2023-04-11,193.4316498624668,0.00906508103408555,Bull Market,0.9999998928434258,1.0715657408023888e-07,0.00234399150689261
2023-04-12,193.7864695727852,0.0018326611892304362,Bull Market,0.9999999838315589,1.6168441232796227e-08,0.002343992112040024
2023-04-13,192.63150413911424,-0.005977821693451913,Bull Market,0.9999964961034641,3.503896535902546e-06,0.0023439689157223292
2023-04-14,189.37638525797797,-0.017042567749542634,Bull Market,0.0002724165738598023,0.9997275834261402,-0.004305034884414212
2023-04-17,190.16485485596525,0.004154861969789876,Bull Market,0.9999999078475634,9.21524365660493e-08,0.0023439916066827116
2023-04-18,191.59620325287548,0.0074986962321809516,Bull Market,0.9999997866866048,2.133133951469282e-07,0.002343990800860695
2023-04-19,190.0229009371668,-0.008245453187038534,Bull Market,0.9995115782663099,0.000488421733690201,0.002340743805306354
2023-04-20,190.0755616914904,0.0002770900692223545,Bull Market,0.9999997499388865,2.500611134600202e-07,0.0023439905564575404
2023-04-21,189.1622894087928,-0.004816365484127355,Bull Market,0.999989948837516,1.0051162483983527e-05,0.0023439253709112554
2023-04-24,189.05405524496507,-0.0005723399758481891,Bull Market,0.9999994134959705,5.865040294199811e-07,0.002343988318829906
2023-04-25,187.81081220694855,-0.006597842650823724,Bull Market,0.9998669728396904,0.0001330271603096582,0.0023431074773608137
2023-04-26,189.50393083110063,0.008974629375531203,Bull Market,0.999998113546144,1.886453856038747e-06,0.002343979673073028
2023-04-27,190.2948110590666,0.004164739288943454,Bull Market,0.999999807795982,1.922040180228829e-07,0.002343990941255761
2023-04-28,191.9039254453952,0.00842035171821792,Bull Market,0.9999995577353461,4.4226465395360905e-07,0.002343989278142756
2023-05-04,191.28501530249525,-0.0032303159891974935,Bull Market,0.9999983323607077,1.6676392922982258e-06,0.0023439811283734405
2023-05-05,191.23237368930535,-0.0002752377540847007,Bull Market,0.9999996286096495,3.713903504276798e-07,0.002343989749516331
2023-05-08,193.06037053731515,0.009513635961161395,Bull Market,0.9999989668069952,1.033193004920468e-06,0.002343985347973491
2023-05-09,193.3149158622703,0.0013176068487880117,Bull Market,0.9999998843210202,1.1567897983020413e-07,0.002343991450211462
2023-05-10,195.52587455759885,0.011372173792889252,Bull Market,0.9999982634506676,1.736549332427473e-06,0.002343980670063865
2023-05-11,196.17655117934532,0.003322303756583065,Bull Market,0.9999999638587,3.614130003076217e-08,0.0023439919792037573
2023-05-12,197.68509657510637,0.0076603181914325245,Bull Market,0.999999942012543,5.79874568467485e-08,0.0023439918339084875
2023-05-15,196.0650321882116,-0.008228942217376469,Bull Market,0.9999153344339554,8.466556604464142e-05,0.00234342912253335
2023-05-16,196.53328789845705,0.0023854199487262015,Bull Market,0.9999999572705688,4.272943117534287e-08,0.0023439919353871585
2023-05-17,194.8200254898962,-0.008755634844471312,Bull Market,0.9995745320823619,0.0004254679176380483,0.0023411625009952287
2023-05-18,195.0597487020475,0.001229729051002574,Bull Market,0.999999911270927,8.872907304688666e-08,0.002343991629450951
2023-05-19,195.6145292435932,0.0028401199965403475,Bull Market,0.9999999521936314,4.780636861545919e-08,0.002343991901621265
2023-05-22,197.76961608507972,0.010956762884319984,Bull Market,0.9999991788026293,8.211973706375674e-07,0.0023439867579223023
2023-05-23,197.5598653958963,-0.0010611437734403162,Bull Market,0.9999998950606207,1.0493937927229684e-07,0.0023439915216388156
2023-05-24,196.7480581039964,-0.004117636955938059,Bull Market,0.9999977522857102,2.247714289809455e-06,0.0023439772703880805
2023-05-25,196.97018601279893,0.001128359864900397,Bull Market,0.9999998321595898,1.678404102892149e-07,0.0023439911032941915
2023-05-26,197.79292424644137,0.00416826903771049,Bull Market,0.9999999111941197,8.880588028407068e-08,0.0023439916289401184
2023-05-29,200.68901542891535,0.01453587672250637,Bull Market,0.9999094626495273,9.053735047261168e-05,0.0023433900702410472
2023-05-30,201.77105433520876,0.0053771372353208875,Bull Market,0.9999999487383807,5.126161927739465e-08,0.00234399187864095
2023-05-31,202.58762563789284,0.004038851906197614,Bull Market,0.9999999640760263,3.59239737261566e-08,0.0023439919806491597
2023-06-01,204.16944998857497,0.007777774104839732,Bull Market,0.9999999255772942,7.442270578298637e-08,0.002343991724600295
2023-06-02,205.64590319039584,0.007205486950966269,Bull Market,0.9999999470644672,5.2935532809345005e-08,0.0023439918675080204
2023-06-05,206.0150426471816,0.0017934154767801213,Bull Market,0.999999974300632,2.5699367945293565e-08,0.0023439920486513655
2023-06-06,208.33063619227903,0.011177226024729741,Bull Market,0.9999993532166223,6.467833777017148e-07,0.002343987917921672
2023-06-07,209.9917780987766,0.007941963332997605,Bull Market,0.99999995658921,4.341078998430884e-08,0.0023439919308555508
2023-06-08,207.29791875961223,-0.012911398400116124,Bull Market,0.856541096918156,0.14345890308184397,0.0013898701660132878
2023-06-09,209.3070886131576,0.009645517432863583,Bull Market,0.9999996484974871,3.515025129067074e-07,0.0023439898817871345
2023-06-12,210.88082993980584,0.007490689835491181,Bull Market,0.9999999123319748,8.766802513451644e-08,0.0023439916365078093
2023-06-13,211.2892160879128,0.001934700385942738,Bull Market,0.9999999655627803,3.443721974182852e-08,0.0023439919905373207
2023-06-14,209.36889756587016,-0.009130131094080129,Bull Market,0.999580904584163,0.00041909541583694124,0.0023412048834781153
2023-06-15,209.54358490779163,0.0008340040431139293,Bull Market,0.9999999230344682,7.696553182548129e-08,0.0023439917076883685
2023-06-16,208.86756654937375,-0.0032313619954689255,Bull Market,0.999999210983236,7.890167640486303e-07,0.0023439869719503324
2023-06-19,207.94810119533184,-0.004411863164503228,Bull Market,0.9999957971394198,4.202860580166957e-06,0.002343964267025072
2023-06-20,211.05316973198137,0.014821555899536288,Bull Market,0.999685599136055,0.0003144008639448807,0.0023419011900767434
2023-06-21,213.14463129379865,0.009860864455017144,Bull Market,0.9999987701797143,1.2298202856475936e-06,0.0023439840402371226
2023-06-22,214.94080432045672,0.008391706037462789,Bull Market,0.9999996339322105,3.6606778948942614e-07,0.0023439897849158262
2023-06-23,215.073057103638,0.0006151094149068636,Bull Market,0.9999998281533165,1.7184668353615754e-07,0.0023439910766491134
2023-06-26,215.38534626122208,0.001450961161083874,Bull Market,0.9999998588494265,1.4115057343567426e-07,0.002343991280803997
2023-06-27,216.0780636847008,0.0032110162887800287,Bull Market,0.9999998856479876,1.1435201234981393e-07,0.002343991459036909
2023-06-28,216.47098956953968,0.0018167927543083348,Bull Market,0.9999998691316477,1.3086835223934982e-07,0.0023439913491893932
2023-06-29,212.93229266541093,-0.01648230072852199,Bull Market,0.0001757193762322358,0.9998242806237677,-0.004305678001897979
2023-06-30,213.00125314741533,0.000323808647075954,Bull Market,0.9999989103241631,1.0896758368956795e-06,0.002343984972315274
2023-07-03,214.2169504092468,0.0056912394326796584,Bull Market,0.9999993870064334,6.129935666963457e-07,0.0023439881426522615
2023-07-04,216.6089739921616,0.011104476436060514,Bull Market,0.999986107078644,1.3892921355955479e-05,0.0023438998199918947
2023-07-05,217.1483801095733,0.0024871342946347526,Bull Market,0.9999995941314496,4.0586855049401683e-07,0.0023439895202073766
2023-07-06,215.66707700834849,-0.006844990679489577,Bull Market,0.9997720122533571,0.0002279877466429206,0.0023424759097990023
2023-07-07,217.90709409868717,0.010332889594764782,Bull Market,0.9999930529990407,6.947000959253838e-06,0.0023439460161894846
2023-07-10,220.38384990527447,0.011302000210095491,Bull Market,0.9999883773970623,1.1622602937744406e-05,0.0023439149195139523
2023-07-11,221.0651125778176,0.003086486870612591,Bull Market,0.9999997364570017,2.635429983743741e-07,0.002343990466791696
2023-07-12,221.3987561441496,0.001508116947640201,Bull Market,0.9999996449089364,3.5509106353730024e-07,0.0023439898579202625
2023-07-13,224.29036900550585,0.012976100479106452,Bull Market,0.9999744033765994,2.559662340059048e-05,0.0023438219805550302
2023-07-14,225.5233796854199,0.00548233028348296,Bull Market,0.9999998906988392,1.0930116074143771e-07,0.00234399149262931
2023-07-17,226.52113145922308,0.004414403314126419,Bull Market,0.9999999215700376,7.842996240463873e-08,0.0023439916979486764
2023-07-18,226.7043450543875,0.0008084876717592017,Bull Market,0.9999998205235752,1.794764248046505e-07,0.0023439910259049333
2023-07-19,226.13960267661625,-0.0024942043429103163,Bull Market,0.9999985235515809,1.4764484190714336e-06,0.0023439823999531384
2023-07-20,227.38833510331747,0.005506763655644112,Bull Market,0.999999852670251,1.473297489114927e-07,0.002343991239707296
2023-07-21,230.5410900266237,0.013769828125491417,Bull Market,0.9999281782850009,7.182171499906342e-05,0.0023435145449175448
2023-07-24,232.4593538812079,0.008286276420934994,Bull Market,0.9999995835752212,4.164247787316759e-07,0.002343989449999603
2023-07-25,232.24560479975952,-0.0009199346489841094,Bull Market,0.9999995441826209,4.5581737904659834e-07,0.002343989188005765
2023-07-26,233.20389411003407,0.004117699843002354,Bull Market,0.9999998529198205,1.4708017950220947e-07,0.002343991241367142
2023-07-27,233.72801164427872,0.0022449429902085456,Bull Market,0.999999829898089,1.7010191096923954e-07,0.0023439910882533145
2023-07-28,235.75759568563984,0.008646044321554015,Bull Market,0.9999992328802123,7.671197876799363e-07,0.002343987117583595
2023-07-31,237.32866913816756,0.0066418298093004,Bull Market,0.999999750954442,2.4904555803000456e-07,0.002343990563211836
2023-08-01,235.0493905635105,-0.009650305371359061,Bull Market,0.9944491166974139,0.0055508833025860954,0.0023070741889603392
2023-08-02,236.3917366572608,0.0056946653308081515,Bull Market,0.9999996755327436,3.244672564502584e-07,0.00234399006159427
2023-08-03,235.30842300348337,-0.0045932380399744555,Bull Market,0.9999852618850819,1.4738114918142053e-05,0.002343894198745671
2023-08-04,238.19804273957396,0.012205348046571418,Bull Market,0.9999636093339667,3.639066603337773e-05,0.0023437501911163705
2023-08-07,240.4716998304621,0.009499970390207762,Bull Market,0.9999964891126909,3.5108873091694423e-06,0.002343968869227823
2023-08-08,240.34893571898417,-0.0005106441157845359,Bull Market,0.9999991707353967,8.29264603312451e-07,0.0023439867042684376
2023-08-09,239.4010840841097,-0.003951444831912685,Bull Market,0.9999883905876491,1.1609412350795438e-05,0.002343915007242421
2023-08-10,236.45361496478384,-0.0123882639829749,Bull Market,0.2515511190740732,0.7484488809259268,-0.00263382071439699
2023-08-11,237.70510447356384,0.005278791103495046,Bull Market,0.9999980570984739,1.9429015260802474e-06,0.002343979297648668
2023-08-14,240.15713420017084,0.010262586364475973,Bull Market,0.9999760192050563,2.3980794943635008e-05,0.002343832727169792
2023-08-15,239.8147435475372,-0.0014267115495119943,Bull Market,0.9999950804913459,4.9195086540602345e-06,0.002343959500714183
2023-08-16,240.30220448941097,0.0020305932184348334,Bull Market,0.9999985778989047,1.422101095289434e-06,0.0023439827614084334
2023-08-17,238.4068869700397,-0.007918493534425223,Bull Market,0.9971768907922417,0.00282310920775826,0.0023252161750280933
2023-08-18,226.0133282583134,-0.05338485094342224,Bear Market,2.284044472514951e-80,1.0,-0.004306846683161388
2023-08-21,225.28127010395596,-0.003244261283445688,Bull Market,0.9975561969474736,0.0024438030525263973,0.0023277388791613563
2023-08-22,227.3076962656298,0.008954878946693652,Bull Market,0.9994173212264925,0.0005826787735075447,0.00234011691691908
2023-08-23,225.8731104616583,-0.006331206329517495,Bull Market,0.9805335742750552,0.019466425724944888,0.002214524158065055
2023-08-24,230.7812064323938,0.021496719921217728,Bull Market,6.943805479699193e-05,0.9999305619452031,-0.004306384861845215
2023-08-25,231.27905967511572,0.0021549285748951683,Bull Market,0.9999659263421958,3.407365780424402e-05,0.0023437656011648387
2023-08-28,234.9940828191435,0.015935302376640478,Bull Market,0.8284925799840226,0.1715074200159775,0.0012033239984237283
2023-08-29,236.14752319607547,0.004896373687367002,Bull Market,0.9999867440596526,1.3255940347418531e-05,0.0023439040564499666
2023-08-30,239.0357318637355,0.012156338441141907,Bull Market,0.9993504542982364,0.0006495457017635615,0.0023396721957513284
2023-08-31,242.13416756576143,0.012878937493563832,Bull Market,0.9990585756583849,0.0009414243416151246,0.002337730957938526
2023-09-05,244.10330771561283,0.008099544008868302,Bull Market,0.9999966977458323,3.3022541676293705e-06,0.002343970256813237
2023-09-06,246.7377899914228,0.010734665806731042,Bull Market,0.9999848578770671,1.5142122932853618e-05,0.00234389151175345
2023-09-07,247.29192326358088,0.0022433205521024506,Bull Market,0.9999994343100033,5.656899968381507e-07,0.0023439884572606837
2023-09-08,248.73042142070344,0.005800150760689427,Bull Market,0.999999463382763,5.366172369929339e-07,0.002343988650618926
2023-09-11,244.3000673629771,-0.01797241108219892,Bull Market,1.2445634014466272e-06,0.9999987554365986,-0.0043068384057707
2023-09-12,249.11716618095824,0.01952607870129611,Bull Market,0.20724152498819365,0.7927584750118064,-0.0029285166865077594
2023-09-13,248.2109424107909,-0.0036443738349362913,Bull Market,0.9999863806516945,1.361934830553281e-05,0.0023439016394821814
2023-09-14,244.8362319108516,-0.013689413010650967,Bull Market,0.02296659715542351,0.9770334028445765,-0.004154099545336652
2023-09-15,245.2607651744894,0.0017324463212153537,Bull Market,0.9999982967461258,1.7032538741349862e-06,0.0023439808915065945
2023-09-18,243.59737039854824,-0.0068052511532987236,Bull Market,0.9990532077444854,0.0009467922555147023,0.0023376952568079363
2023-09-19,244.59245761690164,0.004076646170669635,Bull Market,0.999998278185986,1.7218140140075333e-06,0.002343980768066094
2023-09-20,249.4162674846217,0.019529870404121467,Bull Market,0.0941026119793812,0.9058973880206188,-0.003680985370559933
2023-09-21,247.0652583048688,-0.009470752205053338,Bull Market,0.9568518612253458,0.04314813877465421,0.0020570208996306383
2023-09-22,239.8168150467208,-0.02977714413178542,Bear Market,1.8971647433815356e-24,1.0,-0.004306846683161388
2023-09-25,228.85818320775897,-0.04677283684969665,Bear Market,1.0462721919939117e-62,1.0,-0.004306846683161388
2023-09-26,225.40469285121105,-0.015205102922372092,Bear Market,1.6683625616204038e-06,0.9999983316374383,-0.004306835587150759
2023-09-27,230.84462460482573,0.023847441960716764,Bear Market,2.552009178313634e-08,0.9999999744799082,-0.004306846513431369
2023-09-28,230.3741041593176,-0.002040336089556337,Bear Market,0.998556568132532,0.0014434318674678961,0.0023343921867561186
2023-09-29,230.88834759083076,0.0022297225478280064,Bear Market,0.9998214543687233,0.00017854563127664387,0.0023428047413433135
2023-10-02,232.17366245040333,0.005551386780133287,Bear Market,0.9998811039236537,0.00011889607634627385,0.0023432014609237753
2023-10-03,223.449590564792,-0.038299793648044075,Bear Market,1.3697809266794025e-42,1.0,-0.004306846683161388
2023-10-04,226.98637355901909,0.01570414426226706,Bear Market,0.189824154313017,0.810175845686983,-0.003044356812977582
2023-10-05,224.45411702052044,-0.011218679538839415,Bear Market,0.006984747015678301,0.9930152529843217,-0.004260392255983752
2023-10-06,228.163040856634,0.01638915710839636,Bear Market,0.11758587610775673,0.8824141238922433,-0.003524801963931729
2023-10-09,230.71027983407924,0.011102258627623374,Bear Market,0.9972020011560907,0.0027979988439093945,0.0023253831800128417
2023-10-10,231.1264107171932,0.001802069884188343,Bear Market,0.9999603540109807,3.96459890193673e-05,0.0023437285404876145
2023-10-11,233.79606861987173,0.011484440368266038,Bear Market,0.9977273065786506,0.0022726934213494346,0.0023288769017530205
2023-10-12,233.9911228799533,0.0008339444727445914,Bear Market,0.9999679244751094,3.2075524890628426e-05,0.0023437788904249537
2023-10-13,235.255571210794,0.005389282043696824,Bear Market,0.9999864793674251,1.352063257485839e-05,0.0023439022960246034
2023-10-16,231.7744833836555,-0.014907615737068083,Bear Market,0.00015294773645282232,0.9998470522635472,-0.004305829452405703
2023-10-17,224.93273598624185,-0.02996343819691828,Bear Market,3.4402221851670387e-25,1.0,-0.004306846683161388
2023-10-18,220.3348040923678,-0.020653180021586174,Bear Market,2.3687888443880656e-12,0.9999999999976311,-0.0043068466831456325
2023-10-19,217.02150150760664,-0.015151792395419382,Bear Market,1.7722232130110919e-06,0.9999982277767869,-0.004306834896390299
2023-10-20,222.85273139087963,0.026514722031073787,Bear Market,2.7294435933632574e-11,0.9999999999727056,-0.004306846682979857
2023-10-23,220.02735770165432,-0.012759264140937839,Bear Market,0.00034046678553154984,0.9996595332144684,-0.004304582293419085
2023-10-24,222.9774591099396,0.013318794316199888,Bear Market,0.9066837192833057,0.09331628071669433,0.001723360669524581
2023-10-25,222.11687727048653,-0.003866968601936647,Bear Market,0.9921972715058023,0.007802728494197679,0.0022920975293570316
2023-10-26,211.5181261257852,-0.04889301998829302,Bear Market,1.1265905017323019e-69,1.0,-0.004306846683161388
2023-10-27,213.5552812680431,0.009585030271926974,Bear Market,0.9152721883311149,0.08472781166888511,0.0017804811935826865
2023-10-30,207.6953442009033,-0.027823413157799157,Bear Market,3.020630270851159e-24,1.0,-0.004306846683161388
2023-10-31,202.07034190574743,-0.027456450610239564,Bear Market,5.245575049333707e-24,1.0,-0.004306846683161388
2023-11-01,205.965953677488,0.019095017679832446,Bear Market,2.2570267726853232e-05,0.9999774297322732,-0.004306696571946746
2023-11-02,215.17169908251,0.04372542807964121,Bear Market,6.903069258414055e-41,1.0,-0.004306846683161388
2023-11-03,215.92956370675356,0.003515950753941785,Bear Market,0.9979493732326632,0.00205062676733682,0.0023303538312945283
2023-11-06,218.26475770721092,0.010756550240582708,Bear Market,0.9863037890263876,0.013696210973612387,0.0022529009268103532
2023-11-07,216.7490960941153,-0.0069683654117476046,Bear Market,0.7904708313509544,0.20952916864904564,0.0009504474734649033
2023-11-08,225.68446692101207,0.040397414278206374,Bear Market,1.5314844453503444e-32,1.0,-0.004306846683161388
2023-11-09,226.97365002838245,0.005696071912775208,Bull Market,0.9999605246604313,3.947533956871617e-05,0.0023437296754496195
2023-11-10,225.84147626110172,-0.0050006108931426934,Bull Market,0.9984002121182799,0.0015997878817200894,0.0023333522880938534
2023-11-13,226.51411295224705,0.0029739311414860095,Bull Market,0.9999858566217219,1.414337827813368e-05,0.0023438981542432532
2023-11-14,228.36085634260965,0.008119829234748277,Bull Market,0.9999758175202802,2.4182479719884425e-05,0.002343831385796836
2023-11-15,229.93438365108148,0.0068668986904738055,Bull Market,0.9999912844471774,8.715552822620745e-06,0.0023439342538359503
2023-11-16,231.69174275765695,0.007613813411170907,Bull Market,0.9999913582284846,8.641771515378301e-06,0.0023439347445435386
2023-11-17,228.11563487785537,-0.015555122254457243,Bull Market,0.00010114423307934484,0.9998988557669206,-0.004306173989161237
2023-11-20,229.15435452163044,0.004543142801691632,Bull Market,0.9999944815102048,5.5184897952220515e-06,0.002343955516987107
2023-11-21,230.9317117699129,0.00772623306836415,Bull Market,0.9999891794431428,1.0820556857167614e-05,0.0023439202537932267
2023-11-22,232.6590469398255,0.0074520172417795755,Bull Market,0.9999928018823017,7.1981176982754706e-06,0.002343944346052507
2023-11-23,226.026761012026,-0.02892066019585962,Bull Market,5.780011922922585e-23,1.0,-0.004306846683161388
2023-11-24,227.8985480322227,0.008247161337459607,Bull Market,0.9998842247886248,0.00011577521137518901,0.002343222217293935
2023-11-27,225.27871374085296,-0.011562201805947326,Bull Market,0.026236719633536243,0.9737632803664638,-0.0041323504875425115
2023-11-28,226.7795127025464,0.006639872422721659,Bull Market,0.9999156256432948,8.437435670514925e-05,0.002343431059319754
2023-11-29,229.25098425471617,0.010839168721741734,Bull Market,0.9989779881995068,0.001022011800493183,0.002337194983731947
2023-11-30,228.3070685806534,-0.004125889631855355,Bull Market,0.9976767270680904,0.002323272931909599,0.0023285405055765056
2023-12-01,230.0810095058055,0.007739947288652237,Bull Market,0.9999304763154764,6.952368452357043e-05,0.0023435298287480307
2023-12-04,235.47125905327323,0.02315740161948063,Bull Market,6.328534988515255e-06,0.9999936714650116,-0.00430680459309469
2023-12-05,234.70036503839012,-0.003279205575920242,Bull Market,0.9995991266438632,0.0004008733561368327,0.002341326075461657
2023-12-06,237.9677158594224,0.01382535862485369,Bull Market,0.9928238079424965,0.007176192057503535,0.0022962645222641786
2023-12-07,236.0169858231866,-0.008231240558334317,Bull Market,0.9732041702595008,0.026795829740499266,0.002165777472704543
2023-12-08,235.6790255327328,-0.001432958261877548,Bull Market,0.9999691843217405,3.08156782594866e-05,0.0023437872694619393
2023-12-11,235.67154506182985,-3.1740582785896647e-05,Bull Market,0.9999923024191277,7.697580872377853e-06,0.002343941024203399
2023-12-12,236.308274046149,0.002698121168812774,Bull Market,0.9999960102656706,3.9897343293066865e-06,0.002343965684493433
2023-12-13,232.89710385712624,-0.014540456908560248,Bull Market,0.0004642960654893479,0.9995357039345106,-0.004303758724826644
2023-12-14,231.20648294696915,-0.007285564845105084,Bull Market,0.9859934259207686,0.01400657407923138,0.0022508367517935285
2023-12-15,230.59568016311948,-0.0026453022043757125,Bull Market,0.999798863455335,0.00020113654466505257,0.0023426544928177016
2023-12-18,228.91795982874493,-0.007302189285800112,Bull Market,0.948440864868374,0.05155913513162609,0.0020010807178489267
2023-12-19,230.39170243483505,0.006417229092542564,Bull Market,0.9998954114195867,0.00010458858041337755,0.002343296617774327
2023-12-20,231.6777081670336,0.0055663024780579174,Bull Market,0.9999177720818867,8.22279181133107e-05,0.0023434453349370425
2023-12-21,232.57745236134383,0.00387608107475214,Bull Market,0.9999757901435938,2.420985640605718e-05,0.0023438312037189065
2023-12-22,232.836980825441,0.0011152575962041584,Bull Market,0.999975941253971,2.4058746028874475e-05,0.0023438322087296812
2023-12-25,235.6998224107161,0.012220500902509509,Bull Market,0.9987785840998604,0.0012214159001396189,0.0023358687791886538
2023-12-26,236.46191749263363,0.0032281130778250597,Bull Market,0.9999907170851187,9.282914881257358e-06,0.0023439304804022984
2023-12-27,236.50602130027832,0.00018649808646675837,Bull Market,0.9999864764155103,1.3523584489584207e-05,0.0023439022763918935
2023-12-28,237.4908090343376,0.0041552562717424475,Bull Market,0.9999926827878779,7.317212122256131e-06,0.0023439435539746797
2023-12-29,238.68800858630703,0.005028371822594587,Bull Market,0.9999949087997332,5.091200266802373e-06,0.002343958358820926
2024-01-02,237.6576813333056,-0.004325971165908716,Bull Market,0.999770802800961,0.00022919719903903766,0.0023424678659259546
2024-01-03,240.1340290746581,0.010365897362287858,Bull Market,0.9999032486522278,9.675134777222288e-05,0.002343348741946066
2024-01-04,240.60703603141667,0.0019678248592763722,Bull Market,0.9999948854318869,5.114568113074285e-06,0.0023439582034051444
2024-01-05,241.20169039451048,0.002468426296248635,Bull Market,0.9999978453929451,2.1546070548326406e-06,0.0023439778896293013
2024-01-08,242.2380523054128,0.004287456768334035,Bull Market,0.9999991025996711,8.974003288671391e-07,0.002343986251108703
2024-01-09,241.75930769261367,-0.00197829495986372,Bull Market,0.9999943089392186,5.691060781358371e-06,0.0023439543692452794
2024-01-10,240.65295750790145,-0.004586749567376799,Bull Market,0.999866278772522,0.00013372122747802042,0.0023431028612318893
2024-01-11,241.7034812744196,0.004355805553830342,Bull Market,0.9999985783669969,1.42163300311638e-06,0.002343982764521639
2024-01-12,239.2922212753145,-0.010026202669017159,Bull Market,0.8301379506429117,0.1698620493570882,0.001214267093611288
2024-01-15,237.76758628274436,-0.0063918198901040885,Bull Market,0.9957709329890664,0.0042290670109336225,0.0023158653761751304
2024-01-16,240.78936633894835,0.012628884404231653,Bull Market,0.9987601696126747,0.001239830387325272,0.0023357463074009056
2024-01-17,240.94406909376465,0.000642275369553524,Bull Market,0.999980800398902,1.9199601097872032e-05,0.0023438645261198224
2024-01-18,242.04267444047937,0.004549223166462176,Bull Market,0.9999916913335849,8.308666415078839e-06,0.0023439369599718984
2024-01-19,242.84710588270687,0.003318000143036144,Bull Market,0.9999938592361943,6.140763805656389e-06,0.0023439513783429103
2024-01-22,243.33488566369272,0.0020065734771384015,Bull Market,0.9999927949693544,7.205030645545699e-06,0.0023439443000756086
2024-01-23,242.7492520586075,-0.002409598845115756,Bull Market,0.9999588893402864,4.111065971366596e-05,0.002343718799198781
2024-01-24,241.783815623048,-0.0039850230152735045,Bull Market,0.9998321968959071,0.00016780310409291775,0.002342876188161021
2024-01-25,241.75610384206064,-0.00011462044767001313,Bull Market,0.9999800583643109,1.9941635689115013e-05,0.002343859590967296
2024-01-26,243.00477975989656,0.005151730355161258,Bull Market,0.9999900720123724,9.927987627563778e-06,0.0023439261901273822
2024-01-29,243.3427437375359,0.0013898046796195199,Bull Market,0.9999928728458239,7.1271541760539305e-06,0.0023439448180194618
2024-01-30,245.2042302132764,0.007620538386004338,Bull Market,0.9999858024868741,1.4197513125823923e-05,0.0023438977942011018
2024-01-31,242.4905478431347,-0.01112872435511525,Bull Market,0.2267506462929059,0.773249353707094,-0.0027987646635762005
2024-02-01,244.85792116371533,0.009715397060877668,Bull Market,0.9998503063312034,0.00014969366879662122,0.002342996631097796
2024-02-02,244.83163931846596,-0.0001073408436509067,Bull Market,0.9999756712275074,2.432877249267336e-05,0.0023438304128271716
2024-02-05,246.00929743303436,0.0047985417927507365,Bull Market,0.9999927302601301,7.269739869804519e-06,0.0023439438697049828
2024-02-06,246.70932345967293,0.0028414858621477962,Bull Market,0.9999951000007352,4.899999264809475e-06,0.0023439596304679878
2024-02-07,248.31218677707625,0.006475956644287682,Bull Market,0.9999955970452493,4.402954750703898e-06,0.002343962936230979
2024-02-15,249.68264828497365,0.005503932454929488,Bull Market,0.9999984449594723,1.5550405277264168e-06,0.0023439818772496845
2024-02-16,250.91024637066965,0.004904586379951714,Bull Market,0.9999989165802967,1.0834197031818494e-06,0.0023439850139238116
2024-02-19,252.972611633417,0.008185937451500003,Bull Market,0.9999980159988343,1.9840011657740156e-06,0.0023439790243015854
2024-02-20,253.3059389375889,0.0013167745382808079,Bull Market,0.9999991050216137,8.949783863001727e-07,0.002343986267216653
2024-02-21,253.711548537947,0.0015999830258551337,Bull Market,0.999999473521039,5.26478960964518e-07,0.0023439887180469665
2024-02-22,253.5487621063913,-0.0006418260357768776,Bull Market,0.9999983579390198,1.6420609800693013e-06,0.002343981298490674
2024-02-23,249.0864813057117,-0.017756009336811124,Bull Market,6.150996426331772e-07,0.9999993849003574,-0.004306842592232756
2024-02-26,252.41333218530087,0.013267800279610463,Bull Market,0.9964248188371212,0.0035751811628788785,0.0023202142656113213
2024-02-27,255.18331783861157,0.010914229437657495,Bull Market,0.9998267032010735,0.0001732967989265514,0.0023428396504817017
2024-02-28,256.3190953143422,0.0044409539942775874,Bull Market,0.9999955515473333,4.44845266670052e-06,0.002343962633631669
2024-02-29,257.0455548054008,0.0028301908820548543,Bull Market,0.9999958190689847,4.180931015200049e-06,0.0023439644128750757
2024-03-01,259.5495538783354,0.009694318204945948,Bull Market,0.9999767961246767,2.3203875323324732e-05,0.0023438378943370273
2024-03-04,260.8544940019888,0.00501511417543158,Bull Market,0.9999973055868434,2.694413156543406e-06,0.00234397429946588
2024-03-05,262.3908336642236,0.0058723661579563,Bull Market,0.9999977293025528,2.2706974472977692e-06,0.002343977117530803
2024-03-06,259.8736264981179,-0.009639662854016304,Bull Market,0.9227368443112479,0.07726315568875208,0.0018301274179708896
2024-03-07,261.75142487508936,0.00719983246100814,Bull Market,0.9999909196563498,9.080343650246978e-06,0.0023439318276709223
2024-03-08,258.3969299434907,-0.012898402570466493,Bull Market,0.01807267113403486,0.9819273288659651,-0.004186648258906811
2024-03-11,256.4824258183384,-0.007436743878797518,Bull Market,0.9627853500587682,0.037214649941231796,0.0020964835779929084
2024-03-12,258.0443548003536,0.006071341040841897,Bull Market,0.9999324432341195,6.755676588048462e-05,0.0023435429104070606
2024-03-13,263.92663555104707,0.0225396809099261,Bull Market,2.5572027922581787e-05,0.9999744279720775,-0.0043066766077232595
2024-03-14,263.50032275669804,-0.0016165760224231191,Bull Market,0.9999506745213443,4.932547865568235e-05,0.0023436641637613826
2024-03-15,264.3111469019722,0.003072403044306082,Bull Market,0.9999918935498642,8.106450135847579e-06,0.0023439383048797953
2024-03-18,259.85085605954254,-0.017019160021714146,Bull Market,3.363317948845064e-07,0.999999663668205,-0.004306844446272802
2024-03-19,259.8317054132073,-7.370132370663305e-05,Bull Market,0.9997310483996913,0.00026895160030866906,0.0023422034658074358
2024-03-20,263.1178549186053,0.012567914801655708,Bull Market,0.9943160586096915,0.005683941390308508,0.002306189241054192
2024-03-21,266.44609183985415,0.012569891753004464,Bull Market,0.9968446591039486,0.0031553408960514136,0.0023230065555908718
2024-03-22,267.20091848421737,0.0028289379801989018,Bull Market,0.9999860948030997,1.3905196900239962e-05,0.0023438997383492272
2024-03-25,264.3740339145364,-0.01063598352762594,Bull Market,0.27896121139888574,0.7210387886011143,-0.002451520606035566
2024-03-26,267.7803824191961,0.01280228040795147,Bull Market,0.996678618457417,0.0033213815425829035,0.0023219022459994845
2024-03-27,268.75016079582747,0.0036150017739077357,Bull Market,0.9999794463647725,2.0553635227571253e-05,0.0023438555206569574
2024-03-28,269.9239774916687,0.0043581767541307605,Bull Market,0.9999853178306883,1.4682169311593369e-05,0.0023438945708308873
2024-03-29,268.715577695572,-0.004486866260554949,Bull Market,0.9994107828531501,0.0005892171468499294,0.0023400734312512936
2024-04-01,268.1162308977167,-0.00223290437445383,Bull Market,0.9999217372089064,7.826279109345385e-05,0.0023434717063580803
2024-04-02,270.1623600250652,0.007602527825174594,Bull Market,0.9999814363600552,1.8563639944841674e-05,0.002343868755795
2024-04-03,267.2410557560247,-0.010872030055251605,Bull Market,0.159873898530732,0.840126101469268,-0.0032435511392812704
2024-04-04,265.6731729305135,-0.00588420149041603,Bull Market,0.9823208494598691,0.017679150540130896,0.002226411037394109
2024-04-05,262.44599671606846,-0.012221546079289656,Bull Market,0.00211071711497532,0.9978892828850247,-0.004292808643660441
2024-04-08,259.97388390765985,-0.009464154609649979,Bull Market,0.11125537947081537,0.8887446205291846,-0.0035669050772383316
2024-04-09,263.22089184551004,0.012412393152318674,Bull Market,0.9569562904538528,0.04304370954614733,0.0020577154416061747
2024-04-10,261.82858586482126,-0.00530353539352021,Bull Market,0.9492083214752315,0.05079167852476851,0.002006184948105976
2024-04-11,261.4548517541647,-0.0014284196568645493,Bull Market,0.9974127020944479,0.002587297905552086,0.002326784518010511
2024-04-12,265.3045709212141,0.014616872686381616,Bull Market,0.6826747346837027,0.31732526531629734,0.00023351300018735087
2024-04-15,251.2129068513161,-0.05457767619812532,Bear Market,1.152595100988003e-86,1.0,-0.004306846683161388
2024-04-16,249.4649587754336,-0.006982354513334349,Bear Market,0.01536763041857452,0.9846323695814255,-0.004204639048930678
2024-04-17,244.86160999030727,-0.01862526576790575,Bear Market,1.560540626669128e-12,0.9999999999984395,-0.004306846683151009
2024-04-19,239.0168328659487,-0.02415921391752351,Bear Market,5.552662946292311e-20,1.0,-0.004306846683161388
2024-04-22,243.7600797841833,0.019650482130833077,Bear Market,5.357300804757848e-07,0.9999994642699195,-0.004306843120106927
2024-04-23,240.64502241001068,-0.012861550387782247,Bear Market,6.647930362863911e-07,0.9999993352069637,-0.00430684226173
2024-04-24,248.20599950537425,0.03093613294278245,Bear Market,1.3737386333985366e-19,1.0,-0.004306846683161388
2024-04-25,247.29320053073135,-0.0036843652104605554,Bear Market,0.481119564932487,0.518880435067513,-0.001106997963841413
2024-04-26,247.85191126186996,0.0022567564738331467,Bull Market,0.9795270828814199,0.020472917118580156,0.0022078301459489973
2024-05-02,250.5086659676888,0.010662078805858474,Bull Market,0.8772473033494115,0.12275269665058859,0.0015275838092743453
2024-05-03,251.23015324517675,0.002875949586320634,Bull Market,0.9987569741194015,0.0012430258805985102,0.0023357250546899304
2024-05-06,256.72601909141827,0.0216399784660964,Bull Market,8.291149009042687e-06,0.9999917088509909,-0.00430679154006501
2024-05-07,258.57733274982985,0.007185366122644047,Bull Market,0.9998429205872473,0.00015707941275257197,0.002342947509704568
2024-05-08,259.21981158913303,0.0024815863742802076,Bull Market,0.9999766068475504,2.3393152449447764e-05,0.002343836635485353
2024-05-09,258.8306956273159,-0.0015022320394373833,Bull Market,0.9998864016486525,0.00011359835134757102,0.0023432366952392926
2024-05-10,259.0656666476486,0.0009074056261880466,Bull Market,0.99998428057334,1.571942665991945e-05,0.0023438876721993632
2024-05-13,258.6329699011092,-0.001671616715783033,Bull Market,0.9999541668587808,4.5833141219138894e-05,0.002343687390735067
2024-05-14,259.5901992119951,0.0036942786683517802,Bull Market,0.9999926161143752,7.3838856248856315e-06,0.0023439431105399546
2024-05-15,262.1866478639124,0.009952415857769402,Bull Market,0.9999413795071861,5.86204928138843e-05,0.0023436023441196175
2024-05-16,264.66192169272284,0.009396597750817363,Bull Market,0.9999744991713124,2.5500828687589113e-05,0.002343822617670234
2024-05-17,267.1214909116805,0.009250332745015518,Bull Market,0.9999875391647438,1.2460835256256867e-05,0.002343909344565839
2024-05-20,268.4639128773279,0.00501292517435887,Bull Market,0.9999986281538205,1.3718461795216737e-06,0.002343983095645782
2024-05-21,269.3732864031512,0.003381597232813273,Bull Market,0.9999992268166352,7.731833646810237e-07,0.0023439870772557206
2024-05-22,268.10975023790377,-0.004701686962150185,Bull Market,0.9999507954667461,4.920453325380231e-05,0.002343664968149766
2024-05-23,271.7064312189788,0.01332577395131421,Bull Market,0.9997095707556356,0.0002904292443643991,0.002342060621456811
2024-05-24,265.82225089405705,-0.021894330751412512,Bull Market,6.694115143794157e-12,0.9999999999933058,-0.0043068466831168665
2024-05-27,267.4184446144454,0.005986784209606329,Bull Market,0.999987512806522,1.2487193477903086e-05,0.002343909169261552
2024-05-28,271.11253525409853,0.01371935401893691,Bull Market,0.9973790437991976,0.0026209562008023507,0.0023265606621110605
2024-05-29,269.94983049376043,-0.004297865176729646,Bull Market,0.9998196212166169,0.00018037878338304778,0.0023427925493439694
2024-05-30,269.54933505351664,-0.001484693728509131,Bull Market,0.999974200693058,2.579930694211474e-05,0.0023438206325394474
2024-05-31,269.3622421502799,-0.0006943362090085964,Bull Market,0.9999779145253016,2.208547469843268e-05,0.002343845332639412
2024-06-03,273.5972870786597,0.015600171241648562,Bull Market,0.9793779373246129,0.020622062675387163,0.0022068382028776153
2024-06-04,273.89304553321705,0.0010804153633772581,Bull Market,0.9999954365496396,4.563450360288764e-06,0.0023439618688005344
2024-06-05,273.60919676432434,-0.0010368863262836367,Bull Market,0.9999923560935876,7.64390641239696e-06,0.002343941381183585
2024-06-06,273.38790018135336,-0.0008091326125134624,Bull Market,0.9999901268281542,9.873171845705902e-06,0.0023439265546983164
2024-06-07,274.05940443330985,0.0024532209148601406,Bull Market,0.9999983543883858,1.6456116141493048e-06,0.002343981274875979
2024-06-10,274.9761284022887,0.003339400698368119,Bull Market,0.9999989604872374,1.0395127625561314e-06,0.0023439853059418004
2024-06-11,273.43494097491794,-0.005620570301029226,Bull Market,0.9997378643390598,0.00026213566094026957,0.002342248797522146
2024-06-12,276.1041159539358,0.009714308512472854,Bull Market,0.99998817107067,1.1828929330026878e-05,0.0023439135472703558
2024-06-13,276.6712354971476,0.0020518995309806816,Bull Market,0.9999982939362265,1.7060637734281015e-06,0.0023439808728184064
2024-06-14,270.6279701104549,-0.022084852130774026,Bull Market,2.0328616503639078e-12,0.9999999999979671,-0.004306846683147868
2024-06-17,269.67107551095006,-0.003542096206640256,Bull Market,0.9993180497324126,0.0006819502675874063,0.0023394566782043206
2024-06-18,271.1954639979174,0.005636852761089373,Bull Market,0.999956836437119,4.316356288101205e-05,0.002343705145670532
2024-06-19,271.23284633060314,0.0001378332658274887,Bull Market,0.9999572460002494,4.2753999750640755e-05,0.0023437078696089326
2024-06-20,271.2995412068602,0.0002458650511014585,Bull Market,0.9999707497675667,2.9250232433254626e-05,0.0023437976809899405
2024-06-21,270.7861729060465,-0.001894049007088165,Bull Market,0.9998988709310284,0.00010112906897172352,0.0023433196264276077
2024-06-24,263.6540714569365,-0.0266915710489804,Bull Market,1.8559993499388025e-20,1.0,-0.004306846683161388
2024-06-25,265.2944981069254,0.006202614029577516,Bull Market,0.9993260764946952,0.0006739235053049027,0.0023395100629071725
2024-06-26,266.3794257567789,0.0040811824956657845,Bull Market,0.9996967323123294,0.00030326768767054884,0.0023419752350386193
2024-06-27,265.89320854761525,-0.0018269484961893545,Bull Market,0.9988474414457107,0.0011525585542893958,0.002336326738303174
2024-06-28,262.1386574901384,-0.01422116571344144,Bull Market,1.9896808067337453e-05,0.9999801031919326,-0.004306714352696254
2024-07-01,264.19517522257644,0.00781453925269999,Bull Market,0.9989692721224857,0.0010307278775142116,0.0023371370145078164
2024-07-02,267.09700503162924,0.010923777058497173,Bull Market,0.9964906196149586,0.0035093803850414157,0.0023206518959843925
2024-07-03,268.3345813956444,0.004622732760890119,Bull Market,0.9999100133106508,8.998668934928522e-05,0.0023433937325994694
2024-07-04,268.5073646469324,0.0006437025218606768,Bull Market,0.9998919653712601,0.00010803462873990048,0.0023432736986620556
2024-07-05,268.42021293789674,-0.0003246311548870591,Bull Market,0.9999143896179026,8.561038209742557e-05,0.00234342283871399
2024-07-08,269.2686941662528,0.003156032871139234,Bull Market,0.9999911932416803,8.806758319789492e-06,0.0023439336472428816
2024-07-09,272.3414040496379,0.011346697044317294,Bull Market,0.9998354209283578,0.00016457907164222154,0.0023428976306814676
2024-07-10,270.87178157550704,-0.005410862985599064,Bull Market,0.999362263824022,0.0006377361759780121,0.002339750739004846
2024-07-11,271.0657227931172,0.0007157328080304378,Bull Market,0.9999866252628,1.3374737199922553e-05,0.0023439032663512384
2024-07-12,270.4683907415855,-0.002206074479367317,Bull Market,0.9999777366696894,2.226333031067436e-05,0.0023438441497503873
2024-07-15,271.0046390826992,0.0019807025905036477,Bull Market,0.999996614716174,3.38528382598362e-06,0.002343969704596355
2024-07-16,270.5773829921513,-0.0015778078361910698,Bull Market,0.999985647978295,1.4352021704978885e-05,0.0023438967665894333
2024-07-17,264.56150080912755,-0.022484389776147754,Bear Market,1.749776532540719e-13,0.9999999999998249,-0.004306846683160224
2024-07-18,267.3656211423535,0.01054334773869538,Bear Market,0.9995165220514463,0.00048347794855375833,0.002340776685624866
2024-07-19,264.31385397949566,-0.011479851379824832,Bear Market,0.036273964696964436,0.9637260353030356,-0.0040655943875983775
2024-07-22,260.61938824414466,-0.014076177461758904,Bear Market,6.0468177317759215e-05,0.9999395318226822,-0.004306444519055306
2024-07-23,255.0405909112724,-0.02163834786946715,Bear Market,3.1276396871156035e-14,0.9999999999999687,-0.00430684668316118
2024-07-24,258.0332868156618,0.011665882729948358,Bear Market,0.8877755964624853,0.11222440353751482,0.0015976057906901746
2024-07-25,257.1619127334046,-0.003382698107132465,Bear Market,0.9798068007969201,0.020193199203079958,0.002209690504743198
2024-07-26,259.7208097721941,0.009901348343917598,Bear Market,0.9938364701565033,0.006163529843496636,0.002302999575512425
2024-07-29,260.3747858682877,0.0025148316818726793,Bear Market,0.9997060908828405,0.00029390911715963217,0.0023420374773834482
2024-07-30,258.7249523948169,-0.006356539628380827,Bear Market,0.9285599714806819,0.07144002851931804,0.0018688560986849351
2024-07-31,258.81156388592,0.0003347067856549719,Bear Market,0.9997273135636799,0.00027268643631999767,0.0023421786260147963
2024-08-01,251.0760205988733,-0.0303444801532192,Bear Market,1.1920761030537247e-27,1.0,-0.004306846683161388
2024-08-02,254.52437934291424,0.013640860311148232,Bear Market,0.36448507788303464,0.6355149221169653,-0.0018827151477104646
2024-08-05,242.1783986554545,-0.04972198540233244,Bear Market,7.724582500343054e-73,1.0,-0.004306846683161388
2024-08-06,248.28341670455023,0.024896263851756216,Bear Market,1.0958929403772596e-11,0.999999999989041,-0.004306846683088502
2024-08-07,249.59826459175,0.005281780765624331,Bear Market,0.9701628813514477,0.029837118648552326,0.0021455503501204066
2024-08-08,248.05189268697703,-0.00621471473177552,Bear Market,0.2733520157009355,0.7266479842990645,-0.0024888264629965478
2024-08-09,251.8360887600192,0.015140465472214534,Bear Market,0.08644296727391951,0.9135570327260806,-0.003731928433548147
2024-08-12,253.39067779082475,0.0061540442432703865,Bear Market,0.9989186655632948,0.0010813344367052728,0.002336800438435215
2024-08-13,252.62871537317815,-0.0030115960132689407,Bear Market,0.9965878438675172,0.0034121561324828562,0.0023212985188255987
2024-08-14,252.12850374478472,-0.0019819896504511486,Bear Market,0.9987656526257811,0.0012343473742188241,0.0023357827740377777
2024-08-15,250.49600843624717,-0.006495907021952584,Bear Market,0.9635010054614342,0.03649899453856578,0.0021012432867859123
2024-08-16,259.11698342676004,0.03383664717645119,Bear Market,2.1104226881046986e-20,1.0,-0.004306846683161388
2024-08-19,261.33169145420453,0.008510815773635768,Bull Market,0.9999544624452587,4.5537554741417835e-05,0.002343689356633112
2024-08-20,263.8764911620101,0.009690708207321812,Bull Market,0.9999496385481736,5.0361451826374906e-05,0.0023436572736707166
2024-08-21,265.0690727986683,0.004509286923683481,Bull Market,0.9999970935625182,2.9064374817238965e-06,0.00234397288932625
2024-08-22,264.64197232249995,-0.0016125794342224818,Bull Market,0.9999925128500244,7.4871499755956424e-06,0.0023439424237453937
2024-08-23,265.1595490241347,0.0019538519443088407,Bull Market,0.9999984918973215,1.508102678596441e-06,0.0023439821894257577
2024-08-26,263.8547584227804,-0.004932922338218304,Bull Market,0.9999268532498207,7.314675017937322e-05,0.00234350573232202
2024-08-27,263.8340339347891,-7.854814543003411e-05,Bull Market,0.9999975077333291,2.492266670918106e-06,0.002343975643909591
2024-08-28,263.7592542067181,-0.0002834749048275301,Bull Market,0.9999977873907386,2.2126092612538323e-06,0.0023439775038659703
2024-08-29,263.25882155419214,-0.001899110584430439,Bull Market,0.9999961113163545,3.888683645577007e-06,0.0023439663565652516
2024-08-30,263.57878172815765,0.0012146445557801174,Bull Market,0.9999988977095353,1.1022904646557803e-06,0.0023439848884174172
2024-09-04,262.3486689405949,-0.004677888667626199,Bull Market,0.999956476063171,4.352393682896563e-05,0.002343702748881459
2024-09-05,260.24869894141005,-0.008036708300086263,Bull Market,0.9940775292900834,0.005922470709916556,0.0023046028209758995
2024-09-06,260.9447986018853,0.002671177125794704,Bull Market,0.9999974960251994,2.5039748004988712e-06,0.0023439755660407064
2024-09-09,259.9733222834436,-0.0037298661948916797,Bull Market,0.9999329290196831,6.707098031692335e-05,0.002343546141288585
2024-09-10,257.5366839501203,-0.009416847249703573,Bull Market,0.8032918068321172,0.19670819316788274,0.001035717715966034
2024-09-11,257.0357594587157,-0.0019469548206710427,Bull Market,0.9998609206760912,0.00013907932390875676,0.002343067225395703
2024-09-12,257.2585216912013,0.0008662831945882735,Bull Market,0.999981096872676,1.890312732399754e-05,0.0023438664979191317
2024-09-13,257.77127499819505,0.001991160432658483,Bull Market,0.9999877931976118,1.220680238820716e-05,0.00234391103409752
2024-09-16,255.21957488539084,-0.009948408080457298,Bull Market,0.5715625823297603,0.4284374176702398,-0.0005054760252548797
2024-09-17,259.0772404405866,0.015001990253056383,Bull Market,0.9657755780784988,0.034224421921501165,0.0021163711028345817
2024-09-18,260.3467318918026,0.004888083902698428,Bull Market,0.9999915553407174,8.444659282573618e-06,0.0023439360555052445
2024-09-19,262.00480157117386,0.00634850341956039,Bull Market,0.9999937914466939,6.208553306137573e-06,0.0023439509274858637
2024-09-20,262.28442308008744,0.0010666690150343773,Bull Market,0.9999957933990755,4.206600924385034e-06,0.0023439642421486453
2024-09-23,261.3392474786712,-0.003610137131325498,Bull Market,0.9999440549551212,5.594504487873207e-05,0.002343620138092827
2024-09-24,263.3070162333495,0.007501351360009064,Bull Market,0.9999972849712752,2.7150287248207748e-06,0.0023439741623550565
2024-09-25,266.02009495247967,0.010251137418040027,Bull Market,0.9999928509426358,7.149057364239297e-06,0.0023439446723448856
2024-09-26,266.55827741900544,0.002021045831504002,Bull Market,0.9999996237701881,3.762298119521056e-07,0.002343989717329852
2024-09-27,266.33396541813295,-0.0008418663140092167,Bull Market,0.9999987945884059,1.2054115941302818e-06,0.0023439842025753978
2024-09-30,266.0354990377695,-0.0011212754733754555,Bull Market,0.9999990225420696,9.774579303024226e-07,0.0023439857186584928
2024-10-01,266.95997837877775,0.00346899854604373,Bull Market,0.9999997591035923,2.4089640765076375e-07,0.002343990617410522
2024-10-02,265.2171104967032,-0.006549978003851387,Bull Market,0.9998254207366131,0.00017457926338684585,0.0023428311210171773
2024-10-03,262.2408856420614,-0.01128528323937797,Bull Market,0.5104423999339228,0.4895576000660771,-0.0009119765120753807
2024-10-04,261.2186103985069,-0.0039058477338137594,Bull Market,0.9998688470105824,0.0001311529894175229,0.0023431199421694933
2024-10-07,261.4698681518272,0.0009614054374044175,Bull Market,0.9999937923271341,6.207672865808415e-06,0.00234395093334153
2024-10-08,261.7746174591551,0.001164844924951802,Bull Market,0.9999940211971226,5.978802877568647e-06,0.002343952455518952
2024-10-09,263.96288204450843,0.008324600107256028,Bull Market,0.9999822353841334,1.7764615866586273e-05,0.002343874069975424
2024-10-10,263.95308109034033,-3.71307361536322e-05,Bull Market,0.9999932939899899,6.7060100099933935e-06,0.002343947618981465
2024-10-11,265.0955601076567,0.004319000954961001,Bull Market,0.9999971830044395,2.8169955605190515e-06,0.002343973484190059
2024-10-14,264.3386389098862,-0.0028593608606590722,Bull Market,0.9999689214453559,3.1078554644141667e-05,0.0023437855211134537
2024-10-15,261.97598063508826,-0.008978181710143631,Bull Market,0.9216271752576363,0.07837282474236383,0.0018227471878599678
2024-10-16,261.18581563249137,-0.0030207312883958493,Bull Market,0.9997877326735173,0.00021226732648277382,0.0023425804637809706
2024-10-17,263.15046033767305,0.007493869829096243,Bull Market,0.9999676965541653,3.230344583471542e-05,0.002343777374559472
2024-10-18,262.45105709068525,-0.0026613456643679295,Bull Market,0.9999152051143109,8.479488568912863e-05,0.0023434282624492275
2024-10-21,260.9159318157631,-0.0058663603550318175,Bull Market,0.9966872326844297,0.0033127673155703857,0.002321959537835617
2024-10-22,259.166706459974,-0.006726746185919975,Bull Market,0.9827107646158179,0.01728923538418209,0.002229004300282059
2024-10-23,260.2569965376722,0.004198082115500474,Bull Market,0.9999628513463126,3.714865368740932e-05,0.002343745149862593
2024-10-24,257.6253802881577,-0.010163075703896489,Bull Market,0.22939888813133447,0.7706011118686655,-0.0027811516337333296
2024-10-25,256.9134183511484,-0.0027673807816473287,Bull Market,0.9988809831062785,0.0011190168937215462,0.0023365498184841405
2024-10-28,257.65492348177844,0.0028820492191443084,Bull Market,0.9999241126190347,7.588738096530534e-05,0.0023434875048281706
2024-10-29,259.1768775473969,0.00588956972819509,Bull Market,0.9999670975434493,3.2902456550741566e-05,0.0023437733906356987
2024-10-30,258.9016632773283,-0.0010624423683660562,Bull Market,0.9999068440305525,9.315596944748797e-05,0.0023433726542280986
2024-10-31,259.2147490687305,0.0012085539930779207,Bull Market,0.9999743348498745,2.5665150125555073e-05,0.0023438215247948225
2024-11-01,257.44759093560765,-0.00684069608905948,Bull Market,0.9771288831643041,0.022871116835695773,0.002191880105973876
2024-11-04,255.51766984412407,-0.00752460388642427,Bull Market,0.8912631867045423,0.10873681329545766,0.0016208011915488474
2024-11-05,256.1112530613767,0.002320367191940071,Bull Market,0.9998957980950632,0.00010420190493665423,0.0023432991894906294
2024-11-06,260.1293977676265,0.01556725858665979,Bull Market,0.8939713758064313,0.10602862419356883,0.0016388129209836534
2024-11-07,260.45844600453114,0.0012641412382590673,Bull Market,0.9999735448745645,2.6455125435618533e-05,0.002343816270796298
2024-11-08,260.03730365566906,-0.0016182358493430104,Bull Market,0.9998961833170367,0.0001038166829633938,0.002343301751539916
2024-11-11,259.7067806100361,-0.0012718685991617816,Bull Market,0.999915842509553,8.4157490446939e-05,0.0023434325016623006
2024-11-12,259.1885427293125,-0.0019974666554985324,Bull Market,0.9998767420836172,0.00012325791638286013,0.0023431724510283728
2024-11-13,259.30661561986466,0.0004554445328635437,Bull Market,0.9999750155766666,2.498442333354345e-05,0.002343826052199053
2024-11-14,255.2842778634248,-0.015633466236667524,Bull Market,7.785729811180909e-06,0.9999922142701888,-0.004306794901526674
2024-11-15,252.4855868292537,-0.011023574142310096,Bull Market,0.007543483442990571,0.9924565165570095,-0.004256676190016608
2024-11-18,252.85398471277256,0.0014580213762290255,Bull Market,0.9994079842111564,0.0005920157888435984,0.002340054817934247
2024-11-19,249.30659932833063,-0.014128724985584262,Bull Market,9.192471534532137e-06,0.9999908075284655,-0.004306785545514094
2024-11-20,252.36866332150657,0.012207506519095256,Bull Market,0.8667104340125326,0.1332895659874675,0.0014575047887755944
2024-11-21,254.83596830832676,0.009729108509402935,Bull Market,0.9962868446209139,0.0037131553790862412,0.0023192966213265954
2024-11-22,254.2446563213973,-0.0023230593514833916,Bull Market,0.997994118647844,0.0020058813521558524,0.0023306514258425322
2024-11-25,255.93611409072884,0.006630841713107428,Bull Market,0.9997683830314362,0.00023161696856376456,0.002342451772428664
2024-11-26,257.71346591209993,0.0069205115089781945,Bull Market,0.9999202413825482,7.975861745177502e-05,0.002343461757857945
2024-11-27,257.21885564120026,-0.0019210696330783214,Bull Market,0.9997701251959766,0.00022987480402333579,0.0023424633592843643
2024-11-28,257.46483612484866,0.0009558511618376856,Bull Market,0.9999674762572662,3.252374273371765e-05,0.0023437759094002853
2024-11-29,259.18275531403185,0.006650279800267433,Bull Market,0.999990937820971,9.062179028999706e-06,0.002343931948480892
2024-12-02,259.52122728525944,0.0013050681337435442,Bull Market,0.9999963074283028,3.6925716972677007e-06,0.002343967660874226
2024-12-03,260.0452011115887,0.002016966360123945,Bull Market,0.999998761912019,1.2380879809780013e-06,0.0023439839852500127
2024-12-04,258.0945934276532,-0.007529307416866629,Bull Market,0.9955650093685924,0.0044349906314076065,0.0023144958113490905
2024-12-05,264.5062269951241,0.024538634618266567,Bull Market,2.1861556440927653e-06,0.9999978138443559,-0.004306832143392383
2024-12-06,264.50791588609763,6.385050366758365e-06,Bull Market,0.999997385969866,2.6140301340269345e-06,0.002343974834080413
2024-12-09,265.6088098417045,0.004153408050663799,Bull Market,0.999999117909197,8.820908029071797e-07,0.002343986352929894
2024-12-10,265.72485055573185,0.00043679038058860485,Bull Market,0.9999991478536703,8.521463298164125e-07,0.0023439865520857605
2024-12-11,265.39894407205423,-0.001227233755588258,Bull Market,0.9999987106851619,1.2893148380901854e-06,0.0023439836445484385
2024-12-12,264.9169129748192,-0.0018179023824382839,Bull Market,0.999997615607353,2.3843926470541547e-06,0.002343976361362345
2024-12-13,263.5005717145772,-0.005360703205619804,Bull Market,0.9999352795207487,6.472047925138268e-05,0.002343561774092513
2024-12-16,263.8222823980592,0.0012201660553366194,Bull Market,0.9999988869453383,1.113054661670842e-06,0.002343984816826477
2024-12-17,263.49511361167373,-0.001240880087939269,Bull Market,0.9999970679128319,2.9320871680663734e-06,0.0023439727187343183
2024-12-18,264.8906353825626,0.005282220492688723,Bull Market,0.9999994577561799,5.422438200493547e-07,0.0023439886131974286
2024-12-19,262.62381839328265,-0.008594384195335609,Bull Market,0.9863301081833776,0.013669891816622322,0.0022530759712835495
2024-12-20,262.5475948179367,-0.00029028075010817714,Bull Market,0.9999884719872704,1.1528012729672372e-05,0.002343915548618188
2024-12-23,264.04002564487126,0.005668324757017766,Bull Market,0.9999952270943754,4.77290562463484e-06,0.0023439604757473143
2024-12-24,263.6483245435163,-0.0014845928402931888,Bull Market,0.999979995989337,2.0004010663160252e-05,0.0023438591761213924
2024-12-25,266.4638932251115,0.01062263823773682,Bull Market,0.9999764835016952,2.3516498304729094e-05,0.00234383581513194
2024-12-26,265.8884973182875,-0.0021617114569741384,Bull Market,0.999987232383468,1.2767616531951282e-05,0.0023439073042129956
2024-12-27,265.31126631759633,-0.002173311313025561,Bull Market,0.9999835597222657,1.6440277734371253e-05,0.002343882877934994
2024-12-30,264.7317139047641,-0.0021868137695105383,Bull Market,0.9999789731544255,2.1026845574398574e-05,0.0023438523734111735
2024-12-31,263.8746213126002,-0.0032428417374594427,Bull Market,0.9999554747179209,4.452528207907185e-05,0.002343696089095515
2025-01-02,264.4106490683352,0.0020293124557503005,Bull Market,0.9999959367783777,4.063221622304233e-06,0.0023439651957412855
2025-01-03,260.8621544197261,-0.013511259701928272,Bull Market,0.003420455556901275,0.9965795444430987,-0.004284097784278473
2025-01-06,257.65859191749405,-0.012356702357282374,Bull Market,0.003989484835206684,0.9960105151647933,-0.004280313262217524
2025-01-07,256.88802542470097,-0.0029951302481528324,Bull Market,0.9970453238846203,0.002954676115379679,0.002324341144720572
2025-01-08,258.5935226324849,0.00661712698479664,Bull Market,0.9997578594155976,0.00024214058440250806,0.0023423817815550465
2025-01-09,257.6345738492765,-0.0037152177216310633,Bull Market,0.9971968764660766,0.002803123533923489,0.002325349096525131
2025-01-10,253.84904590421863,-0.014802417593391348,Bull Market,8.390620889995951e-06,0.9999916093791099,-0.004306790878493554
2025-01-13,256.0261024989634,0.008539619284128077,Bull Market,0.9983209999626319,0.0016790000373682113,0.0023328254608074995
2025-01-14,254.53444132182184,-0.005843245975062082,Bull Market,0.9443488143596764,0.05565118564032357,0.001973865149133724
2025-01-15,257.14505620915924,0.01020419052366902,Bull Market,0.9969942437080284,0.0030057562919716947,0.0023240014186949355
2025-01-16,258.3652643377378,0.004733990218040006,Bull Market,0.9998777386724219,0.00012226132757799514,0.0023431790791799655
2025-01-17,259.9587695873056,0.006148702995339703,Bull Market,0.999940379687838,5.962031216202778e-05,0.0023435956944822013
2025-01-20,259.9339883316194,-9.533218275308538e-05,Bull Market,0.9999556433923744,4.4356607625592135e-05,0.0023436972109221322
2025-01-21,259.1914010543666,-0.0028609187642643368,Bull Market,0.9997941958688757,0.0002058041311242708,0.002342623449452097
2025-01-22,258.13191947055327,-0.004096018961659082,Bull Market,0.9990850063612566,0.00091499363874341,0.002337906744285412
2025-01-23,261.6204471403356,0.013424008358414482,Bull Market,0.9965635776510423,0.0034364223489577817,0.002321137128129045
2025-01-24,262.8987273603982,0.004874112569672124,Bull Market,0.999997056526966,2.943473034039506e-06,0.002343972643008758
2025-02-03,261.1905236099688,-0.006518774412397339,Bull Market,0.9986655446935232,0.0013344553064768452,0.0023351169723074446
2025-02-04,264.6977059018574,0.013338325872644587,Bull Market,0.9993734817923167,0.0006265182076833636,0.0023398253479047894
2025-02-05,265.95704871666766,0.004746382343963839,Bull Market,0.9999987038326001,1.296167399792764e-06,0.0023439835989731545
2025-02-06,266.0304528812234,0.00027596199084049263,Bull Market,0.9999984649113929,1.5350886071304003e-06,0.002343982009946694
2025-02-07,265.9855711165648,-0.0001687233569689155,Bull Market,0.9999984725343782,1.5274656218358198e-06,0.0023439820606459415
2025-02-10,262.8326098670344,-0.011924698223328777,Bull Market,0.2969873836944571,0.7030126163055428,-0.0023316314380647735
2025-02-11,264.39603472380674,0.00593074543818867,Bull Market,0.9999972449533904,2.7550466095911823e-06,0.0023439738962025515
2025-02-12,264.5272949950019,0.000496330059630972,Bull Market,0.9999977707591476,2.229240852375966e-06,0.0023439773932519372
2025-02-13,265.81839890486225,0.004868924082276935,Bull Market,0.9999987963872778,1.2036127220707764e-06,0.0023439842145394057
2025-02-14,266.81547777184454,0.003743960252375026,Bull Market,0.99999955428025,4.457197500254108e-07,0.0023439892551634684
2025-02-17,267.219747898724,0.0015140207412204015,Bull Market,0.9999995647754707,4.35224529363857e-07,0.0023439893249654906
2025-02-18,268.6803646696039,0.005451091923297438,Bull Market,0.9999997580718801,2.419281198985825e-07,0.00234399061054877
2025-02-19,271.856225598915,0.011750906528748597,Bull Market,0.9999947425127661,5.257487233898651e-06,0.002343957252873096
2025-02-20,272.2317799611646,0.0013804914574653481,Bull Market,0.9999998708489514,1.291510486336709e-07,0.002343991360610903
2025-02-21,272.5005558991075,0.0009868184503122957,Bull Market,0.9999998780764621,1.2192353795673148e-07,0.002343991408679912
2025-02-24,274.220545259681,0.006292038230897702,Bull Market,0.9999999514743666,4.852563340868241e-08,0.0023439918968375514
2025-02-25,274.325898382402,0.00038411742610846764,Bull Market,0.9999999237696234,7.623037656569772e-08,0.0023439917125777678
2025-02-26,274.4577426905946,0.0004804965048575402,Bull Market,0.9999999338115748,6.618842520816773e-08,0.0023439917793651685
2025-02-27,276.0899593068212,0.0059294458680666,Bull Market,0.999999951956236,4.80437640240377e-08,0.002343991900042387
2025-02-28,275.8888446790606,-0.0007287042009867808,Bull Market,0.9999998813105928,1.1868940729200988e-07,0.0023439914301895946
2025-03-03,276.565463529242,0.0024495028039106495,Bull Market,0.9999999713215882,2.867841163952079e-08,0.0023439920288382257
2025-03-04,276.2354288139374,-0.0011940456648604624,Bull Market,0.9999998774236362,1.2257636383252782e-07,0.0023439914043380727
2025-03-05,273.5033770378502,-0.009939535792560806,Bull Market,0.9939344741387585,0.0060655258612415395,0.0023036513842102308
2025-03-06,276.92165930023987,0.012420678502607682,Bull Market,0.9999849989286109,1.500107138900305e-05,0.0023438924498645447
2025-03-07,276.85434218017986,-0.00024312039601438287,Bull Market,0.9999996772359587,3.22764041245755e-07,0.00234399007292208
2025-03-10,276.502283473978,-0.0012724479562808162,Bull Market,0.9999994472073007,5.527926992235311e-07,0.0023439885430385325
2025-03-11,277.32291237114873,0.0029634964386305532,Bull Market,0.9999998740688805,1.2593111958848768e-07,0.002343991382026132
2025-03-12,276.6531802068636,-0.0024179111681733433,Bull Market,0.9999986094305503,1.3905694497330584e-06,0.0023439829711203283
2025-03-13,274.1336888282465,-0.00914876186654909,Bull Market,0.993985914334818,0.006014085665182079,0.0023039935046673472
2025-03-14,273.36434963668,-0.0028103833945898053,Bull Market,0.9999867252196325,1.3274780367459575e-05,0.0023439039311480285
2025-03-17,275.6398407256845,0.008289569221283197,Bull Market,0.9999961482285691,3.8517714308672135e-06,0.0023439666020624444
2025-03-18,275.12466358454606,-0.001870771581529128,Bull Market,0.9999936874884053,6.312511594683231e-06,0.0023439502360760337
2025-03-19,274.43796464955983,-0.002499075654339896,Bull Market,0.9999877854761663,1.2214523833598462e-05,0.0023439109827434303
2025-03-20,273.916195588017,-0.001903037331875277,Bull Market,0.9999879788023783,1.2021197621675266e-05,0.002343912268524922
2025-03-21,273.0503089160099,-0.00316614413575452,Bull Market,0.9999623857553459,3.761424465414351e-05,0.0023437420532920793
2025-03-24,273.5235162786635,0.0017315409522849336,Bull Market,0.9999960486539285,3.95134607157881e-06,0.0023439659398075507
2025-03-25,274.1599127313332,0.002323958350318818,Bull Market,0.9999976491668853,2.3508331146777577e-06,0.0023439765845613887
2025-03-26,272.4990244372786,-0.0060765252031885365,Bull Market,0.99951873741994,0.0004812625800600267,0.002340791419683828
2025-03-27,272.18321448791835,-0.0011596118330296462,Bull Market,0.9999869154220755,1.3084577924507236e-05,0.0023439051961538352
2025-03-28,270.7076745693941,-0.005435875169858176,Bull Market,0.9994655522854978,0.000534447714502157,0.002340437693922633
2025-03-31,268.72420678811227,-0.007353946953224048,Bull Market,0.9862697897625586,0.013730210237441323,0.002252674803183815
2025-04-01,270.1303956390449,0.005219189134279869,Bull Market,0.9999861848594719,1.3815140528086898e-05,0.0023439003372996508
2025-04-02,270.32005135317064,0.000701843149418609,Bull Market,0.999985360285219,1.4639714781061791e-05,0.002343894853189131
2025-04-03,252.26612897818535,-0.06912203473947497,Bear Market,7.074068962882723e-136,1.0,-0.004306846683161388
2025-04-04,244.1633284336196,-0.032647217452887324,Bear Market,7.420995770673365e-34,1.0,-0.004306846683161388
2025-04-08,228.53657608637857,-0.06614111226116462,Bear Market,6.618506292337121e-127,1.0,-0.004306846683161388
2025-04-09,218.2496866923323,-0.046056508750454125,Bear Market,5.56245050792729e-64,1.0,-0.004306846683161388
2025-04-10,232.89945500430505,0.06496707767211846,Bear Market,9.071464229602762e-100,1.0,-0.004306846683161388
2025-04-11,242.68033479570744,0.04113824580405474,Bear Market,4.65226696959018e-37,1.0,-0.004306846683161388
2025-04-14,247.2906573430006,0.018819312526474417,Bear Market,2.6939856311677034e-05,0.9999730601436883,-0.004306667510516997
2025-04-15,243.11639903024397,-0.017024058168876827,Bear Market,3.8300868345193954e-10,0.9999999996169913,-0.004306846680614059
2025-04-16,240.0590021711761,-0.012655601499976982,Bear Market,4.616895671738244e-06,0.9999953831043282,-0.004306815976932044
2025-04-17,241.9030246008321,0.007652185547496097,Bear Market,0.9266534257546022,0.07334657424539778,0.001856175970200081
2025-04-18,244.16892151899265,0.009323366015441825,Bear Market,0.9281033083976172,0.07189669160238271,0.001865818906086646
2025-04-21,242.08851583624173,-0.008556859872280944,Bear Market,0.04297232526635804,0.957027674733642,-0.004021044670538908
2025-04-22,237.3744835594088,-0.019664433699948566,Bear Market,5.518057295244821e-12,0.9999999999944819,-0.004306846683124688
2025-04-23,242.11483981677296,0.01977316479505501,Bear Market,0.00010717318139780964,0.9998928268186023,-0.004306133891597218
2025-04-24,244.98670707698747,0.011791793950780453,Bull Market,0.9635842719107357,0.0364157280892643,0.0021017970785262192
2025-04-25,245.71059637219955,0.002950453631009177,Bull Market,0.9997078872819223,0.000292112718077698,0.0023420494249443468
2025-04-28,246.0030652124696,0.0011895901928674654,Bull Market,0.9997921427284,0.00020785727160000712,0.002342609794345548
2025-04-29,246.24417516435403,0.000979629549500763,Bull Market,0.999943749168317,5.6250831683111125e-05,0.0023436181043540527
2025-05-05,250.63585530199984,0.01767748443101428,Bull Market,0.26617611052698587,0.7338238894730141,-0.00253655225228979
2025-05-06,250.6344255641972,-5.704458681163435e-06,Bull Market,0.999974171778093,2.582822190692869e-05,0.0023438204402306743
2025-05-07,252.16040767023395,0.006070017790886896,Bull Market,0.9999891992267812,1.0800773218816596e-05,0.0023439203853710187
2025-05-08,255.50109429222724,0.013161269197978427,Bull Market,0.9988700255606668,0.00112997443933311,0.0023364769416135086
2025-05-09,255.353825315508,-0.0005765589217067682,Bull Market,0.9999919887363851,8.011263615016179e-06,0.002343938937950011
2025-05-12,257.9712266712423,0.01019792051520741,Bull Market,0.9999730165430748,2.6983456925130747e-05,0.0023438127569486737
2025-05-13,260.55933130844966,0.00998254042943193,Bull Market,0.9999864307050721,1.3569294927933526e-05,0.0023439019723791323
2025-05-14,262.82747088693054,0.008667218078978804,Bull Market,0.9999960396456419,3.960354358116589e-06,0.0023439658798948882
2025-05-15,263.5163288008767,0.0026175222645709755,Bull Market,0.9999993798801099,6.201198900914464e-07,0.002343988095256232
2025-05-16,261.9787775498117,-0.005851836183203019,Bull Market,0.9999007126204184,9.928737958158939e-05,0.0023433318752070498
2025-05-19,260.22641332226664,-0.006711426220387333,Bull Market,0.9994023335247535,0.0005976664752464693,0.0023400172361292917
2025-05-20,262.5262428886395,0.0087989774022058,Bull Market,0.9999946556530803,5.344346919624669e-06,0.0023439566751833184
2025-05-21,262.8934044415145,0.0013975937691118557,Bull Market,0.9999991665688975,8.33431102432024e-07,0.0023439866765577228
2025-05-22,261.11309924543605,-0.006794999808479719,Bull Market,0.9996368101005194,0.00036318989948058277,0.002341576702061176
2025-05-23,261.7823814537263,0.002559909574612711,Bull Market,0.999999299273524,7.007264759194133e-07,0.0023439875591548154
2025-05-26,266.93172018714336,0.01947934258061546,Bull Market,0.3503156549022563,0.6496843450977436,-0.0019769536973003343
2025-05-27,270.1384774605449,0.011941810944461754,Bull Market,0.9999831658955902,1.683410440986022e-05,0.00234388025865722
2025-05-28,269.19460050172177,-0.0035001670063410212,Bull Market,0.999994894576954,5.10542304592891e-06,0.002343958264227513
2025-05-29,269.593739091964,0.0014816158180352493,Bull Market,0.9999995601748233,4.3982517681785384e-07,0.0023439892943673255
2025-05-30,266.7721063069898,-0.01052139631425702,Bull Market,0.9445138773053666,0.055486122694633405,0.00197496295619432
2025-06-02,269.48574399102904,0.010120731455850329,Bull Market,0.9999935849867392,6.415013260790426e-06,0.002343949554353965
2025-06-03,271.61137400077894,0.007856781614541153,Bull Market,0.9999992786569175,7.213430825596237e-07,0.002343987422037086
2025-06-04,271.8560594620546,0.0009004604976962694,Bull Market,0.999999543190127,4.56809872908824e-07,0.0023439891814048476
2025-06-05,271.3861730619371,-0.0017299336802992387,Bull Market,0.9999986055007284,1.394499271590499e-06,0.0023439829449837164
2025-06-06,268.60226563467444,-0.010311080359357945,Bull Market,0.9521279455489146,0.047872054451085395,0.002025602897476589
2025-06-09,265.2462196204638,-0.012573193775225448,Bull Market,0.10858303882892748,0.8914169611710725,-0.00358467838434076
2025-06-10,266.7120461743127,0.005511072420894319,Bull Market,0.9999959344753486,4.0655246513765045e-06,0.0023439651804242102
2025-06-11,267.3855022935958,0.0025218482209132267,Bull Market,0.9999970376675325,2.9623324675819685e-06,0.0023439725175777035
2025-06-12,270.1134041325818,0.010150440225900751,Bull Market,0.9999830085318163,1.6991468183751168e-05,0.0023438792120561106
2025-06-13,267.0117026352789,-0.011549398588079261,Bull Market,0.30545749791209525,0.6945425020879048,-0.002275298072915497
2025-06-16,272.1213624027516,0.018955664554750805,Bull Market,0.17246248546639822,0.8275375145336018,-0.0031598264755590784
2025-06-17,273.10082830520383,0.0035929093599086854,Bull Market,0.9999982696252729,1.7303747270305295e-06,0.0023439807111301707
2025-06-18,272.8242825900844,-0.001013127014144477,Bull Market,0.9999964265631266,3.573436873404084e-06,0.0023439684532207475
2025-06-19,273.50847285038014,0.002504666290508859,Bull Market,0.9999993885177927,6.114822073036763e-07,0.002343988152704069
2025-06-20,274.0564108219659,0.0020013633847591875,Bull Market,0.9999995243675055,4.7563249447511155e-07,0.0023439890562186243
2025-06-23,274.6640950536627,0.0022149144186286492,Bull Market,0.9999995726655856,4.273344144227017e-07,0.002343989377441374
2025-06-24,276.5672736460815,0.006905217165655919,Bull Market,0.9999995359681415,4.640318584827099e-07,0.0023439891333725854
2025-06-25,276.67154000315963,0.00037693074216851977,Bull Market,0.9999997030124578,2.9698754223878964e-07,0.002343990244357422
2025-06-26,277.0370353865512,0.00132017256990529,Bull Market,0.9999996266941206,3.7330587936054765e-07,0.0023439897367764566
2025-06-27,278.02832298112,0.0035717907215899332,Bull Market,0.999999859106648,1.4089335205980862e-07,0.002343991282514735
2025-06-30,280.5354013074917,0.008976935140905676,Bull Market,0.9999995139438859,4.860561141880307e-07,0.0023439889868928083
2025-07-01,280.13996735022715,-0.0014105632062172725,Bull Market,0.9999995182002461,4.817997539230972e-07,0.0023439890152011753
2025-07-02,283.59034399263965,0.012241384434671116,Bull Market,0.9999955542427745,4.445757225548565e-06,0.0023439626515586137
2025-07-03,282.82003644774903,-0.002719964345284279,Bull Market,0.9999991338811106,8.661188894649686e-07,0.0023439864591565172
2025-07-04,284.6070934917895,0.006298828019447102,Bull Market,0.9999998816096067,1.1839039326959441e-07,0.002343991432178288
2025-07-07,287.20193278611055,0.009075957136406486,Bull Market,0.9999997667917452,2.3320825481097052e-07,0.002343990668543188
2025-07-08,289.830764429994,0.009111614797597053,Bull Market,0.9999997997592205,2.0024077952053607e-07,0.002343990887804555
2025-07-09,291.7170295639184,0.006487073868177821,Bull Market,0.9999999547961369,4.520386299696017e-08,0.002343991918930111
2025-07-10,292.9789611791733,0.004316546015886286,Bull Market,0.9999999742309434,2.5769056505877105e-08,0.0023439920481878778
2025-07-11,293.3603382008236,0.0013008750252165293,Bull Market,0.9999999678042245,3.219577550441819e-08,0.0023439920054448057
2025-07-14,297.1443496385016,0.01281636983436185,Bull Market,0.9999940242385411,5.975761458918373e-06,0.002343952475746937
2025-07-15,296.3087200045469,-0.0028161626553651277,Bull Market,0.9999996866470333,3.1335296659182774e-07,0.002343990135513621
2025-07-16,298.8899791633307,0.00867365921741665,Bull Market,0.9999998350258955,1.6497410448611783e-07,0.0023439911223575296
2025-07-17,300.99977116642634,0.007033961492788091,Bull Market,0.9999999385450001,6.145499994372807e-08,0.0023439918108464175
2025-07-18,302.9414591689032,0.006430078275878048,Bull Market,0.9999999491798967,5.082010344453561e-08,0.002343991881577401
2025-07-21,302.0423176346156,-0.0029724506037693103,Bull Market,0.9999995393930463,4.606069536779797e-07,0.0023439891561510755
2025-07-22,307.02298051341046,0.01635546770197192,Bull Market,0.998999604089807,0.0010003959101930098,0.002337338747536073
2025-07-23,310.1762939467488,0.010218226108794158,Bull Market,0.9999991897167929,8.10283207022298e-07,0.002343986830510646
2025-07-24,312.81671167288164,0.008476607321203344,Bull Market,0.9999997516949771,2.483050229157483e-07,0.0023439905681370155
2025-07-25,317.1424862823834,0.013733723122221706,Bull Market,0.9999655481552662,3.445184473375503e-05,0.002343763085904495
2025-07-28,324.6789468088383,0.02348568167519041,Bear Market,0.00038228039535830835,0.9996177196046417,-0.004304304197836186
2025-07-29,309.55320136719826,-0.047706866190335394,Bear Market,6.043639809893077e-63,1.0,-0.004306846683161388
2025-07-30,312.8826767268126,0.010698313618123914,Bull Market,0.9997561987804446,0.0002438012195553845,0.0023423707369381688
2025-07-31,314.58853376711767,0.005437257405293216,Bull Market,0.9999931426754063,6.857324593672667e-06,0.0023439466126125453
2025-08-01,313.18620254683145,-0.004467632963485503,Bull Market,0.9998055141495903,0.0001944858504097231,0.002342698725513785
2025-08-04,318.7851298663089,0.01771939176985232,Bull Market,0.6449560076117697,0.3550439923882304,-1.7348177184309038e-05
2025-08-05,318.5739244254136,-0.0006627518576976827,Bull Market,0.9999931543910924,6.845608907571967e-06,0.002343946690531686
2025-08-06,324.43119432121586,0.01821892778384902,Bull Market,0.5990690162365122,0.40093098376348785,-0.0003225351645523417
2025-08-07,328.4328212070792,0.012258837687377865,Bull Market,0.9998891325992652,0.00011086740073486286,0.002343254858351869
2025-08-08,330.7968308517529,0.007172067490344313,Bull Market,0.9999978834717175,2.1165282824744162e-06,0.002343978142885082
2025-08-11,334.23193164207004,0.010330775253344736,Bull Market,0.9999804616775112,1.953832248875099e-05,0.002343862273338419
2025-08-12,337.51439834398866,0.00977301306025074,Bull Market,0.9999959186078404,4.081392159522349e-06,0.0023439650748919697
2025-08-13,340.19208935032384,0.007902255590348213,Bull Market,0.9999985983533619,1.4016466380361887e-06,0.002343982897447733
2025-08-14,343.3987335100239,0.009381833614040117,Bull Market,0.9999973384411457,2.66155885429189e-06,0.0023439745179745517
2025-08-15,340.7407464169226,-0.007770346675790099,Bull Market,0.9991838142073327,0.0008161857926671889,0.002338563899351991
2025-08-18,343.6519837105837,0.008507556333481641,Bull Market,0.9999962542062281,3.745793772041882e-06,0.002343967306902781
2025-08-19,346.2039453042647,0.007398568678714267,Bull Market,0.9999989713032137,1.028696786281569e-06,0.0023439853778771166
2025-08-20,342.8498965435259,-0.00973530672736616,Bull Market,0.9752453204336085,0.024754679566391682,0.0021793528336888223
2025-08-21,343.191426981188,0.0009956556672751243,Bull Market,0.9999983444660768,1.6555339231847938e-06,0.0023439812088843002
2025-08-22,334.54742349204366,-0.025509743857806202,Bear Market,4.4102817131782103e-17,1.0,-0.004306846683161388
2025-08-25,327.4512083916819,-0.021439581819207888,Bear Market,2.232207839220004e-12,0.9999999999977679,-0.004306846683146543
2025-08-26,338.8474609844832,0.034210976551004475,Bear Market,3.801566986016826e-21,1.0,-0.004306846683161388
2025-08-27,339.8241395279681,0.0028782085974660625,Bear Market,0.9999679880051915,3.201199480858579e-05,0.002343779312953295
2025-08-28,342.6656612529624,0.008326976141287343,Bear Market,0.999901833553601,9.81664463990347e-05,0.0023433393303530677
2025-08-29,343.29695715406785,0.0018406136497638847,Bear Market,0.9999853006281426,1.4699371857408998e-05,0.0023438944564195268
2025-09-03,346.7755842177431,0.010082002459175727,Bear Market,0.9998899762327187,0.00011002376728132176,0.0023432604692220616
2025-09-04,350.5356877643967,0.010784681511016405,Bear Market,0.9998406651403458,0.00015933485965428934,0.002342932509090571
2025-09-05,344.26058888770865,-0.01806362444408376,Bear Market,9.023951970545263e-08,0.9999999097604803,-0.0043068460829928795
2025-09-08,333.92433180291005,-0.030484480610140866,Bear Market,1.9228577129398838e-26,1.0,-0.004306846683161388
2025-09-09,336.2858518240781,0.007047131935668641,Bull Market,0.9998392392831313,0.00016076071686871974,0.00234292302594394
2025-09-10,336.4283151418596,0.00042354785109940105,Bull Market,0.9999393711029654,6.062889703461499e-05,0.002343588986546694
2025-09-11,338.8736680999986,0.007242281844789899,Bull Market,0.9999358302003043,6.416979969564272e-05,0.002343565436573525
2025-09-12,342.23480699952904,0.009869694201887356,Bull Market,0.9998322142014301,0.00016778579856990838,0.0023428763032572668
2025-09-15,347.7046151245822,0.015856240565282027,Bull Market,0.9330221760263903,0.06697782397360974,0.0018985335022694938
2025-09-16,345.4802263670851,-0.006417902583737955,Bull Market,0.9984753045207724,0.001524695479227645,0.00233385171556565
2025-09-17,341.36884633949654,-0.01197185610713883,Bull Market,0.09186405035270442,0.9081359496472956,-0.0036958736833128045
2025-09-18,340.1417931545891,-0.003600984165882315,Bull Market,0.9997218462927427,0.0002781537072571498,0.0023421422640765555
2025-09-19,338.41494659300383,-0.005089774187995857,Bull Market,0.999049348482225,0.0009506515177749463,0.0023376695894763598
2025-09-22,333.5607264714152,-0.014447858026050503,Bull Market,0.00026945538174673783,0.9997305446182534,-0.004305054578825917
2025-09-23,333.383064471299,-0.0005327645499700264,Bull Market,0.9999459067318796,5.409326812044359e-05,0.0023436324539617298
2025-09-24,338.76783125262733,0.01602283659300535,Bull Market,0.851840008250122,0.1481599917498781,0.0013586039826147197
2025-09-25,340.72780584022536,0.0057689259984841125,Bull Market,0.9999777144572727,2.2285542727401304e-05,0.002343844002019182
2025-09-26,337.96957928247974,-0.00812804588143957,Bull Market,0.9542641860878013,0.04573581391219872,0.0020398106891582166
2025-09-29,336.93935608701065,-0.0030529274147966675,Bull Market,0.9997906876695279,0.00020931233047207084,0.0023426001169833963
2025-09-30,334.86357312119,-0.0061797574307658155,Bull Market,0.9944472629391726,0.005552737060827456,0.0023070618599129117
2025-10-01,336.1326790862911,0.0037827557881411154,Bull Market,0.9999826285837262,1.737141627366693e-05,0.0023438766850825726
2025-10-02,331.68304721765435,-0.013326124385472897,Bull Market,0.0020416307339526352,0.9979583692660473,-0.004293268126050996
2025-10-03,328.46984011941134,-0.009734813056875954,Bull Market,0.3464037737170363,0.6535962262829638,-0.0020029709888698733
2025-10-06,338.9764520064633,0.03148561905002571,Bull Market,9.986110074510572e-17,0.9999999999999999,-0.004306846683161387
2025-10-07,335.4091188548111,-0.010579604841637107,Bull Market,0.16390456506143858,0.8360954349385614,-0.0032167438255148945
2025-10-08,337.6747050571272,0.006731983976177106,Bull Market,0.9999276256239449,7.237437605513408e-05,0.0023435108692578927
2025-10-09,340.02963148552465,0.006949744246216553,Bull Market,0.9999596505808994,4.034941910044925e-05,0.0023437238620874655
2025-10-10,343.2743535952489,0.009497226913066092,Bull Market,0.9999206637370534,7.9336262946724e-05,0.0023434645668697182
2025-10-13,344.83356677663846,0.004531893337739134,Bull Market,0.9999934958418975,6.504158102577097e-06,0.0023439489614659834
2025-10-14,342.066907861702,-0.00805553054086196,Bull Market,0.9863735543135046,0.01362644568649543,0.002253364924495971
2025-10-15,342.1792793279648,0.000328453323896705,Bull Market,0.9999864462342327,1.3553765767372887e-05,0.002343902075661078
2025-10-16,345.83742619557364,0.010633989874499131,Bull Market,0.9999154331360488,8.45668639511492e-05,0.0023434297789850732
2025-10-17,341.69343874020745,-0.012054841026055812,Bear Market,0.1445644680965019,0.8554355319034981,-0.0033453716947919646
2025-10-20,323.4189930880314,-0.054965282304315397,Bear Market,4.524162673373448e-86,1.0,-0.004306846683161388
2025-10-21,327.21846629268407,0.011679365642171521,Bear Market,0.9243477106693103,0.07565228933068978,0.0018408410306121979
2025-10-22,330.9420941891086,0.011315377585164219,Bear Market,0.9779085093628039,0.02209149063719609,0.0021970652742244494
2025-10-23,329.80504711022985,-0.003441704489357394,Bear Market,0.9952369071255354,0.004763092874464699,0.0023123136561868916
2025-10-24,329.25617596796275,-0.00166561542369866,Bear Market,0.9990150312883795,0.0009849687116204261,0.0023374413513484993
2025-10-27,325.89008188391983,-0.010275945756815591,Bear Market,0.054928076209489814,0.9450719237905102,-0.003941528897054914
2025-10-28,331.4732479855812,0.016986954100652124,Bear Market,0.12903137112404595,0.8709686288759539,-0.0034486798204163313
2025-10-29,335.03063321856274,0.010674863611092168,Bear Market,0.9986784225048734,0.001321577495126546,0.002335202620556155
2025-10-30,333.7780459926937,-0.0037457309671320932,Bear Market,0.9992763085248385,0.0007236914751614445,0.00233917906415714
2025-10-31,330.78533926751646,-0.009006595975398437,Bear Market,0.7545727577882771,0.24542724221172285,0.0007116951692810029
2025-11-03,323.7829649377835,-0.02139621311353456,Bear Market,2.1426879165439617e-12,0.9999999999978573,-0.004306846683147137
2025-11-04,330.907661664366,0.021765938645074777,Bear Market,3.0870767606536664e-05,0.9999691292323936,-0.004306641366659234
2025-11-05,329.37833917885524,-0.004632311508284977,Bear Market,0.9980178461429928,0.0019821538570072364,0.0023308092335903316
2025-11-06,327.33930392170174,-0.006209797561983551,Bear Market,0.9892145644559491,0.010785435544050762,0.0022722600252744066
2025-11-07,319.3413112587815,-0.024736787550916014,Bear Market,2.0098293635085225e-17,1.0,-0.004306846683161388
2025-11-10,315.7807754342195,-0.011212247849665926,Bear Market,0.014549651054192052,0.985450348945808,-0.004210079297908947
2025-11-11,318.45982946760734,0.008448118731268998,Bear Market,0.9992545513333235,0.0007454486666764708,0.0023390343605813975
2025-11-12,325.2785558334798,0.021185567168555307,Bear Market,6.877189447317995e-05,0.9999312281055268,-0.004306389292370211
2025-11-13,326.1592859227812,0.0027039590562950326,Bull Market,0.9999531927924518,4.680720754823977e-05,0.0023436809123768315
2025-11-14,327.50892527899657,0.004129438302041252,Bull Market,0.9999815652621417,1.843473785841043e-05,0.002343869613102011
2025-11-17,331.7964560696984,0.013006389311899595,Bull Market,0.998851900944492,0.0011480990555080147,0.0023363563977111556
2025-11-18,332.3449142083176,0.0016516310768811032,Bull Market,0.9999929135877856,7.086412214380358e-06,0.0023439450889876853
2025-11-19,329.22440611820934,-0.009433724136546046,Bull Market,0.8885606562137701,0.11143934378622987,0.001602827096624992
2025-11-20,328.5587549521179,-0.002023923483331447,Bull Market,0.9999618242127655,3.817578723447116e-05,0.0023437383185628403
2025-11-21,327.10343226500373,-0.004439252729487848,Bull Market,0.9998223311635119,0.00017766883648810558,0.002342810572764203
2025-11-24,326.8200161622879,-0.0008668174268513317,Bull Market,0.9999868994090637,1.3100590936292099e-05,0.0023439050896538736
2025-11-25,323.3159726657668,-0.01077952147529436,Bull Market,0.33636386321826117,0.6636361367817388,-0.0020697448161951055
2025-11-26,328.9607642287472,0.01730839738870766,Bull Market,0.5260359911740031,0.473964008825997,-0.0008082660488225057
2025-11-27,328.4260209982641,-0.0016268758680375542,Bull Market,0.9999659545621595,3.4045437840504274e-05,0.0023437657888512715
2025-11-28,327.17939246371435,-0.0038029888448810603,Bull Market,0.9998417297113437,0.0001582702886563124,0.002342939589380779
2025-12-01,326.8539763837933,-0.0009951055168567384,Bull Market,0.9999736466743284,2.6353325671711478e-05,0.002343816947850128
2025-12-02,328.74361199661723,0.005764636353735603,Bull Market,0.9999893894897605,1.0610510239473047e-05,0.0023439216507794426
2025-12-03,332.1719187458577,0.010374510323645043,Bull Market,0.9999344692211395,6.5530778860389e-05,0.00234355638492035
2025-12-04,334.393193895389,0.00666486538193802,Bull Market,0.9999959573988024,4.04260119769676e-06,0.0023439653328844083
2025-12-05,331.5925106789151,-0.008410690221059666,Bull Market,0.9854992837728467,0.01450071622715321,0.0022475502919726484
2025-12-08,329.1566646583852,-0.007373015801148495,Bull Market,0.9942923135335884,0.0057076864664115205,0.002306031316378297
2025-12-09,326.04346813380715,-0.009503111485791216,Bull Market,0.8292953326200565,0.17070466737994341,0.0012086629768847368
2025-12-10,324.41487849487163,-0.005007524464832362,Bull Market,0.9984158844894653,0.001584115510534784,0.0023334565225098312
2025-12-11,322.9400607522535,-0.004556450271065995,Bull Market,0.9987971280439862,0.001202871956013705,0.0023359921119736568
2025-12-12,311.5579833084885,-0.035881272428345934,Bull Market,1.965948759942324e-37,1.0,-0.004306846683161388
2025-12-15,311.78230135653286,0.0007197290572939463,Bull Market,0.9987402419297511,0.0012597580702490144,0.0023356137715920752
2025-12-16,319.4655841461929,0.024344357958490957,Bull Market,2.0810249615042037e-08,0.9999999791897504,-0.0043068465447557705
2025-12-17,317.73905729458187,-0.005419078784058393,Bull Market,0.9766060500588198,0.02339394994118016,0.0021884028272162828
2025-12-18,318.0539543739672,0.0009905648516252607,Bull Market,0.9997784968963145,0.00022150310368545086,0.0023425190381146537
2025-12-19,319.99258201872146,0.006076778102708302,Bull Market,0.9999168487508602,8.315124913975165e-05,0.002343439194011132
2025-12-22,325.8837530977312,0.01824291785157805,Bull Market,0.04705842540101542,0.9529415745989847,-0.003993868676802857
2025-12-23,324.4300078562013,-0.0044709115826761705,Bull Market,0.999151400061046,0.000848599938954026,0.0023383483180868673
2025-12-24,325.3763238630446,0.002912611434025465,Bull Market,0.9999787766172061,2.1223382793811985e-05,0.0023438510662737886
2025-12-25,321.5932898413792,-0.011694759870465043,Bull Market,0.03667472348823697,0.963325276511763,-0.004062929005438768
2025-12-26,320.2824753363597,-0.0040843303279406796,Bull Market,0.9995975726581308,0.0004024273418693258,0.002341315740152893
2025-12-29,322.99371380626087,0.00842951929503947,Bull Market,0.9999658933395803,3.410666041967153e-05,0.00234376538166976
2025-12-30,324.4817127773554,0.004596318345500288,Bull Market,0.9999927396432718,7.260356728114966e-06,0.0023439439321107465
2025-12-31,324.0658258835548,-0.0012825180145325736,Bull Market,0.9999850293540964,1.4970645903583184e-05,0.0023438926522195472
2026-01-05,320.89175225339073,-0.00984281560010661,Bull Market,0.790889132202769,0.2091108677972309,0.0009532295250431998
2026-01-06,323.41330932548766,0.007827254809071428,Bull Market,0.9999832209151029,1.6779084897185656e-05,0.0023438806245831352
2026-01-07,329.95774393937785,0.020033496919960463,Bull Market,0.01327696523967844,0.9867230347603215,-0.004218543726235073
2026-01-08,329.1664942226663,-0.0024009133665207016,Bull Market,0.9999683234413652,3.167655863479544e-05,0.0023437815438852485
2026-01-09,327.44566201448674,-0.00524156043006675,Bull Market,0.9995654224749654,0.0004345775250345369,0.002341101914463967
2026-01-12,334.7760026862795,0.022139535685698236,Bull Market,0.0003494839979691873,0.9996505160020308,-0.0043045223213918115
2026-01-13,339.0417530607117,0.012661605684895645,Bull Market,0.9998003625418938,0.00019963745810629293,0.0023426644630009054
2026-01-14,340.023274230989,0.002890803720871164,Bull Market,0.99999879281863,1.2071813698998774e-06,0.002343984190804904
2026-01-15,341.3123488314642,0.003783968120751129,Bull Market,0.9999990038209757,9.961790242403486e-07,0.002343985594147513
2026-01-16,341.20076032371054,-0.0003269930122984983,Bull Market,0.9999983237184726,1.6762815273330088e-06,0.0023439810708953276
2026-01-19,343.31391227876725,0.006174180780923917,Bull Market,0.9999992823325976,7.176674024877712e-07,0.0023439874464834423
2026-01-20,342.3470138114604,-0.0028203418670485194,Bull Market,0.999994728188632,5.271811368101248e-06,0.002343957157605587
2026-01-21,338.5388081986096,-0.011186149570778816,Bull Market,0.7365350274151231,0.26346497258487683,0.0005917291303981836
2026-01-22,342.4869048216149,0.011594689534393444,Bull Market,0.9999374398938569,6.256010614321788e-05,0.0023435761423860253
2026-01-23,337.6235481955806,-0.014301910820442128,Bull Market,0.004027468768424439,0.9959725312315755,-0.004280060637196799
2026-01-26,330.36979175140067,-0.021718903910361742,Bull Market,2.8299736142438793e-12,0.99999999999717,-0.004306846683142566
2026-01-27,331.48208676547625,0.0033611631162538277,Bull Market,0.9999740270507257,2.5972949274256614e-05,0.0023438194776722694
2026-01-28,330.99902820449256,-0.0014583318246496055,Bull Market,0.9998782536574946,0.00012174634250531107,0.0023431825042627215
2026-01-29,333.19050746191914,0.006598981442357566,Bull Market,0.9999596876171847,4.031238281531648e-05,0.0023437241084098316
2026-01-30,336.4687836308354,0.009790956091293324,Bull Market,0.9998945523598031,0.00010544764019693666,0.0023432909043060984
2026-02-02,337.1321175175308,0.001969516667768544,Bull Market,0.9999888495122548,1.1150487745261585e-05,0.0023439180594760412
2026-02-03,340.9186684593013,0.011169046282652839,Bull Market,0.9997328824709875,0.00026711752901256513,0.0023422156639201627
2026-02-04,341.9692084852877,0.0030767594218452377,Bull Market,0.9999957588417439,4.24115825612281e-06,0.0023439640123133995
2026-02-05,336.3956040538649,-0.016432838943505914,Bull Market,4.775922719877584e-06,0.9999952240772801,-0.004306814919268766
2026-02-06,328.1988962271506,-0.02466804485718962,Bull Market,7.202949596321637e-17,1.0,-0.004306846683161388
2026-02-09,328.5037732572454,0.0009285086422376274,Bull Market,0.999875966306362,0.00012403369363807613,0.0023431672914588234
2026-02-10,325.8567432905602,-0.008090477155501298,Bull Market,0.8476985183970607,0.15230148160293924,0.0013310596007846975
