timestamp,vnindex_close,composite_health,health_signal,volatility,agreement,f4_fib_retracement,f2_sar_dist,f3_atr_stop_dist,f1_dist_long_ma,f3_mae
2016-01-05,569.94,0.0,0.0,0.16788541798616685,0.0,0.0,0.0,0.0,0.0,0.0
2016-01-06,574.57,0.0,0.0,0.19215076973636314,0.0,0.0,0.0,0.0,0.0,0.0
2016-01-07,565.36,0.0,0.0,0.1751563177918199,0.0,0.0,0.0,0.0,0.0,0.0
2016-01-08,560.05,0.0,0.0,0.193457686929907,0.0,0.0,0.0,0.0,0.0,0.0
2016-01-11,557.87,0.0,0.0,0.19098957216541532,0.0,0.0,0.0,0.0,0.0,0.0
2016-01-12,564.26,0.0,0.0,0.18349727351030323,0.0,0.0,0.0,0.0,0.0,0.0
2016-01-13,560.37,0.0,0.0,0.17413178644223318,0.0,0.0,0.0,0.0,0.0,0.0
2016-01-14,553.0301,0.0,0.0,0.16020511702430218,0.0,0.0,0.0,0.0,0.0,0.0
2016-01-15,543.04,0.0,0.0,0.1712508898458631,0.0,0.0,0.0,0.0,0.0,0.0
2016-01-18,526.37,0.0,0.0,0.1862378044140752,0.0,0.0,0.0,0.0,0.0,0.0
2016-01-19,535.77,0.0,0.0,0.22340012697512907,0.0,0.0,0.0,0.0,0.0,0.0
2016-01-20,529.44,0.0,0.0,0.20694761718317073,0.0,0.0,0.0,0.0,0.0,0.0
2016-01-21,521.88,0.0,0.0,0.20823363938131997,0.0,0.0,0.0,0.0,0.0,0.0
2016-01-22,522.24,0.0,0.0,0.21094399132453726,0.0,0.0,0.0,0.0,0.0,0.0
2016-01-25,542.35,0.0,0.0,0.19204659147841782,0.0,0.0,0.0,0.0,0.0,0.0
2016-01-26,537.73,0.0,0.0,0.19120687583395132,0.0,0.0,0.0,0.0,0.0,0.0
2016-01-27,542.69,0.0,0.0,0.18959659622054242,0.0,0.0,0.0,0.0,0.0,0.0
2016-01-28,539.47,0.0,0.0,0.17682502664707417,0.0,0.0,0.0,0.0,0.0,0.0
2016-01-29,545.25,0.0,0.0,0.16697352042096408,0.0,0.0,0.0,0.0,0.0,0.0
2016-02-01,540.56,0.0,0.0,0.15678827886327926,0.0,0.0,0.0,0.0,0.0,0.0
2016-02-02,536.45,0.0,0.0,0.16270259713227836,0.0,0.0,0.0,0.0,0.0,0.0
2016-02-03,539.07,0.0,0.0,0.1598013996707923,0.0,0.0,0.0,0.0,0.0,0.0
2016-02-04,542.15,0.0,0.0,0.14690200236925055,0.0,0.0,0.0,0.0,0.0,0.0
2016-02-05,544.75,0.0,0.0,0.13864579754716524,0.0,0.0,0.0,0.0,0.0,0.0
2016-02-15,543.79,0.0,0.0,0.13111321614878504,0.0,0.0,0.0,0.0,0.0,0.0
2016-02-16,548.05,0.0,0.0,0.12608916963224637,0.0,0.0,0.0,0.0,0.0,0.0
2016-02-17,547.05,0.0,0.0,0.12249033849017486,0.0,0.0,0.0,0.0,0.0,0.0
2016-02-18,552.49,0.0,0.0,0.11547766582321446,0.0,0.0,0.0,0.0,0.0,0.0
2016-02-19,554.0301,0.0,0.0,0.11374350470837549,0.0,0.0,0.0,0.0,0.0,0.0
2016-02-22,560.71,0.0,0.0,0.10969305216206732,0.0,0.0,0.0,0.0,0.0,0.0
2016-02-23,561.2801,0.0,0.0,0.11046710899441983,0.0,0.0,0.0,0.0,0.0,0.0
2016-02-24,568.04,0.0,0.0,0.11266931841492488,0.0,0.0,0.0,0.0,0.0,0.0
2016-02-25,562.82,0.0,0.0,0.11000268703565898,0.0,0.0,0.0,0.0,0.0,0.0
2016-02-26,566.11,0.0,0.0,0.12009430061073247,0.0,0.0,0.0,0.0,0.0,0.0
2016-02-29,559.37,0.0,0.0,0.11436359463752535,0.0,0.0,0.0,0.0,0.0,0.0
2016-03-01,561.56,0.0,0.0,0.10765941734321613,0.0,0.0,0.0,0.0,0.0,0.0
2016-03-02,570.18,0.0,0.0,0.10218001652124777,0.0,0.0,0.0,0.0,0.0,0.0
2016-03-03,570.39,0.0,0.0,0.10082510213591846,0.0,0.0,0.0,0.0,0.0,0.0
2016-03-04,573.65,0.0,0.0,0.09992440153847387,0.0,0.0,0.0,0.0,0.0,0.0
2016-03-07,576.2,0.0,0.0,0.09832498169717709,0.0,0.0,0.0,0.0,0.0,0.0
2016-03-08,574.71,0.0,0.0,0.09460539005044272,0.0,0.0,0.0,0.0,0.0,0.0
2016-03-09,571.71,0.0,0.0,0.09301407359827826,0.0,0.0,0.0,0.0,0.0,0.0
2016-03-10,575.91,0.0,0.0,0.09029231831642234,0.0,0.0,0.0,0.0,0.0,0.0
2016-03-11,577.26,0.0,0.0,0.09319103408458043,0.0,0.0,0.0,0.0,0.0,0.0
2016-03-14,577.98,0.0,0.0,0.09032933667665478,0.0,0.0,0.0,0.0,0.0,0.0
2016-03-15,574.04,0.0,0.0,0.08641643617428803,0.0,0.0,0.0,0.0,0.0,0.0
2016-03-16,577.07,0.0,0.0,0.10402174737782419,0.0,0.0,0.0,0.0,0.0,0.0
2016-03-17,579.26,0.0,0.0,0.09956311639487464,0.0,0.0,0.0,0.0,0.0,0.0
2016-03-18,575.82,0.0,0.0,0.09937728665057732,0.0,0.0,0.0,0.0,0.0,0.0
2016-03-21,572.27,0.0,0.0,0.1059797777435797,0.0,0.0,0.0,0.0,0.0,0.0
2016-03-22,570.91,0.0,0.0,0.11626558395197936,0.0,0.0,0.0,0.0,0.0,0.0
2016-03-23,574.71,0.0,0.0,0.1111731167962816,0.0,0.0,0.0,0.0,0.0,0.0
2016-03-24,570.66,0.0,0.0,0.10840306037380874,0.0,0.0,0.0,0.0,0.0,0.0
2016-03-25,572.08,0.0,0.0,0.1055183946592192,0.0,0.0,0.0,0.0,0.0,0.0
2016-03-28,575.72,0.0,0.0,0.10373691646354312,0.0,0.0,0.0,0.0,0.0,0.0
2016-03-29,568.2801,0.0,0.0,0.10326262756995237,0.0,0.0,0.0,0.0,0.0,0.0
2016-03-30,569.91,0.0,0.0,0.11409931994123534,0.0,0.0,0.0,0.0,0.0,0.0
2016-03-31,561.22,0.0,0.0,0.10805545021862042,0.0,0.0,0.0,0.0,0.0,0.0
2016-04-01,558.43,0.0,0.0,0.13197096496944766,0.0,0.0,0.0,0.0,0.0,0.0
2016-04-04,555.82,0.0,0.0,0.14580166872469938,0.0,0.0,0.0,0.0,0.0,0.0
2016-04-05,560.32,0.0,0.0,0.14792141209573675,0.0,0.0,0.0,0.0,0.0,0.0
2016-04-06,567.79,0.0,0.0,0.14023494039151368,0.0,0.0,0.0,0.0,0.0,0.0
2016-04-07,571.6,-0.16197234239675326,0.0,0.13454117036411073,0.6,-0.45882833245742055,-0.004131628216409789,0.4454712022435936,-0.09975563558023884,-0.6926173179732906
2016-04-08,572.3401,0.18365587226440544,0.0,0.12671688399298497,0.6,0.17518954308481913,0.5720360380853006,-0.10639932465876634,0.12776260942892106,0.14969049538175266
2016-04-11,579.27,0.6535819932428147,0.0,0.12064682517113003,0.6,0.9779256275083525,1.3620428899903028,-0.6994442307340457,0.4162992901722069,1.2110863892772572
2016-04-12,579.8401,0.47665602887390063,0.0,0.11640627152689212,0.6,0.7189364251916707,0.9691445205309288,-0.4452404835587386,0.27535570275876636,0.8650839794468759
2016-04-13,578.02,0.4433437100194857,0.0,0.11326623049597631,0.6,0.696856724633164,0.8846948125882966,-0.43033144222555125,0.23226927231683808,0.833229182784681
2016-04-14,579.49,0.6249841688788254,0.0,0.10661397110250072,0.6,1.2376122060889163,1.1130043427791547,-0.9609408029654267,0.48282594379672517,1.2524191546947567
2016-04-15,579.86,0.5811025991265856,0.0,0.1038812701960016,0.6,1.0082218896687036,1.03860327860483,-0.711950268900907,0.3516748382444291,1.218963258015872
2016-04-19,568.2801,-0.5870306828873084,0.0,0.10183927266319508,0.6,-0.9017181278304883,-1.0102303236086185,0.807723302814332,-0.4732573181212909,-1.3576709476904762
2016-04-20,568.0301,-0.8293219437388415,0.0,0.13551506871604144,0.6,-0.9280523449098961,-2.0964866339864416,0.7737554857550546,-0.510614023244428,-1.3852122023084963
2016-04-21,575.73,-0.41703434831596337,0.0,0.12643694006574555,0.6,-0.20799004784182723,-1.3331733644542663,0.1066664957895179,-0.22859864961988768,-0.4220761754533533
2016-04-22,592.48,0.482878222229863,0.0,0.12074313465020783,0.6,1.073473773535613,0.6747583022160482,-0.8697359095153271,0.2834757902182239,1.2524191546947567
2016-04-25,591.58,0.5665370826886578,0.0,0.11887749490662401,0.6,1.254411824224441,0.82674949962351,-0.8331687190898432,0.33227365399042375,1.2524191546947567
2016-04-26,598.48,0.6472935960829029,0.0,0.11173040439389019,0.6,1.2183718756239048,1.3312960293360858,-1.1859526507504312,0.6203335715101986,1.2524191546947567
2016-04-27,593.96,0.5643269553563127,0.0,0.10859255886807573,0.6,1.0645082057597126,0.8250319580370857,-0.8037766210075517,0.502214387900549,1.2336568460917678
2016-04-28,591.67,0.29866912267877166,0.0,0.10487606776132258,0.6,0.65530301900358,0.2191489833062368,-0.2523151956067109,0.2600827390415999,0.6111260676491521
2016-04-29,598.37,0.6121180498413761,0.0,0.10708795524359897,0.6,1.1557134259469746,0.9043512094904117,-0.8323993687873518,0.5805058278620893,1.2524191546947567
2016-05-04,599.07,0.5896926986813857,0.0,0.10492683002601012,0.6,1.1259320149106482,0.8236294391756155,-0.8776522254723877,0.6241351100982958,1.2524191546947567
2016-05-05,601.51,0.6676279822664364,0.0,0.0998579236872611,0.6,1.097771519437898,1.2550913152507412,-0.8959252766998229,0.6287831986486087,1.2524191546947567
2016-05-06,606.52,0.639896852664636,0.0,0.09502965840654767,0.6,0.9415891771313135,1.285100220908452,-0.6665483352175492,0.5224037460350948,1.1169394544658693
2016-05-09,603.85,-0.1030424797395521,0.0,0.09257799401717458,0.2,-0.014740472663404827,-0.882096774579299,0.07823010170113304,0.1623002474561767,0.14109449938763352
2016-05-10,605.05,-0.4023524893616,0.0,0.10150113338700249,0.2,-0.3668295939547046,-1.7701220691734016,0.34280535376668947,0.007653654149977897,-0.22526979159656071
2016-05-11,614.06,0.443490460170645,0.0,0.10092452486425292,0.6,0.8498961675861587,0.43079608171998063,-0.4532314119689968,0.3701336278620202,1.0198578356540617
2016-05-12,612.12,0.5657455154588481,0.0,0.09992028575893105,0.6,1.007689389288,0.6296002918039018,-0.3620886157803047,0.3800715253191376,1.1734549866635058
2016-05-13,610.82,0.2669212146228057,0.0,0.0949864381517868,0.6,0.5402422069543107,-0.2502053030057765,0.16996693815872863,0.18515377582848927,0.6894484551782766
2016-05-16,615.7801,0.3743560518200718,0.0,0.09646525479561502,1.0,0.5990780316298716,0.08011665538775332,0.28195719107524947,0.1662509407307295,0.7443774402767553
2016-05-17,624.75,0.7684825464298988,0.0,0.09156165447689674,0.6,1.0530382520990502,1.6755364710396374,-0.7440425578115667,0.6577618668078049,1.2001187000145677
2016-05-18,622.45,0.6997096991626561,0.0,0.09338398814928739,0.6,1.0301136472261003,1.2965444201859475,-0.601098185576923,0.6034316321427562,1.1695569818353995
2016-05-19,619.2,0.6082176526812674,0.0,0.08896897280336928,0.6,1.0082040847885312,0.8412341395108993,-0.4938571501172187,0.5449784294561646,1.1405287597679603
2016-05-20,614.81,0.47699852865177716,0.0,0.08536375465734734,0.6,0.8386757138779098,0.42517061000403095,-0.27283306328261386,0.43763682598984327,0.9563425566697155
2016-05-23,611.0301,0.30258668858670984,0.0,0.08418733150438461,1.0,0.28759446072106293,0.24356751821114264,0.08490686858280452,0.2826006875056057,0.6142639079129334
2016-05-24,611.62,0.38322266995839405,0.0,0.08520278397413378,0.2,0.7568530157207943,-0.03763033824402327,-0.09445402398889728,0.3454605075320042,0.9458841887720923
2016-05-25,611.89,0.5392164921122317,0.0,0.08271267875594625,0.6,0.9678317109688168,0.5007161905354324,-0.22751524007025092,0.38624563673345136,1.068804162393709
2016-05-26,604.3401,-0.39259507784410785,0.0,0.08029489705586587,0.6,-0.9657332986391689,-1.4847803393407852,0.6558517322869667,-0.03753689204100852,-0.1307765914865432
2016-05-27,608.11,0.49221189322151176,0.0,0.09311066092272442,1.0,0.5861419806752434,0.8247242028001293,0.004081335837585287,0.2260785625386668,0.820033384255934
2016-05-30,614.5,0.7127583277858491,0.0,0.0917879954870459,0.6,0.9702410608498278,1.6755364710396374,-0.656738828633567,0.5291206193886717,1.0456323162846755
2016-05-31,618.44,0.6536734042828884,0.0,0.09118834719826699,0.6,0.95177235776237,1.6755364710396374,-1.1915868618545973,0.8096494220969461,1.0229956323700855
2016-06-01,619.86,0.5340025938076016,0.0,0.09056219631594309,0.6,0.9339935509708625,1.2021390101883396,-1.3910510009717338,0.9236660827775888,1.0012653260729512
2016-06-02,623.37,0.4433921960972845,0.0,0.0882738340259553,0.6,0.9168613868409471,1.1174407214511175,-2.071301752819522,1.2735808000400466,0.9803798249738329
2016-06-03,621.88,0.37557620989481344,0.0,0.08918740548898842,0.6,0.9003363304964213,0.6947373853392873,-1.9600635425320574,1.2825875830124371,0.9602832931579787
2016-06-06,620.05,0.19483233542171055,0.0,0.08626490717196741,0.6,0.5311930482847719,0.26302596466041533,-1.3089875022621298,1.034477469610994,0.4544526968145011
2016-06-07,624.65,0.40560655337380813,0.0,0.08879545322334098,0.6,0.8805550791741088,0.8079552790546991,-1.9496221494399986,1.3509290458095544,0.9382155122706768
2016-06-08,627.87,0.45278736673708553,0.0,0.08948603496158312,0.6,0.8653610612173565,1.0293747692452155,-2.091923581685105,1.5413411343423218,0.9197834505656386
2016-06-09,631.26,0.5020970130453997,0.0,0.08891099299161459,0.6,0.8506601572897082,1.1410720610790652,-2.091923581685105,1.7086915095695956,0.901984918973734
2016-06-10,629.8401,0.44074169157353227,0.0,0.08843412924475512,0.6,0.8364252968796915,0.8994718549896364,-2.091923581685105,1.6749522979011982,0.8847825897822401
2016-06-13,623.58,-0.18616928468426894,0.0,0.08570266881073241,0.6,-0.1115893187318031,-0.20971492276440468,-1.0632975623257688,1.128881220595652,-0.6751258401950202
2016-06-14,625.43,0.12014737372517059,0.0,0.10160128207095591,0.6,0.3039226359346934,0.22826377477240709,-1.158110130726601,1.2129980837173349,0.013662504928018819
2016-06-15,627.02,0.2928036575173404,0.0,0.09804653109168879,0.6,0.6708028168964538,0.1102271579645704,-1.2099098150267922,1.2686875422708042,0.6242105854816656
2016-06-16,625.11,0.5171255671437407,0.0,0.0947071127905739,0.6,0.8266441794435451,0.7413914741390081,-1.1893434691713758,1.3199891044269074,0.8869465468806185
2016-06-17,619.25,0.09603521772034415,0.0,0.09183411852500256,0.2,0.08862924625513835,0.025303037641320268,-0.16892316176620778,0.9041798504427272,-0.36901288397125737
2016-06-20,626.46,0.6923852334534266,0.0,0.10224520827783362,0.6,0.8196462558266164,1.455463718920647,-0.9903863460603285,1.2922351105040943,0.8849674280761033
2016-06-21,628.0,0.5646148348776177,0.0,0.10265009229783129,0.6,0.8068581886740904,0.8066324526035878,-0.9395697127024786,1.2799761410974433,0.8691771047154453
2016-06-22,626.41,0.5995303421803388,0.0,0.09795070786002782,0.6,0.7944307350954777,1.010925872736175,-0.9539705579819774,1.2924037555416845,0.8538619055103341
2016-06-23,632.27,0.5639849376689268,0.0,0.0942209819892532,0.6,0.7823465714999516,1.1489283795127285,-1.4405714789053503,1.4902240895317198,0.8389971267055837
2016-06-24,620.77,-0.8210452310741266,0.0,0.09365824722290088,0.2,-1.0697547707417685,-1.8655847768794918,0.6678881572664186,0.6000295112552425,-2.4378042762710335
2016-06-27,621.27,-1.122329969818235,0.0,0.1322252492999137,0.2,-2.006181040850076,-2.3336624585671086,1.4888359322018638,0.23935771812414697,-3.0
2016-06-28,622.2,-0.9944063450843952,0.0,0.13623361516009636,0.2,-1.6414096971691652,-2.2150824919248775,1.0499653038346242,0.3747014145064709,-2.540206254669028
2016-06-29,630.12,0.19841437827020886,0.0,0.1279047179765586,0.6,0.2170483837294415,0.19469128632050023,-0.5901826453300658,1.016822843125908,0.1536920235052602
2016-06-30,632.26,0.019308057586529634,0.0,0.12801971336809048,0.6,-0.069757088427726,-0.19229143258768763,-0.30570076281536435,0.8438773224503132,-0.17958775068688704
2016-07-01,640.3,0.46612722206965496,0.0,0.12285405555732694,0.6,0.7428157832382354,0.6574809082218562,-0.8376002316385317,1.0028710317453595,0.7650686187813551
2016-07-04,647.96,0.504271217250976,0.0,0.1173129649167921,0.6,0.8363150032534885,1.2391457072268075,-1.837974541520622,1.4100482840031519,0.8738216332920542
2016-07-05,650.88,0.4179180981998518,0.0,0.11635526246324836,0.6,0.8243077723318228,0.8255552781443493,-1.8171327931342358,1.3968946947996395,0.8599655388576835
2016-07-06,649.46,0.3638975962379263,0.0,0.10996331186447608,0.6,0.8126152036586182,0.7254924754013445,-2.0743437561983207,1.5092364023746403,0.8464876559533487
2016-07-07,661.12,0.476633471157919,0.0,0.10633292700830552,0.6,0.8012232302359551,0.8878361404912781,-2.091923581685105,1.95266138732717,0.8333701794202963
2016-07-08,658.68,0.2650003842749911,0.0,0.1086680951769509,0.6,0.6270956675404479,0.5290807906396741,-2.091923581685105,1.7203210942777807,0.5404279506021578
2016-07-11,652.26,-0.6608860199344188,0.0,0.10568362934652288,0.6,-1.0161905144898395,-0.3946223730088676,-0.7050872975091729,0.9696700554642677,-2.1581999701284813
2016-07-12,658.9,-0.6589099081810559,0.0,0.13558671143928508,0.6,-0.8441381814248127,-0.8694525155244516,-0.6786509140347669,0.9420724541155094,-1.844380384036758
2016-07-13,675.12,0.09463083514482054,0.0,0.12576460886815602,0.6,0.3056589878781102,0.3469422122610863,-1.4759901115247467,1.2736477075895698,0.022895379520082998
2016-07-14,666.69,-0.6096666740744976,0.0,0.12302949167683488,0.6,-0.8329297867426068,-0.8082663400238917,-0.36876186081826384,0.7567703631515125,-1.7951457459392377
2016-07-15,664.56,-0.9406783223934606,0.0,0.13741133182774193,0.2,-1.0229974896263367,-2.2499892998583,0.0214840672908898,0.6074010328209695,-2.0592899225945254
2016-07-18,673.5,-0.02438839758357448,0.0,0.13073156036344796,0.2,0.2650032732679641,-0.5427026399150527,-0.8112031966966381,0.9955070240095476,-0.02854644858369313
2016-07-19,667.76,-0.614750583828376,0.0,0.12792779913629748,0.2,-0.5312213373695261,-2.094381526844795,0.19537137424586187,0.6266764452293476,-1.2701978744027682
2016-07-20,660.26,-1.0837533895891118,0.0,0.1339845689382415,0.2,-1.6579233630424663,-2.3336624585671086,1.355807760556611,0.14742081015324152,-2.9304096970458358
2016-07-21,659.57,-1.1252188320002574,0.0,0.14650235925569488,0.6,-2.040827520901374,-2.3336624585671086,1.814158329961325,-0.06576251049412823,-3.0
2016-07-22,649.87,-1.175250124877485,0.0,0.1429945845505279,0.6,-2.7485452964399832,-2.3336624585671086,2.7330916270794012,-0.5271344964597328,-3.0
2016-07-25,649.3,-1.2064970593068824,0.0,0.15432096170637757,0.6,-2.7485452964399832,-2.3336624585671086,2.7169980500330335,-0.6672755915603531,-3.0
2016-07-26,648.5901,-1.2505379894847288,0.0,0.14675981715914355,0.6,-2.7485452964399832,-2.2321659706845076,2.389947683223655,-0.6619263635228081,-3.0
2016-07-27,656.11,-1.2654208472706214,0.0,0.13480529377575087,0.6,-2.7485452964399832,-1.9267456361386897,1.9253477728398745,-0.5771610766143079,-3.0
2016-07-28,657.14,-1.3352880815667298,0.0,0.12593904736997358,0.6,-2.7485452964399832,-2.0957052275092085,1.898777895613586,-0.7309677794980431,-3.0
2016-07-29,652.23,-1.3817133984870056,0.0,0.12364061555926305,0.6,-2.7485452964399832,-2.029992107459862,1.6332646707361849,-0.7632942592713675,-3.0
2016-08-01,648.38,-1.3560468229274059,0.0,0.1156326823025382,0.6,-2.7485452964399832,-1.9911098516981058,2.069913655393683,-1.1104926218926237,-3.0
2016-08-02,636.05,-1.3192653517184216,0.0,0.12607162698875743,0.6,-2.686545463415299,-1.923074649201967,2.8511074007575976,-1.837814046732439,-3.0
2016-08-03,631.61,-1.3357067998220713,0.0,0.16049580376590414,0.6,-2.522692673149116,-1.8600765654329734,2.763788342215287,-2.1206063844062446,-2.9389467183373092
2016-08-04,631.94,-1.3566770101819332,0.0,0.16288311672525435,0.6,-2.380258930038723,-1.801526955251921,2.684036634288674,-2.440849863964809,-2.8447859359428866
2016-08-05,627.39,-1.3522071207429742,0.0,0.16872983522253523,0.6,-2.2550372072299933,-1.746928361143489,2.610818881241315,-2.6107500697046455,-2.759138846878058
2016-08-08,629.46,-1.3021338871833783,0.0,0.166394528767024,0.6,-2.11574805169767,-1.6625519599415486,2.458698142529357,-2.510272243038043,-2.680795323768986
2016-08-09,637.3401,-1.2390301983597571,0.0,0.1512684906733061,0.6,-1.7254189949704748,-1.2542422864784721,1.5164088290055686,-2.123125427454114,-2.608773111901294
2016-08-10,648.33,-1.0271763707339194,0.0,0.143919000165535,0.6,-1.2482781043327222,-0.6069769889276898,0.5275139949421757,-1.6350128656213436,-2.173127889730016
2016-08-11,660.24,-0.6874371227731639,0.0,0.13995585985082037,0.6,-0.7075520643508786,0.26751416193114547,-0.5121232931263264,-1.0719032858348898,-1.4131211324848703
2016-08-12,655.71,-0.7624940738188432,0.0,0.13818753484153096,0.6,-0.8926152616062142,0.2483292598470525,-0.24876544348788024,-1.2940219155317558,-1.6253970083154177
2016-08-15,659.47,-0.5048938636862595,0.0,0.13971246852981684,0.6,-0.5186953756333542,0.7210178769407283,-0.7102497903775636,-1.0478536746374474,-0.9686883547236609
2016-08-16,658.11,-0.2772903923407819,0.0,0.1325648858482129,0.2,0.0009882797309095788,0.7303364501199092,-1.0971555801348463,-0.827098909354528,-0.19352220206535387
2016-08-17,660.51,-0.1923600360683764,0.0,0.12618088150230414,0.2,0.2815122836022051,0.6228500146366204,-1.2787346929656909,-0.7312547167867257,0.14382693117170914
2016-08-18,660.65,-0.15205008132904574,0.0,0.11875321140943744,0.2,0.4157864868363882,0.40460922859985116,-0.9950406331711856,-0.9427783787504332,0.35717288984015094
2016-08-19,662.2801,-0.1629336864757141,0.0,0.12192570067352966,0.2,0.2970751558416196,0.5728720958401798,-0.9075444162130826,-1.034189752560851,0.25711848471356374
2016-08-22,657.68,-0.31630482253528774,0.0,0.11805953850638688,0.6,-0.013196352694610133,0.2927641980973536,-0.6088542493496177,-1.2477219919650662,-0.004515716764498165
2016-08-23,659.16,-0.20836727161015606,0.0,0.12201879654347635,0.2,0.22743766093784126,0.42533667129997477,-0.7942348575721992,-1.098842879708851,0.19846704699245388
2016-08-24,660.77,-0.3543375736138579,0.0,0.11590764913153967,0.2,0.2774203596818197,-0.5472413365880329,-0.608950846094346,-1.1666714712281547,0.2737554261594244
2016-08-25,658.5,-0.408532336306882,0.0,0.11186794603502104,0.2,0.19863018585309025,-0.8225798571432654,-0.4051181393389138,-1.226110962613504,0.2125170917081831
2016-08-26,667.75,-0.007676881932326296,0.0,0.10806133396799028,0.2,0.7272056892497405,0.22424404645967802,-0.6670883548705765,-0.9601006265094443,0.6373548360089707
2016-08-29,669.44,-0.40127913729516607,0.0,0.10593689768293559,0.2,0.30744327437751845,-1.2944066013670619,-0.11498835744197002,-1.2161792744380713,0.31173527239375437
2016-08-30,672.67,0.03384392393663006,0.0,0.11410472485037655,0.2,0.7044597324553881,0.19288458302604608,-0.3553766727116526,-0.9918868847598954,0.6191388616732642
2016-08-31,674.63,0.34571638604109667,0.0,0.11039251327508602,0.2,0.9784572646297378,1.2994196674995069,-0.5842375410599139,-0.7970221998917314,0.8319647390278839
2016-09-01,669.19,0.1392975674485512,0.0,0.10678281093366826,0.2,0.8016113997269263,0.5061289682068353,-0.38698733997212315,-0.9159048964077668,0.6916397056888843
2016-09-05,664.55,-0.0935072408190259,0.0,0.10635316398489104,0.2,0.540123437273757,-0.31276645457331703,-0.10526388107151878,-1.079153026519119,0.48952372079506834
2016-09-06,663.9,0.12068095787727037,0.0,0.10868456074722592,0.2,0.7751372041251297,0.40648007267563785,-0.34852107781600583,-0.9302602665198917,0.7005688569214817
2016-09-07,661.2801,0.19350813966631422,0.0,0.10450165894448649,0.2,0.8828148129463024,0.6339890405395919,-0.45186144358087854,-0.8798912124867577,0.7824895009133129
2016-09-08,666.07,0.32453560583582275,0.0,0.09933911704819476,0.2,0.947530172380989,1.345282475506566,-0.8207633846347728,-0.6568433526052443,0.807472118531576
2016-09-09,666.88,0.2707658617005232,0.0,0.09770517597523559,0.2,0.8542870077158199,1.1709892532843176,-0.7389601744847176,-0.7020792805276228,0.7695925025148189
2016-09-12,659.76,-0.5898392983503654,0.0,0.09425665860698909,0.6,-1.0456621629697451,-0.91167411773106,-0.009817555317682698,-1.1615352944649127,0.17949263873157367
2016-09-13,659.72,-0.8459326875446114,0.0,0.11637481674825258,0.2,-1.3720014234150422,-1.8178247168688884,0.14503514248918933,-1.2529458911478568,0.0680734512195412
2016-09-14,656.64,-1.0026356843673128,0.0,0.11351490634576168,0.6,-2.054751401719865,-1.7709215796623863,0.4217002944651299,-1.43663864815795,-0.17256708676149216
2016-09-15,656.18,-1.044153903920009,0.0,0.11643690040819868,0.6,-2.0763037110795204,-1.7266138410280905,0.8479395819092003,-1.7146607658635027,-0.5511307835381318
2016-09-16,651.31,-1.0578632354865019,0.0,0.12501686447323374,0.6,-1.998716280122275,-1.6846712365116343,1.120488163253967,-1.9047027760957171,-0.8217140479568495
2016-09-19,657.89,-0.735553387729085,0.0,0.12782285398743914,0.6,-1.2103657771936203,-0.9860064472787233,0.4942901023411815,-1.583538083334054,-0.39214673318020843
2016-09-20,663.37,-0.5150721549209514,0.0,0.12332942814484542,0.6,-0.6989356408349853,-0.5105114371849956,0.11902023775954665,-1.376975160905632,-0.10795877343869058
2016-09-21,668.48,-0.36021020611737015,0.0,0.11775570682519987,0.6,-0.3595620529324093,-0.13546702886883408,-0.14385485079007854,-1.2439737522763017,0.081806654280773
2016-09-22,671.38,0.023740638157865923,0.0,0.11187942725032707,0.2,0.40554705771684757,0.8332816428755232,-0.6912585028612707,-0.9418202688718509,0.5129532619300803
2016-09-23,674.0901,0.06527969819018872,0.0,0.10968538973082927,0.2,0.3669966555905647,1.1025034132181362,-0.6620849721854214,-0.9703078548969223,0.48929124922458656
2016-09-26,677.04,0.11065301261978747,0.0,0.10416301217996513,0.2,0.5665857802030814,1.0553675360209058,-0.7666602461274468,-0.9021737098806668,0.6001457028830639
2016-09-27,684.89,0.22857097574314064,0.0,0.09928889803430459,0.2,0.995672725625653,1.0770414326323026,-1.0292989133155765,-0.7415459775059371,0.8409856112792614
2016-09-28,686.72,0.19627469042545972,0.0,0.0965818069047073,0.2,0.9976261808791397,0.9435895175636629,-1.1172171948492486,-0.6830793134668437,0.8404542620005883
2016-09-29,688.55,0.20428934097416585,0.0,0.09263061976818959,0.2,0.9883311481954263,1.0324286351068064,-1.1777447276221582,-0.6551353620367484,0.833567011227503
2016-09-30,685.73,0.15701329656267118,0.0,0.08871991452231277,0.2,0.9535336873397705,0.8512994824455737,-1.143465414765168,-0.6870754949517834,0.810774222744963
2016-10-03,683.05,0.10080286563585511,0.0,0.08578638107782864,0.2,0.8434607205051665,0.6799903613950388,-1.0077608730452783,-0.7526382797573204,0.740962399081669
2016-10-04,684.2,-0.26446375741814543,0.0,0.08502076871377393,0.2,0.20665767612475391,-0.3184479535063207,-0.5010763711063191,-1.0527374884109735,0.34328534980813213
2016-10-05,687.04,-0.2042549049584551,0.0,0.09799333862009638,0.2,0.5597846746913402,-0.5456594879765652,-0.6899573562541121,-0.9070621817352039,0.5616198264822655
2016-10-06,687.32,0.22430521658482047,0.0,0.0951240847238827,0.2,0.9669416543229075,0.9892818524758578,-1.00248712392982,-0.6461432796595195,0.8139329797146764
2016-10-07,683.95,0.2119910524958771,0.0,0.09451299967339438,0.2,0.9208300610953907,0.8371051975487802,-0.7956493380368328,-0.6848804700529055,0.7825498119249529
2016-10-10,674.19,-0.4640714835955549,0.0,0.09116382263565442,0.2,0.11649950468579576,-1.5335986358653042,-0.0657603406427612,-1.0846224442419177,0.24712449808641268
2016-10-11,682.36,-0.06944839118420267,0.0,0.1090203495722082,0.2,0.5542642258707955,-0.22493070075543925,-0.32524070204118877,-0.8882368823124889,0.536902103317308
2016-10-12,682.45,0.09839619096414345,0.0,0.10539930494621762,0.2,0.7364545976259084,0.30596295434243387,-0.39163336136788574,-0.8157569498721946,0.6569537140924554
2016-10-13,685.23,0.33051094739059766,0.0,0.10040670358931192,0.2,0.9495787670295873,1.2171458922876206,-0.7226396697636056,-0.5895055276013514,0.7979752750007373
2016-10-14,687.0,0.2620758055239033,0.0,0.09848968085704714,0.2,0.926242626620036,0.8558270411801905,-0.636883236201012,-0.6178629295765898,0.7830555255968916
2016-10-17,680.95,-0.05130538806698633,0.0,0.09402120153009268,0.2,0.369224733676593,-0.03688313726703484,-0.27072482931874126,-0.8301061412145684,0.5119624337888199
2016-10-18,682.02,-0.1834827364866507,0.0,0.099831358263199,0.2,0.03645374308259686,-0.30970736444115227,-0.12971606100213015,-0.9206999690669707,0.4062559689944029
2016-10-19,688.89,-0.04083508198934263,0.0,0.09858754684527618,0.2,0.03206812788577298,0.34420524478719206,-0.26104993336867166,-0.8474578778928796,0.5280590286418732
2016-10-20,686.39,-0.3189023331960066,0.0,0.09449509216267546,0.6,-0.548982501994235,-0.3579695835076994,-0.06739391578592606,-0.9810562837955067,0.3608906191033343
2016-10-21,684.83,-0.8911677620585793,0.0,0.09621870919764108,0.2,-1.865602621216548,-1.7085437674831947,0.3052680089716293,-1.2230781967135043,0.036117766148721545
2016-10-24,678.02,-1.0049013443607753,0.0,0.10383256371939044,0.6,-2.101968013384843,-1.7655773238336576,0.7902326764521976,-1.5407441294975455,-0.4064499315400277
2016-10-25,676.18,-1.0269743248157779,0.0,0.11514196791431096,0.6,-2.0342861973285404,-1.7277586317801001,1.1886085305059677,-1.7926947665579118,-0.7687405589183052
2016-10-26,673.61,-1.038411566331439,0.0,0.12166689440142302,0.6,-1.9712888713652033,-1.6916766445957843,1.282273960951719,-1.8911103421126785,-0.9202559345352489
2016-10-27,676.9,-1.0247405526115334,0.0,0.11938997626657685,0.6,-1.8671298861974566,-1.619205239891996,1.1004867744578348,-1.8558179522377514,-0.8820364591882975
2016-10-28,682.25,-0.7574548437408729,0.0,0.11139254303096256,0.6,-1.2042071028583676,-1.0267713506599783,0.5175001101938543,-1.5809551948010039,-0.49284068057886915
2016-10-31,675.8,-1.0471349969604153,0.0,0.10837127765406053,0.6,-1.8213141060103677,-1.5980383845222197,0.9202035909062205,-1.8485320231104216,-0.8879940620652872
2016-11-01,676.6,-1.0606040191594641,0.0,0.1173087978594686,0.6,-1.7884825988804496,-1.5832069161550582,0.8524890006532915,-1.8627150289266197,-0.9211045524884844
2016-11-02,671.4,-1.112682536619956,0.0,0.11143930580241383,0.6,-1.7409146682382417,-1.5533650288397907,1.2547353942093222,-2.15644563349529,-1.367422746735779
2016-11-03,667.63,-1.1541734202279248,0.0,0.12263269703853755,0.6,-1.695994282768364,-1.5246978867557819,1.3777477994901488,-2.311327766469961,-1.6165949646356643
2016-11-04,666.73,-1.1831744875068422,0.0,0.12485929275684479,0.6,-1.6534861851182412,-1.4971301022451,1.2634610175401806,-2.342467076815833,-1.6862500908952165
2016-11-07,674.14,-0.9323878028032039,0.0,0.12026003525673212,0.6,-1.2301614081803165,-0.6920611045607519,0.5920745413905953,-2.0506449921443504,-1.2811460505211958
2016-11-08,676.46,-0.9348274651621854,0.0,0.11610996963826593,0.6,-1.1928497312351574,-0.6258500697632473,0.4051250181378494,-2.0145116240184615,-1.24605091893191
2016-11-09,670.26,-1.2537808267317612,0.0,0.10845627153799575,0.6,-1.5687435434886605,-1.463110946096108,0.9963145850247438,-2.400688370933725,-1.8326758581650564
2016-11-10,678.17,-0.6558479873843063,0.0,0.1283761345706857,0.6,-0.6590193014581268,0.36536732875349265,-0.37300315769643444,-1.740096267493987,-0.8724885390264757
2016-11-11,679.2,-0.5231250078153556,0.0,0.12967004090321396,0.6,-0.5533938098092047,0.7734531945858604,-0.49707231457237505,-1.71946394736671,-0.6191481619143486
2016-11-14,673.05,-0.6638752352079657,0.0,0.12006496520906156,0.6,-0.7677017689895275,0.43732420168660624,-0.3196377917321052,-1.8454843290050955,-0.8238764879997064
2016-11-15,674.26,-0.6455707418771914,0.0,0.12027721599035449,0.6,-0.7826372847603728,0.583117225253063,-0.3474625664546977,-1.8426054623524595,-0.83826562107149
2016-11-16,674.6,-0.5249658281881024,0.0,0.11331465534253832,0.6,-0.6012065527707837,0.8164557000509615,-0.5200946966974606,-1.7538773771117333,-0.5661062144114961
2016-11-17,674.57,-0.5494287254573162,0.0,0.1071030501740181,0.6,-0.6371834034991645,0.49302396123600534,-0.37193998239234044,-1.8322302332107665,-0.39881396942031533
2016-11-18,673.25,-0.530157860296641,0.0,0.1066120013054422,0.6,-0.6213877289492965,0.26874007800624966,-0.28406958933424653,-1.903465387592246,-0.11060667361366561
2016-11-21,674.29,-0.3512929627273535,0.0,0.10601933824043448,0.2,-0.3113837400759981,0.7117147946803087,-0.5024225725751936,-1.7971360312335627,0.1427627355676783
2016-11-22,681.91,-0.11026519391667935,0.0,0.10110508553244024,0.2,0.12316652773667221,1.3890023054097762,-0.8323059933001726,-1.6254498506601578,0.39426104123048505
2016-11-23,683.16,-0.04755549635469247,0.0,0.09810428706452799,0.2,0.38637167927413235,1.334684187181954,-0.9836948214181398,-1.5208313431085863,0.5456928162971775
2016-11-24,678.18,0.00430974302285872,0.0,0.09439966166024413,0.2,0.5655309186820134,1.2871626183138865,-1.0298650434867387,-1.449240097020087,0.6479603186252193
2016-11-25,675.87,-0.1355623972348113,0.0,0.09064622719394844,0.2,0.5983561690356461,0.2353344755530186,-0.6483907085295315,-1.591896100009096,0.7287841777759064
2016-11-28,665.29,-0.8696837261141905,0.0,0.09593969274034872,0.6,-1.020515569041991,-1.546891373978537,0.2697025152221727,-2.0274760456682484,-0.02323815710434857
2016-11-29,658.26,-0.998218764929492,0.0,0.12207701887099892,0.6,-1.514919053574011,-1.5208579255072199,0.7101947439708579,-2.2362295307979627,-0.4292820587391246
2016-11-30,665.07,-0.848269402464056,0.0,0.12906222772904455,0.6,-1.1814926845295481,-1.2016405980435785,0.5038338916025547,-2.1018700482709285,-0.26017757307877976
2016-12-01,666.54,-0.7851334587511838,0.0,0.121093523576921,0.6,-0.9953751036706576,-1.049787448327437,0.30300669942523184,-2.017183868143022,-0.16632757304003404
2016-12-02,665.14,-0.8863772225670437,0.0,0.11351377681857981,0.6,-1.199570940420903,-1.2533209052123973,0.362770199864418,-2.056341114094946,-0.2854233529713899
2016-12-05,660.21,-0.995075156448292,0.0,0.11092527195748136,0.6,-1.4285440591943432,-1.4510453932453184,0.5488533960366843,-2.145440578871223,-0.4991991469672595
2016-12-06,651.49,-1.0450054152415773,0.0,0.11221751648996509,0.6,-1.4006023956345195,-1.4283572528640927,1.3547522722902976,-2.515698102785245,-1.2351215972143261
2016-12-07,653.5301,-1.0623258639819504,0.0,0.13512070237665416,0.6,-1.3737347537518516,-1.4063939997955803,1.2460620326736722,-2.4931630078794793,-1.2843995911565127
2016-12-08,658.89,-0.995744172165935,0.0,0.12745652478350417,0.6,-1.1927185447395068,-1.1960560483500176,0.8938316373806525,-2.3590944967932748,-1.1246834083275283
2016-12-09,663.07,-1.0848111691175288,0.0,0.11951536736224037,0.6,-1.3277959711536809,-1.369550570086053,0.993735937062167,-2.4140657535263648,-1.3063794878837116
2016-12-12,659.7,-1.1391463332967793,0.0,0.11909268735008059,0.6,-1.3036155127169808,-1.3494108129157294,1.8302131837953963,-2.787465037544968,-2.0854534871016144
2016-12-13,654.66,-1.1862843245801757,0.0,0.14562476092618687,0.6,-1.2802797007943647,-1.3298651611264394,2.2237269387441367,-2.9905916538933472,-2.5544120458308637
2016-12-14,665.14,-0.9282383560792575,0.0,0.15620453005084928,0.6,-0.7409961319531022,-0.5292499430426505,0.8815923737602621,-2.5025874812014575,-1.7499505979593393
2016-12-15,665.92,-0.9708794573276959,0.0,0.15104493196944813,0.6,-0.7691024561003692,-0.5095209397457671,0.6544196205820916,-2.467071055542796,-1.7631224558316387
2016-12-16,675.16,-0.827744203063686,0.0,0.14049067637367435,0.6,-0.5384808553071462,0.09341498457574604,-0.028113510086581136,-2.24401279328126,-1.4215288412191889
2016-12-19,674.33,-0.5475109503024645,0.0,0.13269618642091993,0.6,-0.19779427760814366,1.1617246846298912,-0.8103105556127441,-1.9533593016897746,-0.9378153012315514
2016-12-20,662.66,-0.6668079250744119,0.0,0.12797284830796132,0.6,-0.36082263531110215,0.8244979323468249,-0.6036502921013484,-2.0400797044059638,-1.1539849259004702
2016-12-21,666.94,-0.616509387399597,0.0,0.12812879294635707,0.6,-0.2726322089851628,1.024784087938767,-0.8683798358012851,-1.942948262180536,-1.0233707179697684
2016-12-22,664.15,-0.6616732313186156,0.0,0.11991496634864893,0.6,-0.35922482099100067,0.7863022973598301,-0.7236363765443907,-2.0147048016660283,-0.9971024547514881
2016-12-23,664.37,-0.542659012464128,0.0,0.1203087757222849,0.6,-0.21021858175321495,0.6651783061321261,-0.7253755907125147,-2.0285039011054895,-0.4143752948815469
2016-12-26,662.45,-0.5992555857007527,0.0,0.11639497212366536,0.6,-0.30750547493283864,0.4545433777880092,-0.6474777316010382,-2.066981145093781,-0.4288569546641144
2016-12-27,663.86,-0.7587653943516853,0.0,0.11520753882443785,1.0,-0.23044061173183883,-0.41804422254485235,-0.7992631169906645,-1.9924702307502584,-0.35360878974081245
2016-12-28,663.5,-0.5906859725960055,0.0,0.10833964711155826,0.6,-0.07500864780249608,0.24238403908749226,-1.0334100704298361,-1.8850289432430696,-0.20236624059211786
2016-12-29,664.72,-0.5553007471480798,0.0,0.10332576662955854,0.2,0.0914107728759407,0.13238677734119686,-1.2051221278309108,-1.805979030840242,0.010799872713616475
2016-12-30,664.87,-0.38819602270372483,0.0,0.09842586865539102,0.2,0.3069875533329979,0.5183824805073052,-1.3109020387590908,-1.7427819704886056,0.28733386188876947
2017-01-03,672.01,0.16752581090549298,0.0,0.09387368973984704,0.2,1.3028606726617549,1.5878156608084741,-1.6187425455947793,-1.5706905943387204,1.1363858609907358
2017-01-04,674.7,0.11982783486786147,0.0,0.09269056196658362,0.2,1.291996069064581,1.2681988789506957,-1.588534840913552,-1.5005736140750778,1.1280526813126606
2017-01-05,675.81,1.9024005165700963,1.0,0.0857707761495364,0.2,1.2805737794424998,1.0152765809938056,-1.56753347551274,-1.4546897452135639,1.1188669960463276
2017-01-06,679.8,1.565311702977953,1.0,0.08522231168945879,0.2,1.1743055070823154,0.6646371554737976,-1.3791696555212798,-1.4715492110239325,1.041358378679486
2017-01-09,682.57,1.6957786503290908,1.0,0.08221289894747516,0.2,1.2539617782111454,0.7601749218891672,-1.3804013920707552,-1.4293561408609066,1.0975917829963768
2017-01-10,681.07,1.5158799155882627,1.0,0.08193688466130411,0.2,1.1544502198835889,0.6580831227762746,-1.2759473657755322,-1.4497695246032607,1.0248105277874062
2017-01-11,687.16,2.0719905688210853,1.0,0.08223849370306426,0.2,1.2401834932296785,1.2644090107464596,-1.5942025114429816,-1.2968328316439561,1.0855487640237882
2017-01-12,686.96,2.1565374577925436,1.0,0.08013118279975621,0.2,1.229584089813319,1.3558893568302302,-1.650416149950863,-1.237625983420015,1.0769280287299752
2017-01-13,685.06,1.9957489068452365,1.0,0.07911154116257449,0.2,1.1409102874732293,1.2927491664152568,-1.507243755752158,-1.2499043271921444,1.030033296996582
2017-01-16,677.94,-0.29048353142769834,1.0,0.09678776898021518,0.2,0.18089649393980872,-1.3390143481013048,-0.8728592178434275,-1.4625639094672274,0.5573174029815957
2017-01-17,684.71,-0.28236918291989477,1.0,0.09177366556642981,0.2,0.2142285148771633,-1.3353049140075863,-0.8264785751779457,-1.4491666045179548,0.5708972122919976
2017-01-18,683.2801,-0.8581285945295902,1.0,0.09732868173200375,0.6,-0.2719517671495,-1.3944085798449422,-0.48789236661047997,-1.5617772624041366,0.33064130799106817
2017-01-19,682.31,-1.2354644009417421,1.0,0.09946425817704492,0.6,-0.6204699625774741,-1.3752641081077097,-0.2590926986738337,-1.6350885991756012,0.1566117031439998
2017-01-20,686.26,-0.28772189710536666,1.0,0.09706490361555616,0.6,-0.05938611345506139,-0.6189566452436105,-0.5762263371936762,-1.5052179968602741,0.4293572612810979
2017-01-23,687.15,-0.3757265310361506,1.0,0.09320332379981526,0.6,-0.09678729360828686,-0.6926789516839749,-0.5301679935632406,-1.518853343674866,0.40852267983247764
2017-01-24,691.36,1.4473959626841828,1.0,0.09490528874788617,0.2,1.0116190045019142,0.6670694907584662,-1.1724559559336267,-1.2630048637612308,0.9553907019470559
2017-01-25,697.2801,2.1247923474356014,1.0,0.09485172167352038,0.2,1.2328012793740015,1.213948208221649,-1.5995373837639748,-1.0598078928928185,1.0540590476141694
2017-02-02,703.18,2.269448531148303,1.0,0.09349618574875239,0.2,1.2223926113665287,1.1830553670778596,-1.8545436132813689,-0.9142339763854509,1.0458536590798015
2017-02-03,700.35,1.6517133323981112,1.0,0.09560742542395652,0.2,0.9454844406291345,0.6794818668042166,-1.5518146341929797,-0.9980840441964579,0.8766473960013037
2017-02-06,700.04,1.7806835190099197,1.0,0.09170134244968432,0.2,1.1045751326743736,0.6465765789120341,-1.56317269264479,-0.9538062054446055,0.9704828128305931
2017-02-07,701.91,1.8289763363865545,1.0,0.08785514458786604,0.2,1.1972855502499662,0.6190207675499747,-1.519812076193595,-0.9270927338596444,1.0245342056944358
2017-02-08,702.04,2.120195973092138,1.0,0.08725799186631701,0.2,1.1852673883653817,0.9474784584583144,-1.7438641695790693,-0.7853140878920902,1.013373456924943
2017-02-09,700.65,2.0991546841995454,1.0,0.08422988731958361,0.2,1.1722644575593757,0.9293544837892574,-1.7196910504251355,-0.7539361603065543,1.0021064507907178
2017-02-10,703.7801,2.3721701192241054,1.0,0.08289095682438394,0.2,1.1603259426604116,1.3897525966255473,-1.8090618474805429,-0.6645338607730166,0.9912428904687235
2017-02-13,705.9,2.638415504708326,1.0,0.08532575871008535,0.2,1.1496051590163605,1.540327171689147,-2.091923581685105,-0.41966313796270827,0.9814656910835722
2017-02-14,706.26,2.2331479558013037,1.0,0.08255399902517534,0.2,1.131381913905498,0.8903972137707816,-1.922217076681974,-0.4351667050746568,0.963884520747954
2017-02-15,711.57,2.2916606123751544,1.0,0.08249023307478127,0.2,1.1306103012446862,0.8674420536999097,-1.9853460597837185,-0.2972756486105154,0.9642845855604872
2017-02-16,709.35,1.9625747898266304,1.0,0.08234397609686701,0.2,1.0643482323124984,0.644063351148277,-1.6846427665749315,-0.34389949851222973,0.8907210177318745
2017-02-17,707.83,2.1572805223035023,1.0,0.08187396512147292,0.2,1.1183422210300655,0.8309156635298184,-1.7184907351821759,-0.22250327820396512,0.954297405429435
2017-02-20,710.5901,2.489044060069492,1.0,0.08404423739185816,0.6,1.1124977716005138,1.1942018317063925,-1.9291870036046983,0.014234369205540887,0.9496472784088248
2017-02-21,716.55,2.4846983608680677,1.0,0.08381379336296921,0.6,1.1066978697225223,1.0680660444432193,-1.9701087201890637,0.156680902783965,0.9450245226072433
2017-02-22,717.24,2.2961446625249757,1.0,0.08151350350973012,0.6,1.089991680255215,0.9404853248757734,-1.7516709950250224,0.13587349886056038,0.9239789475800362
2017-02-23,716.87,2.209082770884433,1.0,0.07854663932613913,0.6,1.0945037975971028,0.8917324048416403,-1.600925899365182,0.13852448784957194,0.9347383684729443
2017-02-24,714.47,1.5809247070197534,1.0,0.08311436467275832,0.6,0.9689613905060146,0.2667172967789318,-1.263164968035083,0.03248717586137376,0.7609106501888904
2017-02-27,717.44,1.8580499347540698,1.0,0.08131562757268011,0.6,1.0615499703660545,0.6143244536824161,-1.230782954746001,0.09965945838002978,0.8993035568003416
2017-02-28,710.79,1.0279794283005905,1.0,0.09097695568847435,0.2,0.7700219131968663,-0.007612042166947975,-0.8065378633331998,-0.07786899617940525,0.6008191835626996
2017-03-01,709.52,0.6230373545454353,1.0,0.09366410491319031,0.2,0.5845762026287967,-0.1882530093173949,-0.5518545532088123,-0.17942501003034705,0.437097616036327
2017-03-02,707.51,0.27101839952964696,1.0,0.09122811488066374,0.2,0.5399782915195545,-0.6993336193366085,-0.42232409949399274,-0.2129186826468433,0.3935104527948879
2017-03-03,712.62,0.006398065491734245,1.0,0.08704786561036154,0.2,0.546650771772674,-1.2633929819648828,-0.37699145757799685,-0.20498244670202528,0.42088857667290913
2017-03-06,716.29,0.7188710187926102,1.0,0.08567524961789107,0.2,0.7707897203228204,-0.43488296955414685,-0.5409426303765368,-0.08935841697439642,0.6393903084426514
2017-03-07,716.54,1.616013982239029,1.0,0.08514890938132408,0.6,1.0701240667926952,0.6019533674955854,-0.7375567454054918,0.05837054138437542,0.9160335826527252
2017-03-08,716.6,1.9238582248200715,1.0,0.0839808526486292,0.6,1.0804992242875264,1.034128883113958,-0.8752156589156405,0.17202619137731529,0.9247617302095004
2017-03-09,715.8,1.7581228830491837,1.0,0.08123212814817402,0.6,1.0706546672429598,0.7963917876397508,-0.7865915549706456,0.15644151122165578,0.9172656860713861
2017-03-10,712.21,1.482390058941113,1.0,0.08065193731701854,0.6,0.9756805237571293,0.5052668838211163,-0.6713761842098157,0.1136918407108893,0.862648126844287
2017-03-13,710.17,1.1494366918240746,1.0,0.08190299366235917,0.6,0.8113341560918742,0.22157505654024598,-0.5555504428436978,0.04912648991755668,0.7667341157968223
2017-03-14,714.71,1.354862652319611,1.0,0.07940109686563138,0.6,0.9114789905216419,0.3942524906868007,-0.6219470010192467,0.0828856800701261,0.8390667533653426
2017-03-15,713.14,1.4701203715471027,1.0,0.07653391849204003,0.6,0.9444979869832707,0.5809569229487516,-0.6322469923183562,0.08379238310616578,0.8549873156237556
2017-03-16,714.92,2.3197502567669246,1.0,0.07944341707172013,0.6,1.0682932327430181,1.6399788536382067,-1.0410323554374494,0.3419512757146215,0.9129909768548538
2017-03-17,710.54,2.227908910393968,1.0,0.07717094803873291,0.6,1.059841778949801,1.4371463684225272,-1.045880906302519,0.3659280025423693,0.9068104701504239
2017-03-20,715.07,2.308237490142126,1.0,0.07915177936338331,0.6,1.057866421895387,1.1766971362688785,-1.3338540829102796,0.5849824056995284,0.9055352023301729
2017-03-21,716.18,2.1928820881028783,1.0,0.07800667676396231,0.6,1.048896697945533,0.8719045802017777,-1.3560092029801196,0.6588358280945867,0.8999777793570364
2017-03-22,712.94,1.1694839898692828,1.0,0.09066645266996727,0.6,0.5559050169711317,0.15124700520557086,-0.9176950748818828,0.4273124683845368,0.5454635166241555
2017-03-23,719.56,1.9241964016159558,1.0,0.09036978784091668,0.6,1.0234340476041823,0.6199053311821618,-1.1119549847408046,0.6120855552251685,0.880305120927865
2017-03-24,722.14,1.7659141422809264,1.0,0.08775219605685418,0.6,0.9741245677143928,0.555277680339888,-0.9530857404120149,0.5728903553035104,0.8455580608429597
2017-03-27,723.52,2.0198427516045645,1.0,0.08634404090768745,0.6,1.0088966256326415,0.8871359006163223,-1.0329680692113492,0.6833840376522191,0.871525428587026
2017-03-28,719.26,1.7648150458077034,1.0,0.08803704513616004,0.6,0.843542447420266,0.9367448454228394,-0.8135312389871237,0.5844155301671862,0.7416527761951313
2017-03-29,720.47,2.0471596229001925,1.0,0.08685952791288923,0.6,0.9956199760833568,1.0464255327562928,-0.9417743163841038,0.7094910937781752,0.8630644735678114
2017-03-30,723.86,2.1825850314761346,1.0,0.08460876041302927,0.6,0.9830512647784206,1.3021442210632792,-0.9611928070866227,0.7685871508508074,0.8557161766246153
2017-03-31,722.31,1.7868083853093473,1.0,0.08480961617589983,0.6,0.8727600660558392,0.8941405232640691,-0.772525768800705,0.6929566788541308,0.7701003980971266
2017-04-03,722.38,2.0486671270937196,1.0,0.08315808100031546,0.6,0.9643023536462438,1.2050973743387778,-0.8105360189729183,0.766071176830319,0.8395283974722875
2017-04-04,724.14,1.903159240532069,1.0,0.07984432918631267,0.6,0.9550573062394719,1.0376039906159915,-0.7033821710384519,0.7423020450806388,0.8275006069997543
2017-04-05,723.22,1.3139679775080801,1.0,0.08111059317449157,0.6,0.8105684054577297,0.2974324120435579,-0.4919483600248867,0.6533633800408745,0.7232969559861113
2017-04-07,727.95,1.5081476517684187,1.0,0.0784833975294386,0.6,0.8757137159415808,0.6443669459661181,-0.45449219857499923,0.6545396998154847,0.7648375039080252
2017-04-10,729.87,1.7193529815698898,1.0,0.07659703578372225,0.6,0.9218866559276893,1.007162785113256,-0.4537542372815831,0.6788990200225304,0.7946198246645335
2017-04-11,731.33,1.9498366620909258,1.0,0.07538854014653476,0.6,0.9103461356418773,1.4331204957357342,-0.5160248662965412,0.7261082144965092,0.7854058356285833
2017-04-12,725.58,-0.08335683185093112,1.0,0.08460195763587806,0.2,0.35859692059841003,-1.3570544536351559,-0.07860691597092263,0.46506784850733507,0.3863433249979195
2017-04-13,724.35,-0.27254202790602766,1.0,0.08168931480359726,0.2,0.17876248284721397,-1.5153300709936497,-0.02967865436647959,0.4446210916924196,0.3883829004300588
2017-04-14,718.45,-1.0241898370811673,1.0,0.09343033056281144,0.2,-0.533311482561564,-1.4856380873042252,0.34618273469967054,0.2173235037542771,0.040117023110732425
2017-04-17,710.83,-2.1250191377423,0.0,0.11259253471337348,0.6,-1.5253969042440871,-1.4567678200488876,0.8950980537096026,-0.12216383281126504,-0.5013721412789415
2017-04-18,714.93,-1.0373219689296664,0.0,0.10860991301126613,0.2,-0.8407664353748885,-0.7558202824836562,0.48491019686338965,0.07810219783845358,-0.13931818464330187
2017-04-19,716.77,0.2965182079974875,0.0,0.10604775023386388,0.6,-0.0028350293960007675,0.15130270500538742,0.030499286936366703,0.3250980487782105,0.3064981186943624
2017-04-20,712.66,-0.4831375855317738,0.0,0.11054588183333754,0.2,-0.4901748742381915,-0.3680467165092437,0.28659938350102715,0.15137613402176375,0.04367678165491446
2017-04-21,712.41,0.04902186051789212,0.0,0.10479555318482699,0.6,-0.17281054257047343,0.02007466662328522,0.09010651957525063,0.23242227364594814,0.20887950898898164
2017-04-24,709.39,-0.28095476271006037,0.0,0.10423243097619328,0.2,-0.4067889556503007,-0.13660429145037226,0.2026172762192327,0.13964414517077703,0.08160558972035262
2017-04-25,707.58,-0.009304422247976021,0.0,0.09831862538256654,0.6,-0.3626947543835904,0.3210320147379651,0.14114076196951839,0.1362834852162215,0.10553114505654687
2017-04-26,710.04,1.5114133447281466,0.0,0.0974323006489929,0.6,0.5466989432797587,1.447609505067065,-0.3645006558790875,0.4040093388675459,0.5908315177178811
2017-04-27,716.5301,2.0930489850833287,0.0,0.09601695641792427,0.6,0.9658172630295621,1.4622040465830757,-0.7638837159139926,0.6362102832418334,0.8147156029927884
2017-04-28,717.73,1.8530591211598741,0.0,0.09209153734990856,0.6,0.9502549729278046,1.0359199225634603,-0.7141916363225714,0.6083316394247849,0.805474402794953
2017-05-03,719.54,1.777918673003037,0.0,0.08824903827685199,0.6,0.9592067825297373,0.724760897222033,-0.8045859128821586,0.6673585543104806,0.8101221487344313
2017-05-04,722.02,1.8076837896232598,0.0,0.08528253613436362,0.6,0.958460964944645,0.598449772890484,-0.9353581932235467,0.7513030458414103,0.8103815206666795
2017-05-05,720.0,1.962730557485948,0.0,0.08355912068505626,0.6,0.9576482288236577,0.6797226213003291,-1.098613816364671,0.8833411299074024,0.8105714900249423
2017-05-08,718.86,2.108445997975758,0.0,0.081861739215475,0.6,0.9567718017000552,0.7843130363484495,-1.2278414836015792,1.0030320214554425,0.8106951121985597
2017-05-09,722.11,2.414336399436085,0.0,0.08274733390227795,0.6,0.9546874506912943,1.015768134205128,-1.4941055797893361,1.245983268183411,0.8099204196946316
2017-05-10,724.31,2.379411998490908,1.0,0.07975958836566427,0.6,0.9460343406350494,1.0557037529867748,-1.3783166804241227,1.2744512993543087,0.8044203356658133
2017-05-11,724.99,2.0666875966391993,1.0,0.0782024476882978,0.6,0.9167735062466896,0.7069029243775614,-1.1534759168715438,1.2159933582077427,0.7751754117623251
2017-05-12,725.37,2.1560597090887264,1.0,0.07805230963690694,0.6,0.9332074260477858,0.6239790429981356,-1.280827764886952,1.3710033332105598,0.7965382304363768
2017-05-15,725.35,2.4850365917785893,1.0,0.07998926457348936,0.6,0.9317932873448762,0.9287455730814186,-1.5141420429147707,1.6249202318087579,0.7962087795809982
2017-05-16,725.0301,2.1850515271111455,1.0,0.07945174701766942,0.6,0.8938962871859847,0.7181324015745687,-1.2352238792021286,1.5362630464032272,0.7437537969807301
2017-05-17,727.2,2.203764865482772,1.0,0.07713610367412865,0.6,0.922999359857078,0.7649127766432716,-1.1319739553613133,1.5658506310456142,0.7916200607083123
2017-05-18,726.99,1.7083443681014256,1.0,0.08212347418640888,0.6,0.786984471524817,0.5263746287342096,-0.74218328691146,1.4102184441399803,0.6112807387772171
2017-05-19,733.82,2.1927129689856857,1.0,0.08243224979292557,0.6,0.9232153476325426,0.9511510546642018,-0.909159043241968,1.59613612580898,0.7938147976779492
2017-05-22,744.1,2.1622351054169062,1.0,0.0809062040450752,0.6,0.9222909839026799,0.8019368859665196,-0.935294631326922,1.6804403939187222,0.7937273817880138
2017-05-23,740.93,1.6614087770726602,1.0,0.08539663532248715,0.6,0.8013116492174301,0.5050340743788712,-0.5790351897033075,1.5200990205517002,0.6135253531612943
2017-05-24,742.74,2.3104618641445787,1.0,0.08632941885238476,0.6,0.9158363833183597,1.2078883784278867,-0.827281060081024,1.7398834043364204,0.792252765629701
2017-05-25,741.91,2.412617810315989,1.0,0.08592892036324286,0.6,0.9131347305590544,1.199041524833613,-0.9564077287138995,1.8860743690712038,0.7913025655983569
2017-05-26,743.41,2.1273574331339202,1.0,0.08291693246667808,0.6,0.9121536772694344,0.6590173228698057,-0.8737448146369654,1.8918700329623022,0.791090436260675
2017-05-29,746.25,1.9756137199878223,1.0,0.07923541266693625,0.6,0.9007118516521377,0.5354968671601629,-0.724141951494835,1.843798400857921,0.7853633281090535
2017-05-30,738.21,0.8432913358581307,1.0,0.10047730467934221,0.2,0.5251461994865736,-0.06650277975112535,-0.08762209757203727,1.4859398121534604,0.23860328089513302
2017-05-31,737.82,1.109017216676306,1.0,0.09564961683464317,0.6,0.6090660834539398,0.26686728439229834,-0.08741466397021154,1.5055506138146,0.3821914431742233
2017-06-01,741.8,1.3179115161958097,1.0,0.09203234443723414,0.6,0.7415591813204008,0.2986115264384461,-0.12953328512402856,1.5560758260800818,0.5843095294483421
2017-06-02,738.81,1.6544233023143988,1.0,0.08841160737570465,0.6,0.8625327367666403,0.7037424875683409,-0.14603063596097415,1.5843265473070347,0.7455415804717612
2017-06-05,743.49,1.669152139935154,1.0,0.08529595022441762,0.6,0.8479728385100708,0.8967245440304635,-0.04798137166519359,1.5311395925864906,0.7393389706846545
2017-06-06,751.31,1.9182955307422713,1.0,0.08409625406650025,0.6,0.9041581248262792,1.0704695205361958,-0.21943544369610754,1.6389850596446263,0.7967570154627517
2017-06-07,753.46,2.055279600941972,1.0,0.082108618697516,0.6,0.9004344064245229,1.2465262430778972,-0.3073365694880693,1.6960537788228507,0.7938500834715548
2017-06-08,750.13,1.7276137011817125,1.0,0.08095371365082356,0.6,0.8608438858915096,0.838433473464412,-0.14006506411839778,1.6223459720091655,0.7537150880146719
2017-06-09,749.72,1.5764403698251614,1.0,0.07841369754396349,0.6,0.8527283134844328,0.6539197519670481,-0.0408916002841931,1.5748653132016541,0.7540496772121237
2017-06-12,751.0901,1.2487281938060844,1.0,0.07978165593850485,1.0,0.7421155631011925,0.3848330045277461,0.1198751222611888,1.4866457336004275,0.6598218833713463
2017-06-13,756.89,1.6623273416384592,1.0,0.07825566186019361,1.0,0.899021388674909,0.8163449769277187,0.008165642062041288,1.5575645300278826,0.7944044771878381
2017-06-14,760.77,1.7859313071716059,1.0,0.07653844635842154,0.6,0.8918051838507202,0.9774348350366017,-0.08310774239123675,1.6024811505149308,0.7872825469809382
2017-06-15,760.57,1.7574974405074832,1.0,0.07392728989048573,0.6,0.8869851979615384,0.901691338801143,-0.1045952248451592,1.5986336882191856,0.7827125450780058
2017-06-16,761.24,1.9778190817358732,1.0,0.07262744214092122,0.6,0.8845998807101492,1.2432895143046163,-0.2119047388984309,1.6408400500527343,0.7808432779283346
2017-06-19,766.83,2.086274757579998,1.0,0.07419444765478816,0.6,0.8833806132742313,1.06163258156837,-0.5203074790316133,1.7958900787699987,0.7802961404843117
2017-06-20,767.99,1.9599016525905122,1.0,0.07290168919533592,0.6,0.8774975123543626,0.7542193844547355,-0.5489063498727904,1.823046415729564,0.7744092213442022
2017-06-21,767.41,1.7175112215756019,1.0,0.07218184775473889,0.6,0.8491037503596165,0.49062535823134096,-0.39053988098817544,1.7524818124528323,0.7488870520419489
2017-06-22,766.3,1.9409356775181958,1.0,0.0724525468024402,0.6,0.8754310088341429,0.7118360460615419,-0.5402720881977024,1.8415176201394983,0.7736226925543118
2017-06-23,769.01,2.0113768662629243,1.0,0.07139423724552524,0.6,0.8741658560599465,0.8099582538792635,-0.5770906346753097,1.8714403779899431,0.7730291184104596
2017-06-26,772.52,1.9968072782162576,1.0,0.07019826156249745,0.6,0.8728760378346628,0.7631016910326379,-0.5819084300430543,1.8921093984029744,0.7724087457343495
2017-06-27,767.51,1.1234317153171813,1.0,0.08399083072061056,0.6,0.5451346099013423,0.21878783302332433,-0.1322737868961919,1.659648698443527,0.4022899252457685
2017-06-28,769.04,1.4452967664661873,1.0,0.08138626818203995,0.6,0.671269585316069,0.5526214467756213,-0.1756723010826548,1.6724365316553476,0.5610822828019071
2017-06-29,771.75,1.8885592018062192,1.0,0.07990053080189884,0.6,0.8446049531524142,0.996220757859325,-0.26913851303860353,1.7177646325766993,0.7454473616225192
2017-06-30,776.47,1.7941813287842172,1.0,0.0771807759161557,0.6,0.8396011403637784,0.8175313872819726,-0.24271210696586437,1.711513899014447,0.7415226221626255
2017-07-03,778.88,1.4414906839629726,1.0,0.0777512149808219,0.6,0.758437118043152,0.48314430082768306,-0.03705151904718782,1.6231228551428025,0.6660088083926278
2017-07-04,775.54,1.3738045995083596,1.0,0.07707843390480273,1.0,0.7106225816411391,0.6298929061212724,0.11848326236517538,1.5547416194499948,0.626183078756203
2017-07-05,778.32,1.6258197403173478,1.0,0.07586206531038503,1.0,0.833048469105737,0.7985944646857795,0.02361444102234365,1.6077781773318411,0.7370662667174447
2017-07-06,782.65,1.740060996110416,1.0,0.07342317180139471,1.0,0.8320166433018117,1.0699001827017438,0.04338590443491339,1.6062604611814681,0.7366683622069969
2017-07-07,775.73,0.6260307121886438,1.0,0.08596193347798556,0.6,0.4847697047442267,-0.07805606760126459,0.45188970052102384,1.420022972119125,0.39253006493766124
2017-07-10,766.56,-1.1638997918186553,1.0,0.11210256525543405,0.2,-0.2882659389791269,-1.5726635787033114,1.0999374298063471,1.1140111383364673,-0.2703354010246442
2017-07-11,769.36,-0.5393715426096868,1.0,0.10689796015644046,0.2,-0.10123580373258732,-0.9382231123187202,0.8771162525930288,1.1959370705928662,-0.027286435326225995
2017-07-12,774.17,0.2331057872564855,1.0,0.10266655181555229,0.6,0.21198171465072718,-0.17974523884025173,0.6405884715324763,1.2845926400364374,0.25054679470395946
2017-07-13,778.3,0.8017412886403297,1.0,0.09816015473574823,1.0,0.44240436175108366,0.36972968946334345,0.46633998222473755,1.3404476617220629,0.4588045150521644
2017-07-14,777.6,0.9263860246991917,1.0,0.09299933595906713,1.0,0.4302008216993904,0.5384639432495216,0.42114225162656177,1.3369322391871206,0.5227123520593534
2017-07-17,768.91,-0.8787794996860452,1.0,0.11056659673715628,0.2,-0.7802516896132883,-0.8635446054402359,0.8966559197479632,1.0838776962908983,-0.006692598429150546
2017-07-18,767.49,-2.0667012335656674,1.0,0.12435247787859131,0.2,-1.4929108843067374,-1.5472952988100521,1.3390726943231834,0.8497403283494565,-0.5058175729750901
2017-07-19,771.3,-1.8463612881484035,1.0,0.11582978242584123,0.2,-1.3506481723748234,-1.410765046365152,1.2258958417233368,0.857537345501513,-0.43845909885839046
2017-07-20,768.41,-2.1154151689842897,0.0,0.11700083791865874,0.2,-1.4371859082839975,-1.5173155205225537,1.3351552401305158,0.7566502081601022,-0.627087821927424
2017-07-21,761.86,-2.6645866406770686,0.0,0.1331407283740138,0.2,-1.4167616664804819,-1.5262763149797556,1.7708429401609171,0.4961847727018108,-1.1978807729815486
2017-07-24,759.74,-3.0085532621230495,0.0,0.13945279906426067,0.2,-1.4006097989466242,-1.5344939691878128,2.0121467072789856,0.3165922355259861,-1.5824032179405472
2017-07-25,767.27,-1.9519119811543035,0.0,0.13252974533997217,0.2,-0.9113057999590144,-0.9884803510212717,1.4410231543501029,0.5134337385186873,-1.095287492814516
2017-07-26,773.88,-0.673020822814103,0.0,0.12735340154034147,0.2,-0.33122362212280754,-0.25768555546517985,0.8072574357955217,0.7447005074708667,-0.5001950363961751
2017-07-27,771.5,-0.5186726370518697,0.0,0.11889032993131832,0.2,-0.31631856012315385,-0.03854674934642638,0.7172280934403538,0.7311870554274778,-0.48807996808618204
2017-07-28,777.0901,0.4116252795614258,0.0,0.1133259920456878,0.6,0.00891497985081734,0.8372685734467722,0.36282423368940503,0.843454751480523,-0.14707241043926814
2017-07-31,783.55,0.6600742452731366,0.0,0.10679528528045173,0.6,0.12639179033869116,1.0113098563209113,0.27166091892397703,0.8652033618623141,-0.025273831877589664
2017-08-01,786.81,0.23036784956701525,0.0,0.10718101254559481,0.2,-0.03581903456376775,0.6426584456567049,0.4257355123728484,0.7766176118474172,-0.19827333337682046
2017-08-02,786.23,-0.1482217742110055,0.0,0.10744018363291855,0.2,-0.2004959039849397,0.37121356122519683,0.5548834545271236,0.6899968817707294,-0.37971999379174726
2017-08-03,788.49,0.5589702053091434,0.0,0.10256361635201217,1.0,0.2253774723949952,0.6122222634737229,0.29780096576049186,0.7556301482959323,0.1277139885933754
2017-08-04,788.68,0.9125158012136524,0.0,0.09740298450859619,1.0,0.373397327404971,0.9057535349348379,0.14344240105891187,0.7738550512168418,0.2701334736277985
2017-08-07,792.98,0.9495656854707343,0.0,0.09360844367297014,1.0,0.37413285465092744,1.027371345271981,0.16151762211675771,0.7421339360973696,0.26789698520711835
2017-08-08,791.57,-0.7377066374027488,0.0,0.10469471700801543,0.2,-0.11383810614589968,-0.9138766008237473,0.6756781143819198,0.557728488318122,-0.27447496625170936
2017-08-09,773.66,-2.5929601931122885,0.0,0.12547529865822038,0.2,-0.9579600312793224,-1.915820437791342,1.5312314333294255,0.27035597881321183,-1.2864095461415332
2017-08-10,773.43,-3.0008306691457367,0.0,0.12412035364773821,0.2,-1.1792885242984485,-1.9019799302531308,1.7460231135964226,0.18177280492261677,-1.6356991712921591
2017-08-11,772.08,-2.707505645287437,0.0,0.11792143025688347,0.2,-1.0494041605643722,-1.8732889381220577,1.7749911378303005,0.15314718759325274,-1.1306289775280054
2017-08-14,776.17,-1.3384907883314443,0.0,0.1133114678501277,0.2,-0.35051162284267395,-1.0318466423211272,1.2529380730633328,0.3102188812293633,-0.4182082600160916
2017-08-15,771.06,-1.5822811315449283,0.0,0.11015233211740513,0.2,-0.45938174255956765,-1.1324445100381109,1.3720583073404005,0.26193111548958176,-0.5645765426853558
2017-08-16,773.57,-1.4980817684299348,0.0,0.10429177154038846,0.2,-0.42178625670860576,-1.0671919221907884,1.3081010704148126,0.25106638621520977,-0.5403541278319751
2017-08-17,767.5901,-3.317982586746385,0.0,0.12519813469713015,0.6,-1.4270344893333982,-1.7830375469257314,2.0618739475617525,-0.021872420505354862,-1.6712974150091593
2017-08-18,768.97,-2.888634967460529,0.0,0.1169102642883033,0.2,-1.2413867670912706,-1.5509688643962547,1.7900168931538283,0.006070883727137238,-1.467161699913589
2017-08-21,768.79,-3.5137463070930393,0.0,0.11808899575365792,0.6,-1.867795235138663,-1.7168771658427997,1.889534390502205,-0.08646489369846223,-1.782378354542349
2017-08-22,761.26,-3.844316269735549,0.0,0.12305153875707285,0.6,-1.8257342795167892,-1.6822440246552997,2.1053058998942276,-0.21839092739395283,-2.2538557541536397
2017-08-23,765.98,-3.488492405447908,0.0,0.11481446044906514,0.6,-1.682417870499745,-1.4945285847502567,1.8627934809828712,-0.20122546165815233,-2.0865247650747953
2017-08-24,769.77,-3.3440063281265897,0.0,0.10889501417172467,0.6,-1.6359272205530104,-1.460584669015003,1.684673469672976,-0.20959884605306006,-2.030595434469386
2017-08-25,771.63,-3.051353874358525,0.0,0.10237080968734122,0.6,-1.521879448871617,-1.3379381742437797,1.4469814784383093,-0.19853567669815073,-1.895902378137646
2017-08-28,777.26,-2.1886385093028085,0.0,0.09808823356796229,0.6,-1.1702242282589173,-0.7760123305055457,1.014776576655863,-0.11901138897965044,-1.4868291904564948
2017-08-29,774.0301,-2.165313452482332,0.0,0.09606066501483874,0.6,-1.207720569681192,-0.6830046839012682,0.956354247910799,-0.14818573585185474,-1.5285664791215658
2017-08-30,778.65,-1.0909407422999333,0.0,0.0921372194838653,0.2,-0.9331466102103186,0.6842560489878899,0.6975000059704576,-0.08898584949146443,-1.2099586721123772
2017-08-31,782.76,-1.1329572310167608,0.0,0.08916364132581828,0.2,-0.9113166398809391,0.5377083273883679,0.6821304244298039,-0.10073612455463495,-1.1838328368155204
2017-09-01,788.73,-0.6879504216263748,0.0,0.08568786200346369,0.2,-0.6999142051021184,0.8073483991314907,0.5075542195638839,-0.05764718602884768,-0.9385833270687939
2017-09-05,792.31,-0.5475075664620768,0.0,0.08550147345149064,0.2,-0.5381964490431747,0.4280356142712779,0.5320721836895564,-0.09196405405317432,-0.41317778028856694
2017-09-06,793.55,-0.6251380986174399,0.0,0.08831763979526767,0.6,-0.45658546604469147,-0.0925901093085864,0.6557404019779863,-0.15779861945487805,-0.006733741335636103
2017-09-07,796.72,-0.03699015663291093,0.0,0.08467285736212701,0.2,-0.1868029032684326,0.4811192672898135,0.47550865987186075,-0.1271917593908778,0.1784550860797397
2017-09-08,801.2,-0.12339048690150076,0.0,0.08414990028900889,0.2,-0.2723481623235178,0.5223307818602128,0.5315046444070499,-0.15515637181873204,0.11994085629328717
2017-09-11,797.47,-2.2776699090241377,0.0,0.0997174922255967,0.6,-1.307655234815685,-1.6016656141601744,1.039259971342468,-0.3383911354848155,-0.5978639809497563
2017-09-12,799.94,-1.1956852778148541,0.0,0.09551359223464181,0.6,-0.7761323809377032,-0.604038321794243,0.7687006896011862,-0.2664273742127555,-0.1871341702739356
2017-09-13,802.7801,0.33715182194930077,0.0,0.0926869740291469,0.2,-0.01010841345908616,0.903642607513577,0.42713458784711555,-0.1563836343628895,0.3265149990517093
2017-09-14,806.32,1.4523049507733459,1.0,0.08919977691535144,0.6,0.9767493061976218,1.3219233631575356,0.25488837331745956,-0.09567135302353608,0.9807568263220662
2017-09-15,805.82,1.3032747155504065,1.0,0.08606045750075487,0.6,0.9650912628779437,1.0728117779728639,0.2966488519046249,-0.10395786579817469,0.9660119450256501
2017-09-18,807.87,1.3603808966513165,1.0,0.08285328165255575,0.6,0.9540478830488451,1.1143734422175062,0.20882561367961008,-0.06932333719104548,0.950036350148734
2017-09-19,805.93,1.1862980180527385,1.0,0.08103996648772727,0.6,0.9429407674692949,0.8330353293295621,0.267073609310416,-0.08731567002031375,0.9344469458728145
2017-09-20,805.86,1.18714448754103,1.0,0.07790868604748691,0.6,0.9286349329501004,0.8272181076430287,0.2379139419259046,-0.07555744200990021,0.9190755791189472
2017-09-21,803.93,1.1657970594829015,1.0,0.07501845868134854,0.6,0.9145574559335449,0.7747038297181046,0.20768767820659684,-0.06766981387010178,0.9052724541520052
2017-09-22,807.13,1.0204709674767867,1.0,0.07472538542765608,0.6,0.8586566539712994,0.6452481226566072,0.2778941996882681,-0.09045185594400029,0.8666761893742343
2017-09-25,805.58,0.5051480564517306,1.0,0.07900390241194101,0.6,0.48550383698989996,0.42170057101112396,0.46967059032953895,-0.15911646330052678,0.6351623518539693
2017-09-26,805.35,1.1421539213172955,1.0,0.07683731892563588,0.6,0.8922698097141074,0.8745855202756792,0.2935933486677763,-0.10790137460529846,0.8828584872282786
2017-09-27,803.77,0.0034291248137313657,1.0,0.0814613154983517,0.2,0.485270838025763,-0.5765779724718221,0.5278118075860394,-0.18205433083075429,0.6282463947999906
2017-09-28,804.82,-1.1469308630808817,1.0,0.08787928585022028,0.2,-0.07227961428298091,-1.7316967890595631,0.809006057962088,-0.27732160526810157,0.28223137303014373
2017-09-29,804.42,-0.8386942722421455,1.0,0.08385091624349325,0.2,0.06541798685826913,-1.3745437280866584,0.7537610809727673,-0.26798163044249584,0.3680052889011043
2017-10-02,802.23,-1.8239024146029594,1.0,0.09319062496370366,0.6,-0.7029937509172539,-1.672457682002968,1.1567782811108864,-0.39208745068921674,-0.10864894846661445
2017-10-03,798.0,-2.6855046005101744,1.0,0.10221168995402186,0.6,-1.5115198426616756,-1.639359130161628,1.5414620282696065,-0.5220373859903487,-0.618575887915496
2017-10-04,805.66,-1.585418848238614,1.0,0.09819123553274864,0.6,-0.8003834925341194,-0.9477011051037796,1.1726376827329124,-0.42481907655579226,-0.1745295879939299
2017-10-05,805.23,-1.594518933535272,0.0,0.09500302896282899,0.6,-0.8140008118800331,-0.9554989809178508,1.1486996464917247,-0.43697172708466997,-0.18678421407098458
2017-10-06,807.8,-1.4251596906027817,0.0,0.09079657971025645,0.6,-0.7222626512487705,-0.8242891502294837,1.0766685865148917,-0.4327766400253839,-0.13114313493843366
2017-10-09,808.96,-1.1216714010856874,0.0,0.08659598775508441,0.2,-0.6449732623717248,-0.5454724795357305,0.9397084028856699,-0.4097931388344649,0.0022496764884233677
2017-10-10,810.65,-0.08287913178143808,0.0,0.07808130147522493,0.2,-0.07636169946026838,0.4119640295881458,0.6757810142187558,-0.3413582658902885,0.33177442810272323
2017-10-11,813.95,-0.150840396064226,0.0,0.07748813400801631,0.2,-0.2197885605992764,0.5721793780041144,0.7161881811241955,-0.37134212575591474,0.24559056535164842
2017-10-12,815.87,0.4448986515313569,0.0,0.0749365667715444,0.6,0.16496611822723148,0.9885446340664734,0.5333328541116308,-0.3290106116742394,0.4663044048054378
2017-10-13,820.95,0.9795110586165348,0.0,0.07293457206644317,0.6,0.6012857269081608,1.1730484718219447,0.33967707570472344,-0.28009444545641526,0.7167447358378957
2017-10-16,819.43,0.7490518666127466,0.0,0.07184753576526631,0.6,0.5402661232528042,0.822566732979869,0.3693771834538086,-0.2980633929846925,0.680996461209738
2017-10-17,828.29,0.9750165186578901,0.0,0.06975066384593973,0.6,0.8881051465988736,0.542637389770416,0.21618032469111786,-0.2607205886955565,0.8805684785846143
2017-10-18,827.72,-0.00906357501467947,0.0,0.07731502006987966,0.2,0.23369212122357935,-0.1267547961386595,0.48779066311196373,-0.3587551364342413,0.502310007747597
2017-10-19,828.93,0.1751599034318695,0.0,0.0737299109947375,0.6,0.3202667249432077,0.09509360752026869,0.4618178398278412,-0.35615487299750803,0.5508861809389414
2017-10-20,826.8401,-1.7640649646597801,0.0,0.08812109705612241,0.6,-0.7984716054350813,-1.6070822663965028,0.9265305309311389,-0.514993724060873,-0.09379952058110562
2017-10-23,820.04,-3.0615821289375647,0.0,0.11082606506960616,0.6,-1.6408497723810649,-1.5823323959685083,1.6332330091960783,-0.7549814044683341,-1.094923211265289
2017-10-24,825.24,-2.6073327949179057,0.0,0.10387925629195921,0.6,-1.388393475686217,-1.3629253408367081,1.454351984788416,-0.7122638854075183,-0.8306067432534785
2017-10-25,830.69,-2.5211510643553905,0.0,0.09716239889156512,0.6,-1.346924511188199,-1.3485866880775685,1.3762452069835076,-0.7073523014738035,-0.7872940824385686
2017-10-26,830.11,-3.3122079691943256,0.0,0.1068296675608477,0.6,-1.6773909464700545,-1.6002182282028672,1.7621261682853946,-0.8509022566955795,-1.3790266602498484
2017-10-27,840.37,-2.7041428906602287,0.0,0.10143362289885345,0.6,-1.3346378953648912,-1.328145216218377,1.4607104328082823,-0.7835336714456068,-1.0738159664336615
2017-10-30,845.2,-3.7219488356996764,0.0,0.1169922393172134,0.6,-1.7024776032372437,-1.61031421920786,1.9896141935834575,-0.9809393200852085,-1.896119960271296
2017-10-31,837.2801,-4.29385957203943,0.0,0.12887669035147967,0.6,-1.6892931560065936,-1.5974158171692725,2.395231470913273,-1.159740441001676,-2.6130752865362625
2017-11-01,842.71,-4.374571847806232,0.0,0.12511220560427413,0.6,-1.695656497961158,-1.598386578565698,2.357597193242283,-1.2094508899776568,-2.776443926611893
2017-11-02,833.0901,-4.695050356484513,0.0,0.13667642300234892,0.6,-1.7020838781833267,-1.5995500149903124,2.706672680214822,-1.3883274469434925,-3.0
2017-11-03,843.73,-3.6835196300235165,0.0,0.1308267417605559,0.6,-1.2923341308448708,-1.0628793508715177,1.9196044667408123,-1.2152417190555291,-2.7022626405892214
2017-11-06,849.09,-1.986802133938533,0.0,0.1288773614776912,0.6,-0.681434543750318,-0.20170130142613107,0.9594858907042345,-0.970711731431621,-1.7335264946426576
2017-11-07,850.33,-1.4106712002186845,0.0,0.12043587128568592,0.2,-0.5133657212354414,0.16818401282168782,0.5922554856790397,-0.9055559162999468,-1.4692961922550392
2017-11-08,859.7,-0.6631954046257523,0.0,0.11404075785805311,0.2,-0.27742653727896305,0.6520503067634154,0.17163278462245227,-0.8168876634422915,-1.0991206504373077
2017-11-09,860.4,-0.2908594787840546,0.0,0.10716865512330734,0.6,-0.13519124588909223,0.7354720448645294,-0.12231549718289339,-0.7662165163581783,-0.8759601930125276
2017-11-10,868.21,0.14337665356918056,0.0,0.10187271112554598,0.2,0.05132384913993436,0.836600148154522,-0.41061098377045113,-0.7026935163560479,-0.592500360100681
2017-11-13,879.34,0.3299971341776854,0.0,0.09636643344795234,0.2,0.18192665046086176,0.6988869147585269,-0.5530304275927049,-0.6595450808295044,-0.38526945600954443
2017-11-14,880.9,0.9467580527510306,0.0,0.09240075466715188,0.2,0.5416064537439231,0.7208637123033454,-0.7610002124045023,-0.5947921135477404,0.23753288867073793
2017-11-15,882.59,1.6186683652114926,0.0,0.09057265436947336,0.2,0.8697573686147714,0.9065068484661979,-1.0751727214333955,-0.48831087511153637,0.7312400509076231
2017-11-16,892.8,2.120558320234614,1.0,0.09198050060785301,0.2,0.976117404245689,1.1326108865503994,-1.5339809489660858,-0.303706292449518,0.897493570048146
2017-11-17,890.69,1.1772926505839707,1.0,0.09872468720152625,0.2,0.6943092740976642,0.41555918260754016,-1.0987877210076034,-0.42839732444281153,0.4247652654854281
2017-11-20,903.55,1.4052897479341244,1.0,0.09380591204624616,0.2,0.8261508332636955,0.466859819746132,-1.1184414357012944,-0.3855817353721541,0.661590440296676
2017-11-21,918.3,1.358557954307397,1.0,0.08821512756964886,0.2,0.8669675748214154,0.36382710203066004,-0.9862149968631461,-0.38042809197377325,0.7439271998616827
2017-11-22,932.66,1.7292840861831762,1.0,0.08798556255581146,0.2,0.922690435849019,0.7051735183963421,-1.194827842788687,-0.24610354545298999,0.8521881849566271
2017-11-23,933.7,1.5449235406802373,1.0,0.08330736380142362,0.2,0.9107815144221785,0.5825472237661217,-0.9509592270246118,-0.2537578056019404,0.8432219847869978
2017-11-24,935.57,1.9959123970115222,1.0,0.08722844324550465,0.2,0.9012009200130877,1.0462400221333874,-1.357942805492023,-0.02437459010776227,0.8362161995685264
2017-11-27,938.61,2.2112814943101085,1.0,0.09024894299100744,0.6,0.893558367617449,1.0484531844575569,-1.7233586695735903,0.19435392847165106,0.8306915325276871
2017-11-28,941.21,1.6359062378993026,1.0,0.08995760209076442,0.6,0.8235567224071224,0.4855755617077244,-1.3401985941358439,0.12878508996233762,0.6673714400273384
2017-11-29,952.14,1.763933086773003,1.0,0.0886346653869308,0.6,0.8731720602730929,0.4196906328687892,-1.4167514077459848,0.23493342798989308,0.8160729895862767
2017-11-30,949.93,1.6274730106373507,1.0,0.08401958839784991,0.6,0.8615831782241432,0.3218400376765634,-1.2464506448473986,0.23908201614284996,0.8018562389428413
2017-12-01,960.33,1.7652878808389447,1.0,0.08401461003087093,0.6,0.8483038633602527,0.4648754122713569,-1.3633795159138973,0.3614894390951767,0.7883451338508839
2017-12-04,970.02,2.0956655693154596,1.0,0.08735460449200576,0.6,0.8344941765251687,0.7855330820341929,-1.6699478784068833,0.5779869298629154,0.7754028350992354
2017-12-05,953.3,0.9421771122408815,1.0,0.10096957469476586,0.6,0.5177693625506883,0.2271349240252033,-0.9536618232775029,0.3632038966996239,0.07682611832396516
2017-12-06,947.64,0.9503465218764552,1.0,0.09486267166619784,0.6,0.5094957226398916,0.4683333727097779,-0.7281476057097442,0.3394990337878194,0.1002857422021469
2017-12-07,938.65,0.9724401798075559,1.0,0.08974071645250585,0.6,0.5625843458604971,0.39036822551392214,-0.6325729068564274,0.3498056897633879,0.250257540400032
2017-12-08,940.16,0.7325516816434248,1.0,0.08481116342210156,0.6,0.5647830927526843,0.06092557768008186,-0.4267800116041342,0.32815755445874295,0.2807580570286387
2017-12-11,917.45,-1.3784742698749717,1.0,0.11283092367256635,0.6,-0.10213404426826114,-1.2698368203838104,0.5601147880042238,-0.018292075609522743,-0.9387484784607704
2017-12-12,927.25,-2.343404322858334,0.0,0.11458469177804533,0.6,-0.4304779785872103,-2.0261358551845956,0.9982659657485239,-0.15149799722987817,-1.3522658661824578
2017-12-13,924.4,-2.659679235959584,0.0,0.110056990284127,0.6,-0.6221937809721018,-2.0207828106858106,1.229308375134192,-0.21834029898448398,-1.5412267481858952
2017-12-14,935.85,-0.7330881743561153,0.0,0.11110037419152598,0.2,0.09868394109824564,-0.642874842772146,0.6220447862510653,0.055372679155799916,-0.397342877032886
2017-12-15,935.16,-0.3267013733766377,0.0,0.10473189641057397,0.2,0.24631614135053795,-0.31285277473908496,0.5679579241034478,0.0984192798343532,-0.10935611933841428
2017-12-18,958.06,1.0881111165673532,0.0,0.10336956260227356,1.0,0.7755831608754152,0.6401096178092495,0.12893957996223396,0.2845124212595359,0.7935850673292049
2017-12-19,951.42,0.41338113099066043,0.0,0.10362089257432743,1.0,0.5399743802175174,0.19285536102236686,0.4471166031518518,0.16988618813588088,0.45449613580408854
2017-12-20,953.51,0.5681266368862827,0.0,0.09710153023959982,1.0,0.6417847499318903,0.23131613730103517,0.4411772272767384,0.17417210663697902,0.6156972188433004
2017-12-21,946.06,-0.19751804311867738,0.0,0.09941093140160726,0.6,0.2373977671866288,-0.13630659213377297,0.7486465176089284,0.04184122195584497,0.18979427328712078
2017-12-22,952.32,-0.675903823832716,0.0,0.09755796387231967,0.6,-0.18173875560587843,-0.2844580331100949,0.8904143299883328,-0.040342012514896476,-0.027377322415172625
2017-12-25,958.31,-1.531786741934127,0.0,0.1011015275751101,0.6,-0.7603533500398266,-0.6187439834401833,1.1160252326368805,-0.19233209286442826,-0.5556091887104893
2017-12-26,965.93,-0.404279604096417,0.0,0.09703031308195972,0.2,-0.20512330994421976,0.2588357890280901,0.8140278407206205,-0.10694811576312342,-0.027138878631881757
2017-12-27,968.46,-0.8616030596709364,0.0,0.09173888734893584,0.6,-0.18127723931309717,-0.7493473567174761,0.7982211076620025,-0.13992288600064468,-0.013399400869469676
2017-12-28,976.72,0.6050999055772699,0.0,0.08949771727472879,0.6,0.5743244910256037,0.4574559694340099,0.461296308053767,-0.027127582725821463,0.6316855251254808
2017-12-29,984.24,1.072873723933847,0.0,0.08615847271978497,1.0,0.7034166196758577,0.96006616681538,0.25441233458241763,0.033736056703320465,0.7392492054408867
2018-01-02,995.77,1.319579929586581,0.0,0.08578378643693114,0.6,0.6911042718465291,1.1084305634198992,-0.08686773640284824,0.19836340088113014,0.7245325182387423
2018-01-03,1005.67,1.3566400086816925,1.0,0.0857189082521051,0.6,0.6802759749593507,0.8497114908546382,-0.38456019694965116,0.3767910934859431,0.7116263870987423
2018-01-04,1019.75,1.6191435308097661,1.0,0.08936593813722266,0.6,0.6816389417923318,0.7437595477927531,-0.9168231200901046,0.7059799759255981,0.7124721917639482
2018-01-05,1012.65,0.7462931823718261,1.0,0.09348439235314285,0.6,0.41351205336257585,0.18121580180066701,-0.5082978112967153,0.5317437526469396,0.21852016726215598
2018-01-08,1022.9,1.5235159516629784,1.0,0.09800533968488187,0.6,0.6874276613298306,0.4493259197732926,-0.9406672230139381,0.8007973823727991,0.7195804716367424
2018-01-09,1033.5601,1.7517257941394626,1.0,0.09861957650036357,0.6,0.6871102602263339,0.45751696923323,-1.3036750760548725,1.043203734265184,0.718737194941256
2018-01-10,1038.11,1.8449728078475518,1.0,0.09594049122281156,0.6,0.6882604863844128,0.5173732325329073,-1.3789072575968024,1.1553257502268426,0.7193664074752663
2018-01-11,1048.17,1.815124873696194,1.0,0.09244860240330788,0.6,0.6878964206882473,0.4375816261149423,-1.3540887174507272,1.2189935372393825,0.7184790681828724
2018-01-12,1050.11,1.0701619057919602,1.0,0.09649079373625707,0.6,0.4436749696203699,0.24840048193007402,-0.8673346762660284,1.0135726004703849,0.18771566989153374
2018-01-15,1063.47,1.9231090145366805,1.0,0.09930849162647178,0.6,0.6931804597987016,0.6508454337692194,-1.2730628262772261,1.336732931761963,0.7257077616836268
2018-01-16,1062.96,1.7390004067133717,1.0,0.09350744835342151,0.6,0.692998544088483,0.5391952271549566,-1.000526184162297,1.2876723248048394,0.7254188113285398
2018-01-17,1034.6899,-1.7751862753643808,1.0,0.137311748368204,0.2,-0.4183662689817634,-1.075720579314749,0.5043327331788141,0.4958186827398767,-1.9247026365928772
2018-01-18,1050.25,-0.8837228834294268,1.0,0.12982742110557313,0.2,-0.120219064091597,-0.48810529504525235,0.3594189500949643,0.6478348758039858,-1.1907998386058076
2018-01-19,1062.0699,-0.48612712892392906,1.0,0.12225247256136075,0.2,0.0958878056395935,-0.548571324355413,0.30042375443977154,0.749991241691567,-0.6523458475969929
2018-01-22,1087.42,0.28097396515367196,1.0,0.11658285172777161,0.6,0.3654792927863073,-0.07940170589613534,0.18737123412304227,0.8924306240587861,0.009872648749800064
2018-01-23,1086.51,2.664451385949106,1.0,0.2028216256658341,0.6,0.6588700543635616,1.0415797008453564,-1.807942121439367,2.6379533115731806,0.7202677187926501
2018-01-24,1086.51,2.2609140872788234,1.0,0.18245803274553996,0.6,0.646104019406917,0.23706815790300467,-1.7566340474263664,2.6379533115731806,0.7094060757663045
2018-01-25,1104.5699,-2.217797010560743,1.0,0.312762306302582,0.2,-0.9777777248093755,-1.265135571978294,0.031878684114446394,1.4262105854158404,-3.0
2018-01-26,1115.64,-1.9878090516148257,1.0,0.2748514976886535,0.6,-0.8474245346257426,-1.0847507084124681,-0.061843490075424674,1.5540386238961754,-3.0
2018-01-29,1109.8,-2.2197270378910745,1.0,0.2442946531494779,0.2,-0.9489686046377549,-1.0953765164193563,0.24981773920960765,1.4132153028674406,-3.0
2018-01-30,1110.5601,-1.9238893455135646,1.0,0.21985907672897592,0.2,-0.8260794325703571,-0.8997765504058772,0.048261963633086595,1.5719613328615838,-3.0
2018-01-31,1110.36,-2.510675953887713,1.0,0.2082062694271912,0.2,-1.1139381753314723,-1.1054950034960875,0.6130227861586708,1.2498496236740422,-3.0
2018-02-01,1099.67,-3.33002777489033,1.0,0.20718858880790805,0.2,-1.439829554594754,-1.4474043076636622,1.4073322995374389,0.7743342637188279,-3.0
2018-02-02,1105.04,-3.4565724864887706,0.0,0.1848147729868808,0.2,-1.5727563072965378,-1.4997766430909605,1.4662282466282768,0.736871910866666,-3.0
2018-02-05,1048.71,-5.428955143809075,0.0,0.25329017594217956,0.6,-2.7485452964399832,-2.0798499614898334,3.0,-0.7508021560373556,-3.0
2018-02-06,1011.6,-5.702767825375795,0.0,0.29617610300966013,0.6,-2.6789077673665527,-2.0347057849018677,3.0,-2.0502270988100735,-3.0
2018-02-07,1040.55,-4.880147657394243,0.0,0.27562956736113864,0.6,-2.0900803568424293,-1.37197947749693,3.0,-1.242111978265314,-3.0
2018-02-08,1023.25,-5.117348005478108,0.0,0.25539429568145866,0.6,-2.2038660341974805,-1.5789392776348465,3.0,-1.5278696602802269,-3.0
2018-02-09,1003.94,-5.386370171461469,0.0,0.2426483523527317,0.6,-2.348681905815182,-1.7832440713550473,2.9961345423002688,-1.8669003467600338,-3.0
2018-02-12,1041.79,-4.5348324476484585,0.0,0.23058995305076885,0.6,-1.835747175220122,-1.2183560398444144,2.759459109885404,-1.1309043473152198,-3.0
2018-02-13,1059.73,-3.340878411221504,0.0,0.21574535345487167,0.6,-1.465791809707375,-0.6528721423355343,1.5823284550353174,-0.6073232477099194,-2.9370782787877245
2018-02-21,1087.15,-2.3004674346056606,0.0,0.2010232577964941,0.6,-1.168666781314415,-0.03254758190379972,0.6363405552790193,-0.1940003098259317,-2.8769005546849296
2018-02-22,1076.03,-2.5635849342661117,0.0,0.1943259248496515,0.6,-1.3127292283297605,-0.05371530016106002,0.8734617565255126,-0.5026777922743711,-2.8198035073506302
2018-02-23,1102.85,-1.4948317568646012,0.0,0.18304294606021732,0.2,-1.0250060271258776,0.7225571674295138,0.1763654849532975,-0.0999399794595929,-2.581109388148331
2018-02-26,1114.53,-1.8431993849818191,0.0,0.1740995091718504,0.2,-1.1093142700780552,0.3707979196095567,0.28329189577666847,-0.3087525622515791,-2.6438918028990264
2018-02-27,1119.61,-1.6353297863237937,0.0,0.1575532661091862,0.2,-1.0616320862519608,0.4110014240036295,0.08352925270361854,-0.2995614424726286,-2.4981978316350966
2018-02-28,1121.54,-0.21787231733072387,0.0,0.14414915602444453,0.6,-0.25651447337725874,0.5065650576037679,-0.12267825722650687,-0.26481039188580163,-0.6255040758764053
2018-03-01,1115.79,-0.4331687230996647,0.0,0.14059931579664833,0.2,-0.3923570107589337,0.6021275690490355,0.0075199514404439595,-0.4558917598568859,-0.7656655643606305
2018-03-02,1121.21,0.29665754714005166,0.0,0.13395940198590503,0.6,-0.13147154849905693,1.0496435272983369,-0.40552694436202963,-0.23151506693851565,-0.4871928653166458
2018-03-05,1093.48,-0.9785941597160976,0.0,0.1417336439857622,0.6,-0.44330064074257347,-0.32358688704402283,0.07427120752235004,-0.6060017927981064,-0.8108833267994038
2018-03-06,1120.29,0.5958330898603311,0.0,0.13845338314761402,0.2,0.14544136964644286,1.1889206398602414,-0.2648222493123513,-0.22296883368562073,-0.13465516412281545
2018-03-07,1112.26,0.7958805280952357,0.0,0.12710657992788413,0.2,0.5241128272509444,0.9154512611882413,-0.15501636586094128,-0.2443664080198448,0.2831871197139889
2018-03-08,1124.15,0.8845125563631033,0.0,0.1192785827384377,0.2,0.6776531209861161,0.7404117344679422,-0.15781386397882594,-0.16202669000664371,0.41671505026771627
2018-03-09,1123.41,0.7830561698428182,0.0,0.11285241907047534,0.6,0.9005872371576814,0.36479643613226737,0.07798974274187878,-0.22803538327889658,0.6125612289568108
2018-03-12,1126.29,0.4310899640459313,0.0,0.11001759649609555,0.6,0.8067851982452642,0.09630662874666031,0.3095092714707536,-0.34692387654914447,0.5372527260978426
2018-03-13,1133.3101,0.9993362546820563,0.0,0.10668771211876142,0.6,0.9273105081475517,0.7877639263713936,0.11779040050941979,-0.16654353650942536,0.6361248134025765
2018-03-14,1138.09,1.2963246112217846,0.0,0.1044213928522513,0.6,0.9230241333669403,1.0411395190718198,-0.12807365158025097,0.038497249927844895,0.6355965405918853
2018-03-15,1138.76,1.2594306239331434,0.0,0.09774014494859133,0.6,0.9204083339982678,1.0410134543644245,-0.06131772034468576,0.025916271429601515,0.6357471738719541
2018-03-16,1150.1899,1.0528126608983057,0.0,0.09422529772700623,0.6,0.8831084179591266,0.804272750807602,0.03843015693730567,-0.04661327395492784,0.6142744310368946
2018-03-19,1159.22,0.7690793190564876,0.0,0.08889625565001232,0.6,0.9192615599495424,0.14946748958428513,0.06960174398011972,-0.053406439183302054,0.6372296191411888
2018-03-20,1159.39,0.5537362129736131,0.0,0.08729297778900862,0.6,0.8209624825820981,0.016594317222265738,0.1972984439363376,-0.13888795330865575,0.6000710306753823
2018-03-21,1169.36,1.1661740726434406,1.0,0.08806284278255234,0.6,0.9213583131768357,0.7638503460975489,-0.07720846260502197,0.09246063569567127,0.6394911310850051
2018-03-22,1172.36,0.7323148074681389,1.0,0.08915427222150059,0.6,0.696181704632533,0.4687666089412768,0.137723782718492,-0.045155409323830664,0.5509781763643387
2018-03-23,1153.59,-1.143812163518039,1.0,0.11004391898387983,0.2,-0.4178114824932083,-0.9929927179653769,0.7659060970617444,-0.5256077732562742,0.11067942678774594
2018-03-26,1171.22,-1.3032965528932552,1.0,0.10286716222952909,0.2,-0.2813285239660202,-1.5614556664165082,0.7658443444230394,-0.5129051857179374,0.16583647757218795
2018-03-27,1171.73,-1.6147925716578488,1.0,0.1002766973097684,0.2,-0.4091391512922068,-1.9003936107557406,0.8535977773172885,-0.6027646403854732,0.1163814803502605
2018-03-28,1172.24,-1.8098494569547152,1.0,0.09916252730388005,0.2,-0.5931406464176439,-1.8590024920299377,0.9632795284582436,-0.7117044263302139,0.04479551849870783
2018-03-29,1167.03,-2.023502908404396,1.0,0.09872444918864387,0.6,-0.8022559470054083,-1.81928752272776,1.0666954864822702,-0.8288721716952996,-0.03758100149989859
2018-03-30,1174.46,-0.7369103860095249,1.0,0.09839423168622342,0.2,-0.041877117715289215,-0.7026185988484419,0.6868098015448297,-0.5714502847750289,0.26422420552999454
2018-04-02,1196.61,0.16407144579559638,1.0,0.09686506221218963,0.6,0.36825501613880285,0.15320950634228106,0.4109888532762672,-0.3711903600895519,0.5107465309075042
2018-04-03,1188.29,0.26553089863982915,1.0,0.09105974251303772,0.6,0.4937634260335438,0.18705009583436377,0.39435187032286884,-0.37602257419406704,0.5477137610552865
2018-04-04,1191.54,1.0154280806351705,1.0,0.08957978551367139,0.6,1.0073830266259356,0.7655612376658616,0.14399151826740073,-0.21776295190360112,0.6782854027888157
2018-04-05,1193.17,1.3529908319895978,1.0,0.09083093244780419,0.6,1.0070268917928684,0.9251709556608045,-0.22385439198124155,0.04903984206753416,0.6789752982828607
2018-04-06,1199.96,1.4323986941793125,1.0,0.08969780319138529,0.6,1.004086993620862,0.7646839587111027,-0.4293507401580394,0.21330484512539472,0.6787049607036985
2018-04-09,1204.33,1.209709486136483,1.0,0.08678511943295379,0.6,0.968225157493112,0.47194162375955356,-0.33501878494368525,0.1477414334273885,0.6651815807792321
2018-04-10,1198.12,-0.29138720060651435,1.0,0.10727006552704568,0.2,-0.1155239493536251,-0.2180769823699165,0.2803436860892546,-0.32313698457791723,0.23359921726327573
2018-04-11,1167.11,-2.8315338547643654,0.0,0.14360982145730053,0.6,-1.9252217508167104,-1.554620924251063,1.2202796733091896,-1.072599973021599,-0.4955267603708557
2018-04-12,1173.02,-2.487691233640649,0.0,0.15848911668889423,0.6,-1.6075914209419448,-1.550881631567324,1.0094243373259024,-0.9870592840107035,-0.37356421388095173
2018-04-13,1157.14,-3.2277581601700276,0.0,0.16083246409718838,0.6,-2.1380312066390026,-1.7819925501142062,1.3409093028022687,-1.267051865728413,-0.6296045191148145
2018-04-16,1148.49,-3.2480364790268887,0.0,0.14599986743771878,0.6,-2.0966459453968156,-1.7801945321634447,1.35503932005202,-1.3248392574762826,-0.6591974695123107
2018-04-17,1153.28,-2.521411979191122,0.0,0.13724063254613922,0.6,-1.5913864171172931,-1.4270904649180731,1.0450089012958619,-1.1335073737700978,-0.43056683535200646
2018-04-18,1138.53,-3.299294255793635,0.0,0.14464262698070585,0.6,-2.0829198682485623,-1.7672074369995807,1.3854243681877731,-1.4178576548238901,-0.6933710784579775
2018-04-19,1094.63,-4.286621411813319,0.0,0.19728406904393356,0.6,-2.0343401763713835,-1.7322234548253663,2.3215619475112916,-2.1530618774374,-1.431313462172973
2018-04-20,1119.86,-3.2293992315828857,0.0,0.1844326752476474,0.6,-1.510840210028411,-1.222441093734402,1.7284630019579819,-1.8087315477490884,-1.058399063538288
2018-04-23,1076.78,-4.950778172993733,0.0,0.2595343682211447,0.6,-1.9710585465512747,-1.686007350432542,2.7529838003770455,-2.796830828825609,-2.068627261095811
2018-04-24,1080.74,-5.001807903396427,0.0,0.23603302884021046,0.6,-1.9338046356933432,-1.6563253353834868,2.701612844154731,-2.923789076364117,-2.1980513154117336
2018-04-26,1044.86,-5.115384226703175,0.0,0.26762410786055124,0.6,-1.8971640886346595,-1.6238075663519558,2.6524132728316694,-3.0,-2.507688965806994
2018-04-27,1050.26,-4.688437683652666,0.0,0.2425094686440227,0.6,-1.5538667155136434,-1.2650030526542633,2.5923862436728577,-3.0,-2.3477389899653685
2018-05-02,1029.08,-4.989626191175764,0.0,0.24423260640199937,0.6,-1.8217692801776693,-1.576946501861133,2.562227082275307,-3.0,-2.4310059919495965
2018-05-03,1026.46,-4.8901822512569515,0.0,0.2150337128795432,0.6,-1.7816470852040291,-1.5467718926765697,2.4480703458747035,-3.0,-2.393463855797521
2018-05-04,1026.8,-4.574761595674916,0.0,0.18631108820730768,0.6,-1.682223660633531,-1.4435534928554317,2.0061847967698525,-3.0,-2.3573215684208546
2018-05-07,1062.26,-3.330760042955324,0.0,0.18782564039530308,0.6,-1.2615297177012699,-0.818422593055432,1.1618314873059672,-2.5585490087686082,-1.9107106298648386
2018-05-08,1060.45,-3.2055367345350705,0.0,0.16765684313975499,0.6,-1.2647503605563635,-0.7473296666748266,1.0116704429578651,-2.523285947996593,-1.8832614836969832
2018-05-09,1056.97,-2.6693623562333895,0.0,0.14752660590032668,0.6,-1.19710037117964,-0.07155949262242568,0.776468600355258,-2.4170465242123402,-1.7719185436299016
2018-05-10,1028.87,-3.5177845694133,0.0,0.17522457349584497,0.6,-1.4943232845706362,-0.9939023960559609,1.1396782755132664,-2.698929326525383,-1.7993044810798553
2018-05-11,1044.85,-2.5087594626124794,0.0,0.1604042627356475,0.6,-1.247828468710043,-0.2695999122220104,0.7025408405077426,-2.483565648525521,-1.1763840206675247
2018-05-14,1066.98,-1.6505120964243138,0.0,0.15110103130803185,0.2,-0.9904216852332649,0.4634652166093918,0.23952170504514816,-2.250856279494294,-0.9568743406323281
2018-05-15,1073.5,-1.1326594158448913,0.0,0.1396923503719306,0.6,-0.7895823792019983,0.7405406531412536,-0.057205014132632626,-2.085890627301857,-0.7497386401346778
2018-05-16,1054.62,-1.5489348390388802,0.0,0.14266975841188814,0.2,-0.9699129640457479,0.315988065595067,0.02986043296977286,-2.181713055343549,-0.8927698518849675
2018-05-17,1030.64,-2.008743998000667,0.0,0.14322903228031128,0.6,-1.1252583048962186,-0.22426311664866774,0.16373673338635997,-2.2536490355703065,-1.014668861109211
2018-05-18,1040.54,-1.8339913878632135,0.0,0.12823147426252504,0.6,-1.0491062263059934,-0.267698397732141,0.08985714349285213,-2.195245017227868,-0.7953090752013291
2018-05-21,1014.98,-2.683837662954268,0.0,0.14375556189274036,0.6,-1.3282100437840998,-1.4281969747857906,0.449160997006827,-2.341585836990176,-0.7326388632905458
2018-05-22,985.91,-3.6450267489008303,0.0,0.21715504416441278,0.6,-1.4767526792227885,-1.4016125151960976,1.391838662228891,-2.8011594802163455,-1.3835589983466832
2018-05-23,988.94,-2.7314202225193167,0.0,0.19230588182526237,0.6,-1.1947679418828558,-1.1028576886242045,1.0899912519078954,-2.602434634793324,-0.43682185487697395
2018-05-24,985.92,-3.0887004949738897,0.0,0.18791923510957773,0.6,-1.424883777574362,-1.3555765963058406,1.300995994240348,-2.6570266630594372,-0.46349320445934533
2018-05-25,963.9,-3.5479764573344728,0.0,0.21244445263915734,0.6,-1.3969730223118595,-1.3322005707731988,1.8296575740960812,-2.8661087266686547,-0.8224223115409345
2018-05-28,931.75,-4.249971036366249,0.0,0.3205148860165454,0.6,-1.3697647207066794,-1.309350233466392,2.429188520598387,-2.8587251908833937,-1.8217105935365108
2018-05-29,952.18,-3.0256224825575315,0.0,0.3069191325025105,0.6,-0.7134823744417105,-0.6799405630128222,1.813507945952914,-2.8094301686654495,-1.1323947982824811
2018-05-30,948.5,-3.247186724508543,0.0,0.27615560476962603,0.6,-0.8825871876454398,-0.8385161336764644,1.8407823547526188,-2.7620234183942696,-1.291897763344336
2018-05-31,971.25,-2.110947923189698,0.0,0.2576889960058923,0.6,-0.44617796427034606,-0.33668185278495283,1.0035796348449701,-2.488502753901347,-0.8414523707131921
2018-06-01,992.87,-1.2867148447093797,0.0,0.23173830461952397,0.2,-0.18150557545734808,0.184139371734975,0.4771558865467442,-2.2451902998582356,-0.5701785928575197
2018-06-04,1013.78,0.08050732838335908,0.0,0.2259155115448145,0.2,0.29434390068180594,1.1007270226271135,-0.31166821260495514,-1.8892973290847688,-0.09014197717102686
2018-06-05,1022.74,0.8964803620097966,0.0,0.21328887620270484,0.2,0.6589918552752193,1.3111970246271247,-0.8929758824667262,-1.6241054008267988,0.27624594878810704
2018-06-06,1034.5,1.5480123332653792,0.0,0.2020578395432533,0.2,1.0040006736309852,1.3203917917441512,-1.3684865910527804,-1.3813827917522274,0.6237938670544
2018-06-07,1036.6899,1.616707251951297,0.0,0.1773051209653548,0.2,1.0974277452672068,1.080866016822245,-1.475021217247613,-1.3045411701672753,0.7183208846420605
2018-06-08,1039.01,1.5220307179928199,0.0,0.15770751355048557,0.2,1.0882698351860014,0.8897741065952796,-1.4456908047468608,-1.2942057571900123,0.7096193682863523
2018-06-11,1039.02,1.295551977312475,0.0,0.1477183890651928,0.2,1.0212430984141476,0.6461667951075802,-1.3322101893155511,-1.3196224662764175,0.6427182362775301
2018-06-12,1020.76,0.5296202278662235,0.0,0.18181199803640458,0.2,0.7160649081803717,0.3745673500998571,-0.7114671033922663,-1.565604501080244,0.37163764003857547
2018-06-13,1030.53,0.9605331156960812,0.0,0.16495504866252886,0.2,0.9956097994127665,0.45926830774921573,-0.8676702903777713,-1.4455383018144103,0.6576506752819409
2018-06-14,1015.72,0.7559992737481102,0.0,0.15520650721107418,0.2,0.9039340938171522,0.3689866856176017,-0.7031598636624318,-1.4732440851874706,0.5741518773382919
2018-06-15,1016.51,0.36586580448518125,0.0,0.1420669409354176,0.2,0.8727736559269837,-0.31398594358408566,-0.5812141860127661,-1.467136536532881,0.5456008102422583
2018-06-18,987.34,-1.1828498718405789,0.0,0.1992732360189802,0.2,0.23440150419767933,-1.244972681216353,0.34359283663541756,-1.784173547658466,-0.03441667860607675
2018-06-19,962.16,-2.4071447276014837,0.0,0.2519331005220327,0.6,-0.5010254012997917,-1.224264304877682,1.2965735886815644,-2.1280639967031476,-0.6968039476877278
2018-06-20,980.95,-1.5611779682224691,0.0,0.23170135597290584,0.6,-0.11987381879147575,-0.768064782756678,0.8617719473002812,-1.8809477670171888,-0.35155508828434806
2018-06-21,969.4,-2.1848631182101546,0.0,0.2266915245664908,0.6,-0.4100930919882118,-1.1118452742250735,1.220180110795515,-1.9871015273325099,-0.6090779544629764
2018-06-22,983.17,-1.4193026133735638,0.0,0.20937080281508674,0.6,-0.07505306400707931,-0.7130097975450246,0.7867658311068458,-1.7740702334652312,-0.30788669470215824
2018-06-25,990.52,-0.9775024502949986,0.0,0.1902933501376591,0.6,-0.15397156279478857,-0.331572856081407,0.4562242096166216,-1.6202896193797864,-0.09280253922933171
2018-06-26,983.02,-1.109086126975711,0.0,0.17498747287511698,0.6,-0.2594113302307267,-0.40573888551593457,0.47606499456068596,-1.634399258435558,-0.16732335790476455
2018-06-27,968.91,-1.5471372273491586,0.0,0.17032531335187695,0.6,-0.7618767875686248,-0.5622209249858198,0.5427205025447243,-1.687310302730885,-0.3127338646128086
2018-06-28,957.35,-2.4164486086734613,0.0,0.19037855138715087,0.6,-1.2576277894982681,-1.1297082515199577,0.8577003498356068,-1.8460379746884488,-0.6614395198297284
2018-06-29,960.78,-2.2780813127687205,0.0,0.16692367561408944,0.6,-1.231917470729994,-1.1071959447642192,0.661983289372146,-1.7992062157006519,-0.6464121888048386
2018-07-02,947.15,-2.8129017746728233,0.0,0.2119124808383662,0.6,-1.2092371958499015,-1.0890210816075592,1.185289966425623,-2.0408962014897973,-1.1554765020505224
2018-07-03,906.01,-3.589320202790203,0.0,0.27664052745300216,0.6,-1.186265806960516,-1.069053577295061,2.005551651578782,-2.342274284186302,-1.8451857618213925
2018-07-04,914.99,-2.9780040247001103,0.0,0.24131496501503566,0.6,-1.0054741632294733,-0.8409917938566361,1.4459316484159537,-2.197833346763878,-1.6219058390664167
2018-07-05,899.4,-3.523239906219164,0.0,0.2617799660173154,0.6,-1.1439542928537572,-1.0333549368167705,1.8287415577657498,-2.2896917425099055,-2.003040095556769
2018-07-06,917.51,-2.3184552914608734,0.0,0.2500564619099576,0.6,-0.7321600528912185,-0.5642406392517872,0.8776949698259158,-2.0483404681842745,-1.4581071734124424
2018-07-09,915.12,-2.2070459975229135,0.0,0.22234081603564954,0.6,-0.7579331793979283,-0.6095607338431006,0.7838162569507906,-2.025593345807888,-1.2595100061909712
2018-07-10,911.12,-2.0886048992763095,0.0,0.19318011126087,0.6,-0.7522191963020745,-0.5602833012031498,0.6566335467140475,-1.9639653188757304,-1.2366093465537211
2018-07-11,893.16,-2.911372788323523,0.0,0.22991451796935936,0.6,-1.0810383116534017,-1.0040243268002051,1.1576160397238389,-2.1361533357775255,-1.5830338077265154
2018-07-12,898.51,-2.402022493108907,0.0,0.20358811067642577,0.6,-0.9269519594931853,-0.7719908262580155,0.7622319495303974,-1.9867755578476993,-1.379264256634345
2018-07-13,909.72,-1.0850929505618692,0.0,0.21305556267885267,0.2,-0.5285300117755688,0.09939470933982877,0.16086243714806156,-1.7746610529317313,-0.5902371422896401
2018-07-16,911.11,-0.11180764096963952,0.0,0.19252500440123754,0.6,-0.2950713327477726,1.1990607159164866,-0.22309953333101784,-1.64388428074594,-0.3260804808244009
2018-07-17,921.27,0.7759764704544146,0.0,0.18682556790077362,0.2,0.10993900276023538,1.650508232239066,-0.772206363195931,-1.4428908273464838,-0.0093599579601448
2018-07-18,942.39,1.9036749485013964,0.0,0.20132178360969433,0.2,0.8349760102856587,1.6755364710396374,-1.5669427244980678,-1.1191545826555758,0.5618604446724906
2018-07-19,943.97,2.011112198821613,0.0,0.18128109118156105,0.2,0.9925350057694814,1.3973308158960065,-1.7032391428269031,-1.0250100569274934,0.6914187102715438
2018-07-20,933.39,1.7524058095020885,0.0,0.16580547835627543,0.2,0.9251644933370347,1.0414280281360788,-1.6206767138189022,-1.0210289805461907,0.6472040061908998
2018-07-23,936.74,1.9213705199377584,0.0,0.14968823365648437,0.2,1.1070519074738243,0.97089823587295,-1.6540257901304876,-0.9512130833512346,0.8078267204620475
2018-07-24,934.08,1.8689671294231216,1.0,0.13941282109112163,0.2,1.203347971283553,0.8505667606985157,-1.4676963277873556,-0.9463633225908933,0.9046815028622675
2018-07-25,927.58,2.1982296157259382,1.0,0.12539048021708518,0.2,1.606373148911799,0.9126963472822045,-1.3636234702568772,-0.9192362958030206,1.2085633251815955
2018-07-26,930.16,1.9443710025841594,1.0,0.122471512148608,0.2,1.5089170067857776,0.7894732640545956,-1.1368947595527175,-0.926425729264322,1.1346112341912797
2018-07-27,935.52,2.5221843580532286,1.0,0.12944290302104947,0.2,1.606373148911799,1.4858301569015646,-1.385794638519521,-0.7510596919308672,1.2124212692072485
2018-07-30,949.73,2.7644741642344783,1.0,0.13633741510466138,0.2,1.606373148911799,1.6755364710396374,-1.6041819277257734,-0.5693638381605253,1.201131388206023
2018-07-31,956.39,2.486818083342293,1.0,0.12548997283302202,0.2,1.5899003684383195,1.147537460940262,-1.5233317414571468,-0.5091976617524067,1.1921900660798463
2018-08-01,952.77,1.9809733217765624,1.0,0.12461713712078759,0.2,1.4788427079936912,0.5869852099284257,-1.2216334404975375,-0.534935742535287,1.1098017413768468
2018-08-02,953.55,1.829352837841565,1.0,0.11506013363122444,0.2,1.4524231101013836,0.5066472213117484,-1.0181254310725372,-0.5248800462873513,1.095281052570398
2018-08-03,959.6,1.9199684858913635,1.0,0.10592595202215785,0.2,1.5076018650877916,0.6624365560533152,-0.9213104737757732,-0.47962472283589513,1.1471424350929627
2018-08-06,960.23,1.726026510820744,1.0,0.10451170803026372,0.2,1.436966316796491,0.5936941512010753,-0.7163455114159474,-0.49061382231532014,1.0960036078820694
2018-08-07,956.79,1.3458787352951507,1.0,0.11551180303660703,0.2,1.2680806032169931,0.4128939631630425,-0.439680938447038,-0.5456254186578717,0.9630234691798601
2018-08-08,966.27,1.9111184770055982,1.0,0.11122003875420959,0.2,1.4147845761054816,1.1869853398596595,-0.538574802511366,-0.4616080329113039,1.0914638134342942
2018-08-09,963.5,1.8922115709832612,1.0,0.10225046225913036,0.2,1.3935926280170614,1.2117789360191153,-0.4876190547038201,-0.44579087669621686,1.0900166867634125
2018-08-10,968.47,2.1927363838522482,1.0,0.09656348958151725,0.2,1.4607572039657677,1.6755364710396374,-0.5170481420297502,-0.3912001623468414,1.1378625047374535
2018-08-13,978.04,2.288248253180279,1.0,0.10045233700870299,0.2,1.43813265655948,1.6755364710396374,-0.6869739582782605,-0.27389466611456714,1.1251492050348735
2018-08-14,978.27,2.1313871835753946,1.0,0.09311811057301814,0.2,1.4159305900522496,1.3841955023897146,-0.6615259044631139,-0.23760909502810418,1.1140504803562383
2018-08-15,961.37,0.9108269170833386,1.0,0.12301631151853286,0.2,0.7836270482601378,0.12458760413353862,-0.3031538788771123,-0.35237975703861374,0.8825900054911328
2018-08-16,964.28,1.200915747091885,1.0,0.1128924229413265,0.2,0.9499205562330347,0.48296215067144593,-0.3054775129618945,-0.30726499505190186,0.9407739925197309
2018-08-17,968.88,0.9541810828353552,1.0,0.1098393221496159,0.2,0.827584406702258,0.24625603587101208,-0.205004532625454,-0.32010291415553155,0.8944955004814187
2018-08-20,969.62,1.1024605297195837,1.0,0.09943859307268335,0.2,0.8922354025604204,0.43983290822307664,-0.22816713469075922,-0.29593170150906833,0.9136500446681528
2018-08-21,979.21,1.8860234705082517,1.0,0.10551664920542028,0.2,1.3550586483207419,1.110572781307338,-0.4907771653398476,-0.161080806069466,1.0769319687094905
2018-08-22,982.15,1.990088095264725,1.0,0.10048137274962972,0.2,1.3376264542939147,1.2603345535839843,-0.5613956753149696,-0.10271409632895982,1.06493669041004
2018-08-23,987.36,1.8899997813610505,1.0,0.09531185328079946,0.2,1.3204053940939267,1.0032056619152852,-0.6052338494502407,-0.053214968525626696,1.0523915068863183
2018-08-24,987.05,1.8388071063685958,1.0,0.08906524858810094,0.2,1.3026139801244392,0.8973909174852196,-0.6145986357207712,-0.019238127294116635,1.0401129680000825
2018-08-27,991.92,1.6249795121089154,1.0,0.086112372914992,0.2,1.2363255080660933,0.6191772697012445,-0.5384720537937405,-0.024639899503149876,1.014445735252244
2018-08-28,995.19,1.6864480468343324,1.0,0.08266875208362477,0.6,1.2679892409266322,0.6720632183136267,-0.5557881914239566,0.020209166723474833,1.0163337670129695
2018-08-29,988.17,1.3936327210804764,1.0,0.0866852562451052,0.2,1.0655664601111066,0.48533619585245535,-0.4215375633910947,-0.0089829447578356,0.9505500768776887
2018-08-30,998.07,1.8583278137364898,1.0,0.08947877779168786,0.6,1.2338258395494743,1.0685149808278498,-0.5545307543320062,0.0838048217340244,0.9950803883120716
2018-08-31,989.54,1.541993003691346,1.0,0.09807349966779785,0.6,0.9421096089413333,1.025192415247509,-0.37448591763986167,0.03224846435414747,0.8935538029314354
2018-09-04,975.94,0.31812573129671035,1.0,0.11912286090370307,0.2,0.4018188805396908,-0.5248965330422973,-0.11325608084987648,-0.06671233022150183,0.7100989620728068
2018-09-05,968.44,-0.4050476270097162,1.0,0.12147630527029518,0.2,-0.029065961168686462,-1.3818448308846965,0.008787970419134837,-0.11077544596153337,0.6207933608381918
2018-09-06,958.19,-0.6498757963147792,1.0,0.12272207326831704,0.2,-0.3199146482848112,-1.356148659943209,0.13723208751040322,-0.15121875742677218,0.5392535856801726
2018-09-07,968.9,0.3507368738241224,1.0,0.12129989035577718,0.2,0.20876024598322432,-0.22702607965945495,-0.07539477933381603,-0.04293473054723407,0.7164784904517592
2018-09-10,970.34,-0.07040724084448435,1.0,0.11997131059308787,0.2,-0.07537340780662166,-0.629896906815362,0.03999453679381723,-0.07462052929427633,0.65391740225232
2018-09-11,985.06,1.204770301433737,1.0,0.12198226135148073,0.6,0.8001419593596334,0.6319924073840041,-0.20758562605887965,0.055000400966401214,0.8689490796662154
2018-09-12,987.01,1.4189306840200548,1.0,0.11098056121350754,0.6,0.9768348347698097,0.8156507042504784,-0.2375323236086151,0.08308812679695153,0.908910835902411
2018-09-13,987.95,1.6541024846107355,1.0,0.10403823829011762,0.6,1.1657230924141095,0.9697903640501448,-0.310909996318486,0.1296020457267814,0.953304129392626
2018-09-14,991.34,1.7340595610419711,1.0,0.09701019333660767,0.6,1.1516134864128895,1.081294426976212,-0.36579805659208087,0.166452687427517,0.9495190293511014
2018-09-17,987.61,1.5716578222008961,1.0,0.09251453189694225,0.6,1.1087016302255472,0.8282335191243269,-0.3278190642763523,0.16052018277464078,0.9387375802586106
2018-09-18,993.49,1.8442078747083526,1.0,0.09503402625431277,0.6,1.1501576223806518,1.1167168516456483,-0.5032306460971303,0.2574007325713849,0.9500194833763269
2018-09-19,995.54,1.880235407727969,1.0,0.08853495475439366,0.6,1.1489759532822748,1.1468625889333526,-0.5324879898031075,0.2859653685027911,0.950131190624805
2018-09-20,1004.74,2.04141684492281,1.0,0.09179919602008067,0.6,1.1477438218219902,1.2665512604707063,-0.6917861076782793,0.38257311821376855,0.9502026884704045
2018-09-21,1002.97,2.030366717270685,1.0,0.08449646564506856,0.6,1.1464530345864206,1.2429731781701574,-0.6826564179501833,0.3984691777368563,0.9502349265754924
2018-09-24,1011.29,1.954282703105385,1.0,0.08313167598679544,0.6,1.1451069731013779,0.9729534107174166,-0.746359560875531,0.4536987438783505,0.9502322519614963
2018-09-25,1010.74,2.019516213443018,1.0,0.08299081738497989,0.6,1.1429909919052748,1.0187484344507023,-0.7998449851502906,0.5160251264152953,0.9500252552937579
2018-09-26,1009.61,2.077762452964411,1.0,0.08554775133436818,0.6,1.135428661939319,1.020750378238151,-0.8743935872331489,0.5976351445752603,0.9483797658166406
2018-09-27,1015.37,2.05007870639525,1.0,0.08260318044725473,0.6,1.1340465774545072,0.9613873158591343,-0.8480324264045598,0.6381020418924294,0.9483264975888148
2018-09-28,1017.13,2.0411736942037755,1.0,0.07691082070464794,0.6,1.1266466362716008,1.0146907856216008,-0.7801081210685802,0.6508969880904474,0.9466787534823212
2018-10-01,1012.88,1.5591468486845603,1.0,0.08791783291721714,0.6,0.9373166707157076,0.551936846997698,-0.547752171749024,0.5852676545066027,0.8518112295515384
2018-10-02,1018.79,1.3248745008065763,1.0,0.09216704138295236,0.6,0.8120061474506722,0.4447795283114469,-0.38208514148873196,0.5399087085775773,0.7894307553702902
2018-10-03,1020.4,1.3576577280008588,1.0,0.08615439186261552,0.6,0.896451177121258,0.3817652336068045,-0.3640489577006106,0.562133185204653,0.8357672310793748
2018-10-04,1023.62,1.8514135457038376,1.0,0.08613118729974352,0.6,1.0804824515996276,1.052380805427792,-0.42905207051172317,0.624169341889203,0.9312836476438758
2018-10-05,1008.39,1.0637968980475287,1.0,0.10517797377627203,0.6,0.7569619692778431,0.18716973490482686,-0.1608262669456078,0.523655745767797,0.778656006870061
2018-10-08,996.12,0.2103996204190314,1.0,0.10945780818706126,0.6,0.48543569574689105,-1.0827615716520618,0.009015030721229679,0.4667756667002961,0.6958534520724984
2018-10-09,996.19,-0.16307661436131682,1.0,0.10973203230608027,0.6,0.30005809132592204,-1.4853590340619092,0.13149056804523046,0.4243999761884459,0.6360079500836283
2018-10-10,993.96,-0.5011263778076525,1.0,0.1181425248949215,0.2,-0.081490363041997,-1.4645433899438882,0.31071658022981363,0.3508281573202454,0.5248758911606058
2018-10-11,945.89,-2.5014517695634924,1.0,0.4016787984927354,0.6,-1.542999402750312,-1.43695899158769,1.6417580962352591,-0.2551852822795753,-0.457130243437526
2018-10-12,970.08,-1.1784069941453872,1.0,0.35448865939636065,0.6,-0.7707251969390185,-0.6690790696052134,0.9786507058637519,-1.0944600047036243e-05,-0.04288935503938829
2018-10-15,951.64,-1.819445790253025,1.0,0.32839162446511083,0.6,-1.1660856259537697,-1.099119794745695,1.2022917283753602,-0.13199613265936216,-0.2569763627977428
2018-10-16,963.37,-1.300924388039696,1.0,0.2824374309719412,0.6,-0.8658073078990116,-0.8459941442275904,0.8930345472373538,-0.033111454704681575,-0.09521011790456134
2018-10-17,971.6,-0.8066624374199381,1.0,0.2459986321471251,0.2,-0.5911063650411703,-0.5753422908945035,0.6077710471637087,0.056996703512908,0.05448352781644771
2018-10-18,963.47,-1.2650892032146346,1.0,0.2393798543833763,0.6,-0.913978806986232,-0.8194707110107783,0.7545499780609612,-0.05186681529235437,-0.12140564163436027
2018-10-19,958.36,-1.3576543029458574,1.0,0.2161994869077522,0.6,-1.010446711483727,-0.872404840274046,0.7234004801118868,-0.08501604592649244,-0.17505494727833618
2018-10-22,953.51,-1.9936704817395836,1.0,0.22446676451718095,0.6,-1.408023078530934,-1.310928507656354,0.915743490382463,-0.220371740728131,-0.3981508877297377
2018-10-23,939.68,-2.3653128861142396,1.0,0.24836165439871816,0.6,-1.4115804584714777,-1.3367312916556062,1.2278361567996128,-0.4125675652015545,-0.7164668889615976
2018-10-24,922.73,-2.6262402525441773,0.0,0.2567022071685943,0.6,-1.4136402478684336,-1.3383457092597797,1.42396078345157,-0.5647984311482769,-0.9695742755257528
2018-10-25,910.17,-2.737793494651291,0.0,0.2483092339895509,0.6,-1.409297914280624,-1.3346130985515527,1.4575792905554752,-0.6569943084586269,-1.1226290591442223
2018-10-26,900.82,-2.7709925071365635,0.0,0.23351103282724148,0.6,-1.4037577261775143,-1.3304583552702614,1.408951597680871,-0.7143051303718563,-1.2173692149341124
2018-10-29,888.82,-2.8244531045385335,0.0,0.2238112549332864,0.6,-1.4059585096817377,-1.332196579988537,1.3789979087793864,-0.7765419405721323,-1.3188859404094635
2018-10-30,888.69,-2.7627566332089364,0.0,0.20374618135026074,0.6,-1.3997569013109437,-1.3274550749748188,1.2345249400595897,-0.7894179375880757,-1.33979860308279
2018-10-31,914.76,-1.7248689380154132,0.0,0.20131697371545315,0.6,-1.028778591332375,-0.7387418682184418,0.5334848888304962,-0.5516125868110731,-0.9685127466308594
2018-11-01,907.96,-2.1307603122620273,0.0,0.21100351531081832,0.6,-1.236462112443011,-1.0408589224449583,0.7435981419857393,-0.6629226666655773,-1.0288571711683534
2018-11-02,924.86,-1.299053333458523,0.0,0.19678031309242966,0.6,-0.9739078152788876,-0.3607383949364077,0.3134056304879788,-0.5122988740452626,-0.7334325726961693
2018-11-05,925.53,-0.6681489957418751,0.0,0.1765134342281011,0.2,-0.8468277997970772,0.46065620525078577,0.10032774589259881,-0.4414734730328575,-0.5845353092370492
2018-11-06,922.05,-0.38697807728800326,0.0,0.15744619158565287,0.2,-0.8193748611177579,0.8620564123950407,0.01991850375908387,-0.43429794312997966,-0.48817746297799347
2018-11-07,922.16,-0.44734340371665093,0.0,0.1598009372341747,0.2,-0.7949740016227522,0.43849069032051574,0.06397234031714502,-0.4906981052039562,-0.13712502949423241
2018-11-08,926.28,-0.01537808671744653,0.0,0.14660913835471423,0.6,-0.6159587675501201,0.783405433435092,-0.17064223431931252,-0.4173930123811794,-0.031014769566824422
2018-11-09,914.29,-0.9113840034065429,0.0,0.17429639633050148,0.6,-0.9923869669416855,-0.21433350116692407,0.05348111699633034,-0.5450151918618734,-0.2631269696225843
2018-11-12,918.12,-0.6747892871616782,0.0,0.15270966266934077,0.6,-0.9424119060594911,0.08012932364922398,-0.0627999255242835,-0.5181267682443816,-0.23622581398327114
2018-11-13,905.38,-1.6473079462373452,0.0,0.16622424136918326,0.6,-1.1957600170061948,-1.3829603657536615,0.10381947773515926,-0.6015897354368404,-0.3960466189653783
2018-11-14,900.93,-1.5585895840685267,0.0,0.15305599414903884,0.6,-1.1957823182412635,-1.357545021711107,0.08567816392140716,-0.6004145302978796,-0.24695825794619938
2018-11-15,897.15,-1.591115839773108,0.0,0.14614396101564509,0.6,-1.257777511177658,-1.3327813660334378,0.1186105554674667,-0.6121735676591366,-0.23236967043487253
2018-11-16,898.19,-0.9251115352840019,0.0,0.13615010156007595,0.6,-0.9588987217935917,-0.7887894679494268,-0.06157604665736521,-0.5293902811205232,0.10888484404101115
2018-11-19,916.06,0.342344228693788,0.0,0.1335130584839253,0.2,-0.16012320143093942,0.2346985554453337,-0.3183449111552038,-0.4041937047880787,0.6346103577141758
2018-11-20,919.02,1.0080484288835447,0.0,0.11992022722173866,0.2,0.5682872939247032,0.5756138660475264,-0.3347308505871428,-0.37328683542541774,0.9217070426820784
2018-11-21,922.56,1.343322364367774,1.0,0.11035964009362957,0.2,0.8500088776094127,0.8211427854560824,-0.42222034348976667,-0.3285973123032673,0.9807787090016086
2018-11-22,924.42,1.4780048503886545,1.0,0.10077223109646136,0.2,0.9259709510728031,1.0065191485796774,-0.4206425002742528,-0.3086604864279593,0.9960992153461592
2018-11-23,917.97,0.4272705994841066,1.0,0.12566992893113688,0.2,0.10820056239736171,0.05869187537311214,-0.20071294649442567,-0.39256357160301647,0.8218179712537343
2018-11-26,921.03,0.3814156725047234,1.0,0.11767453632590329,0.2,0.05870959911233371,0.0011113927836966279,-0.21600091307387756,-0.38556779675516495,0.8119909426896639
2018-11-27,923.12,0.23150649147333585,1.0,0.11291020736158454,0.6,-0.18108688058396905,-0.05079525262874711,-0.2212601813292264,-0.3842802391269465,0.7901367475439531
2018-11-28,930.2,0.6171699520468279,1.0,0.10335172015841723,0.2,0.047980143592405225,0.3860649692441279,-0.30480834952927177,-0.3462156662580978,0.8347091062011336
2018-11-29,926.79,-0.16367246491004267,1.0,0.10928600910239038,0.6,-0.33899564808297317,-0.7491923896594205,-0.24300992350310172,-0.3724265951796966,0.7609483149567041
2018-11-30,926.54,-0.08223611347832116,1.0,0.0999135359199081,0.6,-0.13978937691410984,-0.92511491812956,-0.3119764364852956,-0.33743431814151637,0.799833119567305
2018-12-03,951.59,2.1771841358250144,1.0,0.1208679445243295,0.2,1.2544410691656807,1.478033241540288,-0.8796406479777119,-0.09738363374569162,1.0645654654340853
2018-12-04,958.84,2.0199319182381887,1.0,0.11057586150162421,0.2,1.2521065398502353,1.0790562342060155,-0.9055738407424625,-0.057843073969865676,1.063627810120784
2018-12-05,957.14,1.8554240682967222,1.0,0.10340517459474798,0.2,1.2467821649235116,0.7647324079012788,-0.8604011589653294,-0.046709665918997785,1.0618635300847785
2018-12-06,954.82,1.810825312944741,1.0,0.09487575858554954,0.2,1.2428936534997599,0.6663119703506096,-0.8479886288228086,-0.016482894788930374,1.0573235619588268
2018-12-07,958.59,2.024655138126705,1.0,0.0959557936415269,0.6,1.236089969171744,0.9168096826072683,-1.0012469571663263,0.08043831256024543,1.0521822198091801
2018-12-10,955.89,1.6369533243323726,1.0,0.10447906874554967,0.6,0.9881123571204276,0.6224185392560393,-0.8392574763534509,0.042303436080235096,0.9655304097202617
2018-12-11,954.58,1.443085264511013,1.0,0.10665865068178768,0.6,0.8286443203818379,0.5613299867577797,-0.7272069521339236,0.021209382149822573,0.9092594281451543
2018-12-12,961.28,2.05881435468187,1.0,0.1047886219483856,0.6,1.2227775926880715,1.127650934162793,-0.8818387879900039,0.10943601646885737,1.0379040909416533
2018-12-13,960.25,2.3321766932713395,1.0,0.09845328126491601,0.6,1.2076435885719177,1.6755364710396374,-0.926152466007978,0.15675904485994754,1.0273261763091597
2018-12-14,952.04,1.2862065143936203,1.0,0.11327183820889758,0.6,0.7922355735528743,0.2693745256440266,-0.6828292916315569,0.09287362722245225,0.8976268530434137
2018-12-17,933.65,-0.3134639440284172,1.0,0.15791754748376435,0.6,-0.15368832560981,-1.3276737941586105,-0.22472041650639132,-0.06204301410769735,0.6137543700391033
2018-12-18,927.25,-0.8607683521101533,1.0,0.17215940614092873,0.2,-0.7597415427280158,-1.3053695474660065,0.07316454312017777,-0.15706624596906799,0.4316295434686738
2018-12-19,919.24,-1.1715552579284991,1.0,0.17115950458734455,0.2,-1.1130761423820343,-1.281923299191207,0.24221489427655585,-0.20775868867466885,0.32630319893939336
2018-12-20,918.24,-0.8201353524945859,1.0,0.15350472238910784,0.2,-0.8496546284359628,-1.0240340830781067,0.14080398790051352,-0.15034648895225514,0.4045862314551755
2018-12-21,912.26,-0.7694834519668201,1.0,0.13745636005613815,0.2,-0.806237661319346,-0.984353113982529,0.14300683484920845,-0.1317298995223963,0.41787806484906553
2018-12-24,908.56,-1.1379075211137688,1.0,0.140879184778013,0.2,-1.1076259760716258,-1.2244909165812612,0.2533687016935008,-0.17472091229978695,0.3249274209588356
2018-12-25,897.94,-1.5635868216129976,1.0,0.18398201778295784,0.2,-1.201568759734217,-1.20418904975913,0.6600070921092902,-0.33876899271030403,0.022910019005294813
2018-12-26,891.75,-1.6255309631813573,0.0,0.1778186138254937,0.6,-1.1832417797384935,-1.1868112634180734,0.7148093535395849,-0.37567515016581354,-0.06563397649282027
2018-12-27,900.81,-0.8275695542670289,0.0,0.1673898371172414,0.2,-0.7409098268424403,-0.6228994667221261,0.3272234138277711,-0.24418154034732126,0.13518693045352442
2018-12-28,892.54,-0.9392949764120273,0.0,0.15918985421945128,0.2,-0.8581088802855986,-0.6753366641416672,0.32422835967619135,-0.263545584614124,0.08007126161900084
2019-01-02,891.75,-1.5438445279240025,0.0,0.18143286489317606,0.6,-1.135089105857934,-1.1478178763324092,0.5647708511416246,-0.37773401479210184,-0.13737733662817933
2019-01-03,878.22,-1.9224584329134424,0.0,0.22086202030459842,0.6,-1.1147532599560563,-1.1287259295578749,0.9584872274107431,-0.5536357867149985,-0.4640865608372027
2019-01-04,880.9,-1.7880775156751596,0.0,0.19198689374072556,0.6,-1.0841239588702156,-1.0940914405022655,0.7815578148739613,-0.5266009751867887,-0.4460120340387863
2019-01-07,889.64,-1.122583504706887,0.0,0.17684245532919254,0.6,-0.8093661981624072,-0.6484390476028219,0.3551920599864768,-0.40770394408870786,-0.2698071218718838
2019-01-08,887.44,-1.046603764462414,0.0,0.15990526430660107,0.6,-0.8171554442827683,-0.6134775629129389,0.22823425384948623,-0.3956686174350125,-0.27490511813072754
2019-01-09,896.99,-0.3470889472341984,0.0,0.1497286216566993,0.6,-0.5716068910407227,0.05982210757937969,-0.11004001541223572,-0.2875010669298346,-0.11713334208106234
2019-01-10,898.3,-0.1315389296578445,0.0,0.13319139788716336,0.6,-0.5088915328392041,0.25728642349082426,-0.23982558125377162,-0.24903979425609907,-0.07597177831815513
2019-01-11,902.71,0.23198592039429827,0.0,0.12346734144345067,0.2,-0.3744721663550377,0.5755989325994915,-0.4256215006737236,-0.1828655193796088,0.01153682881879329
2019-01-14,901.8,0.2708391759783176,0.0,0.12233676965649,0.2,-0.3964610601110091,0.6258417628694866,-0.4212161387875019,-0.19592046850603329,0.083878883266779
2019-01-15,909.68,1.1630242164891191,0.0,0.11700545577145359,0.2,0.03419944950367711,1.3555207959093676,-0.6812778410166866,-0.10186290245834465,0.4995856043027571
2019-01-16,908.7,1.223019432555562,0.0,0.1120569832382838,0.2,0.19682980729734048,1.102540888662,-0.7094119099035775,-0.09588433109989374,0.6711585205186155
2019-01-17,901.89,0.7619524076196895,0.0,0.1256361391031158,0.2,-0.10392629665446687,0.7508953691797019,-0.5352894669744929,-0.15895724538154707,0.5684436310620923
2019-01-18,902.3,0.7092680559398148,0.0,0.11375906656999352,0.2,-0.03984680640181424,0.4620517894513991,-0.5839146040295382,-0.1262335468232972,0.5951219522475456
2019-01-21,911.05,1.2817842393271266,1.0,0.10642709478654021,0.2,0.13902685247467797,1.278639679268736,-0.7114759267077837,-0.06516336485201231,0.6600534121544935
2019-01-22,906.55,0.39066326767239495,1.0,0.11162063922180022,0.2,0.05562848013869964,-0.48315770180400686,-0.6162012534772753,-0.09488627213646768,0.6796185052559867
2019-01-23,908.18,1.0087410666099703,1.0,0.10372554967051534,0.2,0.6090687628851418,-0.11364762988015134,-0.6946087164572232,-0.042349844684014745,0.945286339180016
2019-01-24,908.79,0.997839291593354,1.0,0.09838138199411883,0.2,0.6020764070326685,-0.08482411812399485,-0.6468640599897124,-0.02479412419112207,0.9403168005135885
2019-01-25,908.88,0.9281503315735272,1.0,0.09441865159232612,0.2,0.5824424775606885,-0.17917186995695203,-0.6082210139437917,-0.01147558271318628,0.9349296693295314
2019-01-28,912.18,1.2202914153805569,1.0,0.08808786546672898,0.6,0.8185137810640242,0.08706050081311875,-0.6244460015518476,0.01707773611789698,1.0146321987605573
2019-01-29,915.93,1.898525665975087,1.0,0.0825769481503019,0.6,1.242161129432962,0.9677878522547184,-0.6427175616221279,0.06241251994996214,1.1166260058536102
2019-01-30,915.84,1.4705385782999472,1.0,0.0863490257486507,0.6,1.018821901997383,0.4217067987119883,-0.5629173688805572,0.052845132964007745,1.0603460189403977
2019-01-31,910.65,1.4580084496900836,1.0,0.0829376057005488,0.6,1.0090924178019778,0.40518802791974523,-0.5593079964177885,0.0767394931520357,1.0509157067891486
2019-02-01,908.67,1.9503941640366556,1.0,0.077804642853028,0.6,0.9718039563268293,1.4553302900655292,-0.6069712745362792,0.12122050992565353,1.068047044185161
2019-02-11,926.1,2.6096969246991897,1.0,0.09032792992894191,0.6,1.4564952171703789,1.6755364710396374,-1.0433518842648783,0.38341938639096285,1.1303329243178162
2019-02-12,937.54,2.6687725986635185,1.0,0.09693465671466443,0.6,1.4337727079761355,1.3398006750615188,-1.3546414028263336,0.605851607184306,1.1182606855030863
2019-02-13,945.25,2.7644895412363866,1.0,0.10131645354062117,0.6,1.4113995780707957,1.1600081874394348,-1.5979438515139144,0.8197060113008969,1.1063900357011023
2019-02-14,952.34,2.633807333718453,1.0,0.0950525038985517,0.6,1.3939619505007677,0.8780796547288374,-1.5699767883900975,0.8756073361273892,1.0957562375814172
2019-02-15,950.89,2.518147885409177,1.0,0.08870492135692691,0.6,1.3766814239493108,0.7137898846905566,-1.4922907292127447,0.8866491937105808,1.089265348301751
2019-02-18,961.3,2.657076544682865,1.0,0.08925299559568224,0.6,1.356510301044464,0.8509519545096537,-1.5888118653643455,1.011615035542215,1.0802145563889936
2019-02-19,964.35,2.0042049395963653,1.0,0.11202377701398883,0.6,0.9481143035794508,0.5378104588623336,-1.2134230764587115,0.8675724357093649,0.8885887319043955
2019-02-20,970.58,1.8924833127896654,1.0,0.10975007355449477,0.6,0.853633851498799,0.6269497621535952,-1.0615051854758462,0.8380116512147688,0.8420197917878024
2019-02-21,987.57,2.1998150885742254,1.0,0.10247181633808944,0.6,0.978505470577744,1.0955791040011356,-1.053792645625761,0.8952148375759541,0.9014067128732336
2019-02-22,988.91,2.438518440201483,1.0,0.09688232068593022,0.6,1.131883193125264,1.3460822123974465,-1.048174225257615,0.965252760233341,0.9733677705269435
2019-02-25,994.43,2.8557203095249766,1.0,0.0998126006763414,0.6,1.2854116539964786,1.6755364710396374,-1.246904433211125,1.155201598990321,1.0476828492738512
2019-02-26,987.06,2.590924540253635,1.0,0.09373565506510638,0.6,1.2655950479142177,1.1054990634801216,-1.1905039045386876,1.2099807846188235,1.038019458921103
2019-02-27,990.27,2.6507538652282525,1.0,0.09202313207034588,0.6,1.246455944228922,1.1402929942393427,-1.220825756986985,1.324705422670068,1.0269174060027595
2019-02-28,965.47,1.6121300954006192,1.0,0.12193298652712083,0.6,0.8303569897847225,0.16249667266002307,-0.7406019341072283,1.1422230698225053,0.7614718738281039
2019-03-01,979.63,2.498439720402973,1.0,0.12309880823592666,0.6,1.215794518108907,1.0521240139679402,-0.9862380990338773,1.3734446630857917,1.009971699910418
2019-03-04,993.99,2.7824027756438543,1.0,0.12370537893662317,0.6,1.2008569470345154,1.2768199583086144,-1.2250912675139798,1.5992312402425144,0.9974147939328467
2019-03-05,992.45,2.722777083789266,1.0,0.11382718514561646,0.6,1.1852519622169362,1.170885362685159,-1.1819829636781496,1.648222082036112,0.9843867244388327
2019-03-06,994.49,2.758690746260467,1.0,0.10746825358995347,0.6,1.1716434665423625,1.1720103167713662,-1.2113167143193697,1.733190702903588,0.9727407120820643
2019-03-07,994.03,2.6242867003539345,1.0,0.10154901719299589,0.6,1.1516969634443948,1.0329519405843768,-1.0968073955992899,1.7237569198070897,0.9560014900766197
2019-03-08,985.25,1.892383017003363,1.0,0.11928645797924442,0.6,0.8722388585598574,0.3407684476279017,-0.7672439920234546,1.579611949230565,0.7602211518122179
2019-03-11,984.6,2.1050894846308124,1.0,0.1099477298116526,0.6,0.9195851117539205,0.6600790702995462,-0.7799828892785925,1.6312677160191136,0.8185089284587289
2019-03-12,1001.32,2.8137070346870536,1.0,0.11188922298567319,0.6,1.1418017893453716,1.463462004506242,-1.022568796179537,1.8483057245924488,0.9453311612920815
2019-03-13,1005.41,2.922521108458735,1.0,0.10632062767293145,0.6,1.1395244909790678,1.6167663627595676,-1.040181304324822,1.940046886742565,0.9432123840611234
2019-03-14,1008.44,2.9228654301763375,1.0,0.10104096086031251,0.6,1.1359942042091384,1.5572243075088343,-1.0367618096280533,2.0168073802874296,0.9402337780562329
2019-03-15,1004.12,2.3254190092985465,1.0,0.10385814048538775,0.6,1.0191746361752532,0.6773745799293023,-0.8139462998377098,1.9543976916222816,0.8682327745174331
2019-03-18,1011.86,2.53149067471125,1.0,0.09755698564999496,0.6,1.1342428233637705,0.9066206034551386,-0.8078161791034241,2.015546862670271,0.9375546533519102
2019-03-19,1006.59,1.9858882974935672,1.0,0.1098330582283265,0.6,0.903810759676936,0.4497735876498433,-0.5346181215285738,1.9007364696453466,0.7959782920658683
2019-03-20,1002.3,1.9380293490027922,1.0,0.10388445321720624,0.6,0.8819035315395712,0.46427731039195946,-0.45377651648037953,1.896610945910819,0.7890845021271697
2019-03-21,981.78,0.31004304762034474,1.0,0.1528431973701876,0.6,0.156091600098669,-1.159931915728691,0.1358465635757699,1.5770849705789136,0.4018014029292421
2019-03-22,988.71,0.16516500609728874,1.0,0.14052800844267438,0.2,-0.037921024916032435,-1.21180357981501,0.18357803073058826,1.5731551701820718,0.3907218884830224
2019-03-25,970.07,-0.9993751117535803,1.0,0.19535220452473628,0.2,-1.0760066533170978,-1.1910761979440583,0.8196200213587403,1.1716389790724766,-0.09268076920173984
2019-03-26,969.79,-0.5799749936786581,1.0,0.1747624329766582,0.2,-0.8239774691128972,-0.942182627290147,0.6052466563704638,1.28360585076811,0.023875641232252193
2019-03-27,975.91,0.050332366670077636,1.0,0.16121355980583768,0.2,-0.42998251413034067,-0.5726561505951479,0.30983858792587476,1.4499771370979853,0.20744218389037322
2019-03-28,982.98,0.23060870977891654,1.0,0.14463038850658355,0.2,-0.4015731712100403,-0.41955864170633705,0.19602609159460563,1.5075183386966922,0.2673966692015966
2019-03-29,980.76,0.11570904686345372,1.0,0.13655707637609726,0.2,-0.48834928102772046,-0.4727816008535047,0.23303718708235652,1.4767852684959133,0.2285722479495903
2019-04-01,988.53,0.4213115510872357,1.0,0.12454529542026486,0.2,-0.33922645878961444,-0.1591496667210887,0.12930676752727685,1.537372104593776,0.2935154108700525
2019-04-02,985.81,0.6009491871886808,1.0,0.11367108444753345,0.6,-0.30182618755319196,0.12002956666603701,0.06620294944369975,1.552673290530477,0.30947847357782543
2019-04-03,984.46,1.0828949085776867,1.0,0.10397521017936293,0.2,-0.2233478596023363,0.9785085909969424,-0.026054040481292815,1.586374420370994,0.3435227717250455
2019-04-04,986.91,1.539414106334495,1.0,0.0984538598648781,0.2,-0.009068196641611624,1.4201372558325034,-0.20487078045133347,1.6767830418323408,0.43817903048855866
2019-04-05,989.26,1.757869610694699,1.0,0.0923496088610282,0.6,0.13484808433070244,1.5139841949257435,-0.32450938553031583,1.7382639612692419,0.5017525863545403
2019-04-08,997.56,2.2226600112348582,1.0,0.09113366888319864,0.6,0.4781929909970455,1.6755364710396374,-0.552153293717919,1.8814138102602969,0.6519029378529865
2019-04-09,988.48,1.1407015265835723,1.0,0.11120071401832642,0.6,0.05327684037396416,0.2350463025362755,-0.33286983785027197,1.7183792016064456,0.4657777975293853
2019-04-10,981.91,0.22654753336666822,1.0,0.12570919892538837,0.2,-0.3432829879575981,-0.9135107370730056,-0.1490688141057566,1.571169706642874,0.29303607124752123
2019-04-11,985.95,0.5819839311792706,1.0,0.11528695830556723,0.2,-0.19550846920473017,-0.4951725304180931,-0.24421983052487328,1.6511765425897287,0.3579820871041472
2019-04-12,982.9,0.26584705341755654,1.0,0.11169711211292223,0.2,-0.2737403142110678,-1.0329548267455844,-0.20843169304366366,1.627956803149363,0.32337311785060857
2019-04-16,977.17,-0.07121259668720209,1.0,0.12066370193942759,0.2,-0.5015052845474679,-1.205533079476408,0.010189241164714194,1.4942823949649349,0.32520896806858823
2019-04-17,972.1,-0.6965837501635994,1.0,0.14017480130231996,0.2,-1.1087806579229023,-1.2050337259995563,0.32141449672457095,1.2714775423483957,0.10115150160763241
2019-04-18,962.3,-1.0535637823398145,1.0,0.1622795777008483,0.2,-1.1895675918737827,-1.2094161122321434,0.663711849158017,0.9989703591748321,-0.006542637551366473
2019-04-19,966.21,-0.7265058470588532,1.0,0.1459216995882588,0.2,-0.9934796360392899,-1.0092192126212143,0.4979165467236365,1.0904038363192137,0.07361001879518822
2019-04-22,965.86,-1.1023126464884387,1.0,0.14936835698657616,0.2,-1.197139982403954,-1.2150500491038119,0.6398083735480091,0.9531004403305496,-0.07163030676652667
2019-04-23,968.0,-0.6916567784379595,1.0,0.13660388523190373,0.2,-0.9590272022662133,-0.9554496608068767,0.4370632924609959,1.0699003973252257,0.031624885076756606
2019-04-24,976.92,0.04096100077606865,1.0,0.13018820699407274,0.2,-0.534014300464717,-0.39762056937735446,0.1487608713276708,1.2610052481823335,0.20948727109475637
2019-04-25,974.13,-0.43625148714662954,1.0,0.13477895030663425,0.2,-0.8434123410644847,-0.7434390073837622,0.2816028081419133,1.1283294523379184,0.07350379222429254
2019-04-26,979.64,0.2769682010776624,1.0,0.12728165804571695,0.2,-0.479787792636638,-0.06795162714776476,0.024822181120670247,1.2866710083260706,0.22127928458651241
2019-05-02,978.5,0.08987291355917314,1.0,0.12602459018190448,0.2,-0.6744682119681171,-0.03263526237579648,0.0873294353794885,1.199729524653884,0.12971796745449074
2019-05-03,974.14,0.1719436694866759,1.0,0.11968239510176862,0.6,-0.7585489407019359,0.3161202217406646,0.06102820505456579,1.1606737705585914,0.08097626558191494
2019-05-06,957.97,-1.5069414740630749,1.0,0.17620072323885794,0.2,-1.282913032550942,-1.31304752971592,0.6814463294562062,0.6779323948323915,-0.4300184065259802
2019-05-07,957.56,-1.4501096011776928,1.0,0.15586860956077525,0.2,-1.2661843484077853,-1.2687971308219383,0.5939047846892025,0.6901647055033567,-0.44532075905518953
2019-05-08,951.22,-1.582453801187007,1.0,0.14842202619013256,0.2,-1.2937479958967528,-1.3204093340058447,0.6180674131091248,0.6182908328886382,-0.5522110069917906
2019-05-09,947.01,-1.5755371917950112,1.0,0.13559249068372745,0.2,-1.2971363784695065,-1.321441146205328,0.5330071793290341,0.6107903796661739,-0.5933212175483452
2019-05-10,952.55,-0.8225379517546378,1.0,0.12758064944343228,0.2,-0.9705974228205629,-0.8417592856066248,0.20213045393558743,0.7708890639858582,-0.2205788040964503
2019-05-13,958.54,-0.3149827262463982,1.0,0.11798214134647521,0.2,-0.7194152717949228,-0.49488572981558465,0.0030628889179782144,0.8654353730065009,0.008360903351372996
2019-05-14,965.34,0.1396001348645745,1.0,0.11065421281670798,0.2,-0.4763635822999156,-0.09970413569440036,-0.16217184415616362,0.9713658885132711,0.1169394753721887
2019-05-15,975.64,1.5050695970645656,1.0,0.11493636943933079,0.6,0.3063074624805925,0.951105317198759,-0.6286134901678443,1.2820078888986792,0.524040494867195
2019-05-16,975.69,1.6687001025882149,1.0,0.10587114533456031,0.6,0.5876926288892766,0.8550337761891799,-0.5988600156632092,1.2837160590212822,0.7019852782107998
2019-05-17,976.48,2.105951998078798,1.0,0.09716882106526363,0.6,1.2711689752109077,0.7661247556731061,-0.5988311199035207,1.296918085224502,0.9916112839331687
2019-05-20,987.13,2.343169257441718,1.0,0.09660648459947717,0.6,1.2507826157311046,0.968483279121684,-0.8387671543897531,1.4618986354284065,0.9759491432843391
2019-05-21,986.29,2.1303560229406573,1.0,0.09520283213264316,0.6,1.1409564224170028,0.8030877407269412,-0.7451947324006356,1.4152618131662027,0.9229033786809917
2019-05-22,983.78,1.9102821628556945,1.0,0.09746037270856384,0.6,0.9435513412636439,0.7995271767985244,-0.6295107037620881,1.3389123705247747,0.8327767103116316
2019-05-23,982.71,2.0978000626872615,1.0,0.09132120694931262,0.6,1.109667754129388,0.8788568217759452,-0.6867881508279605,1.3866104641287775,0.8951154702960316
2019-05-24,970.03,1.4410893411888424,1.0,0.10439667980931906,0.6,0.6648054296402308,0.4842040425961596,-0.4413336669515631,1.2268943421320715,0.6999923842819009
2019-05-27,975.14,1.7199033598957598,1.0,0.09656223341639161,0.6,0.7983600681013665,0.8982519113076075,-0.42821200823371725,1.2640929248442492,0.7497249157047219
2019-05-28,972.0,0.9842736693030052,1.0,0.09266126246333946,0.2,0.7623052444372791,-0.5262547411022074,-0.33149928611223883,1.243451929626158,0.7273072470561828
2019-05-29,971.54,0.6635255558809521,1.0,0.091208349339908,0.2,0.675727815349649,-0.9216013576259778,-0.20140768085626043,1.20626902297136,0.6836797525898494
2019-05-30,969.34,0.2049490924956141,1.0,0.09297164327163993,0.2,0.5075501819477752,-1.4292176409275823,-0.02510424297021925,1.1434163786230034,0.6056525977120134
2019-05-31,959.88,-0.7474440547995667,1.0,0.12385193020958997,0.2,-0.3537264602259339,-1.4302810047566858,0.511442732078386,0.8471878137791881,0.23555705024050302
2019-06-03,946.47,-2.018164723176991,1.0,0.16184106414950852,0.2,-1.5118601608615672,-1.4175515584706029,1.1936761538980205,0.4421677017189359,-0.27963429528431477
2019-06-04,951.16,-2.1289385905693288,0.0,0.14903249445358618,0.2,-1.5783728507325374,-1.4082586197835139,1.2502057469081427,0.3992159972548073,-0.34554352349377654
2019-06-05,951.41,-1.8391740420395029,0.0,0.1338591004574697,0.2,-1.3882490335294742,-1.2496218177324543,1.0722730797478541,0.45803972837959467,-0.2802589851504388
2019-06-06,948.21,-1.930728097474696,0.0,0.12607152603443977,0.2,-1.4621218528016646,-1.3064526827302405,1.0469123979697503,0.4208444468748238,-0.33297636668777036
2019-06-07,958.28,-0.69898777633248,0.0,0.12510303536409112,0.2,-0.6585208991063287,-0.616350291504079,0.4948652737437421,0.7128730043221275,0.02879621114846842
2019-06-10,962.9,-0.1903941072874747,0.0,0.11590204101600309,0.2,-0.3704196663535069,-0.2722582188098867,0.2521084633269485,0.8136790089399014,0.15624887064726015
2019-06-11,962.07,0.33691423454053593,0.0,0.10807767331978298,0.6,-0.09500555505142515,0.14607073825706263,0.027781599210363186,0.90954358047081,0.28054972922390004
2019-06-12,954.17,-0.08163963954929915,0.0,0.11463982581543532,0.2,-0.43712390778338717,-0.008563968532181266,0.17410973511361869,0.7761939751488852,0.12056280157707149
2019-06-13,950.08,-0.32674113003358807,0.0,0.11629120451127055,0.2,-0.681452419749471,-0.0384867888709165,0.24574338412232966,0.6804159611918139,0.0056576324002491395
2019-06-14,953.61,-0.11185638514428956,0.0,0.10578106123705258,0.6,-0.5975312037189341,0.15586303337309568,0.1316749077832254,0.7068389973940737,0.04151557220556332
2019-06-17,946.95,-0.9808989703147745,0.0,0.11949627259590401,0.2,-1.0802176583038348,-0.6577216059418483,0.36874145465368713,0.5144598994954223,-0.15286405047405258
2019-06-18,944.01,-1.3523628354159116,0.0,0.11806810102800623,0.2,-1.260990132441112,-1.1188361829672007,0.3929426216544265,0.44255208607122376,-0.23907300507439486
2019-06-19,949.69,-0.5886664504557596,0.0,0.1110513789272257,0.2,-0.8956625795501691,-0.416542777376547,0.09319326081404257,0.5703538121646118,-0.07925768305064157
2019-06-20,959.18,0.49212805222124656,0.0,0.10677747028995599,0.2,-0.3117437675336285,0.5007824075989894,-0.24023583060021764,0.7322803023444222,0.2551461489596971
2019-06-21,959.2,0.388411721319892,0.0,0.10199869803399511,0.2,-0.3602576313429232,0.3805820384397685,-0.2267532057354457,0.7091702307243122,0.2272852174217217
2019-06-24,962.85,0.5582229868778718,0.0,0.09376191199747283,0.2,-0.26477815231879503,0.610437198847372,-0.22134647159920032,0.7297247366505941,0.2605105123514193
2019-06-25,960.13,0.9710698650470633,0.0,0.08710189695224133,0.2,-0.09066939168824156,1.2181324921996752,-0.23185375010742085,0.7651844504385731,0.3369758035326555
2019-06-26,959.13,0.43439389219237884,0.0,0.09306469176247352,0.2,-0.3077457358204274,0.6183341276889246,-0.02987195331067881,0.6632081891332594,0.28237316459414635
2019-06-27,943.11,-1.2071521753420626,0.0,0.11761819141925887,0.2,-1.0911213485846425,-1.3993432870607712,0.447223201157459,0.3876653891021324,0.2403151444256352
2019-06-28,949.94,-0.03091792756495723,0.0,0.11206056656933602,0.2,-0.29236720384574144,-0.3047759165296036,0.15706818007666337,0.5521933473754864,0.43580252126502317
2019-07-01,965.61,1.1771962622851098,1.0,0.10770720379567088,0.6,0.5316767692802188,0.8132472221831869,-0.13694984492696113,0.721985867262465,0.637449987450341
2019-07-02,961.98,0.5314066472076655,1.0,0.11122531649050427,0.6,-0.05810252213221905,0.42960679441247696,0.01962758784636629,0.6061728796972927,0.4945290921894018
2019-07-03,960.39,0.3466886485086441,1.0,0.10650941991859339,0.6,-0.20457439133045735,0.29317932765665333,0.05365367502286077,0.5709123144127694,0.4488159963254137
2019-07-04,973.04,2.08066014326621,1.0,0.1069793138007076,0.6,1.1403456306433637,1.6755364710396374,-0.3722766500089938,0.838803043761014,0.7663403182488038
2019-07-05,975.34,2.149419795195532,1.0,0.0992738091183766,0.6,1.2059600636070837,1.6284064711378752,-0.45683493968533007,0.9033690689452463,0.7742324980053636
2019-07-08,966.35,1.4042526749049058,1.0,0.10285143974831928,0.6,0.7295375829916199,0.9578166839636685,-0.2344092607450986,0.7943807694709036,0.653512167586086
2019-07-09,969.05,1.8717348245557868,1.0,0.09712333662555425,0.6,1.1785418369454241,1.203445513906062,-0.3404635789206807,0.9002991207901153,0.7747127424400955
2019-07-10,973.65,1.7664509236317631,1.0,0.09132867452216928,0.6,1.161645980441626,1.0436411438416193,-0.2941176794927611,0.9049771309886535,0.7849094881415987
2019-07-11,978.63,1.7157805235580965,1.0,0.0856155305243742,0.6,1.1431465128084426,0.8853565231416007,-0.3567137086451573,0.965318545729857,0.7838304869219168
2019-07-12,975.4,1.448927136237601,1.0,0.0857677940440963,0.6,0.9768215093966428,0.7103289664229046,-0.24052020188812895,0.9139418882925957,0.7272069117842024
2019-07-15,972.53,1.0834154914365408,1.0,0.08740690249832817,0.6,0.743259191182326,0.46138839812378696,-0.09936489958380576,0.8406065629067321,0.6430879103581187
2019-07-16,982.11,1.3733394661254266,1.0,0.08291018273179816,0.6,0.7890294580802905,1.025285735811886,-0.0864632982535036,0.8492816350033213,0.668548382126824
2019-07-17,982.57,1.7958197501390085,1.0,0.07997438707095089,0.6,1.0882281763079198,1.3066670116602923,-0.22157410408728098,0.972268240564452,0.7950917501874184
2019-07-18,976.05,0.10807541903524548,1.0,0.08993078057350308,0.6,0.44563523059250953,-0.7996810151017475,0.16138501245097445,0.7532304595441464,0.5180722960354033
2019-07-19,982.34,1.145362595756875,1.0,0.08588653750074716,1.0,0.8372039623265475,0.6474626354224462,0.030668622558207393,0.8768293823112489,0.6748084585947669
2019-07-22,982.04,-0.49775387973809937,1.0,0.0942460964196773,0.6,0.2859244650670648,-1.624357162133687,0.30609591590000035,0.6739791859677393,0.4265555086498988
2019-07-23,989.46,0.7935443595335276,1.0,0.09003997460162043,1.0,0.7382062841219827,0.17057670855377718,0.11019510895997503,0.8215811886600973,0.6121693234282201
2019-07-24,988.41,-0.6844838958742812,1.0,0.09953353247129051,0.6,0.11749063083642065,-1.5987497730496034,0.4371017223692345,0.586839166506099,0.3367596976402926
2019-07-25,994.95,-0.19595383257966212,1.0,0.09245947732501593,0.6,0.11375132726849432,-0.8406670376008976,0.2941577063339346,0.6594553481236014,0.4301050079279616
2019-07-26,993.35,-0.9136789362701595,1.0,0.09392270312958974,0.2,-0.3862148493929939,-1.5560509828390345,0.39687118451887277,0.5442217853347323,0.3031648965039951
2019-07-29,997.94,-1.1275481036696893,1.0,0.09329315393005672,0.2,-0.66702618395257,-1.5273392892421152,0.4664452668795057,0.46054046559913075,0.21655591485484743
2019-07-30,986.02,-2.1595560695844407,0.0,0.11243061972430159,0.2,-1.7247413638215392,-1.4993873570340472,0.9416726566324822,0.06882977514180737,-0.21980710087103844
2019-07-31,991.66,-1.8664041072725779,0.0,0.10230905050644301,0.2,-1.5407070850191127,-1.3142451824308947,0.794237044828376,0.10643774063422341,-0.1604309069864793
2019-08-01,997.39,-1.3187140802443331,0.0,0.0951624183640666,0.2,-1.1770420359788905,-0.9633046031455094,0.5597930957152968,0.20437380978205147,-0.035269367741962473
2019-08-02,991.1,-0.8439367149325427,0.0,0.08855227537982972,0.2,-0.8946254338844913,-0.6078557551737462,0.36141133586186924,0.2823615840332256,0.06320483360533795
2019-08-05,973.15,-1.8349578922406786,0.0,0.09729276801670868,0.2,-1.5950619253781735,-1.38949384189445,0.5957816748611271,0.0634327844765378,-0.17807726269467655
2019-08-06,964.61,-2.1950459049168045,0.0,0.10792435279179823,0.6,-1.607782768677967,-1.4087471180226356,0.8953574493855506,-0.2079805717361573,-0.4815329203675547
2019-08-07,965.93,-2.167649665400415,0.0,0.10393487136041647,0.6,-1.578598605985665,-1.3842861820482786,0.8244917857793493,-0.25822155957609383,-0.535016073232978
2019-08-08,975.24,0.36821369983092667,0.0,0.10871621605513616,0.2,-0.19327619924496275,0.586489949274799,-0.1331966160437311,0.3226619422808073,0.12972203098625237
2019-08-09,974.34,1.5860812539867168,0.0,0.10517901094449644,0.6,0.5188210553032232,1.4156113451237005,-0.6299249312637254,0.612844374237412,0.4686196975676015
2019-08-12,975.31,1.6945070983806265,0.0,0.09657342787073186,0.6,0.675174079851309,1.2753355884856512,-0.7251937989442385,0.6668693861565649,0.53957520270252
2019-08-13,966.83,0.5930422645433964,0.0,0.10729877470260289,0.6,0.016284931395010943,0.476454209319905,-0.3492633280757597,0.37989936836916904,0.2268645872175792
2019-08-14,968.91,0.9520517142629978,0.0,0.09825851808044779,0.6,0.3082957563482397,0.6151523845961648,-0.4525756349958407,0.43488496684670525,0.39717173322372845
2019-08-15,979.38,1.6274760237724617,0.0,0.09350638654518209,0.6,0.7825571971826849,0.9669893327826135,-0.7215439275844758,0.6093930946249551,0.6042477673848748
2019-08-16,980.0,2.201816070816837,0.0,0.08903958201669294,0.6,1.2680374855507166,1.138776105693659,-0.945465204155008,0.7649895756067706,0.8161855617141258
2019-08-19,981.03,2.0163131130986733,0.0,0.08720923004822388,0.6,1.1609177060331013,1.0111134789484757,-0.862495101108774,0.7166541467355019,0.7706906019006213
2019-08-20,984.67,2.605821940163418,1.0,0.08650451980586296,0.6,1.2584512666232903,1.6755364710396374,-1.1695580402121184,0.9814529801725236,0.8110895721871801
2019-08-21,994.38,2.3902078188898632,1.0,0.08065904208593629,0.6,1.2497924081399805,1.2490856043654337,-1.1266448684536856,1.009922153260514,0.8067226859133162
2019-08-22,997.26,2.2854598852660377,1.0,0.07614647959293151,0.6,1.2394488561539863,1.0818616570806268,-1.0738529315142324,1.027610980439313,0.8013084252939573
2019-08-23,992.45,1.682998160985547,1.0,0.08134554345688784,0.6,0.9668816215435052,0.5948607774709491,-0.8006610446027943,0.8812171936720213,0.6503744966214229
2019-08-26,982.88,0.3734251191370562,1.0,0.09695478986898617,0.2,0.3362714675713697,-0.4694009147088389,-0.2760068561164864,0.559328026700812,0.3026171469072476
2019-08-27,976.79,0.30360887717372953,1.0,0.09170255160517565,0.2,0.34710849895630597,-0.5478531497249883,-0.18712254547828405,0.5577569407363644,0.30891274060245066
2019-08-28,977.26,-0.33585576478439844,1.0,0.09229896865919879,0.6,0.1656105002848151,-1.3530546631154108,0.03758285255514392,0.4639451911787648,0.21009174494533545
2019-08-29,978.59,-0.23183073295426931,1.0,0.08666452905859022,0.6,0.220645482637312,-1.2384045019342458,0.03618944879342523,0.48694376565364045,0.24078045248720162
2019-08-30,984.06,1.2056788502853841,1.0,0.08722806756989412,0.6,0.8953287866105691,0.11060763343126481,-0.4166191314303146,0.8079948862585186,0.6081290149468361
2019-09-03,979.36,-0.8654237442455067,1.0,0.11879473520807114,0.2,-0.2617849105946353,-1.3057645315565705,0.39628193787491206,0.2452641809073735,-0.019744532607812497
2019-09-04,977.63,-1.0177579276753144,1.0,0.1136040305198228,0.2,-0.39475707850418795,-1.2831621524372043,0.4910155130836998,0.18175448954445206,-0.09076182350602906
2019-09-05,976.79,-1.5779574958402935,1.0,0.10626147108304902,0.2,-1.5427226443579791,-1.2615886844256774,0.4820666310636503,0.17939561029604711,-0.09470468095652698
2019-09-06,974.08,-1.586020759712798,1.0,0.1015078660737356,0.2,-1.5139893863921796,-1.2402665634026515,0.49900089163004313,0.14930133982247712,-0.13048172752206352
2019-09-09,974.12,-1.7200390161880545,1.0,0.10209102806168235,0.2,-1.4860513527963444,-1.2266421496501942,0.6200449124411187,0.03302161200531827,-0.26467397705645723
2019-09-10,970.26,-2.261805605222524,1.0,0.11837993535522306,0.6,-1.4615998619844661,-1.228633561817577,1.1148515874594707,-0.34623518851592955,-0.6966141769092669
2019-09-11,969.31,-1.9403212882478695,0.0,0.10772440751457865,0.6,-1.3064412510310515,-1.0715099989378207,0.886654511252803,-0.2678017473588305,-0.6157958029067337
2019-09-12,976.07,-0.5602147880118583,0.0,0.10583104857977173,0.2,-0.5733251907049759,-0.17959312194622332,0.24890572721063275,0.10125698474792932,-0.20725093205490633
2019-09-13,987.22,0.3234251256313042,0.0,0.10083341528288214,0.2,-0.12563269634952268,0.44619585366072023,-0.14829446981385466,0.3267926816248416,0.043051480772379865
2019-09-16,989.86,1.1832491067151811,0.0,0.09480169067209916,0.6,0.17383051754315285,1.4633859027257743,-0.40975155519827516,0.47597230641504307,0.2109190430180805
2019-09-17,996.74,1.5006803328698328,0.0,0.08913774607200604,0.6,0.4267709083927384,1.4757670948915542,-0.58238777471857,0.599704608304357,0.35232836081933605
2019-09-18,995.15,1.1525253519782475,0.0,0.08892666120661853,0.6,0.2903656537453022,1.0883483354997376,-0.4815647848246258,0.5295308021525121,0.2768806749991605
2019-09-19,997.1,2.0031513452554965,0.0,0.08807160474016353,0.6,0.8759955434292749,1.3850542172132392,-0.868011725025807,0.8161733036368022,0.6015408781188993
2019-09-20,990.36,1.8240708248165358,0.0,0.08823924371917251,0.6,0.9541595247401999,1.0274885511246268,-0.7301898907437145,0.7383788739444209,0.6685421819984917
2019-09-23,985.75,0.7896821058161934,0.0,0.10262139949404789,0.6,0.3256817633936105,0.38245313110256396,-0.31300372225605627,0.42148815309064797,0.381032866833716
2019-09-24,988.13,0.9534240341851788,0.0,0.09584394689603067,0.6,0.36754150758948534,0.6490222390168954,-0.326549086100474,0.44380760491339016,0.4013953117876107
2019-09-25,987.3,1.6470586711379536,0.0,0.09192765387815133,0.6,0.8625845328869494,0.9594773176193532,-0.6012512365184189,0.6590154825741065,0.6352069604508357
2019-09-26,990.75,2.056438425669904,0.0,0.0870681984662964,0.6,1.1996498297373503,1.062709926481298,-0.7578178078621954,0.8076250483259797,0.7941347122438199
2019-09-27,997.84,2.3739482190844985,0.0,0.08222279952270224,0.6,1.459379146028796,1.1638285808120041,-0.8591371028118251,0.9265670731855028,0.9173573775985046
2019-09-30,996.56,2.3532938521738855,0.0,0.07792347205779361,0.6,1.4586140792619835,1.131963765046743,-0.8242181303793924,0.9627756536194229,0.917825663856388
2019-10-01,999.59,2.5097924833895404,0.0,0.07491339870036923,0.6,1.4555424969129616,1.3117742128669825,-0.8934633586998525,1.1112501244521353,0.9172115621538348
2019-10-02,991.19,1.8119894292904966,1.0,0.08123414007664058,0.6,1.1377517746551071,0.7436258100713113,-0.5583202015018002,0.9701530241705808,0.7478906126221395
2019-10-03,992.45,2.154287955373314,1.0,0.07693440634024976,0.6,1.3427349018329289,1.015635259756019,-0.6217168554352402,1.0891956576935409,0.8574294391767701
2019-10-04,987.59,1.436831314753338,1.0,0.08331262910292266,0.6,1.0093698637884014,0.38931694160836394,-0.33131824168196,0.9367640794107888,0.6787845288101989
2019-10-07,983.09,0.578905862835909,1.0,0.09123650454177408,0.2,0.5848342798647767,-0.3298822116187935,-0.008591654247239228,0.7357886236056896,0.451236708046659
2019-10-08,988.22,0.4419946199730812,1.0,0.08444932788513272,0.2,0.659118445693976,-0.9100998479903416,-0.08188897145600196,0.8096062405348219,0.5108521532142315
2019-10-09,987.83,0.8656117951749478,1.0,0.07957499131784121,0.2,0.6356046651777554,-0.25982193934084413,-0.19719292396376104,0.9307308406321999,0.6173278058493329
2019-10-10,987.38,0.7486953469170257,1.0,0.0769088910271575,0.2,0.3762605572605252,-0.24922289058594022,-0.19938035592798015,0.9474478391389927,0.6173202400161948
2019-10-11,991.84,1.6182774547898813,1.0,0.07424401995338452,0.6,0.8810504214571394,0.6521087295467247,-0.3915016381105032,1.1155331119242176,0.7703176817692716
2019-10-14,993.57,2.390692649211843,1.0,0.07210156925598132,0.6,1.4756377968459244,1.2942451162400668,-0.5427643429408827,1.2870929449272137,0.9081732632671053
2019-10-15,993.05,2.362092513462397,1.0,0.06940215802417246,0.6,1.4534901771308066,1.3036077890738467,-0.4910593342070249,1.3125064547822978,0.8966513624319343
2019-10-16,994.46,2.115054011226849,1.0,0.06215517963335117,0.6,1.3675646030170032,1.0050838193253129,-0.39964771182497993,1.2737729147834367,0.8639549994431225
2019-10-17,989.82,1.7458413176874275,1.0,0.06299967541542374,0.6,1.138713895837538,0.7118519495603438,-0.25709469497307635,1.2055908768370192,0.7924251355255805
2019-10-18,989.2,1.7616727750358383,1.0,0.06060496847023498,0.6,1.1852304026186584,0.7142733310865906,-0.24043839354175395,1.2051550381772969,0.7925108790426729
2019-10-21,983.56,0.6934327354847702,1.0,0.06778361298643777,0.6,0.4472966650758912,-0.18713300079274056,0.05645493646030091,1.0112799229042964,0.5917185605884225
2019-10-22,987.19,-0.5652113120524713,1.0,0.07122214990095839,0.2,-0.676008523618317,-1.3184491423503764,0.23620942385338195,0.8804825657618125,0.44999941491910245
2019-10-23,987.79,-0.6081114227476858,1.0,0.06884329477544292,0.2,-0.7209872834059176,-1.3087497269492268,0.25380025618285357,0.8658496514591961,0.42771440335590355
2019-10-24,993.6,1.945500072378899,1.0,0.07213461561746935,0.6,1.3626255020383062,0.8697118449201865,-0.2939956612055196,1.2205707947820446,0.7903612862341983
2019-10-25,996.57,1.2740109125417358,1.0,0.07328215174787729,0.6,0.8397296961389298,0.3372386009236273,-0.10945298554274102,1.1127478936334279,0.682441572434609
2019-10-28,996.48,1.2818033743655202,1.0,0.07001151716524111,0.6,0.8675369881371684,0.4085049854480964,-0.044283988905324166,1.0998212585280458,0.6790325893202342
2019-10-29,995.87,0.4095754472592038,1.0,0.07263026857400044,0.6,0.19032784762874722,-0.2679420833067596,0.21907155847930557,0.9658024101301879,0.5478130381009552
2019-10-30,1000.89,1.6185847988004407,1.0,0.0703552677480242,1.0,1.149273829277233,0.8356738319102472,0.005669592091135891,1.1146090868385936,0.7386219439920114
2019-10-31,998.82,-0.3495652223563751,1.0,0.07937739957678357,0.2,-0.3195520957241185,-0.8340124763941119,0.5449285503371043,0.8444310290009294,0.44598945724820843
2019-11-01,1015.59,1.1526300473419382,1.0,0.07693852749028879,1.0,0.83602996980015,0.4810530015803171,0.2266091239658275,1.0308545237969893,0.7121641437499
2019-11-04,1022.43,1.4284330680601713,1.0,0.07167661318659425,1.0,1.0489788391893677,0.6924660115947384,0.17856109303231846,1.0586474395274081,0.8054108233025592
2019-11-05,1024.34,2.032008926294459,1.0,0.06777885776687043,1.0,1.2929789876139357,1.4367484731742863,0.001103131815708498,1.136800100488903,0.8824139400800199
2019-11-06,1024.91,2.278531204338514,1.0,0.06478108134042654,0.6,1.2736983507978046,1.6755364710396374,-0.21933130591941585,1.2347863729477173,0.9139361211770697
2019-11-07,1024.03,1.8056473664025925,1.0,0.06467067835820388,0.6,1.025160262937637,1.1557691735766606,-0.08782347589938594,1.1670253898550107,0.8581692660762776
2019-11-08,1022.49,1.542876355986701,1.0,0.06376886206616793,0.6,0.8824871685782955,0.8868308835125283,-0.011737159901924529,1.1192189056359079,0.8223138564045586
2019-11-11,1016.75,-0.40697702699961646,1.0,0.07332639438338345,0.2,-0.49677914533769535,-0.621516826497223,0.5461206188842308,0.8370283726257588,0.3741003469045558
2019-11-12,1018.33,0.8401462965961886,1.0,0.070600149822596,1.0,0.37041385849110847,0.47480978929338763,0.2638621342049651,0.9848538718915019,0.6464751263160453
2019-11-13,1012.77,-0.7713965645921049,1.0,0.07657777291490961,0.2,-0.716701343680629,-0.8148800825376344,0.724064633659381,0.7570847175681319,0.26471322861805924
2019-11-14,1012.3,-1.1878788085324317,1.0,0.07404677050774183,0.2,-0.8391530242167392,-1.4715036818194687,0.7418011777605021,0.7163962124480455,0.2062937307991222
2019-11-15,1010.03,-1.9039013175420627,0.0,0.07714170260170601,0.2,-1.6268881154657056,-1.4476963436662607,1.0241051767772873,0.5432285702990018,-0.09488723830321062
2019-11-18,1002.91,-2.5263049800723283,0.0,0.08322804425735206,0.2,-1.8638805333422912,-1.4486833443618243,1.4528563035078015,0.2852330155890181,-0.5680799244282627
2019-11-19,1008.35,-1.3465886430362528,0.0,0.08003864958043785,0.2,-1.0503967552284879,-0.749694825698839,1.0074407848896936,0.4864826342333345,-0.19272509247024194
2019-11-20,1000.56,-1.9940921428584997,0.0,0.08063013103419109,0.2,-1.5015234344436288,-1.133367111524954,1.1700722333913334,0.3478129362542925,-0.45063339058260105
2019-11-21,987.89,-3.288367631857131,0.0,0.09553759408663162,0.6,-1.8690927814149527,-1.4606574346042136,1.9706098815587665,-0.1452107544623532,-1.374646452055478
2019-11-22,977.78,-4.597292712250622,0.0,0.11970340713104367,0.6,-1.8362699998178333,-1.4364532491563569,3.0,-0.9030463971960211,-2.73071221656159
2019-11-25,976.35,-4.751836771121483,0.0,0.11763095905993932,0.6,-1.7985565385577034,-1.4113187547540103,3.0,-1.11954492295686,-3.0
2019-11-26,976.79,-3.915481599657263,0.0,0.1094351885100667,0.6,-1.4606012381866766,-1.1071712004132774,2.465273509327741,-0.890700680987484,-2.5690207074087366
2019-11-27,978.17,-3.3642987724267885,0.0,0.1003992716561301,0.6,-1.2781084679036605,-0.9363018327454294,2.0044313502887143,-0.7731377099141248,-2.3111009932308733
2019-11-28,970.39,-4.088396663898196,0.0,0.10396287325641697,0.6,-1.6317537950308676,-1.2743066363574076,2.217706234528914,-1.0699756681209756,-2.7452990497931387
2019-11-29,970.75,-3.1470628737508317,0.0,0.09811176005832571,0.6,-1.2880132045981787,-0.9157534270018238,1.572428170121219,-0.8269551519958536,-2.2797087364084296
2019-12-02,959.31,-4.392085521236509,0.0,0.11374398050866666,0.6,-1.6720802423268564,-1.3277092509401518,2.276098215568207,-1.4269926816751464,-3.0
2019-12-03,953.43,-4.328630269545192,0.0,0.10816909865162286,0.6,-1.6429135419793726,-1.3058337824830497,2.1290303681884257,-1.5188514622538793,-3.0
2019-12-04,965.9,-2.204006505693329,0.0,0.10868198397540742,0.2,-0.9552082581525138,0.07399836234294438,0.9677567089730569,-0.8979838908233911,-2.1253963352736847
2019-12-05,963.27,-2.1249388745183575,0.0,0.10401106936401636,0.2,-1.0462312356726169,0.4830363374357059,0.9339185563106543,-1.0067117146115891,-2.194725304243466
2019-12-06,963.56,-1.2880780447658984,0.0,0.09665559056238805,0.2,-0.806831358692468,1.0134193546886303,0.49311213036077867,-0.8225677560881327,-1.7304682264177538
2019-12-09,966.06,-0.7846049133138635,0.0,0.08971207393449973,0.2,-0.6356504458425417,1.2694442346118038,0.1707008030767748,-0.6760273164880141,-1.4962534477686371
2019-12-10,960.3,-1.3151362184652657,0.0,0.09216929471273687,0.2,-0.800941796443053,0.5811423659400384,0.3634168602566319,-0.8993651559497475,-1.4458167334421559
2019-12-11,961.78,-1.1368950219139151,0.0,0.08622645181984605,0.2,-0.7617122103792784,0.669638260844595,0.19593483681058044,-0.8778698141820215,-1.366220944266088
2019-12-12,968.17,0.6963081752987585,0.0,0.08737491408755939,0.2,0.015571928926929025,1.5803798133006086,-0.6393140804201182,-0.36210071714833103,-0.3310852335438842
2019-12-13,966.18,0.5382029567523492,0.0,0.08285351342167718,0.2,0.03141080347222652,1.232428079364616,-0.5765748721497396,-0.37128716648137433,-0.2947519574211017
2019-12-16,961.47,1.1287472802800502,0.0,0.07872385645161205,0.2,0.3098918822826045,1.6131700448716733,-0.7592605727772078,-0.1764141321157843,0.000891674600691008
2019-12-17,954.03,-0.4564860965868184,0.0,0.08907376791103634,1.0,-0.15156361917040204,-0.08993547507746506,-0.09560189174331239,-0.5778471127411945,-0.3857664433495419
2019-12-18,951.13,-1.5292941048017235,0.0,0.09882546519759333,0.6,-0.5006725627851196,-1.3037959355442865,0.5523268580137651,-0.9975593156919484,-0.23090024762366057
2019-12-19,952.26,-2.258010636275793,0.0,0.10221096823562456,0.6,-1.065704077482227,-1.2829825294745598,0.998149409021784,-1.277240525638847,-0.5315217235413423
2019-12-20,956.41,-1.2902507844878173,0.0,0.09623450973145271,0.6,-0.5231402756250604,-0.7208671896399279,0.5699075480919836,-1.02428341569108,-0.16509719052843055
2019-12-23,959.43,-2.0292251536417876,0.0,0.09612893013289797,0.6,-0.9278621681266246,-1.1674118684073727,0.8901108133282042,-1.2086175451330365,-0.45053546040795583
2019-12-24,958.88,-1.1359192996782137,0.0,0.09112348812873657,0.6,-0.3878878690378785,-0.6475378616188601,0.5744007819958924,-0.9606998792728486,-0.08527432828178949
2019-12-25,960.92,-0.3023874711779841,0.0,0.08640837053176165,0.2,0.10571717988684641,-0.16946732922837235,0.2524160070534453,-0.7343251301510153,0.24579197621729745
2019-12-26,958.59,-0.8623638349642407,0.0,0.08644921978975037,0.2,-0.2263722666594879,-0.4247359578739924,0.5145092962261276,-0.889723387326385,0.012265949921104071
2019-12-27,963.51,-1.0314606397697836,0.0,0.08324836404069623,0.6,-0.3437843058102269,-0.4515247533111849,0.5977450046731918,-0.9466674078283492,-0.07377812288212732
2019-12-30,965.03,-0.38390493987029933,0.0,0.07744274567867704,0.2,-0.12621451870508846,0.44826818535842305,0.4526859444029792,-0.8606551746976518,0.06368503941500324
2019-12-31,960.99,-0.8315181695652,0.0,0.07679198324355148,0.2,-0.6832121857383912,0.5201542041900588,0.6402289714546311,-0.9806593840083224,-0.09384811562389346
2020-01-02,966.67,0.8800896310449247,0.0,0.07720376030179076,0.6,0.4047492206093022,1.6047600335288899,0.04092074863369376,-0.5613109649331959,0.523104930568378
2020-01-03,965.14,-1.1388949199364338,0.0,0.0878973362856271,0.6,-0.7171129179602524,-0.01727262255023136,0.6942530381363378,-1.0309401565553376,-0.14504573995793898
2020-01-06,955.79,-3.426463739510312,0.0,0.10536282570196644,0.6,-1.6974603190320552,-1.4212677918680072,1.6578084257120365,-1.7617177301115785,-1.1946963255311311
2020-01-07,958.88,-2.2531487786116915,0.0,0.09937528976896301,0.6,-1.103491087367454,-0.5928837639546704,1.11160122248344,-1.5102075171760312,-0.8001217418697092
2020-01-08,948.98,-5.4001916697689385,0.0,0.1477017908753616,0.6,-1.7067707588969658,-1.435434560510325,3.0,-3.0,-3.0
2020-01-09,960.15,-3.5219457275040744,0.0,0.14212524912272473,0.6,-0.8708465029410281,-0.5236510458353449,2.018278524093122,-2.3854608684174914,-2.1412600325984856
2020-01-10,968.54,-3.0960852428461196,0.0,0.1281646850588803,0.6,-0.7022082165157121,-0.35540640985446925,1.7174609381592667,-2.253149098514203,-1.9593350588703462
2020-01-13,965.84,-4.129938627659538,0.0,0.12735546399924214,0.6,-1.0967153060082129,-0.7991903939791257,2.119403461321911,-2.65520320187418,-2.6176445592865694
2020-01-14,967.0,-2.4708521562847334,0.0,0.11672812564294492,0.6,-0.4704396867508637,-0.29199643939024095,1.399104363321937,-2.2296021378442012,-1.248698654944694
2020-01-15,967.56,-2.359602027838581,0.0,0.1067158666861886,0.6,-0.45361238740374116,-0.19705980722811103,1.2548121386718512,-2.221994922891677,-1.2639436475144892
2020-01-16,974.31,-1.1907668036069814,0.0,0.10073527415986264,0.2,-0.06871937896215365,0.6519450964986567,0.6888011795958888,-1.9040145821528216,-0.7458684134953127
2020-01-17,978.96,-1.1188757494881238,0.0,0.09453819763063907,0.2,-0.1293264265696392,1.0416491004035044,0.662222275056363,-1.9659212239113275,-0.842971325553733
2020-01-20,978.63,-1.392131413161344,0.0,0.09041235151526321,0.2,-0.24761698109672087,0.8934104797278883,0.720334175485062,-2.0806562653156044,-1.0176517902060054
2020-01-21,986.37,0.715847280055188,0.0,0.0927170940477165,0.2,0.614111211984815,1.6755364710396374,-0.31631071899069285,-1.3274978468672973,0.2267929155200387
2020-01-22,991.46,2.374982297027853,1.0,0.09589087565482049,0.2,1.4004748588862568,1.546628760192617,-1.359431644331059,-0.4646523955716606,1.2524191546947567
2020-01-30,959.58,-4.925368269977033,1.0,0.18286514430775808,0.6,-1.608606252932944,-1.4034583866648465,2.107317464873332,-3.0,-3.0
2020-01-31,936.62,-5.416158624195168,1.0,0.2519208553774723,0.6,-1.7050819402285085,-1.390727129318896,3.0,-3.0,-3.0
2020-02-03,928.14,-5.400075552457895,1.0,0.27832207378884394,0.6,-1.6715879816276933,-1.3730226195692474,3.0,-3.0,-3.0
2020-02-04,929.09,-5.384171417038493,1.0,0.25337738457135456,0.6,-1.639170522526582,-1.3553784863254614,3.0,-3.0,-3.0
2020-02-05,925.91,-5.321994920600772,1.0,0.2219557542057893,0.6,-1.5451088067800929,-1.2956608846869473,3.0,-3.0,-3.0
2020-02-06,938.54,-4.705369079695518,1.0,0.2248083012330236,0.6,-0.7885549548616337,-0.7660737943627657,2.87999541129921,-3.0,-3.0
2020-02-07,940.75,-4.167670596015601,1.0,0.20242521284686485,0.6,-0.6072951652120635,-0.6077425350319704,2.0694877992390293,-3.0,-3.0
2020-02-10,930.73,-4.556687381155044,1.0,0.1978924041225585,0.6,-0.8599123855138515,-0.7633803410794375,2.4827482496332065,-3.0,-3.0
2020-02-11,934.67,-3.7599447697421278,1.0,0.18463537341635824,0.6,-0.5675046416864645,-0.41733224802554947,1.4037336489089351,-3.0,-3.0
2020-02-12,937.68,-2.3207160485483893,1.0,0.17967949021355992,0.2,-0.1298137094076301,0.5749039851598996,0.04626929243157781,-2.812010162718553,-2.7779624638377385
2020-02-13,938.24,-1.5010898853966346,1.0,0.16293053360918114,0.2,0.0061066334966872,1.1052760937960975,-0.477894830525498,-2.501154968386902,-2.4327888221103144
2020-02-14,937.45,-1.3307877821106908,1.0,0.14494140766990313,0.2,0.039847969333640564,0.9121097479321,-0.7475749039338887,-2.3831691181838472,-2.3288277102077797
2020-02-17,934.77,-1.4732393942008726,1.0,0.13675879836769989,0.6,-0.033509008393823016,0.8575280868749502,-0.7441120980441422,-2.4506068839900372,-2.45468296311496
2020-02-18,927.93,-0.8527067029850325,1.0,0.12489219924874685,0.2,0.05824223945426803,1.2314865303254257,-1.220851969048084,-2.2304148283225556,-2.2320417109339994
2020-02-19,928.76,-0.43210931472116854,1.0,0.11541396692380032,0.2,0.16732144492176737,0.9044387029660087,-1.795847890450832,-1.9965413179569917,-1.9867543220576669
2020-02-20,938.13,0.5873165134574276,1.0,0.11508728277747685,0.2,0.4732111248633485,1.4347418213370258,-2.091923581685105,-1.4493541784915491,-1.3523247819670519
2020-02-21,933.09,-0.09173278388251438,1.0,0.1211396430047866,0.2,0.25153359399649344,1.0459131805943733,-1.9226624733901512,-1.786728767239442,-1.7924475784511065
2020-02-24,903.34,-4.584400487377811,0.0,0.2449903055390374,0.6,-1.1046673829242715,-1.287085189583408,1.9296801815510272,-3.0,-3.0
2020-02-25,909.67,-3.9078089623228074,0.0,0.2234647536015327,0.6,-0.7994132959498613,-0.7888208378461397,1.2359325768060236,-3.0,-3.0
2020-02-26,895.97,-4.444105332071949,0.0,0.22209063744042237,0.6,-0.989220775575794,-1.2539406584633224,2.3408744114175084,-3.0,-2.404628903575347
2020-02-27,898.44,-3.396419046803403,0.0,0.20315978379782723,0.6,-0.5542298765769799,-0.9142340059610671,1.543633213462485,-3.0,-1.708973994681737
2020-02-28,882.19,-5.047491832613046,0.0,0.21956445744000713,0.6,-1.4129918034540048,-1.2226996305639775,2.9199245902799853,-3.0,-2.6813969833147837
2020-03-02,884.43,-4.698474178897541,0.0,0.1937732094419609,0.6,-1.2941682284415719,-1.1362733672972216,2.5582851808980354,-3.0,-2.4958416411714186
2020-03-03,890.61,-3.2541983762942994,0.0,0.18425932430374295,0.6,-0.7652228802047683,-0.7130319180027959,1.3653202560865765,-2.6948133363503444,-1.797042594943453
2020-03-04,889.37,-2.2243688267988375,0.0,0.17028999494414832,0.6,-0.4014209884750836,-0.3812254741084348,0.5827678566536154,-2.318252988672045,-1.3844756949083916
2020-03-05,893.31,-1.90611208666347,0.0,0.15179869329013626,0.6,-0.36923727861876654,-0.051709939340058624,0.35298532801852356,-2.2208056830924963,-1.3411965965759145
2020-03-06,891.44,-1.329379542345562,0.0,0.13690381339475455,0.2,-0.35507847025197736,1.0220114609484128,0.14349764011092483,-2.143580607607611,-1.3182091350298915
2020-03-09,835.49,-5.222716370999843,0.0,0.3988431336407444,0.6,-1.422642030865603,-1.1648906710537985,3.0,-3.0,-3.0
2020-03-10,837.5,-5.204508401987328,0.0,0.3400090818419034,0.6,-1.3974532050092183,-1.143365576632555,3.0,-2.997052725497952,-3.0
2020-03-11,811.35,-5.1640088044633545,0.0,0.37717513672669556,0.6,-1.3740250998078078,-1.1269425475009949,3.0,-2.933817871071738,-3.0
2020-03-12,769.25,-5.122497747196739,0.0,0.46063004991921275,0.6,-1.3496140007461737,-1.1078934673924554,3.0,-2.8742063363003227,-3.0
2020-03-13,761.7801,-5.085061609647443,0.0,0.4265129891534674,0.6,-1.3278586927814422,-1.090946408821632,3.0,-2.819029344308688,-3.0
2020-03-16,747.86,-5.050365872029967,0.0,0.39329733153256324,0.6,-1.3065590189143683,-1.0754048838094714,3.0,-2.767280930635393,-3.0
2020-03-17,745.7801,-4.887543325535712,0.0,0.3465250002361408,0.6,-1.1506986992077832,-0.9570719998900173,3.0,-2.7186604433726296,-2.9428785148574383
2020-03-18,747.66,-4.778382461524593,0.0,0.3014078047877481,0.6,-1.0706935161773763,-0.886604909131523,3.0,-2.6717425458041784,-2.8828212768191817
2020-03-19,725.94,-4.873880702911915,0.0,0.314633779008187,0.6,-1.2510486233684288,-1.0282711837016445,3.0,-2.6273949387278717,-2.8262773671204346
2020-03-20,709.73,-4.814938920695341,0.0,0.2918544514548416,0.6,-1.2291319707723114,-1.0111212970758614,3.0,-2.5840455969254856,-2.771723170695181
2020-03-23,666.5901,-4.743854624754302,0.0,0.4314192636911891,0.6,-1.207462570069293,-0.9942088121125731,2.9718284243673314,-2.54247248202629,-2.7197505831723543
2020-03-24,659.21,-4.663250945246502,0.0,0.3898383711792253,0.6,-1.1854885119720289,-0.9945168837225844,2.9094193798201298,-2.500808596115464,-2.669358021186181
2020-03-25,690.25,-4.168840316899124,0.0,0.37675398206196514,0.6,-0.8051125479367739,-0.34925829076637693,2.85050542475264,-2.4607769437539946,-2.621246057264039
2020-03-26,694.21,-4.299687083507221,0.0,0.35691340034222957,0.6,-0.9726791557969179,-0.6453805117440089,2.800603990260558,-2.4213463986287027,-2.5765066788181086
2020-03-27,696.06,-4.160602067868912,0.0,0.3270889739256127,0.6,-1.0671990844003325,-0.8303627287271259,2.349355380642523,-2.3835310375325216,-2.5331287190071095
2020-03-30,662.26,-4.408845264236036,0.0,0.39049378613765867,0.6,-1.1514335134327063,-1.0048707080772248,2.7125137037249414,-2.347451513673835,-2.4910025209794378
2020-03-31,662.5301,-4.340380565412136,0.0,0.36374287004017397,0.6,-1.1361720020193664,-0.9947990011629698,2.6631966028196112,-2.312823171207195,-2.4504563800528123
2020-04-01,680.23,-3.351801233913861,0.0,0.3458133211954509,0.6,-0.8896871331934636,-0.4797869524753379,1.3369759947950774,-2.2793147707481674,-2.4115341830438104
2020-04-03,701.8,-2.2331780685381535,0.0,0.33358600799181853,0.6,-0.6267392714074437,0.3259192337149397,-0.012581737734214267,-2.247124992303574,-2.3739894161970683
2020-04-06,736.75,-0.24722185575597533,0.0,0.35238175090611484,0.2,0.08694419256569508,1.6755364710396374,-1.776080008436688,-2.2160578802941497,-1.806196173534147
2020-04-07,746.69,0.07863370004068226,0.0,0.3142293332494995,0.2,0.21805696574906744,1.5580529134889498,-2.091923581685105,-2.074538200598236,-1.6037949543950611
2020-04-08,748.02,0.49183664748961514,0.0,0.2747819780110945,0.2,0.5154867285345153,1.3602222110705044,-2.091923581685105,-1.9365489809653613,-0.9885577813144645
2020-04-09,760.33,1.583632292997145,0.0,0.25987108709733714,0.2,1.4275824229993952,1.3830240922967363,-2.091923581685105,-1.6711091963572589,0.1571365068964526
2020-04-10,757.94,1.7308184901052,0.0,0.2307284374941548,0.2,1.606373148911799,1.1704366329336104,-2.091923581685105,-1.6241760293401224,0.3986770025214118
2020-04-13,765.79,1.8968574836019532,0.0,0.21408149749186464,0.2,1.606373148911799,1.1740268048114404,-2.091923581685105,-1.4522788326016622,0.5678607495387498
2020-04-14,767.41,2.010023071401954,0.0,0.18960258559970433,0.2,1.606373148911799,1.3125488866355592,-2.091923581685105,-1.3740291657058386,0.6005573175834326
2020-04-15,777.22,2.310919848652754,0.0,0.19514143125561506,0.2,1.606373148911799,1.6499920413674347,-2.091923581685105,-1.1005922131989385,0.697646166513238
2020-04-16,780.7,2.394395472310416,0.0,0.18616378269052689,0.2,1.606373148911799,1.6755364710396374,-2.091923581685105,-0.9362233872756099,0.6934405474119809
2020-04-17,789.6,2.449867112751345,0.0,0.19207459393482149,0.2,1.606373148911799,1.5380956312878769,-2.091923581685105,-0.6725821692677767,0.6893016017603475
2020-04-20,794.97,2.420090129360511,0.0,0.19522296024642014,0.2,1.606373148911799,1.3093729278827333,-2.08943855597002,-0.516098885508262,0.6836431458488075
2020-04-21,766.8401,1.2410001546268987,0.0,0.29910750347500836,0.2,1.2089554784722294,0.2896587153576048,-1.8953425787512714,-0.9454172122325593,0.013991231012068867
2020-04-22,768.92,1.512587556360653,0.0,0.27572452468781555,0.2,1.3799612835980757,0.3803606652878105,-1.8704890827213878,-0.7705364412049294,0.22018485882501201
2020-04-23,773.91,1.6762941926811064,0.0,0.24734494836349122,0.2,1.4516765015300788,0.6730579890958364,-1.7156034517904337,-0.6724504387781588,0.3185973923203243
2020-04-24,776.66,1.7763664053256152,0.0,0.22369667177152774,0.2,1.5200719329026253,0.7709898954741947,-1.5982963002650936,-0.5767126447471724,0.41663348654234
2020-04-27,770.77,1.8997125827688277,0.0,0.19947969225956455,0.2,1.537321848591538,1.0774382181102196,-1.4849772040791276,-0.5188417790672131,0.4615438042063029
2020-04-28,767.21,1.7223039157142328,0.0,0.17755459405222876,0.2,1.5365964273345016,0.7155176027342102,-1.3625310576409437,-0.4754549834267677,0.48608212248983035
2020-04-29,769.11,1.9822677888502014,0.0,0.1646355180363622,0.2,1.5849173037948534,1.1283649569401868,-1.3403267305572462,-0.38673649955627415,0.5783723919701399
2020-05-04,762.47,1.1222099992033712,0.0,0.1847780919052526,0.2,1.2720809580788932,0.33052675516185853,-0.8744731482630077,-0.5198185789867178,0.34643548962436665
2020-05-05,764.16,1.3385558985258241,0.0,0.16991884203900068,0.2,1.2375258895843613,0.7075966050633097,-0.8884421018044667,-0.4371788658207113,0.4289740010330686
2020-05-06,782.5901,2.245655305036694,0.0,0.17476465039841815,0.2,1.606373148911799,1.6755364710396374,-1.1902170387107553,-0.22496933848730657,0.654373964649109
2020-05-07,796.54,2.2956529143313427,1.0,0.16958055289860846,0.2,1.5818784434679356,1.5586822634098754,-1.3108956279989297,-0.08394183599094363,0.646528733560412
2020-05-08,813.73,2.2418398150050725,1.0,0.1630384886366346,0.6,1.5566192979432234,1.2338124779749124,-1.410408382106091,0.038327826311798915,0.6383709223769739
2020-05-11,828.33,2.394169534458825,1.0,0.1667233386488256,0.6,1.531971658033009,1.1908751505956081,-1.6410439461584563,0.23133930715510215,0.6301953088513298
2020-05-12,835.32,2.4842299843168796,1.0,0.17290199079209417,0.6,1.505760671589374,1.161438271395758,-1.7105470721491902,0.4485778829656011,0.6238262714749655
2020-05-13,834.21,2.410796279158299,1.0,0.16189145507024974,0.6,1.4795031758317017,0.9744893078007403,-1.6794061688505098,0.5345625270843246,0.6187739080422081
2020-05-14,832.4,2.2984924355229506,1.0,0.1477191173572958,0.6,1.434872267655874,0.8079534435654041,-1.650465618169053,0.5320475891898909,0.6029592307298688
2020-05-15,827.0301,1.6841938429753305,1.0,0.1661829559455048,0.6,1.0743639835954188,0.5179114773148445,-1.2878880836495636,0.39284242013765996,0.4011141806954074
2020-05-18,837.01,2.085393933131843,1.0,0.15954410620325388,0.6,1.3155576750123466,0.858016073867364,-1.3521451348506626,0.5106694949410582,0.548266794952611
2020-05-19,845.92,2.2792862422414153,1.0,0.1523110114568969,0.6,1.428647327147451,0.9798846334690092,-1.3873176176639814,0.6143415839871882,0.6169665989425709
2020-05-20,852.91,2.3527688960303763,1.0,0.14178193822229365,0.6,1.4267904949001138,1.1371675961292655,-1.3511030987215265,0.6808540907232292,0.6186576820916309
2020-05-21,862.73,2.4057560574083507,1.0,0.1296814628240222,0.6,1.4227653092849886,1.334403740918042,-1.2635246464273473,0.7189482799335148,0.6200244604111101
2020-05-22,852.74,1.78174717941335,1.0,0.14104299870082615,0.6,1.1558837920392309,0.7538288987292349,-0.9470873041519161,0.6182321911160212,0.4780686065205833
2020-05-25,859.04,2.3761538428476072,1.0,0.14496903150243015,0.6,1.4165309603711016,1.3905335289468792,-1.096767660428366,0.7916197337624784,0.6236092331892844
2020-05-26,869.13,2.6875830843382036,1.0,0.1587921152125514,0.6,1.4040992624090116,1.6114867772051165,-1.3621261226069648,1.045257409989293,0.6235565784708109
2020-05-27,857.48,1.7363522462100924,1.0,0.1808570206933712,0.6,1.0507291024417935,0.6806611542159369,-0.9032487743550119,0.8663318009871163,0.3909932778830319
2020-05-28,861.39,1.7355661497001569,1.0,0.16132854758236112,0.6,1.080233471184509,0.6997114091057174,-0.8163814477149104,0.8859618976444904,0.41504827100600833
2020-05-29,864.47,1.8332935013646354,1.0,0.14898294677106294,0.6,1.182101962470742,0.6913492090802545,-0.806762206220359,0.943544021927174,0.4891823520386821
2020-06-01,878.67,2.344710899001997,1.0,0.15522166552738903,0.6,1.3774702685171951,1.0720327358336184,-1.051398065076329,1.141651375182567,0.6298321514166602
2020-06-02,874.8,1.912919657807379,1.0,0.15594248656579765,0.6,1.1844409112605747,0.7070447267868496,-0.832423165583618,1.055496090346255,0.5234548127664602
2020-06-03,881.17,2.1868657164466905,1.0,0.14637377477563027,0.6,1.3235207134328995,0.9741575319062328,-0.8903385341468583,1.121082047645811,0.614558894673352
2020-06-04,883.9,2.365220070506337,1.0,0.14060231208203322,0.6,1.3190048657510622,1.2321743303158974,-0.9695299925665757,1.2052753333876831,0.6171222057619408
2020-06-05,886.22,2.511853699846681,1.0,0.14648524442864874,0.6,1.2983714254216197,1.2313873046319908,-1.160431641228664,1.3773080443499008,0.6118387200648467
2020-06-08,899.92,2.689630072007044,1.0,0.16072516679247625,0.6,1.2786516585342205,1.1562517947983217,-1.4247308720879748,1.6169601724779226,0.6063763644588532
2020-06-09,899.43,2.499640016858386,1.0,0.14681784271025053,0.6,1.2574220596086163,0.779274070961099,-1.366774290364091,1.6319757288136594,0.6027492549207244
2020-06-10,900.0,2.525604896213947,1.0,0.14203604663019553,0.6,1.2375001175294138,0.7791983545229153,-1.3781224864571553,1.708871119777391,0.5998384923310145
2020-06-11,867.37,0.40620644500069847,1.0,0.28371759769668975,0.2,0.13233263682901775,-0.5806369088925597,-0.3659177068354037,1.147551960803356,-0.09644538854814899
2020-06-12,863.52,0.06492500557643768,1.0,0.25527078359616867,0.6,-0.046335385381778935,-0.9275664995239936,-0.21170634695962162,1.1019242561150397,-0.14109554861501983
2020-06-15,832.47,-1.292856219404042,1.0,0.30744656583939134,0.2,-1.0034859730951424,-1.3884447038563166,0.5049619360755333,0.7232602187548224,-0.615811763907658
2020-06-16,856.13,-0.20838315580120806,1.0,0.295709633536399,0.2,-0.3837953259016862,-0.6941365713105758,0.008061171197428435,0.9868513196328921,-0.2701355086172189
2020-06-17,854.44,-0.2143012470900954,1.0,0.2574852866155777,0.2,-0.3812148058676906,-0.6867108081101935,0.03557332758471728,0.9846074648064307,-0.2614949673198036
2020-06-18,855.27,-0.13552711520548483,1.0,0.22683908557256582,0.2,-0.32740918516194656,-0.6346228921093829,0.02206831780530995,1.0042920977744358,-0.22431230292368481
2020-06-19,868.56,0.6438405600396525,1.0,0.223407432876064,0.2,0.02221433598037788,-0.07183680659921939,-0.32302589586321634,1.2130367737858614,0.05985784181085331
2020-06-22,871.28,0.9970703433969171,1.0,0.20460245264429205,0.6,0.21145263627886804,0.24633040266571135,-0.43178358291104113,1.283422884103714,0.1702427378345097
2020-06-23,868.2,1.1413860428127696,1.0,0.18226106497803954,0.6,0.2771167084873802,0.48788908483392796,-0.418479294256878,1.2931879868837406,0.20348320929208072
2020-06-24,859.71,0.6559904124627106,1.0,0.1953263934765748,0.2,-0.17332149225080365,0.5709797929538888,-0.10917530909592386,1.1284018317062297,0.005161210868440075
2020-06-25,854.59,0.47694973067362467,1.0,0.1810286334497786,0.2,-0.2720838633651418,0.4255874851130501,-0.034579623414143675,1.085923160286623,-0.03579812231860732
2020-06-26,851.98,0.29825404857589305,1.0,0.1694742449691716,0.2,-0.3785985333994476,0.2709039852821785,0.018259464401930332,1.0416871839506314,-0.07971902693862969
2020-06-29,829.36,-1.468288276632265,1.0,0.2354010680740544,0.2,-1.3632721237043244,-1.3986604963640843,0.576701531718261,0.7018421957655208,-0.5158212269777599
2020-06-30,825.11,-1.5585698267790564,1.0,0.2179392959425454,0.2,-1.4857766033617015,-1.3814468263377295,0.5608833682477941,0.6532582056497627,-0.5710518156123041
2020-07-01,843.49,-0.335794327978297,1.0,0.21970662502788804,0.6,-0.7797133957963065,-0.4788034021746724,-0.0036972325832715855,0.8902320133101019,-0.24948547191072773
2020-07-02,842.38,-0.24556086294014953,1.0,0.19400151338267035,0.6,-0.7293066415602166,-0.4231401898864206,-0.06083192027581497,0.9010395379850537,-0.22335128905764573
2020-07-03,847.61,0.039752352330301804,1.0,0.17679870898073616,0.6,-0.5695525072901119,-0.18173080700256702,-0.1751719909023614,0.9493461777774329,-0.14664010526358323
2020-07-06,861.16,0.6402974562844574,1.0,0.16935544866754884,0.2,-0.22933197052261625,0.4160258421689338,-0.3321707922346021,1.0566081398702714,0.010058910680138599
2020-07-07,863.42,0.7051054422571369,1.0,0.15446776162333303,0.2,-0.24979043572513296,0.6632748557051802,-0.2951900749401245,1.0399301287888478,0.002202757144573881
2020-07-08,864.5,1.4076290318112128,1.0,0.14098590926695442,0.6,0.5411606801679548,0.8478340414515885,-0.33559643083737073,1.066385979398088,0.47007743286506226
2020-07-09,876.46,2.2329743995474107,1.0,0.14726056834661655,0.6,1.2675806029719192,1.266516208674391,-0.6191549708958087,1.2334371657981684,0.692776778457355
2020-07-10,871.21,1.8730488382567345,1.0,0.1429171331045208,0.6,1.06687139202379,0.8645582905912895,-0.5225417055753043,1.1766059536487499,0.6309169292599744
2020-07-13,868.72,1.8398781534710344,1.0,0.1336023667251669,0.6,0.9871891221191981,0.9658906285106924,-0.49094108249200874,1.1485689779112196,0.6071496363698597
2020-07-14,868.11,1.909857432588798,1.0,0.12511503371146807,0.6,1.2103745277940743,0.6569832843248863,-0.5803734351518394,1.1884215358909211,0.6787053121390177
2020-07-15,869.91,2.047773541068805,1.0,0.11533964824551449,0.6,1.263269536400333,0.8564647818974679,-0.6095606484208341,1.2058533155335092,0.6981232856500507
2020-07-16,876.83,2.0702598559811425,1.0,0.10510819951838811,0.6,1.256100256352237,0.9240652788242667,-0.602993294790273,1.2075167918923846,0.6985953358919784
2020-07-17,872.02,1.848885835804937,1.0,0.09959458149323518,0.6,1.208160612776025,0.5394136802069242,-0.5537213381853644,1.1853702960812715,0.6843250265484991
2020-07-20,861.4,0.7905056973450104,1.0,0.12809941302412153,0.2,0.6025670916226126,-0.5819801272458625,-0.23265870795393967,1.035756892887414,0.4866586104896474
2020-07-21,861.69,0.63864520746109,1.0,0.1184439710381871,0.2,0.5890598947062531,-0.8386879363628627,-0.16326440091281985,1.0246756836834887,0.4834719237906582
2020-07-22,855.08,0.050751483365343075,1.0,0.12812613498199907,0.6,0.2025129181356356,-1.3629769147247344,0.02941878862110344,0.9289085208026848,0.35801901486387944
2020-07-23,856.75,-0.054582826996288664,1.0,0.12307827505742869,0.6,0.09109947167121339,-1.3414474896385657,0.09558175093509953,0.8976045463758671,0.3228358697652595
2020-07-24,829.16,-1.7084066928333503,1.0,0.2594441031121834,0.2,-1.4295756111926874,-1.343248588526915,0.9974862994593002,0.4283380161098043,-0.34550335554727785
2020-07-27,785.17,-2.8662979489138527,1.0,0.39166550197067423,0.6,-1.4047880812101656,-1.3320302914143314,2.1281066931413974,-0.16864621402329646,-1.1941246231670686
2020-07-28,813.36,-1.317226926495289,1.0,0.3938093915789336,0.2,-0.615005745604247,-0.6747858543124543,1.1393708505371891,0.23761120520874388,-0.6199304905680262
2020-07-29,790.8401,-2.3961772392295533,1.0,0.41138437861260674,0.6,-1.2259069552551571,-1.2267991322592837,1.638978323848199,-0.06632939345327063,-1.0474240123073213
2020-07-30,801.13,-1.9753328408813495,1.0,0.36684246744495924,0.2,-1.0558748537511429,-1.0971522798370006,1.2623499139297967,0.034935205700937604,-0.9043529022921767
2020-07-31,798.39,-2.18966111598216,1.0,0.338354788896159,0.6,-1.2295827201270002,-1.22564168289865,1.2617315649490168,-0.04082294367429635,-1.0080814468531873
2020-08-03,814.65,-1.087410141314355,1.0,0.3325343127394835,0.2,-0.6801344940240962,-0.7372543563508335,0.5572092878216534,0.24816984722897556,-0.6072110624031455
2020-08-04,827.57,-0.2795575063643332,1.0,0.3142129557902286,0.2,-0.307848213550113,-0.25774024846406085,0.08196933618636328,0.4435592961180511,-0.3355919132460247
2020-08-05,837.8,0.49091537778360494,1.0,0.296108458946777,0.2,0.022355982371449406,0.315311514428768,-0.32020608841206966,0.617017928355672,-0.0917949535228537
2020-08-06,840.04,0.6678120503666384,1.0,0.26227015969271184,0.2,-0.0013989280201161527,0.698864888855878,-0.3893215389363882,0.6101787938209909,-0.09680176733210688
2020-08-07,841.46,0.7076359714528642,1.0,0.23161832399588062,0.2,0.014873499649469617,0.6206860943326602,-0.4927343997693292,0.622927697179086,-0.07447723751159376
2020-08-10,843.2,1.0612156922584715,1.0,0.21732328271576287,0.6,0.22424772663184528,0.6965262275589451,-0.7275503374336939,0.7263163606841421,0.07461133124555762
2020-08-11,843.08,1.1064646092035917,1.0,0.19447887981934878,0.6,0.27180488050151064,0.599348862961847,-0.8072171342879638,0.7477506598223513,0.11047350526208194
2020-08-12,846.92,1.3669639744746074,1.0,0.17837018751385558,0.6,0.3743790561303416,0.8552906561911772,-0.9163851440371442,0.7951059457209585,0.18339011893618873
2020-08-13,855.05,1.8683488657695773,1.0,0.17248803881401753,0.6,0.6084206900869303,1.276174122250227,-1.1131791091639924,0.8991658256810598,0.3531386595705966
2020-08-14,850.74,1.7344173354413908,1.0,0.16963116827059485,0.6,0.6927867290981897,0.9898526070934397,-0.9579358847364532,0.8278415238569073,0.4531800524650721
2020-08-17,850.15,1.626595383919358,1.0,0.15317517735531627,0.6,0.7055598268947241,0.8376388717727636,-0.841334951426013,0.8270501185455464,0.4649380656243816
2020-08-18,846.43,1.596781978612171,1.0,0.13845609359551206,0.6,0.9237678923442432,0.38140632959279,-0.8030997988103662,0.8390409466349948,0.6146850434453144
2020-08-19,851.21,2.1330894545096246,1.0,0.13613358329181055,0.6,1.2218096240492375,1.0017111405029862,-0.8426320231753945,0.9277135411282,0.7889548748397458
2020-08-20,848.21,1.9865396596144955,1.0,0.13212937512027076,0.6,1.1825230445214074,0.9425221933966553,-0.6787741810199575,0.8875915849604975,0.7688890771389555
2020-08-21,854.78,2.3287836678002836,1.0,0.13862481256944006,0.6,1.2792677758374833,1.313079956693635,-0.804402465460489,1.0313664955636934,0.8238530278134487
2020-08-24,868.68,2.469392645065431,1.0,0.14600330376541093,0.6,1.2780752209212887,1.3280766660082186,-0.9614166980230713,1.1850000897460424,0.8247138940067041
2020-08-25,874.12,2.306057020282947,1.0,0.1383377072146028,0.6,1.271857647841053,0.8954467184806926,-0.9633145951853107,1.2344480141206942,0.8247392048700637
2020-08-26,873.47,2.1678702588507326,1.0,0.12827960346943473,0.6,1.2567231836026866,0.5990121858796277,-0.9333669790708999,1.254637239162542,0.8229193717466577
2020-08-27,874.71,2.199077811069379,1.0,0.1250348286836517,0.6,1.2419028261033096,0.6045591002131124,-0.9619119324402678,1.3143950819508643,0.8211231314170848
2020-08-28,878.98,2.149892879648616,1.0,0.11499015731515452,0.6,1.2254863149334723,0.5780674574626843,-0.8980416255967818,1.3175167626128306,0.8188298052551972
2020-08-31,881.65,1.832018154327823,1.0,0.11891233564635287,0.6,1.0398172523227962,0.40579135373444497,-0.7196846142564096,1.2396882764649038,0.7298790755338109
2020-09-01,891.73,2.2097320172225987,1.0,0.12295508938908596,0.6,1.205828236415634,0.7988372199624333,-0.8316329489643856,1.3410706519929068,0.8174747061023953
2020-09-03,903.97,2.3990786631039445,1.0,0.12065099746485605,0.6,1.1870686805854669,1.1820908525923866,-0.8674521790273723,1.3959156293867574,0.8140830895232579
2020-09-04,901.54,2.2289615590210845,1.0,0.11443481589964333,0.6,1.1205012402465067,1.0387593897654515,-0.7609854210532803,1.356541476340828,0.7869951666756643
2020-09-07,888.25,1.3441150642655175,1.0,0.13043805387043986,0.2,0.7298953716603812,-0.026783579667683872,-0.5036176267863793,1.2267851434776016,0.6239437030174687
2020-09-08,890.14,1.807237550959587,1.0,0.12876258314848393,0.6,1.010020719366092,0.4703620790756614,-0.575195900492675,1.2944209699420577,0.7497367392999376
2020-09-09,889.32,2.003877401207285,1.0,0.12145735341874714,0.6,1.1276598203665207,0.7319991433197645,-0.5675608082054835,1.3175939847920826,0.8014745135797043
2020-09-10,888.82,2.0863152149817257,1.0,0.11600974777936693,0.6,1.110959434903403,0.9163120063349061,-0.576841480968819,1.3445139677467786,0.7953780341244364
2020-09-11,888.97,2.1281629235328166,1.0,0.11023519214171731,0.6,1.0937262533455854,1.0394834369326602,-0.5623124442251207,1.3627543393690609,0.7896065033811511
2020-09-14,894.57,2.3113921687371755,1.0,0.11641252544095133,0.6,1.0754616059317745,1.2768971095220683,-0.6829272514275992,1.4554538864884277,0.7854566334369798
2020-09-15,896.26,2.088699289969904,1.0,0.1067153746295753,0.6,1.058930499262814,0.8323911946130701,-0.6381638148464666,1.4424410055526469,0.7824003945217131
2020-09-16,897.47,2.0973709888710568,1.0,0.10273690032344475,0.6,1.0445178196959086,0.8394008507464732,-0.6505824290688915,1.461657236746764,0.7801079209078515
2020-09-17,894.04,1.967754622234934,1.0,0.09510034289367582,0.6,1.0324134106774794,0.6387140275740957,-0.5904555762727736,1.4359252237411069,0.7784783833752027
2020-09-18,900.95,2.1073976251994497,1.0,0.09784956939385693,0.6,1.0192410716637432,0.8500838443347779,-0.6687917824582523,1.4885291965276117,0.7764847925463275
2020-09-21,907.94,2.043208223280271,1.0,0.09251007790669168,0.6,1.0122436099804204,0.7217103958439789,-0.6549476557962279,1.4884399222461362,0.7760638754026236
2020-09-22,906.19,1.9613613123732228,1.0,0.08648803508033641,0.6,1.006280116845679,0.6442100120912372,-0.5808652755144958,1.4592896176125754,0.7759798443792484
2020-09-23,912.5,2.0970994183059686,1.0,0.08822149824889573,0.6,0.993705446342761,0.8936625797564443,-0.6301289016424179,1.4944338335515286,0.7744654014972803
2020-09-24,908.58,1.917874357572909,1.0,0.08778976392173057,0.6,0.8876197921528528,0.7851997098400177,-0.5334898477865762,1.4413168433716734,0.738649278917805
2020-09-25,908.27,1.5318004665011067,1.0,0.08754744204545242,0.6,0.7861125504350926,0.1796305545940219,-0.43623849958188615,1.390866418078438,0.7035376956269275
2020-09-28,912.5,2.0267724655598327,1.0,0.09283389649997385,0.6,0.9765155637775615,0.9123154905310153,-0.5176104849957539,1.4499242740502707,0.7745379982277973
2020-09-29,903.98,1.12469836000029,1.0,0.11092590348157531,0.2,0.5574904071637116,-0.21377322873471954,-0.2828067596033709,1.3299755784847853,0.6261165843582307
2020-09-30,905.21,1.9647386671132918,1.0,0.11277043151817562,0.6,0.9437403881648755,1.0277204106357192,-0.37803367242937747,1.3884535431528127,0.7637903858076647
2020-10-01,914.09,2.1547464608030613,1.0,0.1208768094512052,0.6,0.9874988925250635,1.146791997716706,-0.5361524782501177,1.4823613817682542,0.7800484356048741
2020-10-02,909.91,1.731904482639686,1.0,0.11533297151687871,0.6,0.9179500583023985,0.4122982157437076,-0.43305073326844007,1.4347607326209142,0.7523566457516295
2020-10-05,914.68,2.140323607055943,1.0,0.12922539668708824,0.6,0.9845838209791228,0.9123238147822383,-0.654019942827733,1.5578957221780991,0.7815516817146656
2020-10-06,915.67,2.011412936966733,1.0,0.12153750636346909,0.6,0.9793795820693039,0.6185776845618995,-0.6476008350238617,1.5588557351400285,0.7814900262478318
2020-10-07,919.72,1.7879541984671636,1.0,0.1147685798803025,0.6,0.9232527741890001,0.32963274698552986,-0.5501380814103115,1.5100755426226793,0.7602298242520715
2020-10-08,918.84,1.5036959857941157,1.0,0.11493226479520915,0.6,0.7642513633335609,0.12217519161730914,-0.41275624634194397,1.44020912867838,0.6985958966994096
2020-10-09,924.0,1.625617341011424,1.0,0.10622875195871738,0.6,0.8112114382645084,0.3600483784380961,-0.39149828185017643,1.4270048946654672,0.7302944421323694
2020-10-12,925.83,1.1878949571392117,1.0,0.11462715561212447,0.6,0.4876090604975355,0.07648577786160109,-0.22426253182023326,1.3365347559165845,0.6249887012983614
2020-10-13,929.86,1.2843267735801267,1.0,0.10625726926343702,0.6,0.5586211562407221,0.19791697500922378,-0.2178106221173128,1.3297237398572581,0.661342487111923
2020-10-14,940.18,1.420861863435345,1.0,0.10102009930138423,0.6,0.745382588787013,0.2120251244100367,-0.2423813139146131,1.3359180924300205,0.7204592425104952
2020-10-15,942.76,1.2957156344919163,1.0,0.09926057225934883,0.6,0.5755231404077783,0.28115744859207703,-0.15937511742503332,1.2901540457892475,0.6859791112103946
2020-10-16,943.3,0.7782426337932599,1.0,0.09327222272898522,0.2,0.5384998801496342,-0.8203780799873335,-0.11078517661917439,1.2639239136886529,0.6841495736031726
2020-10-19,943.69,1.0311859881561274,1.0,0.08603783229328181,0.2,0.6424609328479843,-0.36161562092376043,-0.11072393295886351,1.254027604174274,0.7109579004913874
2020-10-20,944.42,1.7939800502487468,1.0,0.08425482694940416,0.6,0.9276874648574338,0.9996621583073865,-0.1420302782346301,1.2685576730826682,0.7828287625181267
2020-10-21,939.03,0.18911767690698272,1.0,0.10598777633374203,0.6,0.31957686673385194,-1.6513774415691524,0.0555926287282997,1.1673323304638443,0.6392496583542279
2020-10-22,949.9,1.2495441608910884,1.0,0.10466885553471279,0.6,0.7374923811083431,0.1342964319735057,-0.04676243520069636,1.200038911715523,0.7420168768897523
2020-10-23,961.26,1.805645672008052,1.0,0.105246870609907,0.6,0.9412844280926402,1.0151417771736384,-0.1525492048980994,1.2396243247873944,0.7936556088043806
2020-10-26,950.8,0.11084638983830297,1.0,0.1357651590402862,0.6,0.16693175948141775,-1.5327159440713032,0.08106290997058993,1.109242475788271,0.5897788134757169
2020-10-27,946.47,-0.6197448118751756,1.0,0.1527545265631548,0.2,-0.8054887365031433,-1.6980914405070373,0.25209273675210053,1.0032882094998004,0.4244264276880159
2020-10-28,921.05,-1.4480954001441675,1.0,0.21259340449376127,0.2,-1.6205587982524532,-1.6679538568102386,0.6580521252617257,0.7912799080325367,0.048187499501477625
2020-10-29,919.08,-1.2635223938556,1.0,0.1880193797347275,0.2,-1.4795841147676256,-1.5413187746423844,0.5663860496674882,0.7997017795090803,0.08807612197962451
2020-10-30,925.47,-0.9916432526334857,1.0,0.16971719209134195,0.2,-1.2651749024391783,-1.364203244450244,0.4432594014271705,0.8201473284887255,0.15155182780774037
2020-11-02,933.68,-0.36289433841364405,1.0,0.16375443876714302,0.2,-0.747962923326923,-0.9280969855848739,0.23159957093213535,0.8873742040056726,0.30862299060808535
2020-11-03,935.41,0.26952436940817426,1.0,0.15799607061892576,0.2,-0.2500692801677737,-0.4263227614382319,0.04115870383758407,0.949482103153622,0.45952186440243104
2020-11-04,939.76,0.9922154866315174,1.0,0.15618109343466446,0.6,0.35091588266921964,0.10281167979376074,-0.17150365760597383,1.0246851380251472,0.6407537911443617
2020-11-05,937.75,0.6287053339136606,1.0,0.1568095486909937,0.2,0.02450019018092131,-0.1072371854741335,-0.06847212383082894,0.9589306308093897,0.5444750837693182
2020-11-06,938.29,0.8930834845545359,1.0,0.14116085963126787,0.6,0.14835084327547882,0.2866219105890805,-0.11708175966771815,0.9621876680044241,0.5826148069791566
2020-11-09,951.99,1.8829161580091904,1.0,0.15172249997173412,0.6,1.0294419644564334,0.9101286248874573,-0.41142787165730044,1.0807943672806144,0.8461705646303268
2020-11-10,951.9,1.789399815699975,1.0,0.1366862319675532,0.6,1.0248099707532354,0.6597651241939931,-0.4390279806063114,1.0783615430418227,0.8468632806180211
2020-11-11,952.22,1.7752948248074731,1.0,0.12295848227436877,0.6,1.0088316889067062,0.6535978330429257,-0.4390348204353683,1.0697224824203835,0.845917059638545
2020-11-12,959.28,1.9612370397053902,1.0,0.12204493861811201,0.6,0.9988216636954632,0.9296865201657123,-0.5602170627133638,1.115906801147119,0.8459799267928249
2020-11-13,966.29,2.0155886608944935,1.0,0.1202486124850675,0.6,0.9826086793338619,0.9214802807535327,-0.6668598868152406,1.1544297387035412,0.8447375862216464
2020-11-16,950.79,1.2126398128484543,1.0,0.14345206900949153,0.6,0.5202037377709947,0.11620752396724311,-0.4263321031334882,1.0398689794268254,0.6546004113291978
2020-11-17,968.9,1.8943388648325545,1.0,0.15098559736431674,0.6,0.957609313242355,0.7070774795377854,-0.63698720238775,1.1383845017173868,0.8433241401648569
2020-11-18,973.53,1.9428954067440536,1.0,0.14198759255420784,0.6,0.9432776791210832,0.8139526654501452,-0.6447513313975438,1.160037648503985,0.8397084302221554
2020-11-19,983.26,2.0502899055580595,1.0,0.1353043380069849,0.6,0.9272649130597138,1.059545315896019,-0.6529326001064991,1.185367815546639,0.837221665788649
2020-11-20,990.0,1.9496501561298727,1.0,0.13577776583477286,0.6,0.9118905205692956,0.7118074167163159,-0.718149328801506,1.2378602837953312,0.8340783851323804
2020-11-23,994.19,1.922233780827633,1.0,0.13080416344974488,0.6,0.8979993491775946,0.6339928149169081,-0.7269486428454903,1.2609948220195546,0.8287011095363286
2020-11-24,995.76,1.7867813055176982,1.0,0.11910484709038421,0.6,0.8842099860685367,0.4761440317820768,-0.6253457908376003,1.228812680574753,0.8207146983938646
2020-11-25,999.94,1.7037418985120019,1.0,0.10775029784377002,0.6,0.8705134209252666,0.3965793615151723,-0.5582698769712774,1.206050663320678,0.812225198766241
2020-11-26,1005.97,1.7605361202261198,1.0,0.10207949294056928,0.6,0.8557621554135915,0.5986953899833897,-0.524978657986099,1.2040519526437141,0.8044302147609255
2020-11-27,1010.22,1.8746041434225786,1.0,0.10300764370011417,0.6,0.8407811204678699,0.8503484981987623,-0.5483509736980522,1.2283563757990736,0.7970613318306871
2020-11-30,1003.08,1.6288700157309381,1.0,0.09909097460961203,0.6,0.7834770303475161,0.5221872674345717,-0.43677684272921613,1.1851347937172816,0.7666508172706146
2020-12-01,1008.87,1.7792152753362551,1.0,0.09842703292343644,0.6,0.8129753561315725,0.8004915205317715,-0.45521854965160125,1.1997654744865998,0.7818593546227028
2020-12-02,1014.32,1.8367106218659766,1.0,0.09623906310938199,0.6,0.7997271282453566,0.9648975244128231,-0.451297217277651,1.2051858063616177,0.7730917197396754
2020-12-03,1019.8,1.8593743822702937,1.0,0.10427579967728505,0.6,0.7865562038893247,0.8881842444707577,-0.5471640989393525,1.251770672241614,0.7642082842413415
2020-12-04,1021.49,1.577393019732535,1.0,0.09521116557786195,0.6,0.7719000387208337,0.3225145330713699,-0.481437056004826,1.226276939087326,0.7569998925694764
2020-12-07,1029.98,1.592308798195167,1.0,0.09323926635992089,0.6,0.7574007932075576,0.4065907368221634,-0.4609026993522113,1.2280386192146788,0.7496535997048909
2020-12-08,1029.26,1.6050040399347818,1.0,0.09073157015254925,0.6,0.7430455152667463,0.48208944146834676,-0.44597662230435914,1.225756248280145,0.7432075507898349
2020-12-09,1039.13,1.6821244119958687,1.0,0.0950966566273554,0.6,0.7290475202954415,0.6105020032324312,-0.4975328743408269,1.2505753743019858,0.7372633125924368
2020-12-10,1030.91,0.8803917803786996,1.0,0.12571009102716443,0.2,0.35823310172690226,-0.22248848358523385,-0.20195940698037712,1.1285703601180885,0.5387073705482421
2020-12-11,1045.96,1.5168012277913279,1.0,0.13023803296151287,0.6,0.6894960639238542,0.5337186698710693,-0.3348444270975887,1.1781823946260763,0.7193259458877918
2020-12-14,1064.09,1.8408481626631767,1.0,0.14277058863429318,0.6,0.6944416805456105,0.9888620033161946,-0.5434370282436733,1.2598210942976804,0.7249972684365744
2020-12-15,1055.27,1.6932995323706677,1.0,0.12885440449882693,0.6,0.6833586803999699,0.738445821816262,-0.48509995593849176,1.2349009871158374,0.7220527284721345
2020-12-16,1066.99,1.645882034667265,1.0,0.1300656895993576,0.6,0.674199728667552,0.5193213639873979,-0.5616216218650745,1.2667736365060829,0.7199642631597645
2020-12-17,1051.77,1.1477719621003464,1.0,0.13772092520666243,0.6,0.4335447955056448,0.056513386465441705,-0.3442967465127911,1.1798289756928573,0.6048173703071982
2020-12-18,1067.46,1.5596403140240294,1.0,0.1458057760461225,0.6,0.6521772575935311,0.42563118570785613,-0.5080203181463672,1.2436768238639606,0.7152667018058009
2020-12-21,1081.08,1.7245984725413217,1.0,0.1491767099466036,0.6,0.638632770695151,0.6734824320774977,-0.617696553743606,1.2903769975559138,0.7116713957497945
2020-12-22,1083.45,1.839218345327602,1.0,0.15304824542153084,0.6,0.6256560635706527,0.8008149174480483,-0.7245129393251284,1.3380058752559612,0.7090902017701518
2020-12-23,1078.9,1.5369645221230215,1.0,0.14585774450598657,0.6,0.5325379884922202,0.4965304348655401,-0.5518067323075734,1.272590886481324,0.6580858644342971
2020-12-24,1067.52,0.8360291175839895,1.0,0.16627939136698802,0.2,0.1764463026354189,-0.09548008404565099,-0.24277633804348495,1.1510024522403974,0.4638801862846604
2020-12-25,1084.42,1.4475281446724657,1.0,0.17916505109991898,0.6,0.5957046963574673,0.2518789467768767,-0.490575662485195,1.245838543761221,0.7052809467774905
2020-12-28,1091.33,1.5570146006011565,1.0,0.1711880181321896,0.6,0.5840896198566427,0.4605179108780614,-0.5368462642000621,1.2644619669238266,0.703280970341365
2020-12-29,1099.49,1.6471090359029628,1.0,0.164841376466475,0.6,0.5721445223834449,0.6295597126655056,-0.5783959861048025,1.282292479425165,0.7010589254804005
2020-12-30,1097.54,1.546358548822862,1.0,0.1481811207532734,0.6,0.5608758385160016,0.5707452940318474,-0.4671853305701044,1.238002162665987,0.6990588418158867
2020-12-31,1103.87,1.5723269080781042,1.0,0.14641227472638177,0.6,0.5485610944395364,0.5889598626719064,-0.5034824922983099,1.2582488368020197,0.6970688542963512
2021-01-04,1120.47,1.7068674562161377,1.0,0.15997116401854997,0.6,0.541082197970259,0.6568088111911349,-0.6790836943089006,1.3276701004036906,0.6967101522330248
2021-01-05,1132.55,1.672691005561134,1.0,0.15337237781030327,0.6,0.5284854575537418,0.6194051939101018,-0.6807043834825137,1.296400775254963,0.6944379540227786
2021-01-06,1143.21,1.551190521157007,1.0,0.1413337709987625,0.6,0.5161164933929472,0.45833364760627465,-0.6084632290926248,1.2658615454733813,0.6896358776010606
2021-01-07,1156.49,1.6916990652882538,1.0,0.15406436200327414,0.6,0.503097674962027,0.7092842171143732,-0.7279184854872316,1.2365733108109138,0.6858272311555678
2021-01-08,1167.6899,1.54405634198812,1.0,0.15015773635447546,0.6,0.4907087253483562,0.4204308410297901,-0.7148491191777369,1.207972895945527,0.6777555162435129
2021-01-11,1184.89,1.5023254501722267,1.0,0.15419543406038957,0.6,0.4779027526970387,0.38410828985683265,-0.7022795351926847,1.1803179915849205,0.6713848044829304
2021-01-12,1192.28,1.4296914995444676,1.0,0.15264780944011946,0.6,0.4654587066377083,0.27087985875199394,-0.6900679825122396,1.1535916651233624,0.6654140696760799
2021-01-13,1186.05,1.3152102206448815,1.0,0.14424888927219706,0.6,0.4029530500831435,0.2024593034670172,-0.6397476240823065,1.1276241593758185,0.6189950180155098
2021-01-14,1187.4,1.3777621880931554,1.0,0.14270755570551413,0.6,0.4413429077974041,0.3216614788688516,-0.6153337540395951,1.1025299238654833,0.6543487757251883
2021-01-15,1194.2,1.3263197221826524,1.0,0.14168147117912228,0.6,0.42975435762955766,0.2606781504045444,-0.5971400817975384,1.0781817607808803,0.6498355798057477
2021-01-18,1191.9399,1.278658777113341,1.0,0.132027154066025,0.6,0.4199143315473616,0.2762812470330118,-0.515674840299685,1.0546623819955931,0.64644923392776
2021-01-19,1131.0,-0.906291710930737,1.0,0.3621098717376735,0.2,-0.6333777086674741,-1.679814363208717,0.49245098030112366,1.0098828357369551,-0.15080898867503187
2021-01-20,1134.6801,-1.2338217470353399,1.0,0.3081669374428621,0.2,-0.6378648513122368,-2.332809845606021,0.5715295453037424,0.972564339110847,-0.1492683090595991
2021-01-21,1164.21,0.050852720567955284,1.0,0.3117234411499797,0.2,-0.06188801535184117,-0.8893439950944176,0.16037078190980447,0.9898110519461328,0.29105544844395154
2021-01-22,1166.78,0.37903712532368583,1.0,0.27619272990575866,0.6,0.05241247159457453,-0.39022133920432706,0.12756045732235605,0.9697782451967268,0.41368839953652436
2021-01-25,1166.05,0.7139187885038338,1.0,0.24956274667663877,1.0,0.2346194314021141,0.008551101475820243,0.07058155145831932,0.9488516336544727,0.545096109567812
2021-01-26,1136.12,-0.7735563547227879,1.0,0.2953375270306058,0.2,-0.5510621270286836,-1.5047747780743592,0.6384584804925765,0.9244541623460051,0.10998280036293624
2021-01-27,1097.17,-2.2768024741452964,1.0,0.3570901774347819,0.2,-1.5400305055400734,-2.3336624585671086,1.343004905554351,0.6999301082064789,-0.44880503995517823
2021-01-28,1023.94,-4.025279097034332,1.0,0.532473768386155,0.2,-2.6153808888601655,-2.3336624585671086,2.565423182553957,0.3060877423600289,-1.497924617408372
2021-01-29,1056.61,-3.1449216051223523,1.0,0.48153019461405966,0.2,-2.100098312006693,-1.9035439693607983,2.032442572410595,0.41916222182782026,-1.1387859867406418
2021-02-01,1035.51,-4.1452035523320205,1.0,0.5001813744383858,0.2,-2.5772433398809187,-2.3336624585671086,2.5608338702951485,0.20925117545778116,-1.6687677140580148
2021-02-02,1075.53,-3.2730558825446208,1.0,0.453369215792023,0.2,-2.1115967707482657,-1.965631937852096,1.922793701617845,0.31495008111314354,-1.3273902430339575
2021-02-03,1111.29,-1.9505304502291325,1.0,0.4431271167288247,0.2,-1.3932010295918744,-1.329794432737468,1.1167759500617778,0.49844706107939224,-0.773363248742757
2021-02-04,1112.1899,-1.7125711343403591,1.0,0.3770906586437708,0.2,-1.290628355533696,-1.1646721198365872,0.9329442937921089,0.5042887935976054,-0.7018227389395457
2021-02-05,1126.91,-1.157555083217992,1.0,0.33730639288438086,0.2,-1.0395954960571103,-0.7523363127780867,0.613224043850754,0.5508597421303326,-0.5074387293370213
2021-02-08,1083.1801,-2.1412956192291017,1.0,0.3790554024692312,0.2,-1.6530507334783906,-1.1270394369726557,1.0639043367052976,0.3495544048222187,-1.0095507977484932
2021-02-09,1114.9301,-1.0111915230179453,1.0,0.35855687046131735,0.2,-1.1915606460081962,-0.037377537829566716,0.5855828189871557,0.4586233000749324,-0.6437396631213941
2021-02-17,1155.78,0.4859138386585116,1.0,0.3785271262506816,0.2,-0.36221620155440754,0.7900031956945119,-0.1421991060053879,0.6708438578959324,0.02478341485197637
2021-02-18,1174.38,0.8437351547916608,1.0,0.3403772099574655,0.2,-0.08742345646052734,0.765937312605931,-0.3770156624647668,0.7198983495119052,0.2455684829909498
2021-02-19,1173.5,0.7452260200385941,1.0,0.28823269233063287,0.2,-0.07268796352993133,0.5016505932210048,-0.4003148498565014,0.6942213725297821,0.25519397755945816
2021-02-22,1175.04,0.7510077869734986,1.0,0.24980557841709863,0.6,0.03754612204901689,0.28533689996831296,-0.41910728299150796,0.6610809818295279,0.35544286718258866
2021-02-23,1177.64,0.5470621482440863,1.0,0.2213935243141987,0.2,-0.002344727501096983,-0.03922089475570847,-0.38351477234404074,0.622404842793645,0.3217416055982377
2021-02-24,1162.01,0.029040937194531054,1.0,0.2281978359112254,0.2,-0.284632684375209,-0.32111512546318777,-0.12901090946189822,0.5233624254972711,0.09858242323468379
2021-02-25,1165.4301,0.045074546959547296,1.0,0.19752863121610456,0.2,-0.27734916153204137,-0.1517646771842517,-0.021628581106642873,0.5017308270534293,0.101212148836573
2021-02-26,1168.47,0.13770634843047466,1.0,0.1751022770495201,0.6,-0.2299222253403918,0.03832523824852043,0.030287103806814517,0.4911956053752491,0.14070198475341478
2021-03-01,1186.17,1.2474338583185667,1.0,0.19316880326113814,0.6,0.36746242006133495,1.1189837334210477,-0.18656639267184003,0.5889987837012202,0.6129482238513101
2021-03-02,1186.61,0.7081428460699097,1.0,0.17099995195679138,0.6,0.35324832991315014,0.07946682583186271,-0.035544711381738335,0.5596093353547363,0.6016486096392666
2021-03-03,1186.95,0.8601369848191064,1.0,0.16112883807691,0.6,0.34227902097583424,0.42726409249627484,-0.055494356727197054,0.5732965941203675,0.5928756073794885
2021-03-04,1168.52,-0.3379585594673531,1.0,0.19195038473649062,0.2,-0.0384516656448139,-1.0821181644030082,0.3231127025979538,0.4486987501491045,0.29645685451614384
2021-03-05,1168.6899,-0.2235138387927933,1.0,0.1699112297459116,0.6,0.0069892507844567684,-0.8739239080857888,0.34124994146238646,0.4358114717653961,0.3331556355994876
2021-03-08,1168.27,0.11454243225568833,1.0,0.1591995858135044,0.6,0.12063676238757716,-0.3580975378118961,0.3303273030467471,0.44794890448750757,0.4453727801103667
2021-03-09,1161.97,0.1831380259875928,1.0,0.1431059765616067,0.6,0.15532295274919308,-0.22311193127406662,0.37206089827499933,0.43579341301047614,0.48525904395975455
2021-03-10,1170.08,0.6781069353464773,1.0,0.14200682059591643,1.0,0.2923153166375977,0.5575687892604636,0.2654137229567459,0.46418420419092393,0.5548660852441114
2021-03-11,1181.73,0.9694563489183246,1.0,0.1418463567418753,1.0,0.279611316829757,1.0991973272450217,0.14201469389902568,0.4949234204194694,0.5444745029214227
2021-03-12,1181.5601,0.5010050260111785,1.0,0.13091694267885004,1.0,0.2334198204510849,0.22194043087754423,0.22351606919197484,0.4589083523850988,0.5132790161760552
2021-03-15,1184.5601,0.5035303736007344,1.0,0.12191329387037325,1.0,0.25440392446435195,0.1867666546113425,0.2129958486937145,0.4563037974341213,0.5246994614098885
2021-03-16,1179.9,0.3185763372579497,1.0,0.11245283360099281,0.6,0.21129783449482606,-0.04570540910114665,0.29923736374936455,0.425406245809859,0.5074511627168146
2021-03-17,1186.09,0.31399664730245597,1.0,0.10502195003762249,0.6,0.2289459111890958,-0.02681575713325281,0.334189916586757,0.41920091373755336,0.508992071783258
2021-03-18,1200.9399,0.5321919381228002,1.0,0.10608127787575176,1.0,0.21584947415328037,0.4368380756312026,0.29026800083116744,0.4386792098637281,0.5013395611024568
2021-03-19,1194.05,0.42269449083764477,1.0,0.09674326537917229,1.0,0.2026633579375295,0.32578481148544247,0.3766740375740663,0.42087096107995386,0.49372115536558364
2021-03-22,1194.4301,0.3359500059773671,1.0,0.09264734434797914,1.0,0.1270892207706164,0.40575133462183144,0.49248597269774147,0.3845897670108201,0.462879900345087
2021-03-23,1183.45,-0.9230864636193831,1.0,0.11538747222934591,0.2,-0.4802015966831375,-1.0192389578598235,0.8214039970331998,0.2887113247440808,0.2123259420270191
2021-03-24,1161.8101,-3.0140574620725795,0.0,0.1891159065647839,0.2,-2.010493874075274,-2.3336624585671086,1.5185800538981957,0.09179738110337725,-0.44036740980586503
2021-03-25,1163.1,-3.314697295734738,0.0,0.17278907173459895,0.2,-2.2711194095189438,-2.3336624585671086,1.6828401738468632,0.04760733137100495,-0.5539370430680989
2021-03-26,1162.21,-3.801835562945434,0.0,0.16610855309373362,0.6,-2.7485452964399832,-2.3336624585671086,1.901312831863977,-0.01716388715760554,-0.7576920700952129
2021-03-29,1175.6801,-2.4701787594452385,0.0,0.17951503974813132,0.2,-1.7235736383343652,-1.6649451105796218,1.4270952844176916,0.09642439638169639,-0.23038588881733577
2021-03-30,1186.36,-1.5060081126881892,0.0,0.1723857357647775,0.2,-0.9243683310624029,-0.9922548766163634,1.2298056912215936,0.14253875608792324,0.0625146588745561
2021-03-31,1191.4399,-1.457284097526515,0.0,0.15174899279982074,0.2,-0.8364993503056601,-0.9027495790164253,1.301729505666693,0.12173151337252715,0.08551125362094301
2021-04-01,1216.1,0.021801012844122836,0.0,0.16351650410772958,1.0,0.17154711297039615,0.13535926555560804,0.8572862327363888,0.23428406089489667,0.5466381818725708
2021-04-02,1224.45,0.10390618445703112,0.0,0.1518280128379134,1.0,0.15893229778230206,0.20676638862775176,0.7581292662512503,0.25283337807247785,0.5693310397129141
2021-04-05,1236.05,0.0830447260919639,0.0,0.13939307938041917,1.0,0.14610323024825828,0.08966836576237545,0.6899822721627306,0.25861485079607,0.6036850555118591
2021-04-06,1239.96,-0.08882689265595034,0.0,0.12518625508825434,0.6,0.13439332931262207,-0.19112274866433987,0.740075463182756,0.22574245941291926,0.6114892720571894
2021-04-07,1242.38,0.19256196013040383,0.0,0.1250024202736484,1.0,0.1231925090848713,0.13765673994911548,0.5199826880757863,0.27327953451440784,0.6165248262722556
2021-04-08,1234.89,0.23630470181604354,0.0,0.11420696677903722,1.0,0.10630606196748887,0.31506776370128936,0.579782050444121,0.23300291322653954,0.599203551326743
2021-04-09,1231.66,0.1728023726510314,0.0,0.10577129751412924,1.0,0.11096927714739996,0.1366987878563297,0.5329040809590714,0.22404261826760316,0.5927451748807266
2021-04-12,1252.45,0.5419575361195005,0.0,0.11641014617254727,1.0,0.11108339420681028,0.5137400613457873,0.18527173059031393,0.3205508459910701,0.5843805019225385
2021-04-13,1248.33,-0.8914509331733432,0.0,0.14838099553382006,0.2,-0.658505628408584,-0.10120382874521502,0.7686685759026336,0.11389410442985404,-0.29616110906301746
2021-04-14,1255.87,-0.31791818063658506,0.0,0.1429024142399932,0.2,-0.22017431988697442,-0.024511143176710777,0.6456194528507438,0.16050621781170116,0.19632111992245485
2021-04-15,1247.25,-1.849138000187893,0.0,0.15540468419879047,0.6,-0.7493309456530299,-1.4700072087585287,1.1458941682718902,-0.007492083907227678,-0.4063590659455606
2021-04-16,1238.71,-3.4777400537056145,0.0,0.18133373142647255,0.6,-1.5484061510210456,-2.3336624585671086,1.8289918346594245,-0.24418250921702522,-1.3147926680381328
2021-04-19,1260.58,-1.9661706380362802,0.0,0.1799987805330199,0.6,-0.8098108608258143,-1.2810478091082678,1.4264210623285358,-0.124958928786193,-0.48292303392088237
2021-04-20,1268.28,-2.4208247280410737,0.0,0.17193166249613884,0.6,-0.9768092361361055,-1.6459072725374206,1.6130646959986759,-0.2185842390330889,-0.6746206360389168
2021-04-22,1227.8199,-5.498851279629054,0.0,0.2883848508696363,0.6,-2.7485452964399832,-2.3336624585671086,2.988314778545456,-0.7774415402205628,-2.9282926769126267
2021-04-23,1248.53,-3.5474050208980494,0.0,0.2818805471145944,0.6,-1.7890806524412544,-1.540912505520745,2.1240258573142947,-0.5463964658799846,-1.6336237003567724
2021-04-26,1215.77,-5.374174176780695,0.0,0.30261978986257404,0.6,-2.7485452964399832,-2.3336624585671086,2.7981349817127605,-0.9058703898823024,-2.83573975173578
2021-04-27,1219.75,-5.237520865868987,0.0,0.25797528966342315,0.6,-2.7485452964399832,-2.3336624585671086,2.6185272362023024,-0.9568043387083213,-2.7251840658772384
2021-04-28,1229.55,-4.398608482414639,0.0,0.24155500837759583,0.6,-2.7485452964399832,-1.985866279728722,2.052143376291948,-0.8309731444573253,-1.9627676858645549
2021-04-29,1239.39,-3.5952825267668826,0.0,0.21666629702696624,0.6,-2.2985566093452157,-1.4566405266895706,1.7328573088674568,-0.7983949221697135,-1.582075084465306
2021-05-04,1242.2,-3.9842819066800867,0.0,0.202629130897308,0.6,-2.5481640332729967,-1.6145836543349852,1.8174607226314061,-0.9378730094417437,-1.8277659742231847
2021-05-05,1256.4301,-2.196521789719786,0.0,0.20347289437388436,0.6,-1.4883344276947816,-0.5253356859542943,1.1873287986731347,-0.7455784171276832,-0.9021568819064503
2021-05-06,1250.5699,-2.3952408116091064,0.0,0.18723501559175948,0.6,-1.6642977397243626,-0.48729739069706307,1.2022944608104345,-0.868514662918261,-1.0696661860816368
2021-05-07,1241.8101,-3.430587761746689,0.0,0.19532698996818182,0.6,-2.288820839559334,-1.037021922546827,1.4922656713090654,-1.1184676422663293,-1.6450948284513371
2021-05-10,1259.58,-2.3522383131880504,0.0,0.1821625117908104,0.6,-1.755717258284107,-0.09584173094875138,1.1282115558694719,-1.04281606453122,-1.1756992388307899
2021-05-11,1256.04,-1.7491401917030374,0.0,0.16701907943610028,0.2,-1.3819134140209244,0.2516862191703436,0.8871553362762669,-1.005075825526153,-0.8437278822312893
2021-05-12,1269.09,-0.027719858052907304,0.0,0.17643663403168272,0.2,-0.30061854554182993,1.2054368743356374,0.33611506880824843,-0.7533001228835062,0.130722097447851
2021-05-13,1261.99,-0.6624455860902361,0.0,0.17094794915335787,0.2,-0.3061131056575449,0.026472083414087678,0.5188393034787246,-0.9111259448626858,0.18736046892853014
2021-05-14,1266.36,-0.32631235304178374,0.0,0.15411559978809825,0.2,-0.0406837868569742,0.1485165529033995,0.3976207234707389,-0.8994573815310054,0.39921794063324906
2021-05-17,1258.7,-1.3803000442341455,0.0,0.1677450290394456,0.2,-0.5365373649493793,-0.6762774951348576,0.8457251189346109,-1.1507793226517606,0.059215217728652944
2021-05-18,1252.6801,-2.195953298491597,0.0,0.16647005756584138,0.6,-1.0083399433700082,-1.2612575706042115,1.0780948503014092,-1.3254409093879782,-0.29496889532092385
2021-05-19,1262.49,-1.7913808182972284,0.0,0.14990017139331457,0.6,-0.7397056618764907,-0.8865746625362152,1.0283068645816313,-1.314305552584651,-0.09869358979861227
2021-05-20,1278.22,-1.2129880739559447,0.0,0.13833171883435538,0.2,-0.3750418943257114,-0.34939567499217,0.9474889480909561,-1.2767818150343602,0.16965527146483458
2021-05-21,1283.9301,0.13241567255883938,0.0,0.14683242420931378,0.6,0.4397952904181599,0.5845463755179197,0.5307607430308892,-1.0561256764178004,0.7679113543066115
2021-05-24,1297.98,0.6130372239518629,0.0,0.16022933753295804,0.6,0.44328412618845353,0.8676834935481703,0.02144442840559762,-0.7725229586580623,0.7670910789641737
2021-05-25,1308.58,0.5837239363563879,0.0,0.1511701921330873,0.2,0.4430603714885739,0.6178553227578024,-0.07708091133709563,-0.6949976421358518,0.7619064991654143
2021-05-26,1316.7,0.4068582942207631,0.0,0.13549665991079518,0.2,0.4465744430696548,0.2397434615698929,-0.049481989354756506,-0.7080148655864253,0.7611120779048831
2021-05-27,1303.5699,-0.46196742150203157,0.0,0.14298779157045527,0.2,0.025051767363674083,-0.2939512560312092,0.3109619433285859,-0.9125400216580759,0.3469605204733965
2021-05-28,1320.46,0.4233163558781312,0.0,0.15282103407102135,0.2,0.45301941413783664,0.19892360525277808,-0.07090439857010897,-0.6616892784687438,0.7573920017539787
2021-05-31,1328.05,0.6093263977563765,0.0,0.14754075631035476,0.2,0.4520546694751839,0.3914064502640074,-0.19977796628360883,-0.5520671800201795,0.7504459702042056
2021-06-01,1337.78,0.47807806345902437,0.0,0.13362290825669618,0.2,0.4359847452618705,0.3777957549268399,-0.0278967916001534,-0.6233782839569404,0.7265378080134662
2021-06-02,1340.78,0.891159901760468,0.0,0.13527625435420434,0.2,0.4562088340056429,0.8892018641636632,-0.2634058871418228,-0.47104472067811215,0.7449798108110183
2021-06-03,1364.28,1.5373367576856998,1.0,0.1696512947833646,0.6,0.4570696447809991,1.2064594051900137,-0.9513570770420372,0.0009272774715002695,0.7410526428820045
2021-06-04,1374.05,1.2807214954912698,1.0,0.1608479190748597,0.6,0.46023192775052274,0.4710967602429294,-1.0032970634406626,0.09603629768499972,0.7400347313356443
2021-06-07,1358.78,0.4451242186259149,1.0,0.16299686784632098,0.2,0.20888639703018277,-0.019542135284234773,-0.5165155876971694,-0.1344791781993921,0.3413610088512688
2021-06-08,1319.88,-2.0952228956247008,1.0,0.2396936957433993,0.6,-0.803106728292623,-1.1579894361236234,0.6986140752997904,-0.8063965731157438,-1.2402049714394825
2021-06-09,1332.9,-1.3010909667128219,1.0,0.22051699924114174,0.6,-0.4582259694246562,-0.5744448572716565,0.5409479052908871,-0.6628272364068395,-0.7061296393155071
2021-06-10,1323.58,-1.5423450961119858,1.0,0.1916721217818116,0.6,-0.4294583806562735,-0.9867271495265243,0.7052024045563623,-0.7072996048620562,-0.664426258222317
2021-06-11,1351.74,-0.11691337367476407,1.0,0.19645887719107288,0.2,0.2062448044661483,-0.22090846540952208,0.2455108728787086,-0.39821482861479396,0.3156041859548503
2021-06-14,1361.72,0.8002511833359323,1.0,0.19261455718483123,0.2,0.5003312521508748,0.5576578901761685,-0.060428574915858846,-0.18230450850922103,0.7696268003399338
2021-06-15,1367.36,0.9603790427381066,1.0,0.18439121858724908,0.2,0.489690643139881,0.610665648796253,-0.2525826892212593,-0.02825406076238865,0.7536662272489113
2021-06-16,1356.52,0.83800398964328,1.0,0.1612145770022144,0.2,0.4774726978549058,0.5785995170602242,-0.0918185345803466,-0.07947674304168935,0.7379291386891704
2021-06-17,1359.92,1.0862547656001438,1.0,0.16479943833847177,0.6,0.4654909834065081,0.7134358203882414,-0.3445581743638668,0.14282183815592747,0.7213320594814451
2021-06-18,1377.77,1.0844304389007067,1.0,0.159410792357714,0.6,0.45358221037482216,0.5584071013698813,-0.44963860371201986,0.22126352256414678,0.7048234010019742
2021-06-21,1372.63,0.4478482351419557,1.0,0.15431735518752945,0.6,0.27615020741270274,0.11760902332684967,-0.0694132845360174,0.08191348142698428,0.43317465756474427
2021-06-22,1379.97,0.278588071420125,1.0,0.13762922946610712,0.6,0.2795315859006406,-0.002576395571005861,0.12652255273633323,0.006006283357102142,0.4402080607015427
2021-06-23,1376.87,-0.4572135176504356,1.0,0.1486692492427224,0.6,-0.049858066984509425,-0.029255571979246647,0.6138571936946076,-0.2621824977252769,-0.0659135014831796
2021-06-24,1379.72,-1.0402111472308997,1.0,0.14436606261201232,0.6,-0.3014809781026509,-0.45518228118949716,0.8403775184766651,-0.4224445244798828,-0.30072829187025946
2021-06-25,1390.12,-0.4731422309627441,1.0,0.13819719347396855,0.2,-0.03732237293540904,-0.16561251186859727,0.6398989671779944,-0.338656200158763,0.10288641567266492
2021-06-28,1405.8101,0.5055461137612876,1.0,0.1419778754440324,0.6,0.4128676709814837,0.49153812000835123,0.3184939746143212,-0.15439895094985773,0.6506042552630313
2021-06-29,1410.04,0.4393437743156061,1.0,0.12721054697684447,0.6,0.4012716396437147,0.6311156039518288,0.5045910402892039,-0.22537445858311295,0.6355225100525828
2021-06-30,1408.55,-0.35888616550250046,1.0,0.1265567911326865,0.2,0.18015087449316408,-0.18525490489632096,0.8323443457124644,-0.39384387094834655,0.3827936380139284
2021-07-01,1417.08,0.36380343862582554,1.0,0.12582385986977296,0.6,0.38172335980430816,0.7811931357308944,0.7062984373219708,-0.28402580186881765,0.6059953184457623
2021-07-02,1420.27,-0.054179200821077245,1.0,0.11832580640661952,0.6,0.295561636105864,0.3307481791980701,0.8969435930020708,-0.3952543550387677,0.5031108455955982
2021-07-05,1411.13,-1.6744210757496172,0.0,0.14026461459685777,0.6,-0.2758756207607348,-1.2380173539461727,1.3858989521775158,-0.7143369998991144,-0.16601491632890217
2021-07-06,1354.79,-5.589752595323532,0.0,0.2994174269222293,0.6,-2.740539288540543,-2.3336624585671086,2.9124410831181144,-1.7121639359424061,-2.6578327401333417
2021-07-07,1388.55,-4.518939847030158,0.0,0.27206192242036287,0.6,-2.099038101628742,-2.075070964896328,2.3715789959655047,-1.5086819810643983,-1.9777362025229492
2021-07-08,1374.6801,-5.145738873653031,0.0,0.24794755458793813,0.6,-2.7485452964399832,-2.3336624585671086,2.4152366113376593,-1.6662707200875644,-2.2462021643990693
2021-07-09,1347.14,-5.904684637884059,0.0,0.27165172575270075,0.6,-2.7485452964399832,-2.3336624585671086,2.9098272883765692,-2.133808291074435,-3.0
2021-07-12,1296.3,-6.277840565309834,0.0,0.36920362275075136,0.6,-2.7485452964399832,-2.3336624585671086,3.0,-3.0,-3.0
2021-07-13,1297.54,-6.097274996787061,0.0,0.33039457454592047,0.6,-2.7485452964399832,-2.1428413754342555,3.0,-2.738603238614706,-3.0
2021-07-14,1279.91,-6.24157324195963,0.0,0.30631662765118495,0.6,-2.7485452964399832,-2.3179540882547376,3.0,-2.9093215060670654,-3.0
2021-07-15,1293.92,-5.503258105958688,0.0,0.28632234754010993,0.6,-2.432205108989104,-1.8680171908835834,2.438296185944069,-2.5759009937659982,-3.0
2021-07-16,1299.3101,-5.0802427704732,0.0,0.25049605014946,0.6,-2.230561933658806,-1.5942987370577595,2.075031272461522,-2.4753163232077684,-3.0
2021-07-19,1243.51,-6.254421058843438,0.0,0.35167706123711157,0.6,-2.7485452964399832,-2.2540294404764287,3.0,-3.0,-3.0
2021-07-20,1273.29,-5.178670695771261,0.0,0.33270515416921476,0.6,-2.251340272571389,-1.4951959654503373,2.069524134914453,-2.803006871283487,-3.0
2021-07-21,1270.79,-4.910731900521084,0.0,0.28615889991077287,0.6,-2.1725703794964084,-1.2905899145288757,1.7940594508295231,-2.7653828092125177,-3.0
2021-07-22,1293.67,-3.08415302417795,0.0,0.28604547983768425,0.2,-1.5705698831175268,0.36554302069412176,0.9240446325748949,-2.3165606753729477,-2.471761880363025
2021-07-23,1268.83,-3.741615615274773,0.0,0.2840706399783042,0.2,-1.8709632013114543,0.06275333833082639,1.1189248700836174,-2.577179588969644,-2.877347045211994
2021-07-26,1272.71,-2.8707004414478465,0.0,0.258506566425113,0.2,-1.6093894574199958,0.703731760911945,0.677695233390744,-2.3925166497842465,-2.4546440362063167
2021-07-27,1276.9301,-2.5084706913384984,0.0,0.2307634191010609,0.2,-1.4818160125108835,0.8347394253756084,0.458571887502638,-2.305198223466255,-2.21077253548803
2021-07-28,1277.0699,-2.717851389628353,0.0,0.20708921634444102,0.2,-1.5477980053177238,0.6496380353305814,0.47332370467742424,-2.406741237844284,-2.308762207327662
2021-07-29,1293.6,-2.039376774695493,0.0,0.19699590206839088,0.2,-1.2728823068111286,0.9597280273601579,0.13052727280832926,-2.242529164755862,-1.884054224163278
2021-07-30,1310.05,-1.1198029812600472,0.0,0.19449900915735294,0.6,-0.7814381585387312,1.0738346599637645,-0.23836498510875953,-2.037352588405663,-1.0466971375387912
2021-08-02,1314.22,-0.36931716690895694,0.0,0.17380183418458728,0.2,0.07599205652793971,0.5032641648129721,-0.21456091466655466,-2.026896687938196,0.22571820020439512
2021-08-03,1332.4399,0.04303562694672439,0.0,0.16304213058265596,0.2,0.34371546669674113,0.6888134049170997,-0.3127772047245258,-1.9480547871997933,0.491292563642468
2021-08-04,1334.74,0.10418353611466463,0.0,0.15054662656067183,0.2,0.4687997282802036,0.4709346632081829,-0.32580582247851997,-1.8949841096881088,0.6151147384948112
2021-08-05,1345.55,0.32353415214727876,0.0,0.1522890095710817,0.2,0.4586448448460643,0.5724623258942991,-0.5403524191775484,-1.6960710026305288,0.6020425568502151
2021-08-06,1341.45,0.01776786796564178,0.0,0.13919032474916077,0.2,0.4203416921949825,0.13931631449066256,-0.4043709451883919,-1.763872154860658,0.5552838536493786
2021-08-09,1359.86,0.5816312995761191,0.0,0.1624405401365546,0.2,0.44165923133903207,0.6139668375355041,-0.778972128200636,-1.352771712734168,0.5781120654095557
2021-08-10,1362.4301,0.6556141992014028,0.0,0.15478148444946838,0.2,0.43317823205433953,0.6774938906734131,-0.7906135948521682,-1.2327807706703022,0.5661508599580678
2021-08-11,1357.79,0.09983771047130019,0.0,0.15156022193252458,0.2,0.2983807734219536,0.25392640353763296,-0.4534319474027455,-1.398192496663595,0.3664284327863722
2021-08-12,1353.05,-0.024571507511400803,0.0,0.1348029672904177,0.2,0.3400616040487346,-0.04013650268837418,-0.35492832697687865,-1.413251782610851,0.42758681454672104
2021-08-13,1357.05,0.21693851210404963,0.0,0.12954603879375817,0.2,0.415363696151311,0.21892464445091336,-0.3608921618088068,-1.313166389770338,0.5384112779232567
2021-08-16,1370.96,0.6791582844434002,0.0,0.1463236378093605,0.2,0.4113063990592952,0.6600192107649833,-0.6667086834281322,-0.9631244490310912,0.530820017650291
2021-08-17,1363.09,0.15178419996873135,0.0,0.14550638935952526,0.2,0.26904024973283763,0.3429487469342163,-0.32968340088481096,-1.1474707353647948,0.3224294135393537
2021-08-18,1360.9399,0.17826447102654638,0.0,0.13240728176749259,0.2,0.3535865283322553,0.25785140260671113,-0.2302291699363183,-1.1287147899585537,0.44987667184129954
2021-08-19,1374.85,0.5507729707421478,0.0,0.12913913021475312,0.2,0.4060064531884894,0.8450448034476716,-0.2690008441016023,-1.0058972904715366,0.5180926676491054
2021-08-20,1329.4301,-2.740557013435819,0.0,0.24112974644384158,0.6,-0.5973596704349456,-2.3336624585671086,0.8466773172284537,-1.8671696873872954,-0.7795458470462762
2021-08-23,1298.86,-4.203310160843581,0.0,0.2828405110401682,0.6,-1.4006295701192046,-2.3336624585671086,1.6678017783079553,-2.502966034390721,-1.7272618906362918
2021-08-24,1298.74,-4.388081537424046,0.0,0.25373189381348604,0.6,-1.4910995532820281,-2.3336624585671086,1.7738002551132805,-2.6042519568884126,-1.8340692235057094
2021-08-25,1309.55,-3.6573861093999795,0.0,0.2351742650439347,0.6,-1.3073083452577636,-1.8947613725325096,1.4328123181297032,-2.3602166478699376,-1.3978543525899991
2021-08-26,1301.12,-3.643777117505193,0.0,0.20375429596357955,0.6,-1.5056547179332531,-1.812106937497105,1.368521572477553,-2.340510293904285,-1.318003625856411
2021-08-27,1313.2,-2.0475013599673684,0.0,0.21380521680115724,0.6,-0.7143572311369685,-0.9369623574229815,0.7593508379028207,-1.8708850333024387,-0.5118566835536348
2021-08-30,1328.14,-0.4829068457415845,0.0,0.21985182807141662,0.2,0.10107991923975497,-0.07213664518814025,0.18595795140659516,-1.4286392801468766,0.2660172220422244
2021-08-31,1331.47,-0.182958038706717,0.0,0.19601213811339951,0.6,0.2997938142502306,0.04281891322734732,0.08455121842268519,-1.3688562883920616,0.44168449954178635
2021-09-01,1334.65,0.14554781359608138,0.0,0.17952868173646472,0.2,0.5015093930858654,0.17473043162788882,-0.045911456791973886,-1.2667809424128507,0.595534655289855
2021-09-06,1346.39,0.5825600833849295,0.0,0.18302391178979863,0.2,0.504566431240995,0.475516508237577,-0.428004134641043,-0.9371215961261771,0.5959455633113435
2021-09-07,1341.9,-0.8030093636433699,0.0,0.21076118622150622,0.6,-0.2057749609531425,-0.21250669307514364,0.1322637997208236,-1.4160056708556905,-0.05805308647919306
2021-09-08,1333.61,-1.1329593281866093,0.0,0.1984427875443545,0.6,-0.41100178492453954,-0.22895077973505865,0.28477429250505554,-1.5886947153169064,-0.24745472356448892
2021-09-09,1343.98,-0.23229239324283904,0.0,0.19236647032375145,0.2,0.10928235207145595,0.1544419818700438,-0.06271876488882913,-1.3324238524400849,0.22838065522773454
2021-09-10,1345.3101,-0.02899533975926044,0.0,0.1684537040520121,0.2,0.14546392358474874,0.5833265691592413,-0.057431433284279194,-1.3654707926425032,0.2600545970924327
2021-09-13,1341.4301,-0.8157138703352157,0.0,0.17293444836186966,0.6,-0.20271672699445148,-0.02142876273505997,0.18861797952142784,-1.624047422036571,-0.05976127564501741
2021-09-14,1339.7,-2.1465864609258114,0.0,0.1728858410670065,0.6,-0.4925947107883601,-2.045095584958378,0.44589366268514125,-1.8412396863276854,-0.3256215117224689
2021-09-15,1345.83,-0.8990035077030347,0.0,0.17042957780595278,0.2,0.01243300576779978,-0.7007969468636307,0.19604607664017804,-1.5890395998386422,0.13397681176276477
2021-09-16,1345.87,-0.6295138782119958,0.0,0.15189215056693334,0.2,0.12742055251390957,-0.2792991927642349,0.24693146133148103,-1.5692447927568691,0.23718575775107587
2021-09-17,1352.64,0.2931529383975735,0.0,0.1492079897297195,0.6,0.5478343080582772,0.6195020584109722,0.07836930550566157,-1.3716140665490177,0.6175746285681321
2021-09-20,1350.48,-0.18601038208696108,0.0,0.14596413139845146,0.6,0.3610057836456119,0.3163216379282061,0.337832297893565,-1.5318478249279919,0.44587624488954225
2021-09-21,1339.84,-0.44000550816163553,0.0,0.1358867768512942,0.6,0.2945353567322337,0.07924248605896606,0.47047494683341834,-1.618357545368995,0.3837707520980701
2021-09-22,1350.6801,0.6841304934729799,0.0,0.1464134990049085,0.6,0.5845986864564665,1.3456419349825026,0.06252860108780812,-1.2836956427712145,0.6444169956810435
2021-09-23,1352.76,0.11313694592049711,0.0,0.14163314955945328,0.6,0.4227609601266634,0.6465714319060918,0.22477451604262885,-1.4286488405834212,0.5009699888897111
2021-09-24,1351.17,-0.7364876060681992,0.0,0.14889861153559564,0.2,0.074075894097158,-0.12602732994010832,0.489477760386781,-1.6699028945437824,0.2040540658447631
2021-09-27,1324.99,-4.019596354280749,0.0,0.24741966511884536,0.6,-2.0989215578954465,-2.1819315929669894,1.4453550756596398,-2.5081809067068073,-1.0430321253010015
2021-09-28,1339.3101,-2.413953524388077,0.0,0.24069389635750219,0.6,-1.445279755911812,-0.8798518588672024,0.8665025228850554,-2.107101643269354,-0.3852886138857086
2021-09-29,1339.21,-1.8933535852566203,0.0,0.2133657468977904,0.6,-1.077506682824753,-0.5259434182976821,0.7205005048780061,-2.018762799487548,-0.1997478755991617
2021-09-30,1342.0601,-1.4038457114589806,0.0,0.19028818715775453,0.6,-0.7435304338527953,-0.19132521889071036,0.5662151801388314,-1.9421267950194747,-0.028738595360914842
2021-10-01,1334.89,-1.8484807192720367,0.0,0.17920876242607992,0.6,-1.045937266584859,-0.4872638036969203,0.6726533311421008,-2.073935565173401,-0.1867641115976125
2021-10-04,1339.54,-0.8449400051864566,0.0,0.1703932661217107,0.2,-0.3588065205237488,0.21837513339536485,0.4037776567227571,-1.8817708116014031,0.16700458748871866
2021-10-05,1354.63,0.09998004981281883,0.0,0.16352994913151728,0.6,0.3494453970334941,0.7804273235013593,0.1664998424623097,-1.6878631258979178,0.5304147031934677
2021-10-06,1362.8199,0.7152905798408931,0.0,0.15711769940839693,0.2,0.6769649462106312,1.2427941039221542,-0.06186955681588554,-1.5084465568161507,0.6971683321610849
2021-10-07,1365.99,0.8429790137529342,0.0,0.14942401427029156,0.2,0.6793443280536412,1.2068118646250727,-0.24210138093066072,-1.36371842978456,0.6971716573204501
2021-10-08,1372.73,0.7108968110576726,0.0,0.1328560354696701,0.2,0.6817086075329032,0.8627506151597603,-0.2623173944918905,-1.3671575857769391,0.6971716572321552
2021-10-11,1394.09,0.8450800490432059,0.0,0.1372602709925962,0.2,0.6833335420765275,0.6348225969781258,-0.5583375611037478,-1.1172499122752158,0.6966932143445252
2021-10-12,1394.8,0.7618562517766985,0.0,0.12511509579958455,0.2,0.6827482328053507,0.4057033578971878,-0.5655522422599571,-1.0900425428642952,0.6948319673877731
2021-10-13,1391.91,0.7434430225730035,0.0,0.11202461573458432,0.2,0.6828924567215331,0.4186798630665289,-0.5310784387938897,-1.1219626270852696,0.6936735087323277
2021-10-14,1391.85,0.9347506006629869,0.0,0.10829128617355478,0.2,0.678939504872932,0.6835548402131463,-0.628041798638066,-1.0307438197488201,0.6902561110185418
2021-10-15,1392.7,0.8895826007832826,0.0,0.0976415372774555,0.2,0.6758583895896093,0.6539910592716188,-0.5731310413845924,-1.0501354921718233,0.6875708900317518
2021-10-18,1395.53,0.6405046556589644,0.0,0.0944040390583399,0.2,0.6166882497750851,0.5024169276577065,-0.36300654710216834,-1.1412330734828293,0.6325571173634084
2021-10-19,1395.33,0.6011449893455936,0.0,0.08574711314516742,0.2,0.6522507676471838,0.4640746898773999,-0.26054966290313786,-1.1721275736993395,0.6655799365151404
2021-10-20,1393.8,0.5460969710835581,0.0,0.07789507579088463,0.2,0.6697573977900524,0.42018102253499673,-0.16320105965823478,-1.1996154181272287,0.6824399085784522
2021-10-21,1384.77,0.8049092260060824,1.0,0.07327589296742992,0.2,0.6676150338442968,1.0509227546261541,-0.1200339559332907,-1.188480247274536,0.6806936360167282
2021-10-22,1389.24,1.0528156402273803,1.0,0.08396183687266724,0.2,0.6693613657803891,1.2831891477346928,-0.2803973324272561,-0.9829306447319266,0.6805280450970587
2021-10-25,1385.4,0.6579590483721333,1.0,0.08024320561167025,0.2,0.6479950065040133,0.6250488428477955,-0.13551406369017185,-1.0517477920264915,0.663645962438374
2021-10-26,1391.63,0.9497646665162751,1.0,0.08827105215209685,0.2,0.6631092015444141,0.9491085792674265,-0.2915610955730619,-0.8647059691562841,0.6763321717389771
2021-10-27,1423.02,1.2516134990709806,1.0,0.1197866062212014,0.2,0.6654256898570582,0.7783171863596887,-0.7589223754600181,-0.3841250379532444,0.6764216671313814
2021-10-28,1438.01,1.3189943782887796,1.0,0.12702976296644294,0.2,0.6584750540342673,0.5422326661900865,-0.9551757453520483,-0.11964052055031933,0.6721963873345267
2021-10-29,1444.27,1.1508568207516343,1.0,0.11670326727809645,0.2,0.6466441234544535,0.251593884600053,-0.8816967710443571,-0.10037536041822882,0.6651191608386321
2021-11-01,1438.97,1.1392214195824006,1.0,0.11166157780041365,0.2,0.6365469955558029,0.19602382913257127,-0.8829021413018834,-0.02130250117130554,0.6536453168881545
2021-11-02,1452.46,1.5530546692789537,1.0,0.13174024027870146,0.6,0.6260130066563269,0.4958282728440909,-1.216598233983698,0.40766342556617174,0.6425504770559073
2021-11-03,1444.3,-0.10696391674206573,1.0,0.18547558666704375,1.0,-0.09594642731606301,-0.23803690390512589,-0.4275698081984148,-0.2824832543835247,-0.1567085598525944
2021-11-04,1448.34,0.5243456711064983,1.0,0.17797645666077763,0.2,0.2560983350844136,0.011569111971209248,-0.5955338129290513,-0.04605780595844823,0.2463255921058051
2021-11-05,1456.51,1.4290694846912735,1.0,0.17907566888051804,0.6,0.6038067515614906,0.7222130352338161,-0.855507995474935,0.3084934799259916,0.6280856530921555
2021-11-08,1467.5699,1.9015019598172846,1.0,0.18500569539733536,0.6,0.5982536175901055,1.1729233617641994,-1.151822033739432,0.7419699886408869,0.6245140842901278
2021-11-09,1461.5,1.5821156141103785,1.0,0.16381673169884234,0.6,0.5899223865725964,0.6309717807071921,-1.0099411610944264,0.7298389403638228,0.6192197090583145
2021-11-10,1465.02,1.5635438633670673,1.0,0.1611269531261519,0.6,0.5825534946470357,0.4080408594486229,-1.0984332589399737,0.8700590562533533,0.6145525226861079
2021-11-11,1462.35,1.4519385781496255,1.0,0.14722237325119897,0.6,0.5853087378247591,0.2783521507079399,-0.989757460655818,0.8594017731605187,0.6150273170652373
2021-11-12,1473.37,1.5804900958477475,1.0,0.14822692803387671,0.6,0.5880579211648747,0.4682592575227437,-1.0847353189856583,0.8489633164276583,0.6155015543944032
2021-11-15,1476.5699,1.5853895925585397,1.0,0.1388443508473115,0.6,0.5907608957789271,0.5750791373021545,-1.0001456284624421,0.8388701308236785,0.6159720038565114
2021-11-16,1466.45,0.9500338661979898,1.0,0.14751465161288194,0.6,0.378450349736611,0.22061114105016685,-0.5359923760703439,0.8278131417120067,0.3127472185815811
2021-11-17,1475.85,1.3596536600881939,1.0,0.14139254757140546,0.6,0.5912241809497101,0.5497646959238798,-0.577094288778208,0.8160597095284016,0.6101079658547172
2021-11-18,1469.83,1.4505299518971468,1.0,0.13427916184173042,0.6,0.5950621883495872,0.7365404336979137,-0.5893878781577836,0.8069564021485957,0.6167765819625024
2021-11-19,1452.35,-0.1723332217999409,1.0,0.17606351447840957,0.2,0.09907617384453359,-0.7032543643324123,0.10279991273904462,0.5455046890175689,-0.05765761661121179
2021-11-22,1447.25,-2.4337037807663284,0.0,0.23356119227896022,0.6,-0.6795630676083821,-2.3336624585671086,0.978942873351796,-0.36107698877717076,-0.9953914666416109
2021-11-23,1463.63,-0.9763674128386108,0.0,0.22909216904464882,0.2,-0.3009221256127397,-1.0288548062476197,0.49871871788027955,0.10702197162850713,-0.3389654540305414
2021-11-24,1488.87,0.4786549321547215,0.0,0.22291297616179548,1.0,0.2294854328655373,0.325252873636404,0.14413539825793337,0.5279883098412905,0.2706545747510067
2021-11-25,1500.8101,1.4974258965709646,0.0,0.21781755941659464,0.6,0.6354155186572583,1.2178576592741235,-0.19091792510638025,0.784667700788341,0.6498806886737403
2021-11-26,1493.03,0.4246325681818395,0.0,0.21814225006481833,1.0,0.21510322010242025,0.3886088546643094,0.2555441416170554,0.4881722597575429,0.2531535283345126
2021-11-29,1484.84,0.43703563080300156,0.0,0.18896909926605154,1.0,0.2607788916437634,0.426964638627189,0.3078020492583096,0.4167371945804156,0.2946313265847662
2021-11-30,1478.4399,0.7596265636079962,0.0,0.1701690963038078,1.0,0.4537743351189236,0.6428563504989987,0.24505929638583965,0.46483628894496143,0.47405067436596005
2021-12-01,1485.1899,1.0993226168914174,0.0,0.15605575897638901,1.0,0.6551511038222849,0.8166018046755895,0.14063945739850456,0.5384773555374497,0.6609594638875279
2021-12-02,1482.05,0.8361493810666036,0.0,0.14442343439753047,1.0,0.5622649497647179,0.6290333850997729,0.2517348552243002,0.3763915671227183,0.5956911655213344
2021-12-03,1443.3199,-2.9199062043924084,0.0,0.25336644650454776,0.6,-1.9598673828723756,-1.5824283880622294,1.3322000889128085,-0.853924057030898,-0.7145787108499465
2021-12-06,1413.58,-4.920662172513137,0.0,0.3107292272937188,0.6,-2.7485452964399832,-2.292004054259698,2.21585284545468,-1.9236399087854523,-1.847817236692982
2021-12-07,1446.77,-2.346324355823063,0.0,0.31251004676180527,0.6,-1.3068438992252882,-0.9870612897496575,1.1908397506742536,-1.0544964788807962,-0.7619158095290713
2021-12-08,1452.87,-1.7366094988582321,0.0,0.27408586753032027,0.6,-0.944972566503955,-0.6991164533085086,0.9182764203654872,-0.909105223622562,-0.49965299017345055
2021-12-09,1467.98,-0.22183106556639814,0.0,0.2599971240151819,0.2,-0.08483093434928385,0.14520041920666943,0.35601356936073303,-0.4485695189882111,0.12790854550064207
2021-12-10,1463.54,0.1407808821274973,0.0,0.22765340960565025,0.6,0.14631352480726592,0.35027474542214004,0.23541237865705375,-0.392152997916137,0.29579360973907604
2021-12-13,1476.21,1.2628939768506795,0.0,0.22490319789573637,0.6,0.7291009014850768,0.9397955895106577,-0.21382731692031012,0.10806690105228062,0.718809836115238
2021-12-14,1476.02,1.179641583803497,0.0,0.19491512385911688,0.6,0.7258900315405068,0.8212066958857152,-0.1815209833621473,0.06928686921441073,0.7145572680595282
2021-12-15,1475.5,0.9663740249501725,0.0,0.17588820962191584,0.2,0.6592360366922697,0.6759836266549093,-0.08655484084804199,-0.07586545796152913,0.6589262014321039
2021-12-16,1476.61,1.277578465162439,1.0,0.16696324646564006,0.6,0.7295671074516663,0.8145460588040434,-0.3458994276551677,0.13305774454573424,0.7148091790810047
2021-12-17,1479.79,1.2501669054696856,1.0,0.14714342538586897,0.6,0.7310447043721473,0.7744753128966225,-0.34746811610495143,0.09459729849688157,0.7146981911367761
2021-12-20,1477.33,0.6878911276327899,1.0,0.1444082607942761,0.2,0.5439338168966255,0.27579941385657497,-0.15718357434767782,-0.1525660911937228,0.5437142198190139
2021-12-21,1478.74,1.3653790483510557,1.0,0.14423161825913405,0.6,0.7329124457590066,0.9142789448179032,-0.4397414163483801,0.11810287381864465,0.7138820715760013
2021-12-22,1477.67,1.3143619431476854,1.0,0.12945122573371093,0.6,0.7342725963050617,0.777158748427253,-0.46602582039118295,0.10669135654710397,0.713754046259933
2021-12-23,1456.96,0.2875530351606775,1.0,0.15022762853622587,0.2,0.30156458395968755,0.1759179188228774,-0.06297948532579657,-0.37478165322995466,0.28304727740858404
2021-12-24,1477.03,0.9201136726707431,1.0,0.1488114051969205,0.2,0.7117697552789287,0.26751477949278246,-0.29014828231417106,-0.09527635944092187,0.6884186317336527
2021-12-27,1488.88,1.390243506145341,1.0,0.14723699617625646,0.6,0.7420991233331432,0.9527976470373898,-0.40705464417123904,0.17414342991482468,0.7171430531466663
2021-12-28,1494.39,1.5887249087658022,1.0,0.14564225091514058,0.6,0.7377140954953535,1.0801490455560219,-0.5561459694303587,0.4316012023103272,0.7118992324244648
2021-12-29,1485.8199,0.792703137762387,1.0,0.1434931669212636,0.6,0.5913202843653902,0.16383049184949441,-0.24102393000141678,0.16923638214486628,0.536518016770983
2021-12-30,1485.97,0.6706418325748267,1.0,0.12995563218465955,0.6,0.5903112277112796,0.09486992277643005,-0.11426593323916805,0.07173300089711242,0.5338454304709095
2021-12-31,1498.28,1.0671925479323052,1.0,0.12353518819965414,0.6,0.7446235614166403,0.45509836530391495,-0.18800333201670968,0.19254677511238763,0.7154474081108175
2022-01-04,1525.58,1.8274632941022744,1.0,0.1455920804563792,0.6,0.7456298290629936,1.1831520711225592,-0.7228076943282018,0.8042978102887368,0.7152594116196443
2022-01-05,1522.5,1.7312326292945297,1.0,0.13441322347317225,0.6,0.7465938676873491,0.9122278974325582,-0.7425161641130066,0.8573822144693674,0.7150690091975945
2022-01-06,1528.5699,1.7026639862840947,1.0,0.12564375069490663,0.6,0.7475251282922215,0.8190864556004714,-0.7611992433242138,0.8702384373669128,0.714874991320884
2022-01-07,1528.48,1.5530504193009027,1.0,0.11289965443502833,0.6,0.7484091740143067,0.553915018033345,-0.689855993519007,0.8828157906317895,0.7146735769319524
2022-01-10,1503.71,-1.3168815841049253,1.0,0.2056843917665509,0.6,-0.6373722057398524,-1.3373774640439546,0.3681791861554229,-0.203532926111763,-0.337670583477072
2022-01-11,1492.3101,-2.5250421701655594,0.0,0.21050816397114316,0.6,-1.1776917443743906,-2.1793583180533247,0.8293933844306164,-0.6997299735036742,-0.7447647355270827
2022-01-12,1510.51,-2.3371048391535423,0.0,0.18343031431387607,0.6,-1.0648740490072133,-2.0111784710218203,0.7940164284581896,-0.7065808794444515,-0.6614036186557443
2022-01-13,1496.05,-4.092605155511817,0.0,0.23095703753532168,0.6,-2.3920969597257407,-2.071146305526675,1.6188860429876997,-1.6411160198758636,-1.4932838449635912
2022-01-14,1496.02,-3.903689885030043,0.0,0.19942800841902394,0.6,-2.249476673964579,-1.9587960232899855,1.5528410254029998,-1.6487908643604012,-1.4149734864122512
2022-01-17,1452.84,-5.88490505987357,0.0,0.34843056102677994,0.6,-2.4976454008107436,-1.9697759244839177,3.0,-3.0,-3.0
2022-01-18,1438.9399,-5.831093578838329,0.0,0.34994008932567006,0.6,-2.4176518120954738,-1.921366097415914,3.0,-3.0,-3.0
2022-01-19,1442.79,-5.471494722299929,0.0,0.31040664483069497,0.6,-2.086026895043173,-1.6714034656792234,2.8198316586432473,-3.0,-2.993418985461605
2022-01-20,1465.3,-3.9579531166847506,0.0,0.3033212801870868,0.6,-1.4734883330207824,-1.1388651990180767,1.7831239376459291,-2.7149252121291028,-2.180954417641578
2022-01-21,1472.89,-3.696893781008284,0.0,0.2562952167088221,0.6,-1.416289138040725,-0.9622579987916533,1.5711325779336724,-2.6716013332422235,-2.095268718353771
2022-01-24,1439.71,-5.609393202721954,0.0,0.3578833552287515,0.6,-2.2270653398757525,-1.860538737012441,2.7488030467771387,-3.0,-3.0
2022-01-25,1479.58,-4.157658138542412,0.0,0.3441032084731334,0.6,-1.61735504852158,-1.1355892202277034,1.5891796232513469,-3.0,-2.4225777474271113
2022-01-26,1481.58,-4.043894476771593,0.0,0.2982753690216627,0.6,-1.6420400678784661,-1.0281815130606307,1.4144929612516692,-3.0,-2.4240796665662674
2022-01-27,1470.76,-4.093558265141581,0.0,0.26877383583955755,0.6,-1.719974271823218,-1.0836071050193121,1.3098513199671535,-3.0,-2.491415840312214
2022-01-28,1478.96,-3.084632025965257,0.0,0.24278513254822331,0.6,-1.4897424006941336,-0.0498241719896279,0.7510392854072266,-2.9413265287022186,-2.1761647907975163
2022-02-07,1497.66,-1.4123200193844045,0.0,0.2509655409149565,0.6,-0.966708722278335,0.9587986948318963,-0.13223906767164617,-2.223971206610647,-1.5080120991573422
2022-02-08,1500.99,-1.0347794751754988,0.0,0.22457633846208097,0.6,-0.8297433874665651,1.066891072252627,-0.41556414032107025,-2.038650171791786,-1.352624533920496
2022-02-09,1505.38,-0.5443458446416327,0.0,0.20879814836255578,0.6,-0.6146879400333639,1.072255615751391,-0.7954301703889421,-1.7693104798343309,-1.0897991294314389
2022-02-10,1506.79,-0.4933635650683641,0.0,0.18550969484193183,0.6,-0.5356509650639744,0.8277588698371753,-0.9334412451565582,-1.6877129933760562,-1.0143292303979758
2022-02-11,1501.71,-0.04296285576064947,0.0,0.16484788998539499,0.6,-0.0950353157159799,0.5537247938331544,-0.917580044244381,-1.737882459231744,-0.20014686093341927
2022-02-14,1471.96,-1.3238403474766511,0.0,0.20020375828123257,1.0,-0.466437495615489,-0.446352902617707,-0.20283695117844194,-2.2711450708960617,-0.48106873885076484
2022-02-15,1492.75,-0.36890288267435745,0.0,0.19546985356829494,0.6,-0.03310381134714195,0.17319248505682827,-0.5223352440278025,-1.901782727265719,-0.06668579280682856
2022-02-16,1492.1,1.014573903209774,0.0,0.18979021035641555,0.2,0.8646143673313759,0.8107161736365915,-0.8067947242418801,-1.5719726933099438,0.8099086163119795
2022-02-17,1507.99,1.2832311243450174,0.0,0.17449458853463287,0.2,0.8513410183296208,1.2010963638385617,-0.9217220222341866,-1.4172635832398632,0.7992822186845498
2022-02-18,1504.84,1.2048646257521718,0.0,0.16193378130841202,0.2,0.8386785222875827,0.8160780802327184,-1.0327916790272145,-1.264469337088806,0.7867925779073303
2022-02-21,1510.84,1.3709955534890723,0.0,0.15847027898047883,0.2,0.8305813259632493,0.8860330325868055,-1.1533302789374895,-1.0090186648414443,0.7768217685551131
2022-02-22,1503.47,0.5513327240149642,0.0,0.1667676352088028,0.2,0.552952392566738,0.40142461762545933,-0.680987705407583,-1.3149243079632527,0.47150453687358124
2022-02-23,1512.3,1.2455055003493134,0.0,0.1664847736399219,0.2,0.8230506706758776,0.8329718017964997,-0.9375803683275615,-0.9969012330990015,0.7658939725332189
2022-02-24,1494.85,0.006151954973868168,0.0,0.18946936860706126,0.2,0.4017021625012951,0.0865771505566905,-0.25147928182356827,-1.4548616703391242,0.2891852701933743
2022-02-25,1498.89,0.5470966894408149,0.0,0.17570101519587314,0.2,0.6266508470509425,0.5229195531883695,-0.3646514430815455,-1.2713042860081687,0.5420955708383252
2022-02-28,1490.13,0.284938955588815,0.0,0.160965411273611,0.2,0.5208399436183373,0.37863786675922406,-0.18644131642104872,-1.3664794771770035,0.4741326073957972
2022-03-01,1498.78,0.9865720764545768,0.0,0.1567768280809285,0.2,0.8111812200764197,0.8912647265575815,-0.43704407622469227,-1.1211418272976088,0.7483187113968781
2022-03-02,1485.52,-0.2523122098782256,0.0,0.1687625433329754,0.2,0.46058478867527103,-0.43088349169126444,0.006416618817916383,-1.4537741479310655,0.40770893538598435
2022-03-03,1505.0,0.9493057161349263,0.0,0.17387399340225926,0.2,0.8089689273297123,0.717768318950902,-0.47550501610268403,-1.0516551658119417,0.7437659998557935
2022-03-04,1505.33,0.9812680575328889,0.0,0.1545085139585323,0.2,0.8090001300381068,0.7378663847120214,-0.4902804233692987,-1.0094941182565798,0.743260944821678
2022-03-07,1499.05,0.7370484824054584,0.0,0.13921548816881374,0.2,0.7992414802560552,0.4033360088573834,-0.3370414314554096,-1.061517446502704,0.7362190196140964
2022-03-08,1473.71,-1.7761256972028172,0.0,0.1972337481047565,0.2,-0.2848647136526808,-1.8299246983660304,0.5585315144610112,-1.7311376607222058,0.010019625624273372
2022-03-09,1473.74,-1.4457875344343822,0.0,0.17372263142524608,0.2,-0.1271270753899557,-1.5060696230349822,0.47308108217380634,-1.6674232687082342,0.1136600150935573
2022-03-10,1479.08,-0.913818876292428,0.0,0.15847617699281807,0.2,0.13957411669927314,-1.0688083776858845,0.2978190351305139,-1.54430121361747,0.2908315125762253
2022-03-11,1466.54,-1.9192889993912075,0.0,0.16785040052267428,0.6,-0.3149387032690468,-1.9233775652909721,0.6435903875366307,-1.8299840525322533,-0.012684223728344055
2022-03-14,1446.25,-3.362054013494166,0.0,0.20616701914540256,0.6,-1.7464477925853883,-1.8776030825312144,1.2688555335385665,-2.350030364927468,-0.6196796159839096
2022-03-15,1452.74,-2.505394213489963,0.0,0.19327854134434627,0.6,-1.4825035273879663,-1.2371234579082384,0.8471375282971673,-2.0809256701414838,-0.29168252606565476
2022-03-16,1459.33,-1.6615719678166134,0.0,0.17865052639078582,0.6,-0.9188747740417093,-0.7575461795102293,0.49394505772606156,-1.8829271450468341,-0.036478757675737467
2022-03-17,1461.34,-1.1547268545810723,0.0,0.16060015507129857,0.2,-0.6000917368743719,-0.3743215803759408,0.3304270509470848,-1.7817637900199454,0.10906926037337769
2022-03-18,1469.1,-0.7258904384507251,0.0,0.1428862321325986,0.2,-0.39893439788368845,0.10252235778315767,0.21223883232861182,-1.726624288968442,0.2012100510411927
2022-03-21,1494.95,1.205520479096596,0.0,0.1589963846202704,0.2,0.8942884815824522,1.3640347913641437,-0.42180368790469874,-1.2637381774195726,0.7918131550518397
2022-03-22,1503.78,1.2549251035174365,0.0,0.14810776307845586,0.2,0.8936413448551249,1.1540778443523174,-0.6242303814644893,-1.1273356353495458,0.7908566127451836
2022-03-23,1502.34,1.245051606624316,0.0,0.13768293748394705,0.2,0.8929607948884093,0.9094639693048051,-0.7514586478157163,-1.0146122657656258,0.7898815128475383
2022-03-24,1498.26,1.3052869493746906,1.0,0.13043498416238178,0.2,0.8915765578205546,0.7615599935058781,-0.9261784028398325,-0.8835471990848719,0.7885367944465758
2022-03-25,1498.5,1.3164805958854309,1.0,0.12048974584800826,0.2,0.8847724410717488,0.6501038874213904,-1.0153827967896722,-0.8134542263332561,0.7840828046578047
2022-03-28,1483.1801,0.4907671905034484,1.0,0.134966714593113,0.2,0.4631541552481793,0.16185273232594494,-0.6608271554168722,-1.0956308848133902,0.4917221485592699
2022-03-29,1497.76,1.2974783239616223,1.0,0.14410637471365959,0.2,0.8630542552902205,0.5803470646867313,-1.0466476189521,-0.7479611331049194,0.7668615551704606
2022-03-30,1490.51,0.12459069657712044,1.0,0.16814398889480706,0.2,0.26532700034345796,0.006249780725213337,-0.46883962685047204,-1.1559712806154625,0.32493540032276413
2022-03-31,1492.15,0.1889861936774097,1.0,0.15050030734033856,0.2,0.248126247850993,0.3131382831010867,-0.38754900235128614,-1.1979883444770865,0.31504468261142254
2022-04-01,1516.4399,1.4356561629477649,1.0,0.16533931853777803,0.2,0.843516900534912,1.0895620582760688,-0.9179129827045743,-0.7360374572115265,0.752659025898638
2022-04-04,1524.7,1.2719661290458246,1.0,0.14787949913488643,0.2,0.8347634319755711,0.7859801774469445,-0.8406917460737485,-0.6922647665353591,0.7480258453893016
2022-04-05,1520.03,0.7283523279542122,1.0,0.139708128368945,0.2,0.7340249639175849,0.1186364369309994,-0.5860005568855963,-0.8065736716161457,0.6655873788502134
2022-04-06,1522.9,0.0501699302432852,1.0,0.14125841091309263,0.2,0.5140471418538861,-0.4769209809550226,-0.2540189805522218,-0.9997168935888748,0.4859914440804515
2022-04-07,1502.35,-1.8807196273210198,1.0,0.1905351215171682,0.6,-0.2841935466023441,-1.9517209574851668,0.5604767842009206,-1.576062349960692,-0.16454803526281564
2022-04-08,1482.0,-3.2475594225144215,1.0,0.23594969407417105,0.6,-1.1678823304235442,-1.9043357970951702,1.413000970047815,-2.1839231034890956,-0.887470247833795
2022-04-12,1455.25,-4.757942744276766,1.0,0.28506219481016515,0.6,-2.16994849883514,-1.8586719562273235,2.294767198983534,-2.8405047984004113,-1.7191485421801123
2022-04-13,1477.2,-2.848054663961734,1.0,0.2844553808194438,0.6,-1.209100688581569,-1.0398504811156435,1.267771917239845,-2.191072681241714,-0.9313667265627241
2022-04-14,1472.12,-2.91997485851407,1.0,0.24863065752331542,0.6,-1.2567216022937708,-1.1194313773591837,1.230649107665826,-2.220012673765887,-0.9741584195151026
2022-04-15,1458.5601,-3.4720042533947786,0.0,0.23860125453441972,0.6,-1.5639925152169833,-1.3953877437992472,1.4174001090730715,-2.4152457582458124,-1.2352869490575136
2022-04-18,1432.6,-4.61648698230747,0.0,0.2718112103399918,0.6,-2.0207894842807383,-1.7481148466456224,2.0239186095740624,-2.8925789062880183,-1.8943127931672057
2022-04-19,1406.45,-5.368977813091441,0.0,0.3225471917127854,0.6,-1.9653171339684428,-1.708514678693073,2.810993676791779,-3.0,-2.702816582324159
2022-04-20,1384.72,-5.417130027322036,0.0,0.35481800941677655,0.6,-1.9132590491124168,-1.6805050204621144,2.7670197492415487,-3.0,-2.919649067419113
2022-04-21,1370.21,-5.354751508192658,0.0,0.34938698541856533,0.6,-1.8691297260947675,-1.6873629988653733,2.721217722444098,-3.0,-2.8620757054876003
2022-04-22,1379.23,-5.2764402396731125,0.0,0.3114480509720714,0.6,-1.821876819934233,-1.6585299519117676,2.6737892798119156,-3.0,-2.805114378666185
2022-04-25,1310.92,-5.203589832625937,0.0,0.49137159574111056,0.6,-1.7775224659842062,-1.6357524532555938,2.629920363938869,-3.0,-2.7512753475660015
2022-04-26,1341.34,-4.841641151077624,0.0,0.46038073222313525,0.6,-1.4276161043242823,-1.263487417877585,2.6076971032739484,-2.980356073123893,-2.71200685704512
2022-04-27,1353.77,-4.3879644098512065,0.0,0.40637072923463713,0.6,-1.239931241555931,-1.0242597833100089,2.131755931787967,-2.9177160883516966,-2.6657404546279735
2022-04-28,1350.99,-4.124606330543543,0.0,0.33972930605994955,0.6,-1.2483840997110416,-0.9394211869522278,1.712712064743924,-2.8577099160513995,-2.6293682109515495
2022-04-29,1366.8,-3.3119355481296404,0.0,0.32141458023169744,0.6,-1.0380902993552987,-0.34554712929699194,0.8061327979043664,-2.8007508053029655,-2.5937801176060846
2022-05-04,1348.6801,-3.3222431062893376,0.0,0.3057005868264626,0.6,-1.1768174723253448,-0.19875525035737124,0.8900276741289777,-2.7467780837996445,-2.5545021767159777
2022-05-05,1360.6801,-3.1062519509612683,0.0,0.2711571214425347,0.2,-1.208155092085658,0.15071099412540898,0.7854770394547204,-2.69545956663757,-2.514884202690409
2022-05-06,1329.26,-3.940072100181795,0.0,0.32803484140712336,0.6,-1.543013011245644,-0.8655017933959793,1.365936646546738,-2.6463368098526643,-2.4779929463237
2022-05-09,1269.62,-4.928402976634189,0.0,0.4981152398275134,0.6,-1.7731322096532705,-1.7106290623796552,2.5488647736316477,-2.5997261974155523,-2.4390439815768166
2022-05-10,1293.5601,-4.264781327972261,0.0,0.4385829950168571,0.6,-1.5559335663498022,-1.308117011307467,1.7880677330054664,-2.554957922144545,-2.4020112230460122
2022-05-11,1301.53,-3.7604531871806524,0.0,0.38151021450354333,0.6,-1.417659751722323,-1.066685744138079,1.1355701068689599,-2.5118185308747485,-2.3683594090379385
2022-05-12,1238.84,-4.7139986212056275,0.0,0.5181289752736637,0.6,-1.7119975676956063,-1.6391619290709785,2.426923189412151,-2.470505129067147,-2.334215239546165
2022-05-13,1182.77,-4.659316277299831,0.0,0.6046490276000013,0.6,-1.6795632552128532,-1.603738853051456,2.4427878652128774,-2.430869712472589,-2.300411804281616
2022-05-16,1171.95,-4.558073210661004,0.0,0.5287248294179562,0.6,-1.6401771652460435,-1.57349826149752,2.3594066499668855,-2.3931041374542144,-2.266765383125457
2022-05-17,1228.37,-3.6150481628214495,0.0,0.5439129332761324,0.6,-1.143353495900749,-0.9261714474843458,1.4974559507555827,-2.356514215075377,-2.2342594194685113
2022-05-18,1240.76,-2.938130052896857,0.0,0.4732082579761834,0.6,-0.9105219393700557,-0.6238222882066633,0.9191739081806654,-2.3212640545843226,-1.899861411356682
2022-05-19,1241.64,-2.3735213823688666,0.0,0.3969463363343634,0.6,-0.7582823066119714,-0.328574264590947,0.6298595569707989,-2.2870111521422807,-1.4282072649575404
2022-05-20,1240.71,-1.791619894638091,0.0,0.340142799257046,0.2,-0.6010782151234815,0.07270687611852167,0.28981650171955314,-2.2538464915995187,-1.07212738706268
2022-05-23,1218.8101,-2.2036288525089205,0.0,0.3381442437084214,0.6,-0.7952270656205984,-0.2294464772054763,0.5175614030732545,-2.221794874107607,-1.283305110108057
2022-05-24,1233.38,-1.6270686430504644,0.0,0.3036354984077682,0.6,-0.6485594723916933,0.16232715132254683,-0.005541904770168779,-2.1908025668175495,-1.1005324741961253
2022-05-25,1268.4301,0.026132116587873483,0.0,0.3396902104630825,0.6,-0.1383070789266863,1.235038435768545,-1.1537341606175713,-1.8322292725778528,-0.5049359409366113
2022-05-26,1268.5699,0.12289440188689849,0.0,0.29216817650299615,0.6,-0.07248863943468531,0.9724038880453525,-1.3761931274812425,-1.7384740142770059,-0.42760246918149186
2022-05-27,1285.45,0.6097539766004065,0.0,0.26872706205494695,0.2,0.08999190107746663,1.2342478113064246,-1.7031454791001388,-1.592657498667514,-0.23932660036019984
2022-05-30,1293.92,0.6052968866573609,0.0,0.2441639664564142,0.2,0.2153274876295845,0.6809165705238787,-1.829287547365378,-1.4776956383451132,-0.09470373215308042
2022-05-31,1292.6801,0.5776937652716918,0.0,0.21497569582165033,0.2,0.3160211556951856,0.4045931715345874,-1.7369151432071985,-1.4461508530679905,0.0625336264162371
2022-06-01,1299.52,0.7494865957732614,0.0,0.1904470970287796,0.2,0.4123643758152295,0.46692531146821836,-1.7783878384068723,-1.3794013480220102,0.1784406303655429
2022-06-02,1288.62,0.7997737869505905,0.0,0.19465168857165457,0.2,0.6575936129018166,0.331678564904854,-1.462482743341748,-1.4095838965943275,0.4978195848100539
2022-06-03,1287.98,0.9808427817266299,0.0,0.17093264607995784,0.2,0.8620653929140719,0.47612299198635977,-1.2702092470369513,-1.3697942798675529,0.6974003171642994
2022-06-06,1290.01,0.8191282610620899,0.0,0.16759746529436753,0.2,0.7695361077192254,0.634386642498853,-0.9464573651110396,-1.3717257161962044,0.6180360965910023
2022-06-07,1291.35,0.5786060024518165,0.0,0.1485311840104818,0.2,0.8127306153677897,0.004463440511935231,-0.8801992610852701,-1.3205656711492115,0.6553339712421865
2022-06-08,1307.91,1.6553008456960692,1.0,0.1825618820899801,0.2,1.021074758677298,1.4052099002011742,-1.3319524306885453,-1.1102419062853406,0.8349002196087668
2022-06-09,1307.8,1.4723989033756308,1.0,0.1705652349033921,0.2,1.017503953889707,0.8772189732786172,-1.3601529026457515,-1.0319657842060774,0.8328853331855673
2022-06-10,1284.08,-0.19400818090860225,1.0,0.251934355409479,0.2,0.565802833209281,-1.0667995812734108,-0.6153280454357163,-1.2083403675792497,0.39689147822224263
2022-06-13,1227.04,-2.243805061766089,1.0,0.43252343183505737,0.6,-0.8940941188773394,-1.5106068764613523,0.7675181650180098,-1.5531184790584365,-0.4292910217747416
2022-06-14,1230.3101,-2.3473023171757625,1.0,0.367594820997561,0.6,-1.093932897488262,-1.4870946053828449,0.8138031046522963,-1.5170822500246095,-0.45127880703980416
2022-06-15,1213.9301,-2.9471399336896664,1.0,0.38317458815443173,0.6,-1.474675877145358,-1.4580775934917154,1.307837038368788,-1.6251552330431946,-0.7913670754640145
2022-06-16,1236.63,-2.2703722833895763,1.0,0.34539831544185495,0.6,-1.129644154140887,-1.1552126407088543,0.8296864874000353,-1.480399627751394,-0.5682001174823661
2022-06-17,1217.3,-2.9206940446043284,1.0,0.36678832921535454,0.6,-1.41986678515449,-1.4068572871828129,1.2759441382452128,-1.5864638707664664,-0.9024618551049512
2022-06-20,1180.4,-3.5506813185060278,1.0,0.4449929190980221,0.6,-1.3892467196515772,-1.3787208429409177,1.9821310510589218,-1.7802211269634631,-1.4485360151279905
2022-06-21,1172.47,-3.5950605391348276,1.0,0.4215920221640422,0.6,-1.3595018529479161,-1.3516090176989146,1.9160204012257367,-1.8140011695027105,-1.6364655560590096
2022-06-22,1169.27,-3.247002445117477,1.0,0.3636374395110547,0.6,-1.229228297323643,-1.228481112671484,1.658153714853162,-1.7015884276614683,-1.4879396094449515
2022-06-23,1188.88,-2.115836315335419,1.0,0.3620841106556741,0.6,-0.8243544108330553,-0.7223376824689508,0.7222119291915472,-1.4725112910511235,-1.0645571598961885
2022-06-24,1185.48,-1.8484436861041589,1.0,0.3041194577775135,0.6,-0.7910180091053101,-0.47336911270075727,0.4971417396802791,-1.4170555647792797,-1.0238646077902815
2022-06-27,1202.8199,-0.9327394692932442,1.0,0.29797843297104465,0.6,-0.49346944275018495,0.13986045083309473,-0.15267455690690435,-1.2471185369685376,-0.71675726601028
2022-06-28,1218.1,-0.3384324743954432,1.0,0.2741305719935308,0.6,-0.31890282293769173,0.606156132224304,-0.5497619121754435,-1.136750512015123,-0.5360462330857125
2022-06-29,1218.09,-0.21438026876076932,1.0,0.23396143463028407,0.6,-0.29120958864855284,0.5984238927709914,-0.731065017720261,-1.094821046615893,-0.5052173247582511
2022-06-30,1197.6,-0.9372088342279066,1.0,0.2859996562223982,0.6,-0.6116273363829678,0.10447344786512147,-0.3744432230673409,-1.205508646110212,-0.825267241296085
2022-07-01,1198.9,-0.5686963307210292,1.0,0.25396388606411807,0.6,-0.5066822552012027,0.3187988638463194,-0.6882216892289863,-1.1289559895698178,-0.715935502211978
2022-07-04,1195.53,-0.5055468494316806,1.0,0.22192783117823384,0.6,-0.5036213493267159,0.3769736932639638,-0.7334836532471755,-1.0980235689889253,-0.709146657125177
2022-07-05,1181.29,-1.2086702740964228,0.0,0.25934531368812247,1.0,-0.7555471634336851,-0.24331629723337173,-0.36330628777197166,-1.176790115104692,-0.9558193472681906
2022-07-06,1149.61,-2.2295767877317574,0.0,0.31051758378137306,0.6,-1.0754596905121065,-1.2726612454632389,0.1609770871955368,-1.2814866995250151,-1.2653054771092924
2022-07-07,1166.48,-1.4925315974352242,0.0,0.2827969268938962,1.0,-0.853214079700428,-0.858646927447705,-0.20922286541805882,-1.1758397169771455,-0.7499026807144115
2022-07-08,1171.3101,-0.2419777468293964,0.0,0.2722723687397866,0.6,-0.22170180816857019,-0.2643697392024558,-0.6281512665654958,-1.0434217514409467,0.21420007812272496
2022-07-11,1155.29,-0.7986776179886055,0.0,0.27107867835352906,0.6,-0.5155470857618414,-0.7144868380416399,-0.319680115622833,-1.0747694234039706,0.07073225369730696
2022-07-12,1174.8199,0.6956048942038804,0.0,0.2869848200966379,0.2,0.38148446428330923,0.43798278794278334,-0.8687933690707754,-0.8880899905900042,0.6020021687958833
2022-07-13,1173.92,0.7761921732555002,0.0,0.24692025024268094,0.2,0.3678918109154092,0.7287222606674918,-0.7795707596603234,-0.8608189494880975,0.593951311926629
2022-07-14,1182.17,1.3508136971887192,0.0,0.22865955734085416,0.2,0.8801610989308761,0.9720299255928242,-0.9504139828292422,-0.7818320972955838,0.8468767128655081
2022-07-15,1179.25,1.3320553280831278,0.0,0.19695657742355777,0.2,0.914761034813009,0.8810979134946552,-0.9207229370172422,-0.7520880171184153,0.8560321007211161
2022-07-18,1176.49,1.365886337591834,0.0,0.17263387242531233,0.2,0.9794517270277572,0.8084198964227293,-0.9427246592091945,-0.7193777755327752,0.8778552084697439
2022-07-19,1178.33,1.4283694589979807,0.0,0.15372387523876968,0.2,1.0490422856184127,0.7528743242023643,-0.994564686964689,-0.683788161764301,0.9075705510147604
2022-07-20,1194.14,1.8502759182068338,0.0,0.16938016100147257,0.2,1.1650019978385646,1.067821251699891,-1.3621485731177336,-0.570620513817712,0.9454071340098893
2022-07-21,1198.47,1.7496585234636128,0.0,0.15394950793223397,0.2,1.1209727532638039,1.0031938771056554,-1.266896980291652,-0.5618911462743925,0.9202780459510714
2022-07-22,1194.76,1.5347174235167045,0.0,0.1504815799687954,0.2,0.9689580140292221,0.9247932765267305,-1.1094167708135925,-0.5685245113651345,0.8474541791245548
2022-07-25,1188.5,0.7808619766072982,0.0,0.16067225954120762,0.2,0.7020618078695853,-0.15497537019233043,-0.8859183747269413,-0.5926060378889327,0.7233100132406227
2022-07-26,1185.0699,0.39605381959770203,0.0,0.16391632621259258,0.2,0.4740916912212495,-0.4403884502644309,-0.6703789697257723,-0.6084758806446063,0.6166522087418089
2022-07-27,1191.04,0.8187683775903636,0.0,0.16116681912902953,0.2,0.809291708510632,-0.1796330140104819,-0.7929381420736193,-0.5381689805777327,0.7604280817951422
2022-07-28,1208.12,1.5996802435977946,1.0,0.17032076721696846,0.2,1.0997358260347048,0.8421308203117159,-1.035287478495046,-0.44066815867439957,0.8847138227858852
2022-07-29,1206.33,1.27207837642932,1.0,0.16160128316073877,0.2,0.9836883473300033,0.44979828379323605,-0.8695852737421476,-0.4438917329558978,0.8243899993879671
2022-08-01,1231.35,1.8998938133189505,1.0,0.1883952190432233,0.2,1.0702037732588192,1.2272208934058864,-1.263347993579497,-0.30713371493677644,0.8617695680537727
2022-08-02,1241.62,1.8473667562730955,1.0,0.1747441800765641,0.2,1.0551167669847277,1.0422898113955081,-1.3048835104968513,-0.2596780442584482,0.8505056493375043
2022-08-03,1249.76,1.8615196026711949,1.0,0.17164887206485893,0.2,1.0419185579379913,0.9058274001456553,-1.4251628215326282,-0.1902326487138289,0.8414100013216783
2022-08-04,1254.15,1.6357498251001217,1.0,0.15666176301584323,0.2,1.0065816721878686,0.5915360273908667,-1.286226116491452,-0.18784544595141958,0.8210523137271847
2022-08-05,1252.74,1.6758307798612628,1.0,0.14512363538625128,0.2,1.0331315561595116,0.6052798899223268,-1.2871038636437553,-0.1511151784273789,0.8373377232761264
2022-08-08,1256.75,1.751071620731464,1.0,0.13549810906475052,0.2,1.031820190505233,0.7540153943596645,-1.283858640130692,-0.11488557189172563,0.8369321686722903
2022-08-09,1258.85,1.749529384790903,1.0,0.12347218291046605,0.2,1.0304662313025998,0.7852215797121533,-1.2340978882968168,-0.09011090517356204,0.8364933655705076
2022-08-10,1256.5,1.6838715300293992,1.0,0.11082106399265339,0.2,1.0286882843174283,0.7063057737761561,-1.1597751517151509,-0.07811249977756103,0.835791677272209
2022-08-11,1252.0699,1.2428565431550953,1.0,0.13764118957555796,0.2,0.6797012331807324,0.6140554274231969,-0.8498361588738373,-0.125952684383606,0.6789892037669851
2022-08-12,1262.33,1.7739921288997884,1.0,0.1448894881635364,0.2,1.030694043510673,1.0034697855562538,-1.0489185915850041,-0.046600145322433534,0.8366842120169119
2022-08-15,1274.2,2.021831245491194,1.0,0.14737123975754043,0.6,1.027560809528304,1.3853792275818242,-1.1746998907280963,0.02287485880079739,0.8348950161750484
2022-08-16,1274.6899,1.7642816907758003,1.0,0.13416131996411543,0.6,1.0249932945969122,0.8423352938109341,-1.1070118761569903,0.04879511105223172,0.8335285230089701
2022-08-17,1275.28,1.5190183832933628,1.0,0.12893438441167202,0.6,0.9568763685638488,0.5875105141889944,-0.9249813375328673,0.042588965234208145,0.7981084581112303
2022-08-18,1273.66,1.131346605795896,1.0,0.13167849342224303,0.6,0.8245102439814519,0.13659217694115727,-0.7273675024446883,0.02494030112384059,0.7290503713637244
2022-08-19,1269.1801,0.74224788586599,1.0,0.13837704421057545,0.2,0.6535441624956903,-0.21420267995666936,-0.49861550247417824,-0.00012929405138949535,0.639441815740482
2022-08-22,1260.4301,0.1381883858946627,1.0,0.15143067097742885,0.2,0.4213293298925327,-0.947471663932073,-0.26512149835357535,-0.036752369416007125,0.5183872635537378
2022-08-23,1270.8101,1.2188474583901379,1.0,0.16102380912936068,0.6,0.8391338502346806,0.4390372700827717,-0.5727847328280264,0.05608541441464989,0.7464677902242751
2022-08-24,1277.16,1.539056740868559,1.0,0.1486980497511626,0.6,0.9921177280881062,0.8291544828476864,-0.6447416561009579,0.09052991978004515,0.8175829716413375
2022-08-25,1288.88,1.847909143558473,1.0,0.14631509166186554,0.6,1.0088158827030151,1.3200452825243039,-0.7887896274114675,0.1451339876735894,0.8196930695507362
2022-08-26,1282.5699,1.2298241740779934,1.0,0.15443722088394948,0.6,0.6538829021284182,0.677203954400487,-0.566438942932092,0.10655302509679401,0.7011826574382484
2022-08-29,1270.8,0.07093285590114956,1.0,0.1779186339014538,0.2,-0.05193429112071072,-0.6354099300570127,-0.2506832440823551,0.04263759981428605,0.5129505365887269
2022-08-30,1279.39,-0.12186799273622378,1.0,0.16023953516500877,0.2,-0.3536779601336021,-0.7061844505817395,-0.2224958633361836,0.044012206188978546,0.49828547057901695
2022-08-31,1280.51,0.40268822931168025,1.0,0.14857808581990423,0.2,0.010973356089762944,-0.1309167473672267,-0.33675473364305625,0.07995239702494644,0.5760292820730051
2022-09-05,1277.35,0.4964165960328394,1.0,0.1316276903532372,0.6,0.02785672723425143,0.02688481788480848,-0.3389259606790505,0.09503006634819185,0.599075029173333
2022-09-06,1277.4,0.5958103551861542,1.0,0.11795337214811737,0.6,0.08694097166918419,0.16899955707442998,-0.3401241162039443,0.10551255097754215,0.6106150823012533
2022-09-07,1243.17,-1.6929409391135646,1.0,0.28084534018330004,0.2,-1.629787058866427,-1.6458530444695723,0.4708741694331603,-0.08325596197687678,0.08764648668140217
2022-09-08,1234.6,-1.7989145990528812,0.0,0.2693668618448423,0.6,-1.5940756738388362,-1.611026886579004,0.6069032676191287,-0.12192100365066137,-0.04102583157418176
2022-09-09,1248.78,-0.7079755884287979,0.0,0.26040504668336895,0.2,-0.8042491100224503,-0.8382831834898034,0.1223659476951333,-0.017815157240014607,0.21297016839174696
2022-09-12,1249.62,-0.657309531267561,0.0,0.22656233478249685,0.2,-0.7997912960012795,-0.7798149822776665,0.07730794713726612,-0.010002149082540332,0.21185180800053952
2022-09-13,1248.4,-0.4162294563220007,0.0,0.1985058083581727,0.2,-0.6584985645545423,-0.5597892661539963,-0.027241844438856678,0.014862416045338327,0.2570458384692092
2022-09-14,1240.77,-0.3005011348573903,0.0,0.17266336971623034,0.2,-0.5886328228573483,-0.4567696693911766,-0.07367568832532564,0.030749995177092634,0.27919551109272894
2022-09-15,1245.66,-0.16099771532484536,0.0,0.1515621972449657,0.2,-0.5145681177387914,-0.33176203278022104,-0.14623264232061547,0.04656672442633418,0.30198418915836595
2022-09-16,1234.03,-1.238743414054746,0.0,0.19590577860229896,0.2,-1.2701449684071544,-1.2670043784684668,0.20712665975493053,-0.04086140987321504,0.04830906489768065
2022-09-19,1205.4301,-2.101451945486935,0.0,0.3067238471412782,0.6,-1.4784074982789606,-1.5460814641089262,0.9363627379123102,-0.21955845554341047,-0.4536612076875018
2022-09-20,1218.9301,-1.2035218601048425,0.0,0.28623731777135225,0.6,-1.0301099214516338,-0.8244669847949763,0.43140574865291254,-0.12640100948614055,-0.23094645098489922
2022-09-21,1210.55,-1.5127135667992087,0.0,0.2665049912639772,0.6,-1.2009877958970756,-1.1675654346582771,0.49259711288310687,-0.15064923591919374,-0.32062675621910536
2022-09-22,1214.7,-0.8708847158458382,0.0,0.24685317576467683,0.6,-0.8621195893120233,-0.6984717099112998,0.12645155881698766,-0.07787336259671718,-0.14968491211048854
2022-09-23,1203.28,-1.2119991189982486,0.0,0.23840053717308518,0.6,-1.068880579387322,-1.0160137186375768,0.2182850942206512,-0.1099195035195816,-0.25808629469098565
2022-09-26,1174.35,-2.1684060559674654,0.0,0.343675181097503,0.6,-1.3675823886887093,-1.4554551190286653,0.9824523745897064,-0.29418900417448157,-0.6796571572198004
2022-09-27,1166.54,-2.112730066859892,0.0,0.3081678334126505,0.6,-1.3394115245890788,-1.4264699207509544,0.9141580849649682,-0.3053972033647931,-0.6726146022359586
2022-09-28,1143.62,-2.39499709838917,0.0,0.32477242966279357,0.6,-1.3120278078903358,-1.3996101189744576,1.2425149804632554,-0.38914543526299367,-0.9302253034387012
2022-09-29,1126.0699,-2.7668457536864564,0.0,0.3515973358349017,0.6,-1.308652665191873,-1.4056038455919047,1.648029117898604,-0.4904427287480244,-1.232238809175886
2022-09-30,1132.11,-2.439316183311462,0.0,0.30422185862643547,0.6,-1.2133805774572148,-1.2726274555181079,1.296770952734679,-0.44388386605151564,-1.13778137295244
2022-10-03,1086.4399,-3.238150035562892,0.0,0.4696475290175123,0.6,-1.2782270851896094,-1.3669661263600896,1.9794999806312734,-0.6883926336343975,-1.8045572443354705
2022-10-04,1078.14,-3.1522386440881194,0.0,0.4392221977213805,0.6,-1.2570461531885544,-1.3423992227606685,1.919039715329,-0.7346310354132602,-1.6863181641676652
2022-10-05,1104.26,-2.1482629387504715,0.0,0.42953879461566247,0.6,-0.850239035037405,-0.860705129156122,1.2452764977501083,-0.548259434682592,-1.2284754109401868
2022-10-06,1074.52,-3.053697790536253,0.0,0.4847768911358577,0.6,-1.2252831110186004,-1.3056760916162142,1.8182955430502266,-0.7037350799004448,-1.6649015976665935
2022-10-07,1035.91,-3.182948209043764,0.0,0.5477609583794059,0.6,-1.2008655175396556,-1.2807663359710275,1.7783711158393811,-0.8720219822012891,-1.8912836202023973
2022-10-10,1042.48,-2.9007435779943984,0.0,0.4802863455946993,0.6,-1.0316609713359128,-1.030485487445279,1.7264122756614944,-0.7644015549621408,-1.8319767991719247
2022-10-11,1006.2,-3.06359643595061,0.0,0.548508939632312,0.6,-1.1576115842546049,-1.2413512752558415,1.6769293239858893,-0.9264106848770083,-1.7758356984561445
2022-10-12,1034.8101,-2.4471335030305053,0.0,0.5122449540418578,0.6,-0.8821224219867995,-0.7391140779058819,1.3032935079602943,-0.7504800696709228,-1.7225724535837634
2022-10-13,1050.99,-1.8859302033063836,0.0,0.4424978814958211,0.6,-0.7498999726230925,-0.47315715155671434,0.7266565786425515,-0.6704167411064944,-1.5489545512833593
2022-10-14,1061.85,-0.969961022521602,0.0,0.39884285216253473,0.2,-0.5490945082675397,0.1916151228181823,0.0700810382382171,-0.5667355307720141,-1.159390833316455
2022-10-17,1051.58,-0.7565725454036604,0.0,0.3345573979819668,0.6,-0.5252788329679081,0.3402563269942951,-0.15783219850034022,-0.5354342787268529,-1.1197968945848558
2022-10-18,1063.66,-0.3435423886255258,0.0,0.29711791133328425,0.6,-0.43061774103717276,0.5978351553841607,-0.5304546733696902,-0.47170113913847134,-0.9986962488938919
2022-10-19,1060.0699,-0.1168637751560841,0.0,0.2656065039400968,0.6,-0.45155216638661144,1.0599873837302205,-0.6150379515028548,-0.4630195777213802,-1.014373715771233
2022-10-20,1058.45,-0.3172445671548385,0.0,0.2632438671300899,0.6,-0.522351790184624,0.8103283884027451,-0.5230708654900096,-0.4868862833554934,-1.0259180167381294
2022-10-21,1019.82,-1.7856789674276707,0.0,0.4179973241870458,0.6,-0.9533013662565313,-0.9229223482785576,0.30936779255429336,-0.6680861423373896,-1.1331034717241302
2022-10-24,986.15,-2.5215574242304077,0.0,0.51349914300173,0.6,-1.0339022310501158,-1.1744182672214696,1.1106918432720547,-0.8086745440303401,-1.4724957806532877
2022-10-25,997.7,-2.314035472917282,0.0,0.4310936435386761,0.6,-1.0121592007176947,-1.15091144929485,0.9202437316182243,-0.7829670526029546,-1.285090514044406
2022-10-26,993.36,-2.255181811171604,0.0,0.40290339677748654,0.6,-0.9936757759941814,-1.1340349953092743,0.9341011923914981,-0.7579116068161016,-1.200365918612481
2022-10-27,1028.01,-0.9278128162926278,0.0,0.4217370250895535,1.0,-0.4994975744548044,-0.4607863277146633,-0.15324775664022575,-0.5935781125473515,-0.7189677386044525
2022-10-28,1027.36,-0.5896819796510594,0.0,0.35550479319149547,1.0,-0.3546936591829014,-0.40981765175556045,-0.230226897288931,-0.5611364438779144,-0.2959396624411476
2022-10-31,1027.9399,-0.7023197013228324,0.0,0.32374136988700036,1.0,-0.43479109104969405,-0.465188665297298,-0.18412407403838427,-0.5592090163297699,-0.3584008445710198
2022-11-01,1033.75,-0.45424732340540475,0.0,0.2833406088342994,1.0,-0.3496237185595348,-0.2433683066769753,-0.31205753433795463,-0.5101678550411024,-0.2894579199542601
2022-11-02,1023.19,-0.22762856220219893,0.0,0.26590780327892094,0.6,-0.259993801781538,-0.14777671125173658,-0.2425507691882714,-0.5097825273088566,0.08289651898963421
2022-11-03,1019.81,-0.06523966465007233,0.0,0.2448131339012096,0.2,-0.3225069462754645,0.30974474233322696,-0.24371800098167654,-0.5000174642956942,0.05998344742308031
2022-11-04,997.15,-1.4787030364628322,0.0,0.35010492631449974,0.6,-0.9189776811531932,-1.0711882030058517,0.3784820039340852,-0.6169566501195038,-0.3484170337701654
2022-11-07,975.19,-2.0291895319646134,0.0,0.45609977681039215,0.6,-0.900793235731348,-1.0521606795436462,1.128283496780445,-0.597949769504137,-0.8223394424036211
2022-11-08,981.65,-1.7896049541241146,0.0,0.3850202086340146,0.6,-0.85125008149985,-0.983889121208699,0.7927203788714393,-0.5769308102708165,-0.7782686975441538
2022-11-09,985.59,-1.6640028133460545,0.0,0.33188862476017655,0.6,-0.8482869915535457,-0.9907991660239834,0.5438288408345026,-0.5565417349114239,-0.7726247530356003
2022-11-10,947.24,-2.3049485605496702,0.0,0.4947741443124504,0.6,-0.8477452965984882,-0.9970384815272126,1.4349937206900265,-0.5369722356286605,-1.2549362784329026
2022-11-11,954.53,-2.250322937599244,0.0,0.4512658601697441,0.6,-0.8303302102444178,-0.978008024193547,1.4005358541989905,-0.5175404449124386,-1.2227054478855215
2022-11-14,941.04,-2.197267124702985,0.0,0.4942442348449504,0.6,-0.8131512361876252,-0.9591160935357558,1.367911511288486,-0.4984674006144928,-1.1914978166350343
2022-11-15,911.9,-2.145058158794511,0.0,0.5899450162983165,0.6,-0.7961970705431966,-0.9405927211068034,1.3355566318782253,-0.4794855277236567,-1.1612509988946413
2022-11-16,942.9,-1.764974233125939,0.0,0.5693559594367255,0.6,-0.47975123045132384,-0.49858138724526324,1.3048843588597012,-0.460577600390917,-1.131906133724787
2022-11-17,969.26,-0.9235120087317632,0.0,0.5219985691250916,0.6,-0.15848040329176644,-0.05821535497849128,0.5929574234342853,-0.4417263113644447,-0.8090969035197422
2022-11-18,969.33,-0.275685523008372,0.0,0.4564952463118457,0.2,0.01108345655633883,0.32000505040420024,0.04179363822520852,-0.42291405520413916,-0.5244882395600049
2022-11-21,960.65,0.11516004497428206,0.0,0.39448095706913455,0.2,0.09289996181692617,0.5814735208654724,-0.3546481328246186,-0.40412352270345225,-0.4320160883931639
2022-11-22,952.12,0.35212117921913794,0.0,0.33744035683018064,0.2,0.09862466358690565,0.8429355045417994,-0.5859810078945655,-0.3853367067308042,-0.4236074750765101
2022-11-23,946.0,0.236926405572626,0.0,0.3416466844671094,0.6,-0.051700822706126436,1.0171223961017946,-0.4777790321670333,-0.3662971580017611,-0.5822726733672265
2022-11-24,947.71,0.47785126109448545,0.0,0.2929214485455753,0.6,-0.025336483153230355,1.1690143745690227,-0.7701351649398424,-0.3470412318614947,-0.5460071348071859
2022-11-25,971.46,1.4124977324020407,0.0,0.31330227022491636,0.2,0.29885916250762756,1.6755364710396374,-1.5745602115344222,-0.327910979848258,-0.18323446716941008
2022-11-28,1005.69,2.1057574246384796,0.0,0.35260485145683423,0.2,0.7369082241789853,1.6755364710396374,-2.091923581685105,-0.28143417480448685,0.29103181428273844
2022-11-29,1032.16,2.493621054770076,1.0,0.34854208824251415,0.2,1.0799700307191484,1.6431272800815755,-2.091923581685105,-0.12899824685526529,0.6771497761651021
2022-11-30,1048.42,2.7048037146995263,1.0,0.34598356054630897,0.6,1.4220791963008996,1.2176360311752559,-2.091923581685105,0.029322743006377366,1.0481593705746814
2022-12-01,1036.28,2.773017820762135,1.0,0.2987292526668661,0.6,1.606373148911799,0.9335542413441319,-2.091923581685105,0.053693403846879054,1.2524191546947567
2022-12-02,1080.01,2.9510535976599233,1.0,0.33092232573175906,0.6,1.606373148911799,1.1531950838789145,-2.091923581685105,0.27650918082027776,1.2524191546947567
2022-12-05,1093.67,2.9815626477258315,1.0,0.31039534032465765,0.6,1.606373148911799,1.1259523583618403,-2.091923581685105,0.39168544162866037,1.2524191546947567
2022-12-06,1048.6899,2.402150214373725,1.0,0.4024621811823964,0.6,1.2742637553083136,0.7268328215237309,-2.091923581685105,0.21559911096003645,0.8654048852010017
2022-12-07,1041.02,2.011126251656568,1.0,0.40068458659347195,0.6,1.073720989152404,0.6826213589876238,-1.7864822886225444,0.13959064646194141,0.6445072208435615
2022-12-08,1050.53,2.5328994293325016,1.0,0.37948093470190547,0.6,1.2930646376626502,1.037672038702503,-1.9690217139808344,0.2838079987402663,0.9085344048984048
2022-12-09,1051.8101,2.6210815100212903,1.0,0.3361770926110764,0.6,1.3710379133206014,1.044164061342135,-1.9101224254417273,0.356483378282019,1.0139615049522483
2022-12-12,1032.0699,2.0553382308856882,1.0,0.3251403157047586,0.6,1.2371562384845307,0.4984063680691068,-1.5271796794802985,0.31365978443695747,0.871429063783446
2022-12-13,1047.45,2.3378692179971035,1.0,0.3075690887661806,0.6,1.3690462119705815,0.5768207951062313,-1.6243166168095724,0.4338819932753495,1.0743004404855103
2022-12-14,1050.4301,2.4339212978183533,1.0,0.2688514690720321,0.6,1.3904750710557259,0.8317329107086843,-1.4846718087887243,0.4823339145754979,1.1241401863180984
2022-12-15,1055.3199,2.528339030816355,1.0,0.23344103530461066,0.6,1.416894811639679,1.140700729868514,-1.3165220188400621,0.5220712009848781,1.1514276898037896
2022-12-16,1052.48,2.5637217134984356,1.0,0.20644060326998975,0.6,1.4618558711716683,1.2154830038933828,-1.2005352160563023,0.5688945261573298,1.1919485816052373
2022-12-19,1038.4,1.9290670995944499,1.0,0.23807932908215898,0.6,1.237659896773628,0.685280733655621,-0.8175188508984411,0.49858855695938414,0.9992775688386611
2022-12-20,1023.13,0.722000278850002,1.0,0.3031409718624609,0.2,0.8856114529154362,-0.722969270562989,-0.3131330378546886,0.37107898183635357,0.6945910622755888
2022-12-21,1018.88,0.3410330370181525,1.0,0.3027788097112538,0.2,0.709431827354178,-0.9752456778672784,-0.09239871679667595,0.32396673769752754,0.5509109173943398
2022-12-22,1022.61,0.5352841975429086,1.0,0.26827529238094316,0.2,0.642332154576372,-0.7251066681541618,-0.21186773233278358,0.38944853808909735,0.6269218739288451
2022-12-23,1020.34,0.23406835137330093,1.0,0.24671732567119703,0.2,0.2050845992327088,-0.8776002095885687,-0.19366495512803666,0.39377971869642553,0.5831470057582864
2022-12-26,985.21,-0.9323645514095108,1.0,0.4050264734152081,0.2,-0.7870354252537796,-0.9266964731441422,0.5148115598670157,0.14668406441450768,0.0675838186860888
2022-12-27,1004.57,0.17160828662072788,1.0,0.3941226317286008,0.2,-0.1547081670419237,-0.2589562016557981,-0.0816322368522001,0.35155934039725406,0.39772323921626146
2022-12-28,1015.66,0.6624389087175611,1.0,0.35241666779479164,0.6,0.11617135272610554,0.07956963281646068,-0.31236339342483826,0.45667069121553605,0.5401560004199496
2022-12-29,1009.29,0.48913297987551213,1.0,0.323225061725616,0.2,-0.030073514950934455,0.011248901710054115,-0.24051155228579582,0.44445954061377674,0.4653008373459999
2022-12-30,1007.09,0.7507816173141044,1.0,0.27696425825628146,0.6,0.020590496152377777,0.38280055295446824,-0.3404604329312516,0.4916890990997858,0.49294049954299507
2023-01-03,1043.9,2.455181050437867,1.0,0.3118927075587404,0.6,1.0130189671890661,1.6755364710396374,-0.9997509308513274,0.7792780117210565,1.0325181567790078
2023-01-04,1046.35,2.5302347140603687,1.0,0.26781916585499776,0.6,1.0634826077763007,1.6755364710396374,-1.0457781199609686,0.8266213879269623,1.0559011567676746
2023-01-05,1055.8199,2.7517520404555555,1.0,0.24203272367061626,0.6,1.2555415481020873,1.6476304313327315,-1.1810586451993565,0.9168281751961129,1.1476777841824635
2023-01-06,1051.4399,2.2901809567675953,1.0,0.24599589800837532,0.6,0.9899811987933905,1.2079629405412993,-1.0275172427588075,0.8826977386947586,1.019535929006087
2023-01-09,1054.21,2.2077284265510415,1.0,0.2227638852761036,0.6,0.9354607112248429,1.082349171943542,-1.0251791814196323,0.9120012503369079,0.9929750693939853
2023-01-10,1053.35,2.199278413309906,1.0,0.19792598527988414,0.6,1.0333014762483872,0.7491814118559077,-1.101541719173498,0.9908141306776648,1.0392615869913504
2023-01-11,1055.76,2.501683408054558,1.0,0.18271777629049532,0.6,1.2031019820808306,0.9914900749305525,-1.1840111432104952,1.0975613587213864,1.1196999584460108
2023-01-12,1056.39,2.6279621758410734,1.0,0.1620340667083168,0.6,1.2469772939267045,1.184458703333735,-1.1656234278238875,1.1547477857071775,1.1401491588824708
2023-01-13,1060.17,2.7451358412323277,1.0,0.1508876536557877,0.6,1.1912467210773312,1.611697998183268,-1.093489550250665,1.1734216431238094,1.1122972973980552
2023-01-16,1066.6801,2.7436749665310054,1.0,0.1335732473689681,0.6,1.6054262851655026,0.990114219749191,-1.0637963561796364,1.2167702798946918,1.2524191546947567
2023-01-17,1088.29,3.261280452648702,1.0,0.1711914078738729,0.6,1.606373148911799,1.6755364710396374,-1.3363068557028617,1.4577843861041275,1.2524191546947567
2023-01-18,1098.28,3.284794065601909,1.0,0.17678008074024762,0.6,1.606373148911799,1.4748733471148194,-1.4471939673528111,1.606544286884266,1.2524191546947567
2023-01-19,1108.08,3.16810168674421,1.0,0.16627643842507128,0.6,1.606373148911799,1.1454223643354655,-1.4472519040320593,1.6710325379313622,1.2524191546947567
2023-01-27,1117.1,3.2155007949794694,1.0,0.168506309514158,0.6,1.606373148911799,1.1212921587885454,-1.4904902399033455,1.7687390613820877,1.2524191546947567
2023-01-30,1102.5699,2.9569104310849945,1.0,0.16022449142346615,0.6,1.5350178684255977,0.8277305236194514,-1.3173586423848829,1.7378988231533368,1.243885079515764
2023-01-31,1111.1801,3.081090272781471,1.0,0.16228441782352981,0.6,1.5624486214383053,0.8886248730134889,-1.4026935149498108,1.8447597692709978,1.2524191546947567
2023-02-01,1075.97,1.6023946926358008,1.0,0.30205462637567165,0.2,0.7322894080281863,-0.12960633401613547,-0.7455737681384189,1.5078045785939869,0.8155631246277703
2023-02-02,1077.59,1.268475372040816,1.0,0.287364319666001,0.2,0.5432398576819875,-0.3287927727657974,-0.5733713952497799,1.4370652180418113,0.7119503632625624
2023-02-03,1077.15,1.2866126184127378,1.0,0.24969046913758242,0.2,0.5331117118269979,-0.2392411911293131,-0.5373736924517085,1.446510266282435,0.711230376622498
2023-02-06,1089.29,1.1303122442113491,1.0,0.23011074972250456,0.2,0.3761766489967258,-0.6792739978235696,-0.6213805506708056,1.5238536683912258,0.8002428888078835
2023-02-07,1065.84,0.2233571002147195,1.0,0.2747509667531064,0.2,-0.31503781486952537,-1.1179013031537346,-0.21828557769040052,1.3338714642670089,0.5398352341570685
2023-02-08,1072.22,0.4129450699234639,1.0,0.2432565875415267,0.2,-0.19225270641368372,-0.9409078538489014,-0.2677155832059105,1.3754780314366062,0.5798475836640419
2023-02-09,1064.03,0.2733832907066499,1.0,0.22279903188230735,0.2,-0.2809358564735281,-1.033531643001516,-0.20712149765237334,1.3586670048540623,0.5417111096757395
2023-02-10,1055.3,-0.1586719326220705,1.0,0.2382892297859514,0.2,-0.6862649485493825,-1.064808811498988,0.018144332467335118,1.2531319271361956,0.3862024533070832
2023-02-13,1043.7,-0.727117317690889,1.0,0.299404413018985,0.2,-0.9884945148552645,-1.0463745463923977,0.4518946056735903,1.0382035391794568,0.08574700936779309
2023-02-14,1038.64,-0.6485022573819925,1.0,0.2599339123128228,0.2,-0.9594409593851415,-1.0067275430831917,0.3671132938972094,1.060585568610258,0.09216809016031545
2023-02-15,1048.2,0.11766769380597206,1.0,0.25237838756769587,0.2,-0.5496644252244837,-0.4045283260414882,0.012057418718726922,1.2145996947240896,0.2729204998811113
2023-02-16,1058.29,0.8607580534234626,1.0,0.24454534313768594,0.2,-0.16311683941314034,0.22254689451430074,-0.307692696344579,1.3572270545547482,0.44418963861776545
2023-02-17,1059.3101,0.9870351184408048,1.0,0.2132503427758234,0.2,-0.13278722079251504,0.35704941173665367,-0.39342356578895277,1.375386040822081,0.45662424662050993
2023-02-20,1086.6899,2.5464193963590387,1.0,0.2510580694158924,0.6,0.7446696869052104,1.6376494006690523,-0.9810401401805638,1.6886203322814362,0.8498141135596273
2023-02-21,1082.23,2.231406871554607,1.0,0.23579098265786647,0.6,0.6187471364610954,1.183462485727006,-0.9418617223480983,1.648766583744676,0.7936236474407201
2023-02-22,1054.28,0.7796422306556378,1.0,0.3237451036193405,0.2,-0.2338366604930227,0.00011091774687303706,-0.4261433620563378,1.3583894669125627,0.41483006640829945
2023-02-23,1053.66,0.8633455569734724,1.0,0.2789762843700835,0.2,-0.19793529873355623,0.058157236841144266,-0.4732945856682373,1.3849788146554796,0.43226226857012556
2023-02-24,1039.5601,0.0883570964614129,1.0,0.2992530565835199,0.2,-0.6468957181526959,-0.6068535615306145,-0.21601708475288678,1.236850490426674,0.23220223833702008
2023-02-27,1021.25,-0.5897713719144241,1.0,0.34437444459492633,0.2,-0.9130335977151488,-0.981833852560987,0.14660120740230667,1.020929448735674,-0.055384545116501684
2023-02-28,1024.6801,-0.24062212258282267,1.0,0.29875380615466557,0.2,-0.8068994564848716,-0.8787982073892978,0.02636225537363288,1.065922363971003,0.33028820382706675
2023-03-01,1040.55,0.7549011698506499,1.0,0.29469048186088176,0.2,-0.13678529443225293,-0.24177934640426513,-0.3917034070817827,1.2810856999486375,0.5847682578021879
2023-03-02,1037.61,0.7162999409061765,1.0,0.2619323460597024,0.2,-0.1759369508082932,-0.28718273399909805,-0.4040944780205093,1.2821011154160808,0.5701807984490102
2023-03-03,1024.77,0.08764721802562292,1.0,0.27565000135445056,0.2,-0.6266100447765336,-0.7170760236016902,-0.18968483934180339,1.1608398776389888,0.40097945418494846
2023-03-06,1027.1801,0.5231351007984811,1.0,0.2515274978129689,0.2,-0.3540322732638062,-0.36748118995109613,-0.3351929224269349,1.2563597861960143,0.5040945524737886
2023-03-07,1037.84,1.024678567747793,1.0,0.22773267746831555,0.2,-0.14561506398249938,0.294703295614581,-0.4351497696171018,1.3353314968068715,0.5844817661130701
2023-03-08,1049.1801,1.8681697454209434,1.0,0.22143570447164285,0.6,0.29901562183108177,1.1891766135752524,-0.6588675062835605,1.4862317244949907,0.753086908329522
2023-03-09,1055.95,2.3474208677342507,1.0,0.20592437693443832,0.6,0.5713461581328981,1.6474462044864535,-0.7951928107342755,1.5822731044012204,0.8556011855522604
2023-03-10,1053.0,1.921006965946497,1.0,0.2014941196534739,0.6,0.3731872173079202,1.1198255084451338,-0.6921916731927799,1.5289111930588368,0.7803773592664852
2023-03-13,1052.8,1.6870146068866259,1.0,0.1942229011603223,0.6,0.21655895508570527,0.8879349210624939,-0.6586152603054645,1.4887264093904657,0.7210748461899927
2023-03-14,1040.13,0.4167594823781182,1.0,0.24122595955878312,0.2,-0.42426744485554896,-0.6061655833711337,-0.38455920271501043,1.2977145225152973,0.48068243793918436
2023-03-15,1062.1899,2.223972638443082,1.0,0.2663434224074016,0.6,0.5538520464947659,1.2536659190708634,-0.8937698119948579,1.6148550993256325,0.8466989832646602
2023-03-16,1047.4,1.2742200587280856,1.0,0.2816120042882177,0.6,0.037131371662566,0.2586850466598415,-0.6394921123899888,1.45882386753193,0.6530878786269179
2023-03-17,1045.14,1.471393395559179,1.0,0.24884043916443438,0.6,0.16318099255376656,0.42276805927705824,-0.6949618781789055,1.5078080921533503,0.7009792933306289
2023-03-20,1023.1,0.1788009887850071,1.0,0.28723111362932197,0.2,-0.49804088810236224,-1.0126628901034125,-0.3116717818533832,1.2990680434822446,0.5066327100696006
2023-03-21,1032.4301,1.2158339264638358,1.0,0.26329869929932076,0.2,0.34498298566897445,-0.3431329768766838,-0.45216446822599465,1.4093493753479294,1.007830719525463
2023-03-22,1040.54,1.2818047126563097,1.0,0.2293448867909359,0.2,0.3929059613860508,-0.28454322773502355,-0.46611031529232805,1.428136003367614,1.015039342958261
2023-03-23,1045.1,1.8478898018547487,1.0,0.20934819367447438,0.6,0.7845379479012757,0.32197791525595176,-0.5668673602803265,1.5083572272586558,1.09486824487808
2023-03-24,1046.79,2.3252250901714406,1.0,0.19085782267040774,0.6,1.117584995091194,0.85470155455885,-0.6257448268529074,1.5794100967062645,1.1616858182016623
2023-03-27,1052.25,2.8426872003765213,1.0,0.17870027012842643,0.6,1.5419499293053447,1.3010982067764125,-0.7174057260986355,1.6718235418997005,1.2506469195318861
2023-03-28,1054.29,2.905943001702463,1.0,0.15906504549205608,0.6,1.5456706742406403,1.4299096452344684,-0.7063267533528018,1.6929937790843184,1.2524191546947567
2023-03-29,1056.33,3.000988965533768,1.0,0.14187921248726149,0.6,1.6004832839172818,1.5569142549943495,-0.7117764194473272,1.7173874289438862,1.2524191546947567
2023-03-30,1059.4399,2.95946798075273,1.0,0.12762975503562926,0.6,1.606373148911799,1.4197084160057698,-0.7239355278328276,1.7367581042164342,1.2524191546947567
2023-03-31,1064.64,3.071639878430489,1.0,0.12127805917352959,0.6,1.606373148911799,1.528263849911133,-0.7979774690849101,1.811982831840019,1.2524191546947567
2023-04-03,1079.28,3.3846894059632464,1.0,0.1517364515097811,0.6,1.606373148911799,1.6755364710396374,-1.1099503782747537,2.077808447127413,1.2524191546947567
2023-04-04,1078.45,3.439838643106643,1.0,0.14847847423213162,0.6,1.606373148911799,1.646915725677855,-1.16277114378603,2.185802918182176,1.2524191546947567
2023-04-05,1080.86,3.404281624004827,1.0,0.1441051407418676,0.6,1.606373148911799,1.394816514701283,-1.2311362324275406,2.2905019964384308,1.2524191546947567
2023-04-06,1070.91,2.7969028604901487,1.0,0.16687984169867895,0.6,1.353993296741592,0.7597135130568774,-0.9940505427759002,2.16479203575996,1.1354850969739385
2023-04-07,1069.71,2.835962020860461,1.0,0.15129635719969736,0.6,1.4671033498193762,0.6425192965562082,-0.9877004861095636,2.2161255584788146,1.1735297731859629
2023-04-10,1065.35,2.7915463415782287,1.0,0.13822334657316424,0.6,1.450677671424949,0.653280779557884,-0.8996739518712724,2.2203044361425897,1.1665307897801265
2023-04-11,1069.46,3.1752620554658697,1.0,0.13853143565522846,0.6,1.606373148911799,1.0968427628059734,-0.96353041628849,2.3402053496709185,1.2524191546947567
2023-04-12,1069.45,3.262163202440339,1.0,0.12481162420647583,0.6,1.606373148911799,1.3578630847418978,-0.9045945293839838,2.3555174932117455,1.2413988577866946
2023-04-13,1064.3,3.028265094080506,1.0,0.1343089876601963,0.6,1.4537929736071173,1.3520743481536373,-0.7302697838452963,2.2636314637005635,1.1506833130282041
2023-04-14,1052.89,1.3332638037099458,1.0,0.18614008152285577,0.2,0.848506091058605,-1.0722883329201331,-0.39150227810119903,2.0304516628417812,0.9271717607758714
2023-04-17,1053.8101,1.6099000477585177,1.0,0.16947027551421873,0.2,0.8911169828349388,-0.6144125398814444,-0.4213940668123933,2.087464028091977,0.9700162930146459
2023-04-18,1055.02,2.211799082939977,1.0,0.16176060191777494,0.6,1.166957387814278,0.2079837871023609,-0.5017442533254783,2.1881834407797482,1.0526256498312476
2023-04-19,1048.98,1.4210139984070524,1.0,0.17286550721762856,0.2,0.7457439797373547,-0.7288273487052491,-0.31679013398904876,2.0710264526696336,0.9384196261386145
2023-04-20,1049.25,1.362634347415856,1.0,0.15494933192139446,0.2,0.6660501525710769,-0.7275514938893194,-0.2799722622593209,2.0738862654445755,0.9310570661286804
2023-04-21,1042.91,0.8747055805820527,1.0,0.15559297410727038,0.2,0.2476585022689701,-1.1193941127706808,-0.15930021645193698,2.0033376092587147,0.8607049297373488
2023-04-24,1041.36,0.8183203055944579,1.0,0.14282533259857752,0.2,0.18704737163787727,-1.1249397669477965,-0.14169940855585564,1.991185925594987,0.8431906506978124
2023-04-25,1034.85,0.47667928062656206,1.0,0.15146678477071263,0.2,-0.23263940633167215,-1.130330866999361,-0.02924059766474897,1.8960559768776037,0.749863879426386
2023-04-26,1040.8,1.3380348089404808,1.0,0.1496398810724469,0.2,0.26586082245700654,-0.08168284086735968,-0.2130727132951302,2.012477940159111,0.8543065688659632
2023-04-27,1039.63,1.9122316241306083,1.0,0.13904708271702104,0.6,0.3749925596578638,0.9797686875300042,-0.2872544156738887,2.061624315497607,0.8981553952004483
2023-04-28,1049.12,2.551417557389358,1.0,0.1382031158052737,0.6,0.7570017272777039,1.6755364710396374,-0.4409377036025103,2.1698080454907323,0.9989226378553004
2023-05-04,1040.61,2.092729977236107,1.0,0.1362793120311879,0.6,0.4630738161491596,1.131228556803837,-0.3692729072360487,2.1123379792837476,0.945029905602377
2023-05-05,1040.3101,2.0789797021202725,1.0,0.1257434130760225,0.6,0.43063438749664873,1.1636732987108367,-0.373564700869912,2.100582601135674,0.9308233777023017
2023-05-08,1053.4399,2.872608646462373,1.0,0.12910764521438872,0.6,1.2577376317663829,1.6301043413135494,-0.5622043032385744,2.224319197448467,1.0505567864564291
2023-05-09,1053.77,2.803925049454035,1.0,0.11619221425641887,0.6,1.3546675830058605,1.334115494116966,-0.5769191626572489,2.2283684799922088,1.0580493225719398
2023-05-10,1058.26,3.1505188846850496,1.0,0.12493688230486592,0.6,1.5483702275015883,1.588637630038831,-0.7487182258121579,2.369064379327033,1.0821830545991065
2023-05-11,1057.12,3.082384463361154,1.0,0.11627572888543344,0.6,1.5278674782594757,1.4396661421689474,-0.7624113329422614,2.3846851075157094,1.0737654156037908
2023-05-12,1066.9,3.060383519692557,1.0,0.11725656922999939,0.6,1.5056701672856956,1.2637848787176622,-0.8621813170279568,2.4602666717771204,1.0641868867409094
2023-05-15,1065.71,2.32653985991915,1.0,0.13543645247149602,0.6,1.0381943051085982,0.618639121808766,-0.6363090684194882,2.3122048475793244,0.9337475509541511
2023-05-16,1065.91,2.3665462573267892,1.0,0.12358157307899884,0.6,1.15498005655326,0.5662321397391514,-0.6268741992647321,2.314093705495895,0.9614109268793746
2023-05-17,1060.4399,1.6524661656024509,1.0,0.1425491964330769,0.6,0.6594668173759374,0.03785557201636585,-0.38334470815614047,2.162264005856106,0.8209508425056099
2023-05-18,1068.3101,1.800443279271071,1.0,0.12760027594497575,0.6,0.7157921450223691,0.35672734233476633,-0.349952608327973,2.153279087887643,0.8318441886902225
2023-05-19,1067.0699,1.8114411483715298,1.0,0.1176742815213074,0.6,0.8623007793012246,0.19379148416928332,-0.33824741865047886,2.1670249324050346,0.868876598663109
2023-05-22,1070.64,2.857308139427265,1.0,0.1252963033601603,0.6,1.4360220167747262,1.4794497235844224,-0.5097059742224178,2.29058144770535,1.0282045938391593
2023-05-23,1065.85,2.42932386470891,1.0,0.11861805769938091,0.6,1.3539499740748595,0.7736434650986717,-0.41582653402178194,2.2450931872731332,0.9970315135876663
2023-05-24,1061.79,1.9067773497853497,1.0,0.12242131212582044,0.6,1.1070633074535376,0.1764351596870437,-0.27419624201046194,2.160747711136888,0.9152644453244905
2023-05-25,1064.63,1.982757042212703,1.0,0.11008041487485357,0.6,1.1521254689495255,0.3330111434538828,-0.24493950463054176,2.149802845836378,0.9203926951585728
2023-05-26,1063.76,2.407488979687608,1.0,0.1050561192027576,0.6,1.3552509221990408,0.9463233795498718,-0.28068799135700384,2.1802283466257215,0.9731917875531713
2023-05-29,1074.98,2.841639877860841,1.0,0.12274842577646168,0.6,1.3350283172384458,1.5498644848121614,-0.5564828067361821,2.344768296792355,0.9590076339970418
2023-05-30,1078.05,2.717685202157118,1.0,0.11829457540848033,0.6,1.315658764352694,1.2171784833364163,-0.6130167795302874,2.3768034469914063,0.9452352939703624
2023-05-31,1075.17,2.6819818895884247,1.0,0.11189906041188344,0.6,1.2980359847526248,1.1104823265178836,-0.655762718115509,2.3875894835997826,0.9324929163111553
2023-06-01,1078.39,2.7517368268479547,1.0,0.11375124621442123,0.6,1.2819775663616508,1.1183930115553549,-0.7781269427609958,2.445131842312943,0.9207666669444173
2023-06-02,1090.84,2.7253327001770393,1.0,0.11417796670556168,0.6,1.2673291539835287,0.9345725048517144,-0.8854142303916878,2.489443652550049,0.9103297037619409
2023-06-05,1097.8199,2.6314696601949334,1.0,0.10415856363801859,0.6,1.254069804061832,0.793629235738173,-0.8551594299973646,2.459423030049716,0.9009741463277934
2023-06-06,1108.3101,2.8393660919514665,1.0,0.11437070349322973,0.6,1.2444593219077595,1.03012983038561,-1.018297007763215,2.5480740005900038,0.8950331761842321
2023-06-07,1109.54,2.945522176299562,1.0,0.11619935026839331,0.6,1.2383524912661614,1.1764621158343347,-1.0752878177082545,2.5869808826477056,0.8916519089808093
2023-06-08,1101.3199,2.164049284246982,1.0,0.1527962079533869,0.6,0.7634014659267045,0.7406113808099549,-0.6793945833333509,2.36329213928537,0.6801484695529312
2023-06-09,1107.53,2.5370650997380118,1.0,0.15231541213560904,0.6,1.1137959159545372,0.8520976655885943,-0.7886325339194128,2.4296805097068988,0.833627790047833
2023-06-12,1116.02,2.7653693959741275,1.0,0.14765987365604538,0.6,1.2313231317384916,1.0704484700846666,-0.8592153606174271,2.464642716621852,0.8854599105833388
2023-06-13,1122.46,2.748994318641855,1.0,0.13325649980537918,0.6,1.2281913875043096,1.1118265717857958,-0.8001715485407787,2.4294276191675666,0.8839984184006889
2023-06-14,1117.42,2.0264318815309412,1.0,0.1518454612599612,0.6,0.9084711626263144,0.44019906519351865,-0.4890878448607628,2.2639623826810333,0.7310170895408165
2023-06-15,1116.97,1.9108437967091674,1.0,0.13592107012830662,0.6,0.9125837564315805,0.2952108871286082,-0.40095552485548575,2.2237480291195504,0.7334751853755218
2023-06-16,1115.22,1.6011476839188967,1.0,0.1343380738289572,0.6,0.7529288267952752,0.09395622023651445,-0.22684605638977326,2.1384775935308276,0.6709747412031785
2023-06-19,1105.4,0.8659851303096031,1.0,0.13672464027013295,0.2,0.5719017714356365,-1.0144803432658005,-0.05142582627335701,2.045054220889373,0.5891562845133093
2023-06-20,1111.72,2.2996464428879717,1.0,0.14963496400676943,0.6,1.13120931650502,0.98862030017276,-0.3229486138181625,2.170798718791604,0.8160864395665692
2023-06-21,1118.46,2.582898751133809,1.0,0.1500710639921794,0.6,1.1594741020352604,1.3997869753396097,-0.46423183126121736,2.2331405344199697,0.8207931315571068
2023-06-22,1125.3,2.599235582045627,1.0,0.14751597781535244,0.6,1.1439684530437666,1.323672826282833,-0.5732531092217074,2.27667521265932,0.8088087554028478
2023-06-23,1129.38,2.36779008917059,1.0,0.13282966780704214,0.6,1.1286160234715585,0.9461745866622245,-0.5016234687258387,2.2315795696342713,0.7981769812154557
2023-06-26,1132.03,2.222265063082531,1.0,0.11963983131133173,0.6,1.1125612178486735,0.7403067007785991,-0.4477553708038772,2.1959713917268933,0.786821213903604
2023-06-27,1134.33,2.174881824030334,1.0,0.11150094627777511,0.6,1.0946390604163536,0.6826929771552845,-0.4553955346113703,2.177659005952301,0.7737736673833616
2023-06-28,1138.35,2.1479303334498088,1.0,0.10188266321240325,0.6,1.076896642562774,0.7033414071842523,-0.43979304887590565,2.143873897136732,0.7607106199802072
2023-06-29,1125.39,0.8593283123664116,1.0,0.1586032808938485,0.6,0.16263724202157623,-0.16611102453915652,0.05709446919587853,1.9167180756704174,0.4677287322879426
2023-06-30,1120.1801,0.9325196367771014,1.0,0.1431504941735131,1.0,0.142528398676651,0.0872398246209681,0.08131170168597088,1.8789555584329611,0.46278847122204186
2023-07-03,1125.5,1.128885955992798,1.0,0.13637830583434554,0.6,0.3743767702599277,0.03823020904562533,-0.04414952853322554,1.8978671056135017,0.5492321230711491
2023-07-04,1132.0,1.9608120989151139,1.0,0.1414041445031345,0.6,1.0417146932405257,0.6701357518635699,-0.29285991237962467,1.9708090188592573,0.7173944333213162
2023-07-05,1134.62,2.04329221483109,1.0,0.12889439902397332,0.6,1.0243479940460438,0.9084651952446389,-0.2903187311658265,1.9497731327962555,0.7042768522417432
2023-07-06,1126.22,1.202798523356631,1.0,0.14020672383159044,0.6,0.5653355709071244,0.014221184767120329,-0.052960594432069,1.834469894928298,0.5722142283041989
2023-07-07,1138.0699,1.997522791769537,1.0,0.14304890480180005,0.6,0.997295181776424,0.9573755573055548,-0.2407091454565209,1.8980253010331676,0.6798550385285588
2023-07-10,1149.02,2.2089820378619045,1.0,0.14744276152583818,0.6,0.9823086386890312,1.2257212600538927,-0.42025648850711805,1.9679602743418452,0.668165061115222
2023-07-11,1151.77,2.0336289665752005,1.0,0.13517105189787973,0.6,0.9663889747495512,0.9051028325826806,-0.4027631212695176,1.9499357305942113,0.6551472604942712
2023-07-12,1154.2,1.880519673042425,1.0,0.12175850322476885,0.6,0.950297346395751,0.6643203266816449,-0.362100616921155,1.9154661808046531,0.6458994772667267
2023-07-13,1165.42,2.203070525682329,1.0,0.1330997407343033,0.6,0.9340092757404946,1.0952675143241006,-0.6132661428175009,1.9946910478051423,0.6356641265833013
2023-07-14,1168.4,2.1525279719265358,1.0,0.12737785269343863,0.6,0.9220679725821941,0.9557360010098106,-0.6602425338857426,1.9935191211897683,0.6303823635945234
2023-07-17,1173.13,2.062783461740187,1.0,0.12043040926605962,0.6,0.9102484370595297,0.7671187076853572,-0.6703097958006256,1.9805852258752439,0.6251209483579165
2023-07-18,1174.09,1.9895821801714544,1.0,0.10896479635663661,0.6,0.9045411068391175,0.7204990999078755,-0.593300235660708,1.9326419612636725,0.6231241132783957
2023-07-19,1172.98,1.7983333232953365,1.0,0.10896724411489929,0.6,0.7873438536483736,0.6681789719527481,-0.44909634899250045,1.8557572415201165,0.5770287258719774
2023-07-20,1172.8101,1.9611701290675336,1.0,0.10668976845882834,0.6,0.8972708312032164,0.8276841549186617,-0.47457350619247235,1.8571063902244476,0.620573870022781
2023-07-21,1185.9,2.18850369553116,1.0,0.12232058097804242,0.6,0.8945383311587853,1.0529596108471189,-0.6888659066498203,1.9331117913092213,0.6197808273072883
2023-07-24,1190.72,2.252675649420772,1.0,0.12368675982954545,0.6,0.8938471832567175,1.1030283464800217,-0.7571481324482725,1.9524744344528258,0.6196588545019528
2023-07-25,1195.9,2.094983701192471,1.0,0.11681232244530518,0.6,0.8627680456041691,0.9959772227458,-0.6074183718959102,1.885771261233809,0.6029450644593031
2023-07-26,1200.84,1.9621117537604333,1.0,0.11077066154279369,0.6,0.8896403096155002,0.6769954109867459,-0.5866661799551427,1.8672940126125652,0.618253902719542
2023-07-27,1197.33,1.820797835876586,1.0,0.10186109354646555,0.6,0.8828141254473852,0.47347783710133123,-0.5040694871731088,1.832149219422708,0.615530212479712
2023-07-28,1207.67,1.9501519195897121,1.0,0.10664880745275399,0.6,0.8735955188271706,0.6724375957635247,-0.5873412894636908,1.8536805373010254,0.6116390984248882
2023-07-31,1222.9,2.037083625155669,1.0,0.10676009265087284,0.6,0.8684631242511004,0.8325026111251611,-0.6266442418582469,1.8550196644580443,0.6096103846473409
2023-08-01,1217.5601,1.4469397099780836,1.0,0.1317201736321325,0.6,0.5831421807351551,0.47291288286542493,-0.27111878877363016,1.7168542710073333,0.4390273453010794
2023-08-02,1220.4301,1.7935382549360883,1.0,0.1265416579809367,0.6,0.7525240859816478,0.9151507219259554,-0.30734526870893175,1.7157270141883516,0.5403614293447007
2023-08-03,1210.95,1.2590653741999884,1.0,0.1307983620649182,0.6,0.5886391677865764,0.24299677616259097,-0.10983047334630613,1.629167386115556,0.4598079670798885
2023-08-04,1225.98,1.8642865074317183,1.0,0.13858830940445643,0.6,0.8733211895835035,0.8407307495514666,-0.3424483515975782,1.684822855801266,0.6122271604388734
2023-08-07,1241.42,2.0997174942256205,1.0,0.13973809638040335,0.6,0.8723077257091215,1.1891088697304606,-0.4934798902814086,1.7143664017598346,0.6118369574588914
2023-08-08,1242.23,1.824507826304478,1.0,0.12988506841590133,0.6,0.8534497906512546,0.7577727902009983,-0.3745169931343252,1.6601158671268914,0.6021565090327687
2023-08-09,1233.99,1.4283727079135486,1.0,0.1316390388455747,0.6,0.691170433477762,0.38728095929844114,-0.16750230623271753,1.5815284094043216,0.5319652198611771
2023-08-10,1220.61,0.16954834468815702,1.0,0.16195636078606196,0.6,0.14113261706731287,-1.1046729005655587,0.23455946054687032,1.442008809724392,0.3146176874519499
2023-08-11,1232.21,0.6257723091658475,1.0,0.151687680720935,0.6,0.35443653830730487,-0.5070930694518504,0.14535107441973388,1.4464968790181862,0.4098839235438851
2023-08-14,1236.84,1.4724301481500404,1.0,0.15237346495502485,0.6,0.8263484465069918,0.4344482939504895,-0.07459589957896895,1.4881337782608435,0.5930715721269988
2023-08-15,1234.05,1.3421037963144713,1.0,0.1433506903515302,1.0,0.7564463531342316,0.38491717498183664,0.02409983361640195,1.4372264400851429,0.5656241048677588
2023-08-16,1243.26,1.5326590029020664,1.0,0.12987904294901978,1.0,0.8464960188831657,0.6944104942809274,0.021813285827741967,1.4151438730435641,0.6017842861450956
2023-08-17,1233.48,0.5663221420049718,1.0,0.14451954122930347,0.6,0.3146197945589485,-0.43926490765012993,0.2705944329815141,1.3203403438821715,0.4614842063229476
2023-08-18,1177.99,-2.2351610941161635,1.0,0.4101213394205825,0.2,-1.8351130915595293,-1.6639326556124026,1.6766253479143594,0.9042705644911866,-0.4569639511070212
2023-08-21,1179.76,-2.2280833728402074,1.0,0.36463826094723534,0.2,-1.798773472039811,-1.6322745402130299,1.6441381244481008,0.8655817997760588,-0.5037048258045137
2023-08-22,1180.49,-1.6708283314682884,1.0,0.3285718766929403,0.2,-1.4137081560831752,-1.332120578442629,1.314799538181367,0.9133025293484668,-0.3455881885998154
2023-08-23,1172.5601,-1.9643733850378833,1.0,0.3056584272243496,0.2,-1.6377342214175088,-1.5119574925749868,1.3888862378591704,0.8518419458504177,-0.4467146388412231
2023-08-24,1189.39,-0.7574558674114749,1.0,0.3028368727835257,0.2,-0.7649267252076837,-0.8858364140579196,0.7571455285101018,0.9867946486064783,-0.07601647363303893
2023-08-25,1183.37,-0.5990209826598267,1.0,0.26526766555922365,0.2,-0.6673059816915067,-0.7901498158417403,0.6406888125990777,0.9822437444775896,-0.03426642119886949
2023-08-28,1201.72,0.3682093858431899,1.0,0.25870023756643834,0.2,-0.007043243330127059,-0.18916122960216575,0.16708593319191972,1.0750946443972664,0.2482197869182192
2023-08-29,1204.4301,0.7230141335076204,1.0,0.2329842096165824,1.0,0.20268073837253098,0.10771246754240152,0.0015603075407158214,1.0869534284377447,0.33775357487982927
2023-08-30,1213.16,1.4751974343054004,1.0,0.22457494734211722,0.6,0.7116048756707367,0.6395565906554526,-0.3198257258326869,1.1488506848246167,0.5546294601626319
2023-08-31,1224.05,1.8816336170063264,1.0,0.2188915462012483,0.6,0.9519964022387958,0.8402429318035316,-0.604379771954646,1.2124394530699556,0.6584308769471073
2023-09-05,1234.98,1.9398834946996846,1.0,0.20518556917880681,0.6,0.9369399170114814,0.8187799604080511,-0.7536121319758278,1.2389655185531236,0.653967933783169
2023-09-06,1245.5,2.082323659873509,1.0,0.1985261429861511,0.6,0.9242091593084588,0.9078055317837869,-0.9643625395607088,1.282524810786043,0.6504911365493461
2023-09-07,1243.14,2.0650168748681246,1.0,0.17745106869157468,0.6,0.9117431314570702,0.9131399640447443,-0.9535191387098679,1.263742736554465,0.647318510102947
2023-09-08,1241.48,1.9958684199012922,1.0,0.16585811964947392,0.6,0.8998531375282198,0.6938424590623498,-1.0242415619454823,1.2700814135585776,0.644299202558187
2023-09-11,1223.63,1.1257048443552524,1.0,0.21012073353829558,0.6,0.3893723044818388,0.2723724911716814,-0.5260078757272297,1.110452374073252,0.3192408087051345
2023-09-12,1245.4399,1.895673279084226,1.0,0.21994239175222743,0.6,0.8806010341417817,0.7420702102174149,-0.8391379204334205,1.2138726497115582,0.6300238748518087
2023-09-13,1238.39,1.6519615914230823,1.0,0.20712749750039536,0.6,0.7641115598736329,0.7181787548688107,-0.5725309304392883,1.1549492944897868,0.5583066947225681
2023-09-14,1223.8101,0.7110754185811845,1.0,0.2276903224748923,0.2,0.37157110204150495,-0.12207522262140574,-0.08546911422149223,1.0314153005599027,0.3118900728173549
2023-09-15,1227.36,0.5172299588043994,1.0,0.20130542674044294,0.6,0.4095733674196228,-0.5161630513757077,0.018157716856677948,1.0160394788365934,0.33885906025159923
2023-09-18,1211.8101,-0.2965438206063573,1.0,0.20080455790559348,0.6,0.21159551927545783,-1.6814614578303644,0.2935298564873298,0.9448381877489176,0.2171522160891955
2023-09-19,1211.5,-0.015218498132341607,1.0,0.18261587476304544,0.6,0.31624974749682877,-1.2393326125586495,0.28840923469724666,0.9474282528654112,0.2859649599152804
2023-09-20,1226.11,1.3816750579128443,1.0,0.1971833447348076,0.6,0.8196624488762838,0.561247311353401,-0.10975785612420036,1.0501660873046066,0.6021639490129042
2023-09-21,1212.74,0.5679856272258813,1.0,0.20567258241790348,0.6,0.5332183853955414,-0.3603197799364296,0.23189207844558557,0.9581397675336529,0.42394203081269827
2023-09-22,1193.05,-1.2827581868547557,1.0,0.2876993311850791,0.2,-0.6317593698326978,-1.7074261710201748,1.0493898505135424,0.7412569843264734,-0.10028478583723223
2023-09-25,1153.2,-2.957472333666473,1.0,0.41752804389781767,0.2,-1.9809718182936074,-1.6994078173728393,2.226623935468399,0.43269456884305674,-0.8857499200613347
2023-09-26,1137.96,-3.1990751464220804,0.0,0.4046950550905063,0.2,-1.963009690542909,-1.6808710109127611,2.4504732726699188,0.33000011896945997,-1.1259609237240726
2023-09-27,1153.85,-2.0638851222045584,0.0,0.38868884431842765,0.2,-1.3416046851102768,-1.129324791910448,1.6523849622146203,0.4645477839663584,-0.73668526403051
2023-09-28,1152.4301,-2.129320996524672,0.0,0.3436425552035547,0.2,-1.4099877836571273,-1.2063115672728046,1.5819754865061493,0.4385440086440537,-0.7760356555677786
2023-09-29,1154.15,-1.9877585960668054,0.0,0.29947319037170267,0.2,-1.3646446471463554,-1.1642022031155215,1.3867491037887156,0.4388653935923853,-0.7451817987950855
2023-10-02,1155.25,-1.7180302458902188,0.0,0.26832958943960233,0.2,-1.2297736542678812,-1.032504572141211,1.161255293073565,0.4589704996467016,-0.6636650664361817
2023-10-03,1118.1,-3.20789306419698,0.0,0.36778988467937446,0.2,-2.030769784623999,-1.7329189000590417,2.0273170631261017,0.21256071544977057,-1.3100853917431958
2023-10-04,1128.67,-2.420553796490006,0.0,0.34327072426898203,0.2,-1.650377272937499,-1.2963679470824714,1.4381148624540208,0.2965193898668667,-1.0660539243995952
2023-10-05,1113.89,-2.8969188725075,0.0,0.33199673354985487,0.2,-1.9307197075659612,-1.5603811948637953,1.627587751000784,0.21574165087807368,-1.2887546195130948
2023-10-06,1128.54,-1.7815717438643943,0.0,0.3149347250588826,0.2,-1.5346549375916267,-0.3701401165637905,1.0654028814188201,0.3034029827596002,-1.042802881515435
2023-10-09,1137.36,-1.064868989651118,0.0,0.29110070112900677,0.2,-1.2580958711980026,0.30761600163182934,0.6608902561711231,0.3590404527888779,-0.8674912345970751
2023-10-10,1143.6899,-0.92192367587252,0.0,0.25483133838783045,0.2,-1.2278399444528123,0.47159286354748176,0.5268062872383322,0.3555630899041719,-0.8688363607083973
2023-10-11,1150.8101,-0.26983760235398546,0.0,0.24162683062397303,0.2,-0.9465199370897053,0.950424349175038,0.07581068714868304,0.41320599640038697,-0.6950204706117767
2023-10-12,1151.61,-0.31663335109641466,0.0,0.21296884311209363,0.2,-0.9387065336929883,0.7414621224979956,-0.0561063302081194,0.4023133456447844,-0.7196552784524007
2023-10-13,1154.73,-0.12318081627743482,0.0,0.19527120688931712,0.2,-0.8122195043845621,0.749034010736786,-0.25690721755919366,0.4210061309361161,-0.6512664297100709
2023-10-16,1141.42,-1.1239789949810752,0.0,0.22221680545536684,0.2,-1.2240690514686814,-0.04261011006270674,0.26731138267034266,0.30707153080360566,-1.0098211774076329
2023-10-17,1121.65,-3.1442169088115435,0.0,0.3002697662184233,0.2,-2.00484395493081,-1.8187381373941363,1.2837845455333274,0.09920501904283578,-1.6920456566383144
2023-10-18,1103.4,-3.7012553407406505,0.0,0.32642706896067697,0.6,-2.148655924893479,-1.8980984935632121,1.876464916683691,-0.04373568553755271,-1.9567410155166247
2023-10-19,1087.85,-3.7354478334193693,0.0,0.3300501581972835,0.6,-2.1214679565233263,-1.8611919860345614,2.2288507613861452,-0.14933385600392177,-1.6751367096973868
2023-10-20,1108.03,-1.914318714255651,0.0,0.33267140568820164,0.2,-1.1816600726821924,-1.0233438322605863,1.2327370444284962,0.00941599639089815,-0.6757932736525312
2023-10-23,1093.53,-2.6283629337457284,0.0,0.32787072360868375,0.6,-1.6274784552878014,-1.4235974885988347,1.5156584222396838,-0.08393085428981299,-1.002602112791086
2023-10-24,1105.9,-1.8436314455642284,0.0,0.30587315597277465,0.6,-1.1564905985146678,-1.014721876661152,1.0584467307733907,-0.008508977885742775,-0.7157094480853033
2023-10-25,1101.66,-2.064013145779756,0.0,0.2798155418237929,0.6,-1.3060992902557864,-1.087331919139937,1.1441938543628083,-0.04695016222272859,-0.8455788599303238
2023-10-26,1055.45,-4.213159144959421,0.0,0.4213862424978423,0.6,-2.1235068476544066,-1.8104951684815136,2.684040272477727,-0.3780339495521373,-2.109852220591116
2023-10-27,1060.62,-3.6394683084210566,0.0,0.3785500072598519,0.6,-1.8732450846236863,-1.5004417979988682,2.216182519061068,-0.32880091332141925,-1.9341695075092986
2023-10-30,1042.4,-4.646969330838796,0.0,0.4128940390424124,0.6,-2.1188170910157837,-1.8145921616744112,2.917943884190982,-0.522058862069278,-2.6784802249501944
2023-10-31,1028.1899,-4.88400308056682,0.0,0.4393245033851917,0.6,-2.094071265384062,-1.7933200468801482,3.0,-0.7070366102591366,-3.0
2023-11-01,1039.66,-4.113437922882986,0.0,0.4102217783629086,0.6,-1.738388387854611,-1.3285488788691058,2.443270516823842,-0.5933265549520448,-2.802056709391755
2023-11-02,1075.47,-1.9030447049217294,0.0,0.43352093155247606,0.6,-0.9410093315966355,-0.2493889676860879,0.8641303946618655,-0.3106799474151081,-1.7210558109044438
2023-11-03,1076.78,-1.5979173168622467,0.0,0.3782877482865574,0.6,-0.878973268380681,-0.03353961231040068,0.5714873009929755,-0.2982052372781118,-1.6361165539713245
2023-11-06,1089.66,-0.9865323801964995,0.0,0.3447023445358054,0.2,-0.6792511858483986,0.3048914886288081,0.11791491666761611,-0.23463733794371286,-1.3561857771929626
2023-11-07,1080.29,-1.2143092052661517,0.0,0.32198524128472467,0.2,-0.8169988639263607,0.3249606016099505,0.2543391221723859,-0.2976430332790518,-1.5298758771681187
2023-11-08,1113.4301,0.6998745485605973,0.0,0.35542635801917005,0.6,-0.044284887888317,1.2726282948440213,-0.8875601977903131,-0.013835546892561366,-0.48963968085857235
2023-11-09,1113.89,0.7031933690615015,0.0,0.3168022009608233,0.2,0.05721311910218974,0.9306413251731482,-0.9529854915912046,0.013875104729729677,-0.3601741830033005
2023-11-10,1101.6801,0.6296676487382099,0.0,0.29317201101907125,0.2,0.1936153035742951,0.5745861798833914,-0.7605599316586575,-0.04122684498565117,-0.10382577242589226
2023-11-13,1100.0699,1.2496079481581088,0.0,0.2598090328884711,0.2,0.730123991502835,0.6232290459684252,-0.77138491082147,-0.034060634659581916,0.5815838046538961
2023-11-14,1109.73,1.5172130633037657,1.0,0.24061035678701392,0.6,0.7737201445855925,0.8695195845491662,-0.966693448476263,0.014630452227374132,0.6447951803488285
2023-11-15,1122.5,1.3971870723506084,1.0,0.22212628339030252,0.6,0.7609518095297428,0.39832472193816304,-1.119611737890336,0.053991790210389363,0.6486017005702345
2023-11-16,1125.53,1.5219456070276005,1.0,0.2077773303163372,0.6,0.7482859136305847,0.5999729270046935,-1.1693304509168079,0.10040370213971792,0.6545431107259633
2023-11-17,1101.1899,0.508845071757163,1.0,0.23423855488608322,0.2,0.35475004166742236,0.18023936630225695,-0.48244383777336786,-0.04963950862462451,0.0994773044080273
2023-11-20,1103.66,0.8815806959376311,1.0,0.2126164317409293,0.2,0.45430020912739116,0.8215796810516884,-0.40025133987964107,-0.028235763612404437,0.25759914540303236
2023-11-21,1110.46,0.8662692538451828,1.0,0.19989748298979412,0.6,0.6339223948407532,0.2630609184532487,-0.345614497608109,0.021603638136760007,0.5571057171808093
2023-11-22,1113.8199,1.1600344410096182,1.0,0.18857126663477583,0.6,0.7024748389835853,0.7253669633170378,-0.3019342567276816,0.07011683705262316,0.6867728209408196
2023-11-23,1088.49,-1.6588763871240793,1.0,0.27019699875852077,0.6,-0.0064843247802987775,-2.0201712934627043,0.9554180860581416,-0.2102377633226882,-0.5445742114018558
2023-11-24,1095.61,-0.9796889949129264,1.0,0.24961022805345004,0.2,0.18264402745364675,-1.263980586120837,0.7804040418007269,-0.15352448276651473,-0.2187634298660756
2023-11-27,1088.0601,-2.0123104323404823,1.0,0.25598384228581067,0.6,-0.10477229437930977,-2.0264077321044973,1.318205121835994,-0.2795018575627315,-0.7659970959032089
2023-11-28,1095.4301,-1.5179037545888585,1.0,0.23474618603406322,0.6,-0.04529509933561716,-1.4392030673924898,1.171341360365444,-0.23604864034347633,-0.4996897363907678
2023-11-29,1102.8,-0.6131867107760548,1.0,0.22435264226411664,0.2,0.03095574825295128,-0.4891120619709061,0.7768226285968745,-0.15061392217226305,-0.0006168171906509042
2023-11-30,1094.13,-1.0211762710502705,1.0,0.2127932317940785,0.6,-0.18463332717169154,-0.7186813309075689,0.940222618620114,-0.2110662678023313,-0.21731497775165579
2023-12-01,1102.16,-0.22776937906082886,1.0,0.20007270135698316,0.2,0.13685757434266974,-0.008686746600121788,0.6680486962742925,-0.15229230755643566,0.15633021690336907
2023-12-04,1120.49,1.2218805530536574,1.0,0.21955221193263297,0.6,0.6665881435852916,1.04775825600465,-0.17094611396962825,0.06820632293806177,0.7056626510990955
2023-12-05,1115.97,0.6704213458417841,1.0,0.20633003504560204,1.0,0.4230596702389334,0.48482436303336807,0.02055266764762967,0.01277388578858964,0.5440378153382794
2023-12-06,1126.4301,1.2508288725932881,1.0,0.20595665300035496,0.6,0.6738953889457203,0.7287668125211929,-0.46990335182635457,0.14066109152573722,0.709954915548165
2023-12-07,1121.49,0.3991773012820951,1.0,0.20928357868431421,0.6,0.17427487890595836,0.267904404766057,-0.09436947874319547,0.030004094548097143,0.3026400027745303
2023-12-08,1124.4399,0.20282551389294515,1.0,0.19245916830144838,0.6,0.08861454795888811,0.17526107476027494,0.04190975244455471,-0.006696105540890109,0.22419617234032116
2023-12-11,1125.5,0.12836327564931668,1.0,0.17425924114107405,0.6,0.08689746949621734,0.1170896217110201,0.11479512645571309,-0.028362610965823924,0.21181012322340792
2023-12-12,1127.63,0.34761252915474405,1.0,0.15813967519619798,0.6,0.2542041937418639,0.2191970569463232,0.04771995691953091,-0.019390854566040967,0.3399087027417564
2023-12-13,1114.2,-1.1159982408431615,1.0,0.19044923944008033,0.6,-0.6260150602307992,-0.5535028676383175,0.6856673723846296,-0.2032716456757232,-0.38032313493023445
2023-12-14,1110.13,-2.12795109849059,0.0,0.19334169278077357,0.6,-1.0537387616710716,-1.5335421365456166,1.0738453722482773,-0.30490840008572423,-0.7357617794443694
2023-12-15,1102.3,-2.502770204290655,0.0,0.18223110562583966,0.6,-1.1963178381107795,-1.9210184684430427,1.217375574735948,-0.353344095761048,-0.8562478488681864
2023-12-18,1091.88,-3.0522593396703863,0.0,0.18645179699584802,0.6,-1.6060348814619765,-1.8809127011348654,1.5897968264704176,-0.4540467837924238,-1.1964828835109687
2023-12-19,1096.3,-2.369308499454248,0.0,0.1752159935487099,0.6,-1.2081176691988844,-1.4291629296925126,1.3218181573074153,-0.3981469697908586,-0.874802151640369
2023-12-20,1100.76,-1.7304761809807094,0.0,0.16405802422542914,0.6,-0.8640277963781464,-0.9360002858689604,1.0785355595449702,-0.3516087016199254,-0.5946114638413028
2023-12-21,1102.4301,-1.280541221289963,0.0,0.15144447867973823,0.6,-0.6230376970512919,-0.5302999915966765,0.9472689663888725,-0.3255413342661698,-0.4017186111056473
2023-12-22,1103.0601,-1.1245120988625918,0.0,0.1358838693831378,0.6,-0.5510508996210554,-0.30493467807228936,0.9355844678238268,-0.3334380253474435,-0.35172679627787695
2023-12-25,1117.66,0.24853527776767334,0.0,0.14310224911631234,0.6,0.10732620527807331,0.8080208043487099,0.3777699705734253,-0.20670806150963797,0.24149596273494126
2023-12-26,1122.25,0.5562997602370077,0.0,0.13221233621669137,0.6,0.25613210937749226,1.0553230204112662,0.25859259672655893,-0.18943394328820634,0.3906330331313541
2023-12-27,1121.99,0.40010101003709214,0.0,0.12174821900713236,0.6,0.2626569848688532,0.6708371347155896,0.22816530373805508,-0.21050578893958224,0.3870878777695221
2023-12-28,1128.9301,0.7272120634353142,0.0,0.11537359927556058,0.6,0.5738217877106103,0.6745410488500512,0.06862582806929249,-0.18161548486487228,0.5828262460325384
2023-12-29,1129.9301,0.9975765481751941,0.0,0.11144564630484076,0.2,0.7342026503923189,0.7884669938221078,-0.11957449139810004,-0.13992429543879523,0.6691112215613605
2024-01-02,1131.72,0.388268544496557,0.0,0.11701376699284327,0.6,0.37294969620272705,0.3563822348382236,0.11869375256218966,-0.2229089093453158,0.4328985838210817
2024-01-03,1144.17,1.0890535050241186,0.0,0.12324467440736674,0.2,0.7101757411201588,0.8127178876984916,-0.3159440537604852,-0.10642900910672984,0.6393524674487415
2024-01-04,1150.72,1.0445154332954796,0.0,0.11274886261650013,0.2,0.6960391984137059,0.7590652067674144,-0.2968390301168181,-0.10496946341573722,0.6232855759778653
2024-01-05,1154.6801,1.15810499290582,1.0,0.10448959219549592,0.2,0.6883406495408597,1.0530683244008248,-0.2797536992756019,-0.09591471277639721,0.6144843975063056
2024-01-08,1160.1899,1.0362579082866676,1.0,0.10059208615712463,0.2,0.6812910256200871,0.6971918595540268,-0.32817715636662,-0.060665845024500155,0.606376173045687
2024-01-09,1158.59,0.5988417600389497,1.0,0.1004430097936828,0.2,0.5588871517997973,0.2636905623809949,-0.06590350704162684,-0.11627896440229407,0.500034657001811
2024-01-10,1161.54,0.018905430072692797,1.0,0.10841000266289488,0.2,0.28018247751519126,-0.04017605890841665,0.29176198583945545,-0.21034270969096985,0.25915937737462413
2024-01-11,1162.22,0.44098726327302507,1.0,0.10413742319892771,0.6,0.5355408574703175,0.30753427068596745,0.21349131523394832,-0.17226937910277262,0.47500597856184346
2024-01-12,1154.7,-0.9644995125691782,1.0,0.13042695032818144,0.6,-0.06364640912259117,-0.962354686087444,0.7865472192267131,-0.3493684104374445,-0.03993642031857803
2024-01-15,1154.12,-1.917219103342776,1.0,0.139756040890526,0.6,-0.43766837808114073,-1.9088389688560863,1.155714161767023,-0.470918775799728,-0.3614872080020148
2024-01-16,1163.12,-0.06691466062554727,1.0,0.14722082549457394,0.6,0.26965331180292373,0.17634251581695454,0.5990917391910898,-0.3033547104967231,0.2798108324530937
2024-01-17,1162.53,-0.01487152811281478,1.0,0.13350666723366927,0.6,0.2685479440077513,0.30912481886705634,0.6228512907764809,-0.3200830558644426,0.30992902353640567
2024-01-18,1169.0601,0.6164508579647496,1.0,0.1262888452134389,0.6,0.6098888031776836,0.9444910420885734,0.469925209441146,-0.2754731424795963,0.5453127302833327
2024-01-19,1181.5,0.8274256969630052,1.0,0.11780037142480836,0.6,0.6799446195790848,1.180016432938662,0.37049482839516457,-0.2492303789673592,0.5895227746236558
2024-01-22,1182.86,0.8631246869261457,1.0,0.10807484039335519,0.6,0.6827986185384173,1.2010245619356361,0.3232940373375389,-0.2434619649589284,0.5920772870212591
2024-01-23,1177.5,0.37222121756216575,1.0,0.10823020697286005,0.6,0.4045225529208698,0.7482929750572345,0.5031708891121097,-0.30862607977896594,0.47127149404977375
2024-01-24,1172.97,-0.29900714810309936,1.0,0.1129330207542614,0.2,-0.06153357708346938,0.22927310369263548,0.7178536459711596,-0.39780038833850867,0.2709406340555533
2024-01-25,1170.37,-0.38556687030733505,1.0,0.10587445201842925,0.2,-0.1977499306401151,0.21377164153717662,0.7267311919551908,-0.4235339974161329,0.26917951727520467
2024-01-26,1175.67,0.5810074258497884,1.0,0.1032862231072272,0.6,0.5204408638165451,1.0510663041813917,0.4717148818721677,-0.36252298625813906,0.5393178076712418
2024-01-29,1175.6899,0.5277178218705656,1.0,0.09433257675328728,0.6,0.7073583978167239,0.5766222100668967,0.4072233123270385,-0.36614429065095694,0.5988944440437071
2024-01-30,1179.65,1.0648333371550267,1.0,0.09793214713774281,0.6,0.6965184806003847,1.3898233749905433,0.058545384477534886,-0.26656662049428936,0.586075839475351
2024-01-31,1164.3101,-1.2968710679051196,0.0,0.1297731108573141,0.2,-0.5268399999162506,-1.3035023793628822,0.6573253307761262,-0.4815888831982079,0.004163742242875172
2024-02-01,1173.02,0.4930742528803491,0.0,0.1325264229308681,0.6,0.5315534637545328,0.535177275426507,0.18750919733183535,-0.3435929339868067,0.4963654604305062
2024-02-02,1172.55,0.31240489257044646,0.0,0.12288874122845453,0.6,0.5071222692739749,0.27783325296196426,0.2718545559554563,-0.37448248945630186,0.4771710916217968
2024-02-05,1186.0601,0.6382409463713886,0.0,0.11743077980611649,0.6,0.6618159283317807,0.6041329029803298,0.14275839550262975,-0.32036149602016617,0.5422548927612184
2024-02-06,1188.48,0.6565008437810721,0.0,0.10921013245911275,0.6,0.6479635923381221,0.5900943483741756,0.08198435616816561,-0.30053894791043784,0.5281436134720151
2024-02-07,1198.53,0.9419151642290937,0.0,0.10864271380842996,0.2,0.6347452945301063,0.96539797339651,-0.14008234583092136,-0.21643236979526734,0.5130014760929811
2024-02-15,1202.5,0.98386279658781,0.0,0.10634309735811434,0.2,0.6230858524990741,0.8514764890810084,-0.301698424537153,-0.14941469970341253,0.4984188932962418
2024-02-16,1209.7,1.0498604470583066,0.0,0.10324128396321054,0.2,0.6114202457535536,0.8403990971055406,-0.43010271977901327,-0.09238535197157491,0.48387783979826926
2024-02-19,1224.97,1.26417507181732,0.0,0.10674151763864435,0.6,0.5980879202019571,0.9575117915786385,-0.7081395072775813,0.0273703368795051,0.46871593761832736
2024-02-20,1230.0601,1.0764797813531801,0.0,0.09723283354644092,0.6,0.5846045880681736,0.6572675421362358,-0.6194439676192145,0.015985050156570087,0.45418688031726423
2024-02-21,1230.04,0.8393733012305253,0.0,0.08938618584939129,0.6,0.5712465632257607,0.24330475211428731,-0.5250050304050318,0.010049987519157947,0.439834554523729
2024-02-22,1227.3101,0.6970188598098616,0.0,0.08678244225978146,0.2,0.5151734444103598,0.27988103315606083,-0.3295820055329836,-0.039574690350218676,0.3972962396320782
2024-02-23,1212.0,-1.6465812872606493,0.0,0.15222917215247384,0.6,-0.8058213136325926,-1.1964155669492615,0.6977943962308234,-0.421470244581504,-0.548639173967408
2024-02-26,1224.17,0.02452303589705549,0.0,0.1585710745407685,0.6,0.16955213817917433,0.0050535632989561026,0.11563875020294759,-0.1944054265578369,0.1432679364612606
2024-02-27,1237.46,0.9065072907282494,0.0,0.15942602438300585,0.2,0.5434877132135321,0.7093849851779223,-0.3237542206388869,-0.01147644299415176,0.40506457355893155
2024-02-28,1254.55,0.9864634443542656,0.0,0.1483617794274562,0.6,0.5308380716664287,0.849128362213034,-0.3516392676650478,0.04116467385573084,0.3903958607636318
2024-02-29,1252.73,1.0322519639003171,1.0,0.1360181864417002,0.6,0.5195327968312021,1.0060507329253778,-0.313366912173908,0.06221551244416798,0.37806668070780264
2024-03-01,1258.28,1.3405372148805337,1.0,0.1378375644439093,0.6,0.5078137919823921,1.284747110479728,-0.6061823459498772,0.23082638704368172,0.3634863425876489
2024-03-04,1261.41,1.2553751915003892,1.0,0.1307610520583868,0.6,0.49473158340689133,1.0051889459855508,-0.6536607689189294,0.2979682255289244,0.35043600457240104
2024-03-05,1269.98,1.249488853678035,1.0,0.12619006403990365,0.6,0.4816820611345064,0.86002068818051,-0.7313335227545582,0.3849475480441868,0.3372938184660884
2024-03-06,1262.73,0.00662817011386535,1.0,0.14708142068802005,0.2,-0.07406476505713669,0.18164840919906367,-0.04373649370641522,0.1242013748532791,-0.21460466577545181
2024-03-07,1268.46,0.6786942289214707,1.0,0.14267726982738677,0.6,0.3229091075774101,0.5304532218984589,-0.2552417005508184,0.24676995530295273,0.1774850882726046
2024-03-08,1247.35,-1.0216095215256138,1.0,0.17208247641061047,0.6,-0.4899445377873327,-0.52734043707777,0.546137851038723,-0.09710554359140094,-0.556130142047865
2024-03-11,1235.49,-2.3419599917102105,1.0,0.17831442172644915,0.6,-1.008694357749694,-1.8913521009285525,0.9871123095511577,-0.3130018864301191,-0.9709471783613446
2024-03-12,1245.0,-1.753002926893987,1.0,0.16744557171534064,0.6,-0.7436258913207573,-1.590640427041814,0.7041909248105819,-0.21064776504608673,-0.6327145888582026
2024-03-13,1270.51,0.9436954127590884,1.0,0.19031737064486742,0.6,0.4478113286538363,0.6996072079672814,-0.3765376918943534,0.2918400646857732,0.299474253055939
2024-03-14,1264.26,0.606371558404294,1.0,0.17680200218573278,0.6,0.3246319980293418,0.47747465546901136,-0.16190198376035703,0.2038565621168287,0.19730084473018375
2024-03-15,1263.78,0.6896336171096992,1.0,0.16092569479029883,0.6,0.4244328255731146,0.4998595415079411,-0.11309166364109408,0.2355650563249196,0.275726743956002
2024-03-18,1243.5601,-1.7008062964608957,1.0,0.20175162696328405,0.6,-0.7345366967034067,-1.1586992020836167,0.9098556163423515,-0.2440702189070307,-0.6898709734180288
2024-03-19,1242.46,-1.7440886224149996,1.0,0.18235523109019203,0.6,-0.7475540772245985,-1.1391096998822592,0.9612234555322096,-0.2902822655505586,-0.6989901299881174
2024-03-20,1260.08,-0.12418894879361604,1.0,0.1827665370782257,0.2,0.09997122596833358,-0.001251351860638555,0.35987800010347065,-0.007814874942532055,0.004062806573817766
2024-03-21,1276.42,0.7753467528879187,1.0,0.18311889356971411,0.6,0.4003919803234948,0.6320948509794305,-0.18731585062313702,0.2831760419677803,0.24987094530307954
2024-03-22,1281.8,0.7836915468426549,1.0,0.1659291898525234,0.6,0.38900285936401835,0.5951061932710032,-0.23325266642346434,0.3112442631817892,0.2447798495997098
2024-03-25,1267.86,-0.770275214071255,1.0,0.18337682295991325,0.6,-0.5675192815498925,-0.2973335703424901,0.38505712058983677,-0.03444958791899032,-0.3636911738580713
2024-03-26,1282.21,0.7242740356523637,1.0,0.1840750503762095,0.6,0.3778997903638545,0.4963459290827897,-0.23539642522658996,0.2785294256465262,0.24275587857224173
2024-03-27,1283.09,0.7526688805361899,1.0,0.1680958283816599,0.6,0.37256208017163817,0.44494400946083235,-0.3089159721977341,0.32989057424047097,0.24200492516124533
2024-03-28,1290.1801,0.8417779231593219,1.0,0.15567194191700326,0.6,0.37258232908123823,0.44756441156407956,-0.4371054827131921,0.40226752767243057,0.24411070484390834
2024-03-29,1284.09,0.1030751233415609,1.0,0.15541938733494512,0.2,0.011837945762142666,-0.007566116987146712,-0.060279656340328315,0.21281587183401116,-0.00987629677408688
2024-04-01,1281.52,-0.1093638410175015,1.0,0.14862832722398467,0.2,-0.16381740235419748,0.24169298499514605,0.21930296367046506,0.0914256880047417,-0.13283204260850592
2024-04-02,1287.04,0.7080570371181072,1.0,0.14474375647174476,0.6,0.3844013995110247,0.680463858063132,-0.020567586415327306,0.26846809073382943,0.2582182705947428
2024-04-03,1271.47,-1.0604400077286324,1.0,0.16664110410707716,0.6,-0.4753517742501131,-0.7558824674997912,0.6079757097667706,-0.12180872818994902,-0.36166107386174584
2024-04-04,1268.25,-2.0936191534356863,0.0,0.16895708732986942,0.6,-0.9311429193204663,-1.7122797805324808,0.946794103536933,-0.35556266992088464,-0.6895126385833826
2024-04-05,1255.11,-3.5831613406235236,0.0,0.19117295212800706,0.6,-1.8659844061457165,-2.3336624585671086,1.566670002783192,-0.7790493605438104,-1.368740924284028
2024-04-08,1250.35,-4.607333271504454,0.0,0.20067585113108502,0.6,-2.7485452964399832,-2.3336624585671086,2.0690971848162207,-1.107977123609318,-1.8731199402615164
2024-04-09,1262.8199,-3.1486202550066134,0.0,0.19799400222310276,0.6,-2.1839083552757,-1.3856506003739042,1.4034376512544384,-0.7654232644292049,-1.162405418664293
2024-04-10,1258.5601,-3.8652180581480877,0.0,0.19383987393309818,0.6,-2.6400351304233443,-1.7748554776268874,1.6582464322253119,-0.971733881206607,-1.4428126655809446
2024-04-11,1258.2,-3.968598052763956,0.0,0.1792916502822305,0.6,-2.6998941781288965,-1.8294462106568916,1.6431396883910385,-1.0547597130803141,-1.5031621011289769
2024-04-12,1276.6,-1.8217457494713323,0.0,0.18409007754449833,0.6,-1.2746027344776785,-0.6567686399789753,0.7904867766090926,-0.6341107543215239,-0.6710605483263351
2024-04-15,1216.61,-5.955496452185406,0.0,0.40472333621747675,0.6,-2.7485452964399832,-2.1723737961951644,3.0,-2.3412224754900266,-3.0
2024-04-16,1215.6801,-6.007359273166971,0.0,0.37188624866946757,0.6,-2.7485452964399832,-2.122103276090934,3.0,-2.5398744814945755,-3.0
2024-04-17,1193.01,-6.174306126904149,0.0,0.37834572777199177,0.6,-2.7485452964399832,-2.111052725190732,3.0,-3.0,-3.0
2024-04-19,1174.85,-6.165430968474579,0.0,0.40075541071752774,0.6,-2.7485452964399832,-2.084780736367242,3.0,-3.0,-3.0
2024-04-22,1190.22,-5.727165580500898,0.0,0.3784123362786846,0.6,-2.2692124377639065,-1.5961702351718083,3.0,-3.0,-3.0
2024-04-23,1177.4,-5.982593208968019,0.0,0.3666352043275081,0.6,-2.5279027105641974,-1.8930992819066956,3.0,-3.0,-3.0
2024-04-24,1205.61,-4.3818063861405,0.0,0.3710418450112336,0.6,-1.7132281491931352,-1.1416492750736225,1.527330452897663,-2.482586293021002,-3.0
2024-04-25,1204.97,-4.415367586867315,0.0,0.33488299074978856,0.6,-1.7829376071828869,-1.161285199482315,1.4348984482575728,-2.572822682535182,-3.0
2024-04-26,1209.52,-4.050537863060681,0.0,0.29359825349833013,0.6,-1.7049193526967126,-0.955480198570476,1.1137619674118302,-2.500611392849765,-2.8694015146653036
2024-05-02,1216.36,-2.6813639750749845,0.0,0.2732078788587491,0.2,-1.430642583273305,0.5012957799083636,0.5138603104973191,-2.2082748808129673,-2.417209007625594
2024-05-03,1221.03,-2.3689826312849336,0.0,0.2421883102761675,0.2,-1.3458455548749797,0.6536761105086552,0.2853668148031418,-2.1324365518272477,-2.261618793835612
2024-05-06,1241.58,-0.6028991929278715,0.0,0.25014637923333527,0.6,-0.6066364418779764,1.0393447977357397,-0.691581234176393,-1.5350893037741453,-1.051259727061905
2024-05-07,1248.63,-0.0963369904264193,0.0,0.23039551850284726,0.6,-0.27148636912142843,0.7854265781117359,-1.020917864616452,-1.349786881766964,-0.5518761687905623
2024-05-08,1250.46,0.05345219924979028,0.0,0.20565884541101026,0.6,-0.1642192480638139,0.681282642756976,-1.1350045725111404,-1.302752051810918,-0.39920436888506
2024-05-09,1248.64,-0.043280209038566275,0.0,0.18971745175921814,0.6,-0.21216939328200624,0.6061970672835294,-1.1531308983728568,-1.372221691682436,-0.4503452321257671
2024-05-10,1244.7,-0.28363544437342136,0.0,0.169544618354043,0.6,-0.17887401857592514,0.015001295869038542,-1.107647358359172,-1.3686683325222384,-0.40812860225225805
2024-05-13,1240.1801,-0.4305712331883693,0.0,0.1593374324132014,0.6,-0.22416213377620245,0.0245495594789677,-0.9417575679983446,-1.440523244708469,-0.46354341376008945
2024-05-14,1243.28,-0.10227418506734462,0.0,0.14697560787481578,0.6,-0.10175457439664674,0.4030647437906625,-0.9400070077448982,-1.3516052520421058,-0.31433368360242697
2024-05-15,1254.39,0.6064056896234091,0.0,0.14765046917198732,0.2,0.21697648430335165,0.8542057051990264,-1.0880894444188831,-1.0771714709775988,0.0757082515444484
2024-05-16,1268.78,1.396401040938866,1.0,0.1471847602428504,0.2,0.5969592145481152,1.3454011278048557,-1.245786656560877,-0.8201902637453433,0.5406405022238069
2024-05-17,1273.11,1.3489090583733967,1.0,0.14651313701920288,0.2,0.5944213508285332,0.9340810286040857,-1.3226547688717862,-0.5691371222642909,0.5401184434511953
2024-05-20,1277.58,1.1235490649349367,1.0,0.13823636748039844,0.2,0.5934183460143687,0.3352514848351559,-1.3031878634973042,-0.4505023223715213,0.5403493878185316
2024-05-21,1277.14,1.0414585717704248,1.0,0.1282277308281765,0.2,0.5872903682865992,0.21189368101469036,-1.1956716669428193,-0.38394641251007167,0.5378321058649586
2024-05-22,1266.91,0.4844847362187874,1.0,0.13285924575712918,0.2,0.44404260738603013,-0.11964041110896541,-0.7937122152745643,-0.5730366348871395,0.35276919466761103
2024-05-23,1281.03,1.1705517119692115,1.0,0.1421871319013368,0.2,0.579474849354695,0.4580577477015763,-1.0907866844987362,-0.18657698857060329,0.5362936415081571
2024-05-24,1261.9301,-0.7842415981823969,1.0,0.20800442575308262,1.0,-0.17536949046883135,-0.5523189750241368,-0.06541580837699369,-0.9284404534141925,-0.30905978453519545
2024-05-27,1267.6801,-0.22285066400178566,1.0,0.19258683148423078,0.6,0.03863197735610195,-0.04142028350618325,-0.1972029959763319,-0.7705128516104605,-0.07076319458081672
2024-05-28,1281.73,0.9798593462029348,1.0,0.1934776979074234,0.2,0.5191381929720914,0.7992375386520545,-0.6175814444636109,-0.3635809692904394,0.46864402467307
2024-05-29,1272.64,0.308509003061768,1.0,0.18726720515328454,0.2,0.3370249200589759,0.10066996415867986,-0.33413645914579015,-0.5457491492523034,0.30203735339270094
2024-05-30,1266.3199,0.004221160808506166,1.0,0.1739797701671975,0.2,0.2709609862102602,-0.20773184392356492,-0.16194065462875942,-0.6336035796536187,0.2481471891876826
2024-05-31,1261.72,-0.1522204490779821,1.0,0.16041393900086343,0.2,0.1138015848047626,-0.18487744363540468,-0.03478748360329562,-0.6936615069704049,0.22551373056873247
2024-06-03,1280.0,1.2714022100935112,1.0,0.1699812395164235,0.2,0.6193828957795141,1.2133934725909639,-0.5143057810867131,-0.21362027790153262,0.5711017810174934
2024-06-04,1283.52,1.0577348377123468,1.0,0.15214833474711567,0.2,0.6222477695380026,0.8325649231424419,-0.4156628311604605,-0.22240134090102975,0.5729241658034544
2024-06-05,1284.35,0.8112525126217867,1.0,0.1426087430579524,0.2,0.5657328048340213,0.6002632266090594,-0.26317054854668176,-0.30178322696093485,0.5337560335618653
2024-06-06,1283.5601,0.614446703786429,1.0,0.13374421748501822,0.2,0.5227439089341837,0.4063699935846745,-0.15014460434192214,-0.3718501223126321,0.5039464185442478
2024-06-07,1287.58,0.7782204940737751,1.0,0.12273160670484144,0.2,0.6326262619318573,0.4971752165301886,-0.18927244385745745,-0.3307970947823181,0.5794603223498616
2024-06-10,1290.67,0.8004312405014499,1.0,0.1147124160052495,0.2,0.6353852861614967,0.3942457599129211,-0.27440831791038195,-0.25935147538812203,0.58117156427278
2024-06-11,1284.41,0.00876250844393614,1.0,0.12425154932610596,0.2,0.25011832276977386,-0.2760487734720914,-0.015041182318401342,-0.49282769727583875,0.36026186567350144
2024-06-12,1300.1899,1.0759209008646653,1.0,0.12774746797184297,0.2,0.6388730269553897,0.8836977429746987,-0.34575836094338835,-0.20106730225864697,0.5826377456899736
2024-06-13,1301.51,1.3230773183700828,1.0,0.11683862499033283,0.2,0.63987841628926,1.3610338202895456,-0.3981854842263462,-0.1750598591098034,0.5831724812853902
2024-06-14,1279.91,-2.2329543653310973,0.0,0.19228870262105094,0.6,-1.1557096254551362,-2.0941845911139074,0.57275436869057,-0.9735679865669934,-0.28570612544943114
2024-06-17,1274.77,-2.5296472285805267,0.0,0.1840765154867372,0.6,-1.4199866741174307,-2.046280009027284,0.7346772147036728,-1.1223564098466974,-0.41623114055232124
2024-06-18,1279.5,-1.7298521150623933,0.0,0.17156981797520307,0.6,-0.9515665437346041,-1.404102667968246,0.47704543359742535,-0.9588446015857142,-0.18898223341586717
2024-06-19,1279.79,-1.7129535452820843,0.0,0.15606206686471835,0.6,-0.9276708937485582,-1.3929860952196051,0.4679860589605634,-0.9846837868276078,-0.17828773379657625
2024-06-20,1282.3,-1.6847521092245452,0.0,0.14242578097277403,0.6,-0.8961822968591159,-1.3656138284907033,0.46426382445842523,-1.0066676792214584,-0.16417122098769177
2024-06-21,1282.02,-2.0926534269563595,0.0,0.13667050683878298,0.6,-1.331553980822677,-1.5591400912781446,0.5508330455781865,-1.1015125366593832,-0.23539935098083964
2024-06-24,1254.12,-4.0735359357451655,0.0,0.22684962835125666,0.6,-2.429347943748139,-1.9217832425535206,1.5753232805320978,-2.017739835598023,-1.2607638305206275
2024-06-25,1256.5601,-3.311215210533397,0.0,0.2089733204218797,0.6,-1.9880237364653088,-1.5282468057973693,1.186986611477937,-1.8142031859152015,-1.006867718852638
2024-06-26,1261.24,-2.777496814421929,0.0,0.1901330595961077,0.6,-1.6961345029397625,-1.2177776712223225,0.9142180018442816,-1.6858154608498719,-0.8361408078608941
2024-06-27,1259.09,-2.84003911808342,0.0,0.17738205793225573,0.6,-1.7763861099741143,-1.1761156990391122,0.8937289314300435,-1.7551665872868902,-0.8941880871449943
2024-06-28,1245.3199,-3.9801963375632443,0.0,0.20526108471065047,0.6,-2.2447299068863202,-1.8159088733047823,1.3548513943831701,-2.220863544599531,-1.421196372619676
2024-07-01,1254.5601,-3.057528945069618,0.0,0.1934541889921964,0.6,-1.7804867728788116,-1.2843986077708993,0.8836895561393981,-1.9593633041417295,-1.1054773797203916
2024-07-02,1269.79,-1.8031680562902792,0.0,0.1890193213431165,0.6,-1.163444240050982,-0.45415137774236597,0.3393280226094304,-1.6041319014962823,-0.6719809709191171
2024-07-03,1276.85,-1.1762020095539119,0.0,0.1740337674893986,0.2,-0.8985704614122644,0.05605460082211975,0.05709904274203284,-1.463595472570504,-0.485342506397377
2024-07-04,1279.89,-0.9290634042401105,0.0,0.15680578756490537,0.6,-0.8540808004246186,0.3954145866588927,-0.06511948587937937,-1.4571303228119543,-0.4541968923719946
2024-07-05,1283.04,-0.7838833597912387,0.0,0.14463494951662925,0.6,-0.8610808970981421,0.7372263525446942,-0.0801204863894142,-1.4819603184500652,-0.4596901238569346
2024-07-08,1283.5601,-0.4138617127597166,0.0,0.13336840660167137,0.6,-0.6760243546384553,1.0044287126834743,-0.220766120753023,-1.3909694405134185,-0.3273405429283367
2024-07-09,1293.71,0.6176718082518711,0.0,0.13870544438372145,0.2,-0.03836665252055903,1.364302182663263,-0.6837025788128862,-1.0293287660737163,0.12827419273571333
2024-07-10,1285.9399,-0.08019762633914597,0.0,0.1439997623807291,0.6,-0.3343129483949008,0.7289606927889446,-0.4634591071261649,-1.233743881142369,-0.08192041588790974
2024-07-11,1283.8,0.6543430795063911,0.0,0.13073017070333062,0.2,0.4910348122645161,0.7077698294318429,-0.4966890305953655,-1.2282800773681075,0.5823739151861889
2024-07-12,1280.75,0.40755398482244853,0.0,0.12749226196366473,0.2,0.32168741008711754,0.5699124195427467,-0.4190550994439518,-1.31928490874623,0.49648419785460157
2024-07-15,1279.8199,0.4330146897135166,0.0,0.11649491444523671,0.2,0.48535612559529095,0.29612354804326196,-0.4282414383249362,-1.268506513264642,0.5793422535835026
2024-07-16,1281.1801,-0.013475180328648584,0.0,0.11334535654840704,0.2,0.3650072765785236,-0.34510573736482913,-0.31328268938325304,-1.337318978439369,0.5184755995954526
2024-07-17,1268.66,-2.619104058452444,0.0,0.19223913132793816,0.6,-1.3979065705598046,-1.7506152355765197,0.6143575821793829,-2.0881338524318385,-0.37540806600264653
2024-07-18,1274.4399,-1.187550175413894,0.0,0.18729254242271462,0.2,-0.557237152033671,-0.6648390809016447,0.16772631714139885,-1.7376969950793126,0.05273833927017255
2024-07-19,1264.78,-2.6627065515347734,0.0,0.204174682771886,0.6,-1.437449473349606,-1.7052491018993752,0.6754305295725198,-2.1118880532739435,-0.3983329591022396
2024-07-22,1254.64,-3.605115568839416,0.0,0.2266453831716499,0.6,-2.0301201863309455,-1.6703894055585102,1.2398703917068423,-2.543640307933094,-0.9425169110457738
2024-07-23,1231.8101,-4.467527774763196,0.0,0.27087231258997796,0.6,-1.9812494735735828,-1.636541256131543,2.0226611131125827,-3.0,-1.7535478329090368
2024-07-24,1238.47,-3.391335267954014,0.0,0.25569307421283044,0.6,-1.4464583566337827,-1.1797149376891942,1.3763348698929707,-2.742247045576067,-1.2846716795023965
2024-07-25,1233.1899,-3.570659437682404,0.0,0.2373385489843852,0.6,-1.5635531857774583,-1.2913454341606538,1.3783195441952463,-2.797108377976101,-1.3930249576221916
2024-07-26,1242.11,-2.6103813545132986,0.0,0.22432420546176687,0.6,-1.1149365626128802,-0.8711756818309204,0.8425574087642957,-2.4602922130158817,-0.9959576036823934
2024-07-29,1246.6,-2.2511823805148965,0.0,0.20055325910096405,0.6,-0.9888782829391161,-0.6328236914210973,0.6275658260733155,-2.3561729235766595,-0.8847762271764211
2024-07-30,1245.0601,-2.634022204930703,0.0,0.19931118171455897,0.6,-1.2445888394303743,-0.7296955999199467,0.7407346292335583,-2.518668895843027,-1.1142630217282619
2024-07-31,1251.51,-2.4742142204085766,0.0,0.18012172397465806,0.6,-1.2094290365329476,-0.6422757831707208,0.5837028024110558,-2.4753191494892253,-1.0848312032446301
2024-08-01,1226.96,-4.359970643317724,0.0,0.270904421869071,0.6,-1.7994965806844232,-1.51757442852455,1.662626309043627,-3.0,-2.1873381647724517
2024-08-02,1236.6,-3.0095584262427417,0.0,0.25915352246985646,0.6,-1.311271106777062,-0.5455000997966685,0.8793290153101041,-2.8428622351858146,-1.649708306625787
2024-08-05,1188.0699,-5.173300651231061,0.0,0.40955089987954346,0.6,-1.7348481349833125,-1.4794486007332404,2.6691573247906013,-3.0,-3.0
2024-08-06,1210.28,-3.471670151186795,0.0,0.39415555010850295,0.6,-1.1179969065673558,-0.6060017764712431,1.3003353169132554,-3.0,-2.2256147430104596
2024-08-07,1215.88,-3.0226752368884044,0.0,0.3480300493128932,0.6,-0.9730764063131435,-0.4305660758327537,0.8936170400806961,-3.0,-1.9969428203460433
2024-08-08,1208.3199,-3.276661204491421,0.0,0.32279100409996553,0.6,-1.1036423451623236,-0.654902545834112,0.9239784416279465,-3.0,-2.151951148385854
2024-08-09,1223.64,-2.0704908009383622,0.0,0.30515951367256305,0.6,-0.7210063142831453,-0.029969756335433646,0.13403888917124968,-2.677882809436397,-1.6046302041475584
2024-08-12,1230.28,-1.4025317859150566,0.0,0.27509599045795585,0.6,-0.5408202952351863,0.4318577005151482,-0.2143830942346466,-2.4728154266776787,-1.3168129786857614
2024-08-13,1230.42,-1.2079976117762699,0.0,0.25292583361328724,0.6,-0.4734001992953802,0.5475717150216188,-0.12495088548902612,-2.506403591387096,-0.9922027434053499
2024-08-14,1230.36,-1.0953868435522214,0.0,0.23141287325539522,0.6,-0.5213964042051155,0.9086264578031862,-0.11334607423560632,-2.506076047190763,-1.045775615783826
2024-08-15,1223.5601,-1.3248395789261933,0.0,0.22594706230242334,0.2,-0.5659545316795652,0.5168006996131571,0.08067712815865744,-2.61524298564137,-0.8600271744988022
2024-08-16,1252.23,1.6970027478547671,0.0,0.261047225886626,0.2,0.9741029068547277,1.6215816144534652,-1.3054186619440886,-1.7173681147940674,0.8455556946517767
2024-08-19,1261.62,1.908682892545182,0.0,0.241951894807569,0.2,1.2030470220268268,1.083254804038132,-1.6185043151965106,-1.4812877675571876,1.0548379428514223
2024-08-20,1272.55,2.120020350280673,1.0,0.22787256414166515,0.2,1.2025014580486217,1.0352041861953447,-1.9142465294245703,-1.2154945109499018,1.0536337592195721
2024-08-21,1284.05,2.137123448051407,1.0,0.20710167893520665,0.2,1.1937171164717268,0.8984850335197531,-1.991937335347227,-1.090536527708578,1.04929828466404
2024-08-22,1282.78,1.7809598086102434,1.0,0.1915284077915756,0.2,1.126356218235535,0.5151486109721942,-1.7670847421773093,-1.1359276555686468,0.9755422719602661
2024-08-23,1285.3199,1.8234071844910247,1.0,0.17185496608010908,0.2,1.1642516683222772,0.544376280382967,-1.718619603530228,-1.083940724865255,1.0185096117229244
2024-08-26,1280.02,1.324548766294885,1.0,0.17097380287715827,0.2,0.9873456111581193,0.39197488818180487,-1.2822328374443284,-1.2178534977245823,0.8269559910552298
2024-08-27,1280.5601,1.2910388604603902,1.0,0.1564281916227178,0.2,0.9709996198407557,0.5472659898519299,-1.0998042707987452,-1.2179609444628376,0.8114235545026804
2024-08-28,1281.4399,1.3727609194988313,1.0,0.14447388932424007,0.2,0.947928266649463,0.9624300746632262,-0.9289419213430317,-1.2217482831277038,0.7917499363710081
2024-08-29,1281.47,0.8851141113850121,1.0,0.13869908778002854,0.2,0.8728934378737147,0.3321727674111307,-0.6823386127416404,-1.2681999155801746,0.7152048038954695
2024-08-30,1283.87,0.8272897039768035,1.0,0.12512759206532564,0.2,0.9045483782036845,0.18444252473622413,-0.6022432028186423,-1.2297941327239603,0.7541820603956432
2024-09-04,1275.8,-0.3544413138991166,1.0,0.1303333208123656,0.2,0.6275956695550536,-1.5755050896507488,-0.319553193633124,-1.349243922741488,0.5846986811109859
2024-09-05,1268.21,-0.8969633004373903,1.0,0.14553355389283976,0.2,0.28090005333067786,-1.5442643001394916,0.08004787415313325,-1.5538797276872998,0.30234370184604586
2024-09-06,1273.96,-0.5672825784638388,1.0,0.13348994130275108,0.2,0.4055737980097413,-1.1444913257833769,0.0572071630861488,-1.4707648885837534,0.4031227452635107
2024-09-09,1267.73,-1.075969222193796,1.0,0.13460961771323707,0.2,0.10416009833644309,-1.4943125087316207,0.30300722683583775,-1.5605223321969375,0.2761823550118146
2024-09-10,1255.23,-1.69784506141233,1.0,0.15373925492169785,0.6,-0.3679510030333281,-1.4659524616288664,0.6660011229358995,-1.80034650517505,-0.05108950819611329
2024-09-11,1253.27,-1.7779575033104096,1.0,0.14680938511633718,0.6,-0.45653445635735024,-1.4383737856792718,0.6901282442486332,-1.8354997914072189,-0.11189978571958936
2024-09-12,1256.35,-1.6151069882032536,0.0,0.1330376790235371,0.6,-0.4012653411707944,-1.342955277178273,0.5668095437981873,-1.7963665964421855,-0.07283573512840025
2024-09-13,1251.71,-1.328650662379743,0.0,0.12151592369816121,0.2,-0.2910861316093425,-1.1520035191496443,0.3898827181132928,-1.7224907934976408,0.0021872794682801307
2024-09-16,1239.26,-2.5255626376365172,0.0,0.1447795209337031,0.6,-1.7139714089746734,-1.3657119121049577,0.6941655471733473,-1.9751734267014114,-0.3430598031392082
2024-09-17,1258.95,-0.5568000465763124,0.0,0.15543550530247907,0.2,-0.5687175032544565,0.10728184425060039,-0.023657413397953332,-1.546317115369261,0.20112561823862016
2024-09-18,1264.9,0.2456312773010195,0.0,0.14582772386025272,0.2,-0.18785664787888617,0.9001954773431758,-0.27605457798278976,-1.3971227890550704,0.3798419919997863
2024-09-19,1271.27,0.9645175954977586,0.0,0.14011228806638937,0.2,0.30533529474063237,1.26120775132858,-0.5664077207499354,-1.208505850992957,0.6112859181244447
2024-09-20,1272.04,1.006184735680403,0.0,0.12669937185025687,0.2,0.3896046319445939,1.1240375036042025,-0.6266779807506122,-1.1710189542397804,0.6475203606893987
2024-09-23,1268.48,0.5124852719691281,0.0,0.12841570525867882,0.2,0.11482922471727057,0.6733591740518817,-0.49514114386785646,-1.267646729629165,0.5150424384916817
2024-09-24,1276.99,1.5973913832980569,0.0,0.1271790649840972,0.2,1.0620052546763772,1.0439611873376202,-0.8154757063875829,-1.0446675575172713,0.9723972986573647
2024-09-25,1287.48,2.1187946591812636,0.0,0.13124368054913743,0.2,1.24367748894187,1.322642179156521,-1.1914262279025551,-0.7374457533912303,1.044719248385117
2024-09-26,1291.49,2.0626626974275086,0.0,0.12000860714754732,0.2,1.226272055240538,1.194600320567782,-1.189557960438379,-0.6781014238561855,1.0318745497154747
2024-09-27,1290.92,1.8918073558171298,0.0,0.11452074343921118,0.2,1.1537287347423242,1.082061420255474,-1.0870223252252647,-0.7108085390414568,0.9853857898493316
2024-09-30,1287.9399,1.5213528013765687,0.0,0.11054837298886501,0.2,1.0623647889526906,0.5955273005762158,-0.9661867593481519,-0.7535043115278741,0.9301176012751091
2024-10-01,1292.2,1.6770920040572066,0.0,0.10447146766508969,0.2,1.1814633266620185,0.6669779969920497,-0.9961810741313283,-0.6540903317007035,0.987579120971341
2024-10-02,1287.84,0.7608455542228504,0.0,0.11882627162608798,0.2,0.7282446833201929,-0.023225269385964323,-0.5990484085621832,-0.8569315456941357,0.7304534288933647
2024-10-03,1278.1,-0.7247738818540439,0.0,0.147432440753002,0.6,-0.036348824098236296,-1.1692015802747437,-0.02079005690380452,-1.191875869389654,0.3015263760261143
2024-10-04,1270.6,-1.2286129660436262,0.0,0.14708772425152428,0.2,-0.30341981759838893,-1.5077483459203356,0.207255614025583,-1.2980076763664574,0.1479325916558731
2024-10-07,1269.9301,-1.1750310161466353,0.0,0.13302208687426822,0.2,-0.25496826601998507,-1.4174506372817577,0.26547741417832105,-1.2654639725357266,0.16835970487099466
2024-10-08,1271.98,-1.0699248790240332,0.0,0.12028391081719071,0.2,-0.18733646542908508,-1.3123816949265963,0.2614457798729773,-1.224920214282623,0.19916449906166292
2024-10-09,1281.85,-0.07067733473501181,0.0,0.12168681289314205,0.2,0.37193387697569236,-0.5389941608566964,-0.06602334190379978,-0.979949738607665,0.5047385448304127
2024-10-10,1286.36,-0.07562334068904897,0.0,0.11371781085917444,0.2,0.3582776507914459,-0.4690991113489652,-0.02879782739187668,-0.9810603572240686,0.490656333841406
2024-10-11,1288.39,0.49720255250115475,0.0,0.10872488782412654,0.2,0.6508970002738076,0.06059676146085136,-0.19342807218351402,-0.8534697622831069,0.6480721086610362
2024-10-14,1286.34,-0.042839568095317415,0.0,0.11064599762404549,0.2,0.09810815511463503,-0.14625710845524525,-0.01752043830819122,-0.9379228868724796,0.5227446744729707
2024-10-15,1281.08,-1.568864252928939,0.0,0.13240468155575968,0.2,-1.2171550792131545,-1.0855960745490956,0.39019043461945974,-1.1946185578415691,0.1582841274530603
2024-10-16,1279.48,-2.2266926621262986,0.0,0.13156354237475237,0.2,-1.9504410431281212,-1.4635417503469046,0.4650242096592973,-1.2711977621906945,0.030627129491358634
2024-10-17,1286.52,-0.7965036705300181,0.0,0.129879439529051,0.2,-0.8936353643747449,-0.3432667890342136,0.054467026968224294,-1.0448999842630695,0.31951182547232565
2024-10-18,1285.46,-1.2416058000695276,0.0,0.12832780109450231,0.2,-1.259726252485745,-0.6774431434795224,0.1253731535451245,-1.116249453314892,0.20226222164534094
2024-10-21,1279.77,-2.195773790331269,0.0,0.13679069356845425,0.6,-1.9234907084742807,-1.4454234821129526,0.34779119833677113,-1.280412391412177,-0.049897362421973145
2024-10-22,1269.89,-2.5129127685431145,0.0,0.14670487628903167,0.6,-1.9199791815692697,-1.4463483717342411,0.5878131844385094,-1.4664743210671418,-0.3465493398575649
2024-10-23,1270.9,-1.873851019668057,0.0,0.13710977888546363,0.6,-1.5018129709006602,-0.9847730499004137,0.33750768057763175,-1.3461833068997457,-0.19176731754523252
2024-10-24,1257.41,-2.7815280079083586,0.0,0.15835954188187132,0.6,-1.8997742364591543,-1.4420709286702897,0.7807373769893556,-1.6192448723754926,-0.6204427851818006
2024-10-25,1252.72,-2.889347866420354,0.0,0.15312308438534744,0.6,-1.8805871072646472,-1.433798408465094,0.865787533742245,-1.6803019452171346,-0.7428487812624436
2024-10-28,1254.77,-2.46528520305197,0.0,0.1404023485320845,0.6,-1.6375741639456018,-1.1495348235451388,0.669024130243035,-1.5818000991537409,-0.6251999511519138
2024-10-29,1261.78,-1.4521850943639714,0.0,0.13462366941281448,0.6,-1.0426582180444512,-0.5526325661710298,0.34491021685564005,-1.4066042453538803,-0.10753261306686548
2024-10-30,1258.63,-1.5941910088184732,0.0,0.12796344789215208,0.6,-1.1454233177199895,-0.656821548683316,0.3608513480491923,-1.442753962751959,-0.15461227150610474
2024-10-31,1264.48,-1.3214357620758368,0.0,0.11588241987419855,0.6,-1.040371290133128,-0.31468088992049387,0.256342059718665,-1.4121292042557045,-0.12071822428036941
2024-11-01,1254.89,-2.375806274931134,0.0,0.1296082665274655,0.6,-1.6971236661485316,-1.1276827432346004,0.5497927527294587,-1.6146452159273554,-0.45912371687830494
2024-11-04,1244.71,-3.0729308537727547,0.0,0.14342940384798689,0.6,-1.891425584533999,-1.4707424526956876,0.9120430787320114,-1.8470037396619767,-0.8728205450643685
2024-11-05,1245.76,-2.7066632455622,0.0,0.13110995836830627,0.6,-1.6963202046353085,-1.1390380226381571,0.7299349546305315,-1.7926537138603664,-0.817548422813538
2024-11-06,1261.28,-0.15691533649774625,0.0,0.14457646198910187,0.6,-0.43365593790479173,1.117109960707611,-0.1874120668047917,-1.349484794388785,-0.045906058049003724
2024-11-07,1259.75,-0.09536593862655901,0.0,0.1303682270091619,0.2,-0.33226943808627946,0.9521394008057541,-0.29780122363403433,-1.3156674957069192,0.0027660887148373997
2024-11-08,1252.5601,-0.2285657824655589,0.0,0.12570294333006,0.2,-0.3430008407562247,0.6990564107546282,-0.24524572210755305,-1.3597654569258169,0.05401404885384415
2024-11-11,1250.3199,-0.21304338107739404,0.0,0.12066629506060797,0.2,-0.23526872714048924,0.5226635102409188,-0.1965331296817605,-1.3950433456213704,0.21298589861073036
2024-11-12,1244.8199,-0.5281206864582434,0.0,0.11842798357188934,0.2,-0.4344492335555403,0.28631588821490955,-0.09938372128053169,-1.4365523090516266,0.09698461955560883
2024-11-13,1246.04,-0.4287312718918409,0.0,0.10945153763638091,0.2,-0.38131908340316567,0.3392310724759226,-0.16184974136520464,-1.4071644003336061,0.11662037651606472
2024-11-14,1231.89,-2.802967352356228,0.0,0.15817619868731977,0.6,-1.8355826126601653,-1.4465236077241226,0.7185226369881983,-1.8133060013724,-0.5860963152850689
2024-11-15,1218.5699,-3.2557261584765147,0.0,0.17896703378898735,0.6,-1.7939639822390099,-1.4189768118945352,1.2994883747312393,-2.0655060355066315,-0.8511639896550357
2024-11-18,1217.12,-2.916792774359586,0.0,0.16027795830792735,0.6,-1.6234315507789505,-1.2980267194235762,1.1177000716799268,-1.9779013729242245,-0.6663285428335038
2024-11-19,1205.15,-3.774139105633859,0.0,0.19154864523007464,0.6,-1.7203439782715104,-1.368864544683381,1.8121369627969743,-2.2800679431678192,-1.4029673764676687
2024-11-20,1216.54,-2.251915454830021,0.0,0.18930376602059948,0.6,-0.9067593976047679,-0.749061251430882,0.9306854459244748,-1.914823235737334,-0.7371144021420301
2024-11-21,1228.33,-1.004274367630863,0.0,0.1830228653681771,0.6,-0.2553426657468382,-0.17177495700520437,0.23178773704340555,-1.63160685049858,-0.2057453160892163
2024-11-22,1228.1,-1.1823167949322015,0.0,0.1728981490761125,0.6,-0.40007073220496553,-0.1875879297060086,0.3067985192698444,-1.6576962875288168,-0.3258930541190816
2024-11-25,1234.7,-0.26052135417200134,0.0,0.16368945712050545,0.2,0.05097113284887627,0.40724569387209564,-0.11661021415631062,-1.4619463170439098,0.04285518654955378
2024-11-26,1242.13,0.6989276237166314,0.0,0.15631121165279213,0.2,0.5253025568057438,1.0448273227891989,-0.5346811493761539,-1.2655929717709202,0.4302634520729878
2024-11-27,1241.97,0.5989124793563645,0.0,0.148905960281936,0.2,0.3961802197103454,1.1859994897952546,-0.45647349621507505,-1.2981952365113996,0.31865455377299057
2024-11-28,1242.11,0.6697224955417054,0.0,0.13449513771438354,0.2,0.4637245659082564,1.0680304553828344,-0.5649708304166887,-1.2572118189565913,0.36880924645532487
2024-11-29,1250.46,1.4177473969812233,1.0,0.13077198955200817,0.2,0.9126068746461428,1.295345386367352,-0.9852609584921174,-1.0804564308825608,0.7274403586619695
2024-12-02,1251.21,1.5006763237514857,1.0,0.11847897474194075,0.2,0.9958622491797477,1.212733354155873,-1.057366205702445,-1.0386623795570227,0.7903360355749806
2024-12-03,1249.83,1.6302135789728767,1.0,0.10896650176333746,0.2,1.1260634415249628,1.0922799123204485,-1.1582186692409526,-0.9786655031939342,0.8955366773654952
2024-12-04,1240.41,0.5126516541452331,1.0,0.1261734657434355,0.2,0.6124889969026598,0.18702095970513682,-0.7064114491484681,-1.15359636972132,0.4750743077290659
2024-12-05,1267.53,2.4737971903009974,1.0,0.15969168185769894,0.2,1.2233484099123946,1.5367183291697695,-2.033624489861027,-0.5362575717854966,0.9733547028491449
2024-12-06,1270.14,2.1183530814748375,1.0,0.1463893423066015,0.2,1.222298879941947,0.9391091170704672,-1.828238601287886,-0.5344932854712945,0.9736126643067732
2024-12-09,1273.84,2.0518294099667296,1.0,0.13672605944915878,0.2,1.2175170717637698,0.6723005224827778,-1.858947180537408,-0.4291881831934896,0.9716460685968419
2024-12-10,1272.0699,1.8977720140177794,1.0,0.1253874330351579,0.2,1.2165066565232354,0.5544769751120792,-1.6276475209233239,-0.41750653717556896,0.9719191829477544
2024-12-11,1268.86,1.651150694565965,1.0,0.12026427682606618,0.2,1.1520273592076617,0.4624847115855669,-1.345740919455569,-0.4487430009541458,0.899968854901454
2024-12-12,1267.35,1.370855925622481,1.0,0.11755086434405893,0.2,1.0609260845559592,0.3554995786183231,-1.078767211662428,-0.49425874074939,0.7962436112568395
2024-12-13,1262.5699,0.7398650796358162,1.0,0.12614038496980282,0.2,0.8098017233712558,0.11643398739119327,-0.6117753878952649,-0.627145345887552,0.5015080248384364
2024-12-16,1263.79,0.9160179762267795,1.0,0.11431734720527657,0.2,0.8650172363444893,0.40672462303501905,-0.5638996563704177,-0.5923623824270619,0.5692772659584441
2024-12-17,1261.72,0.781054224338636,1.0,0.11070586046521996,0.2,0.7110554102638772,0.5488225217648863,-0.39878507630192006,-0.6213182093637836,0.49621999074277434
2024-12-18,1266.0,0.9068127754977507,1.0,0.10778368243420133,0.2,0.9690610566650087,-0.06870784096079122,-0.5924621476261043,-0.4879574376078149,0.7756546130377064
2024-12-19,1254.67,-0.5654522908436252,1.0,0.12896695950928933,0.2,0.3953111082023937,-1.4554830962598422,0.016355512649010973,-0.7033990356184442,0.29836283189786045
2024-12-20,1257.5,-0.6952486181852645,1.0,0.12069347795211895,0.2,0.2301543475624535,-1.4567647428104376,0.09280189790557967,-0.7085071279847577,0.27399022484647756
2024-12-23,1262.76,0.2751926948786074,1.0,0.11712642853380081,0.2,0.5859059072638721,-0.35674431196547385,-0.1798134782134877,-0.5649757537681469,0.574960240369895
2024-12-24,1260.36,0.013452322160944802,1.0,0.11385496211834793,0.2,0.4468656013739709,-0.5159899252080957,-0.03101157286066058,-0.600862998538486,0.48665363538151485
2024-12-25,1274.04,1.6510570485673466,1.0,0.12029682003898805,0.2,1.1365970270113412,1.2667288403691397,-0.545380650962307,-0.33397116502350943,0.906757138110784
2024-12-26,1272.87,1.125924411342836,1.0,0.11859479196949002,0.2,0.9284949785934622,0.6412305094822377,-0.3900130961368819,-0.3912495649020887,0.7789689750462885
2024-12-27,1275.14,0.709743613341667,1.0,0.11715777873204739,0.2,0.728605733953294,0.23568684541743193,-0.2471268342078512,-0.44580849060623806,0.6580105141791317
2024-12-30,1272.02,0.3358764468690234,1.0,0.1159552062888534,0.2,0.5316569060250408,-0.1110213742471973,-0.1322521380025735,-0.4989912437839334,0.5395397593878605
2024-12-31,1266.78,-0.21042077679604332,1.0,0.11810833588786915,0.2,0.24205258069028593,-0.6214310034221227,0.029883172832702667,-0.5769669201321127,0.365467877035727
2025-01-02,1269.71,-0.20723077991181912,1.0,0.10866424843222733,0.6,-0.3646768824446158,-0.2614684958243704,-0.12100917231455931,-0.5219395043767053,0.47968914522280254
2025-01-03,1254.59,-2.1690959061775605,0.0,0.14861299063227265,0.6,-1.6945537155082584,-1.4335780760778367,0.6299202420307313,-0.8500651468490664,-0.24457607757535685
2025-01-06,1246.35,-2.8551819826578497,0.0,0.17578391759538664,0.6,-1.65671831695319,-1.4063465062362588,1.2829607631107993,-1.1357916694345402,-0.895241077209015
2025-01-07,1246.95,-2.93413318997656,0.0,0.1686509681492694,0.6,-1.6215987667600942,-1.3804305805845523,1.3276079666754508,-1.1856550327052866,-1.039111762969212
2025-01-08,1251.02,-2.034002268147015,0.0,0.1600345781156068,0.6,-1.1033833663696908,-0.9803187411343772,0.8179576255643553,-1.005693832425643,-0.6740455568359317
2025-01-09,1245.77,-2.3951597286173696,0.0,0.15731874016751854,0.6,-1.3572403866607563,-1.1755853203458497,0.9046876150452169,-1.075982911209379,-0.8595015749303385
2025-01-10,1230.48,-3.371981913138888,0.0,0.1916254553197627,0.6,-1.5417356055125044,-1.318746288435462,1.6514227330215,-1.4006619156311342,-1.6180626511429672
2025-01-13,1235.65,-2.3159566637986777,0.0,0.18292977178391454,0.6,-1.0455051102258919,-0.8419890364368294,0.9992163589119356,-1.1714593969881184,-1.1502172883286117
2025-01-14,1229.0699,-2.8479127778232622,0.0,0.18312359333142267,0.6,-1.3447995580505578,-1.13118342771664,1.1855410111806823,-1.282006059083411,-1.4350444108879514
2025-01-15,1236.1801,-1.5534234855763,0.0,0.17860912952000957,0.6,-0.7629423933219485,-0.4098380106827275,0.44820325367434505,-1.0186120231747806,-0.8844979685983627
2025-01-16,1242.36,-0.6581112874963013,0.0,0.16536298723623236,0.2,-0.4885572063377451,0.5115944139111236,0.029642536826918794,-0.8891794256681335,-0.625010916242455
2025-01-17,1249.11,0.30106954132367525,0.0,0.15641833169755362,0.6,-0.13890398574832566,1.3497968732294574,-0.43000567218259683,-0.7302329469601103,-0.29415678178652
2025-01-20,1249.55,0.2203102365992201,0.0,0.14385439549698878,0.6,-0.13687762832521388,1.0631292930401137,-0.510226373685182,-0.7202838049445653,-0.29164970131109386
2025-01-21,1246.09,-0.1381198174998243,0.0,0.1409491312098049,0.6,-0.29008370603244715,0.6977591435212374,-0.4267466835777924,-0.7750556532351748,-0.4356668465452232
2025-01-22,1242.53,-0.6040496735073559,0.0,0.1421556235701335,0.6,-0.509649346409082,0.3236052012282934,-0.27353681055919377,-0.8563343643501298,-0.6424113825793208
2025-01-23,1259.63,1.10679033919279,0.0,0.1497207913078574,0.2,0.3429988116436343,1.2114796099502005,-1.1162110476888827,-0.5256755350064151,0.20257426579761365
2025-01-24,1265.05,1.723978414501349,1.0,0.14081643542384878,0.2,0.7484774770375151,1.3844649741792856,-1.3631815776650578,-0.40104657827824736,0.5918486845574278
2025-02-03,1253.03,1.0003851601022995,1.0,0.14959132111676382,0.2,0.4339439860508778,0.9245627084370304,-0.9153545979559098,-0.5494380453464922,0.36010989230419715
2025-02-04,1264.6801,2.3679736231526096,1.0,0.1547039356611898,0.2,1.3297213984547895,1.3109699925109064,-1.5515311092027388,-0.22208848770493023,1.0968571622840428
2025-02-05,1269.61,2.364260566036266,1.0,0.1449761029723318,0.2,1.3161189265635698,1.0734554959379023,-1.6858462560102674,-0.10472162149774718,1.0913754792822246
2025-02-06,1271.48,2.2438013574845597,1.0,0.13311829619459925,0.2,1.311326018369082,0.9366133605321691,-1.5568437991552018,-0.0967137220960793,1.0893978286954198
2025-02-07,1275.2,2.078338085301284,1.0,0.12406935574914611,0.2,1.2995597116221764,0.8025614630486007,-1.3526355266023369,-0.09944661377940325,1.0791958750983783
2025-02-10,1263.26,0.6267438051356716,1.0,0.1541777451840308,0.2,0.5939750174017829,0.031604114897366455,-0.5698693999683543,-0.3859839124700239,0.4314217530760258
2025-02-11,1268.45,1.357054837113763,1.0,0.14643983024966062,0.2,0.9402436349822031,0.6639507265097403,-0.7513608622920591,-0.23629668205027526,0.7535395674774453
2025-02-12,1266.91,1.1507771328298695,1.0,0.13378278647682867,0.2,0.9714620431042126,0.1954723708602955,-0.6671217770135874,-0.21957786346703126,0.7829013775436089
2025-02-13,1270.35,1.8603885255449648,1.0,0.12710030876560227,0.2,1.2602427319757457,0.951761419199622,-0.8284829363728128,-0.09612527022035922,1.0496510049523216
2025-02-14,1276.08,2.1535153102127755,1.0,0.11947892381555988,0.2,1.30609577417694,1.3388991787786575,-0.9343631969314873,-0.0009240535173583957,1.0923394709448933
2025-02-17,1272.72,2.176293603748049,1.0,0.10929287363600151,0.6,1.303950310619088,1.391647453448855,-0.9080417674535524,0.038434724803833316,1.0909131405961843
2025-02-18,1278.14,2.3818850492042305,1.0,0.10678678431871766,0.6,1.3017524860869703,1.5749245572206862,-1.0698702689693877,0.17685262086277634,1.0894229279250407
2025-02-19,1288.5601,2.6985267245802467,1.0,0.11574317917474798,0.6,1.299514909633385,1.5663317346281698,-1.5090268349484122,0.47582329822366976,1.08788010568473
2025-02-20,1292.98,2.4746441717781344,1.0,0.10582071902088688,0.6,1.2972384789637144,1.115134319096028,-1.4219036039486752,0.5090732681578557,1.0862854410927236
2025-02-21,1296.75,2.3493436923067406,1.0,0.09706734940172751,0.6,1.2949108139955359,0.896962657096814,-1.3395308372794115,0.5336930723746766,1.0846316148142288
2025-02-24,1304.5601,2.4714146465822737,1.0,0.0975540690187225,0.6,1.2925273509410444,0.8748668690206279,-1.4893472729927835,0.6972231857245439,1.0829176316943303
2025-02-25,1303.16,2.4066455048108137,1.0,0.09147573846457557,0.6,1.2900891706655937,0.8594222234600476,-1.3657856085234783,0.7045216292326604,1.0811445512123459
2025-02-26,1302.96,2.3128458645134407,1.0,0.08585555579936334,0.6,1.286910879773662,0.7498253255093817,-1.2651782948469463,0.7139953040075157,1.078874602768789
2025-02-27,1307.8,2.529218695509492,1.0,0.08712118280892421,0.6,1.2703951834982126,0.9759595427897914,-1.424863203226772,0.8643193429049849,1.0666907823276974
2025-02-28,1305.36,2.418408401076619,1.0,0.08548163495950722,0.6,1.2271182101036366,1.0443290572890958,-1.2397780309163904,0.8372586402804975,1.022334245817625
2025-03-03,1309.37,2.550164866203482,1.0,0.0809386605064494,0.6,1.2611874063011022,1.2862340819945892,-1.1781149292229056,0.8998415301058381,1.0602362470843159
2025-03-04,1311.91,2.0975321953863033,1.0,0.08142062647506128,0.6,1.1951164014793998,0.6621760208978953,-0.9457485452517874,0.8636070546786799,0.9943162127732138
2025-03-05,1304.71,0.6111432617281152,1.0,0.11276776961627502,0.2,0.6637702451655566,-0.6607076909316546,-0.2825099241224479,0.5878695667454139,0.4609590513914921
2025-03-06,1318.22,2.3177244032677766,1.0,0.12209612076778616,0.6,1.2647017333118913,1.1086900868622296,-0.8114540928292006,0.9374488810566333,1.0635277363062545
2025-03-07,1326.05,2.1210203910264145,1.0,0.11469751091955749,0.6,1.2494057265885326,0.8474644158079965,-0.6653044990096589,0.9324236068694118,1.048401437385319
2025-03-10,1330.28,1.8897517175653635,1.0,0.11118753379008949,0.6,1.1709406943142224,0.7130524605759874,-0.4722510707871068,0.8999229196710145,0.978270551520361
2025-03-11,1332.54,2.263551198884919,1.0,0.1043540350332531,0.6,1.2520858378273068,1.2956763476014683,-0.5121139006091887,0.9864040137383034,1.052572462298193
2025-03-12,1334.41,1.9216607735725062,1.0,0.10557431693600124,0.6,1.0940549979696612,1.0976118144229918,-0.3131009878283344,0.9172318187268454,0.9196330398445544
2025-03-13,1326.27,0.16454682157090184,1.0,0.12897846936561672,0.6,0.4346836042618385,-0.9009722271755439,0.22622522005438658,0.6436120898593407,0.42421868757189224
2025-03-14,1326.15,-0.30624734499895223,1.0,0.1280672482279667,0.6,0.1960227292756526,-1.3021996110535707,0.4004463228790557,0.5583283678804317,0.26990432963155997
2025-03-17,1336.26,0.9713495277329047,1.0,0.12787308665798794,0.2,0.7202902169629996,-0.08269294602808518,-0.0367325950065351,0.808318175759195,0.7085721578415102
2025-03-18,1330.97,0.4754259217993485,1.0,0.12435658180394349,0.6,0.1716923506950008,-0.35012464451282876,0.07918541442044405,0.7570216254965564,0.6111747158859169
2025-03-19,1324.63,-0.02023374919077295,1.0,0.12315382528688504,0.2,-0.26246957761326645,-0.6592825381892079,0.22098929239627307,0.6848547722727342,0.4803574626625274
2025-03-20,1323.9301,-0.42633623644636787,1.0,0.12036285512689988,0.2,-0.6277861466387332,-0.9589053463742147,0.2993325266833615,0.6315717547600446,0.38321518874674115
2025-03-21,1321.88,-1.1121198635235585,1.0,0.12169499127724462,0.2,-1.394550845111811,-1.2632480332933056,0.4448216304598079,0.5321881051172492,0.2121001217181734
2025-03-24,1330.3199,-0.7180752652768256,1.0,0.11156787397428049,0.2,-1.0795364041154563,-0.9905580652063083,0.3111726599791696,0.5899177459079034,0.30278690480376114
2025-03-25,1331.92,-0.1271492027951768,1.0,0.10366201983449345,0.2,-0.6700415635009492,-0.44778731228001367,0.1545435017200403,0.6710384098808295,0.4298316338550345
2025-03-26,1326.09,-1.1557566708435976,1.0,0.11663122005002724,0.2,-1.3355024865395833,-1.2235077062201938,0.4843852814002822,0.4780367917744698,0.11051314556676081
2025-03-27,1323.8101,-1.1715595158318979,1.0,0.11254451668717219,0.2,-1.3094328716539065,-1.2015879817160002,0.48138320517870914,0.44852358226147593,0.05531068154520402
2025-03-28,1317.46,-1.4585381554374108,0.0,0.12207117318732116,0.2,-1.2837313613574322,-1.181080464242453,0.6999245943122555,0.2685835311960922,-0.2310541973533082
2025-03-31,1306.86,-1.8536183616715938,0.0,0.13644575140358248,0.2,-1.2589186175280491,-1.159852911807218,1.0011901610735279,0.021276212870559533,-0.6113316139723762
2025-04-01,1317.33,-0.9911937378587561,0.0,0.12997721834257783,0.2,-0.8170232067711536,-0.5672853848483451,0.598562459973663,0.2166815374740295,-0.32426588254448563
2025-04-02,1317.83,-0.8103364944722223,0.0,0.11894132794580561,0.2,-0.7452402297521779,-0.45648712640773953,0.46265759413929786,0.25296500042677095,-0.2777898118077338
2025-04-03,1229.84,-4.721935960218085,0.0,0.6302039607967308,0.6,-1.2060978727979297,-1.1200657789270683,3.0,-2.213747883477623,-3.0
2025-04-04,1210.67,-4.997838824825374,0.0,0.6290983324832624,0.6,-1.1822979684355697,-1.0998605403021853,3.0,-3.0,-3.0
2025-04-08,1132.79,-4.985410743802458,0.0,0.7363832315019896,0.6,-1.1597524172612639,-1.080440294903079,3.0,-3.0,-3.0
2025-04-09,1094.3,-4.973966237618871,0.0,0.7537251186291937,0.6,-1.137337618732259,-1.0647783320819801,3.0,-3.0,-3.0
2025-04-10,1168.34,-4.432962817922819,0.0,0.7362405777635549,0.6,-0.4763208386297883,-0.5131953659706321,3.0,-3.0,-3.0
2025-04-11,1222.46,-3.6035729101119633,0.0,0.683314600601886,0.6,-0.043314307752671824,-0.10715782144312097,2.3787649734278573,-2.570645345128685,-3.0
2025-04-14,1241.4399,-2.516027793217349,0.0,0.6057931046387046,0.2,0.15224070691967587,0.15793279720645378,1.263197678660331,-1.9430885522302,-2.7564788735411843
2025-04-15,1227.79,-3.09385391271277,0.0,0.5644526330396301,0.2,-0.030897501705094213,0.07385375209090367,1.6371853047160203,-2.3483623999580794,-3.0
2025-04-16,1210.3,-3.307557338521974,0.0,0.5187713911643144,0.2,-0.16666879761342535,0.10803208029648402,1.7708798295060193,-2.5881134895602576,-3.0
2025-04-17,1217.25,-2.5042171341325363,0.0,0.4545368194017436,0.2,-0.08581839129604288,0.7578756122893969,1.1001061541063921,-2.277348000526169,-2.878662758618
2025-04-18,1219.12,-1.670899281043717,0.0,0.40414163423044325,0.2,0.0193482895812812,1.135965274452587,0.3958905893619166,-1.9520135026803949,-2.5245945846957634
2025-04-21,1207.0699,-1.958830378093861,0.0,0.37593010305961033,0.2,-0.09304189598538407,0.9683809372118998,0.4539483659779119,-2.0927392577349244,-2.6957473531599936
2025-04-22,1197.13,-2.7097601629191086,0.0,0.3850880348915083,0.2,-0.3329372541935759,0.6641546736944623,0.97123399539803,-2.485704297371388,-2.915258125459893
2025-04-23,1211.0,-1.5644469764621731,0.0,0.36312880171490924,0.6,-0.08434566867881443,0.6821705065672665,-0.18945977878043094,-1.8916175231618733,-2.4376927977362928
2025-04-24,1223.35,-0.6438160006344827,0.0,0.3321945370862991,0.2,0.05372306625454433,1.0596303885027096,-1.03778524542939,-1.5371576943884633,-2.126173211962879
2025-04-25,1229.23,-0.3279883623636728,0.0,0.2927436360301922,0.2,0.1198824675261671,1.1067995770501797,-1.26963241505301,-1.411923620244992,-1.9145227623216547
2025-04-28,1226.8,-0.14222275659182604,0.0,0.2569570562499291,0.2,0.13359645720895463,1.3544424105297905,-1.322987264549223,-1.340386760460507,-1.8760513924972222
2025-04-29,1226.3,-0.24230618870082943,0.0,0.22698747965975277,0.2,0.13911573309888053,1.20081137313276,-1.1398570643331356,-1.2691694456125713,-1.8461524104026854
2025-05-05,1240.05,0.6423556975935578,0.0,0.22802686931588417,0.2,0.36857348127094713,1.6553293539945793,-1.4952300765182416,-0.7912499037627041,-1.3616894789087481
2025-05-06,1241.95,1.7688827676208962,0.0,0.20506762344442295,0.2,1.2870309187287907,1.3690128183489851,-1.2440128309638483,-0.7651943733585033,0.6727424736283468
2025-05-07,1250.37,2.0185788348905325,1.0,0.19023524224469007,0.2,1.4008719279690072,1.2897198698541859,-1.3827103275663255,-0.5873630547638559,0.8611667578643444
2025-05-08,1269.8,2.4419620543816754,1.0,0.18130904166638692,0.2,1.3791227080156223,1.4395506973293335,-1.8571913868190761,-0.23455047206801874,0.8476368424341321
2025-05-09,1267.3,2.1430414142509955,1.0,0.16621615144971283,0.2,1.3498121349463894,0.997926051119946,-1.6661795219157407,-0.2328492086960237,0.8178537833167246
2025-05-12,1283.26,2.3260042303637034,1.0,0.1634239460534042,0.6,1.3455339459797,0.8976754714990687,-1.8901467521169688,0.044945212011572866,0.8267584187967882
2025-05-13,1293.4301,2.5475600824237863,1.0,0.1606945600627692,0.6,1.3315947235511334,0.9666101248816786,-2.0822191558969063,0.31655132788695456,0.8185058694126672
2025-05-14,1309.73,2.673744917539548,1.0,0.1561294402304283,0.6,1.3173825232166836,1.056555953664168,-2.091923581685105,0.5522595674332208,0.8099618306452169
2025-05-15,1313.2,2.6954287575089686,1.0,0.14225135419203053,0.6,1.303697852162127,1.0961379412860446,-2.0633671123088027,0.6257379816529686,0.8017255445396927
2025-05-16,1301.39,1.9491208807347342,1.0,0.1496166791428193,0.6,1.1329313485176349,0.49319318958977343,-1.5095552649182205,0.47271642940865877,0.613466723867296
2025-05-19,1296.29,1.4018753147936422,1.0,0.15867567927157364,0.6,0.9451122159832439,0.38063733974616415,-1.0037703845188661,0.3006410454035269,0.40326504526769275
2025-05-20,1315.15,2.009566828306581,1.0,0.1546440451355699,0.6,1.1771305554399345,0.8405463459503256,-1.1861361501873804,0.5452758366695992,0.6721239680342926
2025-05-21,1323.05,1.9277769210419833,1.0,0.13904413413188915,0.6,1.213192381714995,0.6657381943464109,-1.0521168657140916,0.5919801597978347,0.7159813175633502
2025-05-22,1313.84,1.3826226483673452,1.0,0.15013288714005218,0.6,1.0304285464686727,0.5095407214850471,-0.582046078615942,0.41800488007050013,0.5082656020274278
2025-05-23,1314.46,1.4585408931633321,1.0,0.13703272880268788,0.6,1.060640261163935,0.5597488130145708,-0.5223061532287683,0.5018987621386453,0.5892934999066264
2025-05-26,1332.51,2.610300034111574,1.0,0.1562366230328425,0.6,1.2764166245607411,1.522717924262183,-1.2029105654425305,1.063360876934859,0.7941009106725506
2025-05-27,1339.8101,2.8259409456055247,1.0,0.15805915452418237,0.6,1.270914850749893,1.355267944385473,-1.4966145880342392,1.412533069711246,0.7918314030004899
2025-05-28,1341.87,2.2672734311861644,1.0,0.15534212672002531,0.6,1.1643154325684206,0.7456048937603023,-1.1451738129707967,1.3198330466815014,0.6837956712036093
2025-05-29,1341.86,2.2053581529581323,1.0,0.13977367761287893,0.6,1.1965421509021024,0.6032176919394016,-1.0370801431368457,1.3606932800576566,0.7231525815451273
2025-05-30,1332.6,1.213992487978823,1.0,0.16410086272856694,0.6,0.7928133930516459,0.04562033036480278,-0.42772422469150256,1.051273640598204,0.3969186187716898
2025-06-02,1336.3,2.012497648909405,1.0,0.16150486317768242,0.6,1.1626174244533398,0.5352446334103668,-0.7445328492904897,1.3630549807856505,0.7089661041066302
2025-06-03,1347.25,2.4412702724785245,1.0,0.1554409566449105,0.6,1.2450465390085,0.9070292197407591,-0.9607184855907337,1.6037324898940115,0.7812483012181345
2025-06-04,1345.74,2.431154999113537,1.0,0.1399225823913896,0.6,1.2371383590196392,0.9539355360946677,-0.8900431119380974,1.6288046872191764,0.7779103728592153
2025-06-05,1342.09,2.3486885982700154,1.0,0.1344373079402943,0.6,1.1534112302101107,1.172334444843515,-0.7172871281722885,1.5720179229832079,0.7214906595119879
2025-06-06,1329.89,0.8683004861411349,1.0,0.1589965764968589,0.2,0.6138536490705205,-0.5121746410956455,-0.18217183389914027,1.2617602489190654,0.4076274279768156
2025-06-09,1310.5699,-0.510096216105167,1.0,0.18725552832941791,0.2,-0.263401529188846,-1.3090210258646033,0.44573500216344286,0.8821365035801694,0.03046516435114609
2025-06-10,1316.23,0.1272560135940304,1.0,0.1733642167435836,0.6,0.07993235246631239,-0.7753844333287206,0.23729437755385377,1.0707499348782572,0.2026111244443327
2025-06-11,1315.2,0.40500534509206987,1.0,0.15678532661052877,0.6,0.24136388717546817,-0.5456239170199446,0.16849018297254864,1.1643373260619003,0.28353961429799696
2025-06-12,1322.99,1.5462147319954762,1.0,0.15537465511793586,0.6,0.8741582279241071,0.38577674290071823,-0.19070991895264972,1.50969076943685,0.5983967380301097
2025-06-13,1315.49,0.1802675255085422,1.0,0.18052919288520533,0.6,0.1646315239195407,-0.6621053248063029,0.3922225826929573,1.1367086310371186,0.24676616372705937
2025-06-16,1338.11,2.258861605457849,1.0,0.19108293842186644,0.6,1.2808016764987658,0.9030558080907374,-0.403594158161084,1.787234066708914,0.8016532131474456
2025-06-17,1347.6899,2.4280439385676598,1.0,0.17351485624167862,0.6,1.277322584586594,1.0371825616877868,-0.5302870255687325,1.9195193271235966,0.8011744041008007
2025-06-18,1346.83,2.2631656282259267,1.0,0.16088849782085465,0.6,1.213163762129357,0.877003662685946,-0.44245353366672907,1.8921249301213339,0.7694582743967232
2025-06-19,1352.04,2.3559514278089857,1.0,0.14613350689692123,0.6,1.2557583712333795,0.8812173697055815,-0.5035638785470934,1.967039772958906,0.7933724650489559
2025-06-20,1349.35,2.3413461366612234,1.0,0.13271538466754465,0.6,1.2365045856462358,0.8281945958726751,-0.5020683605572067,2.018553602305631,0.7848568223540275
2025-06-23,1358.1801,2.3374988459685677,1.0,0.12153332737392916,0.6,1.2183273806559338,0.7542894086675194,-0.5304667775570259,2.0795132113706916,0.7778408220329073
2025-06-24,1366.77,2.702956671511523,1.0,0.11973117908048495,0.6,1.2005086453656342,1.1624681253579925,-0.7732430295915603,2.3016027625603437,0.7709254754299999
2025-06-25,1366.75,2.7384265197456625,1.0,0.11075078457111574,0.6,1.1830675099109844,1.3423231627048957,-0.7278452994062501,2.28554291890009,0.7641365066320515
2025-06-26,1365.67,2.7434686931182797,1.0,0.10111173028484904,0.6,1.1650210655612645,1.381063425219184,-0.7155629199414514,2.300241973108658,0.7569066566962405
2025-06-27,1371.4399,2.590570668380296,1.0,0.0964197531326311,0.6,1.151353191908151,0.9206140184666158,-0.7602460434640338,2.372520242199054,0.7449464333226473
2025-06-30,1376.0699,2.855465732313867,1.0,0.10188167070636907,0.6,1.1353250391579774,1.0914210603560939,-0.9760739620507934,2.626035233109222,0.7338485582224117
2025-07-01,1377.84,2.5106084787084346,1.0,0.1007433433150336,0.6,1.0510463106520687,0.7912789247116992,-0.75028998762933,2.5129880312994786,0.680650323941632
2025-07-02,1384.59,2.9061541448397645,1.0,0.11176508762252993,0.6,1.103365236815375,1.1215913639061688,-1.097305678561529,2.6379533115731806,0.713409074258952
2025-07-03,1381.96,2.5039726490047793,1.0,0.11343672979401459,0.6,0.9792245400668185,0.7189924953287149,-0.8261474656169471,2.6379533115731806,0.6186687842524013
2025-07-04,1386.97,2.692890625103875,1.0,0.1117247044451446,0.6,1.0763362981598872,0.901812658473128,-0.8980721479925916,2.6379533115731806,0.6909506622712138
2025-07-07,1402.0601,2.757812307417616,1.0,0.11516583913792831,0.6,1.059617744171508,0.8292904216348441,-1.1207556835904373,2.6379533115731806,0.6813963151194906
2025-07-08,1415.46,2.8897746996132057,1.0,0.11817087945049276,0.6,1.0434367947591245,0.9400146185034075,-1.3214920174602085,2.6379533115731806,0.6728056694674376
2025-07-09,1431.3199,2.904723460818736,1.0,0.11612205096203941,0.6,1.0275656961108814,0.9349222165185921,-1.3798047721267888,2.6379533115731806,0.6644185150470774
2025-07-10,1445.64,2.84355770349224,1.0,0.11067036632957163,0.6,1.0118720658648035,0.8641702990514301,-1.3382024695013688,2.6379533115731806,0.6560361161872589
2025-07-11,1457.76,2.651532693856885,1.0,0.10101098452019747,0.6,0.9969169206067309,0.6213271774250166,-1.1761299143641306,2.6379533115731806,0.6483993825582359
2025-07-14,1470.42,2.951449368955249,1.0,0.11311522521473981,0.6,0.985849487980609,1.0133824997805272,-1.4694718050755864,2.6379533115731806,0.6436682598812752
2025-07-15,1460.65,2.5265354241903406,1.0,0.11490504311388554,0.6,0.883453272028981,0.6068315247972217,-1.131306100194089,2.6379533115731806,0.552951350535407
2025-07-16,1475.47,2.804428939236572,1.0,0.11716182092718058,0.6,0.9684914484376385,0.9371530472249417,-1.2555856439135338,2.6379533115731806,0.6372655011908345
2025-07-17,1490.01,2.875319751894537,1.0,0.11620266276042665,0.6,0.9609013023898321,1.0711220258396192,-1.2912805182106433,2.6379533115731806,0.635309946822376
2025-07-18,1497.28,2.86304144063856,1.0,0.11433155799110051,0.6,0.9550839880113345,1.0467553934771228,-1.2914188782350173,2.6379533115731806,0.6340263452163762
2025-07-21,1485.05,2.439673463302067,1.0,0.11645291479838561,0.6,0.8602291899914131,0.6477111612611214,-0.9423642440152549,2.6379533115731806,0.5431459103742866
2025-07-22,1509.54,2.84061089698706,1.0,0.1330268159438134,0.6,0.9343707399639981,0.9796476223518241,-1.3302487565042704,2.6379533115731806,0.6254112062662439
2025-07-23,1512.3101,2.882593177407897,1.0,0.13536416440047935,0.6,0.9207207701759339,0.9455315441528177,-1.466091740679091,2.6379533115731806,0.6201566960851231
2025-07-24,1521.02,2.8967822510189443,1.0,0.13428171812058642,0.6,0.9061219608022332,0.9707236765302883,-1.4944967502411073,2.6379533115731806,0.6122533176845169
2025-07-25,1531.13,2.9349133012658886,1.0,0.14284343398045007,0.6,0.8939307609267372,0.8415826995195574,-1.7074820340121766,2.6379533115731806,0.6019880639832961
2025-07-28,1557.42,3.1780263120038024,1.0,0.16912827577184553,0.6,0.8817925637654879,0.9996220779706837,-2.091923581685105,2.6379533115731806,0.5898110264326414
2025-07-29,1493.41,0.46217354744256534,1.0,0.3786548910674863,0.6,-0.0956110647061201,-0.57816961982474,-0.1306424655141795,2.6379533115731806,-0.8268552067028201
2025-07-30,1507.63,0.893728842194572,1.0,0.3405626325115659,0.2,0.10693651572286006,-0.3413639350719896,-0.359091730978244,2.6379533115731806,-0.5213656779234409
2025-07-31,1502.52,1.079537449112041,1.0,0.3010497240131316,0.2,0.17900494409330558,-0.13567837340343233,-0.3684345904983346,2.6379533115731806,-0.36517440871230805
2025-08-01,1495.21,0.6878844110300454,1.0,0.2776833558051774,0.2,0.020576448261359473,-0.15899224249850594,0.018292127046197103,2.5139508382011733,-0.4994015171005618
2025-08-04,1528.1899,1.5599092289353216,1.0,0.2691163668061435,0.6,0.38731114203517597,0.23249893087164794,-0.5104307551100633,2.6379533115731806,0.0207706100126188
2025-08-05,1547.15,1.2347125708319568,1.0,0.23940225232506365,0.2,0.33192792396822324,-0.0744151707512172,-0.25703737115017233,2.5721525392054243,-0.00627629276226946
2025-08-06,1573.71,2.3258268332044367,1.0,0.2399296553030357,0.6,0.8134629825346027,0.7682943312589737,-0.7698974091955498,2.603567452429972,0.5363359928150869
2025-08-07,1581.8101,2.4938755738174536,1.0,0.22930454098621023,0.6,0.8216454319917056,0.9072372724841576,-1.0101618424914351,2.55959985073513,0.5478488498308076
2025-08-08,1584.95,2.418587017168555,1.0,0.21143254659431354,0.6,0.8098485278926258,0.7416644895136685,-1.051101993897681,2.524420792646084,0.5383623150348955
2025-08-11,1596.86,2.431951155331926,1.0,0.20217263047187067,0.6,0.7958915235771635,0.6963351514701251,-1.17447914721519,2.4861057293520825,0.5259914074587114
2025-08-12,1608.22,2.38337203994028,1.0,0.1934444531761612,0.6,0.7818930523367229,0.5217795829777405,-1.2848799057480167,2.448434150899624,0.5134276980299761
2025-08-13,1611.6,2.397084327811371,1.0,0.182774648592608,0.6,0.768151282873592,0.5791486578139107,-1.3181980899390706,2.4127695229102173,0.5009644459119882
2025-08-14,1640.6899,2.479041219551185,1.0,0.1765142251867683,0.6,0.754412291799614,0.731024424221971,-1.4066358000657573,2.376728053301661,0.4883704375910378
2025-08-15,1630.0,1.7577099277921997,1.0,0.18432863084584747,0.6,0.5566782274601093,0.25949104539435025,-0.8286569122983823,2.3414601489378266,0.21450922846090226
2025-08-18,1636.37,2.2157686278988495,1.0,0.17622418411815335,0.6,0.7303793282434752,0.6954024240311414,-1.0094280523671215,2.3076025786491963,0.46715065585523946
2025-08-19,1654.2,2.1937249660590434,1.0,0.16741261943210947,0.6,0.7172566604702755,0.7391918159130403,-0.9750893702520502,2.274992530240744,0.45544852021246773
2025-08-20,1664.36,1.3240429627880175,1.0,0.1835325607348731,0.6,0.44081529450405127,0.2364577941326411,-0.26337423250861414,2.243906067564636,0.11286359502764425
2025-08-21,1688.0,1.2788377243518116,1.0,0.16333936088956028,0.6,0.46878915152401934,0.386905861563936,-0.04552031629914684,2.1679551554603473,0.1491765446909057
2025-08-22,1645.47,-1.1812481249575106,1.0,0.24497313125331788,0.2,-0.21084502905382144,-1.8002157049290883,1.2856984945904306,1.7717194585640939,-0.7036040564926613
2025-08-25,1614.03,-2.38834871180451,1.0,0.2874825414054834,0.2,-0.7651413588898619,-1.8305179827219673,2.3039265203898585,1.4601642152197223,-1.3905127082624742
2025-08-26,1667.63,0.1097581420047066,1.0,0.31030923026500273,0.2,0.09242627479840569,-0.020879934372643974,0.9436838719133723,1.80330897066269,-0.2505195762944851
2025-08-27,1672.78,0.24995360913983677,1.0,0.2712112008380603,0.6,0.1785514307269301,0.13511749380453034,0.9494384717700923,1.7670347406354736,-0.1475684622786221
2025-08-28,1680.86,0.8409855501945461,1.0,0.24819241347796345,1.0,0.4358799058509488,0.6028374505107073,0.6984807677066374,1.7925430987484845,0.14026778076499666
2025-08-29,1682.21,0.8664756335231989,1.0,0.21806822468543183,1.0,0.4437198384810607,0.6538059706922463,0.7261851127017903,1.7428839875329558,0.20565319846062347
2025-09-03,1681.3,1.4966936034362444,1.0,0.2072442614906271,1.0,0.7527268752576859,1.0363789869483708,0.38883523990586416,1.7841188571987758,0.4961015601806263
2025-09-04,1696.29,1.7961233300726667,1.0,0.19951187617409777,1.0,0.7509968055032981,1.2666833312961232,0.026834252143621846,1.827288886948152,0.4955914395641409
2025-09-05,1666.97,0.25062560080217877,1.0,0.2395554305581243,0.2,-0.04533098642270262,0.40321958585363743,0.8712882518842504,1.5651735501698154,-0.12032216904410827
2025-09-08,1624.53,-2.194541029493111,1.0,0.31943265199413756,0.2,-1.3457855713202334,-0.9967315346162792,2.136880192687434,1.1995568321236947,-1.1264797736058174
2025-09-09,1637.3199,-1.605730814137974,1.0,0.2857008285804681,0.2,-1.0313753543078703,-0.6921188147053301,1.749590739608042,1.2317908499400851,-0.8828655533917863
2025-09-10,1643.26,-1.8770885555962078,1.0,0.25025369670968534,0.2,-1.0022154805968553,-1.4289808846014955,1.648225075628568,1.1957240003188114,-0.8600303431362141
2025-09-11,1657.75,-1.237497773418454,1.0,0.228964230283588,0.2,-0.6857156062553913,-1.024676467009531,1.2506272476506384,1.2281622128217233,-0.6137101741769795
2025-09-12,1667.26,-0.4058288333843598,1.0,0.21591857423923966,0.2,-0.26066296220240487,-0.4678205384957828,0.8122603358665094,1.2840120200934615,-0.28193028132471853
2025-09-15,1684.9,0.8611109578749819,1.0,0.21614114380262744,1.0,0.42157164702589217,0.30335798017935756,0.164874306467107,1.3947095453531593,0.2497086061080073
2025-09-16,1680.9,0.2149962215032831,1.0,0.21275120182332793,0.6,0.13349408975848162,-0.10411796733170116,0.5386457661472446,1.282249098030902,0.02845282417127596
2025-09-17,1670.97,-0.8768295232893959,1.0,0.2281146088275485,0.2,-0.3902712364846295,-0.7308272748531589,1.184716374259993,1.1231623543668843,-0.37441868956118063
2025-09-18,1665.1801,-1.1097128309350341,1.0,0.2140776069650138,0.2,-0.5467855271329778,-0.7167096016283091,1.3468468898757204,1.0514413744473783,-0.492816770692188
2025-09-19,1658.62,-1.5911082607559068,1.0,0.20692192087034877,0.2,-0.78628246804975,-1.061291549563935,1.5525566811704319,0.9686327798075831,-0.6613957680758404
2025-09-22,1634.45,-2.8425112158408377,0.0,0.23205475153773503,0.2,-1.4021381113123377,-1.9987167555007466,2.075625930518871,0.8030876112311109,-1.1243624850919565
2025-09-23,1635.26,-2.795630957633637,0.0,0.20840387738058477,0.2,-1.4100596802534748,-1.9551859466425972,1.969693434894513,0.7719865684843333,-1.127764527622948
2025-09-24,1657.46,-1.5668571885350264,0.0,0.21026128562003096,0.2,-1.2271939017188613,-0.8722249067811377,1.1943570052087802,0.8938201746888388,-0.5973330430012642
2025-09-25,1666.09,-0.9512848888131548,0.0,0.19308980535103135,0.2,-0.883740144658311,-0.4681962032222171,0.8527604828006712,0.9174277685551705,-0.40136060409364516
2025-09-26,1660.7,-1.7021038681539904,0.0,0.19918522502072905,0.2,-1.3361866654472379,-1.0036617805905328,1.1242883552622172,0.8126620253164255,-0.6616648936503545
2025-09-29,1666.48,-1.9082208866964272,0.0,0.18831817602476614,0.2,-1.48454357464685,-1.014927220281776,1.2613252144597586,0.7582974591212128,-0.7506397885585157
2025-09-30,1661.7,-2.4666995918873345,0.0,0.18893433862145906,0.2,-1.796573200276414,-1.418035419267579,1.4870557199173737,0.6784045032522961,-0.9382699125218071
2025-10-01,1665.05,-1.9601284887818702,0.0,0.17174628705526726,0.2,-1.5572096548125132,-0.9049613903412402,1.2998073278065092,0.690169778746358,-0.8032872740565686
2025-10-02,1652.71,-2.9300780778011495,0.0,0.19993021153851157,0.2,-1.9669070291266284,-1.8337704425105261,1.7669994637771487,0.5495590132474016,-0.9587705170305616
2025-10-03,1645.8199,-3.179974827786067,0.0,0.2101227906546295,0.2,-1.9227360280658086,-1.7958814485908552,2.0166782668954077,0.4455054864375149,-1.2528607897845498
2025-10-06,1695.5,-0.07410053707376903,0.0,0.24337018174600691,0.2,-0.39894748817046594,0.6945149963839711,0.6429462627780635,0.7067027158201056,-0.2236842638674261
2025-10-07,1685.3,-1.0419348204814123,0.0,0.24838324118730895,0.2,-0.9020686383135391,-0.11067711155242246,0.9777925505583134,0.5893277398102845,-0.562964251338457
2025-10-08,1697.83,-0.349427136706743,0.0,0.22652843496453995,0.2,-0.5718869743331941,0.47563447423989164,0.6726999672201002,0.6272024707399992,-0.3382727773684827
2025-10-09,1716.47,0.3659353596349414,0.0,0.20873176722709588,0.2,-0.23449118623541568,1.1301572021072248,0.39470755199756336,0.6656873745274424,-0.1078646495212579
2025-10-10,1747.55,1.003886844612505,0.0,0.19841618321807633,1.0,0.2284420086277505,1.3108468176781787,0.056824158735010774,0.7256153333540514,0.20692988059963285
2025-10-13,1765.12,1.3605738659687934,0.0,0.1810136698222806,0.6,0.7515927441873781,1.0674649253252464,-0.024215456866811255,0.7397114808852879,0.5703634552511951
2025-10-14,1761.06,0.5957327245086359,0.0,0.1889891908264858,1.0,0.3865318095958374,0.47868427039600203,0.36582228836542685,0.6425802228882291,0.361996808843906
2025-10-15,1757.95,0.5737498791086781,0.0,0.16984045385019655,1.0,0.4032396898699253,0.4300358584701448,0.3799061016792644,0.622023882104692,0.3726716618880092
2025-10-16,1766.85,1.4332727845387057,1.0,0.16799654785404725,0.6,0.8464419310696085,1.1179402782773573,-0.0033498957800792155,0.6923182226940047,0.6314404025123501
2025-10-17,1731.19,0.04825874197024918,1.0,0.1922667718096921,0.6,0.18584888750992215,-0.17642426307368955,0.5033017717202743,0.5621430986011258,0.22758065381293585
2025-10-20,1636.4301,-3.7460827018044025,1.0,0.4306610637102209,0.2,-1.895055189180269,-1.927843904482139,2.577116791429427,0.07522288598566768,-1.5342788550590505
2025-10-21,1663.4301,-2.8414935535920125,1.0,0.38410939480485096,0.2,-1.4455031681604527,-1.4833156451413945,1.9983988242925874,0.16046531765814284,-1.1514954460447617
2025-10-22,1678.5,-1.9852756269554712,1.0,0.34576956361374817,0.2,-0.9878537473393447,-1.076224646349742,1.4808013647154352,0.24253393978400656,-0.7825466565854823
2025-10-23,1687.06,-2.232963659038648,1.0,0.31052929421993586,0.2,-1.1318222102234181,-1.234752621660112,1.5712163718931975,0.1987317128268572,-0.8816799891519559
2025-10-24,1683.18,-2.362876064087449,1.0,0.27659357667455725,0.2,-1.21711575490603,-1.3086027960266844,1.6195686250430346,0.17021627315782273,-0.9247482541352732
2025-10-27,1652.54,-3.0440562429705107,1.0,0.27448255766993057,0.2,-1.6472641030966633,-1.6743383925758162,1.8776325823125009,0.0696776145727254,-1.2332775031970973
2025-10-28,1680.5,-1.7728924340601468,1.0,0.2663585622399302,0.2,-0.9598389665779163,-1.0017237426355892,1.184306895546672,0.19968759603663938,-0.6956265949332251
2025-10-29,1685.83,-0.9301008204233566,1.0,0.24829768935965368,0.2,-0.53080165934249,-0.4644041710303485,0.7588617584984497,0.27464333000220076,-0.358310564807424
2025-10-30,1669.5699,-0.9983827822666295,1.0,0.23125202988087573,0.2,-0.711057124287843,-0.15999031103268482,0.8478868890795371,0.22497378170649002,-0.47859445353461694
2025-10-31,1639.65,-1.4394232339443693,1.0,0.23340146770380163,0.2,-1.1141579749539694,-0.08603956812954498,1.0776957840262742,0.1316492277296258,-0.7605211436622049
2025-11-03,1617.0,-3.421058171380467,1.0,0.278396766612505,0.6,-2.0058028875707916,-2.02677999294987,1.6913534508122186,-0.06279009020164503,-1.4056371000127457
2025-11-04,1651.98,-1.256896363488241,1.0,0.27852537349980233,0.2,-1.0872550554425282,-0.04554559685699632,0.7873567740786189,0.1089157229003304,-0.726439646333855
2025-11-05,1654.89,-1.6607928300901689,1.0,0.2593817656056855,0.2,-1.2852202890700828,-0.47403859939188736,0.8529291561925376,0.05497674426590145,-0.86173380260252
2025-11-06,1642.64,-2.216385598790558,0.0,0.248179359004417,0.6,-1.5595013282593695,-1.0855983287563464,0.9309149891448555,-0.01202392129242367,-1.0434654667895042
2025-11-07,1599.1,-3.6629799396803944,0.0,0.3016057187544517,0.6,-2.071877505631761,-2.052878239613419,1.6459996014926508,-0.2333916496773018,-1.7640697704998485
2025-11-10,1580.54,-3.975902456746373,0.0,0.2980902567908527,0.6,-2.0656081306463676,-2.0365919902968295,1.9642064355904263,-0.3367001268765401,-2.0500023407780583
2025-11-11,1593.61,-3.302586323238141,0.0,0.27120653372977577,0.6,-1.778087914141011,-1.6377548563846522,1.555160100836129,-0.27435961439306783,-1.7692753164283515
2025-11-12,1631.86,-1.7281595287212923,0.0,0.27148573795093356,0.6,-1.1145684797866593,-0.5413138212735968,0.7420228866029324,-0.10497942222081848,-1.1387490177061126
2025-11-13,1631.4399,-1.1701168802567974,0.0,0.23960599111965955,0.6,-0.8674459184802488,-0.18424775305650973,0.6107857950771746,-0.09359117867973914,-0.6966459998913974
2025-11-14,1635.46,-0.2860297814725724,0.0,0.21532776039557228,0.2,-0.2692690299414386,0.18470692491552718,0.4466796818874267,-0.0703606474258271,0.01836365916959387
2025-11-17,1654.42,0.6804283108893814,0.0,0.21038270721504865,1.0,0.3630916612147712,0.699802260087529,0.03391386079279418,0.02926437424064924,0.413203147635854
2025-11-18,1659.92,0.762499379546384,0.0,0.1866882597396693,0.6,0.43682077770858424,0.6965537257443004,-0.014887067659105899,0.029078051237559556,0.46184678231695864
2025-11-19,1649.0,-0.020055918163115083,0.0,0.19812794544936946,0.2,-0.0453298053372581,0.18055031482734402,0.27524053524991754,-0.06932344338862043,0.1703482879650413
2025-11-20,1655.99,-0.2051573042783537,0.0,0.18468326510676328,0.2,-0.163380910500416,0.0342697234392915,0.3148875121766573,-0.10283322134681225,0.10471301919218282
2025-11-21,1654.9301,-0.5223521321631209,0.0,0.18056680256481566,0.6,-0.4052831627518466,-0.07729584896689164,0.448755003641649,-0.15706649011928017,-0.032056128410564926
2025-11-24,1667.98,-0.5978758204067955,0.0,0.16649843085871316,0.6,-0.46932480942015475,-0.05780310961536205,0.5096690056664267,-0.1810582415282644,-0.0644274312015895
2025-11-25,1660.36,-2.165482437533686,0.0,0.1861339073802542,0.6,-1.0315700642359393,-2.1294305062142573,0.8375657426305165,-0.290632848213066,-0.38935282714873254
2025-11-26,1680.36,-0.07172937652007341,0.0,0.19412446862855223,0.2,0.009995897942081746,-0.08850868300086592,0.21670539631161495,-0.14984749550781643,0.24650415386878524
2025-11-27,1684.32,-0.08801670216889143,0.0,0.18015534386699342,0.2,0.09859684460587982,-0.21603307041471342,0.2786219535035782,-0.17923789849995161,0.3249604311775023
2025-11-28,1690.99,-0.5813568218522511,0.0,0.17482339907677233,0.2,-0.1349976311747909,-0.6875753309189037,0.4670947383490475,-0.22716380487324478,0.207861409353596
2025-12-01,1701.67,-0.6656165677759579,0.0,0.16200007375408249,0.2,-0.19290755675614177,-0.6437714920334857,0.5778036066661638,-0.2485324572220382,0.1792438242976348
2025-12-02,1717.06,0.3604690577242099,0.0,0.1526560392819761,0.6,0.1573490731409547,0.8825898791894601,0.44498154399292045,-0.20897874132920152,0.35556445123827213
2025-12-03,1731.77,1.236432214676177,1.0,0.15300579979828435,0.6,0.7867876063379282,1.3925346892262054,0.12479775529734662,-0.12743220968526522,0.6725674062902269
2025-12-04,1737.24,1.338505038976437,1.0,0.14658680596105242,0.2,0.8151323986433281,1.344853576509468,-0.053981009723416566,-0.07983642375204963,0.6876783554261053
2025-12-05,1741.32,0.3669306202350514,1.0,0.1615711925981741,0.6,0.3562694507252187,0.38211089855388153,0.26571476628554375,-0.17217858421932142,0.4300716989264407
2025-12-08,1753.74,-0.4532509051303587,1.0,0.17051348842109207,0.2,-0.1835422107790054,-0.29919185049470604,0.49736696616320925,-0.2529416729005026,0.2084695842434392
2025-12-09,1747.17,-2.1952265721534974,1.0,0.18503585889214064,0.6,-1.468581421302548,-2.0689383824367513,0.7778508760438659,-0.3524337640317803,-0.07697612270713747
2025-12-10,1718.98,-2.527084071492997,1.0,0.18260559257839962,0.6,-1.8786508007943996,-2.028587428172293,0.9048203593467093,-0.4060518630696621,-0.22102651461926145
2025-12-11,1698.9,-2.754869988119908,1.0,0.17917991192723315,0.6,-2.1268519621497437,-1.9835692560426499,1.0082446339609528,-0.45447422085629935,-0.35020736763225585
2025-12-12,1646.89,-3.8517803825086734,1.0,0.30430686220133346,0.6,-2.0769077384981665,-1.93970581336863,2.155001991375279,-0.7771768557319403,-1.389790620022709
2025-12-15,1646.01,-3.663719008978113,1.0,0.265692859376648,0.6,-2.001543978420117,-1.8730299993781354,1.9609337752429499,-0.7699699360555955,-1.345590937823982
2025-12-16,1679.18,-1.9241975064429264,1.0,0.27289817896286767,0.6,-1.0049408961212214,-0.9962713051507287,1.0462563415905644,-0.5561285675320868,-0.6234622022375206
2025-12-17,1673.66,-2.222841365229057,1.0,0.25702422909316996,0.6,-1.2062452220209,-1.1504586447489007,1.1391547010601726,-0.6084127675710225,-0.771292580807013
2025-12-18,1676.98,-2.040911652608103,1.0,0.22560543422800378,0.6,-1.1485283763754848,-0.990184861897182,1.0149165974546497,-0.6036932225988499,-0.7312706174818123
2025-12-19,1704.31,-1.468049296996126,1.0,0.20686389434632393,0.6,-0.8894422993565063,-0.5231921727412919,0.7443930991289351,-0.5537882295233081,-0.5429694482832714
2025-12-22,1751.03,0.024712110304670902,1.0,0.21305999193638617,0.2,-0.1381048994768797,0.610831547074609,0.11048871269428626,-0.3949234539312364,0.0064000029525784555
2025-12-23,1772.15,-0.27376779002245427,1.0,0.20444399332447238,0.2,-0.314600023064936,0.4400253010305562,0.2324966470365473,-0.44311658127844755,-0.12171197074618585
2025-12-24,1782.82,-0.04854101323193896,1.0,0.183759639750041,0.2,-0.1913335757960403,0.5437704056198948,0.08861400025016102,-0.4246341463739918,-0.030330405546472573
2025-12-25,1742.85,-0.9198470245134576,1.0,0.20337918361448412,0.6,-0.6657100344242854,-0.10884470800490313,0.39651076730250623,-0.5387569513074585,-0.3754138620823196
2025-12-26,1729.8,-1.0774546941225855,1.0,0.19518154539175367,0.6,-0.8208949026819964,-0.07927455261830679,0.45606143088689405,-0.5809783692674949,-0.4884975133532536
2025-12-29,1754.84,-0.700131378247727,1.0,0.1853675917749193,0.6,-0.4713185639714554,-0.3032151463327437,0.12163143053706837,-0.510205986139784,-0.23043539175027186
2025-12-30,1766.9,-0.2394043738450003,1.0,0.17046698196663757,0.6,-0.27386245020601774,0.14945038817504547,-0.04635834700371356,-0.47365844211037994,-0.08475338823489198
2025-12-31,1784.49,-0.2823040016512059,1.0,0.15913862526399625,0.6,-0.31859102118090915,0.1934939441183129,-0.00708496142844639,-0.49144040515071796,-0.11659781947489084
2026-01-05,1788.4,-1.3675141176930214,0.0,0.17685368198222626,0.6,-0.5478246096244329,-1.527174868882842,0.3069744835899471,-0.5864138834890861,-0.15330866651605646
2026-01-06,1816.27,-0.2368419311472029,0.0,0.16885813804126046,0.2,0.05952403350785311,-0.38779086561270965,0.12517556127775956,-0.5204503917435079,0.3136208034404335
2026-01-07,1861.58,1.5526729708642826,0.0,0.18525465470195904,0.2,0.9984812685175052,1.303186053554836,-0.41900894232357516,-0.3433187784537455,0.8563433345239254
2026-01-08,1855.56,1.0447727121925314,0.0,0.17493274212408141,0.2,0.8608172916845895,0.5789694320816068,-0.27056174769183977,-0.3750590308285801,0.7791273433896967
2026-01-09,1867.9,0.42678305948474404,0.0,0.1748556794799769,0.2,0.5781280352405751,-0.006232178427018188,-0.0218244692754845,-0.4342199165900897,0.6112221256828179
2026-01-12,1877.33,1.5316377220127841,0.0,0.19445751726082344,0.2,0.9660043116961958,0.9804646905830733,-0.6390997823018957,-0.238576740786989,0.8377764393470754
2026-01-13,1902.93,1.6709024654999873,0.0,0.19233780857860788,0.2,0.9536494777856701,0.9329227023121679,-0.9121801729169018,-0.1324971725427079,0.826254765693356
2026-01-14,1894.44,1.529285271867096,0.0,0.1734957511914412,0.2,0.938657009834212,0.6456173960843217,-0.8971648341480832,-0.12059795965541925,0.8161228776511463
2026-01-15,1864.8,1.4722869821406799,0.0,0.15902451177575458,0.2,0.925045665309965,0.5314108371780834,-0.8923517185666143,-0.10053104054762235,0.8053271399723719
2026-01-16,1879.13,1.3375909142889861,0.0,0.14663731930772958,0.2,0.898471779602654,0.43709350491261406,-0.7635058853365653,-0.12241109180721396,0.7826980938621688
2026-01-19,1896.59,1.4444091779096937,0.0,0.1402940921542865,0.2,0.8985881361586477,0.5881851440154805,-0.8121150673412899,-0.0791562930782212,0.7812170419357504
2026-01-20,1893.78,1.0237962976211858,0.0,0.13807959596042685,0.2,0.7566223658295704,0.219444595371849,-0.557516212208803,-0.1263011645499048,0.682616476137786
2026-01-21,1885.44,0.11243093466614935,0.0,0.1645548848498877,0.2,0.23045324406596973,-0.24265844345684504,-0.06800897978788047,-0.25486667471176805,0.3320283009634108
2026-01-22,1882.73,1.193284292334512,0.0,0.16529901784473627,0.2,0.7545992531120901,0.867585231220455,-0.33166535682899323,-0.15474500381699577,0.6805093681336044
2026-01-23,1870.79,-0.5789951639028867,0.0,0.1978932573604593,0.2,0.08626739556507643,-1.140860426506049,0.2436846145678209,-0.31371581624267175,0.2384789670808892
2026-01-26,1843.72,-2.296530165095234,0.0,0.2517174564340327,0.6,-0.9000682075622262,-2.1541643961910535,1.0515628865506899,-0.5408549061226442,-0.41396020174722314
2026-01-27,1830.5,-2.0313226892907963,0.0,0.22418836246238275,0.6,-0.7925943821224818,-1.8779069600492866,0.9819832631426798,-0.5188033013711726,-0.31244571760450485
2026-01-28,1802.91,-2.1508915466566556,0.0,0.20495856613146743,0.6,-0.8629511249539584,-1.9532522906178376,1.0273642933875584,-0.5448759176129748,-0.35584957940249734
2026-01-29,1814.98,-1.592234841021762,0.0,0.19041642039742238,0.6,-0.5520349631071553,-1.5309884207830096,0.8147108645510108,-0.4894659900570134,-0.1548771207664739
2026-01-30,1829.04,-0.7683288587289657,0.0,0.183768764129132,0.2,-0.08983709742658044,-0.8825399007560141,0.5331436500865382,-0.4020913290191378,0.14411898234097878
2026-02-02,1806.5,-0.58681903421731,0.0,0.16470662148272153,0.2,-0.10611186729844083,-0.5883021990147318,0.4764631823748894,-0.3947696962929218,0.20527696276283877
2026-02-03,1813.4,0.451784582620554,0.0,0.16470662148272153,0.6,0.4014135191167365,0.3306719719132986,0.10138259480643769,-0.2929289875172374,0.5509055860272899
2026-02-04,1791.43,0.6725850520323389,0.0,0.16470662148272153,0.6,0.6143141570812466,0.36796265226994396,0.0014550723992240713,-0.2739611069074763,0.6485037507621371
2026-02-05,1782.56,-0.8505010761360172,0.0,0.16470662148272153,0.2,-0.48500165325339084,-0.6051400552354271,0.5214215532845938,-0.45300958480364334,0.14927075309274612
2026-02-06,1755.49,-3.1072299313504788,0.0,0.16470662148272153,0.6,-2.215858928992927,-1.9710587582034702,1.2747760983022443,-0.7069252606422027,-0.5852794873166935
2026-02-09,1754.82,-2.9133536602529166,0.0,0.16470662148272153,0.6,-2.100489764458925,-1.8754392779816254,1.1206210400719425,-0.7042572686942781,-0.5494627363721637
2026-02-10,1754.03,-3.1259446344502044,0.0,0.16470662148272153,0.6,-2.10875238911708,-1.891436937980396,1.2646695449502279,-0.7887138449591783,-0.7782834207780015
